slot,layer,delta,cond,n,success,stay,lp_target,lp_orig,edit_norm,state_norm
A,0,-20,helix,200,0.0949999988079071,0.3199999928474426,-4.170711517333984,-3.07293438911438,1.8555293943842037,5.3937788009643555
A,0,-20,only_T2,200,0.0,1.0,-5.9062724113464355,-0.8076658248901367,0.0,5.3937788009643555
A,0,-20,only_T5,200,0.0,1.0,-5.9062724113464355,-0.8076658248901367,2.95938912934357e-15,5.3937788009643555
A,0,-20,only_T10,200,0.0,1.0,-5.9062724113464355,-0.8076658248901367,1.4780551502897422e-15,5.3937788009643555
A,0,-20,only_T100,200,0.044999998062849045,0.5249999761581421,-4.406251907348633,-2.1972033977508545,1.8017127981326502,5.3937788009643555
A,0,-20,only_lin,200,0.004999999888241291,0.7849999666213989,-5.3617844581604,-1.3554404973983765,0.9721145852764824,5.3937788009643555
A,0,-20,random_orth,200,0.0,0.9799999594688416,-5.867495059967041,-0.824490487575531,1.8555293943842037,5.3937788009643555
A,0,-20,real_diff_in_helix_subspace,200,0.08500000089406967,0.26999998092651367,-4.3873209953308105,-3.418551206588745,1.887473189989392,5.3937788009643555
A,0,-20,full_swap,200,0.9449999928474426,0.0,-0.9235401153564453,-7.355161190032959,4.950270175933838,5.3937788009643555
A,1,-20,helix,200,0.10499999672174454,0.28999999165534973,-4.096186637878418,-3.2021000385284424,1.9181091840361773,6.175239086151123
A,1,-20,only_T2,200,0.0,1.0,-5.9062724113464355,-0.8076658248901367,0.0,6.175239086151123
A,1,-20,only_T5,200,0.0,1.0,-5.9062724113464355,-0.8076658248901367,2.9647493119036855e-15,6.175239086151123
A,1,-20,only_T10,200,0.0,1.0,-5.9062724113464355,-0.8076658248901367,1.4841160208474087e-15,6.175239086151123
A,1,-20,only_T100,200,0.044999998062849045,0.5299999713897705,-4.380110263824463,-2.2072038650512695,1.8309844128832498,6.175239086151123
A,1,-20,only_lin,200,0.004999999888241291,0.7799999713897705,-5.292707443237305,-1.3830137252807617,1.0059819173133562,6.175239086151123
A,1,-20,random_orth,200,0.0,0.949999988079071,-5.90191650390625,-0.8600815534591675,1.9181091840361773,6.175239086151123
A,1,-20,real_diff_in_helix_subspace,200,0.0949999988079071,0.26999998092651367,-4.238311290740967,-3.4054996967315674,1.942103875712732,6.175239086151123
A,1,-20,full_swap,200,0.9399999976158142,0.0,-0.9032689332962036,-7.324005126953125,4.967615127563477,6.175239086151123
A,2,-20,helix,200,0.09999999403953552,0.2800000011920929,-4.110315322875977,-3.198417901992798,2.0008963664697377,7.086845874786377
A,2,-20,only_T2,200,0.0,1.0,-5.9062724113464355,-0.8076658248901367,0.0,7.086845874786377
A,2,-20,only_T5,200,0.0,1.0,-5.9062724113464355,-0.8076658248901367,3.0384946513093846e-15,7.086845874786377
A,2,-20,only_T10,200,0.0,1.0,-5.9062724113464355,-0.8076658248901367,1.5203171797786193e-15,7.086845874786377
A,2,-20,only_T100,200,0.044999998062849045,0.5399999618530273,-4.3731184005737305,-2.225482940673828,1.8968848145260497,7.086845874786377
A,2,-20,only_lin,200,0.004999999888241291,0.7899999618530273,-5.298157691955566,-1.385589361190796,1.0753633956746675,7.086845874786377
A,2,-20,random_orth,200,0.0,0.9950000047683716,-5.884693622589111,-0.8158419728279114,2.0008963664697377,7.086845874786377
A,2,-20,real_diff_in_helix_subspace,200,0.10499999672174454,0.28999999165534973,-4.206793308258057,-3.3306548595428467,2.0258168482133097,7.086845874786377
A,2,-20,full_swap,200,0.949999988079071,0.0,-0.9211942553520203,-7.291237831115723,5.0369038581848145,7.086845874786377
A,3,-20,helix,200,0.125,0.2800000011920929,-4.094225883483887,-3.2737677097320557,2.2579274121858903,8.437633514404297
A,3,-20,only_T2,200,0.0,1.0,-5.9062724113464355,-0.8076658248901367,0.0,8.437633514404297
A,3,-20,only_T5,200,0.0,1.0,-5.9062724113464355,-0.8076658248901367,3.416807416972272e-15,8.437633514404297
A,3,-20,only_T10,200,0.0,1.0,-5.9062724113464355,-0.8076658248901367,1.7824448376626936e-15,8.437633514404297
A,3,-20,only_T100,200,0.04999999701976776,0.5149999856948853,-4.34306001663208,-2.251919746398926,2.1192218066684028,8.437633514404297
A,3,-20,only_lin,200,0.0,0.7799999713897705,-5.314347267150879,-1.4176968336105347,1.204201119543962,8.437633514404297
A,3,-20,random_orth,200,0.0,0.9649999737739563,-5.873714447021484,-0.8289452791213989,2.2579274121858903,8.437633514404297
A,3,-20,real_diff_in_helix_subspace,200,0.125,0.29999998211860657,-4.1250128746032715,-3.330693483352661,2.324292306647564,8.437633514404297
A,3,-20,full_swap,200,0.9199999570846558,0.0,-0.9206216335296631,-7.285638332366943,5.477282524108887,8.437633514404297
A,4,-20,helix,200,0.10499999672174454,0.26999998092651367,-4.105820178985596,-3.1771440505981445,2.4055628803904923,9.349143981933594
A,4,-20,only_T2,200,0.0,1.0,-5.9062724113464355,-0.8076658248901367,0.0,9.349143981933594
A,4,-20,only_T5,200,0.0,1.0,-5.9062724113464355,-0.8076658248901367,3.5456295297033497e-15,9.349143981933594
A,4,-20,only_T10,200,0.0,1.0,-5.9062724113464355,-0.8076658248901367,1.8490103896551684e-15,9.349143981933594
A,4,-20,only_T100,200,0.03999999910593033,0.5349999666213989,-4.378904342651367,-2.206843137741089,2.223920106884245,9.349143981933594
A,4,-20,only_lin,200,0.0,0.7899999618530273,-5.372781753540039,-1.3572090864181519,1.3179668958436377,9.349143981933594
A,4,-20,random_orth,200,0.0,0.9599999785423279,-5.890646457672119,-0.8350640535354614,2.4055628803904923,9.349143981933594
A,4,-20,real_diff_in_helix_subspace,200,0.10499999672174454,0.3050000071525574,-4.120972156524658,-3.213855266571045,2.479456606982981,9.349143981933594
A,4,-20,full_swap,200,0.9199999570846558,0.0,-0.9285978674888611,-7.240954399108887,5.72578239440918,9.349143981933594
A,5,-20,helix,200,0.10499999672174454,0.2849999964237213,-4.097970485687256,-3.14654541015625,2.5863256395796674,10.171000480651855
A,5,-20,only_T2,200,0.0,1.0,-5.9062724113464355,-0.8076658248901367,0.0,10.171000480651855
A,5,-20,only_T5,200,0.0,1.0,-5.9062724113464355,-0.8076658248901367,3.788169936166586e-15,10.171000480651855
A,5,-20,only_T10,200,0.0,1.0,-5.9062724113464355,-0.8076658248901367,1.941182418493723e-15,10.171000480651855
A,5,-20,only_T100,200,0.044999998062849045,0.5349999666213989,-4.387664794921875,-2.1692492961883545,2.351086385580977,10.171000480651855
A,5,-20,only_lin,200,0.004999999888241291,0.7799999713897705,-5.359638690948486,-1.3963991403579712,1.4453083803041633,10.171000480651855
A,5,-20,random_orth,200,0.0,0.98499995470047,-5.87053918838501,-0.8376487493515015,2.5863256395796674,10.171000480651855
A,5,-20,real_diff_in_helix_subspace,200,0.10999999940395355,0.28999999165534973,-4.111937522888184,-3.146904230117798,2.684667781721881,10.171000480651855
A,5,-20,full_swap,200,0.8999999761581421,0.0,-0.9449629187583923,-7.190408706665039,6.0438313484191895,10.171000480651855
A,6,-20,helix,200,0.09999999403953552,0.3050000071525574,-4.098024368286133,-3.1131978034973145,2.7611296530632035,11.268742561340332
A,6,-20,only_T2,200,0.0,1.0,-5.9062724113464355,-0.8076658248901367,0.0,11.268742561340332
A,6,-20,only_T5,200,0.0,1.0,-5.9062724113464355,-0.8076658248901367,4.1704645574549946e-15,11.268742561340332
A,6,-20,only_T10,200,0.0,1.0,-5.9062724113464355,-0.8076658248901367,2.0000791868898572e-15,11.268742561340332
A,6,-20,only_T100,200,0.03500000014901161,0.5600000023841858,-4.392630100250244,-2.1568374633789062,2.494513806127569,11.268742561340332
A,6,-20,only_lin,200,0.0,0.7899999618530273,-5.360353946685791,-1.3868558406829834,1.551127527571669,11.268742561340332
A,6,-20,random_orth,200,0.0,0.9799999594688416,-5.878581523895264,-0.8221403360366821,2.7611296530632035,11.268742561340332
A,6,-20,real_diff_in_helix_subspace,200,0.10499999672174454,0.3199999928474426,-4.109527587890625,-3.1242547035217285,2.903792618892727,11.268742561340332
A,6,-20,full_swap,200,0.8999999761581421,0.0,-0.9445891976356506,-7.172404766082764,6.351675987243652,11.268742561340332
A,7,-20,helix,200,0.11499999463558197,0.3149999976158142,-4.092008113861084,-3.0820393562316895,2.891428406936758,11.920266151428223
A,7,-20,only_T2,200,0.0,1.0,-5.9062724113464355,-0.8076658248901367,0.0,11.920266151428223
A,7,-20,only_T5,200,0.0,1.0,-5.9062724113464355,-0.8076658248901367,4.266007422133029e-15,11.920266151428223
A,7,-20,only_T10,200,0.0,1.0,-5.9062724113464355,-0.8076658248901367,2.0517284087478886e-15,11.920266151428223
A,7,-20,only_T100,200,0.03999999910593033,0.5550000071525574,-4.382979869842529,-2.155959367752075,2.615774438855421,11.920266151428223
A,7,-20,only_lin,200,0.0,0.7849999666213989,-5.363196849822998,-1.3808212280273438,1.5960870235606563,11.920266151428223
A,7,-20,random_orth,200,0.0,0.9749999642372131,-5.882370471954346,-0.8169081807136536,2.8914284069367584,11.920266151428223
A,7,-20,real_diff_in_helix_subspace,200,0.11499999463558197,0.3100000023841858,-4.077192306518555,-3.1054930686950684,3.070403220163638,11.920266151428223
A,7,-20,full_swap,200,0.9049999713897705,0.0,-0.9306193590164185,-7.158310413360596,6.525447845458984,11.920266151428223
A,8,-20,helix,200,0.08500000089406967,0.3199999928474426,-4.133472919464111,-2.9646801948547363,2.972392446352952,12.5222806930542
A,8,-20,only_T2,200,0.0,1.0,-5.9062724113464355,-0.8076658248901367,0.0,12.5222806930542
A,8,-20,only_T5,200,0.0,1.0,-5.9062724113464355,-0.8076658248901367,4.44583656700152e-15,12.5222806930542
A,8,-20,only_T10,200,0.0,1.0,-5.9062724113464355,-0.8076658248901367,2.1286712230787925e-15,12.5222806930542
A,8,-20,only_T100,200,0.02499999850988388,0.5699999928474426,-4.439551830291748,-2.0867767333984375,2.6939574572014964,12.5222806930542
A,8,-20,only_lin,200,0.004999999888241291,0.8050000071525574,-5.381904125213623,-1.335999608039856,1.6594254487712772,12.5222806930542
A,8,-20,random_orth,200,0.0,0.9799999594688416,-5.881602764129639,-0.818488359451294,2.972392446352953,12.5222806930542
A,8,-20,real_diff_in_helix_subspace,200,0.10499999672174454,0.32999998331069946,-4.109684467315674,-3.0101778507232666,3.1751991735528264,12.5222806930542
A,8,-20,full_swap,200,0.8849999904632568,0.0,-0.9530943036079407,-7.115744590759277,6.729961395263672,12.5222806930542
A,9,-20,helix,200,0.08500000089406967,0.32499998807907104,-4.1372904777526855,-2.960402488708496,2.9716045818270014,12.852673530578613
A,9,-20,only_T2,200,0.0,1.0,-5.9062724113464355,-0.8076658248901367,0.0,12.852673530578613
A,9,-20,only_T5,200,0.0,1.0,-5.9062724113464355,-0.8076658248901367,4.49985214611823e-15,12.852673530578613
A,9,-20,only_T10,200,0.0,1.0,-5.9062724113464355,-0.8076658248901367,2.1463502455216404e-15,12.852673530578613
A,9,-20,only_T100,200,0.02499999850988388,0.5649999976158142,-4.434947490692139,-2.1034979820251465,2.693944715454262,12.852673530578613
A,9,-20,only_lin,200,0.004999999888241291,0.8050000071525574,-5.3808135986328125,-1.334218978881836,1.6539784394097448,12.852673530578613
A,9,-20,random_orth,200,0.0,0.9749999642372131,-5.881762981414795,-0.8148431777954102,2.9716045818270014,12.852673530578613
A,9,-20,real_diff_in_helix_subspace,200,0.10499999672174454,0.3449999988079071,-4.108166694641113,-3.018500566482544,3.2033493508402757,12.852673530578613
A,9,-20,full_swap,200,0.8899999856948853,0.0,-0.9481943845748901,-7.135141372680664,6.734087944030762,12.852673530578613
A,10,-20,helix,200,0.08500000089406967,0.3199999928474426,-4.13167142868042,-2.953754186630249,3.0215739563709896,13.490581512451172
A,10,-20,only_T2,200,0.0,1.0,-5.9062724113464355,-0.8076658248901367,0.0,13.490581512451172
A,10,-20,only_T5,200,0.0,1.0,-5.9062724113464355,-0.8076658248901367,4.748548041661809e-15,13.490581512451172
A,10,-20,only_T10,200,0.0,1.0,-5.9062724113464355,-0.8076658248901367,2.2974498914710736e-15,13.490581512451172
A,10,-20,only_T100,200,0.02499999850988388,0.5649999976158142,-4.431175231933594,-2.1030261516571045,2.724123568173697,13.490581512451172
A,10,-20,only_lin,200,0.004999999888241291,0.8100000023841858,-5.383476257324219,-1.3321932554244995,1.681834636403897,13.490581512451172
A,10,-20,random_orth,200,0.0,0.9749999642372131,-5.905557155609131,-0.8198588490486145,3.0215739563709905,13.490581512451172
A,10,-20,real_diff_in_helix_subspace,200,0.10999999940395355,0.3499999940395355,-4.126705646514893,-3.0053083896636963,3.263710813173608,13.490581512451172
A,10,-20,full_swap,200,0.8899999856948853,0.0,-0.9475521445274353,-7.136276721954346,6.873891830444336,13.490581512451172
A,11,-20,helix,200,0.08500000089406967,0.3449999988079071,-4.140686511993408,-2.9479939937591553,3.0943037486654044,14.060815811157227
A,11,-20,only_T2,200,0.0,1.0,-5.9062724113464355,-0.8076658248901367,0.0,14.060815811157227
A,11,-20,only_T5,200,0.0,1.0,-5.9062724113464355,-0.8076658248901367,5.07473243112012e-15,14.060815811157227
A,11,-20,only_T10,200,0.0,1.0,-5.9062724113464355,-0.8076658248901367,2.4864376086365674e-15,14.060815811157227
A,11,-20,only_T100,200,0.02499999850988388,0.5649999976158142,-4.434479713439941,-2.0949840545654297,2.7801225693818914,14.060815811157227
A,11,-20,only_lin,200,0.0,0.7899999618530273,-5.381979942321777,-1.343432903289795,1.7476876191175246,14.060815811157227
A,11,-20,random_orth,200,0.0,0.98499995470047,-5.890830039978027,-0.8151572942733765,3.0943037486654044,14.060815811157227
A,11,-20,real_diff_in_helix_subspace,200,0.11499999463558197,0.32499998807907104,-4.143265247344971,-3.01212739944458,3.338525600751238,14.060815811157227
A,11,-20,full_swap,200,0.8899999856948853,0.0,-0.9401742815971375,-7.153090476989746,7.031914234161377,14.060815811157227
A,12,-20,helix,200,0.07999999821186066,0.32499998807907104,-4.155686855316162,-2.894859552383423,3.172552106271813,14.338597297668457
A,12,-20,only_T2,200,0.0,1.0,-5.9062724113464355,-0.8076658248901367,0.0,14.338597297668457
A,12,-20,only_T5,200,0.0,1.0,-5.9062724113464355,-0.8076658248901367,5.625114129524991e-15,14.338597297668457
A,12,-20,only_T10,200,0.0,1.0,-5.9062724113464355,-0.8076658248901367,2.765152285544293e-15,14.338597297668457
A,12,-20,only_T100,200,0.029999999329447746,0.5550000071525574,-4.443718910217285,-2.085158109664917,2.8702475627869397,14.338597297668457
A,12,-20,only_lin,200,0.004999999888241291,0.7899999618530273,-5.385197639465332,-1.3323478698730469,1.764064498972157,14.338597297668457
A,12,-20,random_orth,200,0.0,0.9899999499320984,-5.899981498718262,-0.8134120106697083,3.172552106271813,14.338597297668457
A,12,-20,real_diff_in_helix_subspace,200,0.09999999403953552,0.3499999940395355,-4.175334930419922,-2.936846971511841,3.3644961277239123,14.338597297668457
A,12,-20,full_swap,200,0.8899999856948853,0.0,-0.9346069097518921,-7.15410852432251,7.247506141662598,14.338597297668457
A,13,-20,helix,200,0.07999999821186066,0.32999998331069946,-4.157729625701904,-2.930011034011841,3.408962911358829,15.377137184143066
A,13,-20,only_T2,200,0.0,1.0,-5.9062724113464355,-0.8076658248901367,0.0,15.377137184143066
A,13,-20,only_T5,200,0.0,1.0,-5.9062724113464355,-0.8076658248901367,5.984039710366846e-15,15.377137184143066
A,13,-20,only_T10,200,0.0,1.0,-5.9062724113464355,-0.8076658248901367,2.9645717961613555e-15,15.377137184143066
A,13,-20,only_T100,200,0.02499999850988388,0.550000011920929,-4.422692775726318,-2.1421217918395996,3.0745398543325098,15.377137184143066
A,13,-20,only_lin,200,0.009999999776482582,0.7899999618530273,-5.377241134643555,-1.3488552570343018,1.8695749212472492,15.377137184143066
A,13,-20,random_orth,200,0.0,0.98499995470047,-5.887631893157959,-0.8284858465194702,3.408962911358829,15.377137184143066
A,13,-20,real_diff_in_helix_subspace,200,0.10999999940395355,0.35999998450279236,-4.150652885437012,-2.9796078205108643,3.651844738762635,15.377137184143066
A,13,-20,full_swap,200,0.8949999809265137,0.0,-0.9350256323814392,-7.14692497253418,7.707828521728516,15.377137184143066
A,14,-20,helix,200,0.054999999701976776,0.38999998569488525,-4.225986957550049,-2.767808198928833,3.483129155301795,15.643083572387695
A,14,-20,only_T2,200,0.0,1.0,-5.9062724113464355,-0.8076658248901367,0.0,15.643083572387695
A,14,-20,only_T5,200,0.0,1.0,-5.9062724113464355,-0.8076658248901367,6.0606679321762285e-15,15.643083572387695
A,14,-20,only_T10,200,0.0,1.0,-5.9062724113464355,-0.8076658248901367,3.0203163986982545e-15,15.643083572387695
A,14,-20,only_T100,200,0.02499999850988388,0.5649999976158142,-4.472161293029785,-2.093261480331421,3.157736056114546,15.643083572387695
A,14,-20,only_lin,200,0.009999999776482582,0.7949999570846558,-5.402681827545166,-1.329270601272583,1.8882304298661687,15.643083572387695
A,14,-20,random_orth,200,0.0,0.9749999642372131,-5.887061595916748,-0.8276795744895935,3.483129155301795,15.643083572387695
A,14,-20,real_diff_in_helix_subspace,200,0.07000000029802322,0.3999999761581421,-4.254336833953857,-2.785762310028076,3.7397528326345606,15.643083572387695
A,14,-20,full_swap,200,0.8849999904632568,0.0,-0.9899693727493286,-6.9729743003845215,7.84309196472168,15.643083572387695
A,15,-20,helix,200,0.054999999701976776,0.38499999046325684,-4.252007484436035,-2.699760675430298,3.8983860931917302,16.940876007080078
A,15,-20,only_T2,200,0.0,1.0,-5.9062724113464355,-0.8076658248901367,0.0,16.940876007080078
A,15,-20,only_T5,200,0.0,1.0,-5.9062724113464355,-0.8076658248901367,6.321346334120511e-15,16.940876007080078
A,15,-20,only_T10,200,0.0,1.0,-5.9062724113464355,-0.8076658248901367,3.1694937930050767e-15,16.940876007080078
A,15,-20,only_T100,200,0.02499999850988388,0.5450000166893005,-4.453977108001709,-2.1111161708831787,3.504894337471381,16.940876007080078
A,15,-20,only_lin,200,0.004999999888241291,0.7949999570846558,-5.397122859954834,-1.3247528076171875,2.1502692969094284,16.940876007080078
A,15,-20,random_orth,200,0.0,0.9950000047683716,-5.890281677246094,-0.8227105736732483,3.8983860931917302,16.940876007080078
A,15,-20,real_diff_in_helix_subspace,200,0.07499999552965164,0.429999977350235,-4.290427207946777,-2.6836349964141846,4.164757964894195,16.940876007080078
A,15,-20,full_swap,200,0.8849999904632568,0.0,-0.9896203875541687,-6.97398567199707,8.395606994628906,16.940876007080078
A,16,-20,helix,200,0.03500000014901161,0.3999999761581421,-4.360311985015869,-2.6763224601745605,4.768770950560708,18.613441467285156
A,16,-20,only_T2,200,0.0,1.0,-5.9062724113464355,-0.8076658248901367,0.0,18.613441467285156
A,16,-20,only_T5,200,0.0,1.0,-5.9062724113464355,-0.8076658248901367,7.790966450816758e-15,18.613441467285156
A,16,-20,only_T10,200,0.0,1.0,-5.9062724113464355,-0.8076658248901367,4.0276523044721616e-15,18.613441467285156
A,16,-20,only_T100,200,0.019999999552965164,0.5349999666213989,-4.495349407196045,-2.1437108516693115,4.31300256897392,18.613441467285156
A,16,-20,only_lin,200,0.009999999776482582,0.7999999523162842,-5.426896095275879,-1.3296880722045898,2.5127033828388146,18.613441467285156
A,16,-20,random_orth,200,0.0,0.9799999594688416,-5.8662872314453125,-0.8319452404975891,4.768770950560709,18.613441467285156
A,16,-20,real_diff_in_helix_subspace,200,0.05999999865889549,0.3499999940395355,-4.298655986785889,-2.83229923248291,5.084455537270528,18.613441467285156
A,16,-20,full_swap,200,0.8849999904632568,0.0,-0.9942631125450134,-6.978202819824219,10.631543159484863,18.613441467285156
A,17,-20,helix,200,0.019999999552965164,0.5349999666213989,-4.596883296966553,-2.2175674438476562,5.348842428828475,21.20830726623535
A,17,-20,only_T2,200,0.0,1.0,-5.9062724113464355,-0.8076658248901367,0.0,21.20830726623535
A,17,-20,only_T5,200,0.0,1.0,-5.9062724113464355,-0.8076658248901367,8.444892813321164e-15,21.20830726623535
A,17,-20,only_T10,200,0.0,1.0,-5.9062724113464355,-0.8076658248901367,4.43527119362188e-15,21.20830726623535
A,17,-20,only_T100,200,0.0,0.6499999761581421,-4.712985515594482,-1.8448647260665894,4.90828199168393,21.20830726623535
A,17,-20,only_lin,200,0.0,0.8399999737739563,-5.540361404418945,-1.1668013334274292,2.8145811452877787,21.20830726623535
A,17,-20,random_orth,200,0.0,0.9749999642372131,-5.874998092651367,-0.8371806740760803,5.348842428828475,21.20830726623535
A,17,-20,real_diff_in_helix_subspace,200,0.029999999329447746,0.5049999952316284,-4.581020355224609,-2.35681414604187,5.687063721320162,21.20830726623535
A,17,-20,full_swap,200,0.7599999904632568,0.029999999329447746,-1.373391032218933,-6.313560485839844,11.9114990234375,21.20830726623535
A,18,-20,helix,200,0.019999999552965164,0.5849999785423279,-4.661477088928223,-2.092890977859497,5.61219876937598,24.005022048950195
A,18,-20,only_T2,200,0.0,1.0,-5.9062724113464355,-0.8076658248901367,0.0,24.005022048950195
A,18,-20,only_T5,200,0.0,1.0,-5.9062724113464355,-0.8076658248901367,8.93831182351774e-15,24.005022048950195
A,18,-20,only_T10,200,0.0,1.0,-5.9062724113464355,-0.8076658248901367,4.638301744667974e-15,24.005022048950195
A,18,-20,only_T100,200,0.004999999888241291,0.6649999618530273,-4.748269081115723,-1.7925585508346558,5.187627163402872,24.005022048950195
A,18,-20,only_lin,200,0.0,0.875,-5.577545166015625,-1.1156234741210938,2.9383810893517137,24.005022048950195
A,18,-20,random_orth,200,0.0,0.9649999737739563,-5.878266334533691,-0.8512391448020935,5.61219876937598,24.005022048950195
A,18,-20,real_diff_in_helix_subspace,200,0.019999999552965164,0.5799999833106995,-4.668054580688477,-2.2300193309783936,5.973527353235406,24.005022048950195
A,18,-20,full_swap,200,0.7400000095367432,0.044999998062849045,-1.494618535041809,-6.11497688293457,12.587141990661621,24.005022048950195
A,19,-20,helix,200,0.0,0.9699999690055847,-5.753533840179443,-0.8912350535392761,6.445513018875491,26.850454330444336
A,19,-20,only_T2,200,0.0,1.0,-5.9062724113464355,-0.8076658248901367,0.0,26.850454330444336
A,19,-20,only_T5,200,0.0,1.0,-5.9062724113464355,-0.8076658248901367,1.0143314421237759e-14,26.850454330444336
A,19,-20,only_T10,200,0.0,1.0,-5.9062724113464355,-0.8076658248901367,5.223941179920382e-15,26.850454330444336
A,19,-20,only_T100,200,0.0,0.9699999690055847,-5.786661624908447,-0.8557774424552917,5.883424004041317,26.850454330444336
A,19,-20,only_lin,200,0.0,1.0,-5.8705735206604,-0.8377476334571838,3.4731829341687033,26.850454330444336
A,19,-20,random_orth,200,0.0,1.0,-5.901651382446289,-0.81134033203125,6.445513018875492,26.850454330444336
A,19,-20,real_diff_in_helix_subspace,200,0.0,0.9699999690055847,-5.754427433013916,-0.8948489427566528,6.823975348464175,26.850454330444336
A,19,-20,full_swap,200,0.004999999888241291,0.9149999618530273,-5.333827972412109,-1.0155670642852783,13.966333389282227,26.850454330444336
A,20,-20,helix,200,0.0,0.9699999690055847,-5.755460262298584,-0.8948220610618591,7.488909878402441,29.235063552856445
A,20,-20,only_T2,200,0.0,1.0,-5.9062724113464355,-0.8076658248901367,0.0,29.235063552856445
A,20,-20,only_T5,200,0.0,1.0,-5.9062724113464355,-0.8076658248901367,1.1357152283657475e-14,29.235063552856445
A,20,-20,only_T10,200,0.0,1.0,-5.9062724113464355,-0.8076658248901367,5.789506887320123e-15,29.235063552856445
A,20,-20,only_T100,200,0.0,0.9749999642372131,-5.7854509353637695,-0.8594191074371338,6.769694778257964,29.235063552856445
A,20,-20,only_lin,200,0.0,1.0,-5.865625858306885,-0.8448883891105652,3.9653741169324017,29.235063552856445
A,20,-20,random_orth,200,0.0,0.9950000047683716,-5.902791500091553,-0.8129022717475891,7.488909878402441,29.235063552856445
A,20,-20,real_diff_in_helix_subspace,200,0.0,0.9699999690055847,-5.7528510093688965,-0.9012560844421387,7.9593851638463295,29.235063552856445
A,20,-20,full_swap,200,0.009999999776482582,0.9249999523162842,-5.378838539123535,-1.0005549192428589,15.821249961853027,29.235063552856445
A,21,-20,helix,200,0.0,0.9899999499320984,-5.859452247619629,-0.8409777879714966,8.303006885417512,31.222089767456055
A,21,-20,only_T2,200,0.0,1.0,-5.9062724113464355,-0.8076658248901367,0.0,31.222089767456055
A,21,-20,only_T5,200,0.0,1.0,-5.9062724113464355,-0.8076658248901367,1.2028617627490433e-14,31.222089767456055
A,21,-20,only_T10,200,0.0,1.0,-5.9062724113464355,-0.8076658248901367,6.117527207082239e-15,31.222089767456055
A,21,-20,only_T100,200,0.0,0.98499995470047,-5.870718479156494,-0.822144627571106,7.524606325378329,31.222089767456055
A,21,-20,only_lin,200,0.0,1.0,-5.886276721954346,-0.8284921646118164,4.268828876206997,31.222089767456055
A,21,-20,random_orth,200,0.0,0.9950000047683716,-5.9037909507751465,-0.8054327368736267,8.303006885417512,31.222089767456055
A,21,-20,real_diff_in_helix_subspace,200,0.0,0.98499995470047,-5.8568339347839355,-0.8412100076675415,8.971502338865065,31.222089767456055
A,21,-20,full_swap,200,0.0,0.9899999499320984,-5.799686908721924,-0.8307608366012573,17.323955535888672,31.222089767456055
A,22,-20,helix,200,0.0,0.9950000047683716,-5.853421688079834,-0.8250446915626526,8.963405679354564,32.8823127746582
A,22,-20,only_T2,200,0.0,1.0,-5.9062724113464355,-0.8076658248901367,0.0,32.8823127746582
A,22,-20,only_T5,200,0.0,1.0,-5.9062724113464355,-0.8076658248901367,1.2745639454962773e-14,32.8823127746582
A,22,-20,only_T10,200,0.0,1.0,-5.9062724113464355,-0.8076658248901367,6.454731015613495e-15,32.8823127746582
A,22,-20,only_T100,200,0.0,0.9899999499320984,-5.872282981872559,-0.8234098553657532,8.144865073018828,32.8823127746582
A,22,-20,only_lin,200,0.0,1.0,-5.877930641174316,-0.8135185241699219,4.589573547801052,32.8823127746582
A,22,-20,random_orth,200,0.0,1.0,-5.904458999633789,-0.8112852573394775,8.963405679354564,32.8823127746582
A,22,-20,real_diff_in_helix_subspace,200,0.0,0.9950000047683716,-5.849487781524658,-0.8293754458427429,9.676637164811828,32.8823127746582
A,22,-20,full_swap,200,0.0,0.98499995470047,-5.79185676574707,-0.8234482407569885,18.530847549438477,32.8823127746582
A,23,-20,helix,200,0.0,0.9950000047683716,-5.899722576141357,-0.8189689517021179,9.60286734430919,34.41201400756836
A,23,-20,only_T2,200,0.0,1.0,-5.9062724113464355,-0.8076658248901367,0.0,34.41201400756836
A,23,-20,only_T5,200,0.0,1.0,-5.9062724113464355,-0.8076658248901367,1.3466119979248919e-14,34.41201400756836
A,23,-20,only_T10,200,0.0,1.0,-5.9062724113464355,-0.8076658248901367,6.808478566306101e-15,34.41201400756836
A,23,-20,only_T100,200,0.0,0.9899999499320984,-5.908270359039307,-0.8202236890792847,8.733511201755709,34.41201400756836
A,23,-20,only_lin,200,0.0,1.0,-5.90172004699707,-0.8108980655670166,4.88277718013115,34.41201400756836
A,23,-20,random_orth,200,0.0,1.0,-5.902962684631348,-0.8102290034294128,9.60286734430919,34.41201400756836
A,23,-20,real_diff_in_helix_subspace,200,0.0,0.9899999499320984,-5.895710468292236,-0.8229992985725403,10.465410783222946,34.41201400756836
A,23,-20,full_swap,200,0.0,0.98499995470047,-5.876187801361084,-0.8154913783073425,19.88587760925293,34.41201400756836
A,24,-20,helix,200,0.0,1.0,-5.908193111419678,-0.8082125782966614,10.108524320878708,35.791927337646484
A,24,-20,only_T2,200,0.0,1.0,-5.9062724113464355,-0.8076658248901367,0.0,35.791927337646484
A,24,-20,only_T5,200,0.0,1.0,-5.9062724113464355,-0.8076658248901367,1.4137292884290938e-14,35.791927337646484
A,24,-20,only_T10,200,0.0,1.0,-5.9062724113464355,-0.8076658248901367,7.094891824403857e-15,35.791927337646484
A,24,-20,only_T100,200,0.0,0.9950000047683716,-5.924951076507568,-0.8061156868934631,9.19265992428238,35.791927337646484
A,24,-20,only_lin,200,0.0,1.0,-5.894880771636963,-0.8091409206390381,5.1272991596046475,35.791927337646484
A,24,-20,random_orth,200,0.0,1.0,-5.905801773071289,-0.8077775239944458,10.108524320878708,35.791927337646484
A,24,-20,real_diff_in_helix_subspace,200,0.0,0.9950000047683716,-5.905232906341553,-0.8101440072059631,11.099747630328967,35.791927337646484
A,24,-20,full_swap,200,0.0,0.9950000047683716,-5.912105083465576,-0.8008619546890259,21.010295867919922,35.791927337646484
A,25,-20,helix,200,0.0,0.9950000047683716,-5.8966193199157715,-0.8126935958862305,10.696891499133594,37.41071701049805
A,25,-20,only_T2,200,0.0,1.0,-5.9062724113464355,-0.8076658248901367,0.0,37.41071701049805
A,25,-20,only_T5,200,0.0,1.0,-5.9062724113464355,-0.8076658248901367,1.4819648737939256e-14,37.41071701049805
A,25,-20,only_T10,200,0.0,1.0,-5.9062724113464355,-0.8076658248901367,7.393731990487864e-15,37.41071701049805
A,25,-20,only_T100,200,0.0,0.9950000047683716,-5.91569185256958,-0.8100472688674927,9.737113188437524,37.41071701049805
A,25,-20,only_lin,200,0.0,1.0,-5.891785621643066,-0.8108841776847839,5.3901286282838905,37.41071701049805
A,25,-20,random_orth,200,0.0,1.0,-5.906097888946533,-0.8110360503196716,10.696891499133594,37.41071701049805
A,25,-20,real_diff_in_helix_subspace,200,0.0,0.9950000047683716,-5.891899108886719,-0.8125567436218262,11.888491843801635,37.41071701049805
A,25,-20,full_swap,200,0.0,0.9950000047683716,-5.902581214904785,-0.8058428168296814,22.352523803710938,37.41071701049805
A,26,-20,helix,200,0.0,1.0,-5.8885416984558105,-0.8137779235839844,11.093448529969814,38.720237731933594
A,26,-20,only_T2,200,0.0,1.0,-5.9062724113464355,-0.8076658248901367,0.0,38.720237731933594
A,26,-20,only_T5,200,0.0,1.0,-5.9062724113464355,-0.8076658248901367,1.531629229481202e-14,38.720237731933594
A,26,-20,only_T10,200,0.0,1.0,-5.9062724113464355,-0.8076658248901367,7.67962155207518e-15,38.720237731933594
A,26,-20,only_T100,200,0.0,1.0,-5.903380393981934,-0.8103665113449097,10.108344523690555,38.720237731933594
A,26,-20,only_lin,200,0.0,1.0,-5.89411735534668,-0.8123170137405396,5.584246506559749,38.720237731933594
A,26,-20,random_orth,200,0.0,1.0,-5.902980804443359,-0.8094756603240967,11.093448529969814,38.720237731933594
A,26,-20,real_diff_in_helix_subspace,200,0.0,1.0,-5.887510776519775,-0.8151171803474426,12.367839105069486,38.720237731933594
A,26,-20,full_swap,200,0.0,0.9950000047683716,-5.891859531402588,-0.8075828552246094,23.297279357910156,38.720237731933594
A,27,-20,helix,200,0.0,1.0,-5.8931708335876465,-0.8121126890182495,11.588701620828497,40.78850555419922
A,27,-20,only_T2,200,0.0,1.0,-5.9062724113464355,-0.8076658248901367,0.0,40.78850555419922
A,27,-20,only_T5,200,0.0,1.0,-5.9062724113464355,-0.8076658248901367,1.59521020857867e-14,40.78850555419922
A,27,-20,only_T10,200,0.0,1.0,-5.9062724113464355,-0.8076658248901367,7.957487423981551e-15,40.78850555419922
A,27,-20,only_T100,200,0.0,1.0,-5.905397891998291,-0.8104932904243469,10.545907641642696,40.78850555419922
A,27,-20,only_lin,200,0.0,1.0,-5.8961992263793945,-0.8105908036231995,5.795604887895256,40.78850555419922
A,27,-20,random_orth,200,0.0,1.0,-5.906716823577881,-0.8078311085700989,11.588701620828497,40.78850555419922
A,27,-20,real_diff_in_helix_subspace,200,0.0,1.0,-5.891407489776611,-0.8127809762954712,13.040855888103147,40.78850555419922
A,27,-20,full_swap,200,0.0,0.9950000047683716,-5.8925347328186035,-0.8069625496864319,24.458301544189453,40.78850555419922
A,28,-20,helix,200,0.0,1.0,-5.894794940948486,-0.8111359477043152,11.96668738893627,42.769378662109375
A,28,-20,only_T2,200,0.0,1.0,-5.9062724113464355,-0.8076658248901367,0.0,42.769378662109375
A,28,-20,only_T5,200,0.0,1.0,-5.9062724113464355,-0.8076658248901367,1.647710884391495e-14,42.769378662109375
A,28,-20,only_T10,200,0.0,1.0,-5.9062724113464355,-0.8076658248901367,8.256233682202737e-15,42.769378662109375
A,28,-20,only_T100,200,0.0,1.0,-5.9057297706604,-0.8100757598876953,10.888385609079196,42.769378662109375
A,28,-20,only_lin,200,0.0,1.0,-5.89838171005249,-0.8098672032356262,5.955866544547807,42.769378662109375
A,28,-20,random_orth,200,0.0,1.0,-5.906589984893799,-0.8070458173751831,11.96668738893627,42.769378662109375
A,28,-20,real_diff_in_helix_subspace,200,0.0,1.0,-5.894566059112549,-0.8112665414810181,13.567198336395066,42.769378662109375
A,28,-20,full_swap,200,0.0,0.9950000047683716,-5.8941826820373535,-0.8078680038452148,25.454204559326172,42.769378662109375
A,29,-20,helix,200,0.0,1.0,-5.893877029418945,-0.8140319585800171,12.460572269782988,45.617671966552734
A,29,-20,only_T2,200,0.0,1.0,-5.9062724113464355,-0.8076658248901367,0.0,45.617671966552734
A,29,-20,only_T5,200,0.0,1.0,-5.9062724113464355,-0.8076658248901367,1.7152784063067456e-14,45.617671966552734
A,29,-20,only_T10,200,0.0,1.0,-5.9062724113464355,-0.8076658248901367,8.546494295495701e-15,45.617671966552734
A,29,-20,only_T100,200,0.0,1.0,-5.9047532081604,-0.8092156052589417,11.331217489470196,45.617671966552734
A,29,-20,only_lin,200,0.0,1.0,-5.898762226104736,-0.8131610155105591,6.229556732082999,45.617671966552734
A,29,-20,random_orth,200,0.0,1.0,-5.906285762786865,-0.8069982528686523,12.46057226978299,45.617671966552734
A,29,-20,real_diff_in_helix_subspace,200,0.0,1.0,-5.894376277923584,-0.8140050172805786,14.230463767042043,45.617671966552734
A,29,-20,full_swap,200,0.0,1.0,-5.893424987792969,-0.8096452355384827,26.615976333618164,45.617671966552734
A,30,-20,helix,200,0.0,1.0,-5.896042346954346,-0.8132595419883728,13.087671887014316,56.010860443115234
A,30,-20,only_T2,200,0.0,1.0,-5.9062724113464355,-0.8076658248901367,0.0,56.010860443115234
A,30,-20,only_T5,200,0.0,1.0,-5.9062724113464355,-0.8076658248901367,1.7976053325401896e-14,56.010860443115234
A,30,-20,only_T10,200,0.0,1.0,-5.9062724113464355,-0.8076658248901367,8.824233897200896e-15,56.010860443115234
A,30,-20,only_T100,200,0.0,1.0,-5.908811569213867,-0.8094921708106995,11.892707546070014,56.010860443115234
A,30,-20,only_lin,200,0.0,1.0,-5.89850378036499,-0.8118489384651184,6.531591736017946,56.010860443115234
A,30,-20,random_orth,200,0.0,1.0,-5.907865047454834,-0.8071185946464539,13.087671887014316,56.010860443115234
A,30,-20,real_diff_in_helix_subspace,200,0.0,1.0,-5.896420955657959,-0.8125006556510925,15.163959825739385,56.010860443115234
A,30,-20,full_swap,200,0.0,1.0,-5.894837379455566,-0.8082011342048645,28.09096908569336,56.010860443115234
A,31,-20,helix,200,0.0,1.0,-5.9062724113464355,-0.8076658248901367,14.058712127040689,75.60575866699219
A,31,-20,only_T2,200,0.0,1.0,-5.9062724113464355,-0.8076658248901367,0.0,75.60575866699219
A,31,-20,only_T5,200,0.0,1.0,-5.9062724113464355,-0.8076658248901367,1.9403411933219588e-14,75.60575866699219
A,31,-20,only_T10,200,0.0,1.0,-5.9062724113464355,-0.8076658248901367,9.408550551903023e-15,75.60575866699219
A,31,-20,only_T100,200,0.0,1.0,-5.9062724113464355,-0.8076658248901367,12.802886584535209,75.60575866699219
A,31,-20,only_lin,200,0.0,1.0,-5.9062724113464355,-0.8076658248901367,6.988573524905016,75.60575866699219
A,31,-20,random_orth,200,0.0,1.0,-5.9062724113464355,-0.8076658248901367,14.058712127040689,75.60575866699219
A,31,-20,real_diff_in_helix_subspace,200,0.0,1.0,-5.9062724113464355,-0.8076658248901367,16.583822967714003,75.60575866699219
A,31,-20,full_swap,200,0.0,1.0,-5.9062724113464355,-0.8076658248901367,30.500839233398438,75.60575866699219
A,0,-10,helix,200,0.11499999463558197,0.8349999785423279,-3.856161117553711,-1.2407231330871582,0.9727136263022496,5.235528469085693
A,0,-10,only_T2,200,0.0,0.9950000047683716,-4.718636512756348,-0.7579335570335388,0.0,5.235528469085693
A,0,-10,only_T5,200,0.0,0.9950000047683716,-4.718636512756348,-0.7579335570335388,2.1927635313609285e-15,5.235528469085693
A,0,-10,only_T10,200,0.0,0.9950000047683716,-4.718636512756348,-0.7579335570335388,1.0865833095500099e-15,5.235528469085693
A,0,-10,only_T100,200,0.04999999701976776,0.9199999570846558,-4.020606994628906,-0.9945824146270752,0.9511851048475825,5.235528469085693
A,0,-10,only_lin,200,0.029999999329447746,0.9399999976158142,-4.486364841461182,-0.9234492182731628,0.4860572926382412,5.235528469085693
A,0,-10,random_orth,200,0.004999999888241291,0.9899999499320984,-4.697999000549316,-0.7661761045455933,0.9727136263022496,5.235528469085693
A,0,-10,real_diff_in_helix_subspace,200,0.09999999403953552,0.7999999523162842,-3.8987720012664795,-1.389742136001587,1.0294539315804085,5.235528469085693
A,0,-10,full_swap,200,0.9199999570846558,0.0,-0.9074058532714844,-6.175555229187012,4.801819324493408,5.235528469085693
A,1,-10,helix,200,0.09999999403953552,0.85999995470047,-3.8434324264526367,-1.2530152797698975,1.0034163084985017,6.037436485290527
A,1,-10,only_T2,200,0.0,0.9950000047683716,-4.718636512756348,-0.7579335570335388,0.0,6.037436485290527
A,1,-10,only_T5,200,0.0,0.9950000047683716,-4.718636512756348,-0.7579335570335388,2.1979932152428006e-15,6.037436485290527
A,1,-10,only_T10,200,0.0,0.9950000047683716,-4.718636512756348,-0.7579335570335388,1.0921145706633489e-15,6.037436485290527
A,1,-10,only_T100,200,0.054999999701976776,0.9199999570846558,-4.022933483123779,-0.9934613108634949,0.9672252169347152,6.037436485290527
A,1,-10,only_lin,200,0.029999999329447746,0.9399999976158142,-4.473526954650879,-0.930225133895874,0.5029909586566782,6.037436485290527
A,1,-10,random_orth,200,0.0,0.9950000047683716,-4.717675685882568,-0.7670438885688782,1.0034163084985017,6.037436485290527
A,1,-10,real_diff_in_helix_subspace,200,0.0949999988079071,0.8399999737739563,-3.879061222076416,-1.3270974159240723,1.0618808612887647,6.037436485290527
A,1,-10,full_swap,200,0.9149999618530273,0.0,-0.8638714551925659,-6.167372703552246,4.7946319580078125,6.037436485290527
A,2,-10,helix,200,0.0949999988079071,0.8650000095367432,-3.855759859085083,-1.2528403997421265,1.0463126101563864,6.96209716796875
A,2,-10,only_T2,200,0.0,0.9950000047683716,-4.718636512756348,-0.7579335570335388,0.0,6.96209716796875
A,2,-10,only_T5,200,0.0,0.9950000047683716,-4.718636512756348,-0.7579335570335388,2.252560312845639e-15,6.96209716796875
A,2,-10,only_T10,200,0.0,0.9950000047683716,-4.718636512756348,-0.7579335570335388,1.1190900190294747e-15,6.96209716796875
A,2,-10,only_T100,200,0.044999998062849045,0.9199999570846558,-4.030076026916504,-0.9983150959014893,1.0028206033177056,6.96209716796875
A,2,-10,only_lin,200,0.029999999329447746,0.9449999928474426,-4.472980499267578,-0.9290414452552795,0.5376816978373338,6.96209716796875
A,2,-10,random_orth,200,0.0,0.9950000047683716,-4.718214988708496,-0.7598658800125122,1.0463126101563864,6.96209716796875
A,2,-10,real_diff_in_helix_subspace,200,0.08500000089406967,0.8549999594688416,-3.8786840438842773,-1.3054918050765991,1.1071126920586374,6.96209716796875
A,2,-10,full_swap,200,0.9199999570846558,0.0,-0.8732268810272217,-6.14920711517334,4.833398342132568,6.96209716796875
A,3,-10,helix,200,0.11499999463558197,0.8449999690055847,-3.841726541519165,-1.283805251121521,1.1788835790569883,8.329371452331543
A,3,-10,only_T2,200,0.0,0.9950000047683716,-4.718636512756348,-0.7579335570335388,0.0,8.329371452331543
A,3,-10,only_T5,200,0.0,0.9950000047683716,-4.718636512756348,-0.7579335570335388,2.538440196702454e-15,8.329371452331543
A,3,-10,only_T10,200,0.0,0.9950000047683716,-4.718636512756348,-0.7579335570335388,1.3114552161706016e-15,8.329371452331543
A,3,-10,only_T100,200,0.03999999910593033,0.9399999976158142,-4.020376682281494,-1.0057193040847778,1.1199464204593021,8.329371452331543
A,3,-10,only_lin,200,0.029999999329447746,0.9399999976158142,-4.463221073150635,-0.9440359473228455,0.6021005597719811,8.329371452331543
A,3,-10,random_orth,200,0.0,0.9950000047683716,-4.69758939743042,-0.7711726427078247,1.1788835790569883,8.329371452331543
A,3,-10,real_diff_in_helix_subspace,200,0.09999999403953552,0.8499999642372131,-3.859677314758301,-1.304992914199829,1.2835091240825238,8.329371452331543
A,3,-10,full_swap,200,0.9300000071525574,0.0,-0.8638371229171753,-6.174509525299072,5.194089889526367,8.329371452331543
A,4,-10,helix,200,0.10999999940395355,0.8499999642372131,-3.8542635440826416,-1.2539408206939697,1.2548063229043278,9.244671821594238
A,4,-10,only_T2,200,0.0,0.9950000047683716,-4.718636512756348,-0.7579335570335388,0.0,9.244671821594238
A,4,-10,only_T5,200,0.0,0.9950000047683716,-4.718636512756348,-0.7579335570335388,2.636756137872308e-15,9.244671821594238
A,4,-10,only_T10,200,0.0,0.9950000047683716,-4.718636512756348,-0.7579335570335388,1.3603685783431871e-15,9.244671821594238
A,4,-10,only_T100,200,0.044999998062849045,0.9350000023841858,-4.027581691741943,-0.997990071773529,1.1757889767050576,9.244671821594238
A,4,-10,only_lin,200,0.029999999329447746,0.9399999976158142,-4.481492519378662,-0.9281551241874695,0.6589834479218188,9.244671821594238
A,4,-10,random_orth,200,0.0,0.9899999499320984,-4.725308895111084,-0.7661798000335693,1.2548063229043278,9.244671821594238
A,4,-10,real_diff_in_helix_subspace,200,0.08500000089406967,0.8650000095367432,-3.8708465099334717,-1.2619279623031616,1.3900995789830315,9.244671821594238
A,4,-10,full_swap,200,0.9300000071525574,0.004999999888241291,-0.8826731443405151,-6.11372184753418,5.389218807220459,9.244671821594238
A,5,-10,helix,200,0.11499999463558197,0.8449999690055847,-3.8495118618011475,-1.2488868236541748,1.348267460792173,10.067270278930664
A,5,-10,only_T2,200,0.0,0.9950000047683716,-4.718636512756348,-0.7579335570335388,0.0,10.067270278930664
A,5,-10,only_T5,200,0.0,0.9950000047683716,-4.718636512756348,-0.7579335570335388,2.820994977486052e-15,10.067270278930664
A,5,-10,only_T10,200,0.0,0.9950000047683716,-4.718636512756348,-0.7579335570335388,1.4290938448398831e-15,10.067270278930664
A,5,-10,only_T100,200,0.04999999701976776,0.9300000071525574,-4.033417701721191,-0.9877628087997437,1.244528938230754,10.067270278930664
A,5,-10,only_lin,200,0.029999999329447746,0.9399999976158142,-4.472713470458984,-0.9418233036994934,0.7226541901520818,10.067270278930664
A,5,-10,random_orth,200,0.004999999888241291,0.98499995470047,-4.705610752105713,-0.7712051272392273,1.348267460792173,10.067270278930664
A,5,-10,real_diff_in_helix_subspace,200,0.07999999821186066,0.85999995470047,-3.862107992172241,-1.2699388265609741,1.5276246987327569,10.067270278930664
A,5,-10,full_swap,200,0.9350000023841858,0.004999999888241291,-0.8677082061767578,-6.047590732574463,5.6522908210754395,10.067270278930664
A,6,-10,helix,200,0.10999999940395355,0.8449999690055847,-3.8554539680480957,-1.246139645576477,1.4390942103782334,11.15638542175293
A,6,-10,only_T2,200,0.0,0.9950000047683716,-4.718636512756348,-0.7579335570335388,0.0,11.15638542175293
A,6,-10,only_T5,200,0.0,0.9950000047683716,-4.718636512756348,-0.7579335570335388,3.0970010451670238e-15,11.15638542175293
A,6,-10,only_T10,200,0.0,0.9950000047683716,-4.718636512756348,-0.7579335570335388,1.471893313946249e-15,11.15638542175293
A,6,-10,only_T100,200,0.04999999701976776,0.9300000071525574,-4.043711185455322,-0.9819379448890686,1.3217603839395753,11.15638542175293
A,6,-10,only_lin,200,0.029999999329447746,0.9399999976158142,-4.469877243041992,-0.9413166642189026,0.7755637637858347,11.15638542175293
A,6,-10,random_orth,200,0.0,0.9950000047683716,-4.7179694175720215,-0.7630850672721863,1.4390942103782334,11.15638542175293
A,6,-10,real_diff_in_helix_subspace,200,0.0949999988079071,0.8449999690055847,-3.87060284614563,-1.27897047996521,1.7034137395099256,11.15638542175293
A,6,-10,full_swap,200,0.9300000071525574,0.009999999776482582,-0.8690292239189148,-6.043647766113281,5.891254901885986,11.15638542175293
A,7,-10,helix,200,0.11499999463558197,0.8399999737739563,-3.849797487258911,-1.2380400896072388,1.5079099898328467,11.817020416259766
A,7,-10,only_T2,200,0.0,0.9950000047683716,-4.718636512756348,-0.7579335570335388,0.0,11.817020416259766
A,7,-10,only_T5,200,0.0,0.9950000047683716,-4.718636512756348,-0.7579335570335388,3.174953430348695e-15,11.817020416259766
A,7,-10,only_T10,200,0.0,0.9950000047683716,-4.718636512756348,-0.7579335570335388,1.5108010151009598e-15,11.817020416259766
A,7,-10,only_T100,200,0.054999999701976776,0.9249999523162842,-4.025272846221924,-0.9833805561065674,1.3869365231362445,11.817020416259766
A,7,-10,only_lin,200,0.03500000014901161,0.9350000023841858,-4.476181507110596,-0.9355628490447998,0.7980435117803282,11.817020416259766
A,7,-10,random_orth,200,0.004999999888241291,0.9899999499320984,-4.713374614715576,-0.7614313960075378,1.5079099898328467,11.817020416259766
A,7,-10,real_diff_in_helix_subspace,200,0.07999999821186066,0.85999995470047,-3.8639869689941406,-1.2820098400115967,1.7866913744187327,11.817020416259766
A,7,-10,full_swap,200,0.9350000023841858,0.009999999776482582,-0.8555169701576233,-6.042853832244873,6.011939525604248,11.817020416259766
A,8,-10,helix,200,0.10499999672174454,0.8650000095367432,-3.8748412132263184,-1.2036417722702026,1.5495670175663452,12.4263334274292
A,8,-10,only_T2,200,0.0,0.9950000047683716,-4.718636512756348,-0.7579335570335388,0.0,12.4263334274292
A,8,-10,only_T5,200,0.0,0.9950000047683716,-4.718636512756348,-0.7579335570335388,3.3162638911626193e-15,12.4263334274292
A,8,-10,only_T10,200,0.0,0.9950000047683716,-4.718636512756348,-0.7579335570335388,1.5669102111883385e-15,12.4263334274292
A,8,-10,only_T100,200,0.04999999701976776,0.9350000023841858,-4.0543341636657715,-0.964680016040802,1.428636533150803,12.4263334274292
A,8,-10,only_lin,200,0.029999999329447746,0.9399999976158142,-4.48379373550415,-0.9224892854690552,0.8297127243856387,12.4263334274292
A,8,-10,random_orth,200,0.0,0.9950000047683716,-4.721407413482666,-0.7578092217445374,1.5495670175663452,12.4263334274292
A,8,-10,real_diff_in_helix_subspace,200,0.07999999821186066,0.85999995470047,-3.8997600078582764,-1.2633198499679565,1.865652383739648,12.4263334274292
A,8,-10,full_swap,200,0.9350000023841858,0.009999999776482582,-0.8590295314788818,-5.979738235473633,6.203632354736328,12.4263334274292
A,9,-10,helix,200,0.10499999672174454,0.85999995470047,-3.871785879135132,-1.2025829553604126,1.549580871248512,12.764228820800781
A,9,-10,only_T2,200,0.0,0.9950000047683716,-4.718636512756348,-0.7579335570335388,0.0,12.764228820800781
A,9,-10,only_T5,200,0.0,0.9950000047683716,-4.718636512756348,-0.7579335570335388,3.35844187593565e-15,12.764228820800781
A,9,-10,only_T10,200,0.0,0.9950000047683716,-4.718636512756348,-0.7579335570335388,1.5812051915469625e-15,12.764228820800781
A,9,-10,only_T100,200,0.03999999910593033,0.9399999976158142,-4.05001163482666,-0.9685807824134827,1.4287685173593627,12.764228820800781
A,9,-10,only_lin,200,0.029999999329447746,0.9399999976158142,-4.482852458953857,-0.9189993739128113,0.8269892197048724,12.764228820800781
A,9,-10,random_orth,200,0.0,0.9950000047683716,-4.7113494873046875,-0.7627883553504944,1.549580871248512,12.764228820800781
A,9,-10,real_diff_in_helix_subspace,200,0.08999999612569809,0.8449999690055847,-3.9016621112823486,-1.2801140546798706,1.8951472778345146,12.764228820800781
A,9,-10,full_swap,200,0.9350000023841858,0.009999999776482582,-0.8549096584320068,-5.982484817504883,6.215951919555664,12.764228820800781
A,10,-10,helix,200,0.09999999403953552,0.8700000047683716,-3.8677830696105957,-1.197326898574829,1.5747797497568217,13.428231239318848
A,10,-10,only_T2,200,0.0,0.9950000047683716,-4.718636512756348,-0.7579335570335388,0.0,13.428231239318848
A,10,-10,only_T5,200,0.0,0.9950000047683716,-4.718636512756348,-0.7579335570335388,3.547460932300307e-15,13.428231239318848
A,10,-10,only_T10,200,0.0,0.9950000047683716,-4.718636512756348,-0.7579335570335388,1.6896439408821205e-15,13.428231239318848
A,10,-10,only_T100,200,0.044999998062849045,0.9350000023841858,-4.048187732696533,-0.9640179872512817,1.4447167671522896,13.428231239318848
A,10,-10,only_lin,200,0.029999999329447746,0.9399999976158142,-4.478402137756348,-0.920613706111908,0.8409173182019485,13.428231239318848
A,10,-10,random_orth,200,0.0,1.0,-4.710143089294434,-0.7647755742073059,1.5747797497568217,13.428231239318848
A,10,-10,real_diff_in_helix_subspace,200,0.07499999552965164,0.8700000047683716,-3.9030189514160156,-1.265155553817749,1.9570964806460194,13.428231239318848
A,10,-10,full_swap,200,0.9300000071525574,0.009999999776482582,-0.8600297570228577,-5.988041877746582,6.369171142578125,13.428231239318848
A,11,-10,helix,200,0.10499999672174454,0.8549999594688416,-3.8670918941497803,-1.1992591619491577,1.6122234412674459,14.004591941833496
A,11,-10,only_T2,200,0.0,0.9950000047683716,-4.718636512756348,-0.7579335570335388,0.0,14.004591941833496
A,11,-10,only_T5,200,0.0,0.9950000047683716,-4.718636512756348,-0.7579335570335388,3.791896780383929e-15,14.004591941833496
A,11,-10,only_T10,200,0.0,0.9950000047683716,-4.718636512756348,-0.7579335570335388,1.831131369787811e-15,14.004591941833496
A,11,-10,only_T100,200,0.03999999910593033,0.9399999976158142,-4.045997142791748,-0.9631535410881042,1.474977204638015,14.004591941833496
A,11,-10,only_lin,200,0.029999999329447746,0.9399999976158142,-4.481625080108643,-0.9219542741775513,0.8738438095587623,14.004591941833496
A,11,-10,random_orth,200,0.0,0.9950000047683716,-4.7149834632873535,-0.7670800685882568,1.6122234412674457,14.004591941833496
A,11,-10,real_diff_in_helix_subspace,200,0.07999999821186066,0.85999995470047,-3.891101598739624,-1.2857863903045654,2.0253260147293917,14.004591941833496
A,11,-10,full_swap,200,0.9300000071525574,0.009999999776482582,-0.860407829284668,-6.000586032867432,6.51789665222168,14.004591941833496
A,12,-10,helix,200,0.09999999403953552,0.8650000095367432,-3.8760364055633545,-1.1902751922607422,1.6553875663963464,14.275531768798828
A,12,-10,only_T2,200,0.0,0.9950000047683716,-4.718636512756348,-0.7579335570335388,0.0,14.275531768798828
A,12,-10,only_T5,200,0.0,0.9950000047683716,-4.718636512756348,-0.7579335570335388,4.19500640283586e-15,14.275531768798828
A,12,-10,only_T10,200,0.0,0.9950000047683716,-4.718636512756348,-0.7579335570335388,2.026147212581965e-15,14.275531768798828
A,12,-10,only_T100,200,0.044999998062849045,0.9399999976158142,-4.0479278564453125,-0.9651383757591248,1.5235006225955414,14.275531768798828
A,12,-10,only_lin,200,0.029999999329447746,0.9399999976158142,-4.482422828674316,-0.9221792221069336,0.8820322494860784,14.275531768798828
A,12,-10,random_orth,200,0.0,1.0,-4.713483810424805,-0.7571720480918884,1.6553875663963464,14.275531768798828
A,12,-10,real_diff_in_helix_subspace,200,0.07000000029802322,0.8849999904632568,-3.887305736541748,-1.2606258392333984,2.0249494701393655,14.275531768798828
A,12,-10,full_swap,200,0.9350000023841858,0.009999999776482582,-0.8563573956489563,-6.006651401519775,6.770895957946777,14.275531768798828
A,13,-10,helix,200,0.0949999988079071,0.8650000095367432,-3.86454701423645,-1.197049856185913,1.7789720873463446,15.323304176330566
A,13,-10,only_T2,200,0.0,0.9950000047683716,-4.718636512756348,-0.7579335570335388,0.0,15.323304176330566
A,13,-10,only_T5,200,0.0,0.9950000047683716,-4.718636512756348,-0.7579335570335388,4.45141334821379e-15,15.323304176330566
A,13,-10,only_T10,200,0.0,0.9950000047683716,-4.718636512756348,-0.7579335570335388,2.1803917029475157e-15,15.323304176330566
A,13,-10,only_T100,200,0.044999998062849045,0.9350000023841858,-4.037222385406494,-0.9771077036857605,1.6330733150804908,15.323304176330566
A,13,-10,only_lin,200,0.029999999329447746,0.9350000023841858,-4.477031230926514,-0.9232571125030518,0.9347874606236246,15.323304176330566
A,13,-10,random_orth,200,0.0,1.0,-4.707833290100098,-0.7538326978683472,1.7789720873463446,15.323304176330566
A,13,-10,real_diff_in_helix_subspace,200,0.08500000089406967,0.8799999952316284,-3.849982261657715,-1.2820206880569458,2.164547489466843,15.323304176330566
A,13,-10,full_swap,200,0.9350000023841858,0.009999999776482582,-0.8567050695419312,-5.993431091308594,7.20212459564209,15.323304176330566
A,14,-10,helix,200,0.08500000089406967,0.8799999952316284,-3.9039525985717773,-1.1661701202392578,1.8196310850656368,15.597197532653809
A,14,-10,only_T2,200,0.0,0.9950000047683716,-4.718636512756348,-0.7579335570335388,0.0,15.597197532653809
A,14,-10,only_T5,200,0.0,0.9950000047683716,-4.718636512756348,-0.7579335570335388,4.5059811730946695e-15,15.597197532653809
A,14,-10,only_T10,200,0.0,0.9950000047683716,-4.718636512756348,-0.7579335570335388,2.222098433919499e-15,15.597197532653809
A,14,-10,only_T100,200,0.03999999910593033,0.9449999928474426,-4.062772274017334,-0.9642557501792908,1.6780737024362744,15.597197532653809
A,14,-10,only_lin,200,0.03500000014901161,0.9350000023841858,-4.485326290130615,-0.9209391474723816,0.9441152149330844,15.597197532653809
A,14,-10,random_orth,200,0.0,0.9899999499320984,-4.71012020111084,-0.7634181976318359,1.8196310850656368,15.597197532653809
A,14,-10,real_diff_in_helix_subspace,200,0.06499999761581421,0.8999999761581421,-3.9072227478027344,-1.2486213445663452,2.2266804545670453,15.597197532653809
A,14,-10,full_swap,200,0.9249999523162842,0.014999999664723873,-0.8743919730186462,-5.83732271194458,7.315191745758057,15.597197532653809
A,15,-10,helix,200,0.08500000089406967,0.8799999952316284,-3.916541576385498,-1.153965711593628,2.035309106835434,16.89990234375
A,15,-10,only_T2,200,0.0,0.9950000047683716,-4.718636512756348,-0.7579335570335388,0.0,16.89990234375
A,15,-10,only_T5,200,0.0,0.9950000047683716,-4.718636512756348,-0.7579335570335388,4.69077127650883e-15,16.89990234375
A,15,-10,only_T10,200,0.0,0.9950000047683716,-4.718636512756348,-0.7579335570335388,2.332711293026226e-15,16.89990234375
A,15,-10,only_T100,200,0.03999999910593033,0.9449999928474426,-4.062767028808594,-0.9599436521530151,1.8654439191783805,16.89990234375
A,15,-10,only_lin,200,0.029999999329447746,0.9399999976158142,-4.483706951141357,-0.9219092130661011,1.0751346484547144,16.89990234375
A,15,-10,random_orth,200,0.004999999888241291,0.9899999499320984,-4.69989538192749,-0.7711948752403259,2.035309106835434,16.89990234375
A,15,-10,real_diff_in_helix_subspace,200,0.06499999761581421,0.8899999856948853,-3.9347984790802,-1.2321646213531494,2.453786677985751,16.89990234375
A,15,-10,full_swap,200,0.9249999523162842,0.014999999664723873,-0.872950553894043,-5.834324836730957,7.764249324798584,16.89990234375
A,16,-10,helix,200,0.07499999552965164,0.8799999952316284,-3.9320008754730225,-1.1994389295578003,2.4920449731857173,18.543527603149414
A,16,-10,only_T2,200,0.0,0.9950000047683716,-4.718636512756348,-0.7579335570335388,0.0,18.543527603149414
A,16,-10,only_T5,200,0.0,0.9950000047683716,-4.718636512756348,-0.7579335570335388,5.7707763572786895e-15,18.543527603149414
A,16,-10,only_T10,200,0.0,0.9950000047683716,-4.718636512756348,-0.7579335570335388,2.9549097254389094e-15,18.543527603149414
A,16,-10,only_T100,200,0.03500000014901161,0.9350000023841858,-4.043337821960449,-0.990767240524292,2.2916763469417116,18.543527603149414
A,16,-10,only_lin,200,0.03500000014901161,0.9449999928474426,-4.501219749450684,-0.934346079826355,1.2563516914194073,18.543527603149414
A,16,-10,random_orth,200,0.0,0.9950000047683716,-4.711781024932861,-0.7615542411804199,2.4920449731857173,18.543527603149414
A,16,-10,real_diff_in_helix_subspace,200,0.06499999761581421,0.8549999594688416,-3.8969457149505615,-1.3436745405197144,2.918642678657725,18.543527603149414
A,16,-10,full_swap,200,0.9300000071525574,0.014999999664723873,-0.8740548491477966,-5.848212242126465,9.802799224853516,18.543527603149414
A,17,-10,helix,200,0.06499999761581421,0.8949999809265137,-4.043339252471924,-1.0907678604125977,2.7967897697687945,21.125446319580078
A,17,-10,only_T2,200,0.0,0.9950000047683716,-4.718636512756348,-0.7579335570335388,0.0,21.125446319580078
A,17,-10,only_T5,200,0.0,0.9950000047683716,-4.718636512756348,-0.7579335570335388,6.258227584356758e-15,21.125446319580078
A,17,-10,only_T10,200,0.0,0.9950000047683716,-4.718636512756348,-0.7579335570335388,3.2604580581298515e-15,21.125446319580078
A,17,-10,only_T100,200,0.02499999850988388,0.9549999833106995,-4.120311260223389,-0.9515113830566406,2.6038663698537743,21.125446319580078
A,17,-10,only_lin,200,0.029999999329447746,0.949999988079071,-4.56413459777832,-0.8785924911499023,1.4072905726438893,21.125446319580078
A,17,-10,random_orth,200,0.0,0.9950000047683716,-4.718634128570557,-0.7594248652458191,2.7967897697687945,21.125446319580078
A,17,-10,real_diff_in_helix_subspace,200,0.05999999865889549,0.8949999809265137,-4.011557102203369,-1.2050151824951172,3.3159924811594403,21.125446319580078
A,17,-10,full_swap,200,0.8799999952316284,0.054999999701976776,-1.0202988386154175,-5.125255107879639,11.010357856750488,21.125446319580078
A,18,-10,helix,200,0.05999999865889549,0.9149999618530273,-4.084060192108154,-1.0545735359191895,2.93651258449216,23.94234848022461
A,18,-10,only_T2,200,0.0,0.9950000047683716,-4.718636512756348,-0.7579335570335388,0.0,23.94234848022461
A,18,-10,only_T5,200,0.0,0.9950000047683716,-4.718636512756348,-0.7579335570335388,6.625948462267145e-15,23.94234848022461
A,18,-10,only_T10,200,0.0,0.9950000047683716,-4.718636512756348,-0.7579335570335388,3.408897907276244e-15,23.94234848022461
A,18,-10,only_T100,200,0.02499999850988388,0.9649999737739563,-4.1494245529174805,-0.9382708668708801,2.752344958840347,23.94234848022461
A,18,-10,only_lin,200,0.029999999329447746,0.949999988079071,-4.5830230712890625,-0.8597991466522217,1.4691905446758569,23.94234848022461
A,18,-10,random_orth,200,0.0,0.9950000047683716,-4.699801921844482,-0.7644835710525513,2.93651258449216,23.94234848022461
A,18,-10,real_diff_in_helix_subspace,200,0.05999999865889549,0.8899999856948853,-4.0790910720825195,-1.1774150133132935,3.496622627849972,23.94234848022461
A,18,-10,full_swap,200,0.8399999737739563,0.08999999612569809,-1.1034992933273315,-4.957083225250244,11.65103530883789,23.94234848022461
A,19,-10,helix,200,0.0,0.9950000047683716,-4.6303486824035645,-0.7883102297782898,3.366962529062739,26.807832717895508
A,19,-10,only_T2,200,0.0,0.9950000047683716,-4.718636512756348,-0.7579335570335388,0.0,26.807832717895508
A,19,-10,only_T5,200,0.0,0.9950000047683716,-4.718636512756348,-0.7579335570335388,7.481675007169032e-15,26.807832717895508
A,19,-10,only_T10,200,0.0,0.9950000047683716,-4.718636512756348,-0.7579335570335388,3.8097478991503735e-15,26.807832717895508
A,19,-10,only_T100,200,0.0,0.9950000047683716,-4.641478061676025,-0.7714169025421143,3.126579326282729,26.807832717895508
A,19,-10,only_lin,200,0.0,0.9950000047683716,-4.704509735107422,-0.7720924019813538,1.7365914670843516,26.807832717895508
A,19,-10,random_orth,200,0.0,0.9950000047683716,-4.713685035705566,-0.7584310173988342,3.366962529062739,26.807832717895508
A,19,-10,real_diff_in_helix_subspace,200,0.0,0.9950000047683716,-4.623414993286133,-0.7867829203605652,4.048117881445313,26.807832717895508
A,19,-10,full_swap,200,0.054999999701976776,0.9350000023841858,-4.008352756500244,-0.9277340769767761,12.782380104064941,26.807832717895508
A,20,-10,helix,200,0.0,0.9950000047683716,-4.632716655731201,-0.789804995059967,3.9119202771137696,29.23149871826172
A,20,-10,only_T2,200,0.0,0.9950000047683716,-4.718636512756348,-0.7579335570335388,0.0,29.23149871826172
A,20,-10,only_T5,200,0.0,0.9950000047683716,-4.718636512756348,-0.7579335570335388,8.374773706171865e-15,29.23149871826172
A,20,-10,only_T10,200,0.0,0.9950000047683716,-4.718636512756348,-0.7579335570335388,4.233870279981235e-15,29.23149871826172
A,20,-10,only_T100,200,0.0,0.9950000047683716,-4.644288063049316,-0.7729029655456543,3.598404126461455,29.23149871826172
A,20,-10,only_lin,200,0.0,0.9950000047683716,-4.705195903778076,-0.7756109237670898,1.9826870584662009,29.23149871826172
A,20,-10,random_orth,200,0.0,0.9950000047683716,-4.715349197387695,-0.7588977813720703,3.9119202771137696,29.23149871826172
A,20,-10,real_diff_in_helix_subspace,200,0.0,0.9950000047683716,-4.6226348876953125,-0.7907394766807556,4.69388999330434,29.23149871826172
A,20,-10,full_swap,200,0.04999999701976776,0.9399999976158142,-4.075267791748047,-0.909408688545227,14.41067123413086,29.23149871826172
A,21,-10,helix,200,0.0,0.9950000047683716,-4.698617935180664,-0.7708539366722107,4.34388795765635,31.250959396362305
A,21,-10,only_T2,200,0.0,0.9950000047683716,-4.718636512756348,-0.7579335570335388,0.0,31.250959396362305
A,21,-10,only_T5,200,0.0,0.9950000047683716,-4.718636512756348,-0.7579335570335388,8.880256144744341e-15,31.250959396362305
A,21,-10,only_T10,200,0.0,0.9950000047683716,-4.718636512756348,-0.7579335570335388,4.477244489563845e-15,31.250959396362305
A,21,-10,only_T100,200,0.0,0.9950000047683716,-4.699458122253418,-0.7621127367019653,4.005159460527276,31.250959396362305
A,21,-10,only_lin,200,0.0,0.9950000047683716,-4.716003894805908,-0.7658648490905762,2.134414438103499,31.250959396362305
A,21,-10,random_orth,200,0.0,0.9950000047683716,-4.712855815887451,-0.7570740580558777,4.34388795765635,31.250959396362305
A,21,-10,real_diff_in_helix_subspace,200,0.0,0.9950000047683716,-4.697558879852295,-0.770883321762085,5.284968108619796,31.250959396362305
A,21,-10,full_swap,200,0.0,0.9950000047683716,-4.605675220489502,-0.7706784009933472,15.63851547241211,31.250959396362305
A,22,-10,helix,200,0.0,0.9950000047683716,-4.692840099334717,-0.7631471157073975,4.693391558738798,32.949310302734375
A,22,-10,only_T2,200,0.0,0.9950000047683716,-4.718636512756348,-0.7579335570335388,0.0,32.949310302734375
A,22,-10,only_T5,200,0.0,0.9950000047683716,-4.718636512756348,-0.7579335570335388,9.415078960844073e-15,32.949310302734375
A,22,-10,only_T10,200,0.0,0.9950000047683716,-4.718636512756348,-0.7579335570335388,4.726048814756157e-15,32.949310302734375
A,22,-10,only_T100,200,0.0,0.9950000047683716,-4.702939510345459,-0.7626660466194153,4.3396682268532105,32.949310302734375
A,22,-10,only_lin,200,0.0,0.9950000047683716,-4.707668304443359,-0.7608416676521301,2.2947867739005265,32.949310302734375
A,22,-10,random_orth,200,0.0,1.0,-4.716080188751221,-0.7586187720298767,4.693391558738799,32.949310302734375
A,22,-10,real_diff_in_helix_subspace,200,0.0,0.9950000047683716,-4.689550876617432,-0.7668800354003906,5.7420683599001725,32.949310302734375
A,22,-10,full_swap,200,0.0,0.9950000047683716,-4.5980939865112305,-0.7640263438224792,16.69710922241211,32.949310302734375
A,23,-10,helix,200,0.0,0.9950000047683716,-4.70905876159668,-0.7615165710449219,5.030893529988954,34.49725341796875
A,23,-10,only_T2,200,0.0,0.9950000047683716,-4.718636512756348,-0.7579335570335388,0.0,34.49725341796875
A,23,-10,only_T5,200,0.0,0.9950000047683716,-4.718636512756348,-0.7579335570335388,9.948663084966345e-15,34.49725341796875
A,23,-10,only_T10,200,0.0,0.9950000047683716,-4.718636512756348,-0.7579335570335388,4.9884523158459425e-15,34.49725341796875
A,23,-10,only_T100,200,0.0,0.9950000047683716,-4.712032318115234,-0.762217104434967,4.655999039267983,34.49725341796875
A,23,-10,only_lin,200,0.0,0.9950000047683716,-4.712274551391602,-0.7599536776542664,2.4413885900655745,34.49725341796875
A,23,-10,random_orth,200,0.0,0.9950000047683716,-4.719156742095947,-0.758470892906189,5.030893529988954,34.49725341796875
A,23,-10,real_diff_in_helix_subspace,200,0.0,0.9950000047683716,-4.704122066497803,-0.7637885212898254,6.270599197117672,34.49725341796875
A,23,-10,full_swap,200,0.0,0.9950000047683716,-4.6500935554504395,-0.7620373368263245,17.89803695678711,34.49725341796875
A,24,-10,helix,200,0.0,0.9950000047683716,-4.7176971435546875,-0.75877445936203,5.29720826007519,35.8841667175293
A,24,-10,only_T2,200,0.0,0.9950000047683716,-4.718636512756348,-0.7579335570335388,0.0,35.8841667175293
A,24,-10,only_T5,200,0.0,0.9950000047683716,-4.718636512756348,-0.7579335570335388,1.0448292451263388e-14,35.8841667175293
A,24,-10,only_T10,200,0.0,0.9950000047683716,-4.718636512756348,-0.7579335570335388,5.198481588089394e-15,35.8841667175293
A,24,-10,only_T100,200,0.0,0.9950000047683716,-4.72531795501709,-0.7577727437019348,4.902697222182777,35.8841667175293
A,24,-10,only_lin,200,0.0,0.9950000047683716,-4.712992191314697,-0.7590067386627197,2.5636495798023238,35.8841667175293
A,24,-10,random_orth,200,0.0,0.9950000047683716,-4.717704772949219,-0.7588858008384705,5.29720826007519,35.8841667175293
A,24,-10,real_diff_in_helix_subspace,200,0.0,0.9950000047683716,-4.7169976234436035,-0.7597406506538391,6.67262635975924,35.8841667175293
A,24,-10,full_swap,200,0.0,0.9950000047683716,-4.709915637969971,-0.7507049441337585,18.90533447265625,35.8841667175293
A,25,-10,helix,200,0.0,0.9950000047683716,-4.714728355407715,-0.7604161500930786,5.607233735753552,37.50122833251953
A,25,-10,only_T2,200,0.0,0.9950000047683716,-4.718636512756348,-0.7579335570335388,0.0,37.50122833251953
A,25,-10,only_T5,200,0.0,0.9950000047683716,-4.718636512756348,-0.7579335570335388,1.0958306913496415e-14,37.50122833251953
A,25,-10,only_T10,200,0.0,0.9950000047683716,-4.718636512756348,-0.7579335570335388,5.415339666191275e-15,37.50122833251953
A,25,-10,only_T100,200,0.0,0.9950000047683716,-4.722594261169434,-0.7587815523147583,5.193947736899344,37.50122833251953
A,25,-10,only_lin,200,0.0,0.9950000047683716,-4.711604118347168,-0.7604451775550842,2.695064314141946,37.50122833251953
A,25,-10,random_orth,200,0.0,0.9950000047683716,-4.718411445617676,-0.7599338293075562,5.607233735753552,37.50122833251953
A,25,-10,real_diff_in_helix_subspace,200,0.0,0.9950000047683716,-4.713715076446533,-0.760354220867157,7.1744578340945235,37.50122833251953
A,25,-10,full_swap,200,0.0,0.9950000047683716,-4.705525875091553,-0.7528956532478333,20.017404556274414,37.50122833251953
A,26,-10,helix,200,0.0,0.9950000047683716,-4.713893890380859,-0.7615641355514526,5.816358449944432,38.79519271850586
A,26,-10,only_T2,200,0.0,0.9950000047683716,-4.718636512756348,-0.7579335570335388,0.0,38.79519271850586
A,26,-10,only_T5,200,0.0,0.9950000047683716,-4.718636512756348,-0.7579335570335388,1.1324165037145462e-14,38.79519271850586
A,26,-10,only_T10,200,0.0,0.9950000047683716,-4.718636512756348,-0.7579335570335388,5.625308581589409e-15,38.79519271850586
A,26,-10,only_T100,200,0.0,0.9950000047683716,-4.718970775604248,-0.7591370940208435,5.3926913404144035,38.79519271850586
A,26,-10,only_lin,200,0.0,0.9950000047683716,-4.7152533531188965,-0.7603095173835754,2.792123253279875,38.79519271850586
A,26,-10,random_orth,200,0.0,0.9950000047683716,-4.716769695281982,-0.7585330009460449,5.816358449944432,38.79519271850586
A,26,-10,real_diff_in_helix_subspace,200,0.0,0.9950000047683716,-4.713364601135254,-0.7617403268814087,7.499668180583339,38.79519271850586
A,26,-10,full_swap,200,0.0,0.9950000047683716,-4.714828968048096,-0.755287230014801,20.876909255981445,38.79519271850586
A,27,-10,helix,200,0.0,0.9950000047683716,-4.715997695922852,-0.7605406045913696,6.077125595490763,40.90480422973633
A,27,-10,only_T2,200,0.0,0.9950000047683716,-4.718636512756348,-0.7579335570335388,0.0,40.90480422973633
A,27,-10,only_T5,200,0.0,0.9950000047683716,-4.718636512756348,-0.7579335570335388,1.1810825237605307e-14,40.90480422973633
A,27,-10,only_T10,200,0.0,0.9950000047683716,-4.718636512756348,-0.7579335570335388,5.825323019000719e-15,40.90480422973633
A,27,-10,only_T100,200,0.0,0.9950000047683716,-4.717800617218018,-0.7592703700065613,5.626577437573315,40.90480422973633
A,27,-10,only_lin,200,0.0,0.9950000047683716,-4.715498447418213,-0.7590436339378357,2.8978024439476284,40.90480422973633
A,27,-10,random_orth,200,0.0,0.9950000047683716,-4.719279766082764,-0.7586793303489685,6.077125595490763,40.90480422973633
A,27,-10,real_diff_in_helix_subspace,200,0.0,0.9950000047683716,-4.713471412658691,-0.7599872350692749,7.9355476845030815,40.90480422973633
A,27,-10,full_swap,200,0.0,0.9950000047683716,-4.71219539642334,-0.756834089756012,21.903545379638672,40.90480422973633
A,28,-10,helix,200,0.0,0.9950000047683716,-4.716697692871094,-0.7600967288017273,6.275580753310469,42.884517669677734
A,28,-10,only_T2,200,0.0,0.9950000047683716,-4.718636512756348,-0.7579335570335388,0.0,42.884517669677734
A,28,-10,only_T5,200,0.0,0.9950000047683716,-4.718636512756348,-0.7579335570335388,1.21972526891841e-14,42.884517669677734
A,28,-10,only_T10,200,0.0,0.9950000047683716,-4.718636512756348,-0.7579335570335388,6.038088150530119e-15,42.884517669677734
A,28,-10,only_T100,200,0.0,0.9950000047683716,-4.718794345855713,-0.7592383623123169,5.808987464451352,42.884517669677734
A,28,-10,only_lin,200,0.0,0.9950000047683716,-4.7178850173950195,-0.759411096572876,2.9779332722739036,42.884517669677734
A,28,-10,random_orth,200,0.0,0.9950000047683716,-4.7178826332092285,-0.7581157684326172,6.275580753310469,42.884517669677734
A,28,-10,real_diff_in_helix_subspace,200,0.0,0.9950000047683716,-4.716183185577393,-0.7596205472946167,8.324372482852304,42.884517669677734
A,28,-10,full_swap,200,0.0,0.9950000047683716,-4.713535785675049,-0.757028341293335,22.836938858032227,42.884517669677734
A,29,-10,helix,200,0.0,0.9950000047683716,-4.7164716720581055,-0.761127769947052,6.532902443327457,45.74895095825195
A,29,-10,only_T2,200,0.0,0.9950000047683716,-4.718636512756348,-0.7579335570335388,0.0,45.74895095825195
A,29,-10,only_T5,200,0.0,0.9950000047683716,-4.718636512756348,-0.7579335570335388,1.2695333115117987e-14,45.74895095825195
A,29,-10,only_T10,200,0.0,0.9950000047683716,-4.718636512756348,-0.7579335570335388,6.2470600728241096e-15,45.74895095825195
A,29,-10,only_T100,200,0.0,0.9950000047683716,-4.719648838043213,-0.7587224245071411,6.042703160084937,45.74895095825195
A,29,-10,only_lin,200,0.0,0.9950000047683716,-4.715628147125244,-0.7612379789352417,3.1147783660415,45.74895095825195
A,29,-10,random_orth,200,0.0,0.9950000047683716,-4.719689846038818,-0.7582934498786926,6.532902443327457,45.74895095825195
A,29,-10,real_diff_in_helix_subspace,200,0.0,0.9950000047683716,-4.715071201324463,-0.7612103223800659,8.744086049204846,45.74895095825195
A,29,-10,full_swap,200,0.0,0.9950000047683716,-4.7157111167907715,-0.7591713666915894,23.8282413482666,45.74895095825195
A,30,-10,helix,200,0.0,0.9950000047683716,-4.71533727645874,-0.7605589628219604,6.869089727092374,56.18983459472656
A,30,-10,only_T2,200,0.0,0.9950000047683716,-4.718636512756348,-0.7579335570335388,0.0,56.18983459472656
A,30,-10,only_T5,200,0.0,0.9950000047683716,-4.718636512756348,-0.7579335570335388,1.3288799739201914e-14,56.18983459472656
A,30,-10,only_T10,200,0.0,0.9950000047683716,-4.718636512756348,-0.7579335570335388,6.440375031681956e-15,56.18983459472656
A,30,-10,only_T100,200,0.0,0.9950000047683716,-4.718837738037109,-0.7585093379020691,6.347002753436774,56.18983459472656
A,30,-10,only_lin,200,0.0,0.9950000047683716,-4.715687274932861,-0.7607329487800598,3.2657958680089734,56.18983459472656
A,30,-10,random_orth,200,0.0,0.9950000047683716,-4.717742443084717,-0.7580130100250244,6.869089727092374,56.18983459472656
A,30,-10,real_diff_in_helix_subspace,200,0.0,0.9950000047683716,-4.714377403259277,-0.7603014707565308,9.552074090207398,56.18983459472656
A,30,-10,full_swap,200,0.0,0.9950000047683716,-4.714978218078613,-0.7589760422706604,25.173254013061523,56.18983459472656
A,31,-10,helix,200,0.0,0.9950000047683716,-4.718636512756348,-0.7579335570335388,7.384167909487242,75.90174865722656
A,31,-10,only_T2,200,0.0,0.9950000047683716,-4.718636512756348,-0.7579335570335388,0.0,75.90174865722656
A,31,-10,only_T5,200,0.0,0.9950000047683716,-4.718636512756348,-0.7579335570335388,1.434935150822125e-14,75.90174865722656
A,31,-10,only_T10,200,0.0,0.9950000047683716,-4.718636512756348,-0.7579335570335388,6.853895765661801e-15,75.90174865722656
A,31,-10,only_T100,200,0.0,0.9950000047683716,-4.718636512756348,-0.7579335570335388,6.837335035525528,75.90174865722656
A,31,-10,only_lin,200,0.0,0.9950000047683716,-4.718636512756348,-0.7579335570335388,3.494286762452508,75.90174865722656
A,31,-10,random_orth,200,0.0,0.9950000047683716,-4.718636512756348,-0.7579335570335388,7.384167909487242,75.90174865722656
A,31,-10,real_diff_in_helix_subspace,200,0.0,0.9950000047683716,-4.718636512756348,-0.7579335570335388,10.758518222527991,75.90174865722656
A,31,-10,full_swap,200,0.0,0.9950000047683716,-4.718636512756348,-0.7579335570335388,27.387895584106445,75.90174865722656
A,0,-5,helix,200,0.5999999642372131,0.03999999910593033,-2.035616397857666,-4.487997531890869,2.0377480927286236,4.870580673217773
A,0,-5,only_T2,200,0.02499999850988388,0.3149999976158142,-5.252500534057617,-2.208954095840454,1.1431608200331456,4.870580673217773
A,0,-5,only_T5,200,0.0,1.0,-6.112955093383789,-0.8103201389312744,2.242729089329471e-15,4.870580673217773
A,0,-5,only_T10,200,0.044999998062849045,0.4599999785423279,-4.321694850921631,-2.48443603515625,1.6029168251436117,4.870580673217773
A,0,-5,only_T100,200,0.0,0.9649999737739563,-5.978694438934326,-0.882378339767456,0.48546537802403966,4.870580673217773
A,0,-5,only_lin,200,0.0,0.9599999785423279,-6.0535125732421875,-0.8708257675170898,0.2430286463191206,4.870580673217773
A,0,-5,random_orth,200,0.0,0.949999988079071,-6.092594623565674,-0.8587173819541931,2.0377480927286236,4.870580673217773
A,0,-5,real_diff_in_helix_subspace,200,0.38999998569488525,0.19999998807907104,-2.845475912094116,-3.9392967224121094,1.8603014148182995,4.870580673217773
A,0,-5,full_swap,200,0.9300000071525574,0.0,-0.9813598394393921,-6.787018775939941,4.560495376586914,4.870580673217773
A,1,-5,helix,200,0.5849999785423279,0.054999999701976776,-2.0748112201690674,-4.478976726531982,2.057398463795431,5.691893100738525
A,1,-5,only_T2,200,0.019999999552965164,0.3149999976158142,-5.247884273529053,-2.221378803253174,1.1628633637465313,5.691893100738525
A,1,-5,only_T5,200,0.0,1.0,-6.112955093383789,-0.8103201389312744,2.249001935574589e-15,5.691893100738525
A,1,-5,only_T10,200,0.03500000014901161,0.4650000035762787,-4.330385684967041,-2.5092849731445312,1.6084419101348484,5.691893100738525
A,1,-5,only_T100,200,0.0,0.9649999737739563,-5.979160785675049,-0.888113260269165,0.49507794151934287,5.691893100738525
A,1,-5,only_lin,200,0.0,0.9549999833106995,-6.045126438140869,-0.880591869354248,0.2514954793283391,5.691893100738525
A,1,-5,random_orth,200,0.0,0.9599999785423279,-6.079737186431885,-0.8447315692901611,2.057398463795431,5.691893100738525
A,1,-5,real_diff_in_helix_subspace,200,0.429999977350235,0.17999999225139618,-2.758754253387451,-3.991626739501953,1.9190695152918107,5.691893100738525
A,1,-5,full_swap,200,0.9199999570846558,0.0,-0.9719339609146118,-6.796925067901611,4.596858501434326,5.691893100738525
A,2,-5,helix,200,0.5849999785423279,0.04999999701976776,-2.058004140853882,-4.500875473022461,2.119738854735664,6.665732383728027
A,2,-5,only_T2,200,0.019999999552965164,0.28999999165534973,-5.24275016784668,-2.254145383834839,1.2110282632830922,6.665732383728027
A,2,-5,only_T5,200,0.0,1.0,-6.112955093383789,-0.8103201389312744,2.3068883779286297e-15,6.665732383728027
A,2,-5,only_T10,200,0.03500000014901161,0.4699999988079071,-4.340640544891357,-2.522134780883789,1.6468817452172584,6.665732383728027
A,2,-5,only_T100,200,0.0,0.9599999785423279,-5.982715129852295,-0.8908340334892273,0.5147713667036077,6.665732383728027
A,2,-5,only_lin,200,0.0,0.9549999833106995,-6.047732830047607,-0.879815399646759,0.26884084891866683,6.665732383728027
A,2,-5,random_orth,200,0.0,0.9699999690055847,-6.070268630981445,-0.8414976596832275,2.119738854735664,6.665732383728027
A,2,-5,real_diff_in_helix_subspace,200,0.42499998211860657,0.1550000011920929,-2.678399085998535,-4.045126438140869,2.0021884060364696,6.665732383728027
A,2,-5,full_swap,200,0.9149999618530273,0.0,-0.983720600605011,-6.774011135101318,4.692663669586182,6.665732383728027
A,3,-5,helix,200,0.5699999928474426,0.044999998062849045,-2.0875422954559326,-4.486338138580322,2.424197352066069,8.064247131347656
A,3,-5,only_T2,200,0.019999999552965164,0.28999999165534973,-5.243478298187256,-2.250223159790039,1.329724363735512,8.064247131347656
A,3,-5,only_T5,200,0.0,1.0,-6.112955093383789,-0.8103201389312744,2.600712448094914e-15,8.064247131347656
A,3,-5,only_T10,200,0.03500000014901161,0.4650000035762787,-4.333961009979248,-2.5685644149780273,1.9282460175029252,8.064247131347656
A,3,-5,only_T100,200,0.0,0.9549999833106995,-5.985157489776611,-0.8878024220466614,0.5744188742962183,8.064247131347656
A,3,-5,only_lin,200,0.0,0.949999988079071,-6.043238162994385,-0.8893682956695557,0.30105027988599053,8.064247131347656
A,3,-5,random_orth,200,0.0,0.9599999785423279,-6.097935676574707,-0.8321460485458374,2.424197352066069,8.064247131347656
A,3,-5,real_diff_in_helix_subspace,200,0.4650000035762787,0.11499999463558197,-2.5026798248291016,-4.183687210083008,2.352563060069269,8.064247131347656
A,3,-5,full_swap,200,0.9399999976158142,0.0,-0.9962484240531921,-6.774621963500977,5.138974189758301,8.064247131347656
A,4,-5,helix,200,0.5299999713897705,0.05999999865889549,-2.130655527114868,-4.413354396820068,2.514723838321716,8.996832847595215
A,4,-5,only_T2,200,0.019999999552965164,0.3149999976158142,-5.249209880828857,-2.2021608352661133,1.3747897475406625,8.996832847595215
A,4,-5,only_T5,200,0.0,1.0,-6.112955093383789,-0.8103201389312744,2.701287652430358e-15,8.996832847595215
A,4,-5,only_T10,200,0.03500000014901161,0.4699999988079071,-4.371387004852295,-2.532332420349121,1.9996718985182877,8.996832847595215
A,4,-5,only_T100,200,0.0,0.9649999737739563,-5.9913835525512695,-0.8836473822593689,0.6041439002331803,8.996832847595215
A,4,-5,only_lin,200,0.0,0.9549999833106995,-6.059074401855469,-0.8784433007240295,0.3294917239609094,8.996832847595215
A,4,-5,random_orth,200,0.0,0.98499995470047,-6.1075439453125,-0.8093148469924927,2.514723838321716,8.996832847595215
A,4,-5,real_diff_in_helix_subspace,200,0.4399999976158142,0.12999999523162842,-2.5405452251434326,-4.121800899505615,2.459492550747472,8.996832847595215
A,4,-5,full_swap,200,0.9350000023841858,0.0,-1.00491464138031,-6.690584182739258,5.334867000579834,8.996832847595215
A,5,-5,helix,200,0.5149999856948853,0.08999999612569809,-2.2350003719329834,-4.279658317565918,2.6476285250741354,9.822999954223633
A,5,-5,only_T2,200,0.019999999552965164,0.375,-5.287691593170166,-2.110572576522827,1.449665370087019,9.822999954223633
A,5,-5,only_T5,200,0.0,1.0,-6.112955093383789,-0.8103201389312744,2.886403707576038e-15,9.822999954223633
A,5,-5,only_T10,200,0.03500000014901161,0.4949999749660492,-4.438468933105469,-2.444753646850586,2.098996023703455,9.822999954223633
A,5,-5,only_T100,200,0.0,0.9599999785423279,-5.985537528991699,-0.8842000961303711,0.6417399644559053,9.822999954223633
A,5,-5,only_lin,200,0.0,0.9549999833106995,-6.054409027099609,-0.8814992904663086,0.3613270950760408,9.822999954223633
A,5,-5,random_orth,200,0.0,0.9649999737739563,-6.089089393615723,-0.8458982706069946,2.6476285250741354,9.822999954223633
A,5,-5,real_diff_in_helix_subspace,200,0.4099999964237213,0.14000000059604645,-2.5799081325531006,-4.0336222648620605,2.636477759082943,9.822999954223633
A,5,-5,full_swap,200,0.9199999570846558,0.0,-1.0316921472549438,-6.561777591705322,5.624678134918213,9.822999954223633
A,6,-5,helix,200,0.5149999856948853,0.08999999612569809,-2.2456891536712646,-4.286325454711914,2.852164947730458,10.915301322937012
A,6,-5,only_T2,200,0.019999999552965164,0.375,-5.2858567237854,-2.1234068870544434,1.700983016783468,10.915301322937012
A,6,-5,only_T5,200,0.0,1.0,-6.112955093383789,-0.8103201389312744,3.1755910691620493e-15,10.915301322937012
A,6,-5,only_T10,200,0.029999999329447746,0.4899999797344208,-4.438941955566406,-2.469167470932007,2.1607526698874215,10.915301322937012
A,6,-5,only_T100,200,0.0,0.9549999833106995,-5.9961419105529785,-0.8824276328086853,0.6835806214810768,10.915301322937012
A,6,-5,only_lin,200,0.0,0.9599999785423279,-6.052451133728027,-0.8812384605407715,0.38778188189291724,10.915301322937012
A,6,-5,random_orth,200,0.0,0.98499995470047,-6.101933479309082,-0.8052290678024292,2.852164947730458,10.915301322937012
A,6,-5,real_diff_in_helix_subspace,200,0.4350000023841858,0.08500000089406967,-2.5390608310699463,-4.125462055206299,2.9240677362579515,10.915301322937012
A,6,-5,full_swap,200,0.9350000023841858,0.0,-1.040193796157837,-6.5815911293029785,5.921374320983887,10.915301322937012
A,7,-5,helix,200,0.5299999713897705,0.08999999612569809,-2.23372220993042,-4.280850410461426,2.925975125962287,11.607888221740723
A,7,-5,only_T2,200,0.019999999552965164,0.3999999761581421,-5.2905473709106445,-2.1111466884613037,1.7369625045425727,11.607888221740723
A,7,-5,only_T5,200,0.0,1.0,-6.112955093383789,-0.8103201389312744,3.2480620810439823e-15,11.607888221740723
A,7,-5,only_T10,200,0.029999999329447746,0.47999998927116394,-4.433034420013428,-2.485872745513916,2.2164994553482167,11.607888221740723
A,7,-5,only_T100,200,0.0,0.9549999833106995,-5.991189002990723,-0.882401704788208,0.7189019735778283,11.607888221740723
A,7,-5,only_lin,200,0.0,0.9599999785423279,-6.053094863891602,-0.8795164227485657,0.3990217558901641,11.607888221740723
A,7,-5,random_orth,200,0.0,0.98499995470047,-6.090127944946289,-0.8415197730064392,2.9259751259622875,11.607888221740723
A,7,-5,real_diff_in_helix_subspace,200,0.45499998331069946,0.08999999612569809,-2.5147545337677,-4.138584613800049,3.0230507657743333,11.607888221740723
A,7,-5,full_swap,200,0.9199999570846558,0.0,-1.038362741470337,-6.551906585693359,6.089481353759766,11.607888221740723
A,8,-5,helix,200,0.5299999713897705,0.0949999988079071,-2.2535672187805176,-4.255509376525879,3.0278240377530823,12.256972312927246
A,8,-5,only_T2,200,0.019999999552965164,0.41499999165534973,-5.300378322601318,-2.078453302383423,1.7880776417494213,12.256972312927246
A,8,-5,only_T5,200,0.0,1.0,-6.112955093383789,-0.8103201389312744,3.38738103722538e-15,12.256972312927246
A,8,-5,only_T10,200,0.029999999329447746,0.48499998450279236,-4.447725296020508,-2.465874671936035,2.299080676041194,12.256972312927246
A,8,-5,only_T100,200,0.0,0.9649999737739563,-6.001192569732666,-0.875628650188446,0.7409570951223354,12.256972312927246
A,8,-5,only_lin,200,0.0,0.9599999785423279,-6.056421279907227,-0.8734424114227295,0.41485636219281935,12.256972312927246
A,8,-5,random_orth,200,0.0,0.98499995470047,-6.1105170249938965,-0.820410430431366,3.0278240377530823,12.256972312927246
A,8,-5,real_diff_in_helix_subspace,200,0.4350000023841858,0.08999999612569809,-2.5670530796051025,-4.1031622886657715,3.161311591026224,12.256972312927246
A,8,-5,full_swap,200,0.8999999761581421,0.0,-1.0560623407363892,-6.500118255615234,6.296699047088623,12.256972312927246
A,9,-5,helix,200,0.5349999666213989,0.08999999612569809,-2.2398452758789062,-4.271812915802002,3.053819853455562,12.649200439453125
A,9,-5,only_T2,200,0.019999999552965164,0.4099999964237213,-5.289454936981201,-2.0929853916168213,1.8079551132068516,12.649200439453125
A,9,-5,only_T5,200,0.0,1.0,-6.112955093383789,-0.8103201389312744,3.427884369078851e-15,12.649200439453125
A,9,-5,only_T10,200,0.03500000014901161,0.4899999797344208,-4.442183971405029,-2.4784295558929443,2.317445803855001,12.649200439453125
A,9,-5,only_T100,200,0.0,0.9649999737739563,-5.997524261474609,-0.8749525547027588,0.7412405000631245,12.649200439453125
A,9,-5,only_lin,200,0.0,0.9599999785423279,-6.058144569396973,-0.8726491928100586,0.4134946098524361,12.649200439453125
A,9,-5,random_orth,200,0.0,1.0,-6.101321220397949,-0.8105730414390564,3.053819853455562,12.649200439453125
A,9,-5,real_diff_in_helix_subspace,200,0.4350000023841858,0.08500000089406967,-2.5839016437530518,-4.120023250579834,3.20377065076398,12.649200439453125
A,9,-5,full_swap,200,0.9049999713897705,0.0,-1.0478793382644653,-6.510779857635498,6.321585655212402,12.649200439453125
A,10,-5,helix,200,0.5399999618530273,0.08500000089406967,-2.1961936950683594,-4.315238952636719,3.2324303174295,13.327048301696777
A,10,-5,only_T2,200,0.02499999850988388,0.38999998569488525,-5.290791988372803,-2.1243555545806885,1.8909787424204365,13.327048301696777
A,10,-5,only_T5,200,0.0,1.0,-6.112955093383789,-0.8103201389312744,3.611338233314006e-15,13.327048301696777
A,10,-5,only_T10,200,0.03999999910593033,0.4599999785423279,-4.3869547843933105,-2.531636953353882,2.4798195504797267,13.327048301696777
A,10,-5,only_T100,200,0.0,0.9699999690055847,-5.997013568878174,-0.8720294833183289,0.7493992972773676,13.327048301696777
A,10,-5,only_lin,200,0.0,0.9649999737739563,-6.058940410614014,-0.8738763928413391,0.4204586591009742,13.327048301696777
A,10,-5,random_orth,200,0.0,0.98499995470047,-6.116337299346924,-0.8167148232460022,3.2324303174295,13.327048301696777
A,10,-5,real_diff_in_helix_subspace,200,0.41999998688697815,0.08500000089406967,-2.582913875579834,-4.130631923675537,3.4012265826554926,13.327048301696777
A,10,-5,full_swap,200,0.9049999713897705,0.0,-1.04267418384552,-6.519917964935303,6.520153999328613,13.327048301696777
A,11,-5,helix,200,0.550000011920929,0.10499999672174454,-2.164992570877075,-4.335447311401367,3.4677847251967244,13.932291030883789
A,11,-5,only_T2,200,0.02499999850988388,0.35999998450279236,-5.270927429199219,-2.1761021614074707,2.0250657805806958,13.932291030883789
A,11,-5,only_T5,200,0.0,1.0,-6.112955093383789,-0.8103201389312744,3.8536132769536276e-15,13.932291030883789
A,11,-5,only_T10,200,0.03999999910593033,0.4350000023841858,-4.3319091796875,-2.604886531829834,2.6782169152167965,13.932291030883789
A,11,-5,only_T100,200,0.0,0.9699999690055847,-5.999320030212402,-0.8725206851959229,0.7659466779140156,13.932291030883789
A,11,-5,only_lin,200,0.0,0.9599999785423279,-6.055331707000732,-0.8732317090034485,0.43692190477938103,13.932291030883789
A,11,-5,random_orth,200,0.0,0.9799999594688416,-6.094982624053955,-0.8303147554397583,3.4677847251967244,13.932291030883789
A,11,-5,real_diff_in_helix_subspace,200,0.41499999165534973,0.09999999403953552,-2.552130699157715,-4.152708530426025,3.6151882359643888,13.932291030883789
A,11,-5,full_swap,200,0.9099999666213989,0.0,-1.0424299240112305,-6.530437469482422,6.773319244384766,13.932291030883789
A,12,-5,helix,200,0.5600000023841858,0.08500000089406967,-2.0984480381011963,-4.371070861816406,3.85303299834521,14.172713279724121
A,12,-5,only_T2,200,0.02499999850988388,0.3349999785423279,-5.284809589385986,-2.180950880050659,2.2661416628103295,14.172713279724121
A,12,-5,only_T5,200,0.0,1.0,-6.112955093383789,-0.8103201389312744,4.2831996536850706e-15,14.172713279724121
A,12,-5,only_T10,200,0.03999999910593033,0.42499998211860657,-4.230726718902588,-2.708081007003784,2.9917571957445728,14.172713279724121
A,12,-5,only_T100,200,0.0,0.9649999737739563,-5.9988274574279785,-0.8735160827636719,0.7921104453022386,14.172713279724121
A,12,-5,only_lin,200,0.0,0.9599999785423279,-6.057135105133057,-0.8744861483573914,0.4410161247430392,14.172713279724121
A,12,-5,random_orth,200,0.0,0.98499995470047,-6.09727668762207,-0.8295089602470398,3.85303299834521,14.172713279724121
A,12,-5,real_diff_in_helix_subspace,200,0.44999998807907104,0.08999999612569809,-2.3780674934387207,-4.229866027832031,3.9706655558820954,14.172713279724121
A,12,-5,full_swap,200,0.9149999618530273,0.0,-1.0415194034576416,-6.533469200134277,7.199163913726807,14.172713279724121
A,13,-5,helix,200,0.5600000023841858,0.09999999403953552,-2.121828317642212,-4.350635051727295,4.120740243211291,15.18982219696045
A,13,-5,only_T2,200,0.02499999850988388,0.3449999988079071,-5.28407096862793,-2.182729482650757,2.4065107959797234,15.18982219696045
A,13,-5,only_T5,200,0.0,1.0,-6.112955093383789,-0.8103201389312744,4.54293906315121e-15,15.18982219696045
A,13,-5,only_T10,200,0.03999999910593033,0.3799999952316284,-4.196252346038818,-2.7459828853607178,3.2044754508716835,15.18982219696045
A,13,-5,only_T100,200,0.0,0.9649999737739563,-5.9972076416015625,-0.8746635317802429,0.8507808390266176,15.18982219696045
A,13,-5,only_lin,200,0.0,0.9549999833106995,-6.054721355438232,-0.8762488961219788,0.46739373031181214,15.18982219696045
A,13,-5,random_orth,200,0.0,0.9950000047683716,-6.103997707366943,-0.8216678500175476,4.120740243211291,15.18982219696045
A,13,-5,real_diff_in_helix_subspace,200,0.45499998331069946,0.10499999672174454,-2.351396083831787,-4.220088481903076,4.231635855568836,15.18982219696045
A,13,-5,full_swap,200,0.9049999713897705,0.0,-1.0400843620300293,-6.524079322814941,7.598444938659668,15.18982219696045
A,14,-5,helix,200,0.48499998450279236,0.125,-2.295713424682617,-4.14607048034668,4.214496597252566,15.471447944641113
A,14,-5,only_T2,200,0.02499999850988388,0.4050000011920929,-5.345311641693115,-2.0378613471984863,2.4746786513276717,15.471447944641113
A,14,-5,only_T5,200,0.0,1.0,-6.112955093383789,-0.8103201389312744,4.597647877799746e-15,15.471447944641113
A,14,-5,only_T10,200,0.029999999329447746,0.39499998092651367,-4.255079746246338,-2.6609761714935303,3.2633265463680403,15.471447944641113
A,14,-5,only_T100,200,0.0,0.9599999785423279,-6.007019519805908,-0.8695418834686279,0.875505080501533,15.471447944641113
A,14,-5,only_lin,200,0.0,0.9549999833106995,-6.056065559387207,-0.8758378624916077,0.4720576074665422,15.471447944641113
A,14,-5,random_orth,200,0.0,0.9749999642372131,-6.088446140289307,-0.831652045249939,4.214496597252566,15.471447944641113
A,14,-5,real_diff_in_helix_subspace,200,0.4050000011920929,0.14999999105930328,-2.5317459106445312,-4.01351261138916,4.342601998382716,15.471447944641113
A,14,-5,full_swap,200,0.8899999856948853,0.004999999888241291,-1.0957324504852295,-6.320001602172852,7.707615852355957,15.471447944641113
A,15,-5,helix,200,0.4899999797344208,0.14000000059604645,-2.291445255279541,-4.151057243347168,4.413222656703737,16.82703399658203
A,15,-5,only_T2,200,0.02499999850988388,0.4050000011920929,-5.342248916625977,-2.0441622734069824,2.545441911512056,16.82703399658203
A,15,-5,only_T5,200,0.0,1.0,-6.112955093383789,-0.8103201389312744,4.796434350877893e-15,16.82703399658203
A,15,-5,only_T10,200,0.029999999329447746,0.38999998569488525,-4.2308807373046875,-2.688067674636841,3.424916695904474,16.82703399658203
A,15,-5,only_T100,200,0.0,0.9699999690055847,-6.005191326141357,-0.8702271580696106,0.9777102066507294,16.82703399658203
A,15,-5,only_lin,200,0.0,0.949999988079071,-6.057352542877197,-0.8769908547401428,0.5375673242273572,16.82703399658203
A,15,-5,random_orth,200,0.0,0.9699999690055847,-6.085657119750977,-0.8281019330024719,4.413222656703738,16.82703399658203
A,15,-5,real_diff_in_helix_subspace,200,0.41499999165534973,0.1599999964237213,-2.530654191970825,-4.009707927703857,4.564312940978427,16.82703399658203
A,15,-5,full_swap,200,0.8949999809265137,0.0,-1.0957869291305542,-6.316520690917969,8.121808052062988,16.82703399658203
A,16,-5,helix,200,0.574999988079071,0.08500000089406967,-1.991761565208435,-4.501426696777344,5.4844509308752585,18.39717674255371
A,16,-5,only_T2,200,0.02499999850988388,0.26499998569488525,-5.2232561111450195,-2.373908519744873,3.0331388550210123,18.39717674255371
A,16,-5,only_T5,200,0.0,1.0,-6.112955093383789,-0.8103201389312744,5.9018938777908245e-15,18.39717674255371
A,16,-5,only_T10,200,0.054999999701976776,0.2750000059604645,-3.954735517501831,-3.2604217529296875,4.362209801894469,18.39717674255371
A,16,-5,only_T100,200,0.0,0.9749999642372131,-6.004582405090332,-0.8742918372154236,1.1951545613239656,18.39717674255371
A,16,-5,only_lin,200,0.0,0.9549999833106995,-6.059130668640137,-0.8828291296958923,0.6281758457097036,18.39717674255371
A,16,-5,random_orth,200,0.0,0.9699999690055847,-6.098207950592041,-0.8301435708999634,5.4844509308752585,18.39717674255371
A,16,-5,real_diff_in_helix_subspace,200,0.5600000023841858,0.0949999988079071,-2.1395742893218994,-4.3838114738464355,5.587559525181255,18.39717674255371
A,16,-5,full_swap,200,0.8999999761581421,0.0,-1.0932319164276123,-6.344555377960205,10.218042373657227,18.39717674255371
A,17,-5,helix,200,0.45499998331069946,0.1550000011920929,-2.497232675552368,-3.949575185775757,5.99522384674209,20.951892852783203
A,17,-5,only_T2,200,0.019999999552965164,0.39499998092651367,-5.338798522949219,-2.0402159690856934,3.2539691788535423,20.951892852783203
A,17,-5,only_T5,200,0.0,1.0,-6.112955093383789,-0.8103201389312744,6.402843399457177e-15,20.951892852783203
A,17,-5,only_T10,200,0.03999999910593033,0.3649999797344208,-4.1888427734375,-2.8577373027801514,4.798996496694218,20.951892852783203
A,17,-5,only_T100,200,0.0,0.9699999690055847,-6.014882564544678,-0.8673551678657532,1.351897104760401,20.951892852783203
A,17,-5,only_lin,200,0.0,0.9649999737739563,-6.089122772216797,-0.8576481938362122,0.7036452863219447,20.951892852783203
A,17,-5,random_orth,200,0.0,0.9799999594688416,-6.098154067993164,-0.8311150670051575,5.99522384674209,20.951892852783203
A,17,-5,real_diff_in_helix_subspace,200,0.41999998688697815,0.17000000178813934,-2.655982494354248,-3.8570644855499268,6.105990054031746,20.951892852783203
A,17,-5,full_swap,200,0.7149999737739563,0.03500000014901161,-1.6024301052093506,-5.480963230133057,11.336889266967773,20.951892852783203
A,18,-5,helix,200,0.4050000011920929,0.19499999284744263,-2.652129650115967,-3.7928168773651123,6.2473670768923215,23.76004409790039
A,18,-5,only_T2,200,0.019999999552965164,0.41999998688697815,-5.3594584465026855,-1.9738287925720215,3.353440455918758,23.76004409790039
A,18,-5,only_T5,200,0.0,1.0,-6.112955093383789,-0.8103201389312744,6.768578928916028e-15,23.76004409790039
A,18,-5,only_T10,200,0.03500000014901161,0.38499999046325684,-4.266838550567627,-2.7628772258758545,5.020514359253941,23.76004409790039
A,18,-5,only_T100,200,0.0,0.9699999690055847,-6.020211696624756,-0.8640880584716797,1.42948991537222,23.76004409790039
A,18,-5,only_lin,200,0.0,0.9749999642372131,-6.095415115356445,-0.8498950600624084,0.7345952723379284,23.76004409790039
A,18,-5,random_orth,200,0.0,0.9699999690055847,-6.097146511077881,-0.8359307646751404,6.2473670768923215,23.76004409790039
A,18,-5,real_diff_in_helix_subspace,200,0.375,0.20999999344348907,-2.8175463676452637,-3.716024398803711,6.372966205212201,23.76004409790039
A,18,-5,full_swap,200,0.6399999856948853,0.07999999821186066,-1.7959681749343872,-5.233070373535156,11.917510032653809,23.76004409790039
A,19,-5,helix,200,0.009999999776482582,0.9300000071525574,-5.719738483428955,-0.9753378629684448,7.0045633878225555,26.6595401763916
A,19,-5,only_T2,200,0.004999999888241291,0.9549999833106995,-6.00438117980957,-0.8608243465423584,3.6730574137839933,26.6595401763916
A,19,-5,only_T5,200,0.0,1.0,-6.112955093383789,-0.8103201389312744,7.722430278316588e-15,26.6595401763916
A,19,-5,only_T10,200,0.0,0.9749999642372131,-5.875477313995361,-0.9042151570320129,5.673718832658331,26.6595401763916
A,19,-5,only_T100,200,0.0,1.0,-6.098042011260986,-0.8158486485481262,1.6315921290334743,26.6595401763916
A,19,-5,only_lin,200,0.0,0.98499995470047,-6.1128740310668945,-0.8175491094589233,0.8682957335421758,26.6595401763916
A,19,-5,random_orth,200,0.0,0.9899999499320984,-6.118612766265869,-0.8111537098884583,7.004563387822556,26.6595401763916
A,19,-5,real_diff_in_helix_subspace,200,0.009999999776482582,0.9399999976158142,-5.739685535430908,-0.9727609157562256,7.182419546684103,26.6595401763916
A,19,-5,full_swap,200,0.009999999776482582,0.8999999761581421,-5.416624546051025,-1.0755797624588013,13.188344955444336,26.6595401763916
A,20,-5,helix,200,0.009999999776482582,0.9249999523162842,-5.709869384765625,-0.9856540560722351,7.81736062809608,29.12655258178711
A,20,-5,only_T2,200,0.004999999888241291,0.949999988079071,-5.994664669036865,-0.8676163554191589,4.14209232289143,29.12655258178711
A,20,-5,only_T5,200,0.0,1.0,-6.112955093383789,-0.8103201389312744,8.64985082987047e-15,29.12655258178711
A,20,-5,only_T10,200,0.0,0.9699999690055847,-5.868894100189209,-0.9095672369003296,6.278796754267768,29.12655258178711
A,20,-5,only_T100,200,0.0,0.9899999499320984,-6.101489067077637,-0.8174818754196167,1.8790332885868966,29.12655258178711
A,20,-5,only_lin,200,0.0,0.98499995470047,-6.110959529876709,-0.8176831007003784,0.9913435292331004,29.12655258178711
A,20,-5,random_orth,200,0.0,0.98499995470047,-6.101780414581299,-0.8143965601921082,7.81736062809608,29.12655258178711
A,20,-5,real_diff_in_helix_subspace,200,0.009999999776482582,0.9399999976158142,-5.729803562164307,-0.979040265083313,8.082259144058124,29.12655258178711
A,20,-5,full_swap,200,0.009999999776482582,0.9049999713897705,-5.456336975097656,-1.065864086151123,14.887145042419434,29.12655258178711
A,21,-5,helix,200,0.0,0.9950000047683716,-6.090347766876221,-0.8183823823928833,8.304497401102715,31.156044006347656
A,21,-5,only_T2,200,0.0,0.98499995470047,-6.112430095672607,-0.8102090358734131,4.399768593347855,31.156044006347656
A,21,-5,only_T5,200,0.0,1.0,-6.112955093383789,-0.8103201389312744,9.166297189110168e-15,31.156044006347656
A,21,-5,only_T10,200,0.0,1.0,-6.10068416595459,-0.813169538974762,6.630355708699955,31.156044006347656
A,21,-5,only_T100,200,0.0,0.9899999499320984,-6.110548973083496,-0.812445878982544,2.099521365890992,31.156044006347656
A,21,-5,only_lin,200,0.0,0.9950000047683716,-6.113708972930908,-0.8155907988548279,1.0672072190517496,31.156044006347656
A,21,-5,random_orth,200,0.0,0.9899999499320984,-6.111318111419678,-0.8107027411460876,8.304497401102715,31.156044006347656
A,21,-5,real_diff_in_helix_subspace,200,0.0,0.9799999594688416,-6.092443943023682,-0.8176419734954834,8.710248746506457,31.156044006347656
A,21,-5,full_swap,200,0.0,0.9799999594688416,-6.042203903198242,-0.8255749344825745,16.06840705871582,31.156044006347656
A,22,-5,helix,200,0.0,0.9950000047683716,-6.089293479919434,-0.8156599998474121,8.786724168731363,32.907222747802734
A,22,-5,only_T2,200,0.0,0.9899999499320984,-6.11179780960083,-0.8099671006202698,4.666816568550303,32.907222747802734
A,22,-5,only_T5,200,0.0,1.0,-6.112955093383789,-0.8103201389312744,9.726280876013075e-15,32.907222747802734
A,22,-5,only_T10,200,0.0,0.98499995470047,-6.10349702835083,-0.8118321299552917,6.9928629640056155,32.907222747802734
A,22,-5,only_T100,200,0.0,0.9899999499320984,-6.1091814041137695,-0.8133407235145569,2.281366992327645,32.907222747802734
A,22,-5,only_lin,200,0.0,0.9950000047683716,-6.1121039390563965,-0.8117972612380981,1.1473933869502633,32.907222747802734
A,22,-5,random_orth,200,0.0,0.9899999499320984,-6.11510705947876,-0.8106086254119873,8.786724168731363,32.907222747802734
A,22,-5,real_diff_in_helix_subspace,200,0.0,0.9799999594688416,-6.092326641082764,-0.8162544965744019,9.305334861636467,32.907222747802734
A,22,-5,full_swap,200,0.0,0.9799999594688416,-6.044312477111816,-0.8183451890945435,17.193809509277344,32.907222747802734
A,23,-5,helix,200,0.0,0.9950000047683716,-6.103418827056885,-0.8113027811050415,9.303269346908083,34.52540588378906
A,23,-5,only_T2,200,0.0,0.9899999499320984,-6.111123085021973,-0.8098120093345642,4.965974407759412,34.52540588378906
A,23,-5,only_T5,200,0.0,1.0,-6.112955093383789,-0.8103201389312744,1.0274654067924928e-14,34.52540588378906
A,23,-5,only_T10,200,0.0,0.98499995470047,-6.116061687469482,-0.8076232671737671,7.373756934707047,34.52540588378906
A,23,-5,only_T100,200,0.0,0.9950000047683716,-6.111358642578125,-0.8122193217277527,2.4517265524863685,34.52540588378906
A,23,-5,only_lin,200,0.0,0.9950000047683716,-6.113807201385498,-0.8108750581741333,1.220694295032787,34.52540588378906
A,23,-5,random_orth,200,0.0,0.9950000047683716,-6.115538597106934,-0.8088513016700745,9.303269346908083,34.52540588378906
A,23,-5,real_diff_in_helix_subspace,200,0.0,0.9899999499320984,-6.105401515960693,-0.8122050166130066,9.948189242915127,34.52540588378906
A,23,-5,full_swap,200,0.0,0.98499995470047,-6.068732738494873,-0.8142713904380798,18.417762756347656,34.52540588378906
A,24,-5,helix,200,0.0,0.9950000047683716,-6.117602825164795,-0.8084259629249573,9.69960664630563,35.936222076416016
A,24,-5,only_T2,200,0.0,0.9950000047683716,-6.111039161682129,-0.8099409937858582,5.165813993193359,35.936222076416016
A,24,-5,only_T5,200,0.0,1.0,-6.112955093383789,-0.8103201389312744,1.0792166201576744e-14,35.936222076416016
A,24,-5,only_T10,200,0.0,0.9899999499320984,-6.121102333068848,-0.8072586059570312,7.682862132203115,35.936222076416016
A,24,-5,only_T100,200,0.0,0.9950000047683716,-6.115549564361572,-0.81101393699646,2.5844630788023095,35.936222076416016
A,24,-5,only_lin,200,0.0,0.9950000047683716,-6.115869045257568,-0.8115103244781494,1.281824789901162,35.936222076416016
A,24,-5,random_orth,200,0.0,0.9899999499320984,-6.1137237548828125,-0.8105302453041077,9.69960664630563,35.936222076416016
A,24,-5,real_diff_in_helix_subspace,200,0.0,0.9950000047683716,-6.1145806312561035,-0.8107311725616455,10.446457405651495,35.936222076416016
A,24,-5,full_swap,200,0.0,0.9899999499320984,-6.107472896575928,-0.8051591515541077,19.402755737304688,35.936222076416016
A,25,-5,helix,200,0.0,0.9950000047683716,-6.113630771636963,-0.8123633861541748,10.151316596073794,37.57331466674805
A,25,-5,only_T2,200,0.0,0.9950000047683716,-6.111721038818359,-0.8102278113365173,5.439683726209539,37.57331466674805
A,25,-5,only_T5,200,0.0,1.0,-6.112955093383789,-0.8103201389312744,1.1312003565887495e-14,37.57331466674805
A,25,-5,only_T10,200,0.0,0.9950000047683716,-6.116576194763184,-0.8095471262931824,8.006205686505169,37.57331466674805
A,25,-5,only_T100,200,0.0,0.9950000047683716,-6.114572525024414,-0.8120687007904053,2.7393275518634677,37.57331466674805
A,25,-5,only_lin,200,0.0,1.0,-6.115747928619385,-0.811233401298523,1.347532157070973,37.57331466674805
A,25,-5,random_orth,200,0.0,0.9899999499320984,-6.118197917938232,-0.8111096024513245,10.151316596073794,37.57331466674805
A,25,-5,real_diff_in_helix_subspace,200,0.0,0.9950000047683716,-6.113516330718994,-0.8124017715454102,11.011749223459752,37.57331466674805
A,25,-5,full_swap,200,0.0,0.9950000047683716,-6.106973648071289,-0.809262216091156,20.52507781982422,37.57331466674805
A,26,-5,helix,200,0.0,1.0,-6.11254358291626,-0.8130766153335571,10.535057920507368,38.891868591308594
A,26,-5,only_T2,200,0.0,0.9950000047683716,-6.112153053283691,-0.8105579018592834,5.631516934030637,38.891868591308594
A,26,-5,only_T5,200,0.0,1.0,-6.112955093383789,-0.8103201389312744,1.1695083638533916e-14,38.891868591308594
A,26,-5,only_T10,200,0.0,1.0,-6.115305423736572,-0.8112568259239197,8.315487634886857,38.891868591308594
A,26,-5,only_T100,200,0.0,0.9950000047683716,-6.113419055938721,-0.8113542199134827,2.845255590858469,38.891868591308594
A,26,-5,only_lin,200,0.0,1.0,-6.113142013549805,-0.8121359944343567,1.396061626639937,38.891868591308594
A,26,-5,random_orth,200,0.0,1.0,-6.117659091949463,-0.8105244040489197,10.535057920507368,38.891868591308594
A,26,-5,real_diff_in_helix_subspace,200,0.0,1.0,-6.112663269042969,-0.8138330578804016,11.468108363259311,38.891868591308594
A,26,-5,full_swap,200,0.0,1.0,-6.11305046081543,-0.8095548748970032,21.402969360351562,38.891868591308594
A,27,-5,helix,200,0.0,1.0,-6.113426208496094,-0.8115118145942688,10.957440327654844,41.07859420776367
A,27,-5,only_T2,200,0.0,1.0,-6.113264083862305,-0.8102102279663086,5.894825915180563,41.07859420776367
A,27,-5,only_T5,200,0.0,1.0,-6.112955093383789,-0.8103201389312744,1.2192814608474729e-14,41.07859420776367
A,27,-5,only_T10,200,0.0,1.0,-6.117382049560547,-0.8097836971282959,8.622094463588121,41.07859420776367
A,27,-5,only_T100,200,0.0,0.9950000047683716,-6.114097595214844,-0.8116850256919861,2.9694117268948457,41.07859420776367
A,27,-5,only_lin,200,0.0,1.0,-6.115053176879883,-0.8110474944114685,1.448901221973814,41.07859420776367
A,27,-5,random_orth,200,0.0,0.9950000047683716,-6.1157355308532715,-0.811302900314331,10.957440327654844,41.07859420776367
A,27,-5,real_diff_in_helix_subspace,200,0.0,1.0,-6.114832401275635,-0.811675488948822,12.0438139313683,41.07859420776367
A,27,-5,full_swap,200,0.0,0.9950000047683716,-6.114080905914307,-0.8095182776451111,22.429786682128906,41.07859420776367
A,28,-5,helix,200,0.0,1.0,-6.115541934967041,-0.8116520643234253,11.335774795514794,43.05048370361328
A,28,-5,only_T2,200,0.0,1.0,-6.112508296966553,-0.8102035522460938,6.054066875995418,43.05048370361328
A,28,-5,only_T5,200,0.0,1.0,-6.112955093383789,-0.8103201389312744,1.2596329212603007e-14,43.05048370361328
A,28,-5,only_T10,200,0.0,1.0,-6.115617752075195,-0.8097496032714844,8.949846602955057,43.05048370361328
A,28,-5,only_T100,200,0.0,1.0,-6.1139092445373535,-0.8116123676300049,3.065284454484612,43.05048370361328
A,28,-5,only_lin,200,0.0,1.0,-6.113977432250977,-0.8111661076545715,1.4889666361369518,43.05048370361328
A,28,-5,random_orth,200,0.0,1.0,-6.111376762390137,-0.8102720379829407,11.335774795514794,43.05048370361328
A,28,-5,real_diff_in_helix_subspace,200,0.0,1.0,-6.115060806274414,-0.8119663596153259,12.50103082468737,43.05048370361328
A,28,-5,full_swap,200,0.0,1.0,-6.11717414855957,-0.808775782585144,23.329389572143555,43.05048370361328
A,29,-5,helix,200,0.0,1.0,-6.113484859466553,-0.8121303915977478,11.757521896804862,45.93095397949219
A,29,-5,only_T2,200,0.0,1.0,-6.113790035247803,-0.8101698756217957,6.304692502109328,45.93095397949219
A,29,-5,only_T5,200,0.0,1.0,-6.112955093383789,-0.8103201389312744,1.3121404135156755e-14,45.93095397949219
A,29,-5,only_T10,200,0.0,1.0,-6.114616394042969,-0.8103073835372925,9.266095138959527,45.93095397949219
A,29,-5,only_T100,200,0.0,1.0,-6.114360332489014,-0.8112627863883972,3.184904835228272,45.93095397949219
A,29,-5,only_lin,200,0.0,1.0,-6.11345100402832,-0.8116409182548523,1.5573891830207498,45.93095397949219
A,29,-5,random_orth,200,0.0,1.0,-6.11428689956665,-0.8109418153762817,11.757521896804862,45.93095397949219
A,29,-5,real_diff_in_helix_subspace,200,0.0,1.0,-6.11619234085083,-0.8122768402099609,13.042948144238137,45.93095397949219
A,29,-5,full_swap,200,0.0,1.0,-6.118679046630859,-0.8084306716918945,24.360097885131836,45.93095397949219
A,30,-5,helix,200,0.0,1.0,-6.113207817077637,-0.8118289709091187,12.260384317846523,56.22380065917969
A,30,-5,only_T2,200,0.0,1.0,-6.112762928009033,-0.809932291507721,6.680979186977213,56.22380065917969
A,30,-5,only_T5,200,0.0,1.0,-6.112955093383789,-0.8103201389312744,1.3753318295643396e-14,56.22380065917969
A,30,-5,only_T10,200,0.0,1.0,-6.114190578460693,-0.810678243637085,9.573042513240598,56.22380065917969
A,30,-5,only_T100,200,0.0,1.0,-6.114485740661621,-0.8106349110603333,3.3527037846721375,56.22380065917969
A,30,-5,only_lin,200,0.0,1.0,-6.113033771514893,-0.811325192451477,1.6328979340044867,56.22380065917969
A,30,-5,random_orth,200,0.0,1.0,-6.112692832946777,-0.8106741309165955,12.260384317846523,56.22380065917969
A,30,-5,real_diff_in_helix_subspace,200,0.0,1.0,-6.114079475402832,-0.8124540448188782,13.85238029107295,56.22380065917969
A,30,-5,full_swap,200,0.0,1.0,-6.117259979248047,-0.8097822666168213,25.705429077148438,56.22380065917969
A,31,-5,helix,200,0.0,1.0,-6.112955093383789,-0.8103201389312744,13.179401143272422,75.77980041503906
A,31,-5,only_T2,200,0.0,1.0,-6.112955093383789,-0.8103201389312744,7.259843126990519,75.77980041503906
A,31,-5,only_T5,200,0.0,1.0,-6.112955093383789,-0.8103201389312744,1.4872075085606103e-14,75.77980041503906
A,31,-5,only_T10,200,0.0,1.0,-6.112955093383789,-0.8103201389312744,10.215589445509847,75.77980041503906
A,31,-5,only_T100,200,0.0,1.0,-6.112955093383789,-0.8103201389312744,3.6186673388087747,75.77980041503906
A,31,-5,only_lin,200,0.0,1.0,-6.112955093383789,-0.8103201389312744,1.747143381226254,75.77980041503906
A,31,-5,random_orth,200,0.0,1.0,-6.112955093383789,-0.8103201389312744,13.179401143272422,75.77980041503906
A,31,-5,real_diff_in_helix_subspace,200,0.0,1.0,-6.112955093383789,-0.8103201389312744,15.18781836904093,75.77980041503906
A,31,-5,full_swap,200,0.0,1.0,-6.112955093383789,-0.8103201389312744,27.905855178833008,75.77980041503906
A,0,-2,helix,200,0.7649999856948853,0.13499999046325684,-1.4898709058761597,-3.410085916519165,1.794629176955265,4.6765055656433105
A,0,-2,only_T2,200,0.0,1.0,-4.881458759307861,-0.8104438781738281,0.0,4.6765055656433105
A,0,-2,only_T5,200,0.375,0.4899999797344208,-2.6944026947021484,-2.205082416534424,1.5182989992509155,4.6765055656433105
A,0,-2,only_T10,200,0.029999999329447746,0.9149999618530273,-4.365245819091797,-0.9956786036491394,0.9423909815723945,4.6765055656433105
A,0,-2,only_T100,200,0.0,0.9950000047683716,-4.856542110443115,-0.8269932866096497,0.19477732097224632,4.6765055656433105
A,0,-2,only_lin,200,0.0,0.9950000047683716,-4.87380838394165,-0.8226809501647949,0.09721145852764825,4.6765055656433105
A,0,-2,random_orth,200,0.0,0.9899999499320984,-4.872354507446289,-0.8295808434486389,1.794629176955265,4.6765055656433105
A,0,-2,real_diff_in_helix_subspace,200,0.5450000166893005,0.3799999952316284,-2.298320770263672,-2.848731517791748,1.5721180078598807,4.6765055656433105
A,0,-2,full_swap,200,0.9549999833106995,0.009999999776482582,-0.8810650706291199,-5.172605037689209,4.186142444610596,4.6765055656433105
A,1,-2,helix,200,0.7649999856948853,0.1550000011920929,-1.5148016214370728,-3.412426710128784,1.7986787998022264,5.4998040199279785
A,1,-2,only_T2,200,0.0,1.0,-4.881458759307861,-0.8104438781738281,0.0,5.4998040199279785
A,1,-2,only_T5,200,0.3649999797344208,0.4699999988079071,-2.6889984607696533,-2.2066993713378906,1.520547816202848,5.4998040199279785
A,1,-2,only_T10,200,0.02499999850988388,0.9099999666213989,-4.35325288772583,-1.0063856840133667,0.9456311851079591,5.4998040199279785
A,1,-2,only_T100,200,0.0,0.9950000047683716,-4.857109069824219,-0.8242127895355225,0.19896382880814456,5.4998040199279785
A,1,-2,only_lin,200,0.0,0.9950000047683716,-4.871260643005371,-0.8281280994415283,0.10059819173133562,5.4998040199279785
A,1,-2,random_orth,200,0.0,0.9799999594688416,-4.876162528991699,-0.845971941947937,1.7986787998022264,5.4998040199279785
A,1,-2,real_diff_in_helix_subspace,200,0.5649999976158142,0.35499998927116394,-2.215357542037964,-2.9170939922332764,1.6155268007563381,5.4998040199279785
A,1,-2,full_swap,200,0.9749999642372131,0.009999999776482582,-0.8635237216949463,-5.141196250915527,4.212942600250244,5.4998040199279785
A,2,-2,helix,200,0.7899999618530273,0.13499999046325684,-1.487274408340454,-3.438542366027832,1.844580836634624,6.470922946929932
A,2,-2,only_T2,200,0.0,1.0,-4.881458759307861,-0.8104438781738281,0.0,6.470922946929932
A,2,-2,only_T5,200,0.3649999797344208,0.4749999940395355,-2.6981828212738037,-2.2043559551239014,1.558580339120399,6.470922946929932
A,2,-2,only_T10,200,0.029999999329447746,0.9049999713897705,-4.35417366027832,-1.0118927955627441,0.9683165922740664,6.470922946929932
A,2,-2,only_T100,200,0.0,0.9950000047683716,-4.858595371246338,-0.8267302513122559,0.20715126770067596,6.470922946929932
A,2,-2,only_lin,200,0.0,0.9950000047683716,-4.874274730682373,-0.8275414705276489,0.10753633956746675,6.470922946929932
A,2,-2,random_orth,200,0.0,0.9799999594688416,-4.8871893882751465,-0.8233263492584229,1.844580836634624,6.470922946929932
A,2,-2,real_diff_in_helix_subspace,200,0.574999988079071,0.3349999785423279,-2.143981695175171,-2.943019151687622,1.6915239011327474,6.470922946929932
A,2,-2,full_swap,200,0.9599999785423279,0.009999999776482582,-0.8741240501403809,-5.137641429901123,4.305316925048828,6.470922946929932
A,3,-2,helix,200,0.7649999856948853,0.1599999964237213,-1.5117524862289429,-3.429563283920288,2.095701804355311,7.894548416137695
A,3,-2,only_T2,200,0.0,1.0,-4.881458759307861,-0.8104438781738281,0.0,7.894548416137695
A,3,-2,only_T5,200,0.3700000047683716,0.4599999785423279,-2.701707601547241,-2.233781576156616,1.7502462334108781,7.894548416137695
A,3,-2,only_T10,200,0.02499999850988388,0.9049999713897705,-4.34731912612915,-1.0227227210998535,1.1343421944947374,7.894548416137695
A,3,-2,only_T100,200,0.0,0.9950000047683716,-4.8545355796813965,-0.8268420100212097,0.23116200564846667,7.894548416137695
A,3,-2,only_lin,200,0.0,0.9950000047683716,-4.873562335968018,-0.8292930126190186,0.12042011195439624,7.894548416137695
A,3,-2,random_orth,200,0.0,0.9799999594688416,-4.874948501586914,-0.8326124548912048,2.095701804355311,7.894548416137695
A,3,-2,real_diff_in_helix_subspace,200,0.6100000143051147,0.29999998211860657,-1.9840046167373657,-3.073298931121826,1.9927764403757104,7.894548416137695
A,3,-2,full_swap,200,0.9399999976158142,0.009999999776482582,-0.891900897026062,-5.1385111808776855,4.7105512619018555,7.894548416137695
A,4,-2,helix,200,0.7450000047683716,0.17499999701976776,-1.5521564483642578,-3.3574159145355225,2.175585419302116,8.855854034423828
A,4,-2,only_T2,200,0.0,1.0,-4.881458759307861,-0.8104438781738281,0.0,8.855854034423828
A,4,-2,only_T5,200,0.3499999940395355,0.4650000035762787,-2.7320470809936523,-2.192354917526245,1.815035527714179,8.855854034423828
A,4,-2,only_T10,200,0.029999999329447746,0.9049999713897705,-4.35795259475708,-1.0153356790542603,1.1764786795221118,8.855854034423828
A,4,-2,only_T100,200,0.0,0.9950000047683716,-4.861739158630371,-0.8278110027313232,0.243384487750803,8.855854034423828
A,4,-2,only_lin,200,0.0,0.9950000047683716,-4.872898578643799,-0.8288044333457947,0.13179668958436377,8.855854034423828
A,4,-2,random_orth,200,0.0,0.9950000047683716,-4.878226280212402,-0.8149820566177368,2.175585419302116,8.855854034423828
A,4,-2,real_diff_in_helix_subspace,200,0.6100000143051147,0.3050000071525574,-1.9868310689926147,-3.047471284866333,2.0897496083358162,8.855854034423828
A,4,-2,full_swap,200,0.9549999833106995,0.014999999664723873,-0.8886942863464355,-5.057485103607178,4.900196075439453,8.855854034423828
A,5,-2,helix,200,0.6949999928474426,0.2149999886751175,-1.6734826564788818,-3.179638385772705,2.311356635317801,9.716248512268066
A,5,-2,only_T2,200,0.0,1.0,-4.881458759307861,-0.8104438781738281,0.0,9.716248512268066
A,5,-2,only_T5,200,0.3349999785423279,0.5149999856948853,-2.8373968601226807,-2.076709747314453,1.9371494334896835,9.716248512268066
A,5,-2,only_T10,200,0.02499999850988388,0.9149999618530273,-4.3864898681640625,-0.9976431131362915,1.2348067428447935,9.716248512268066
A,5,-2,only_T100,200,0.0,0.9950000047683716,-4.86019229888916,-0.8296841382980347,0.2588131874659847,9.716248512268066
A,5,-2,only_lin,200,0.0,0.9950000047683716,-4.872912883758545,-0.8287695050239563,0.14453083803041633,9.716248512268066
A,5,-2,random_orth,200,0.0,0.9899999499320984,-4.867835998535156,-0.8218716382980347,2.3113566353178006,9.716248512268066
A,5,-2,real_diff_in_helix_subspace,200,0.574999988079071,0.32999998331069946,-2.0582196712493896,-2.943298816680908,2.253862789386582,9.716248512268066
A,5,-2,full_swap,200,0.949999988079071,0.019999999552965164,-0.9018517732620239,-4.925482749938965,5.170952320098877,9.716248512268066
A,6,-2,helix,200,0.7099999785423279,0.20499999821186066,-1.673802137374878,-3.2054851055145264,2.5002996089178198,10.817371368408203
A,6,-2,only_T2,200,0.0,1.0,-4.881458759307861,-0.8104438781738281,0.0,10.817371368408203
A,6,-2,only_T5,200,0.35999998450279236,0.4749999940395355,-2.8067400455474854,-2.1127285957336426,2.137124974218213,10.817371368408203
A,6,-2,only_T10,200,0.03500000014901161,0.9049999713897705,-4.373074054718018,-1.0068691968917847,1.2715875768358642,10.817371368408203
A,6,-2,only_T100,200,0.0,0.9950000047683716,-4.85979700088501,-0.825287938117981,0.27595513568854707,10.817371368408203
A,6,-2,only_lin,200,0.0,0.9950000047683716,-4.872469902038574,-0.8300378918647766,0.15511275275716696,10.817371368408203
A,6,-2,random_orth,200,0.0,0.9950000047683716,-4.867859363555908,-0.8187365531921387,2.5002996089178198,10.817371368408203
A,6,-2,real_diff_in_helix_subspace,200,0.6049999594688416,0.29499998688697815,-2.0177578926086426,-3.009627103805542,2.4973965990067444,10.817371368408203
A,6,-2,full_swap,200,0.9449999928474426,0.019999999552965164,-0.9006710648536682,-4.9477219581604,5.428265571594238,10.817371368408203
A,7,-2,helix,200,0.7049999833106995,0.20999999344348907,-1.682854175567627,-3.1864094734191895,2.557585100201738,11.533921241760254
A,7,-2,only_T2,200,0.0,1.0,-4.881458759307861,-0.8104438781738281,0.0,11.533921241760254
A,7,-2,only_T5,200,0.3499999940395355,0.4899999797344208,-2.8234591484069824,-2.102071523666382,2.1823140763728937,11.533921241760254
A,7,-2,only_T10,200,0.029999999329447746,0.9099999666213989,-4.36941385269165,-1.0063108205795288,1.3042348338380305,11.533921241760254
A,7,-2,only_T100,200,0.0,0.9899999499320984,-4.863718032836914,-0.8268537521362305,0.29057092212802976,11.533921241760254
A,7,-2,only_lin,200,0.0,0.9950000047683716,-4.87410306930542,-0.8296787142753601,0.15960870235606564,11.533921241760254
A,7,-2,random_orth,200,0.0,0.9950000047683716,-4.892245292663574,-0.8162904381752014,2.5575851002017385,11.533921241760254
A,7,-2,real_diff_in_helix_subspace,200,0.5849999785423279,0.3050000071525574,-2.02148699760437,-3.0179007053375244,2.5844922325421487,11.533921241760254
A,7,-2,full_swap,200,0.949999988079071,0.019999999552965164,-0.9014904499053955,-4.928223133087158,5.548573017120361,11.533921241760254
A,8,-2,helix,200,0.6899999976158142,0.2149999886751175,-1.6995795965194702,-3.151613473892212,2.658664321196243,12.20471477508545
A,8,-2,only_T2,200,0.0,1.0,-4.881458759307861,-0.8104438781738281,0.0,12.20471477508545
A,8,-2,only_T5,200,0.3499999940395355,0.4949999749660492,-2.82772159576416,-2.0836639404296875,2.270500508232816,12.20471477508545
A,8,-2,only_T10,200,0.029999999329447746,0.9099999666213989,-4.380871295928955,-0.997677743434906,1.3530254082117443,12.20471477508545
A,8,-2,only_T100,200,0.0,0.9950000047683716,-4.8645453453063965,-0.8242824077606201,0.2996002258940066,12.20471477508545
A,8,-2,only_lin,200,0.0,0.9950000047683716,-4.873799800872803,-0.8276861906051636,0.16594254487712776,12.20471477508545
A,8,-2,random_orth,200,0.0,0.9950000047683716,-4.882843494415283,-0.8106393218040466,2.658664321196243,12.20471477508545
A,8,-2,real_diff_in_helix_subspace,200,0.5849999785423279,0.29999998211860657,-2.020923614501953,-3.0156774520874023,2.7230384873198052,12.20471477508545
A,8,-2,full_swap,200,0.9449999928474426,0.019999999552965164,-0.9067330956459045,-4.89723014831543,5.751806735992432,12.20471477508545
A,9,-2,helix,200,0.6899999976158142,0.2199999988079071,-1.6866103410720825,-3.1719493865966797,2.685275871892287,12.625530242919922
A,9,-2,only_T2,200,0.0,1.0,-4.881458759307861,-0.8104438781738281,0.0,12.625530242919922
A,9,-2,only_T5,200,0.35499998927116394,0.4949999749660492,-2.8215749263763428,-2.0982537269592285,2.297026388224937,12.625530242919922
A,9,-2,only_T10,200,0.029999999329447746,0.9099999666213989,-4.376553058624268,-1.001887321472168,1.3637222449319748,12.625530242919922
A,9,-2,only_T100,200,0.0,0.9950000047683716,-4.864147186279297,-0.8243638277053833,0.2997495521550278,12.625530242919922
A,9,-2,only_lin,200,0.0,0.9950000047683716,-4.87610387802124,-0.8281266689300537,0.16539784394097454,12.625530242919922
A,9,-2,random_orth,200,0.0,0.9950000047683716,-4.87033224105835,-0.8156989812850952,2.685275871892287,12.625530242919922
A,9,-2,real_diff_in_helix_subspace,200,0.5949999690055847,0.29499998688697815,-1.9885594844818115,-3.021667957305908,2.7706674168543155,12.625530242919922
A,9,-2,full_swap,200,0.9399999976158142,0.029999999329447746,-0.9132388234138489,-4.898265838623047,5.783144474029541,12.625530242919922
A,10,-2,helix,200,0.7199999690055847,0.19499999284744263,-1.6281335353851318,-3.248145580291748,2.838581668364494,13.308998107910156
A,10,-2,only_T2,200,0.0,1.0,-4.881458759307861,-0.8104438781738281,0.0,13.308998107910156
A,10,-2,only_T5,200,0.3799999952316284,0.4699999988079071,-2.773883581161499,-2.147643804550171,2.421677255334001,13.308998107910156
A,10,-2,only_T10,200,0.02499999850988388,0.9099999666213989,-4.357916831970215,-1.0061116218566895,1.4599417973070075,13.308998107910156
A,10,-2,only_T100,200,0.0,0.9899999499320984,-4.861900806427002,-0.8247120380401611,0.30300948557022,13.308998107910156
A,10,-2,only_lin,200,0.0,0.9950000047683716,-4.87337589263916,-0.8303141593933105,0.16818346364038972,13.308998107910156
A,10,-2,random_orth,200,0.0,0.9950000047683716,-4.870798110961914,-0.8200159072875977,2.838581668364495,13.308998107910156
A,10,-2,real_diff_in_helix_subspace,200,0.5999999642372131,0.29499998688697815,-1.9633382558822632,-3.06552791595459,2.9243502096211165,13.308998107910156
A,10,-2,full_swap,200,0.9399999976158142,0.029999999329447746,-0.9132935404777527,-4.904939651489258,5.933004856109619,13.308998107910156
A,11,-2,helix,200,0.73499995470047,0.1899999976158142,-1.5763882398605347,-3.329719066619873,3.040773149435483,13.936903953552246
A,11,-2,only_T2,200,0.0,1.0,-4.881458759307861,-0.8104438781738281,0.0,13.936903953552246
A,11,-2,only_T5,200,0.3700000047683716,0.4449999928474426,-2.711174249649048,-2.2526657581329346,2.5871549647079273,13.936903953552246
A,11,-2,only_T10,200,0.03500000014901161,0.8999999761581421,-4.342134475708008,-1.0336177349090576,1.5772228397359027,13.936903953552246
A,11,-2,only_T100,200,0.0,0.9899999499320984,-4.861023902893066,-0.8240556120872498,0.30982028136032513,13.936903953552246
A,11,-2,only_lin,200,0.0,0.9950000047683716,-4.873251438140869,-0.8286651968955994,0.17476876191175245,13.936903953552246
A,11,-2,random_orth,200,0.0,0.98499995470047,-4.8744893074035645,-0.8122752904891968,3.040773149435483,13.936903953552246
A,11,-2,real_diff_in_helix_subspace,200,0.625,0.2849999964237213,-1.9348359107971191,-3.074697732925415,3.1395048773604812,13.936903953552246
A,11,-2,full_swap,200,0.9350000023841858,0.02499999850988388,-0.9095719456672668,-4.923012733459473,6.156025409698486,13.936903953552246
A,12,-2,helix,200,0.7599999904632568,0.17499999701976776,-1.552230954170227,-3.3822431564331055,3.3801088615651214,14.163921356201172
A,12,-2,only_T2,200,0.0,1.0,-4.881458759307861,-0.8104438781738281,0.0,14.163921356201172
A,12,-2,only_T5,200,0.41499999165534973,0.4099999964237213,-2.624662160873413,-2.34584641456604,2.873033065630932,14.163921356201172
A,12,-2,only_T10,200,0.03999999910593033,0.8899999856948853,-4.291508674621582,-1.0637072324752808,1.7615042411575752,14.163921356201172
A,12,-2,only_T100,200,0.0,0.9899999499320984,-4.864530563354492,-0.8250797986984253,0.32043150959874867,14.163921356201172
A,12,-2,only_lin,200,0.0,0.9950000047683716,-4.873897075653076,-0.8278719782829285,0.17640644989721568,14.163921356201172
A,12,-2,random_orth,200,0.0,0.9950000047683716,-4.877771854400635,-0.8136259317398071,3.3801088615651214,14.163921356201172
A,12,-2,real_diff_in_helix_subspace,200,0.6850000023841858,0.22999998927116394,-1.7289217710494995,-3.299471616744995,3.4677592922276843,14.163921356201172
A,12,-2,full_swap,200,0.9399999976158142,0.02499999850988388,-0.9042062759399414,-4.921586990356445,6.551116466522217,14.163921356201172
A,13,-2,helix,200,0.7649999856948853,0.17000000178813934,-1.553985834121704,-3.3849003314971924,3.5970283865924677,15.132987976074219
A,13,-2,only_T2,200,0.0,1.0,-4.881458759307861,-0.8104438781738281,0.0,15.132987976074219
A,13,-2,only_T5,200,0.41499999165534973,0.39499998092651367,-2.6261322498321533,-2.375237464904785,3.061306641316297,15.132987976074219
A,13,-2,only_T10,200,0.029999999329447746,0.8999999761581421,-4.2868266105651855,-1.0618329048156738,1.8857432079248952,15.132987976074219
A,13,-2,only_T100,200,0.0,0.9899999499320984,-4.862184047698975,-0.8256863355636597,0.344353502835471,15.132987976074219
A,13,-2,only_lin,200,0.0,0.9950000047683716,-4.874988555908203,-0.8275008797645569,0.18695749212472493,15.132987976074219
A,13,-2,random_orth,200,0.0,0.9899999499320984,-4.872289180755615,-0.8069952130317688,3.5970283865924677,15.132987976074219
A,13,-2,real_diff_in_helix_subspace,200,0.699999988079071,0.22499999403953552,-1.7411396503448486,-3.2664592266082764,3.67016158556916,15.132987976074219
A,13,-2,full_swap,200,0.9399999976158142,0.019999999552965164,-0.9040812253952026,-4.918770790100098,6.855035305023193,15.132987976074219
A,14,-2,helix,200,0.7249999642372131,0.2149999886751175,-1.6550124883651733,-3.2205235958099365,3.651755014450937,15.411042213439941
A,14,-2,only_T2,200,0.0,1.0,-4.881458759307861,-0.8104438781738281,0.0,15.411042213439941
A,14,-2,only_T5,200,0.375,0.429999977350235,-2.7259020805358887,-2.2650647163391113,3.1015371479028433,15.411042213439941
A,14,-2,only_T10,200,0.029999999329447746,0.8999999761581421,-4.305603981018066,-1.040378451347351,1.920491505724022,15.411042213439941
A,14,-2,only_T100,200,0.0,0.9950000047683716,-4.863221168518066,-0.8245867490768433,0.354596193948167,15.411042213439941
A,14,-2,only_lin,200,0.0,0.9950000047683716,-4.874513626098633,-0.8279336094856262,0.18882304298661687,15.411042213439941
A,14,-2,random_orth,200,0.0,0.98499995470047,-4.8900227546691895,-0.8226384520530701,3.651755014450937,15.411042213439941
A,14,-2,real_diff_in_helix_subspace,200,0.6399999856948853,0.29999998211860657,-1.8676226139068604,-3.091453790664673,3.732651983989266,15.411042213439941
A,14,-2,full_swap,200,0.9350000023841858,0.03500000014901161,-0.9382755160331726,-4.7503838539123535,6.930418014526367,15.411042213439941
A,15,-2,helix,200,0.7400000095367432,0.20999999344348907,-1.6205387115478516,-3.2628109455108643,3.821668244755304,16.762792587280273
A,15,-2,only_T2,200,0.0,1.0,-4.881458759307861,-0.8104438781738281,0.0,16.762792587280273
A,15,-2,only_T5,200,0.38999998569488525,0.41499999165534973,-2.692716598510742,-2.3111605644226074,3.2398608146579786,16.762792587280273
A,15,-2,only_T10,200,0.02499999850988388,0.8999999761581421,-4.297770977020264,-1.0462491512298584,2.0153538590903644,16.762792587280273
A,15,-2,only_T100,200,0.0,0.9950000047683716,-4.864798545837402,-0.8232495188713074,0.3970258859991988,16.762792587280273
A,15,-2,only_lin,200,0.0,0.9950000047683716,-4.876014709472656,-0.8284801244735718,0.21502692969094286,16.762792587280273
A,15,-2,random_orth,200,0.0,1.0,-4.878938674926758,-0.8133206963539124,3.821668244755304,16.762792587280273
A,15,-2,real_diff_in_helix_subspace,200,0.6399999856948853,0.29499998688697815,-1.8556066751480103,-3.102759838104248,3.917899335856081,16.762792587280273
A,15,-2,full_swap,200,0.9300000071525574,0.03999999910593033,-0.9383364915847778,-4.741218090057373,7.299637317657471,16.762792587280273
A,16,-2,helix,200,0.8050000071525574,0.1599999964237213,-1.463348627090454,-3.6039562225341797,4.774930133904766,18.327035903930664
A,16,-2,only_T2,200,0.0,1.0,-4.881458759307861,-0.8104438781738281,0.0,18.327035903930664
A,16,-2,only_T5,200,0.4749999940395355,0.3149999976158142,-2.4776594638824463,-2.7012646198272705,3.997975458404817,18.327035903930664
A,16,-2,only_T10,200,0.03999999910593033,0.8650000095367432,-4.112723350524902,-1.179430603981018,2.5668807980318515,18.327035903930664
A,16,-2,only_T100,200,0.0,0.9950000047683716,-4.8663434982299805,-0.8250730037689209,0.48400707105788987,18.327035903930664
A,16,-2,only_lin,200,0.0,0.9950000047683716,-4.87278413772583,-0.8293357491493225,0.2512703382838815,18.327035903930664
A,16,-2,random_orth,200,0.0,0.98499995470047,-4.873607158660889,-0.829894483089447,4.774930133904766,18.327035903930664
A,16,-2,real_diff_in_helix_subspace,200,0.7400000095367432,0.19499999284744263,-1.5423122644424438,-3.555582284927368,4.929319048662089,18.327035903930664
A,16,-2,full_swap,200,0.9350000023841858,0.029999999329447746,-0.9323437213897705,-4.760859966278076,9.316494941711426,18.327035903930664
A,17,-2,helix,200,0.675000011920929,0.2750000059604645,-1.791357398033142,-3.02382755279541,5.202519055788778,20.855449676513672
A,17,-2,only_T2,200,0.0,1.0,-4.881458759307861,-0.8104438781738281,0.0,20.855449676513672
A,17,-2,only_T5,200,0.3799999952316284,0.429999977350235,-2.778796434402466,-2.2251505851745605,4.332322943259364,20.855449676513672
A,17,-2,only_T10,200,0.03500000014901161,0.8849999904632568,-4.205357074737549,-1.076795220375061,2.823511600109281,20.855449676513672
A,17,-2,only_T100,200,0.0,0.9899999499320984,-4.8642144203186035,-0.8248641490936279,0.5468097261452667,20.855449676513672
A,17,-2,only_lin,200,0.0,0.9950000047683716,-4.878488540649414,-0.823476254940033,0.28145811452877795,20.855449676513672
A,17,-2,random_orth,200,0.0,0.9899999499320984,-4.87201452255249,-0.8247016668319702,5.202519055788778,20.855449676513672
A,17,-2,real_diff_in_helix_subspace,200,0.625,0.3149999976158142,-1.9126461744308472,-2.9934778213500977,5.314307540775765,20.855449676513672
A,17,-2,full_swap,200,0.8149999976158142,0.11999999731779099,-1.257297396659851,-3.971017360687256,10.23165512084961,20.855449676513672
A,18,-2,helix,200,0.6299999952316284,0.3149999976158142,-1.9328967332839966,-2.8768627643585205,5.481518912438908,23.635780334472656
A,18,-2,only_T2,200,0.0,1.0,-4.881458759307861,-0.8104438781738281,0.0,23.635780334472656
A,18,-2,only_T5,200,0.3449999988079071,0.4949999749660492,-2.8800466060638428,-2.1171298027038574,4.583679134759989,23.635780334472656
A,18,-2,only_T10,200,0.03500000014901161,0.8949999809265137,-4.230424880981445,-1.0611660480499268,2.9536616772923803,23.635780334472656
A,18,-2,only_T100,200,0.0,0.9950000047683716,-4.866343975067139,-0.8247500658035278,0.5783338214875553,23.635780334472656
A,18,-2,only_lin,200,0.0,0.9950000047683716,-4.878108024597168,-0.8206250667572021,0.29383810893517137,23.635780334472656
A,18,-2,random_orth,200,0.0,0.9749999642372131,-4.879749298095703,-0.8418353796005249,5.481518912438908,23.635780334472656
A,18,-2,real_diff_in_helix_subspace,200,0.5949999690055847,0.3349999785423279,-2.081881046295166,-2.853480577468872,5.565071797806988,23.635780334472656
A,18,-2,full_swap,200,0.7549999952316284,0.16499999165534973,-1.4483678340911865,-3.766152858734131,10.78652572631836,23.635780334472656
A,19,-2,helix,200,0.019999999552965164,0.9350000023841858,-4.510029315948486,-0.9338509440422058,6.2385748249272455,26.534339904785156
A,19,-2,only_T2,200,0.0,1.0,-4.881458759307861,-0.8104438781738281,0.0,26.534339904785156
A,19,-2,only_T5,200,0.019999999552965164,0.9699999690055847,-4.620609760284424,-0.8878057599067688,5.225031410859248,26.534339904785156
A,19,-2,only_T10,200,0.0,0.9699999690055847,-4.802710056304932,-0.8409947156906128,3.340174051679899,26.534339904785156
A,19,-2,only_T100,200,0.0,1.0,-4.879157543182373,-0.8121711611747742,0.6614123697094175,26.534339904785156
A,19,-2,only_lin,200,0.0,1.0,-4.8793792724609375,-0.8120338320732117,0.34731829341687037,26.534339904785156
A,19,-2,random_orth,200,0.0,0.9950000047683716,-4.874449253082275,-0.8110479712486267,6.2385748249272455,26.534339904785156
A,19,-2,real_diff_in_helix_subspace,200,0.014999999664723873,0.949999988079071,-4.528182506561279,-0.9152873158454895,6.351594214168881,26.534339904785156
A,19,-2,full_swap,200,0.03999999910593033,0.9199999570846558,-4.253006458282471,-1.003205418586731,11.984184265136719,26.534339904785156
A,20,-2,helix,200,0.019999999552965164,0.9399999976158142,-4.50267219543457,-0.9396260380744934,6.967751513215086,28.971895217895508
A,20,-2,only_T2,200,0.0,1.0,-4.881458759307861,-0.8104438781738281,0.0,28.971895217895508
A,20,-2,only_T5,200,0.019999999552965164,0.9699999690055847,-4.6082234382629395,-0.8907727003097534,5.851751887005767,28.971895217895508
A,20,-2,only_T10,200,0.0,0.9699999690055847,-4.798351764678955,-0.8419368267059326,3.6957865911606427,28.971895217895508
A,20,-2,only_T100,200,0.0,0.9950000047683716,-4.877862930297852,-0.8128526210784912,0.7618515376260624,28.971895217895508
A,20,-2,only_lin,200,0.0,1.0,-4.881544589996338,-0.8115259408950806,0.39653741169324014,28.971895217895508
A,20,-2,random_orth,200,0.0,1.0,-4.882945537567139,-0.8120839595794678,6.9677515132150845,28.971895217895508
A,20,-2,real_diff_in_helix_subspace,200,0.019999999552965164,0.9549999833106995,-4.525976657867432,-0.9193571209907532,7.042291576239308,28.971895217895508
A,20,-2,full_swap,200,0.03500000014901161,0.9249999523162842,-4.269720554351807,-1.0040103197097778,13.463517189025879,28.971895217895508
A,21,-2,helix,200,0.0,0.9899999499320984,-4.8627166748046875,-0.8164548873901367,7.375211845783705,30.982572555541992
A,21,-2,only_T2,200,0.0,1.0,-4.881458759307861,-0.8104438781738281,0.0,30.982572555541992
A,21,-2,only_T5,200,0.0,1.0,-4.873385906219482,-0.81496262550354,6.1925515348196924,30.982572555541992
A,21,-2,only_T10,200,0.0,0.9899999499320984,-4.875479221343994,-0.8068060278892517,3.9028076800814606,30.982572555541992
A,21,-2,only_T100,200,0.0,1.0,-4.879243850708008,-0.811497688293457,0.8521896882906961,30.982572555541992
A,21,-2,only_lin,200,0.0,1.0,-4.880360126495361,-0.8125442266464233,0.42688288762069987,30.982572555541992
A,21,-2,random_orth,200,0.0,1.0,-4.883454322814941,-0.8047905564308167,7.375211845783705,30.982572555541992
A,21,-2,real_diff_in_helix_subspace,200,0.0,0.9899999499320984,-4.856278419494629,-0.8153696060180664,7.51777841491625,30.982572555541992
A,21,-2,full_swap,200,0.0,1.0,-4.800726413726807,-0.8160487413406372,14.48245620727539,30.982572555541992
A,22,-2,helix,200,0.0,0.9899999499320984,-4.862301349639893,-0.8170145750045776,7.805370644507981,32.75274658203125
A,22,-2,only_T2,200,0.0,1.0,-4.881458759307861,-0.8104438781738281,0.0,32.75274658203125
A,22,-2,only_T5,200,0.0,0.9950000047683716,-4.8718461990356445,-0.8150951266288757,6.559789081745622,32.75274658203125
A,22,-2,only_T10,200,0.0,0.9899999499320984,-4.873549461364746,-0.8087776899337769,4.116340533435672,32.75274658203125
A,22,-2,only_T100,200,0.0,1.0,-4.881369590759277,-0.8118504881858826,0.926928549485968,32.75274658203125
A,22,-2,only_lin,200,0.0,1.0,-4.881038188934326,-0.8109678626060486,0.45895735478010535,32.75274658203125
A,22,-2,random_orth,200,0.0,1.0,-4.879530906677246,-0.8122100830078125,7.805370644507979,32.75274658203125
A,22,-2,real_diff_in_helix_subspace,200,0.0,0.9899999499320984,-4.858274459838867,-0.8167002201080322,8.030041733564646,32.75274658203125
A,22,-2,full_swap,200,0.0,0.9950000047683716,-4.8074235916137695,-0.820881724357605,15.512029647827148,32.75274658203125
A,23,-2,helix,200,0.0,0.9899999499320984,-4.879462718963623,-0.810435950756073,8.245099007391625,34.373390197753906
A,23,-2,only_T2,200,0.0,1.0,-4.881458759307861,-0.8104438781738281,0.0,34.373390197753906
A,23,-2,only_T5,200,0.0,1.0,-4.887979507446289,-0.8118091225624084,6.929752641295981,34.373390197753906
A,23,-2,only_T10,200,0.0,0.9899999499320984,-4.879796028137207,-0.8072218298912048,4.340320607054224,34.373390197753906
A,23,-2,only_T100,200,0.0,1.0,-4.881663799285889,-0.8113735914230347,0.9965660073929508,34.373390197753906
A,23,-2,only_lin,200,0.0,1.0,-4.880697250366211,-0.8104706406593323,0.4882777180131149,34.373390197753906
A,23,-2,random_orth,200,0.0,0.9950000047683716,-4.879812240600586,-0.8112637400627136,8.245099007391625,34.373390197753906
A,23,-2,real_diff_in_helix_subspace,200,0.0,0.9899999499320984,-4.877948760986328,-0.8110530376434326,8.544047023932933,34.373390197753906
A,23,-2,full_swap,200,0.0,0.9950000047683716,-4.833391189575195,-0.8141456246376038,16.567052841186523,34.373390197753906
A,24,-2,helix,200,0.0,0.9950000047683716,-4.881313800811768,-0.8111420273780823,8.638578508784674,35.762962341308594
A,24,-2,only_T2,200,0.0,1.0,-4.881458759307861,-0.8104438781738281,0.0,35.762962341308594
A,24,-2,only_T5,200,0.0,0.9950000047683716,-4.879685401916504,-0.8108880519866943,7.273532860668491,35.762962341308594
A,24,-2,only_T10,200,0.0,1.0,-4.884273529052734,-0.8094306588172913,4.522429011001339,35.762962341308594
A,24,-2,only_T100,200,0.0,1.0,-4.881203651428223,-0.8110594153404236,1.0510047975159094,35.762962341308594
A,24,-2,only_lin,200,0.0,1.0,-4.880927562713623,-0.8108869791030884,0.5127299159604648,35.762962341308594
A,24,-2,random_orth,200,0.0,0.9950000047683716,-4.883639335632324,-0.8092655539512634,8.638578508784672,35.762962341308594
A,24,-2,real_diff_in_helix_subspace,200,0.0,0.9899999499320984,-4.880401134490967,-0.8108704090118408,8.9817861213377,35.762962341308594
A,24,-2,full_swap,200,0.0,1.0,-4.86204719543457,-0.8102031350135803,17.478914260864258,35.762962341308594
A,25,-2,helix,200,0.0,0.9899999499320984,-4.87919807434082,-0.8128319382667542,9.040630691655856,37.36741638183594
A,25,-2,only_T2,200,0.0,1.0,-4.881458759307861,-0.8104438781738281,0.0,37.36741638183594
A,25,-2,only_T5,200,0.0,0.9950000047683716,-4.879047870635986,-0.8115150332450867,7.6214550354054245,37.36741638183594
A,25,-2,only_T10,200,0.0,1.0,-4.8818464279174805,-0.810354471206665,4.713218420775148,37.36741638183594
A,25,-2,only_T100,200,0.0,1.0,-4.880449295043945,-0.8110548257827759,1.1141310330341732,37.36741638183594
A,25,-2,only_lin,200,0.0,1.0,-4.880572319030762,-0.8107093572616577,0.5390128628283892,37.36741638183594
A,25,-2,random_orth,200,0.0,1.0,-4.8824462890625,-0.8109565377235413,9.040630691655856,37.36741638183594
A,25,-2,real_diff_in_helix_subspace,200,0.0,0.9899999499320984,-4.878734111785889,-0.8112624883651733,9.453765242456509,37.36741638183594
A,25,-2,full_swap,200,0.0,1.0,-4.863098621368408,-0.8111820816993713,18.476882934570312,37.36741638183594
A,26,-2,helix,200,0.0,1.0,-4.876527786254883,-0.8134275674819946,9.358586649423186,38.676082611083984
A,26,-2,only_T2,200,0.0,1.0,-4.881458759307861,-0.8104438781738281,0.0,38.676082611083984
A,26,-2,only_T5,200,0.0,1.0,-4.874690532684326,-0.8116790056228638,7.877915480734154,38.676082611083984
A,26,-2,only_T10,200,0.0,1.0,-4.883018493652344,-0.8110346794128418,4.8952318483979465,38.676082611083984
A,26,-2,only_T100,200,0.0,1.0,-4.881028175354004,-0.811560332775116,1.1573159668675632,38.676082611083984
A,26,-2,only_lin,200,0.0,1.0,-4.880831718444824,-0.8105720281600952,0.5584246506559749,38.676082611083984
A,26,-2,random_orth,200,0.0,1.0,-4.882637977600098,-0.810256838798523,9.358586649423186,38.676082611083984
A,26,-2,real_diff_in_helix_subspace,200,0.0,1.0,-4.877274513244629,-0.8116767406463623,9.8134071447178,38.676082611083984
A,26,-2,full_swap,200,0.0,1.0,-4.870776653289795,-0.8108030557632446,19.23984146118164,38.676082611083984
A,27,-2,helix,200,0.0,1.0,-4.87917947769165,-0.8137284517288208,9.735647441898061,40.91416931152344
A,27,-2,only_T2,200,0.0,1.0,-4.881458759307861,-0.8104438781738281,0.0,40.91416931152344
A,27,-2,only_T5,200,0.0,1.0,-4.876454830169678,-0.8117761015892029,8.197002737166873,40.91416931152344
A,27,-2,only_T10,200,0.0,1.0,-4.8827738761901855,-0.81084805727005,5.075366614347785,40.91416931152344
A,27,-2,only_T100,200,0.0,1.0,-4.880845069885254,-0.8110934495925903,1.2077830953455513,40.91416931152344
A,27,-2,only_lin,200,0.0,1.0,-4.880000591278076,-0.8106828331947327,0.5795604887895257,40.91416931152344
A,27,-2,random_orth,200,0.0,1.0,-4.883083343505859,-0.8112086057662964,9.735647441898061,40.91416931152344
A,27,-2,real_diff_in_helix_subspace,200,0.0,1.0,-4.87860631942749,-0.811162531375885,10.293976790540226,40.91416931152344
A,27,-2,full_swap,200,0.0,1.0,-4.872487545013428,-0.8094038367271423,20.15465545654297,40.91416931152344
A,28,-2,helix,200,0.0,1.0,-4.880782604217529,-0.8127363324165344,10.07689605520636,42.8740234375
A,28,-2,only_T2,200,0.0,1.0,-4.881458759307861,-0.8104438781738281,0.0,42.8740234375
A,28,-2,only_T5,200,0.0,1.0,-4.877203464508057,-0.8117190599441528,8.46817175257729,42.8740234375
A,28,-2,only_T10,200,0.0,1.0,-4.88252067565918,-0.8105902075767517,5.2687157819628085,42.8740234375
A,28,-2,only_T100,200,0.0,1.0,-4.881331920623779,-0.8112810850143433,1.2465828486941795,42.8740234375
A,28,-2,only_lin,200,0.0,1.0,-4.880684852600098,-0.8107212781906128,0.5955866544547807,42.8740234375
A,28,-2,random_orth,200,0.0,1.0,-4.8808698654174805,-0.8114670515060425,10.07689605520636,42.8740234375
A,28,-2,real_diff_in_helix_subspace,200,0.0,1.0,-4.880950927734375,-0.8103638887405396,10.703241477467454,42.8740234375
A,28,-2,full_swap,200,0.0,1.0,-4.873854637145996,-0.8094460368156433,20.974193572998047,42.8740234375
A,29,-2,helix,200,0.0,1.0,-4.877934455871582,-0.8127175569534302,10.476488515336195,45.843849182128906
A,29,-2,only_T2,200,0.0,1.0,-4.881458759307861,-0.8104438781738281,0.0,45.843849182128906
A,29,-2,only_T5,200,0.0,1.0,-4.876426696777344,-0.8112623691558838,8.817197405741435,45.843849182128906
A,29,-2,only_T10,200,0.0,1.0,-4.883094310760498,-0.811020016670227,5.45524613215442,45.843849182128906
A,29,-2,only_T100,200,0.0,1.0,-4.881677627563477,-0.8106250762939453,1.2944133278224206,45.843849182128906
A,29,-2,only_lin,200,0.0,1.0,-4.881068229675293,-0.8106434345245361,0.6229556732083001,45.843849182128906
A,29,-2,random_orth,200,0.0,1.0,-4.88080358505249,-0.8099380135536194,10.476488515336195,45.843849182128906
A,29,-2,real_diff_in_helix_subspace,200,0.0,1.0,-4.878563404083252,-0.8114849925041199,11.195172946207288,45.843849182128906
A,29,-2,full_swap,200,0.0,1.0,-4.873213768005371,-0.8096950054168701,21.96536636352539,45.843849182128906
A,30,-2,helix,200,0.0,1.0,-4.878443717956543,-0.8119170665740967,10.935110023184484,56.4218864440918
A,30,-2,only_T2,200,0.0,1.0,-4.881458759307861,-0.8104438781738281,0.0,56.4218864440918
A,30,-2,only_T5,200,0.0,1.0,-4.8757004737854,-0.8109627366065979,9.249045291929495,56.4218864440918
A,30,-2,only_T10,200,0.0,1.0,-4.88245153427124,-0.8111210465431213,5.636804308567647,56.4218864440918
A,30,-2,only_T100,200,0.0,1.0,-4.881215572357178,-0.8108776807785034,1.3636787930697807,56.4218864440918
A,30,-2,only_lin,200,0.0,1.0,-4.880323886871338,-0.8105469942092896,0.6531591736017947,56.4218864440918
A,30,-2,random_orth,200,0.0,1.0,-4.881174087524414,-0.8102513551712036,10.935110023184484,56.4218864440918
A,30,-2,real_diff_in_helix_subspace,200,0.0,1.0,-4.878749847412109,-0.8116156458854675,11.950756085968852,56.4218864440918
A,30,-2,full_swap,200,0.0,1.0,-4.8746466636657715,-0.810856819152832,23.237953186035156,56.4218864440918
A,31,-2,helix,200,0.0,1.0,-4.881458759307861,-0.8104438781738281,11.755962941059146,76.2723617553711
A,31,-2,only_T2,200,0.0,1.0,-4.881458759307861,-0.8104438781738281,0.0,76.2723617553711
A,31,-2,only_T5,200,0.0,1.0,-4.881458759307861,-0.8104438781738281,9.982594781325574,76.2723617553711
A,31,-2,only_T10,200,0.0,1.0,-4.881458759307861,-0.8104438781738281,6.016136211163176,76.2723617553711
A,31,-2,only_T100,200,0.0,1.0,-4.881458759307861,-0.8104438781738281,1.4728757844792701,76.2723617553711
A,31,-2,only_lin,200,0.0,1.0,-4.881458759307861,-0.8104438781738281,0.6988573524905015,76.2723617553711
A,31,-2,random_orth,200,0.0,1.0,-4.881458759307861,-0.8104438781738281,11.755962941059142,76.2723617553711
A,31,-2,real_diff_in_helix_subspace,200,0.0,1.0,-4.881458759307861,-0.8104438781738281,13.187947324476111,76.2723617553711
A,31,-2,full_swap,200,0.0,1.0,-4.881458759307861,-0.8104438781738281,25.31387710571289,76.2723617553711
A,0,-1,helix,200,0.7749999761581421,0.08500000089406967,-1.460606336593628,-3.2998874187469482,1.556042334740315,4.681353569030762
A,0,-1,only_T2,200,0.3499999940395355,0.32499998807907104,-2.4622740745544434,-2.2331161499023438,1.1431608200331456,4.681353569030762
A,0,-1,only_T5,200,0.0,0.85999995470047,-3.705488920211792,-1.109315037727356,0.9389560106961835,4.681353569030762
A,0,-1,only_T10,200,0.0,0.9699999690055847,-4.085974216461182,-0.8725371956825256,0.4950318776545196,4.681353569030762
A,0,-1,only_T100,200,0.0,1.0,-4.209397315979004,-0.8269311189651489,0.09764178623395907,4.681353569030762
A,0,-1,only_lin,200,0.0,1.0,-4.216952323913574,-0.8268465399742126,0.04860572926382411,4.681353569030762
A,0,-1,random_orth,200,0.0,0.9950000047683716,-4.213473320007324,-0.8265516757965088,1.556042334740315,4.681353569030762
A,0,-1,real_diff_in_helix_subspace,200,0.5699999928474426,0.25999999046325684,-1.952028751373291,-2.86417818069458,1.3947131776043844,4.681353569030762
A,0,-1,full_swap,200,0.9799999594688416,0.0,-0.7978107929229736,-4.39780330657959,3.910731792449951,4.681353569030762
A,1,-1,helix,200,0.7699999809265137,0.08500000089406967,-1.4711151123046875,-3.3156535625457764,1.5711714772753413,5.511463642120361
A,1,-1,only_T2,200,0.32999998331069946,0.3400000035762787,-2.4661431312561035,-2.242001533508301,1.1628633637465313,5.511463642120361
A,1,-1,only_T5,200,0.0,0.85999995470047,-3.7032690048217773,-1.120242953300476,0.9403702964926245,5.511463642120361
A,1,-1,only_T10,200,0.0,0.9749999642372131,-4.083278179168701,-0.8753953576087952,0.49685831901561417,5.511463642120361
A,1,-1,only_T100,200,0.0,1.0,-4.215048313140869,-0.8276118040084839,0.09949018466952583,5.511463642120361
A,1,-1,only_lin,200,0.0,1.0,-4.212669372558594,-0.8267929553985596,0.05029909586566781,5.511463642120361
A,1,-1,random_orth,200,0.0,0.9899999499320984,-4.206824779510498,-0.8344089984893799,1.5711714772753413,5.511463642120361
A,1,-1,real_diff_in_helix_subspace,200,0.574999988079071,0.2449999898672104,-1.9412074089050293,-2.9154582023620605,1.4373776805266834,5.511463642120361
A,1,-1,full_swap,200,0.98499995470047,0.0,-0.7865083813667297,-4.386569023132324,3.930779218673706,5.511463642120361
A,2,-1,helix,200,0.7749999761581421,0.08500000089406967,-1.4432494640350342,-3.3408238887786865,1.6243615824205488,6.488152027130127
A,2,-1,only_T2,200,0.32499998807907104,0.3349999785423279,-2.4468417167663574,-2.261397123336792,1.2110282632830922,6.488152027130127
A,2,-1,only_T5,200,0.0,0.85999995470047,-3.700575828552246,-1.120951533317566,0.9640852268535253,6.488152027130127
A,2,-1,only_T10,200,0.0,0.9649999737739563,-4.079704284667969,-0.878863513469696,0.5088044834329127,6.488152027130127
A,2,-1,only_T100,200,0.0,1.0,-4.208541393280029,-0.8270111680030823,0.10338611572219004,6.488152027130127
A,2,-1,only_lin,200,0.0,1.0,-4.215806007385254,-0.8305721282958984,0.05376816978373336,6.488152027130127
A,2,-1,random_orth,200,0.0,0.98499995470047,-4.206050395965576,-0.8219531774520874,1.6243615824205488,6.488152027130127
A,2,-1,real_diff_in_helix_subspace,200,0.5799999833106995,0.22499999403953552,-1.9024349451065063,-2.9425628185272217,1.5052200362715025,6.488152027130127
A,2,-1,full_swap,200,0.9749999642372131,0.0,-0.7897143959999084,-4.362239837646484,4.008321762084961,6.488152027130127
A,3,-1,helix,200,0.7849999666213989,0.08500000089406967,-1.4674458503723145,-3.322946310043335,1.8097723133533343,7.922389984130859
A,3,-1,only_T2,200,0.32999998331069946,0.32499998807907104,-2.438985586166382,-2.2573087215423584,1.329724363735512,7.922389984130859
A,3,-1,only_T5,200,0.0,0.85999995470047,-3.6862640380859375,-1.1254700422286987,1.0824679290200587,7.922389984130859
A,3,-1,only_T10,200,0.0,0.9649999737739563,-4.077994346618652,-0.8783113956451416,0.595884320700311,7.922389984130859
A,3,-1,only_T100,200,0.0,1.0,-4.208323001861572,-0.8278989195823669,0.11535186406616713,7.922389984130859
A,3,-1,only_lin,200,0.0,1.0,-4.213077068328857,-0.8317892551422119,0.060210055977198106,7.922389984130859
A,3,-1,random_orth,200,0.0,0.9950000047683716,-4.210988521575928,-0.832787811756134,1.8097723133533343,7.922389984130859
A,3,-1,real_diff_in_helix_subspace,200,0.5949999690055847,0.19999998807907104,-1.830057978630066,-3.0154693126678467,1.7346225584401354,7.922389984130859
A,3,-1,full_swap,200,0.9699999690055847,0.0,-0.7938679456710815,-4.3590192794799805,4.348130702972412,7.922389984130859
A,4,-1,helix,200,0.7699999809265137,0.0949999988079071,-1.4814410209655762,-3.2925877571105957,1.8734690450621663,8.878413200378418
A,4,-1,only_T2,200,0.32999998331069946,0.3449999988079071,-2.456561803817749,-2.2353053092956543,1.3747897475406625,8.878413200378418
A,4,-1,only_T5,200,0.0,0.8700000047683716,-3.6940758228302,-1.1155643463134766,1.1223925276923103,8.878413200378418
A,4,-1,only_T10,200,0.0,0.9699999690055847,-4.08510684967041,-0.8775779604911804,0.6179910233235981,8.878413200378418
A,4,-1,only_T100,200,0.0,1.0,-4.214915752410889,-0.8295958042144775,0.12125598839593396,8.878413200378418
A,4,-1,only_lin,200,0.0,1.0,-4.21336555480957,-0.8295111060142517,0.06589834479218187,8.878413200378418
A,4,-1,random_orth,200,0.0,1.0,-4.205730438232422,-0.8191346526145935,1.8734690450621663,8.878413200378418
A,4,-1,real_diff_in_helix_subspace,200,0.6049999594688416,0.1850000023841858,-1.818184733390808,-3.013104200363159,1.8135294119535974,8.878413200378418
A,4,-1,full_swap,200,0.9649999737739563,0.0,-0.8267417550086975,-4.340443134307861,4.51693868637085,8.878413200378418
A,5,-1,helix,200,0.7299999594688416,0.09999999403953552,-1.556799292564392,-3.163748025894165,1.9807955913692998,9.714502334594727
A,5,-1,only_T2,200,0.3149999976158142,0.375,-2.5165441036224365,-2.1470565795898438,1.449665370087019,9.714502334594727
A,5,-1,only_T5,200,0.0,0.875,-3.718195676803589,-1.0914711952209473,1.1973862582225696,9.714502334594727
A,5,-1,only_T10,200,0.0,0.9699999690055847,-4.0903143882751465,-0.8747804164886475,0.648748610716294,9.714502334594727
A,5,-1,only_T100,200,0.0,1.0,-4.213276386260986,-0.8302966356277466,0.1287619671284623,9.714502334594727
A,5,-1,only_lin,200,0.0,1.0,-4.214899063110352,-0.8311392068862915,0.07226541901520817,9.714502334594727
A,5,-1,random_orth,200,0.0,0.9899999499320984,-4.224064350128174,-0.8432075381278992,1.9807955913692996,9.714502334594727
A,5,-1,real_diff_in_helix_subspace,200,0.6150000095367432,0.1899999976158142,-1.8489371538162231,-2.92747163772583,1.9488631386072064,9.714502334594727
A,5,-1,full_swap,200,0.9549999833106995,0.004999999888241291,-0.8374789357185364,-4.248931407928467,4.739366054534912,9.714502334594727
A,6,-1,helix,200,0.7099999785423279,0.125,-1.5583289861679077,-3.155770778656006,2.2487317498561112,10.808820724487305
A,6,-1,only_T2,200,0.3050000071525574,0.3799999952316284,-2.5208895206451416,-2.1433045864105225,1.700983016783468,10.808820724487305
A,6,-1,only_T5,200,0.0,0.8799999952316284,-3.706899642944336,-1.0988701581954956,1.3220438716583067,10.808820724487305
A,6,-1,only_T10,200,0.0,0.9749999642372131,-4.087611675262451,-0.8744175434112549,0.6679240283203325,10.808820724487305
A,6,-1,only_T100,200,0.0,1.0,-4.212777614593506,-0.8281245827674866,0.13711709642413092,10.808820724487305
A,6,-1,only_lin,200,0.0,1.0,-4.214466571807861,-0.8278866410255432,0.07755637637858345,10.808820724487305
A,6,-1,random_orth,200,0.0,0.9899999499320984,-4.2213053703308105,-0.834208607673645,2.2487317498561112,10.808820724487305
A,6,-1,real_diff_in_helix_subspace,200,0.6399999856948853,0.14999999105930328,-1.746861219406128,-3.0488200187683105,2.3159336032885967,10.808820724487305
A,6,-1,full_swap,200,0.949999988079071,0.004999999888241291,-0.8321187496185303,-4.276340961456299,5.035966396331787,10.808820724487305
A,7,-1,helix,200,0.7199999690055847,0.125,-1.5593878030776978,-3.139049530029297,2.2976142322855173,11.509929656982422
A,7,-1,only_T2,200,0.29999998211860657,0.3999999761581421,-2.5315942764282227,-2.129068374633789,1.7369625045425727,11.509929656982422
A,7,-1,only_T5,200,0.0,0.8650000095367432,-3.7121636867523193,-1.1012704372406006,1.3489758068905144,11.509929656982422
A,7,-1,only_T10,200,0.0,0.9749999642372131,-4.086384296417236,-0.8756641745567322,0.685200424297297,11.509929656982422
A,7,-1,only_T100,200,0.0,1.0,-4.212647914886475,-0.8268606662750244,0.1441273006390803,11.509929656982422
A,7,-1,only_lin,200,0.0,1.0,-4.213008403778076,-0.828746497631073,0.07980435117803279,11.509929656982422
A,7,-1,random_orth,200,0.0,1.0,-4.207906246185303,-0.8200685977935791,2.2976142322855173,11.509929656982422
A,7,-1,real_diff_in_helix_subspace,200,0.6499999761581421,0.14499999582767487,-1.7730298042297363,-2.9979705810546875,2.365394409420708,11.509929656982422
A,7,-1,full_swap,200,0.949999988079071,0.004999999888241291,-0.8347985744476318,-4.274010181427002,5.1076765060424805,11.509929656982422
A,8,-1,helix,200,0.7249999642372131,0.11999999731779099,-1.5747857093811035,-3.124359607696533,2.3743730383407744,12.189087867736816
A,8,-1,only_T2,200,0.28999999165534973,0.41499999165534973,-2.5449583530426025,-2.100393056869507,1.7880776417494213,12.189087867736816
A,8,-1,only_T5,200,0.0,0.8700000047683716,-3.7173962593078613,-1.0956847667694092,1.4026468238154413,12.189087867736816
A,8,-1,only_T10,200,0.0,0.9699999690055847,-4.087501049041748,-0.8751675486564636,0.710733753420897,12.189087867736816
A,8,-1,only_T100,200,0.0,1.0,-4.2141265869140625,-0.8287510275840759,0.14852356906754974,12.189087867736816
A,8,-1,only_lin,200,0.0,1.0,-4.2128825187683105,-0.8273569345474243,0.08297127243856388,12.189087867736816
A,8,-1,random_orth,200,0.0,0.9950000047683716,-4.221876621246338,-0.833324134349823,2.3743730383407744,12.189087867736816
A,8,-1,real_diff_in_helix_subspace,200,0.6399999856948853,0.1599999964237213,-1.7846145629882812,-2.9707696437835693,2.4875269774348743,12.189087867736816
A,8,-1,full_swap,200,0.949999988079071,0.004999999888241291,-0.8423087000846863,-4.261806488037109,5.284430027008057,12.189087867736816
A,9,-1,helix,200,0.7299999594688416,0.11499999463558197,-1.5633721351623535,-3.133906602859497,2.4008646404877028,12.613012313842773
A,9,-1,only_T2,200,0.29499998688697815,0.38999998569488525,-2.533456563949585,-2.1110198497772217,1.8079551132068516,12.613012313842773
A,9,-1,only_T5,200,0.0,0.8700000047683716,-3.7085442543029785,-1.098949909210205,1.418711034487967,12.613012313842773
A,9,-1,only_T10,200,0.0,0.9699999690055847,-4.090620517730713,-0.879146933555603,0.7165108159286455,12.613012313842773
A,9,-1,only_T100,200,0.0,1.0,-4.213613510131836,-0.8265722990036011,0.1485747698734744,12.613012313842773
A,9,-1,only_lin,200,0.0,1.0,-4.213430404663086,-0.8276928663253784,0.08269892197048724,12.613012313842773
A,9,-1,random_orth,200,0.0,0.9950000047683716,-4.20496129989624,-0.8144529461860657,2.4008646404877028,12.613012313842773
A,9,-1,real_diff_in_helix_subspace,200,0.6449999809265137,0.16499999165534973,-1.7704153060913086,-2.967621326446533,2.5400684216319935,12.613012313842773
A,9,-1,full_swap,200,0.9549999833106995,0.004999999888241291,-0.8444536328315735,-4.2710981369018555,5.308002471923828,12.613012313842773
A,10,-1,helix,200,0.73499995470047,0.10499999672174454,-1.52963125705719,-3.1844449043273926,2.518926315708555,13.308889389038086
A,10,-1,only_T2,200,0.3050000071525574,0.38499999046325684,-2.5049800872802734,-2.152639389038086,1.8909787424204365,13.308889389038086
A,10,-1,only_T5,200,0.0,0.8650000095367432,-3.699986457824707,-1.1215674877166748,1.4946909595716737,13.308889389038086
A,10,-1,only_T10,200,0.0,0.9699999690055847,-4.08447265625,-0.8766719102859497,0.7666167784629601,13.308889389038086
A,10,-1,only_T100,200,0.0,1.0,-4.21519136428833,-0.8263711333274841,0.1502196388080316,13.308889389038086
A,10,-1,only_lin,200,0.0,1.0,-4.21506404876709,-0.8284251093864441,0.08409173182019483,13.308889389038086
A,10,-1,random_orth,200,0.0,1.0,-4.217904090881348,-0.8123859167098999,2.518926315708555,13.308889389038086
A,10,-1,real_diff_in_helix_subspace,200,0.625,0.17499999701976776,-1.7692219018936157,-2.9574310779571533,2.6440368407436523,13.308889389038086
A,10,-1,full_swap,200,0.949999988079071,0.004999999888241291,-0.8414554595947266,-4.2767720222473145,5.42498779296875,13.308889389038086
A,11,-1,helix,200,0.7400000095367432,0.10499999672174454,-1.51340651512146,-3.194819211959839,2.705477714486934,13.941442489624023
A,11,-1,only_T2,200,0.3199999928474426,0.35999998450279236,-2.4835524559020996,-2.1928534507751465,2.0250657805806958,13.941442489624023
A,11,-1,only_T5,200,0.0,0.8650000095367432,-3.6700215339660645,-1.1418088674545288,1.5962041095181398,13.941442489624023
A,11,-1,only_T10,200,0.0,0.9699999690055847,-4.077927589416504,-0.8873011469841003,0.8283140237650705,13.941442489624023
A,11,-1,only_T100,200,0.0,1.0,-4.214430809020996,-0.8270999193191528,0.1535198824037985,13.941442489624023
A,11,-1,only_lin,200,0.0,1.0,-4.21250581741333,-0.8284788131713867,0.08738438095587622,13.941442489624023
A,11,-1,random_orth,200,0.0,0.9950000047683716,-4.213684558868408,-0.828332781791687,2.705477714486934,13.941442489624023
A,11,-1,real_diff_in_helix_subspace,200,0.6549999713897705,0.17000000178813934,-1.715805172920227,-3.037911891937256,2.891243459720649,13.941442489624023
A,11,-1,full_swap,200,0.949999988079071,0.004999999888241291,-0.8421356081962585,-4.282320976257324,5.672430992126465,13.941442489624023
A,12,-1,helix,200,0.7450000047683716,0.11499999463558197,-1.511580467224121,-3.186478853225708,3.0175160246836703,14.171390533447266
A,12,-1,only_T2,200,0.3149999976158142,0.375,-2.46175479888916,-2.183641195297241,2.2661416628103295,14.171390533447266
A,12,-1,only_T5,200,0.004999999888241291,0.824999988079071,-3.626132011413574,-1.20686674118042,1.7747612577378333,14.171390533447266
A,12,-1,only_T10,200,0.0,0.9699999690055847,-4.067367076873779,-0.8983929753303528,0.9241772605629943,14.171390533447266
A,12,-1,only_T100,200,0.0,1.0,-4.211435317993164,-0.8268571496009827,0.15877684404586423,14.171390533447266
A,12,-1,only_lin,200,0.0,1.0,-4.216609477996826,-0.8276443481445312,0.08820322494860783,14.171390533447266
A,12,-1,random_orth,200,0.0,0.9950000047683716,-4.217223644256592,-0.8264313340187073,3.0175160246836703,14.171390533447266
A,12,-1,real_diff_in_helix_subspace,200,0.7049999833106995,0.14499999582767487,-1.6035962104797363,-3.075826406478882,3.176179957508937,14.171390533447266
A,12,-1,full_swap,200,0.9449999928474426,0.004999999888241291,-0.8402829766273499,-4.281429290771484,6.059089183807373,14.171390533447266
A,13,-1,helix,200,0.7400000095367432,0.11999999731779099,-1.513358473777771,-3.1958510875701904,3.204827569788548,15.152641296386719
A,13,-1,only_T2,200,0.3149999976158142,0.3700000047683716,-2.4441909790039062,-2.191941499710083,2.4065107959797234,15.152641296386719
A,13,-1,only_T5,200,0.004999999888241291,0.8100000023841858,-3.6143040657043457,-1.2503972053527832,1.891432084755381,15.152641296386719
A,13,-1,only_T10,200,0.0,0.9649999737739563,-4.060947895050049,-0.8995324373245239,0.9903987385532754,15.152641296386719
A,13,-1,only_T100,200,0.0,1.0,-4.214286804199219,-0.828912615776062,0.17051780977762213,15.152641296386719
A,13,-1,only_lin,200,0.0,1.0,-4.212887763977051,-0.8295040726661682,0.09347874606236242,15.152641296386719
A,13,-1,random_orth,200,0.0,1.0,-4.208896636962891,-0.8259354829788208,3.2048275697885487,15.152641296386719
A,13,-1,real_diff_in_helix_subspace,200,0.699999988079071,0.14499999582767487,-1.6285158395767212,-3.055762767791748,3.317936028136367,15.152641296386719
A,13,-1,full_swap,200,0.9449999928474426,0.004999999888241291,-0.843517005443573,-4.2772216796875,6.313055038452148,15.152641296386719
A,14,-1,helix,200,0.7199999690055847,0.1599999964237213,-1.6223729848861694,-3.0038933753967285,3.27614919564925,15.439502716064453
A,14,-1,only_T2,200,0.29499998688697815,0.42499998211860657,-2.562433958053589,-2.0266356468200684,2.4746786513276717,15.439502716064453
A,14,-1,only_T5,200,0.004999999888241291,0.824999988079071,-3.639896869659424,-1.2173722982406616,1.9163174056875847,15.439502716064453
A,14,-1,only_T10,200,0.0,0.9699999690055847,-4.0681843757629395,-0.8950535655021667,1.00869917959553,15.439502716064453
A,14,-1,only_T100,200,0.0,1.0,-4.216121196746826,-0.8266275525093079,0.17543359112505982,15.439502716064453
A,14,-1,only_lin,200,0.0,1.0,-4.213221073150635,-0.8264713883399963,0.09441152149330842,15.439502716064453
A,14,-1,random_orth,200,0.0,0.9950000047683716,-4.2197980880737305,-0.8261218070983887,3.27614919564925,15.439502716064453
A,14,-1,real_diff_in_helix_subspace,200,0.6549999713897705,0.1899999976158142,-1.7429205179214478,-2.8953943252563477,3.4089254280583456,15.439502716064453
A,14,-1,full_swap,200,0.9300000071525574,0.014999999664723873,-0.8680955171585083,-4.136266231536865,6.3902907371521,15.439502716064453
A,15,-1,helix,200,0.7149999737739563,0.16499999165534973,-1.607719898223877,-3.00799560546875,3.3939909524580236,16.8057918548584
A,15,-1,only_T2,200,0.2849999964237213,0.4449999928474426,-2.5584216117858887,-2.0385799407958984,2.545441911512056,16.8057918548584
A,15,-1,only_T5,200,0.004999999888241291,0.824999988079071,-3.6280553340911865,-1.233941912651062,2.0031614682631185,16.8057918548584
A,15,-1,only_T10,200,0.0,0.9649999737739563,-4.066537380218506,-0.895528256893158,1.0586626321279988,16.8057918548584
A,15,-1,only_T100,200,0.0,1.0,-4.213797569274902,-0.8257490992546082,0.19573035074025205,16.8057918548584
A,15,-1,only_lin,200,0.0,1.0,-4.213168621063232,-0.8285952806472778,0.1075134648454714,16.8057918548584
A,15,-1,random_orth,200,0.0,0.9899999499320984,-4.213338375091553,-0.8307753801345825,3.393990952458023,16.8057918548584
A,15,-1,real_diff_in_helix_subspace,200,0.6399999856948853,0.2149999886751175,-1.7386714220046997,-2.8892879486083984,3.512511884246367,16.8057918548584
A,15,-1,full_swap,200,0.9300000071525574,0.014999999664723873,-0.8678706288337708,-4.1353535652160645,6.678621768951416,16.8057918548584
A,16,-1,helix,200,0.7400000095367432,0.11999999731779099,-1.4435513019561768,-3.2643017768859863,4.125906602520547,18.340044021606445
A,16,-1,only_T2,200,0.3649999797344208,0.29499998688697815,-2.3581881523132324,-2.305795907974243,3.0331388550210123,18.340044021606445
A,16,-1,only_T5,200,0.009999999776482582,0.7599999904632568,-3.5268263816833496,-1.4140461683273315,2.4725133825582373,18.340044021606445
A,16,-1,only_T10,200,0.0,0.9350000023841858,-4.0244245529174805,-0.9475506544113159,1.3473786788978088,18.340044021606445
A,16,-1,only_T100,200,0.0,1.0,-4.214351654052734,-0.8250522613525391,0.23949005475098312,18.340044021606445
A,16,-1,only_lin,200,0.0,1.0,-4.213786602020264,-0.8292827606201172,0.12563516914194073,18.340044021606445
A,16,-1,random_orth,200,0.0,0.98499995470047,-4.207141876220703,-0.8340452909469604,4.125906602520547,18.340044021606445
A,16,-1,real_diff_in_helix_subspace,200,0.7749999761581421,0.09999999403953552,-1.4681755304336548,-3.1861228942871094,4.279527192227264,18.340044021606445
A,16,-1,full_swap,200,0.9300000071525574,0.009999999776482582,-0.8627210259437561,-4.145684719085693,8.403705596923828,18.340044021606445
A,17,-1,helix,200,0.6499999761581421,0.23499999940395355,-1.7363097667694092,-2.7667717933654785,4.455724560650092,20.829214096069336
A,17,-1,only_T2,200,0.26499998569488525,0.4650000035762787,-2.605025053024292,-1.9944443702697754,3.2539691788535423,20.829214096069336
A,17,-1,only_T5,200,0.0,0.8199999928474426,-3.611902952194214,-1.2516061067581177,2.679360817899128,20.829214096069336
A,17,-1,only_T10,200,0.0,0.9649999737739563,-4.0383100509643555,-0.9196578860282898,1.4828518571105116,20.829214096069336
A,17,-1,only_T100,200,0.0,1.0,-4.214200973510742,-0.8269268870353699,0.27096353956506564,20.829214096069336
A,17,-1,only_lin,200,0.0,1.0,-4.214722156524658,-0.8277446627616882,0.14072905726438895,20.829214096069336
A,17,-1,random_orth,200,0.0,0.9950000047683716,-4.225391387939453,-0.8404498100280762,4.455724560650092,20.829214096069336
A,17,-1,real_diff_in_helix_subspace,200,0.6200000047683716,0.25999999046325684,-1.8026686906814575,-2.6967527866363525,4.582501970525803,20.829214096069336
A,17,-1,full_swap,200,0.7899999618530273,0.10499999672174454,-1.18128502368927,-3.4729084968566895,9.147421836853027,20.829214096069336
A,18,-1,helix,200,0.6200000047683716,0.25999999046325684,-1.8019847869873047,-2.6574885845184326,4.634514698585244,23.632240295410156
A,18,-1,only_T2,200,0.25,0.5,-2.6510565280914307,-1.9479851722717285,3.353440455918758,23.632240295410156
A,18,-1,only_T5,200,0.0,0.8299999833106995,-3.6330478191375732,-1.2262681722640991,2.833743441696507,23.632240295410156
A,18,-1,only_T10,200,0.0,0.9649999737739563,-4.044534683227539,-0.9121971130371094,1.551147354888788,23.632240295410156
A,18,-1,only_T100,200,0.0,1.0,-4.212073802947998,-0.8246408104896545,0.28648482148349375,23.632240295410156
A,18,-1,only_lin,200,0.0,1.0,-4.216735363006592,-0.826250433921814,0.14691905446758566,23.632240295410156
A,18,-1,random_orth,200,0.0,0.9899999499320984,-4.2122955322265625,-0.8426318764686584,4.634514698585244,23.632240295410156
A,18,-1,real_diff_in_helix_subspace,200,0.5949999690055847,0.28999999165534973,-1.876481294631958,-2.6068201065063477,4.770297382029408,23.632240295410156
A,18,-1,full_swap,200,0.75,0.14499999582767487,-1.2920125722885132,-3.317667245864868,9.631877899169922,23.632240295410156
A,19,-1,helix,200,0.03500000014901161,0.949999988079071,-3.854121685028076,-0.9208769202232361,5.174298566900522,26.530902862548828
A,19,-1,only_T2,200,0.019999999552965164,0.9749999642372131,-4.002913951873779,-0.8720374703407288,3.6730574137839933,26.530902862548828
A,19,-1,only_T5,200,0.0,1.0,-4.108027935028076,-0.8524521589279175,3.2395335643471777,26.530902862548828
A,19,-1,only_T10,200,0.0,1.0,-4.186421871185303,-0.827431857585907,1.750621764129359,26.530902862548828
A,19,-1,only_T100,200,0.0,1.0,-4.2141218185424805,-0.8196348547935486,0.3267839974991289,26.530902862548828
A,19,-1,only_lin,200,0.0,1.0,-4.215071201324463,-0.8215959072113037,0.17365914670843516,26.530902862548828
A,19,-1,random_orth,200,0.0,1.0,-4.220160961151123,-0.8178637623786926,5.174298566900522,26.530902862548828
A,19,-1,real_diff_in_helix_subspace,200,0.029999999329447746,0.9599999785423279,-3.85947585105896,-0.9120782017707825,5.332543733511743,26.530902862548828
A,19,-1,full_swap,200,0.03999999910593033,0.9350000023841858,-3.636157989501953,-1.012139081954956,10.593130111694336,26.530902862548828
A,20,-1,helix,200,0.03999999910593033,0.9449999928474426,-3.844346284866333,-0.9265080094337463,5.812090603540777,28.98456382751465
A,20,-1,only_T2,200,0.019999999552965164,0.9749999642372131,-3.9913384914398193,-0.8762460350990295,4.14209232289143,28.98456382751465
A,20,-1,only_T5,200,0.0,1.0,-4.105498790740967,-0.8524290323257446,3.628731346146682,28.98456382751465
A,20,-1,only_T10,200,0.0,1.0,-4.184200763702393,-0.8268989324569702,1.9383206533142459,28.98456382751465
A,20,-1,only_T100,200,0.0,1.0,-4.215434551239014,-0.8200438022613525,0.3763338261606489,28.98456382751465
A,20,-1,only_lin,200,0.0,1.0,-4.214901447296143,-0.820107102394104,0.19826870584662004,28.98456382751465
A,20,-1,random_orth,200,0.0,1.0,-4.217415809631348,-0.8161942958831787,5.812090603540777,28.98456382751465
A,20,-1,real_diff_in_helix_subspace,200,0.02499999850988388,0.9649999737739563,-3.858067035675049,-0.9108834862709045,5.956756046893186,28.98456382751465
A,20,-1,full_swap,200,0.03500000014901161,0.9399999976158142,-3.6620352268218994,-1.0056167840957642,11.926078796386719,28.98456382751465
A,21,-1,helix,200,0.0,1.0,-4.205349445343018,-0.8154551982879639,6.159302286032157,31.018949508666992
A,21,-1,only_T2,200,0.0,1.0,-4.216651439666748,-0.817601203918457,4.399768593347855,31.018949508666992
A,21,-1,only_T5,200,0.0,1.0,-4.210490703582764,-0.8198769688606262,3.839006936971801,31.018949508666992
A,21,-1,only_T10,200,0.0,1.0,-4.211704730987549,-0.8171609044075012,2.0472515814836583,31.018949508666992
A,21,-1,only_T100,200,0.0,1.0,-4.213047504425049,-0.8195618987083435,0.42041213864927995,31.018949508666992
A,21,-1,only_lin,200,0.0,1.0,-4.215677261352539,-0.8205090165138245,0.21344144381034988,31.018949508666992
A,21,-1,random_orth,200,0.0,1.0,-4.214888095855713,-0.8181246519088745,6.159302286032157,31.018949508666992
A,21,-1,real_diff_in_helix_subspace,200,0.0,1.0,-4.202267169952393,-0.8174172043800354,6.354982185364292,31.018949508666992
A,21,-1,full_swap,200,0.0,1.0,-4.157415390014648,-0.8235765099525452,12.818981170654297,31.018949508666992
A,22,-1,helix,200,0.0,1.0,-4.202651500701904,-0.8152157664299011,6.525766812642701,32.8007698059082
A,22,-1,only_T2,200,0.0,1.0,-4.214982032775879,-0.81746506690979,4.666816568550303,32.8007698059082
A,22,-1,only_T5,200,0.0,1.0,-4.2084197998046875,-0.8186773657798767,4.067106280971564,32.8007698059082
A,22,-1,only_T10,200,0.0,1.0,-4.210442066192627,-0.8171883821487427,2.1594487494601524,32.8007698059082
A,22,-1,only_T100,200,0.0,1.0,-4.215105056762695,-0.8195821046829224,0.4567184245248246,32.8007698059082
A,22,-1,only_lin,200,0.0,1.0,-4.2143940925598145,-0.8195338845252991,0.22947867739005262,32.8007698059082
A,22,-1,random_orth,200,0.0,1.0,-4.214456081390381,-0.820200502872467,6.525766812642701,32.8007698059082
A,22,-1,real_diff_in_helix_subspace,200,0.0,1.0,-4.200312614440918,-0.8160363435745239,6.783362520656774,32.8007698059082
A,22,-1,full_swap,200,0.0,1.0,-4.155410289764404,-0.8224850296974182,13.725286483764648,32.8007698059082
A,23,-1,helix,200,0.0,1.0,-4.208227157592773,-0.8146583437919617,6.915944893078429,34.420841217041016
A,23,-1,only_T2,200,0.0,1.0,-4.214573383331299,-0.818225085735321,4.965974407759412,34.420841217041016
A,23,-1,only_T5,200,0.0,1.0,-4.213074684143066,-0.8169963359832764,4.296154836169934,34.420841217041016
A,23,-1,only_T10,200,0.0,1.0,-4.212619304656982,-0.8176248073577881,2.277344908802398,34.420841217041016
A,23,-1,only_T100,200,0.0,1.0,-4.213726997375488,-0.8196118474006653,0.4907940614742582,34.420841217041016
A,23,-1,only_lin,200,0.0,1.0,-4.214387893676758,-0.8194825649261475,0.24413885900655743,34.420841217041016
A,23,-1,random_orth,200,0.0,1.0,-4.216031551361084,-0.819904625415802,6.915944893078429,34.420841217041016
A,23,-1,real_diff_in_helix_subspace,200,0.0,1.0,-4.205282688140869,-0.8166623711585999,7.214942919256869,34.420841217041016
A,23,-1,full_swap,200,0.0,1.0,-4.168815612792969,-0.8221386671066284,14.644570350646973,34.420841217041016
A,24,-1,helix,200,0.0,1.0,-4.211823463439941,-0.817655622959137,7.2191657344864435,35.80976104736328
A,24,-1,only_T2,200,0.0,1.0,-4.2132744789123535,-0.8193466663360596,5.165813993193359,35.80976104736328
A,24,-1,only_T5,200,0.0,1.0,-4.214509963989258,-0.8175280690193176,4.509221700183055,35.80976104736328
A,24,-1,only_T10,200,0.0,1.0,-4.215012550354004,-0.818964421749115,2.3728866269657805,35.80976104736328
A,24,-1,only_T100,200,0.0,1.0,-4.213980197906494,-0.8207758665084839,0.5173038354157504,35.80976104736328
A,24,-1,only_lin,200,0.0,1.0,-4.21541166305542,-0.8198988437652588,0.25636495798023234,35.80976104736328
A,24,-1,random_orth,200,0.0,1.0,-4.216184139251709,-0.8188161849975586,7.2191657344864435,35.80976104736328
A,24,-1,real_diff_in_helix_subspace,200,0.0,1.0,-4.209736347198486,-0.8172845244407654,7.577795427089755,35.80976104736328
A,24,-1,full_swap,200,0.0,1.0,-4.19271993637085,-0.8212551474571228,15.444955825805664,35.80976104736328
A,25,-1,helix,200,0.0,1.0,-4.214385032653809,-0.8181856870651245,7.577993350101076,37.425628662109375
A,25,-1,only_T2,200,0.0,1.0,-4.213371753692627,-0.8197222948074341,5.439683726209539,37.425628662109375
A,25,-1,only_T5,200,0.0,1.0,-4.216688632965088,-0.8180202841758728,4.723984267918654,37.425628662109375
A,25,-1,only_T10,200,0.0,1.0,-4.215146541595459,-0.8189504742622375,2.4726927302999395,37.425628662109375
A,25,-1,only_T100,200,0.0,1.0,-4.2143778800964355,-0.8199926614761353,0.5482892784563387,37.425628662109375
A,25,-1,only_lin,200,0.0,1.0,-4.215090274810791,-0.8195721507072449,0.26950643141419456,37.425628662109375
A,25,-1,random_orth,200,0.0,1.0,-4.216773986816406,-0.8189888000488281,7.577993350101076,37.425628662109375
A,25,-1,real_diff_in_helix_subspace,200,0.0,1.0,-4.213729381561279,-0.8181090950965881,7.99918862749646,37.425628662109375
A,25,-1,full_swap,200,0.0,1.0,-4.19254207611084,-0.8201406598091125,16.370403289794922,37.425628662109375
A,26,-1,helix,200,0.0,1.0,-4.211424350738525,-0.8200138807296753,7.843104636188805,38.73588562011719
A,26,-1,only_T2,200,0.0,1.0,-4.213615417480469,-0.8201682567596436,5.631516934030637,38.73588562011719
A,26,-1,only_T5,200,0.0,1.0,-4.2140936851501465,-0.8192782402038574,4.883507814582308,38.73588562011719
A,26,-1,only_T10,200,0.0,1.0,-4.2149176597595215,-0.8189021348953247,2.5682527375929256,38.73588562011719
A,26,-1,only_T100,200,0.0,1.0,-4.215276718139648,-0.8199469447135925,0.569485486720947,38.73588562011719
A,26,-1,only_lin,200,0.0,1.0,-4.215002536773682,-0.8194259405136108,0.27921232532798745,38.73588562011719
A,26,-1,random_orth,200,0.0,1.0,-4.213794231414795,-0.8205655217170715,7.843104636188805,38.73588562011719
A,26,-1,real_diff_in_helix_subspace,200,0.0,1.0,-4.210325717926025,-0.8205085396766663,8.318548442854167,38.73588562011719
A,26,-1,full_swap,200,0.0,1.0,-4.201728343963623,-0.821045994758606,17.064651489257812,38.73588562011719
A,27,-1,helix,200,0.0,1.0,-4.214145183563232,-0.819771409034729,8.17824657771735,40.966156005859375
A,27,-1,only_T2,200,0.0,1.0,-4.212857246398926,-0.820252537727356,5.894825915180563,40.966156005859375
A,27,-1,only_T5,200,0.0,1.0,-4.215021133422852,-0.8184841871261597,5.0799931648882755,40.966156005859375
A,27,-1,only_T10,200,0.0,1.0,-4.215147018432617,-0.8189326524734497,2.662454040840421,40.966156005859375
A,27,-1,only_T100,200,0.0,1.0,-4.214172840118408,-0.819773256778717,0.5943522146536276,40.966156005859375
A,27,-1,only_lin,200,0.0,1.0,-4.21537971496582,-0.8191701173782349,0.2897802443947628,40.966156005859375
A,27,-1,random_orth,200,0.0,1.0,-4.214791774749756,-0.8202036619186401,8.17824657771735,40.966156005859375
A,27,-1,real_diff_in_helix_subspace,200,0.0,1.0,-4.213395595550537,-0.8197199702262878,8.744788344551944,40.966156005859375
A,27,-1,full_swap,200,0.0,1.0,-4.204410076141357,-0.82048100233078,17.85749053955078,40.966156005859375
A,28,-1,helix,200,0.0,1.0,-4.2130560874938965,-0.8198710680007935,8.42974896439317,42.934547424316406
A,28,-1,only_T2,200,0.0,1.0,-4.214520454406738,-0.8195984363555908,6.054066875995418,42.934547424316406
A,28,-1,only_T5,200,0.0,1.0,-4.21429443359375,-0.8192103505134583,5.248579783932871,42.934547424316406
A,28,-1,only_T10,200,0.0,1.0,-4.214590072631836,-0.819261908531189,2.76319205556424,42.934547424316406
A,28,-1,only_T100,200,0.0,1.0,-4.214959621429443,-0.8192118406295776,0.6135758478836759,42.934547424316406
A,28,-1,only_lin,200,0.0,1.0,-4.2151570320129395,-0.8194506168365479,0.29779332722739027,42.934547424316406
A,28,-1,random_orth,200,0.0,1.0,-4.214477062225342,-0.8199770450592041,8.429748964393172,42.934547424316406
A,28,-1,real_diff_in_helix_subspace,200,0.0,1.0,-4.213408946990967,-0.8191028237342834,9.07288085698248,42.934547424316406
A,28,-1,full_swap,200,0.0,1.0,-4.205517292022705,-0.8204852342605591,18.596155166625977,42.934547424316406
A,29,-1,helix,200,0.0,1.0,-4.212882995605469,-0.8193968534469604,8.771129512415897,45.841190338134766
A,29,-1,only_T2,200,0.0,1.0,-4.21380090713501,-0.8193288445472717,6.304692502109328,45.841190338134766
A,29,-1,only_T5,200,0.0,1.0,-4.2146830558776855,-0.8189401030540466,5.465975694444751,45.841190338134766
A,29,-1,only_T10,200,0.0,1.0,-4.214812278747559,-0.8188216686248779,2.8606161937667265,45.841190338134766
A,29,-1,only_T100,200,0.0,1.0,-4.214926242828369,-0.81915283203125,0.6376387297636191,45.841190338134766
A,29,-1,only_lin,200,0.0,1.0,-4.2149200439453125,-0.8194760084152222,0.31147783660414996,45.841190338134766
A,29,-1,random_orth,200,0.0,1.0,-4.214393138885498,-0.8194916844367981,8.771129512415897,45.841190338134766
A,29,-1,real_diff_in_helix_subspace,200,0.0,1.0,-4.212774753570557,-0.8189842104911804,9.496858255031235,45.841190338134766
A,29,-1,full_swap,200,0.0,1.0,-4.20595645904541,-0.8200095891952515,19.496740341186523,45.841190338134766
A,30,-1,helix,200,0.0,1.0,-4.212831497192383,-0.8188611268997192,9.229649087096465,56.294403076171875
A,30,-1,only_T2,200,0.0,1.0,-4.214322566986084,-0.8191736340522766,6.680979186977213,56.294403076171875
A,30,-1,only_T5,200,0.0,1.0,-4.213294982910156,-0.8185667395591736,5.736201466773325,56.294403076171875
A,30,-1,only_T10,200,0.0,1.0,-4.214669227600098,-0.8189607262611389,2.9546811793634746,56.294403076171875
A,30,-1,only_T100,200,0.0,1.0,-4.214555263519287,-0.8193966746330261,0.6711076596730545,56.294403076171875
A,30,-1,only_lin,200,0.0,1.0,-4.2151384353637695,-0.8192863464355469,0.3265795868008972,56.294403076171875
A,30,-1,random_orth,200,0.0,1.0,-4.215900897979736,-0.8192286491394043,9.229649087096465,56.294403076171875
A,30,-1,real_diff_in_helix_subspace,200,0.0,1.0,-4.21345329284668,-0.8191306591033936,10.151064507676416,56.294403076171875
A,30,-1,full_swap,200,0.0,1.0,-4.2066192626953125,-0.8200733065605164,20.669782638549805,56.294403076171875
A,31,-1,helix,200,0.0,1.0,-4.215632915496826,-0.8191027045249939,9.979069786925976,76.06884002685547
A,31,-1,only_T2,200,0.0,1.0,-4.215632915496826,-0.8191027045249939,7.259843126990519,76.06884002685547
A,31,-1,only_T5,200,0.0,1.0,-4.215632915496826,-0.8191027045249939,6.192737750287653,76.06884002685547
A,31,-1,only_T10,200,0.0,1.0,-4.215632915496826,-0.8191027045249939,3.1520338663422787,76.06884002685547
A,31,-1,only_T100,200,0.0,1.0,-4.215632915496826,-0.8191027045249939,0.7242283987672732,76.06884002685547
A,31,-1,only_lin,200,0.0,1.0,-4.215632915496826,-0.8191027045249939,0.34942867624525065,76.06884002685547
A,31,-1,random_orth,200,0.0,1.0,-4.215632915496826,-0.8191027045249939,9.979069786925974,76.06884002685547
A,31,-1,real_diff_in_helix_subspace,200,0.0,1.0,-4.215632915496826,-0.8191027045249939,11.21485419666013,76.06884002685547
A,31,-1,full_swap,200,0.0,1.0,-4.215632915496826,-0.8191027045249939,22.528684616088867,76.06884002685547
A,0,1,helix,200,0.6449999809265137,0.14499999582767487,-1.6826908588409424,-2.932136058807373,1.5596448102439517,4.579224109649658
A,0,1,only_T2,200,0.17000000178813934,0.38999998569488525,-2.970590829849243,-2.041820526123047,1.1431608200331456,4.579224109649658
A,0,1,only_T5,200,0.0,0.9399999976158142,-4.001857280731201,-0.9631186723709106,0.9375364391857434,4.579224109649658
A,0,1,only_T10,200,0.0,0.9950000047683716,-4.325742721557617,-0.8421049118041992,0.49576162081460184,4.579224109649658
A,0,1,only_T100,200,0.0,0.9899999499320984,-4.437601566314697,-0.8297659754753113,0.098800888308236,4.579224109649658
A,0,1,only_lin,200,0.0,1.0,-4.4441070556640625,-0.8264918923377991,0.04860572926382412,4.579224109649658
A,0,1,random_orth,200,0.0,0.9799999594688416,-4.436720371246338,-0.8399031162261963,1.5596448102439522,4.579224109649658
A,0,1,real_diff_in_helix_subspace,200,0.4399999976158142,0.375,-2.3299853801727295,-2.4776148796081543,1.3928101414328047,4.579224109649658
A,0,1,full_swap,200,0.9300000071525574,0.0,-0.9238279461860657,-4.3609418869018555,3.89601469039917,4.579224109649658
A,1,1,helix,200,0.6399999856948853,0.14499999582767487,-1.6888467073440552,-2.92053484916687,1.574988769990189,5.403913497924805
A,1,1,only_T2,200,0.1599999964237213,0.4050000011920929,-2.974817991256714,-2.0457797050476074,1.1628633637465313,5.403913497924805
A,1,1,only_T5,200,0.0,0.9350000023841858,-4.006854057312012,-0.9691814184188843,0.9388553269976205,5.403913497924805
A,1,1,only_T10,200,0.0,0.9899999499320984,-4.327109336853027,-0.8455810546875,0.49723645104360015,5.403913497924805
A,1,1,only_T100,200,0.0,1.0,-4.436557769775391,-0.8286251425743103,0.10065587327050098,5.403913497924805
A,1,1,only_lin,200,0.0,1.0,-4.442193508148193,-0.8255465030670166,0.05029909586566781,5.403913497924805
A,1,1,random_orth,200,0.0,0.9799999594688416,-4.430190086364746,-0.8505595326423645,1.574988769990189,5.403913497924805
A,1,1,real_diff_in_helix_subspace,200,0.4399999976158142,0.3499999940395355,-2.311922073364258,-2.514570951461792,1.4410780029187407,5.403913497924805
A,1,1,full_swap,200,0.9350000023841858,0.0,-0.9064886569976807,-4.322637557983398,3.9193193912506104,5.403913497924805
A,2,1,helix,200,0.6499999761581421,0.14000000059604645,-1.6736913919448853,-2.9271256923675537,1.6285828804657776,6.381013870239258
A,2,1,only_T2,200,0.17999999225139618,0.38999998569488525,-2.9560093879699707,-2.0681395530700684,1.2110282632830922,6.381013870239258
A,2,1,only_T5,200,0.0,0.9350000023841858,-4.005817890167236,-0.9632655382156372,0.9621979844492228,6.381013870239258
A,2,1,only_T10,200,0.0,0.98499995470047,-4.325432300567627,-0.844079852104187,0.5089149452921241,6.381013870239258
A,2,1,only_T100,200,0.0,1.0,-4.437088489532471,-0.8282691836357117,0.10466019722956794,6.381013870239258
A,2,1,only_lin,200,0.0,1.0,-4.44210147857666,-0.8244330286979675,0.053768169783733374,6.381013870239258
A,2,1,random_orth,200,0.0,0.9799999594688416,-4.442095756530762,-0.8539059162139893,1.6285828804657776,6.381013870239258
A,2,1,real_diff_in_helix_subspace,200,0.42499998211860657,0.3499999940395355,-2.2579541206359863,-2.5391390323638916,1.5172891414736753,6.381013870239258
A,2,1,full_swap,200,0.949999988079071,0.0,-0.8909951448440552,-4.29751443862915,4.011828422546387,6.381013870239258
A,3,1,helix,200,0.6299999952316284,0.1599999964237213,-1.6945711374282837,-2.915830612182617,1.8149575599759538,7.815814018249512
A,3,1,only_T2,200,0.19499999284744263,0.4050000011920929,-2.9546782970428467,-2.07411789894104,1.329724363735512,7.815814018249512
A,3,1,only_T5,200,0.0,0.9449999928474426,-3.9918296337127686,-0.9721126556396484,1.0804154507892099,7.815814018249512
A,3,1,only_T10,200,0.0,0.9899999499320984,-4.321633338928223,-0.8453535437583923,0.5950984102734234,7.815814018249512
A,3,1,only_T100,200,0.0,1.0,-4.436728477478027,-0.8274837136268616,0.1166478388261164,7.815814018249512
A,3,1,only_lin,200,0.0,1.0,-4.44376802444458,-0.824681282043457,0.06021005597719811,7.815814018249512
A,3,1,random_orth,200,0.0,0.9950000047683716,-4.454878330230713,-0.837539792060852,1.8149575599759542,7.815814018249512
A,3,1,real_diff_in_helix_subspace,200,0.48499998450279236,0.3100000023841858,-2.140533924102783,-2.6270806789398193,1.7490238403074658,7.815814018249512
A,3,1,full_swap,200,0.9549999833106995,0.0,-0.8868391513824463,-4.286174774169922,4.360231876373291,7.815814018249512
A,4,1,helix,200,0.6150000095367432,0.1850000023841858,-1.7207589149475098,-2.86242938041687,1.8794618945859634,8.78940200805664
A,4,1,only_T2,200,0.1850000023841858,0.41499999165534973,-2.9797887802124023,-2.0294747352600098,1.3747897475406625,8.78940200805664
A,4,1,only_T5,200,0.004999999888241291,0.9350000023841858,-4.000359535217285,-0.9670315384864807,1.1204027762950237,8.78940200805664
A,4,1,only_T10,200,0.0,0.9799999594688416,-4.326015949249268,-0.8477497100830078,0.6169726024240023,8.78940200805664
A,4,1,only_T100,200,0.0,1.0,-4.434027671813965,-0.8290141820907593,0.12260032901314333,8.78940200805664
A,4,1,only_lin,200,0.0,1.0,-4.442214488983154,-0.8266332745552063,0.06589834479218187,8.78940200805664
A,4,1,random_orth,200,0.0,1.0,-4.4459147453308105,-0.8289744257926941,1.8794618945859634,8.78940200805664
A,4,1,real_diff_in_helix_subspace,200,0.45499998331069946,0.3149999976158142,-2.1334567070007324,-2.628669261932373,1.837166208618209,8.78940200805664
A,4,1,full_swap,200,0.949999988079071,0.0,-0.8905776739120483,-4.2202277183532715,4.53631591796875,8.78940200805664
A,5,1,helix,200,0.5799999833106995,0.22999998927116394,-1.8080958127975464,-2.736668109893799,1.9896972016012588,9.662528991699219
A,5,1,only_T2,200,0.17000000178813934,0.48499998450279236,-3.0408568382263184,-1.9342910051345825,1.449665370087019,9.662528991699219
A,5,1,only_T5,200,0.004999999888241291,0.9399999976158142,-4.029962062835693,-0.9538477659225464,1.1960185604620517,9.662528991699219
A,5,1,only_T10,200,0.0,0.9950000047683716,-4.330759048461914,-0.8433282375335693,0.6475651556426121,9.662528991699219
A,5,1,only_T100,200,0.0,1.0,-4.4366679191589355,-0.8288062810897827,0.1304508221589802,9.662528991699219
A,5,1,only_lin,200,0.0,1.0,-4.443391799926758,-0.8239239454269409,0.07226541901520817,9.662528991699219
A,5,1,random_orth,200,0.0,0.9799999594688416,-4.448060035705566,-0.8468520045280457,1.9896972016012588,9.662528991699219
A,5,1,real_diff_in_helix_subspace,200,0.44999998807907104,0.32999998331069946,-2.2071709632873535,-2.562762498855591,1.9847613290712303,9.662528991699219
A,5,1,full_swap,200,0.9449999928474426,0.0,-0.9207252860069275,-4.089134216308594,4.772916316986084,9.662528991699219
A,6,1,helix,200,0.5649999976158142,0.23499999940395355,-1.834053874015808,-2.73181414604187,2.2606920840138174,10.782175064086914
A,6,1,only_T2,200,0.17999999225139618,0.48499998450279236,-3.0404887199401855,-1.9497110843658447,1.700983016783468,10.782175064086914
A,6,1,only_T5,200,0.004999999888241291,0.9399999976158142,-4.021456241607666,-0.9587379097938538,1.319057510217017,10.782175064086914
A,6,1,only_T10,200,0.0,0.9950000047683716,-4.332854747772217,-0.8447931408882141,0.6660376497418394,10.782175064086914
A,6,1,only_T100,200,0.0,1.0,-4.434821128845215,-0.8288092613220215,0.13912966743899852,10.782175064086914
A,6,1,only_lin,200,0.0,1.0,-4.443143367767334,-0.8255601525306702,0.07755637637858348,10.782175064086914
A,6,1,random_orth,200,0.0,0.9799999594688416,-4.446935176849365,-0.848098874092102,2.2606920840138174,10.782175064086914
A,6,1,real_diff_in_helix_subspace,200,0.5199999809265137,0.2449999898672104,-2.067702054977417,-2.7411465644836426,2.3625900009239063,10.782175064086914
A,6,1,full_swap,200,0.9449999928474426,0.0,-0.9207284450531006,-4.108853816986084,5.096913814544678,10.782175064086914
A,7,1,helix,200,0.5600000023841858,0.23999999463558197,-1.843557357788086,-2.7130606174468994,2.3091927631647167,11.52823257446289
A,7,1,only_T2,200,0.17000000178813934,0.48499998450279236,-3.047684907913208,-1.9358865022659302,1.7369625045425727,11.52823257446289
A,7,1,only_T5,200,0.004999999888241291,0.9449999928474426,-4.024960041046143,-0.9597470760345459,1.347432789183469,11.52823257446289
A,7,1,only_T10,200,0.0,0.9950000047683716,-4.3353095054626465,-0.8470528721809387,0.6832546240119265,11.52823257446289
A,7,1,only_T100,200,0.0,1.0,-4.435086250305176,-0.8304560780525208,0.1462698667294414,11.52823257446289
A,7,1,only_lin,200,0.0,1.0,-4.441073417663574,-0.8244839906692505,0.0798043511780328,11.52823257446289
A,7,1,random_orth,200,0.0,1.0,-4.454401016235352,-0.8393285870552063,2.3091927631647167,11.52823257446289
A,7,1,real_diff_in_helix_subspace,200,0.4949999749660492,0.26999998092651367,-2.1169629096984863,-2.7030022144317627,2.4253722179302857,11.52823257446289
A,7,1,full_swap,200,0.9399999976158142,0.0,-0.932196319103241,-4.092144012451172,5.177708148956299,11.52823257446289
A,8,1,helix,200,0.5550000071525574,0.2449999898672104,-1.8509958982467651,-2.6956734657287598,2.387176307635972,12.237748146057129
A,8,1,only_T2,200,0.1599999964237213,0.4949999749660492,-3.0599474906921387,-1.9138925075531006,1.7880776417494213,12.237748146057129
A,8,1,only_T5,200,0.004999999888241291,0.9449999928474426,-4.025548458099365,-0.9569912552833557,1.4022221174369198,12.237748146057129
A,8,1,only_T10,200,0.0,0.9950000047683716,-4.336314678192139,-0.8463079929351807,0.7085266955665028,12.237748146057129
A,8,1,only_T100,200,0.0,1.0,-4.433364391326904,-0.8301479816436768,0.15072136330944017,12.237748146057129
A,8,1,only_lin,200,0.0,1.0,-4.444541931152344,-0.8245810270309448,0.08297127243856388,12.237748146057129
A,8,1,random_orth,200,0.0,0.9899999499320984,-4.452431678771973,-0.8413532972335815,2.3871763076359724,12.237748146057129
A,8,1,real_diff_in_helix_subspace,200,0.4749999940395355,0.2800000011920929,-2.1335198879241943,-2.6915035247802734,2.5488471058766167,12.237748146057129
A,8,1,full_swap,200,0.9300000071525574,0.0,-0.9413424730300903,-4.0635504722595215,5.351280689239502,12.237748146057129
A,9,1,helix,200,0.550000011920929,0.2449999898672104,-1.839172124862671,-2.7111639976501465,2.412584626417295,12.665548324584961
A,9,1,only_T2,200,0.16499999165534973,0.47999998927116394,-3.0479676723480225,-1.9258098602294922,1.8079551132068516,12.665548324584961
A,9,1,only_T5,200,0.004999999888241291,0.9399999976158142,-4.020511150360107,-0.9664598107337952,1.418783294700321,12.665548324584961
A,9,1,only_T10,200,0.0,0.9950000047683716,-4.332535743713379,-0.8477893471717834,0.7140460479827604,12.665548324584961
A,9,1,only_T100,200,0.0,1.0,-4.4373579025268555,-0.8290978670120239,0.15079068179899963,12.665548324584961
A,9,1,only_lin,200,0.0,1.0,-4.44345760345459,-0.8266953825950623,0.08269892197048724,12.665548324584961
A,9,1,random_orth,200,0.0,0.9799999594688416,-4.442288398742676,-0.8393768668174744,2.412584626417295,12.665548324584961
A,9,1,real_diff_in_helix_subspace,200,0.4899999797344208,0.25,-2.11017107963562,-2.731860399246216,2.6062941613896715,12.665548324584961
A,9,1,full_swap,200,0.9300000071525574,0.0,-0.9395379424095154,-4.076973915100098,5.373332500457764,12.665548324584961
A,10,1,helix,200,0.5899999737739563,0.2199999988079071,-1.7979997396469116,-2.7448863983154297,2.5338245072939833,13.330924987792969
A,10,1,only_T2,200,0.17499999701976776,0.4699999988079071,-3.014899253845215,-1.956415057182312,1.8909787424204365,13.330924987792969
A,10,1,only_T5,200,0.004999999888241291,0.9449999928474426,-4.003307342529297,-0.968297004699707,1.496449466872639,13.330924987792969
A,10,1,only_T10,200,0.0,0.9899999499320984,-4.330826282501221,-0.8492757081985474,0.7637020461456148,13.330924987792969
A,10,1,only_T100,200,0.0,1.0,-4.435245990753174,-0.829787015914917,0.15247236881330872,13.330924987792969
A,10,1,only_lin,200,0.0,1.0,-4.441277503967285,-0.8234419226646423,0.08409173182019485,13.330924987792969
A,10,1,random_orth,200,0.0,0.9799999594688416,-4.447597503662109,-0.8452228903770447,2.5338245072939833,13.330924987792969
A,10,1,real_diff_in_helix_subspace,200,0.4949999749660492,0.26999998092651367,-2.1337149143218994,-2.7123706340789795,2.722657129968403,13.330924987792969
A,10,1,full_swap,200,0.9350000023841858,0.0,-0.9345000982284546,-4.08131217956543,5.498326301574707,13.330924987792969
A,11,1,helix,200,0.6200000047683716,0.1899999976158142,-1.746958613395691,-2.822730541229248,2.711543769828815,13.972500801086426
A,11,1,only_T2,200,0.17000000178813934,0.429999977350235,-2.9833264350891113,-2.017849922180176,2.0250657805806958,13.972500801086426
A,11,1,only_T5,200,0.004999999888241291,0.9350000023841858,-3.965425968170166,-0.9933183789253235,1.5991726769115586,13.972500801086426
A,11,1,only_T10,200,0.0,0.9799999594688416,-4.320873737335205,-0.8522241115570068,0.823314071348828,13.972500801086426
A,11,1,only_T100,200,0.0,1.0,-4.434096336364746,-0.830502986907959,0.15590892181299387,13.972500801086426
A,11,1,only_lin,200,0.0,1.0,-4.4440531730651855,-0.8267837166786194,0.08738438095587622,13.972500801086426
A,11,1,random_orth,200,0.0,0.9950000047683716,-4.448204517364502,-0.8391755223274231,2.711543769828815,13.972500801086426
A,11,1,real_diff_in_helix_subspace,200,0.5049999952316284,0.22499999403953552,-2.0553340911865234,-2.8132989406585693,2.9585096054882474,13.972500801086426
A,11,1,full_swap,200,0.9399999976158142,0.0,-0.9398815631866455,-4.082095623016357,5.733097076416016,13.972500801086426
A,12,1,helix,200,0.6150000095367432,0.20999999344348907,-1.7427566051483154,-2.7880632877349854,3.0243487815832215,14.201860427856445
A,12,1,only_T2,200,0.17499999701976776,0.41499999165534973,-2.9812443256378174,-2.0278050899505615,2.2661416628103295,14.201860427856445
A,12,1,only_T5,200,0.004999999888241291,0.9249999523162842,-3.918903350830078,-1.0363805294036865,1.7744669948863625,14.201860427856445
A,12,1,only_T10,200,0.0,0.98499995470047,-4.314427852630615,-0.8594971895217896,0.9230066865613954,14.201860427856445
A,12,1,only_T100,200,0.0,1.0,-4.435120105743408,-0.8307828903198242,0.16145450049225465,14.201860427856445
A,12,1,only_lin,200,0.0,1.0,-4.442860126495361,-0.8255445957183838,0.08820322494860783,14.201860427856445
A,12,1,random_orth,200,0.0,0.98499995470047,-4.456088542938232,-0.8461604118347168,3.0243487815832215,14.201860427856445
A,12,1,real_diff_in_helix_subspace,200,0.5450000166893005,0.22499999403953552,-1.9316784143447876,-2.7665562629699707,3.2172028496552163,14.201860427856445
A,12,1,full_swap,200,0.9350000023841858,0.0,-0.9403811693191528,-4.091833591461182,6.115054130554199,14.201860427856445
A,13,1,helix,200,0.6200000047683716,0.20499999821186066,-1.7436240911483765,-2.7860941886901855,3.211452493386819,15.109087944030762
A,13,1,only_T2,200,0.1599999964237213,0.41999998688697815,-2.970905303955078,-2.0451369285583496,2.4065107959797234,15.109087944030762
A,13,1,only_T5,200,0.004999999888241291,0.9099999666213989,-3.8938305377960205,-1.0514262914657593,1.8909348021475056,15.109087944030762
A,13,1,only_T10,200,0.0,0.98499995470047,-4.306634902954102,-0.8613031506538391,0.9881890778589397,15.109087944030762
A,13,1,only_T100,200,0.0,1.0,-4.43597936630249,-0.8291142582893372,0.17361630868285197,15.109087944030762
A,13,1,only_lin,200,0.0,1.0,-4.445069313049316,-0.8247314095497131,0.09347874606236242,15.109087944030762
A,13,1,random_orth,200,0.0,0.98499995470047,-4.447354316711426,-0.8386678695678711,3.211452493386819,15.109087944030762
A,13,1,real_diff_in_helix_subspace,200,0.550000011920929,0.20999999344348907,-1.9276297092437744,-2.7931718826293945,3.3800176338058012,15.109087944030762
A,13,1,full_swap,200,0.9399999976158142,0.0,-0.9424375891685486,-4.093143939971924,6.392432689666748,15.109087944030762
A,14,1,helix,200,0.550000011920929,0.29499998688697815,-1.8656617403030396,-2.6038146018981934,3.2847279093584483,15.374011039733887
A,14,1,only_T2,200,0.14499999582767487,0.5299999713897705,-3.0697648525238037,-1.8818835020065308,2.4746786513276717,15.374011039733887
A,14,1,only_T5,200,0.004999999888241291,0.9099999666213989,-3.9208455085754395,-1.0357928276062012,1.9158603022316825,15.374011039733887
A,14,1,only_T10,200,0.0,0.9799999594688416,-4.3127055168151855,-0.8628883957862854,1.0059743904246639,15.374011039733887
A,14,1,only_T100,200,0.0,1.0,-4.436878681182861,-0.830176055431366,0.17870034548684383,15.374011039733887
A,14,1,only_lin,200,0.0,1.0,-4.442902088165283,-0.8276383876800537,0.09441152149330843,15.374011039733887
A,14,1,random_orth,200,0.0,0.9799999594688416,-4.45333194732666,-0.8490429520606995,3.284727909358449,15.374011039733887
A,14,1,real_diff_in_helix_subspace,200,0.5299999713897705,0.25999999046325684,-2.045497179031372,-2.6501338481903076,3.475734768321021,15.374011039733887
A,14,1,full_swap,200,0.9049999713897705,0.009999999776482582,-0.9874600172042847,-3.943089485168457,6.474499702453613,15.374011039733887
A,15,1,helix,200,0.5600000023841858,0.28999999165534973,-1.8440183401107788,-2.6285240650177,3.404585283109485,16.734344482421875
A,15,1,only_T2,200,0.14499999582767487,0.5099999904632568,-3.056483745574951,-1.898729920387268,2.545441911512056,16.734344482421875
A,15,1,only_T5,200,0.004999999888241291,0.9049999713897705,-3.905400037765503,-1.0497076511383057,2.000633794047101,16.734344482421875
A,15,1,only_T10,200,0.0,0.9799999594688416,-4.309745788574219,-0.8628211617469788,1.055950322562991,16.734344482421875
A,15,1,only_T100,200,0.0,1.0,-4.435417175292969,-0.8314485549926758,0.19946350429632048,16.734344482421875
A,15,1,only_lin,200,0.0,1.0,-4.44299840927124,-0.8249025344848633,0.10751346484547142,16.734344482421875
A,15,1,random_orth,200,0.0,0.98499995470047,-4.43947696685791,-0.8406482338905334,3.404585283109485,16.734344482421875
A,15,1,real_diff_in_helix_subspace,200,0.5249999761581421,0.25999999046325684,-2.0448951721191406,-2.644268035888672,3.5938651608030154,16.734344482421875
A,15,1,full_swap,200,0.8999999761581421,0.009999999776482582,-0.9862524271011353,-3.9403908252716064,6.756428241729736,16.734344482421875
A,16,1,helix,200,0.6800000071525574,0.16499999165534973,-1.6426055431365967,-2.9645378589630127,4.139715288299013,18.318401336669922
A,16,1,only_T2,200,0.20499999821186066,0.375,-2.823808193206787,-2.208759069442749,3.0331388550210123,18.318401336669922
A,16,1,only_T5,200,0.009999999776482582,0.8549999594688416,-3.7600457668304443,-1.210939645767212,2.468750982611386,18.318401336669922
A,16,1,only_T10,200,0.0,0.9799999594688416,-4.2691497802734375,-0.8951680064201355,1.347262553587292,18.318401336669922
A,16,1,only_T100,200,0.0,1.0,-4.436962127685547,-0.8307626247406006,0.243884956212091,18.318401336669922
A,16,1,only_lin,200,0.0,1.0,-4.442795753479004,-0.824144721031189,0.12563516914194073,18.318401336669922
A,16,1,random_orth,200,0.0,0.98499995470047,-4.446682453155518,-0.8380783796310425,4.139715288299013,18.318401336669922
A,16,1,real_diff_in_helix_subspace,200,0.6299999952316284,0.17000000178813934,-1.70699942111969,-3.0083532333374023,4.411151695037861,18.318401336669922
A,16,1,full_swap,200,0.9099999666213989,0.009999999776482582,-0.9748727083206177,-3.954362392425537,8.597761154174805,18.318401336669922
A,17,1,helix,200,0.5399999618530273,0.3449999988079071,-1.9558717012405396,-2.510293483734131,4.472448446112988,20.798036575317383
A,17,1,only_T2,200,0.14999999105930328,0.5199999809265137,-3.036606788635254,-1.8691531419754028,3.2539691788535423,20.798036575317383
A,17,1,only_T5,200,0.004999999888241291,0.8849999904632568,-3.848405122756958,-1.1047624349594116,2.6750298318128705,20.798036575317383
A,17,1,only_T10,200,0.0,0.98499995470047,-4.291419982910156,-0.8798010349273682,1.4811840145918012,20.798036575317383
A,17,1,only_T100,200,0.0,1.0,-4.435506820678711,-0.8285658955574036,0.2751365326133033,20.798036575317383
A,17,1,only_lin,200,0.0,1.0,-4.444489002227783,-0.8262433409690857,0.14072905726438895,20.798036575317383
A,17,1,random_orth,200,0.0,0.9749999642372131,-4.447042942047119,-0.8527567982673645,4.472448446112988,20.798036575317383
A,17,1,real_diff_in_helix_subspace,200,0.47999998927116394,0.3349999785423279,-2.090338945388794,-2.5325069427490234,4.727099438365824,20.798036575317383
A,17,1,full_swap,200,0.7799999713897705,0.11999999731779099,-1.2910101413726807,-3.2810094356536865,9.331149101257324,20.798036575317383
A,18,1,helix,200,0.4899999797344208,0.375,-2.0676419734954834,-2.385451078414917,4.655969923852283,23.538686752319336
A,18,1,only_T2,200,0.12999999523162842,0.5649999976158142,-3.112783670425415,-1.7934309244155884,3.353440455918758,23.538686752319336
A,18,1,only_T5,200,0.004999999888241291,0.8949999809265137,-3.8775811195373535,-1.077232837677002,2.8309320768572888,23.538686752319336
A,18,1,only_T10,200,0.0,0.9899999499320984,-4.298977375030518,-0.8716761469841003,1.5500303969915297,23.538686752319336
A,18,1,only_T100,200,0.0,1.0,-4.436768054962158,-0.8278323411941528,0.2908782032945445,23.538686752319336
A,18,1,only_lin,200,0.0,0.9950000047683716,-4.443467140197754,-0.8284147381782532,0.14691905446758569,23.538686752319336
A,18,1,random_orth,200,0.0,0.9799999594688416,-4.443591117858887,-0.8506366014480591,4.6559699238522825,23.538686752319336
A,18,1,real_diff_in_helix_subspace,200,0.4449999928474426,0.375,-2.218499183654785,-2.407341718673706,4.913478244351739,23.538686752319336
A,18,1,full_swap,200,0.7450000047683716,0.1599999964237213,-1.4179717302322388,-3.0624358654022217,9.801931381225586,23.538686752319336
A,19,1,helix,200,0.004999999888241291,0.9699999690055847,-4.164211750030518,-0.8850669860839844,5.199444008144107,26.415868759155273
A,19,1,only_T2,200,0.004999999888241291,0.98499995470047,-4.293840408325195,-0.8649237155914307,3.6730574137839933,26.415868759155273
A,19,1,only_T5,200,0.0,0.98499995470047,-4.359971046447754,-0.8435404896736145,3.221884633355485,26.415868759155273
A,19,1,only_T10,200,0.0,0.9950000047683716,-4.423299789428711,-0.8383938670158386,1.7555741153117754,26.415868759155273
A,19,1,only_T100,200,0.0,0.9950000047683716,-4.446599006652832,-0.8324914574623108,0.33238651844091655,26.415868759155273
A,19,1,only_lin,200,0.0,0.9950000047683716,-4.446248531341553,-0.8323449492454529,0.17365914670843516,26.415868759155273
A,19,1,random_orth,200,0.0,0.9899999499320984,-4.442656993865967,-0.833860456943512,5.1994440081441065,26.415868759155273
A,19,1,real_diff_in_helix_subspace,200,0.004999999888241291,0.9699999690055847,-4.1808624267578125,-0.8887598514556885,5.500891086287755,26.415868759155273
A,19,1,full_swap,200,0.019999999552965164,0.9549999833106995,-3.9264650344848633,-0.9248870015144348,10.82059097290039,26.415868759155273
A,20,1,helix,200,0.004999999888241291,0.9699999690055847,-4.1614789962768555,-0.8915703296661377,5.834113834840911,28.858823776245117
A,20,1,only_T2,200,0.004999999888241291,0.98499995470047,-4.288363933563232,-0.8677718639373779,4.14209232289143,28.858823776245117
A,20,1,only_T5,200,0.0,0.9799999594688416,-4.360408782958984,-0.8458855748176575,3.6079774624560157,28.858823776245117
A,20,1,only_T10,200,0.0,0.9950000047683716,-4.42377233505249,-0.8413366675376892,1.9408437451290377,28.858823776245117
A,20,1,only_T100,200,0.0,1.0,-4.446283340454102,-0.8325746059417725,0.3829564569057464,28.858823776245117
A,20,1,only_lin,200,0.0,1.0,-4.446531772613525,-0.8318139314651489,0.19826870584662004,28.858823776245117
A,20,1,random_orth,200,0.0,1.0,-4.439021587371826,-0.8318647742271423,5.834113834840911,28.858823776245117
A,20,1,real_diff_in_helix_subspace,200,0.004999999888241291,0.9699999690055847,-4.188012599945068,-0.8935933709144592,6.119489926763209,28.858823776245117
A,20,1,full_swap,200,0.019999999552965164,0.9549999833106995,-3.9402966499328613,-0.9293981790542603,12.160451889038086,28.858823776245117
A,21,1,helix,200,0.0,0.9950000047683716,-4.4396233558654785,-0.8343218564987183,6.184865247088376,30.830228805541992
A,21,1,only_T2,200,0.0,0.9899999499320984,-4.4434332847595215,-0.834421694278717,4.399768593347855,30.830228805541992
A,21,1,only_T5,200,0.0,0.9950000047683716,-4.446033477783203,-0.8336806893348694,3.818355145563587,30.830228805541992
A,21,1,only_T10,200,0.0,0.9950000047683716,-4.4452667236328125,-0.8329684138298035,2.0485279894721127,30.830228805541992
A,21,1,only_T100,200,0.0,1.0,-4.446047782897949,-0.8318473100662231,0.428869608644263,30.830228805541992
A,21,1,only_lin,200,0.0,0.9950000047683716,-4.445564270019531,-0.8309295177459717,0.21344144381034993,30.830228805541992
A,21,1,random_orth,200,0.0,0.9899999499320984,-4.448549747467041,-0.8325410485267639,6.184865247088376,30.830228805541992
A,21,1,real_diff_in_helix_subspace,200,0.0,0.9950000047683716,-4.441519260406494,-0.8357659578323364,6.527985352095893,30.830228805541992
A,21,1,full_swap,200,0.0,0.9899999499320984,-4.419787883758545,-0.8318179249763489,13.065964698791504,30.830228805541992
A,22,1,helix,200,0.0,0.9950000047683716,-4.439014911651611,-0.832651674747467,6.556369140518497,32.616268157958984
A,22,1,only_T2,200,0.0,0.9950000047683716,-4.443159580230713,-0.8327633738517761,4.666816568550303,32.616268157958984
A,22,1,only_T5,200,0.0,0.9950000047683716,-4.445338726043701,-0.8333930969238281,4.044160067381971,32.616268157958984
A,22,1,only_T10,200,0.0,0.9950000047683716,-4.445822238922119,-0.8329999446868896,2.1598041031971342,32.616268157958984
A,22,1,only_T100,200,0.0,0.9950000047683716,-4.444993019104004,-0.832302987575531,0.46659868884693223,32.616268157958984
A,22,1,only_lin,200,0.0,1.0,-4.445259094238281,-0.8334969878196716,0.22947867739005262,32.616268157958984
A,22,1,random_orth,200,0.0,0.9899999499320984,-4.44792366027832,-0.8331157565116882,6.556369140518497,32.616268157958984
A,22,1,real_diff_in_helix_subspace,200,0.0,0.9950000047683716,-4.442177772521973,-0.8325467705726624,6.98997212920923,32.616268157958984
A,22,1,full_swap,200,0.0,0.9899999499320984,-4.423004150390625,-0.8263700604438782,14.018771171569824,32.616268157958984
A,23,1,helix,200,0.0,0.9950000047683716,-4.443571090698242,-0.8311466574668884,6.954869751099877,34.234474182128906
A,23,1,only_T2,200,0.0,0.9950000047683716,-4.444056510925293,-0.8321593999862671,4.965974407759412,34.234474182128906
A,23,1,only_T5,200,0.0,0.9950000047683716,-4.4478254318237305,-0.8329119086265564,4.272428707579882,34.234474182128906
A,23,1,only_T10,200,0.0,0.9950000047683716,-4.447933197021484,-0.8333057165145874,2.2769611800321448,34.234474182128906
A,23,1,only_T100,200,0.0,0.9950000047683716,-4.446551322937012,-0.832610011100769,0.5019876341146022,34.234474182128906
A,23,1,only_lin,200,0.0,0.9950000047683716,-4.447169780731201,-0.8330121636390686,0.24413885900655743,34.234474182128906
A,23,1,random_orth,200,0.0,0.9950000047683716,-4.4492387771606445,-0.8344849944114685,6.954869751099877,34.234474182128906
A,23,1,real_diff_in_helix_subspace,200,0.0,0.9950000047683716,-4.447990417480469,-0.8302736282348633,7.43833333875491,34.234474182128906
A,23,1,full_swap,200,0.0,0.9950000047683716,-4.429928302764893,-0.8289905190467834,14.975959777832031,34.234474182128906
A,24,1,helix,200,0.0,0.9950000047683716,-4.444692134857178,-0.8313973546028137,7.262638683735644,35.60881042480469
A,24,1,only_T2,200,0.0,0.9950000047683716,-4.442143440246582,-0.8328158855438232,5.165813993193359,35.60881042480469
A,24,1,only_T5,200,0.0,0.9950000047683716,-4.446386337280273,-0.8319147229194641,4.484221108021037,35.60881042480469
A,24,1,only_T10,200,0.0,0.9950000047683716,-4.445859432220459,-0.8322816491127014,2.3721151873417115,35.60881042480469
A,24,1,only_T100,200,0.0,0.9950000047683716,-4.447223663330078,-0.8323617577552795,0.5293380566405612,35.60881042480469
A,24,1,only_lin,200,0.0,0.9950000047683716,-4.447246074676514,-0.8329124450683594,0.25636495798023234,35.60881042480469
A,24,1,random_orth,200,0.0,0.9950000047683716,-4.448338508605957,-0.8325327634811401,7.262638683735644,35.60881042480469
A,24,1,real_diff_in_helix_subspace,200,0.0,0.9950000047683716,-4.44651985168457,-0.8306248784065247,7.810516200410746,35.60881042480469
A,24,1,full_swap,200,0.0,0.9950000047683716,-4.434635639190674,-0.8281600475311279,15.802163124084473,35.60881042480469
A,25,1,helix,200,0.0,0.9950000047683716,-4.442413806915283,-0.831854522228241,7.627145124675665,37.193580627441406
A,25,1,only_T2,200,0.0,0.9950000047683716,-4.442501544952393,-0.8340533971786499,5.439683726209539,37.193580627441406
A,25,1,only_T5,200,0.0,0.9950000047683716,-4.447051525115967,-0.833055317401886,4.699138305832107,37.193580627441406
A,25,1,only_T10,200,0.0,0.9899999499320984,-4.4473395347595215,-0.8330280780792236,2.4717703206475403,37.193580627441406
A,25,1,only_T100,200,0.0,0.9950000047683716,-4.446184158325195,-0.8325822353363037,0.5612232392952862,37.193580627441406
A,25,1,only_lin,200,0.0,0.9950000047683716,-4.445243835449219,-0.8329600095748901,0.2695064314141946,37.193580627441406
A,25,1,random_orth,200,0.0,0.9950000047683716,-4.448302745819092,-0.8326486945152283,7.627145124675666,37.193580627441406
A,25,1,real_diff_in_helix_subspace,200,0.0,0.9950000047683716,-4.444859504699707,-0.8320170640945435,8.252309854291987,37.193580627441406
A,25,1,full_swap,200,0.0,0.9950000047683716,-4.435186862945557,-0.8302053809165955,16.747591018676758,37.193580627441406
A,26,1,helix,200,0.0,0.9950000047683716,-4.4412455558776855,-0.8336842060089111,7.895195278068312,38.52183532714844
A,26,1,only_T2,200,0.0,0.9950000047683716,-4.44084358215332,-0.8339524865150452,5.631516934030637,38.52183532714844
A,26,1,only_T5,200,0.0,0.9950000047683716,-4.4441728591918945,-0.8327154517173767,4.8568950648804785,38.52183532714844
A,26,1,only_T10,200,0.0,0.9950000047683716,-4.4486308097839355,-0.8342774510383606,2.567203078788992,38.52183532714844
A,26,1,only_T100,200,0.0,0.9950000047683716,-4.445582866668701,-0.8327716588973999,0.5830864066938514,38.52183532714844
A,26,1,only_lin,200,0.0,0.9950000047683716,-4.446132659912109,-0.8330786228179932,0.27921232532798745,38.52183532714844
A,26,1,random_orth,200,0.0,0.9899999499320984,-4.449395179748535,-0.8336275219917297,7.895195278068311,38.52183532714844
A,26,1,real_diff_in_helix_subspace,200,0.0,0.9950000047683716,-4.441318035125732,-0.8328730463981628,8.56260916688246,38.52183532714844
A,26,1,full_swap,200,0.0,0.9950000047683716,-4.432255744934082,-0.8291991949081421,17.42628288269043,38.52183532714844
A,27,1,helix,200,0.0,0.9950000047683716,-4.44131326675415,-0.832956075668335,8.243103940558234,40.734561920166016
A,27,1,only_T2,200,0.0,0.9950000047683716,-4.442860126495361,-0.8340029120445251,5.894825915180563,40.734561920166016
A,27,1,only_T5,200,0.0,0.9950000047683716,-4.4435319900512695,-0.8330196738243103,5.053743667737901,40.734561920166016
A,27,1,only_T10,200,0.0,0.9950000047683716,-4.447560787200928,-0.8337814807891846,2.663286825797658,40.734561920166016
A,27,1,only_T100,200,0.0,0.9950000047683716,-4.446630954742432,-0.8334035873413086,0.6087460878904939,40.734561920166016
A,27,1,only_lin,200,0.0,0.9950000047683716,-4.446012020111084,-0.8335316181182861,0.2897802443947628,40.734561920166016
A,27,1,random_orth,200,0.0,0.9950000047683716,-4.445943355560303,-0.832758367061615,8.243103940558234,40.734561920166016
A,27,1,real_diff_in_helix_subspace,200,0.0,0.9950000047683716,-4.442311763763428,-0.8339332342147827,8.997917736471052,40.734561920166016
A,27,1,full_swap,200,0.0,0.9950000047683716,-4.434735298156738,-0.8308457732200623,18.227764129638672,40.734561920166016
A,28,1,helix,200,0.0,0.9950000047683716,-4.441625118255615,-0.8328529000282288,8.497739901091716,42.663455963134766
A,28,1,only_T2,200,0.0,0.9950000047683716,-4.44351053237915,-0.8337166905403137,6.054066875995418,42.663455963134766
A,28,1,only_T5,200,0.0,0.9950000047683716,-4.443330764770508,-0.832642138004303,5.220627702473419,42.663455963134766
A,28,1,only_T10,200,0.0,0.9950000047683716,-4.447547912597656,-0.8336490988731384,2.7653609262131384,42.663455963134766
A,28,1,only_T100,200,0.0,0.9950000047683716,-4.445791721343994,-0.8328182101249695,0.6285082166355046,42.663455963134766
A,28,1,only_lin,200,0.0,0.9950000047683716,-4.445767879486084,-0.8333280086517334,0.29779332722739027,42.663455963134766
A,28,1,random_orth,200,0.0,0.9950000047683716,-4.444916725158691,-0.8334162831306458,8.497739901091716,42.663455963134766
A,28,1,real_diff_in_helix_subspace,200,0.0,0.9950000047683716,-4.441917419433594,-0.8334458470344543,9.330100291489343,42.663455963134766
A,28,1,full_swap,200,0.0,0.9950000047683716,-4.435236930847168,-0.8314024209976196,18.958078384399414,42.663455963134766
A,29,1,helix,200,0.0,0.9950000047683716,-4.441793441772461,-0.8332032561302185,8.847483899351962,45.62965774536133
A,29,1,only_T2,200,0.0,0.9950000047683716,-4.443965911865234,-0.834071934223175,6.304692502109328,45.62965774536133
A,29,1,only_T5,200,0.0,0.9950000047683716,-4.44336462020874,-0.8329108357429504,5.435054566242661,45.62965774536133
A,29,1,only_T10,200,0.0,0.9950000047683716,-4.4481000900268555,-0.8335822820663452,2.863359774952769,45.62965774536133
A,29,1,only_T100,200,0.0,0.9950000047683716,-4.445527076721191,-0.8327634334564209,0.6530003397589187,45.62965774536133
A,29,1,only_lin,200,0.0,0.9950000047683716,-4.446071147918701,-0.8328997492790222,0.31147783660415,45.62965774536133
A,29,1,random_orth,200,0.0,0.9950000047683716,-4.445929527282715,-0.8332805633544922,8.847483899351962,45.62965774536133
A,29,1,real_diff_in_helix_subspace,200,0.0,0.9950000047683716,-4.443357944488525,-0.8342738747596741,9.791189061762129,45.62965774536133
A,29,1,full_swap,200,0.0,0.9950000047683716,-4.437638282775879,-0.8320112228393555,19.875638961791992,45.62965774536133
A,30,1,helix,200,0.0,0.9950000047683716,-4.442942142486572,-0.8336955308914185,9.32005043036754,56.2873420715332
A,30,1,only_T2,200,0.0,0.9950000047683716,-4.4443254470825195,-0.8335598707199097,6.680979186977213,56.2873420715332
A,30,1,only_T5,200,0.0,0.9950000047683716,-4.442686080932617,-0.8332844376564026,5.7001417648826465,56.2873420715332
A,30,1,only_T10,200,0.0,0.9950000047683716,-4.447587013244629,-0.8339400291442871,2.9593532002673824,56.2873420715332
A,30,1,only_T100,200,0.0,0.9950000047683716,-4.446299076080322,-0.8329324722290039,0.6880549063819259,56.2873420715332
A,30,1,only_lin,200,0.0,0.9950000047683716,-4.446815013885498,-0.8330724239349365,0.3265795868008973,56.2873420715332
A,30,1,random_orth,200,0.0,0.9950000047683716,-4.446646690368652,-0.8336549401283264,9.32005043036754,56.2873420715332
A,30,1,real_diff_in_helix_subspace,200,0.0,0.9950000047683716,-4.443225860595703,-0.8345470428466797,10.50820978161575,56.2873420715332
A,30,1,full_swap,200,0.0,0.9950000047683716,-4.437432289123535,-0.8329442143440247,21.05597686767578,56.2873420715332
A,31,1,helix,200,0.0,0.9950000047683716,-4.44599723815918,-0.8334107995033264,10.07969973216043,76.19636535644531
A,31,1,only_T2,200,0.0,0.9950000047683716,-4.44599723815918,-0.8334107995033264,7.259843126990519,76.19636535644531
A,31,1,only_T5,200,0.0,0.9950000047683716,-4.44599723815918,-0.8334107995033264,6.150590500329846,76.19636535644531
A,31,1,only_T10,200,0.0,0.9950000047683716,-4.44599723815918,-0.8334107995033264,3.159751075607968,76.19636535644531
A,31,1,only_T100,200,0.0,0.9950000047683716,-4.44599723815918,-0.8334107995033264,0.7432415808601205,76.19636535644531
A,31,1,only_lin,200,0.0,0.9950000047683716,-4.44599723815918,-0.8334107995033264,0.3494286762452507,76.19636535644531
A,31,1,random_orth,200,0.0,0.9950000047683716,-4.44599723815918,-0.8334107995033264,10.07969973216043,76.19636535644531
A,31,1,real_diff_in_helix_subspace,200,0.0,0.9950000047683716,-4.44599723815918,-0.8334107995033264,11.643133002754917,76.19636535644531
A,31,1,full_swap,200,0.0,0.9950000047683716,-4.44599723815918,-0.8334107995033264,22.93552017211914,76.19636535644531
A,0,2,helix,200,0.574999988079071,0.2199999988079071,-1.9772099256515503,-3.0965189933776855,1.794033873145275,4.695828914642334
A,0,2,only_T2,200,0.0,1.0,-5.33437967300415,-0.8414323925971985,0.0,4.695828914642334
A,0,2,only_T5,200,0.1899999976158142,0.5199999809265137,-3.3387675285339355,-2.127324104309082,1.5125059876292266,4.695828914642334
A,0,2,only_T10,200,0.014999999664723873,0.9300000071525574,-4.8590874671936035,-1.0621174573898315,0.9432429908704165,4.695828914642334
A,0,2,only_T100,200,0.0,0.9950000047683716,-5.30682897567749,-0.8413589000701904,0.19732938802434866,4.695828914642334
A,0,2,only_lin,200,0.0,1.0,-5.331507682800293,-0.8284011483192444,0.09721145852764825,4.695828914642334
A,0,2,random_orth,200,0.0,0.9749999642372131,-5.3418192863464355,-0.8514484167098999,1.794033873145275,4.695828914642334
A,0,2,real_diff_in_helix_subspace,200,0.4650000035762787,0.4050000011920929,-2.6175432205200195,-2.7040820121765137,1.6081408001333932,4.695828914642334
A,0,2,full_swap,200,0.9199999570846558,0.004999999888241291,-0.971403956413269,-4.866468906402588,4.256397247314453,4.695828914642334
A,1,2,helix,200,0.574999988079071,0.20999999344348907,-1.9796587228775024,-3.122089147567749,1.7980789275696452,5.517122745513916
A,1,2,only_T2,200,0.0,1.0,-5.33437967300415,-0.8414323925971985,0.0,5.517122745513916
A,1,2,only_T5,200,0.17999999225139618,0.5349999666213989,-3.310309886932373,-2.155679941177368,1.5142465034961967,5.517122745513916
A,1,2,only_T10,200,0.014999999664723873,0.9099999666213989,-4.860372066497803,-1.0762407779693604,0.9462091455274052,5.517122745513916
A,1,2,only_T100,200,0.0,0.9950000047683716,-5.306922435760498,-0.8366988897323608,0.20090964117124163,5.517122745513916
A,1,2,only_lin,200,0.0,1.0,-5.334835052490234,-0.8269846439361572,0.10059819173133562,5.517122745513916
A,1,2,random_orth,200,0.0,0.9699999690055847,-5.329189777374268,-0.8859480023384094,1.7980789275696452,5.517122745513916
A,1,2,real_diff_in_helix_subspace,200,0.47999998927116394,0.39499998092651367,-2.546830415725708,-2.7648088932037354,1.6437136062205802,5.517122745513916
A,1,2,full_swap,200,0.9149999618530273,0.009999999776482582,-0.9506493806838989,-4.858740329742432,4.266809940338135,5.517122745513916
A,2,2,helix,200,0.5899999737739563,0.20999999344348907,-1.9488677978515625,-3.0886778831481934,1.8430160200331909,6.48214054107666
A,2,2,only_T2,200,0.0,1.0,-5.33437967300415,-0.8414323925971985,0.0,6.48214054107666
A,2,2,only_T5,200,0.19999998807907104,0.5349999666213989,-3.2688937187194824,-2.1310746669769287,1.5513009832751243,6.48214054107666
A,2,2,only_T10,200,0.014999999664723873,0.9099999666213989,-4.844711780548096,-1.0788946151733398,0.9688173135239185,6.48214054107666
A,2,2,only_T100,200,0.0,0.9950000047683716,-5.308742046356201,-0.8364012241363525,0.20878181620880173,6.48214054107666
A,2,2,only_lin,200,0.0,1.0,-5.330173015594482,-0.8241012096405029,0.10753633956746673,6.48214054107666
A,2,2,random_orth,200,0.0,0.9899999499320984,-5.310439109802246,-0.8623878359794617,1.8430160200331909,6.48214054107666
A,2,2,real_diff_in_helix_subspace,200,0.47999998927116394,0.38499999046325684,-2.4726622104644775,-2.784183979034424,1.7175520673359204,6.48214054107666
A,2,2,full_swap,200,0.9149999618530273,0.004999999888241291,-0.9398513436317444,-4.850667476654053,4.352644443511963,6.48214054107666
A,3,2,helix,200,0.5699999928474426,0.2549999952316284,-1.9518554210662842,-3.074644088745117,2.0926611541891744,7.911329746246338
A,3,2,only_T2,200,0.0,1.0,-5.33437967300415,-0.8414323925971985,0.0,7.911329746246338
A,3,2,only_T5,200,0.20499999821186066,0.5049999952316284,-3.2553961277008057,-2.1386497020721436,1.7410536267959997,7.911329746246338
A,3,2,only_T10,200,0.019999999552965164,0.9099999666213989,-4.839621543884277,-1.090690016746521,1.1350817225807353,7.911329746246338
A,3,2,only_T100,200,0.0,0.9950000047683716,-5.308199405670166,-0.8363310098648071,0.23271103703286994,7.911329746246338
A,3,2,only_lin,200,0.0,1.0,-5.334198951721191,-0.8228417634963989,0.12042011195439623,7.911329746246338
A,3,2,random_orth,200,0.0,0.98499995470047,-5.332055568695068,-0.8446130752563477,2.0926611541891744,7.911329746246338
A,3,2,real_diff_in_helix_subspace,200,0.4949999749660492,0.38499999046325684,-2.3254778385162354,-2.8405590057373047,2.011704337604585,7.911329746246338
A,3,2,full_swap,200,0.9199999570846558,0.004999999888241291,-0.9378204345703125,-4.852018356323242,4.733462333679199,7.911329746246338
A,4,2,helix,200,0.574999988079071,0.25999999046325684,-1.9806050062179565,-3.007206916809082,2.1714348374179018,8.871106147766113
A,4,2,only_T2,200,0.0,1.0,-5.33437967300415,-0.8414323925971985,0.0,8.871106147766113
A,4,2,only_T5,200,0.1899999976158142,0.5249999761581421,-3.288547992706299,-2.0815224647521973,1.8052670085883429,8.871106147766113
A,4,2,only_T10,200,0.014999999664723873,0.9099999666213989,-4.851434707641602,-1.0880892276763916,1.1772690641475514,8.871106147766113
A,4,2,only_T100,200,0.0,0.9950000047683716,-5.30742073059082,-0.8375915884971619,0.24447760474954003,8.871106147766113
A,4,2,only_lin,200,0.0,1.0,-5.331985950469971,-0.824300229549408,0.13179668958436375,8.871106147766113
A,4,2,random_orth,200,0.0,0.98499995470047,-5.341497898101807,-0.8446516394615173,2.1714348374179018,8.871106147766113
A,4,2,real_diff_in_helix_subspace,200,0.5,0.375,-2.364711046218872,-2.812602996826172,2.1101194215241454,8.871106147766113
A,4,2,full_swap,200,0.9199999570846558,0.004999999888241291,-0.951161801815033,-4.7892866134643555,4.921154022216797,8.871106147766113
A,5,2,helix,200,0.5099999904632568,0.3149999976158142,-2.1141738891601562,-2.869403123855591,2.3082526173164144,9.722332000732422
A,5,2,only_T2,200,0.0,1.0,-5.33437967300415,-0.8414323925971985,0.0,9.722332000732422
A,5,2,only_T5,200,0.17000000178813934,0.5899999737739563,-3.4027364253997803,-1.9991381168365479,1.927783680962785,9.722332000732422
A,5,2,only_T10,200,0.014999999664723873,0.9350000023841858,-4.869016647338867,-1.0708646774291992,1.235400721080705,9.722332000732422
A,5,2,only_T100,200,0.0,0.9950000047683716,-5.307934284210205,-0.8367196321487427,0.25997739692446414,9.722332000732422
A,5,2,only_lin,200,0.0,1.0,-5.328304290771484,-0.8215141296386719,0.14453083803041633,9.722332000732422
A,5,2,random_orth,200,0.0,0.9899999499320984,-5.329067230224609,-0.8512427806854248,2.308252617316415,9.722332000732422
A,5,2,real_diff_in_helix_subspace,200,0.48499998450279236,0.3700000047683716,-2.4644877910614014,-2.7367019653320312,2.268361793959228,9.722332000732422
A,5,2,full_swap,200,0.9199999570846558,0.019999999552965164,-0.9700130820274353,-4.664435863494873,5.181153774261475,9.722332000732422
A,6,2,helix,200,0.5149999856948853,0.3100000023841858,-2.1363425254821777,-2.896634817123413,2.497035982805132,10.818315505981445
A,6,2,only_T2,200,0.0,1.0,-5.33437967300415,-0.8414323925971985,0.0,10.818315505981445
A,6,2,only_T5,200,0.1899999976158142,0.5649999976158142,-3.3920581340789795,-2.0365777015686035,2.1249795182497047,10.818315505981445
A,6,2,only_T10,200,0.014999999664723873,0.9300000071525574,-4.866788387298584,-1.0770678520202637,1.2723838114559434,10.818315505981445
A,6,2,only_T100,200,0.0,0.9950000047683716,-5.308097839355469,-0.8336992263793945,0.2771341060691697,10.818315505981445
A,6,2,only_lin,200,0.0,1.0,-5.330319881439209,-0.8223097920417786,0.15511275275716693,10.818315505981445
A,6,2,random_orth,200,0.0,0.9799999594688416,-5.343998908996582,-0.8451812267303467,2.4970359828051323,10.818315505981445
A,6,2,real_diff_in_helix_subspace,200,0.4599999785423279,0.3649999797344208,-2.424077272415161,-2.787245988845825,2.5011910840484037,10.818315505981445
A,6,2,full_swap,200,0.9149999618530273,0.019999999552965164,-0.9724633693695068,-4.69027042388916,5.4267377853393555,10.818315505981445
A,7,2,helix,200,0.5149999856948853,0.3199999928474426,-2.1416146755218506,-2.8919506072998047,2.5561286940434993,11.538273811340332
A,7,2,only_T2,200,0.0,1.0,-5.33437967300415,-0.8414323925971985,0.0,11.538273811340332
A,7,2,only_T5,200,0.17999999225139618,0.5699999928474426,-3.4013547897338867,-2.028412103652954,2.1721892033057966,11.538273811340332
A,7,2,only_T10,200,0.014999999664723873,0.9350000023841858,-4.86674690246582,-1.0793423652648926,1.3048097792285205,11.538273811340332
A,7,2,only_T100,200,0.0,0.9950000047683716,-5.309340476989746,-0.8355759978294373,0.29119783384045234,11.538273811340332
A,7,2,only_lin,200,0.0,1.0,-5.331989765167236,-0.82222980260849,0.1596087023560656,11.538273811340332
A,7,2,random_orth,200,0.0,0.98499995470047,-5.334465026855469,-0.8528439402580261,2.5561286940434993,11.538273811340332
A,7,2,real_diff_in_helix_subspace,200,0.4899999797344208,0.3649999797344208,-2.4071412086486816,-2.786782741546631,2.5875819793244625,11.538273811340332
A,7,2,full_swap,200,0.9149999618530273,0.019999999552965164,-0.9771963357925415,-4.670607566833496,5.538859844207764,11.538273811340332
A,8,2,helix,200,0.5099999904632568,0.3199999928474426,-2.146469831466675,-2.8851559162139893,2.6590868764305826,12.228913307189941
A,8,2,only_T2,200,0.0,1.0,-5.33437967300415,-0.8414323925971985,0.0,12.228913307189941
A,8,2,only_T5,200,0.19499999284744263,0.5649999976158142,-3.403681516647339,-2.0265274047851562,2.2613071760909182,12.228913307189941
A,8,2,only_T10,200,0.019999999552965164,0.9300000071525574,-4.871778964996338,-1.0692726373672485,1.3537832336656543,12.228913307189941
A,8,2,only_T100,200,0.0,0.9950000047683716,-5.310298919677734,-0.8353814482688904,0.3000094051540143,12.228913307189941
A,8,2,only_lin,200,0.0,1.0,-5.330916404724121,-0.821405291557312,0.16594254487712776,12.228913307189941
A,8,2,random_orth,200,0.0,0.9899999499320984,-5.328461170196533,-0.8500971794128418,2.6590868764305826,12.228913307189941
A,8,2,real_diff_in_helix_subspace,200,0.47999998927116394,0.3649999797344208,-2.4305670261383057,-2.8045132160186768,2.7261863879227666,12.228913307189941
A,8,2,full_swap,200,0.9199999570846558,0.019999999552965164,-0.9830166697502136,-4.625657081604004,5.733697414398193,12.228913307189941
A,9,2,helix,200,0.5149999856948853,0.3100000023841858,-2.1239025592803955,-2.904848337173462,2.6878039941018805,12.652649879455566
A,9,2,only_T2,200,0.0,1.0,-5.33437967300415,-0.8414323925971985,0.0,12.652649879455566
A,9,2,only_T5,200,0.19499999284744263,0.550000011920929,-3.383730411529541,-2.0433220863342285,2.288598615970573,12.652649879455566
A,9,2,only_T10,200,0.019999999552965164,0.9199999570846558,-4.867449760437012,-1.0740448236465454,1.3641546498987696,12.652649879455566
A,9,2,only_T100,200,0.0,0.9950000047683716,-5.309745788574219,-0.8362026214599609,0.3001304042333856,12.652649879455566
A,9,2,only_lin,200,0.0,1.0,-5.330458641052246,-0.8226408362388611,0.16539784394097448,12.652649879455566
A,9,2,random_orth,200,0.0,0.98499995470047,-5.342555046081543,-0.8450009822845459,2.6878039941018805,12.652649879455566
A,9,2,real_diff_in_helix_subspace,200,0.47999998927116394,0.3649999797344208,-2.434157133102417,-2.80839204788208,2.7698167476785716,12.652649879455566
A,9,2,full_swap,200,0.9199999570846558,0.019999999552965164,-0.976816713809967,-4.627257823944092,5.762597560882568,12.652649879455566
A,10,2,helix,200,0.5149999856948853,0.29999998211860657,-2.075549602508545,-2.9587841033935547,2.8432346033142197,13.333796501159668
A,10,2,only_T2,200,0.0,1.0,-5.33437967300415,-0.8414323925971985,0.0,13.333796501159668
A,10,2,only_T5,200,0.1899999976158142,0.574999988079071,-3.3330438137054443,-2.063807725906372,2.4164250357407746,13.333796501159668
A,10,2,only_T10,200,0.019999999552965164,0.9149999618530273,-4.85881233215332,-1.0864856243133545,1.4612218098246508,13.333796501159668
A,10,2,only_T100,200,0.0,0.9950000047683716,-5.310450553894043,-0.8359752297401428,0.3034943461726656,13.333796501159668
A,10,2,only_lin,200,0.0,1.0,-5.328408241271973,-0.8244236707687378,0.1681834636403897,13.333796501159668
A,10,2,random_orth,200,0.0,0.9899999499320984,-5.326915740966797,-0.8518486618995667,2.8432346033142197,13.333796501159668
A,10,2,real_diff_in_helix_subspace,200,0.4699999988079071,0.3649999797344208,-2.426023244857788,-2.8430261611938477,2.943899953082082,13.333796501159668
A,10,2,full_swap,200,0.9199999570846558,0.019999999552965164,-0.9747343063354492,-4.632257461547852,5.935666084289551,13.333796501159668
A,11,2,helix,200,0.5550000071525574,0.26499998569488525,-1.9999346733093262,-3.0718767642974854,3.0533192747922406,13.968536376953125
A,11,2,only_T2,200,0.0,1.0,-5.33437967300415,-0.8414323925971985,0.0,13.968536376953125
A,11,2,only_T5,200,0.22999998927116394,0.4899999797344208,-3.2429986000061035,-2.2158632278442383,2.5842469606393728,13.968536376953125
A,11,2,only_T10,200,0.019999999552965164,0.8949999809265137,-4.84857702255249,-1.118628978729248,1.5781481133587716,13.968536376953125
A,11,2,only_T100,200,0.0,0.9950000047683716,-5.310682773590088,-0.8362716436386108,0.3102742756508,13.968536376953125
A,11,2,only_lin,200,0.0,1.0,-5.334465026855469,-0.8239561319351196,0.17476876191175245,13.968536376953125
A,11,2,random_orth,200,0.0,0.9950000047683716,-5.322582244873047,-0.8484705686569214,3.0533192747922406,13.968536376953125
A,11,2,real_diff_in_helix_subspace,200,0.5099999904632568,0.3400000035762787,-2.317997694015503,-2.9838576316833496,3.181183829757996,13.968536376953125
A,11,2,full_swap,200,0.9199999570846558,0.019999999552965164,-0.9822037220001221,-4.636886119842529,6.185844898223877,13.968536376953125
A,12,2,helix,200,0.5600000023841858,0.2750000059604645,-2.0019614696502686,-3.0904815196990967,3.3861497833910716,14.209399223327637
A,12,2,only_T2,200,0.0,1.0,-5.33437967300415,-0.8414323925971985,0.0,14.209399223327637
A,12,2,only_T5,200,0.22999998927116394,0.48499998450279236,-3.2166357040405273,-2.282632827758789,2.8622476304120177,14.209399223327637
A,12,2,only_T10,200,0.019999999552965164,0.9099999666213989,-4.826335906982422,-1.1387028694152832,1.7648345874033537,14.209399223327637
A,12,2,only_T100,200,0.0,0.9950000047683716,-5.307840347290039,-0.8375638127326965,0.32128231565873866,14.209399223327637
A,12,2,only_lin,200,0.0,1.0,-5.329483985900879,-0.8259375095367432,0.17640644989721566,14.209399223327637
A,12,2,random_orth,200,0.0,0.9950000047683716,-5.322452068328857,-0.8565386533737183,3.3861497833910716,14.209399223327637
A,12,2,real_diff_in_helix_subspace,200,0.5199999809265137,0.3100000023841858,-2.206414222717285,-3.0776689052581787,3.4727236567974535,14.209399223327637
A,12,2,full_swap,200,0.9199999570846558,0.019999999552965164,-0.9843736290931702,-4.641232967376709,6.562994480133057,14.209399223327637
A,13,2,helix,200,0.5799999833106995,0.2549999952316284,-1.9638749361038208,-3.130324363708496,3.6112857327762065,15.156898498535156
A,13,2,only_T2,200,0.0,1.0,-5.33437967300415,-0.8414323925971985,0.0,15.156898498535156
A,13,2,only_T5,200,0.1850000023841858,0.5249999761581421,-3.1502788066864014,-2.2916669845581055,3.05188498253755,15.156898498535156
A,13,2,only_T10,200,0.019999999552965164,0.9049999713897705,-4.811384677886963,-1.1568139791488647,1.8872312592919973,15.156898498535156
A,13,2,only_T100,200,0.0,0.9950000047683716,-5.308341979980469,-0.8364881873130798,0.34538446194967437,15.156898498535156
A,13,2,only_lin,200,0.0,1.0,-5.328053951263428,-0.8245115280151367,0.1869574921247249,15.156898498535156
A,13,2,random_orth,200,0.0,0.98499995470047,-5.336235046386719,-0.850418210029602,3.6112857327762065,15.156898498535156
A,13,2,real_diff_in_helix_subspace,200,0.5099999904632568,0.29499998688697815,-2.16042160987854,-3.1141533851623535,3.7033049649426153,15.156898498535156
A,13,2,full_swap,200,0.9199999570846558,0.019999999552965164,-0.9897149205207825,-4.633766174316406,6.885201454162598,15.156898498535156
A,14,2,helix,200,0.5349999666213989,0.29499998688697815,-2.074658155441284,-3.0058233737945557,3.6655714439550566,15.428820610046387
A,14,2,only_T2,200,0.0,1.0,-5.33437967300415,-0.8414323925971985,0.0,15.428820610046387
A,14,2,only_T5,200,0.1850000023841858,0.550000011920929,-3.24310302734375,-2.184105634689331,3.0926435245740604,15.428820610046387
A,14,2,only_T10,200,0.019999999552965164,0.8949999809265137,-4.828540325164795,-1.146346926689148,1.921848634605031,15.428820610046387
A,14,2,only_T100,200,0.0,0.9950000047683716,-5.310527324676514,-0.83868408203125,0.35539026125445305,15.428820610046387
A,14,2,only_lin,200,0.0,1.0,-5.331857681274414,-0.8241005539894104,0.18882304298661687,15.428820610046387
A,14,2,random_orth,200,0.0,0.9899999499320984,-5.332602024078369,-0.8463512063026428,3.6655714439550566,15.428820610046387
A,14,2,real_diff_in_helix_subspace,200,0.4899999797344208,0.3199999928474426,-2.2572953701019287,-3.005556583404541,3.777369986381193,15.428820610046387
A,14,2,full_swap,200,0.9199999570846558,0.019999999552965164,-1.0241305828094482,-4.485264778137207,6.969404697418213,15.428820610046387
A,15,2,helix,200,0.5600000023841858,0.2849999964237213,-2.0348830223083496,-3.0434651374816895,3.8338672347158513,16.795522689819336
A,15,2,only_T2,200,0.0,1.0,-5.33437967300415,-0.8414323925971985,0.0,16.795522689819336
A,15,2,only_T5,200,0.17999999225139618,0.5450000166893005,-3.209230899810791,-2.2209110260009766,3.2272924587960974,16.795522689819336
A,15,2,only_T10,200,0.019999999552965164,0.9049999713897705,-4.8150787353515625,-1.1512104272842407,2.016536917546924,16.795522689819336
A,15,2,only_T100,200,0.0,0.9950000047683716,-5.307665824890137,-0.8393621444702148,0.39621302914624434,16.795522689819336
A,15,2,only_lin,200,0.0,1.0,-5.3300065994262695,-0.8231953382492065,0.21502692969094284,16.795522689819336
A,15,2,random_orth,200,0.0,0.9799999594688416,-5.345043182373047,-0.860666811466217,3.8338672347158513,16.795522689819336
A,15,2,real_diff_in_helix_subspace,200,0.5099999904632568,0.3149999976158142,-2.2485480308532715,-3.0200657844543457,3.940890485420242,16.795522689819336
A,15,2,full_swap,200,0.9099999666213989,0.02499999850988388,-1.0238783359527588,-4.478724956512451,7.308104038238525,16.795522689819336
A,16,2,helix,200,0.6349999904632568,0.19999998807907104,-1.8841607570648193,-3.363579034805298,4.772816961726693,18.37368392944336
A,16,2,only_T2,200,0.0,1.0,-5.33437967300415,-0.8414323925971985,0.0,18.37368392944336
A,16,2,only_T5,200,0.2750000059604645,0.38499999046325684,-2.9141361713409424,-2.5823330879211426,3.9830662697279,18.37368392944336
A,16,2,only_T10,200,0.019999999552965164,0.8100000023841858,-4.715127468109131,-1.3442553281784058,2.5706885834374167,18.37368392944336
A,16,2,only_T100,200,0.0,0.9950000047683716,-5.3087568283081055,-0.8417683839797974,0.48505360406403414,18.37368392944336
A,16,2,only_lin,200,0.0,1.0,-5.333019256591797,-0.8219334483146667,0.25127033828388146,18.37368392944336
A,16,2,random_orth,200,0.0,0.9799999594688416,-5.341585636138916,-0.8616677522659302,4.772816961726693,18.37368392944336
A,16,2,real_diff_in_helix_subspace,200,0.5899999737739563,0.20499999821186066,-1.9477181434631348,-3.4084832668304443,4.940219880224028,18.37368392944336
A,16,2,full_swap,200,0.9199999570846558,0.019999999552965164,-1.0148227214813232,-4.494907855987549,9.278646469116211,18.37368392944336
A,17,2,helix,200,0.5450000166893005,0.29999998211860657,-2.267833709716797,-2.9129321575164795,5.197113557877498,20.865381240844727
A,17,2,only_T2,200,0.0,1.0,-5.33437967300415,-0.8414323925971985,0.0,20.865381240844727
A,17,2,only_T5,200,0.2199999988079071,0.5099999904632568,-3.262143135070801,-2.2081139087677,4.314884395920927,20.865381240844727
A,17,2,only_T10,200,0.02499999850988388,0.8449999690055847,-4.77353572845459,-1.23154878616333,2.8260838668191566,20.865381240844727
A,17,2,only_T100,200,0.0,0.9950000047683716,-5.309584140777588,-0.8370678424835205,0.5475629057839231,20.865381240844727
A,17,2,only_lin,200,0.0,1.0,-5.33573579788208,-0.8266346454620361,0.2814581145287779,20.865381240844727
A,17,2,random_orth,200,0.0,0.9799999594688416,-5.330572605133057,-0.8651861548423767,5.197113557877498,20.865381240844727
A,17,2,real_diff_in_helix_subspace,200,0.4949999749660492,0.3199999928474426,-2.3980393409729004,-2.922574996948242,5.317153463254408,20.865381240844727
A,17,2,full_swap,200,0.7749999761581421,0.14000000059604645,-1.3856371641159058,-3.76999831199646,10.176898002624512,20.865381240844727
A,18,2,helix,200,0.48499998450279236,0.3649999797344208,-2.399055242538452,-2.7796618938446045,5.482623489143256,23.628324508666992
A,18,2,only_T2,200,0.0,1.0,-5.33437967300415,-0.8414323925971985,0.0,23.628324508666992
A,18,2,only_T5,200,0.1899999976158142,0.5550000071525574,-3.367717742919922,-2.137882947921753,4.56925553371624,23.628324508666992
A,18,2,only_T10,200,0.019999999552965164,0.8700000047683716,-4.803057670593262,-1.2049769163131714,2.9565429616901655,23.628324508666992
A,18,2,only_T100,200,0.0,0.9950000047683716,-5.309277057647705,-0.8352872133255005,0.5788295825798635,23.628324508666992
A,18,2,only_lin,200,0.0,1.0,-5.3293070793151855,-0.8306676149368286,0.2938381089351713,23.628324508666992
A,18,2,random_orth,200,0.004999999888241291,0.98499995470047,-5.312395095825195,-0.8713815808296204,5.482623489143257,23.628324508666992
A,18,2,real_diff_in_helix_subspace,200,0.4449999928474426,0.3649999797344208,-2.5678977966308594,-2.7601611614227295,5.566018981423735,23.628324508666992
A,18,2,full_swap,200,0.7249999642372131,0.17000000178813934,-1.543652892112732,-3.5512773990631104,10.72402572631836,23.628324508666992
A,19,2,helix,200,0.014999999664723873,0.9699999690055847,-4.974080562591553,-0.9377120137214661,6.2199800675806625,26.507251739501953
A,19,2,only_T2,200,0.0,1.0,-5.33437967300415,-0.8414323925971985,0.0,26.507251739501953
A,19,2,only_T5,200,0.009999999776482582,0.9799999594688416,-5.112437725067139,-0.8984882831573486,5.180594647051327,26.507251739501953
A,19,2,only_T10,200,0.0,0.9899999499320984,-5.228821754455566,-0.8750418424606323,3.3505963143932265,26.507251739501953
A,19,2,only_T100,200,0.0,1.0,-5.330562114715576,-0.839445948600769,0.66079568880923,26.507251739501953
A,19,2,only_lin,200,0.0,1.0,-5.332206726074219,-0.8402062654495239,0.34731829341687037,26.507251739501953
A,19,2,random_orth,200,0.0,0.9950000047683716,-5.328892707824707,-0.8454359173774719,6.2199800675806625,26.507251739501953
A,19,2,real_diff_in_helix_subspace,200,0.019999999552965164,0.9599999785423279,-4.992678165435791,-0.9400141835212708,6.272460152395398,26.507251739501953
A,19,2,full_swap,200,0.029999999329447746,0.9199999570846558,-4.715819835662842,-1.0154155492782593,11.87194538116455,26.507251739501953
A,20,2,helix,200,0.014999999664723873,0.9599999785423279,-4.963198184967041,-0.9443935751914978,6.940785463972358,28.952905654907227
A,20,2,only_T2,200,0.0,1.0,-5.33437967300415,-0.8414323925971985,0.0,28.952905654907227
A,20,2,only_T5,200,0.009999999776482582,0.9649999737739563,-5.10543155670166,-0.9063686728477478,5.800037164180196,28.952905654907227
A,20,2,only_T10,200,0.0,0.98499995470047,-5.225436210632324,-0.878795325756073,3.704593438392146,28.952905654907227
A,20,2,only_T100,200,0.0,1.0,-5.330414772033691,-0.8387933969497681,0.7612628712863981,28.952905654907227
A,20,2,only_lin,200,0.0,1.0,-5.332818031311035,-0.8389430642127991,0.3965374116932401,28.952905654907227
A,20,2,random_orth,200,0.0,0.9950000047683716,-5.322505950927734,-0.842090904712677,6.940785463972357,28.952905654907227
A,20,2,real_diff_in_helix_subspace,200,0.019999999552965164,0.9599999785423279,-4.993410587310791,-0.941840648651123,6.976338486174118,28.952905654907227
A,20,2,full_swap,200,0.029999999329447746,0.9199999570846558,-4.72410249710083,-1.0185467004776,13.326115608215332,28.952905654907227
A,21,2,helix,200,0.0,0.9899999499320984,-5.315884113311768,-0.8479601740837097,7.345858581981451,30.940134048461914
A,21,2,only_T2,200,0.0,1.0,-5.33437967300415,-0.8414323925971985,0.0,30.940134048461914
A,21,2,only_T5,200,0.0,0.9899999499320984,-5.324028015136719,-0.8488502502441406,6.138834175796813,30.940134048461914
A,21,2,only_T10,200,0.0,0.9950000047683716,-5.332709789276123,-0.8425108790397644,3.911297641804677,30.940134048461914
A,21,2,only_T100,200,0.0,1.0,-5.3338823318481445,-0.840316116809845,0.8520654893426723,30.940134048461914
A,21,2,only_lin,200,0.0,1.0,-5.33315896987915,-0.8400356769561768,0.4268828876206998,30.940134048461914
A,21,2,random_orth,200,0.0,1.0,-5.336421012878418,-0.8376403450965881,7.345858581981451,30.940134048461914
A,21,2,real_diff_in_helix_subspace,200,0.0,0.9899999499320984,-5.317830562591553,-0.8495737910270691,7.437072408765048,30.940134048461914
A,21,2,full_swap,200,0.0,0.98499995470047,-5.279973030090332,-0.8461492657661438,14.332140922546387,30.940134048461914
A,22,2,helix,200,0.0,0.9899999499320984,-5.316650390625,-0.8493849039077759,7.7727793630526,32.70111846923828
A,22,2,only_T2,200,0.0,1.0,-5.33437967300415,-0.8414323925971985,0.0,32.70111846923828
A,22,2,only_T5,200,0.0,0.9899999499320984,-5.32489013671875,-0.8477710485458374,6.499057554608433,32.70111846923828
A,22,2,only_T10,200,0.0,0.9950000047683716,-5.3326215744018555,-0.8448600769042969,4.124837230923374,32.70111846923828
A,22,2,only_T100,200,0.0,1.0,-5.331720352172852,-0.8402288556098938,0.9265897095938016,32.70111846923828
A,22,2,only_lin,200,0.0,1.0,-5.330363750457764,-0.8419797420501709,0.45895735478010524,32.70111846923828
A,22,2,random_orth,200,0.0,1.0,-5.335368633270264,-0.8424674868583679,7.7727793630526,32.70111846923828
A,22,2,real_diff_in_helix_subspace,200,0.0,0.98499995470047,-5.322596549987793,-0.8502148985862732,7.915194551073309,32.70111846923828
A,22,2,full_swap,200,0.0,0.9899999499320984,-5.283970832824707,-0.8507401347160339,15.327258110046387,32.70111846923828
A,23,2,helix,200,0.0,0.9899999499320984,-5.333374977111816,-0.8461018800735474,8.210146088108026,34.2979736328125
A,23,2,only_T2,200,0.0,1.0,-5.33437967300415,-0.8414323925971985,0.0,34.2979736328125
A,23,2,only_T5,200,0.0,0.9899999499320984,-5.334993839263916,-0.8457475304603577,6.866565156934951,34.2979736328125
A,23,2,only_T10,200,0.0,0.9950000047683716,-5.338717937469482,-0.8429951071739197,4.3484567657859765,34.2979736328125
A,23,2,only_T100,200,0.0,1.0,-5.333222389221191,-0.8409022092819214,0.9966683733127882,34.2979736328125
A,23,2,only_lin,200,0.0,1.0,-5.332128047943115,-0.8413730263710022,0.48827771801311487,34.2979736328125
A,23,2,random_orth,200,0.0,1.0,-5.333937644958496,-0.8415954113006592,8.210146088108026,34.2979736328125
A,23,2,real_diff_in_helix_subspace,200,0.0,0.9899999499320984,-5.3383965492248535,-0.8454978466033936,8.419408269424359,34.2979736328125
A,23,2,full_swap,200,0.0,0.9899999499320984,-5.30875825881958,-0.849300742149353,16.354415893554688,34.2979736328125
A,24,2,helix,200,0.0,0.9899999499320984,-5.332428932189941,-0.8442519307136536,8.599590933875739,35.664649963378906
A,24,2,only_T2,200,0.0,1.0,-5.33437967300415,-0.8414323925971985,0.0,35.664649963378906
A,24,2,only_T5,200,0.0,0.9899999499320984,-5.3331146240234375,-0.843207836151123,7.206137255286658,35.664649963378906
A,24,2,only_T10,200,0.0,1.0,-5.335488796234131,-0.8433808088302612,4.5308818125257995,35.664649963378906
A,24,2,only_T100,200,0.0,1.0,-5.331850051879883,-0.8409525156021118,1.0507528219445366,35.664649963378906
A,24,2,only_lin,200,0.0,1.0,-5.333151817321777,-0.8415083289146423,0.5127299159604648,35.664649963378906
A,24,2,random_orth,200,0.0,1.0,-5.3362627029418945,-0.840768039226532,8.599590933875739,35.664649963378906
A,24,2,real_diff_in_helix_subspace,200,0.0,0.9899999499320984,-5.334776401519775,-0.8444803357124329,8.831483418913969,35.664649963378906
A,24,2,full_swap,200,0.0,0.9899999499320984,-5.308075904846191,-0.8455001711845398,17.223039627075195,35.664649963378906
A,25,2,helix,200,0.0,0.9899999499320984,-5.332066535949707,-0.844788670539856,9.000942647058578,37.247493743896484
A,25,2,only_T2,200,0.0,1.0,-5.33437967300415,-0.8414323925971985,0.0,37.247493743896484
A,25,2,only_T5,200,0.0,0.9950000047683716,-5.333564758300781,-0.8440966606140137,7.552917874325139,37.247493743896484
A,25,2,only_T10,200,0.0,1.0,-5.33491325378418,-0.8428904414176941,4.7225757098512124,37.247493743896484
A,25,2,only_T100,200,0.0,1.0,-5.334788799285889,-0.8410466313362122,1.1139780048907333,37.247493743896484
A,25,2,only_lin,200,0.0,1.0,-5.332787990570068,-0.8413234353065491,0.5390128628283892,37.247493743896484
A,25,2,random_orth,200,0.0,1.0,-5.335728645324707,-0.8414674997329712,9.000942647058578,37.247493743896484
A,25,2,real_diff_in_helix_subspace,200,0.0,0.9899999499320984,-5.3337907791137695,-0.8448868989944458,9.29837674182983,37.247493743896484
A,25,2,full_swap,200,0.0,0.9899999499320984,-5.308644771575928,-0.8457407355308533,18.19833755493164,37.247493743896484
A,26,2,helix,200,0.0,0.9950000047683716,-5.328766822814941,-0.8432418704032898,9.317465242394299,38.559661865234375
A,26,2,only_T2,200,0.0,1.0,-5.33437967300415,-0.8414323925971985,0.0,38.559661865234375
A,26,2,only_T5,200,0.0,1.0,-5.329878330230713,-0.8425331115722656,7.805068168383369,38.559661865234375
A,26,2,only_T10,200,0.0,0.9950000047683716,-5.331972599029541,-0.8445701599121094,4.90480820837222,38.559661865234375
A,26,2,only_T100,200,0.0,1.0,-5.333350658416748,-0.8412659168243408,1.1573274561965428,38.559661865234375
A,26,2,only_lin,200,0.0,1.0,-5.333298683166504,-0.8415374755859375,0.5584246506559749,38.559661865234375
A,26,2,random_orth,200,0.0,1.0,-5.3333282470703125,-0.8413968682289124,9.317465242394299,38.559661865234375
A,26,2,real_diff_in_helix_subspace,200,0.0,0.9950000047683716,-5.331492900848389,-0.8428305387496948,9.64855337181293,38.559661865234375
A,26,2,full_swap,200,0.0,0.9950000047683716,-5.317483901977539,-0.8423792123794556,18.945453643798828,38.559661865234375
A,27,2,helix,200,0.0,1.0,-5.329361438751221,-0.8437817096710205,9.692212893273158,40.763145446777344
A,27,2,only_T2,200,0.0,1.0,-5.33437967300415,-0.8414323925971985,0.0,40.763145446777344
A,27,2,only_T5,200,0.0,1.0,-5.330096244812012,-0.8430451154708862,8.121059796669895,40.763145446777344
A,27,2,only_T10,200,0.0,1.0,-5.334928035736084,-0.8434728980064392,5.086079918223642,40.763145446777344
A,27,2,only_T100,200,0.0,1.0,-5.333005428314209,-0.8411568999290466,1.208269965348273,40.763145446777344
A,27,2,only_lin,200,0.0,1.0,-5.3324785232543945,-0.8411159515380859,0.5795604887895256,40.763145446777344
A,27,2,random_orth,200,0.0,1.0,-5.334680080413818,-0.8424618244171143,9.692212893273158,40.763145446777344
A,27,2,real_diff_in_helix_subspace,200,0.0,0.9950000047683716,-5.33126163482666,-0.8429434895515442,10.118991371056829,40.763145446777344
A,27,2,full_swap,200,0.0,0.9950000047683716,-5.320174217224121,-0.8432923555374146,19.834178924560547,40.763145446777344
A,28,2,helix,200,0.0,0.9950000047683716,-5.329668998718262,-0.8425881862640381,10.029165583512501,42.70542907714844
A,28,2,only_T2,200,0.0,1.0,-5.33437967300415,-0.8414323925971985,0.0,42.70542907714844
A,28,2,only_T5,200,0.0,1.0,-5.330812931060791,-0.8427484035491943,8.38815090282204,42.70542907714844
A,28,2,only_T10,200,0.0,1.0,-5.333377361297607,-0.8429577946662903,5.281261659078596,42.70542907714844
A,28,2,only_T100,200,0.0,1.0,-5.332737922668457,-0.8411619663238525,1.2475791519084316,42.70542907714844
A,28,2,only_lin,200,0.0,1.0,-5.332748889923096,-0.8413543701171875,0.5955866544547807,42.70542907714844
A,28,2,random_orth,200,0.0,1.0,-5.33319091796875,-0.8413195610046387,10.029165583512501,42.70542907714844
A,28,2,real_diff_in_helix_subspace,200,0.0,0.9950000047683716,-5.329744815826416,-0.8431063890457153,10.514386007284147,42.70542907714844
A,28,2,full_swap,200,0.0,0.9950000047683716,-5.31852388381958,-0.8430895805358887,20.629661560058594,42.70542907714844
A,29,2,helix,200,0.0,0.9950000047683716,-5.330042839050293,-0.8423399329185486,10.426571927511054,45.620155334472656
A,29,2,only_T2,200,0.0,1.0,-5.33437967300415,-0.8414323925971985,0.0,45.620155334472656
A,29,2,only_T5,200,0.0,1.0,-5.33024787902832,-0.842085599899292,8.729815851198248,45.620155334472656
A,29,2,only_T10,200,0.0,1.0,-5.333418846130371,-0.8437699675559998,5.4690356613505795,45.620155334472656
A,29,2,only_T100,200,0.0,1.0,-5.331584453582764,-0.8411946892738342,1.2965525127034585,45.620155334472656
A,29,2,only_lin,200,0.0,1.0,-5.333662509918213,-0.8415070176124573,0.6229556732083,45.620155334472656
A,29,2,random_orth,200,0.0,1.0,-5.333193302154541,-0.8421503901481628,10.426571927511052,45.620155334472656
A,29,2,real_diff_in_helix_subspace,200,0.0,0.9950000047683716,-5.330416679382324,-0.8423845767974854,11.000031934748717,45.620155334472656
A,29,2,full_swap,200,0.0,0.9950000047683716,-5.321987628936768,-0.8426612019538879,21.581815719604492,45.620155334472656
A,30,2,helix,200,0.0,0.9950000047683716,-5.331373691558838,-0.8430026769638062,10.88853775048605,56.15534591674805
A,30,2,only_T2,200,0.0,1.0,-5.33437967300415,-0.8414323925971985,0.0,56.15534591674805
A,30,2,only_T5,200,0.0,1.0,-5.331130027770996,-0.8421204090118408,9.151989257854854,56.15534591674805
A,30,2,only_T10,200,0.0,1.0,-5.334229469299316,-0.8433914184570312,5.653353062110241,56.15534591674805
A,30,2,only_T100,200,0.0,1.0,-5.331886291503906,-0.8415621519088745,1.365677766504021,56.15534591674805
A,30,2,only_lin,200,0.0,1.0,-5.334677696228027,-0.841401219367981,0.6531591736017945,56.15534591674805
A,30,2,random_orth,200,0.0,1.0,-5.332220554351807,-0.8427908420562744,10.88853775048605,56.15534591674805
A,30,2,real_diff_in_helix_subspace,200,0.0,0.9950000047683716,-5.332036018371582,-0.8433195352554321,11.73151621740485,56.15534591674805
A,30,2,full_swap,200,0.0,0.9950000047683716,-5.322362422943115,-0.8446605205535889,22.804880142211914,56.15534591674805
A,31,2,helix,200,0.0,1.0,-5.33437967300415,-0.8414323925971985,11.705186238393402,75.9570541381836
A,31,2,only_T2,200,0.0,1.0,-5.33437967300415,-0.8414323925971985,0.0,75.9570541381836
A,31,2,only_T5,200,0.0,1.0,-5.33437967300415,-0.8414323925971985,9.868585947174587,75.9570541381836
A,31,2,only_T10,200,0.0,1.0,-5.33437967300415,-0.8414323925971985,6.036795094355052,75.9570541381836
A,31,2,only_T100,200,0.0,1.0,-5.33437967300415,-0.8414323925971985,1.4747674200827803,75.9570541381836
A,31,2,only_lin,200,0.0,1.0,-5.33437967300415,-0.8414323925971985,0.6988573524905015,75.9570541381836
A,31,2,random_orth,200,0.0,1.0,-5.33437967300415,-0.8414323925971985,11.705186238393402,75.9570541381836
A,31,2,real_diff_in_helix_subspace,200,0.0,1.0,-5.33437967300415,-0.8414323925971985,12.863477445550432,75.9570541381836
A,31,2,full_swap,200,0.0,1.0,-5.33437967300415,-0.8414323925971985,24.770410537719727,75.9570541381836
A,0,5,helix,200,0.20999999344348907,0.03999999910593033,-3.228660821914673,-4.239888668060303,2.0271801209278326,4.625101089477539
A,0,5,only_T2,200,0.004999999888241291,0.35999998450279236,-5.991716384887695,-2.182810068130493,1.1431608200331456,4.625101089477539
A,0,5,only_T5,200,0.0,1.0,-6.888611793518066,-0.8124216794967651,2.264024027635152e-15,4.625101089477539
A,0,5,only_T10,200,0.004999999888241291,0.5099999904632568,-5.537463665008545,-2.3487188816070557,1.6031511005241421,4.625101089477539
A,0,5,only_T100,200,0.0,0.98499995470047,-6.741918087005615,-0.8262450695037842,0.4868836949818298,4.625101089477539
A,0,5,only_lin,200,0.0,1.0,-6.884755611419678,-0.7838485836982727,0.2430286463191206,4.625101089477539
A,0,5,random_orth,200,0.0,0.9749999642372131,-6.841845512390137,-0.8439959287643433,2.0271801209278326,4.625101089477539
A,0,5,real_diff_in_helix_subspace,200,0.14499999582767487,0.1899999976158142,-3.870420455932617,-3.6138603687286377,1.8422941154878993,4.625101089477539
A,0,5,full_swap,200,0.8899999856948853,0.004999999888241291,-1.0346546173095703,-5.997133731842041,4.564937591552734,4.625101089477539
A,1,5,helix,200,0.20499999821186066,0.03999999910593033,-3.266335964202881,-4.214859485626221,2.047028440979172,5.457941055297852
A,1,5,only_T2,200,0.004999999888241291,0.35499998927116394,-5.989709377288818,-2.1811470985412598,1.1628633637465313,5.457941055297852
A,1,5,only_T5,200,0.0,1.0,-6.888611793518066,-0.8124216794967651,2.268709684431613e-15,5.457941055297852
A,1,5,only_T10,200,0.004999999888241291,0.5099999904632568,-5.560489177703857,-2.367663860321045,1.608521511438509,5.457941055297852
A,1,5,only_T100,200,0.0,0.9799999594688416,-6.74701452255249,-0.8239399790763855,0.49545246903352885,5.457941055297852
A,1,5,only_lin,200,0.0,1.0,-6.881359100341797,-0.778653085231781,0.2514954793283391,5.457941055297852
A,1,5,random_orth,200,0.0,0.9649999737739563,-6.847781658172607,-0.8618513345718384,2.047028440979172,5.457941055297852
A,1,5,real_diff_in_helix_subspace,200,0.14499999582767487,0.17499999701976776,-3.8323566913604736,-3.6481709480285645,1.903252230594942,5.457941055297852
A,1,5,full_swap,200,0.9199999570846558,0.004999999888241291,-0.9936530590057373,-5.973720550537109,4.6043219566345215,5.457941055297852
A,2,5,helix,200,0.20999999344348907,0.03999999910593033,-3.27237868309021,-4.210527420043945,2.1114841203631594,6.433272838592529
A,2,5,only_T2,200,0.004999999888241291,0.35499998927116394,-5.995382785797119,-2.19535493850708,1.2110282632830922,6.433272838592529
A,2,5,only_T5,200,0.0,1.0,-6.888611793518066,-0.8124216794967651,2.3257502688947115e-15,6.433272838592529
A,2,5,only_T10,200,0.004999999888241291,0.5199999809265137,-5.5453033447265625,-2.3925764560699463,1.6468016563647632,6.433272838592529
A,2,5,only_T100,200,0.0,0.98499995470047,-6.752575397491455,-0.8160984516143799,0.5143401220985921,6.433272838592529
A,2,5,only_lin,200,0.0,1.0,-6.880372047424316,-0.7783699631690979,0.26884084891866683,6.433272838592529
A,2,5,random_orth,200,0.0,0.9699999690055847,-6.851659774780273,-0.8445163369178772,2.1114841203631594,6.433272838592529
A,2,5,real_diff_in_helix_subspace,200,0.14999999105930328,0.17000000178813934,-3.7989141941070557,-3.656262159347534,1.9785158054572582,6.433272838592529
A,2,5,full_swap,200,0.9199999570846558,0.004999999888241291,-1.0004937648773193,-5.948514461517334,4.688227653503418,6.433272838592529
A,3,5,helix,200,0.20499999821186066,0.04999999701976776,-3.275675058364868,-4.164987087249756,2.418149024916719,7.877663612365723
A,3,5,only_T2,200,0.0,0.3349999785423279,-6.003991603851318,-2.1916394233703613,1.329724363735512,7.877663612365723
A,3,5,only_T5,200,0.0,1.0,-6.888611793518066,-0.8124216794967651,2.616922023936652e-15,7.877663612365723
A,3,5,only_T10,200,0.004999999888241291,0.5199999809265137,-5.543529033660889,-2.4083364009857178,1.927456585825322,7.877663612365723
A,3,5,only_T100,200,0.0,0.98499995470047,-6.745608329772949,-0.817245602607727,0.5738023312129051,7.877663612365723
A,3,5,only_lin,200,0.0,0.9950000047683716,-6.882972240447998,-0.7723253965377808,0.30105027988599053,7.877663612365723
A,3,5,random_orth,200,0.0,0.9950000047683716,-6.847177505493164,-0.8350458145141602,2.418149024916719,7.877663612365723
A,3,5,real_diff_in_helix_subspace,200,0.16499999165534973,0.14999999105930328,-3.619375467300415,-3.7539055347442627,2.337433477676446,7.877663612365723
A,3,5,full_swap,200,0.9149999618530273,0.004999999888241291,-0.9833858013153076,-5.955141544342041,5.147273540496826,7.877663612365723
A,4,5,helix,200,0.1899999976158142,0.05999999865889549,-3.353517770767212,-4.107125282287598,2.5100208377181983,8.838172912597656
A,4,5,only_T2,200,0.0,0.3400000035762787,-6.0149359703063965,-2.1604104042053223,1.3747897475406625,8.838172912597656
A,4,5,only_T5,200,0.0,1.0,-6.888611793518066,-0.8124216794967651,2.716160341082462e-15,8.838172912597656
A,4,5,only_T10,200,0.009999999776482582,0.5149999856948853,-5.57318115234375,-2.388883352279663,1.9986955694245383,8.838172912597656
A,4,5,only_T100,200,0.0,0.9899999499320984,-6.749612808227539,-0.8135337829589844,0.6026414609286818,8.838172912597656
A,4,5,only_lin,200,0.0,1.0,-6.881439685821533,-0.775924026966095,0.3294917239609094,8.838172912597656
A,4,5,random_orth,200,0.0,0.9950000047683716,-6.873210430145264,-0.811305820941925,2.5100208377181987,8.838172912597656
A,4,5,real_diff_in_helix_subspace,200,0.1599999964237213,0.12999999523162842,-3.6561596393585205,-3.7457053661346436,2.4416866247984514,8.838172912597656
A,4,5,full_swap,200,0.9099999666213989,0.004999999888241291,-1.0236977338790894,-5.859767436981201,5.346251964569092,8.838172912597656
A,5,5,helix,200,0.17999999225139618,0.07499999552965164,-3.45845365524292,-3.9699409008026123,2.644601979902629,9.679852485656738
A,5,5,only_T2,200,0.0,0.4050000011920929,-6.036890506744385,-2.070645332336426,1.449665370087019,9.679852485656738
A,5,5,only_T5,200,0.0,1.0,-6.888611793518066,-0.8124216794967651,2.9017980419384224e-15,9.679852485656738
A,5,5,only_T10,200,0.004999999888241291,0.5199999809265137,-5.631814002990723,-2.301053047180176,2.097951016244884,9.679852485656738
A,5,5,only_T100,200,0.0,0.98499995470047,-6.754231929779053,-0.8094691038131714,0.6394949835047974,9.679852485656738
A,5,5,only_lin,200,0.0,1.0,-6.882360458374023,-0.7723119258880615,0.3613270950760409,9.679852485656738
A,5,5,random_orth,200,0.0,0.9950000047683716,-6.883307933807373,-0.8215135931968689,2.644601979902629,9.679852485656738
A,5,5,real_diff_in_helix_subspace,200,0.1599999964237213,0.12999999523162842,-3.70251727104187,-3.6720025539398193,2.6115423487697798,9.679852485656738
A,5,5,full_swap,200,0.9099999666213989,0.004999999888241291,-1.063050627708435,-5.758500099182129,5.629461765289307,9.679852485656738
A,6,5,helix,200,0.17999999225139618,0.06499999761581421,-3.466026782989502,-3.979003429412842,2.8488444710073986,10.789375305175781
A,6,5,only_T2,200,0.0,0.4099999964237213,-6.034732341766357,-2.0668904781341553,1.700983016783468,10.789375305175781
A,6,5,only_T5,200,0.0,1.0,-6.888611793518066,-0.8124216794967651,3.1946171089268884e-15,10.789375305175781
A,6,5,only_T10,200,0.004999999888241291,0.5249999761581421,-5.623510837554932,-2.324401617050171,2.1591075984742116,10.789375305175781
A,6,5,only_T100,200,0.0,0.98499995470047,-6.752099514007568,-0.8153364658355713,0.6805537956684858,10.789375305175781
A,6,5,only_lin,200,0.0,1.0,-6.875905513763428,-0.7718867063522339,0.38778188189291724,10.789375305175781
A,6,5,random_orth,200,0.0,0.98499995470047,-6.875178813934326,-0.8190385103225708,2.8488444710073986,10.789375305175781
A,6,5,real_diff_in_helix_subspace,200,0.14999999105930328,0.09999999403953552,-3.6686949729919434,-3.73443341255188,2.8862926030273433,10.789375305175781
A,6,5,full_swap,200,0.8999999761581421,0.009999999776482582,-1.0922683477401733,-5.764664649963379,5.91096305847168,10.789375305175781
A,7,5,helix,200,0.1899999976158142,0.08500000089406967,-3.471964120864868,-3.9576995372772217,2.9206382947003613,11.49939250946045
A,7,5,only_T2,200,0.0,0.42499998211860657,-6.040262222290039,-2.0516083240509033,1.7369625045425727,11.49939250946045
A,7,5,only_T5,200,0.0,1.0,-6.888611793518066,-0.8124216794967651,3.2672226723995356e-15,11.49939250946045
A,7,5,only_T10,200,0.004999999888241291,0.5199999809265137,-5.611812591552734,-2.3319356441497803,2.214871604714419,11.49939250946045
A,7,5,only_T100,200,0.0,0.98499995470047,-6.751213073730469,-0.8165186643600464,0.7146402755926363,11.49939250946045
A,7,5,only_lin,200,0.0,1.0,-6.879970073699951,-0.7721185684204102,0.3990217558901641,11.49939250946045
A,7,5,random_orth,200,0.0,0.9950000047683716,-6.88267707824707,-0.8236814737319946,2.9206382947003613,11.49939250946045
A,7,5,real_diff_in_helix_subspace,200,0.14999999105930328,0.11499999463558197,-3.6637611389160156,-3.7061541080474854,2.9730161804779076,11.49939250946045
A,7,5,full_swap,200,0.8899999856948853,0.014999999664723873,-1.1146551370620728,-5.73429536819458,6.056390285491943,11.49939250946045
A,8,5,helix,200,0.17000000178813934,0.07999999821186066,-3.5105197429656982,-3.9469988346099854,3.0183682303111095,12.187512397766113
A,8,5,only_T2,200,0.0,0.4399999976158142,-6.050055027008057,-2.022475004196167,1.7880776417494213,12.187512397766113
A,8,5,only_T5,200,0.0,1.0,-6.888611793518066,-0.8124216794967651,3.4051933769906288e-15,12.187512397766113
A,8,5,only_T10,200,0.004999999888241291,0.5299999713897705,-5.619637966156006,-2.3250954151153564,2.2971954679158277,12.187512397766113
A,8,5,only_T100,200,0.0,0.9799999594688416,-6.751936912536621,-0.8189902901649475,0.7361991944648691,12.187512397766113
A,8,5,only_lin,200,0.0,1.0,-6.878918170928955,-0.7736738920211792,0.41485636219281935,12.187512397766113
A,8,5,random_orth,200,0.0,1.0,-6.881032466888428,-0.8055720329284668,3.0183682303111095,12.187512397766113
A,8,5,real_diff_in_helix_subspace,200,0.1599999964237213,0.125,-3.6844165325164795,-3.7161471843719482,3.116623095208734,12.187512397766113
A,8,5,full_swap,200,0.8899999856948853,0.014999999664723873,-1.1415424346923828,-5.696629524230957,6.269941329956055,12.187512397766113
A,9,5,helix,200,0.17000000178813934,0.07999999821186066,-3.501790761947632,-3.9559648036956787,3.0434613608816017,12.604633331298828
A,9,5,only_T2,200,0.0,0.41999998688697815,-6.039285659790039,-2.0358195304870605,1.8079551132068516,12.604633331298828
A,9,5,only_T5,200,0.0,1.0,-6.888611793518066,-0.8124216794967651,3.4462574650064053e-15,12.604633331298828
A,9,5,only_T10,200,0.004999999888241291,0.5149999856948853,-5.612481594085693,-2.3383026123046875,2.3154467422758733,12.604633331298828
A,9,5,only_T100,200,0.0,0.98499995470047,-6.752363681793213,-0.8176981806755066,0.7363913162175184,12.604633331298828
A,9,5,only_lin,200,0.0,1.0,-6.880354404449463,-0.7745806574821472,0.4134946098524361,12.604633331298828
A,9,5,random_orth,200,0.0,1.0,-6.887674331665039,-0.8121646642684937,3.0434613608816017,12.604633331298828
A,9,5,real_diff_in_helix_subspace,200,0.17000000178813934,0.10999999940395355,-3.655665874481201,-3.7589287757873535,3.1669272493475766,12.604633331298828
A,9,5,full_swap,200,0.8899999856948853,0.014999999664723873,-1.1361488103866577,-5.703741550445557,6.294315814971924,12.604633331298828
A,10,5,helix,200,0.17000000178813934,0.08999999612569809,-3.4706621170043945,-3.985851287841797,3.221257188277612,13.278519630432129
A,10,5,only_T2,200,0.0,0.41999998688697815,-6.037537097930908,-2.068505048751831,1.8909787424204365,13.278519630432129
A,10,5,only_T5,200,0.0,1.0,-6.888611793518066,-0.8124216794967651,3.634721138235616e-15,13.278519630432129
A,10,5,only_T10,200,0.009999999776482582,0.5149999856948853,-5.581425666809082,-2.3739960193634033,2.4772241303207414,13.278519630432129
A,10,5,only_T100,200,0.0,0.9899999499320984,-6.74823522567749,-0.8182264566421509,0.7446309105049687,13.278519630432129
A,10,5,only_lin,200,0.0,1.0,-6.884108543395996,-0.7720885872840881,0.42045865910097435,13.278519630432129
A,10,5,random_orth,200,0.0,0.9899999499320984,-6.878995895385742,-0.8236460089683533,3.221257188277612,13.278519630432129
A,10,5,real_diff_in_helix_subspace,200,0.16499999165534973,0.10499999672174454,-3.6359825134277344,-3.767676830291748,3.36680693760608,13.278519630432129
A,10,5,full_swap,200,0.8799999952316284,0.014999999664723873,-1.1324511766433716,-5.709360599517822,6.4861369132995605,13.278519630432129
A,11,5,helix,200,0.17499999701976776,0.07999999821186066,-3.443748712539673,-3.9763827323913574,3.4614428883009833,13.906776428222656
A,11,5,only_T2,200,0.0,0.4050000011920929,-6.020208835601807,-2.1092004776000977,2.0250657805806958,13.906776428222656
A,11,5,only_T5,200,0.0,1.0,-6.888611793518066,-0.8124216794967651,3.882589547124018e-15,13.906776428222656
A,11,5,only_T10,200,0.004999999888241291,0.4949999749660492,-5.558908462524414,-2.416140556335449,2.6739078707895136,13.906776428222656
A,11,5,only_T100,200,0.0,0.98499995470047,-6.745950222015381,-0.819416344165802,0.7607917879094923,13.906776428222656
A,11,5,only_lin,200,0.0,1.0,-6.878780841827393,-0.7743937373161316,0.43692190477938103,13.906776428222656
A,11,5,random_orth,200,0.0,0.9899999499320984,-6.885696887969971,-0.826385498046875,3.4614428883009833,13.906776428222656
A,11,5,real_diff_in_helix_subspace,200,0.14999999105930328,0.11499999463558197,-3.6445083618164062,-3.7749199867248535,3.5827037937860293,13.906776428222656
A,11,5,full_swap,200,0.8849999904632568,0.014999999664723873,-1.1231721639633179,-5.716972351074219,6.74201774597168,13.906776428222656
A,12,5,helix,200,0.17499999701976776,0.07999999821186066,-3.36588978767395,-3.996375560760498,3.8485340672060318,14.142080307006836
A,12,5,only_T2,200,0.004999999888241291,0.3799999952316284,-6.026149749755859,-2.1087496280670166,2.2661416628103295,14.142080307006836
A,12,5,only_T5,200,0.0,1.0,-6.888611793518066,-0.8124216794967651,4.3076798388276595e-15,14.142080307006836
A,12,5,only_T10,200,0.009999999776482582,0.5,-5.4871506690979,-2.469658851623535,2.9900695768361745,14.142080307006836
A,12,5,only_T100,200,0.0,0.98499995470047,-6.743838787078857,-0.8196372985839844,0.7868973021262592,14.142080307006836
A,12,5,only_lin,200,0.0,1.0,-6.881557941436768,-0.7726250886917114,0.44101612474303925,14.142080307006836
A,12,5,random_orth,200,0.0,0.9950000047683716,-6.87677526473999,-0.8290510177612305,3.8485340672060313,14.142080307006836
A,12,5,real_diff_in_helix_subspace,200,0.1850000023841858,0.10499999672174454,-3.4902288913726807,-3.83880352973938,3.94602542847432,14.142080307006836
A,12,5,full_swap,200,0.875,0.014999999664723873,-1.124817967414856,-5.721103191375732,7.171435356140137,14.142080307006836
A,13,5,helix,200,0.17999999225139618,0.07999999821186066,-3.347304582595825,-3.993299722671509,4.103154171813517,15.086533546447754
A,13,5,only_T2,200,0.004999999888241291,0.3799999952316284,-6.032365798950195,-2.112673759460449,2.4065107959797234,15.086533546447754
A,13,5,only_T5,200,0.0,1.0,-6.888611793518066,-0.8124216794967651,4.579143764567291e-15,15.086533546447754
A,13,5,only_T10,200,0.009999999776482582,0.48499998450279236,-5.431837558746338,-2.5184123516082764,3.202412600375329,15.086533546447754
A,13,5,only_T100,200,0.0,0.9799999594688416,-6.738852500915527,-0.8243253827095032,0.8448260797781441,15.086533546447754
A,13,5,only_lin,200,0.0,1.0,-6.881065368652344,-0.7751114964485168,0.4673937303118123,15.086533546447754
A,13,5,random_orth,200,0.0,0.9950000047683716,-6.872322082519531,-0.8359463214874268,4.103154171813517,15.086533546447754
A,13,5,real_diff_in_helix_subspace,200,0.19499999284744263,0.125,-3.449963331222534,-3.829421043395996,4.185510545455424,15.086533546447754
A,13,5,full_swap,200,0.8899999856948853,0.014999999664723873,-1.1251184940338135,-5.716174125671387,7.562157154083252,15.086533546447754
A,14,5,helix,200,0.1599999964237213,0.10499999672174454,-3.495842218399048,-3.8339927196502686,4.1904739277542085,15.357257843017578
A,14,5,only_T2,200,0.004999999888241291,0.45499998331069946,-6.071081638336182,-1.979862928390503,2.4746786513276717,15.357257843017578
A,14,5,only_T5,200,0.0,1.0,-6.888611793518066,-0.8124216794967651,4.6368819604007376e-15,15.357257843017578
A,14,5,only_T10,200,0.009999999776482582,0.4899999797344208,-5.4956889152526855,-2.436256170272827,3.2608981000110107,15.357257843017578
A,14,5,only_T100,200,0.0,0.9799999594688416,-6.747015953063965,-0.8207929134368896,0.8687508051233911,15.357257843017578
A,14,5,only_lin,200,0.0,1.0,-6.88552188873291,-0.7736614346504211,0.4720576074665422,15.357257843017578
A,14,5,random_orth,200,0.0,0.9899999499320984,-6.8721160888671875,-0.8237601518630981,4.1904739277542085,15.357257843017578
A,14,5,real_diff_in_helix_subspace,200,0.17000000178813934,0.1550000011920929,-3.6067070960998535,-3.694279670715332,4.304820612126076,15.357257843017578
A,14,5,full_swap,200,0.8650000095367432,0.019999999552965164,-1.1989411115646362,-5.560904026031494,7.682560920715332,15.357257843017578
A,15,5,helix,200,0.17000000178813934,0.10499999672174454,-3.4486606121063232,-3.8489434719085693,4.383108594926949,16.719758987426758
A,15,5,only_T2,200,0.004999999888241291,0.4650000035762787,-6.060361385345459,-1.9877126216888428,2.545441911512056,16.719758987426758
A,15,5,only_T5,200,0.0,1.0,-6.888611793518066,-0.8124216794967651,4.83730357432876e-15,16.719758987426758
A,15,5,only_T10,200,0.009999999776482582,0.48499998450279236,-5.476196765899658,-2.4485955238342285,3.42254991072462,16.719758987426758
A,15,5,only_T100,200,0.0,0.9799999594688416,-6.738968372344971,-0.8255506753921509,0.9672010905518286,16.719758987426758
A,15,5,only_lin,200,0.0,1.0,-6.881750106811523,-0.7711091637611389,0.5375673242273572,16.719758987426758
A,15,5,random_orth,200,0.0,0.98499995470047,-6.88214111328125,-0.8310131430625916,4.383108594926949,16.719758987426758
A,15,5,real_diff_in_helix_subspace,200,0.14499999582767487,0.14999999105930328,-3.5840649604797363,-3.716235637664795,4.544863886236474,16.719758987426758
A,15,5,full_swap,200,0.8650000095367432,0.019999999552965164,-1.1982595920562744,-5.556096076965332,8.11428451538086,16.719758987426758
A,16,5,helix,200,0.19499999284744263,0.10499999672174454,-3.228180408477783,-4.06550931930542,5.45365394578668,18.28264045715332
A,16,5,only_T2,200,0.0,0.3050000071525574,-6.005762577056885,-2.269727945327759,3.0331388550210123,18.28264045715332
A,16,5,only_T5,200,0.0,1.0,-6.888611793518066,-0.8124216794967651,5.959749550319608e-15,18.28264045715332
A,16,5,only_T10,200,0.009999999776482582,0.3649999797344208,-5.260592460632324,-2.933624505996704,4.3610868950354735,18.28264045715332
A,16,5,only_T100,200,0.0,0.9799999594688416,-6.727049827575684,-0.8304183483123779,1.186031004902379,18.28264045715332
A,16,5,only_lin,200,0.0,1.0,-6.881110668182373,-0.7674005031585693,0.6281758457097036,18.28264045715332
A,16,5,random_orth,200,0.0,0.9699999690055847,-6.878322601318359,-0.8442849516868591,5.45365394578668,18.28264045715332
A,16,5,real_diff_in_helix_subspace,200,0.19499999284744263,0.08500000089406967,-3.25299072265625,-3.9905638694763184,5.569700862899762,18.28264045715332
A,16,5,full_swap,200,0.8700000047683716,0.019999999552965164,-1.1863391399383545,-5.575671672821045,10.205946922302246,18.28264045715332
A,17,5,helix,200,0.13499999046325684,0.1899999976158142,-3.7109105587005615,-3.539605140686035,5.9583428211421845,20.797578811645508
A,17,5,only_T2,200,0.0,0.4650000035762787,-6.102269172668457,-1.9574596881866455,3.2539691788535423,20.797578811645508
A,17,5,only_T5,200,0.0,1.0,-6.888611793518066,-0.8124216794967651,6.46145966352141e-15,20.797578811645508
A,17,5,only_T10,200,0.0,0.4650000035762787,-5.450906753540039,-2.5495312213897705,4.797048687506379,20.797578811645508
A,17,5,only_T100,200,0.0,0.98499995470047,-6.757989406585693,-0.8176829218864441,1.3428266285770034,20.797578811645508
A,17,5,only_lin,200,0.0,1.0,-6.88402795791626,-0.7801099419593811,0.7036452863219447,20.797578811645508
A,17,5,random_orth,200,0.0,0.9799999594688416,-6.869546890258789,-0.8472631573677063,5.9583428211421845,20.797578811645508
A,17,5,real_diff_in_helix_subspace,200,0.13499999046325684,0.20499999821186066,-3.7758586406707764,-3.4758007526397705,6.076291813841015,20.797578811645508
A,17,5,full_swap,200,0.6800000071525574,0.07499999552965164,-1.8137753009796143,-4.684875011444092,11.311488151550293,20.797578811645508
A,18,5,helix,200,0.11999999731779099,0.20999999344348907,-3.9052042961120605,-3.3847665786743164,6.206820792159054,23.588350296020508
A,18,5,only_T2,200,0.0,0.5,-6.124155044555664,-1.8989382982254028,3.353440455918758,23.588350296020508
A,18,5,only_T5,200,0.0,1.0,-6.888611793518066,-0.8124216794967651,6.836215019102025e-15,23.588350296020508
A,18,5,only_T10,200,0.0,0.48499998450279236,-5.556876182556152,-2.4435343742370605,5.018881740680445,23.588350296020508
A,18,5,only_T100,200,0.0,0.98499995470047,-6.765744686126709,-0.8146442770957947,1.4194504583730208,23.588350296020508
A,18,5,only_lin,200,0.0,1.0,-6.877923011779785,-0.7855183482170105,0.7345952723379284,23.588350296020508
A,18,5,random_orth,200,0.0,0.9899999499320984,-6.872588157653809,-0.8304505944252014,6.206820792159054,23.588350296020508
A,18,5,real_diff_in_helix_subspace,200,0.10999999940395355,0.22999998927116394,-3.9813411235809326,-3.331669330596924,6.3460443760048575,23.588350296020508
A,18,5,full_swap,200,0.6049999594688416,0.125,-2.0703117847442627,-4.436371803283691,11.901359558105469,23.588350296020508
A,19,5,helix,200,0.004999999888241291,0.949999988079071,-6.532992839813232,-0.9381464719772339,6.966361668769573,26.486190795898438
A,19,5,only_T2,200,0.0,0.9649999737739563,-6.789194583892822,-0.8650745749473572,3.6730574137839933,26.486190795898438
A,19,5,only_T5,200,0.0,1.0,-6.888611793518066,-0.8124216794967651,7.773842921769144e-15,26.486190795898438
A,19,5,only_T10,200,0.0,0.9799999594688416,-6.69873571395874,-0.8906106948852539,5.674661000915455,26.486190795898438
A,19,5,only_T100,200,0.0,1.0,-6.86959171295166,-0.8091686964035034,1.6167635295622194,26.486190795898438
A,19,5,only_lin,200,0.0,1.0,-6.881419658660889,-0.8056785464286804,0.8682957335421758,26.486190795898438
A,19,5,random_orth,200,0.0,0.9950000047683716,-6.874954700469971,-0.8124219179153442,6.966361668769573,26.486190795898438
A,19,5,real_diff_in_helix_subspace,200,0.004999999888241291,0.9549999833106995,-6.543188095092773,-0.9350965619087219,7.179511398810905,26.486190795898438
A,19,5,full_swap,200,0.009999999776482582,0.9300000071525574,-6.244668483734131,-1.0043058395385742,13.191123008728027,26.486190795898438
A,20,5,helix,200,0.004999999888241291,0.9449999928474426,-6.51734733581543,-0.942592442035675,7.773769810889373,28.956802368164062
A,20,5,only_T2,200,0.0,0.9699999690055847,-6.783261775970459,-0.8697280883789062,4.14209232289143,28.956802368164062
A,20,5,only_T5,200,0.0,1.0,-6.888611793518066,-0.8124216794967651,8.705332332127619e-15,28.956802368164062
A,20,5,only_T10,200,0.0,0.9699999690055847,-6.68687629699707,-0.8960821628570557,6.278364372682233,28.956802368164062
A,20,5,only_T100,200,0.0,1.0,-6.870442867279053,-0.8072540163993835,1.861743189868351,28.956802368164062
A,20,5,only_lin,200,0.0,1.0,-6.877947807312012,-0.8053457736968994,0.9913435292331004,28.956802368164062
A,20,5,random_orth,200,0.0,0.9950000047683716,-6.874619007110596,-0.8187665939331055,7.773769810889373,28.956802368164062
A,20,5,real_diff_in_helix_subspace,200,0.004999999888241291,0.9649999737739563,-6.52790641784668,-0.9410625100135803,8.048478401797142,28.956802368164062
A,20,5,full_swap,200,0.009999999776482582,0.9149999618530273,-6.265417575836182,-1.0011459589004517,14.83716106414795,28.956802368164062
A,21,5,helix,200,0.0,0.9950000047683716,-6.865444183349609,-0.8098241090774536,8.256126069697796,30.977550506591797
A,21,5,only_T2,200,0.0,1.0,-6.892702579498291,-0.8130694627761841,4.399768593347855,30.977550506591797
A,21,5,only_T5,200,0.0,1.0,-6.888611793518066,-0.8124216794967651,9.220551430222624e-15,30.977550506591797
A,21,5,only_T10,200,0.0,0.9950000047683716,-6.875678539276123,-0.8152889609336853,6.629123539509473,30.977550506591797
A,21,5,only_T100,200,0.0,1.0,-6.887063980102539,-0.8099737167358398,2.0785260843794777,30.977550506591797
A,21,5,only_lin,200,0.0,1.0,-6.8827080726623535,-0.807969331741333,1.0672072190517494,30.977550506591797
A,21,5,random_orth,200,0.0,1.0,-6.887814998626709,-0.8058083057403564,8.256126069697796,30.977550506591797
A,21,5,real_diff_in_helix_subspace,200,0.0,0.9950000047683716,-6.869339466094971,-0.8129774332046509,8.65247044642962,30.977550506591797
A,21,5,full_swap,200,0.0,1.0,-6.826390266418457,-0.8145022988319397,15.994633674621582,30.977550506591797
A,22,5,helix,200,0.0,0.9950000047683716,-6.867895126342773,-0.8109143376350403,8.7477169565958,32.76530838012695
A,22,5,only_T2,200,0.0,1.0,-6.890241622924805,-0.8121758699417114,4.666816568550303,32.76530838012695
A,22,5,only_T5,200,0.0,1.0,-6.888611793518066,-0.8124216794967651,9.77373673403627e-15,32.76530838012695
A,22,5,only_T10,200,0.0,0.9950000047683716,-6.876902103424072,-0.8150857090950012,6.990975340499171,32.76530838012695
A,22,5,only_T100,200,0.0,1.0,-6.8877692222595215,-0.8086163997650146,2.2565773781847924,32.76530838012695
A,22,5,only_lin,200,0.0,1.0,-6.881647109985352,-0.8123875856399536,1.1473933869502633,32.76530838012695
A,22,5,random_orth,200,0.0,1.0,-6.892672061920166,-0.8126519322395325,8.7477169565958,32.76530838012695
A,22,5,real_diff_in_helix_subspace,200,0.0,0.9950000047683716,-6.86971378326416,-0.8105763792991638,9.266619129913822,32.76530838012695
A,22,5,full_swap,200,0.0,1.0,-6.82708215713501,-0.8074679374694824,17.112876892089844,32.76530838012695
A,23,5,helix,200,0.0,0.9950000047683716,-6.881722927093506,-0.8089621067047119,9.263817977433524,34.38740158081055
A,23,5,only_T2,200,0.0,0.9950000047683716,-6.889681339263916,-0.8132935762405396,4.965974407759412,34.38740158081055
A,23,5,only_T5,200,0.0,1.0,-6.888611793518066,-0.8124216794967651,1.0325673726315017e-14,34.38740158081055
A,23,5,only_T10,200,0.0,0.9950000047683716,-6.887853622436523,-0.8108158707618713,7.3713919091281515,34.38740158081055
A,23,5,only_T100,200,0.0,1.0,-6.889609336853027,-0.8099847435951233,2.424466648753917,34.38740158081055
A,23,5,only_lin,200,0.0,1.0,-6.884530067443848,-0.8122461438179016,1.2206942950327873,34.38740158081055
A,23,5,random_orth,200,0.0,1.0,-6.891158103942871,-0.8125411868095398,9.263817977433524,34.38740158081055
A,23,5,real_diff_in_helix_subspace,200,0.0,0.9950000047683716,-6.885256290435791,-0.8093728423118591,9.90951797625422,34.38740158081055
A,23,5,full_swap,200,0.0,1.0,-6.866539001464844,-0.8066403269767761,18.305761337280273,34.38740158081055
A,24,5,helix,200,0.0,1.0,-6.885445594787598,-0.8091529607772827,9.655423728749634,35.79669189453125
A,24,5,only_T2,200,0.0,1.0,-6.886667728424072,-0.8135125637054443,5.165813993193359,35.79669189453125
A,24,5,only_T5,200,0.0,1.0,-6.888611793518066,-0.8124216794967651,1.0841588470917588e-14,35.79669189453125
A,24,5,only_T10,200,0.0,1.0,-6.890798091888428,-0.810614287853241,7.680144522880925,35.79669189453125
A,24,5,only_T100,200,0.0,1.0,-6.889369964599609,-0.8108197450637817,2.5545985395907205,35.79669189453125
A,24,5,only_lin,200,0.0,1.0,-6.885178089141846,-0.8120161294937134,1.2818247899011619,35.79669189453125
A,24,5,random_orth,200,0.0,0.9950000047683716,-6.887726783752441,-0.8138462901115417,9.655423728749634,35.79669189453125
A,24,5,real_diff_in_helix_subspace,200,0.0,1.0,-6.888935565948486,-0.8079981803894043,10.394507462919274,35.79669189453125
A,24,5,full_swap,200,0.0,0.9950000047683716,-6.888091087341309,-0.7989819049835205,19.278221130371094,35.79669189453125
A,25,5,helix,200,0.0,1.0,-6.884959697723389,-0.8102166652679443,10.107771934739942,37.412818908691406
A,25,5,only_T2,200,0.0,1.0,-6.887171268463135,-0.8141266703605652,5.439683726209539,37.412818908691406
A,25,5,only_T5,200,0.0,1.0,-6.888611793518066,-0.8124216794967651,1.1364053943727122e-14,37.412818908691406
A,25,5,only_T10,200,0.0,1.0,-6.892722129821777,-0.8116093277931213,8.003192998369679,37.412818908691406
A,25,5,only_T100,200,0.0,1.0,-6.889400005340576,-0.8103613257408142,2.707433860256899,37.412818908691406
A,25,5,only_lin,200,0.0,1.0,-6.883375644683838,-0.8121527433395386,1.347532157070973,37.412818908691406
A,25,5,random_orth,200,0.0,1.0,-6.890651702880859,-0.8110052347183228,10.107771934739942,37.412818908691406
A,25,5,real_diff_in_helix_subspace,200,0.0,1.0,-6.8876237869262695,-0.8087806701660156,10.968082899657297,37.412818908691406
A,25,5,full_swap,200,0.0,0.9950000047683716,-6.884345531463623,-0.8045164942741394,20.398286819458008,37.412818908691406
A,26,5,helix,200,0.0,1.0,-6.883428573608398,-0.8103640079498291,10.483365041501177,38.746131896972656
A,26,5,only_T2,200,0.0,1.0,-6.885787010192871,-0.81361985206604,5.631516934030637,38.746131896972656
A,26,5,only_T5,200,0.0,1.0,-6.888611793518066,-0.8124216794967651,1.1746193749713021e-14,38.746131896972656
A,26,5,only_T10,200,0.0,1.0,-6.887372970581055,-0.8134011626243591,8.31231943849966,38.746131896972656
A,26,5,only_T100,200,0.0,1.0,-6.887759685516357,-0.8108079433441162,2.8120065422306117,38.746131896972656
A,26,5,only_lin,200,0.0,1.0,-6.888847351074219,-0.8114386796951294,1.396061626639937,38.746131896972656
A,26,5,random_orth,200,0.0,1.0,-6.888736248016357,-0.812488853931427,10.483365041501177,38.746131896972656
A,26,5,real_diff_in_helix_subspace,200,0.0,1.0,-6.882509708404541,-0.80964595079422,11.422590447797564,38.746131896972656
A,26,5,full_swap,200,0.0,0.9950000047683716,-6.879634857177734,-0.8015962243080139,21.267711639404297,38.746131896972656
A,27,5,helix,200,0.0,1.0,-6.882850170135498,-0.810180127620697,10.905146384884544,41.000545501708984
A,27,5,only_T2,200,0.0,1.0,-6.886612892150879,-0.813575267791748,5.894825915180563,41.000545501708984
A,27,5,only_T5,200,0.0,1.0,-6.888611793518066,-0.8124216794967651,1.2235994255222401e-14,41.000545501708984
A,27,5,only_T10,200,0.0,1.0,-6.888391017913818,-0.8129183650016785,8.619994053380365,41.000545501708984
A,27,5,only_T100,200,0.0,1.0,-6.887416839599609,-0.8107509613037109,2.9349955680093034,41.000545501708984
A,27,5,only_lin,200,0.0,1.0,-6.886723041534424,-0.811733067035675,1.4489012219738142,41.000545501708984
A,27,5,random_orth,200,0.0,1.0,-6.888129711151123,-0.8132475018501282,10.905146384884544,41.000545501708984
A,27,5,real_diff_in_helix_subspace,200,0.0,1.0,-6.883131980895996,-0.808895468711853,11.998196800826376,41.000545501708984
A,27,5,full_swap,200,0.0,0.9950000047683716,-6.8809380531311035,-0.8048799633979797,22.306777954101562,41.000545501708984
A,28,5,helix,200,0.0,1.0,-6.883689880371094,-0.8098956942558289,11.277735301498986,42.95663070678711
A,28,5,only_T2,200,0.0,1.0,-6.886749267578125,-0.8137174248695374,6.054066875995418,42.95663070678711
A,28,5,only_T5,200,0.0,1.0,-6.888611793518066,-0.8124216794967651,1.2639545108051605e-14,42.95663070678711
A,28,5,only_T10,200,0.0,1.0,-6.888665676116943,-0.8125289082527161,8.948311655433995,42.95663070678711
A,28,5,only_T100,200,0.0,1.0,-6.887304306030273,-0.8111207485198975,3.0303657120184972,42.95663070678711
A,28,5,only_lin,200,0.0,1.0,-6.88604736328125,-0.8115559220314026,1.4889666361369518,42.95663070678711
A,28,5,random_orth,200,0.0,1.0,-6.887282371520996,-0.8122017979621887,11.277735301498986,42.95663070678711
A,28,5,real_diff_in_helix_subspace,200,0.0,1.0,-6.883481979370117,-0.8093414306640625,12.4612943151846,42.95663070678711
A,28,5,full_swap,200,0.0,1.0,-6.879883766174316,-0.8052173256874084,23.199644088745117,42.95663070678711
A,29,5,helix,200,0.0,1.0,-6.884200096130371,-0.8094752430915833,11.702908786231516,45.86143493652344
A,29,5,only_T2,200,0.0,1.0,-6.887734413146973,-0.8127275109291077,6.304692502109328,45.86143493652344
A,29,5,only_T5,200,0.0,1.0,-6.888611793518066,-0.8124216794967651,1.3160530182745845e-14,45.86143493652344
A,29,5,only_T10,200,0.0,1.0,-6.88889217376709,-0.8120918273925781,9.26471981437919,45.86143493652344
A,29,5,only_T100,200,0.0,1.0,-6.885340213775635,-0.8114654421806335,3.150737784953977,45.86143493652344
A,29,5,only_lin,200,0.0,1.0,-6.888794898986816,-0.8112019896507263,1.55738918302075,45.86143493652344
A,29,5,random_orth,200,0.0,1.0,-6.887354373931885,-0.8119074702262878,11.70290878623152,45.86143493652344
A,29,5,real_diff_in_helix_subspace,200,0.0,1.0,-6.8827385902404785,-0.8094403147697449,13.005400950426951,45.86143493652344
A,29,5,full_swap,200,0.0,1.0,-6.8789238929748535,-0.8057821393013,24.221294403076172,45.86143493652344
A,30,5,helix,200,0.0,1.0,-6.886297225952148,-0.8109690546989441,12.193874840374908,56.25273132324219
A,30,5,only_T2,200,0.0,1.0,-6.887526035308838,-0.8127347230911255,6.680979186977213,56.25273132324219
A,30,5,only_T5,200,0.0,1.0,-6.888611793518066,-0.8124216794967651,1.3794175455069739e-14,56.25273132324219
A,30,5,only_T10,200,0.0,1.0,-6.889440536499023,-0.812781572341919,9.57252294070438,56.25273132324219
A,30,5,only_T100,200,0.0,1.0,-6.887033462524414,-0.8116859197616577,3.314496960274189,56.25273132324219
A,30,5,only_lin,200,0.0,1.0,-6.888729095458984,-0.8116984367370605,1.6328979340044867,56.25273132324219
A,30,5,random_orth,200,0.0,1.0,-6.8895111083984375,-0.812874436378479,12.193874840374908,56.25273132324219
A,30,5,real_diff_in_helix_subspace,200,0.0,1.0,-6.885178089141846,-0.8111743927001953,13.845175540938753,56.25273132324219
A,30,5,full_swap,200,0.0,1.0,-6.882959842681885,-0.808020293712616,25.570411682128906,56.25273132324219
A,31,5,helix,200,0.0,1.0,-6.888611793518066,-0.8124216794967651,13.085544935674589,76.02301025390625
A,31,5,only_T2,200,0.0,1.0,-6.888611793518066,-0.8124216794967651,7.259843126990519,76.02301025390625
A,31,5,only_T5,200,0.0,1.0,-6.888611793518066,-0.8124216794967651,1.4896747285217892e-14,76.02301025390625
A,31,5,only_T10,200,0.0,1.0,-6.888611793518066,-0.8124216794967651,10.216455791925744,76.02301025390625
A,31,5,only_T100,200,0.0,1.0,-6.888611793518066,-0.8124216794967651,3.575314483593591,76.02301025390625
A,31,5,only_lin,200,0.0,1.0,-6.888611793518066,-0.8124216794967651,1.747143381226254,76.02301025390625
A,31,5,random_orth,200,0.0,1.0,-6.888611793518066,-0.8124216794967651,13.085544935674589,76.02301025390625
A,31,5,real_diff_in_helix_subspace,200,0.0,1.0,-6.888611793518066,-0.8124216794967651,15.18832425632691,76.02301025390625
A,31,5,full_swap,200,0.0,1.0,-6.888611793518066,-0.8124216794967651,27.785799026489258,76.02301025390625
A,0,10,helix,200,0.004999999888241291,0.9699999690055847,-5.533761978149414,-0.8055437207221985,1.008118539969445,4.603102207183838
A,0,10,only_T2,200,0.0,1.0,-6.084518909454346,-0.8055385947227478,0.0,4.603102207183838
A,0,10,only_T5,200,0.0,1.0,-6.084518909454346,-0.8055385947227478,1.695922886396937e-15,4.603102207183838
A,0,10,only_T10,200,0.0,1.0,-6.084518909454346,-0.8055385947227478,8.467805829045619e-16,4.603102207183838
A,0,10,only_T100,200,0.009999999776482582,0.9749999642372131,-5.602870941162109,-0.8444527983665466,0.9575518990997682,4.603102207183838
A,0,10,only_lin,200,0.0,0.9950000047683716,-6.028231143951416,-0.7527172565460205,0.4860572926382412,4.603102207183838
A,0,10,random_orth,200,0.0,0.9950000047683716,-6.069321155548096,-0.817133903503418,1.008118539969445,4.603102207183838
A,0,10,real_diff_in_helix_subspace,200,0.009999999776482582,0.9699999690055847,-5.4494309425354,-0.7852932810783386,1.0202597959712836,4.603102207183838
A,0,10,full_swap,200,0.8999999761581421,0.02499999850988388,-0.9896706938743591,-4.536218166351318,4.6772050857543945,4.603102207183838
A,1,10,helix,200,0.004999999888241291,0.9749999642372131,-5.56688928604126,-0.7759154438972473,1.0397130711213554,5.4419426918029785
A,1,10,only_T2,200,0.0,1.0,-6.084518909454346,-0.8055385947227478,0.0,5.4419426918029785
A,1,10,only_T5,200,0.0,1.0,-6.084518909454346,-0.8055385947227478,1.6994799420508985e-15,5.4419426918029785
A,1,10,only_T10,200,0.0,1.0,-6.084518909454346,-0.8055385947227478,8.50586043014758e-16,5.4419426918029785
A,1,10,only_T100,200,0.004999999888241291,0.98499995470047,-5.619893550872803,-0.8273112177848816,0.9738436690052532,5.4419426918029785
A,1,10,only_lin,200,0.0,0.9950000047683716,-6.028232097625732,-0.7432311177253723,0.5029909586566781,5.4419426918029785
A,1,10,random_orth,200,0.0,0.9950000047683716,-6.084922790527344,-0.8202090859413147,1.0397130711213554,5.4419426918029785
A,1,10,real_diff_in_helix_subspace,200,0.009999999776482582,0.9699999690055847,-5.478247165679932,-0.7822413444519043,1.0914890942720386,5.4419426918029785
A,1,10,full_swap,200,0.9099999666213989,0.03999999910593033,-0.9418594837188721,-4.4357380867004395,4.71427583694458,5.4419426918029785
A,2,10,helix,200,0.004999999888241291,0.98499995470047,-5.575943470001221,-0.7563457489013672,1.0856111165834361,6.430887222290039
A,2,10,only_T2,200,0.0,1.0,-6.084518909454346,-0.8055385947227478,0.0,6.430887222290039
A,2,10,only_T5,200,0.0,1.0,-6.084518909454346,-0.8055385947227478,1.7415292756091904e-15,6.430887222290039
A,2,10,only_T10,200,0.0,1.0,-6.084518909454346,-0.8055385947227478,8.71189260490061e-16,6.430887222290039
A,2,10,only_T100,200,0.009999999776482582,0.9799999594688416,-5.639349460601807,-0.8141899704933167,1.0102367727443293,6.430887222290039
A,2,10,only_lin,200,0.0,1.0,-6.029355525970459,-0.7397946119308472,0.5376816978373338,6.430887222290039
A,2,10,random_orth,200,0.0,1.0,-6.082961082458496,-0.8118922114372253,1.0856111165834361,6.430887222290039
A,2,10,real_diff_in_helix_subspace,200,0.014999999664723873,0.9699999690055847,-5.483058929443359,-0.7709864377975464,1.150885716460279,6.430887222290039
A,2,10,full_swap,200,0.9149999618530273,0.044999998062849045,-0.9002894163131714,-4.378122806549072,4.785038948059082,6.430887222290039
A,3,10,helix,200,0.004999999888241291,0.98499995470047,-5.542365074157715,-0.755521833896637,1.221148710213818,7.872786045074463
A,3,10,only_T2,200,0.0,1.0,-6.084518909454346,-0.8055385947227478,0.0,7.872786045074463
A,3,10,only_T5,200,0.0,1.0,-6.084518909454346,-0.8055385947227478,1.9606776950533197e-15,7.872786045074463
A,3,10,only_T10,200,0.0,1.0,-6.084518909454346,-0.8055385947227478,1.0195396711121768e-15,7.872786045074463
A,3,10,only_T100,200,0.009999999776482582,0.9799999594688416,-5.6050286293029785,-0.8235952854156494,1.1275044513650405,7.872786045074463
A,3,10,only_lin,200,0.0,1.0,-6.030174255371094,-0.733555257320404,0.6021005597719811,7.872786045074463
A,3,10,random_orth,200,0.0,0.9950000047683716,-6.083032608032227,-0.8208520412445068,1.221148710213818,7.872786045074463
A,3,10,real_diff_in_helix_subspace,200,0.014999999664723873,0.9699999690055847,-5.464453220367432,-0.7793691754341125,1.3526507250837652,7.872786045074463
A,3,10,full_swap,200,0.9199999570846558,0.03999999910593033,-0.8973191380500793,-4.337708473205566,5.178040981292725,7.872786045074463
A,4,10,helix,200,0.004999999888241291,0.98499995470047,-5.569525241851807,-0.7521488070487976,1.2984041259706403,8.833039283752441
A,4,10,only_T2,200,0.0,1.0,-6.084518909454346,-0.8055385947227478,0.0,8.833039283752441
A,4,10,only_T5,200,0.0,1.0,-6.084518909454346,-0.8055385947227478,2.035767654499841e-15,8.833039283752441
A,4,10,only_T10,200,0.0,1.0,-6.084518909454346,-0.8055385947227478,1.0572519194629802e-15,8.833039283752441
A,4,10,only_T100,200,0.004999999888241291,0.9899999499320984,-5.62076473236084,-0.8160046339035034,1.183801472318803,8.833039283752441
A,4,10,only_lin,200,0.0,1.0,-6.025608539581299,-0.7419509887695312,0.6589834479218188,8.833039283752441
A,4,10,random_orth,200,0.0,0.9899999499320984,-6.080319881439209,-0.8081153631210327,1.2984041259706403,8.833039283752441
A,4,10,real_diff_in_helix_subspace,200,0.009999999776482582,0.9749999642372131,-5.48973274230957,-0.788462221622467,1.473122855296412,8.833039283752441
A,4,10,full_swap,200,0.9149999618530273,0.044999998062849045,-0.9514231085777283,-4.196863174438477,5.402136325836182,8.833039283752441
A,5,10,helix,200,0.004999999888241291,0.98499995470047,-5.589035987854004,-0.74550461769104,1.394927105327691,9.685707092285156
A,5,10,only_T2,200,0.0,1.0,-6.084518909454346,-0.8055385947227478,0.0,9.685707092285156
A,5,10,only_T5,200,0.0,1.0,-6.084518909454346,-0.8055385947227478,2.1770696884092763e-15,9.685707092285156
A,5,10,only_T10,200,0.0,1.0,-6.084518909454346,-0.8055385947227478,1.1105137017630202e-15,9.685707092285156
A,5,10,only_T100,200,0.004999999888241291,0.9899999499320984,-5.6479058265686035,-0.8176152110099792,1.2546794615163646,9.685707092285156
A,5,10,only_lin,200,0.0,1.0,-6.025234699249268,-0.7352706789970398,0.7226541901520817,9.685707092285156
A,5,10,random_orth,200,0.0,1.0,-6.07547664642334,-0.8082016706466675,1.394927105327691,9.685707092285156
A,5,10,real_diff_in_helix_subspace,200,0.009999999776482582,0.9649999737739563,-5.5189008712768555,-0.798520028591156,1.628678876929606,9.685707092285156
A,5,10,full_swap,200,0.8999999761581421,0.05999999865889549,-0.9990098476409912,-4.0872802734375,5.691692352294922,9.685707092285156
A,6,10,helix,200,0.004999999888241291,0.9799999594688416,-5.586528778076172,-0.7512408494949341,1.4906567262239983,10.797085762023926
A,6,10,only_T2,200,0.0,1.0,-6.084518909454346,-0.8055385947227478,0.0,10.797085762023926
A,6,10,only_T5,200,0.0,1.0,-6.084518909454346,-0.8055385947227478,2.3923187318075344e-15,10.797085762023926
A,6,10,only_T10,200,0.0,1.0,-6.084518909454346,-0.8055385947227478,1.1427214093399992e-15,10.797085762023926
A,6,10,only_T100,200,0.009999999776482582,0.9799999594688416,-5.648720741271973,-0.8221975564956665,1.3339224124833595,10.797085762023926
A,6,10,only_lin,200,0.0,1.0,-6.019213676452637,-0.7387441992759705,0.7755637637858345,10.797085762023926
A,6,10,random_orth,200,0.0,1.0,-6.076669216156006,-0.8085556030273438,1.4906567262239983,10.797085762023926
A,6,10,real_diff_in_helix_subspace,200,0.009999999776482582,0.9599999785423279,-5.515710830688477,-0.8198797702789307,1.8219603263219477,10.797085762023926
A,6,10,full_swap,200,0.8949999809265137,0.05999999865889549,-1.0351132154464722,-4.072691917419434,5.9689621925354,10.797085762023926
A,7,10,helix,200,0.004999999888241291,0.9799999594688416,-5.602054119110107,-0.7541853785514832,1.5614823760970977,11.522119522094727
A,7,10,only_T2,200,0.0,1.0,-6.084518909454346,-0.8055385947227478,0.0,11.522119522094727
A,7,10,only_T5,200,0.0,1.0,-6.084518909454346,-0.8055385947227478,2.4508992515490004e-15,11.522119522094727
A,7,10,only_T10,200,0.0,1.0,-6.084518909454346,-0.8055385947227478,1.1729391482711928e-15,11.522119522094727
A,7,10,only_T100,200,0.009999999776482582,0.98499995470047,-5.652225017547607,-0.8264836072921753,1.40003915271097,11.522119522094727
A,7,10,only_lin,200,0.0,1.0,-6.03501558303833,-0.7389878630638123,0.7980435117803282,11.522119522094727
A,7,10,random_orth,200,0.0,1.0,-6.0851898193359375,-0.8131512403488159,1.5614823760970977,11.522119522094727
A,7,10,real_diff_in_helix_subspace,200,0.009999999776482582,0.9699999690055847,-5.548836708068848,-0.8177433609962463,1.913933533711175,11.522119522094727
A,7,10,full_swap,200,0.8799999952316284,0.07499999552965164,-1.075371503829956,-4.0319929122924805,6.136420726776123,11.522119522094727
A,8,10,helix,200,0.004999999888241291,0.9899999499320984,-5.626990795135498,-0.75777268409729,1.60800672842054,12.215845108032227
A,8,10,only_T2,200,0.0,1.0,-6.084518909454346,-0.8055385947227478,0.0,12.215845108032227
A,8,10,only_T5,200,0.0,1.0,-6.084518909454346,-0.8055385947227478,2.5580146643261636e-15,12.215845108032227
A,8,10,only_T10,200,0.0,1.0,-6.084518909454346,-0.8055385947227478,1.2161889355627187e-15,12.215845108032227
A,8,10,only_T100,200,0.004999999888241291,0.98499995470047,-5.655648708343506,-0.8279888033866882,1.4421344031310503,12.215845108032227
A,8,10,only_lin,200,0.0,1.0,-6.045854568481445,-0.7396134734153748,0.8297127243856386,12.215845108032227
A,8,10,random_orth,200,0.0,0.9950000047683716,-6.073334693908691,-0.8068835139274597,1.60800672842054,12.215845108032227
A,8,10,real_diff_in_helix_subspace,200,0.004999999888241291,0.9749999642372131,-5.571721076965332,-0.8451269865036011,2.0319380255967476,12.215845108032227
A,8,10,full_swap,200,0.875,0.07499999552965164,-1.0995014905929565,-3.996462106704712,6.355355262756348,12.215845108032227
A,9,10,helix,200,0.004999999888241291,0.9899999499320984,-5.617868900299072,-0.762396514415741,1.607422506995569,12.633376121520996
A,9,10,only_T2,200,0.0,1.0,-6.084518909454346,-0.8055385947227478,0.0,12.633376121520996
A,9,10,only_T5,200,0.0,1.0,-6.084518909454346,-0.8055385947227478,2.590175888538535e-15,12.633376121520996
A,9,10,only_T10,200,0.0,1.0,-6.084518909454346,-0.8055385947227478,1.226950682201428e-15,12.633376121520996
A,9,10,only_T100,200,0.009999999776482582,0.98499995470047,-5.653223037719727,-0.8292980790138245,1.4423833117813707,12.633376121520996
A,9,10,only_lin,200,0.0,1.0,-6.044965744018555,-0.7431093454360962,0.8269892197048722,12.633376121520996
A,9,10,random_orth,200,0.0,1.0,-6.092080116271973,-0.8011709451675415,1.607422506995569,12.633376121520996
A,9,10,real_diff_in_helix_subspace,200,0.004999999888241291,0.9749999642372131,-5.562149524688721,-0.8667787909507751,2.085291628906421,12.633376121520996
A,9,10,full_swap,200,0.8700000047683716,0.07999999821186066,-1.0916924476623535,-3.9938573837280273,6.389023303985596,12.633376121520996
A,10,10,helix,200,0.004999999888241291,0.9899999499320984,-5.6157121658325195,-0.7649565935134888,1.6324164122618732,13.296435356140137
A,10,10,only_T2,200,0.0,1.0,-6.084518909454346,-0.8055385947227478,0.0,13.296435356140137
A,10,10,only_T5,200,0.0,1.0,-6.084518909454346,-0.8055385947227478,2.735754023950113e-15,13.296435356140137
A,10,10,only_T10,200,0.0,1.0,-6.084518909454346,-0.8055385947227478,1.3105645397818649e-15,13.296435356140137
A,10,10,only_T100,200,0.009999999776482582,0.9799999594688416,-5.648828029632568,-0.8324202299118042,1.4585331841906741,13.296435356140137
A,10,10,only_lin,200,0.0,1.0,-6.045957565307617,-0.7412518262863159,0.8409173182019485,13.296435356140137
A,10,10,random_orth,200,0.0,1.0,-6.081693172454834,-0.8076493740081787,1.6324164122618732,13.296435356140137
A,10,10,real_diff_in_helix_subspace,200,0.014999999664723873,0.9699999690055847,-5.535357475280762,-0.8781414031982422,2.169650306276559,13.296435356140137
A,10,10,full_swap,200,0.8700000047683716,0.07999999821186066,-1.0863159894943237,-4.0037713050842285,6.56025505065918,13.296435356140137
A,11,10,helix,200,0.004999999888241291,0.9899999499320984,-5.607935428619385,-0.7629173398017883,1.6730358921100512,13.934181213378906
A,11,10,only_T2,200,0.0,1.0,-6.084518909454346,-0.8055385947227478,0.0,13.934181213378906
A,11,10,only_T5,200,0.0,1.0,-6.084518909454346,-0.8055385947227478,2.924644555028509e-15,13.934181213378906
A,11,10,only_T10,200,0.0,1.0,-6.084518909454346,-0.8055385947227478,1.41742934769452e-15,13.934181213378906
A,11,10,only_T100,200,0.009999999776482582,0.98499995470047,-5.63981294631958,-0.8361526131629944,1.489633905214988,13.934181213378906
A,11,10,only_lin,200,0.0,1.0,-6.042268753051758,-0.7409411668777466,0.8738438095587623,13.934181213378906
A,11,10,random_orth,200,0.0,1.0,-6.086287021636963,-0.80880206823349,1.6730358921100512,13.934181213378906
A,11,10,real_diff_in_helix_subspace,200,0.009999999776482582,0.9749999642372131,-5.508366107940674,-0.8841716051101685,2.2264103404969147,13.934181213378906
A,11,10,full_swap,200,0.8799999952316284,0.07000000029802322,-1.0735903978347778,-4.016528129577637,6.713568210601807,13.934181213378906
A,12,10,helix,200,0.004999999888241291,0.9899999499320984,-5.596834659576416,-0.7686640620231628,1.7177966572734311,14.179925918579102
A,12,10,only_T2,200,0.0,1.0,-6.084518909454346,-0.8055385947227478,0.0,14.179925918579102
A,12,10,only_T5,200,0.0,1.0,-6.084518909454346,-0.8055385947227478,3.236303299557364e-15,14.179925918579102
A,12,10,only_T10,200,0.0,1.0,-6.084518909454346,-0.8055385947227478,1.5750291945809013e-15,14.179925918579102
A,12,10,only_T100,200,0.009999999776482582,0.9799999594688416,-5.628157138824463,-0.8395786285400391,1.5398344415120857,14.179925918579102
A,12,10,only_lin,200,0.0,1.0,-6.046153545379639,-0.7414747476577759,0.8820322494860785,14.179925918579102
A,12,10,random_orth,200,0.0,1.0,-6.083659648895264,-0.8059176206588745,1.7177966572734313,14.179925918579102
A,12,10,real_diff_in_helix_subspace,200,0.009999999776482582,0.9749999642372131,-5.526365280151367,-0.8633639216423035,2.213891261182904,14.179925918579102
A,12,10,full_swap,200,0.875,0.07499999552965164,-1.0735417604446411,-4.024302959442139,6.94273567199707,14.179925918579102
A,13,10,helix,200,0.004999999888241291,0.98499995470047,-5.579405784606934,-0.7726824879646301,1.8459470601980323,15.11422348022461
A,13,10,only_T2,200,0.0,1.0,-6.084518909454346,-0.8055385947227478,0.0,15.11422348022461
A,13,10,only_T5,200,0.0,1.0,-6.084518909454346,-0.8055385947227478,3.437969455223754e-15,15.11422348022461
A,13,10,only_T10,200,0.0,1.0,-6.084518909454346,-0.8055385947227478,1.693646765811498e-15,15.11422348022461
A,13,10,only_T100,200,0.009999999776482582,0.9799999594688416,-5.611657619476318,-0.8440138697624207,1.6519462828681646,15.11422348022461
A,13,10,only_lin,200,0.0,1.0,-6.043581008911133,-0.742743194103241,0.9347874606236246,15.11422348022461
A,13,10,random_orth,200,0.0,1.0,-6.080843448638916,-0.8091709613800049,1.8459470601980323,15.11422348022461
A,13,10,real_diff_in_helix_subspace,200,0.014999999664723873,0.9649999737739563,-5.49628210067749,-0.8673191070556641,2.3675299599292035,15.11422348022461
A,13,10,full_swap,200,0.8650000095367432,0.07999999821186066,-1.0832293033599854,-4.020859718322754,7.375187873840332,15.11422348022461
A,14,10,helix,200,0.004999999888241291,0.98499995470047,-5.6196136474609375,-0.7675296068191528,1.8883044054346996,15.383508682250977
A,14,10,only_T2,200,0.0,1.0,-6.084518909454346,-0.8055385947227478,0.0,15.383508682250977
A,14,10,only_T5,200,0.0,1.0,-6.084518909454346,-0.8055385947227478,3.480989637687222e-15,15.383508682250977
A,14,10,only_T10,200,0.0,1.0,-6.084518909454346,-0.8055385947227478,1.7253267538588604e-15,15.383508682250977
A,14,10,only_T100,200,0.009999999776482582,0.98499995470047,-5.635029315948486,-0.8430302143096924,1.6980096894665437,15.383508682250977
A,14,10,only_lin,200,0.0,1.0,-6.057427883148193,-0.7423123717308044,0.9441152149330844,15.383508682250977
A,14,10,random_orth,200,0.0,1.0,-6.087120056152344,-0.8020762205123901,1.8883044054346996,15.383508682250977
A,14,10,real_diff_in_helix_subspace,200,0.014999999664723873,0.9599999785423279,-5.538392066955566,-0.8716135025024414,2.4714626693550317,15.383508682250977
A,14,10,full_swap,200,0.8499999642372131,0.10499999672174454,-1.1465352773666382,-3.886950969696045,7.513076305389404,15.383508682250977
A,15,10,helix,200,0.004999999888241291,0.98499995470047,-5.587252140045166,-0.7758814692497253,2.1168078292790806,16.753103256225586
A,15,10,only_T2,200,0.0,1.0,-6.084518909454346,-0.8055385947227478,0.0,16.753103256225586
A,15,10,only_T5,200,0.0,1.0,-6.084518909454346,-0.8055385947227478,3.625768648656965e-15,16.753103256225586
A,15,10,only_T10,200,0.0,1.0,-6.084518909454346,-0.8055385947227478,1.811466034821867e-15,16.753103256225586
A,15,10,only_T100,200,0.014999999664723873,0.9749999642372131,-5.6025919914245605,-0.8521465063095093,1.8884511888075861,16.753103256225586
A,15,10,only_lin,200,0.0,1.0,-6.0484299659729,-0.7399027943611145,1.0751346484547142,16.753103256225586
A,15,10,random_orth,200,0.0,1.0,-6.086220741271973,-0.8152743577957153,2.1168078292790806,16.753103256225586
A,15,10,real_diff_in_helix_subspace,200,0.014999999664723873,0.9649999737739563,-5.525887489318848,-0.8807392716407776,2.7750643975821006,16.753103256225586
A,15,10,full_swap,200,0.85999995470047,0.0949999988079071,-1.1435152292251587,-3.889315605163574,7.989117622375488,16.753103256225586
A,16,10,helix,200,0.004999999888241291,0.9799999594688416,-5.535732269287109,-0.7968723773956299,2.578291412131125,18.317127227783203
A,16,10,only_T2,200,0.0,1.0,-6.084518909454346,-0.8055385947227478,0.0,18.317127227783203
A,16,10,only_T5,200,0.0,1.0,-6.084518909454346,-0.8055385947227478,4.4638871058508675e-15,18.317127227783203
A,16,10,only_T10,200,0.0,1.0,-6.084518909454346,-0.8055385947227478,2.2995102753784668e-15,18.317127227783203
A,16,10,only_T100,200,0.014999999664723873,0.9649999737739563,-5.57229471206665,-0.8729517459869385,2.31850887089942,18.317127227783203
A,16,10,only_lin,200,0.0,0.9950000047683716,-6.028826713562012,-0.7333744168281555,1.2563516914194073,18.317127227783203
A,16,10,random_orth,200,0.0,1.0,-6.077733516693115,-0.8038840889930725,2.578291412131125,18.317127227783203
A,16,10,real_diff_in_helix_subspace,200,0.004999999888241291,0.949999988079071,-5.483921527862549,-0.8783930540084839,3.2010405103888346,18.317127227783203
A,16,10,full_swap,200,0.8650000095367432,0.08999999612569809,-1.136318325996399,-3.8978703022003174,10.006319999694824,18.317127227783203
A,17,10,helix,200,0.004999999888241291,0.98499995470047,-5.65267276763916,-0.7820513844490051,2.8915943693087285,20.8226261138916
A,17,10,only_T2,200,0.0,1.0,-6.084518909454346,-0.8055385947227478,0.0,20.8226261138916
A,17,10,only_T5,200,0.0,1.0,-6.084518909454346,-0.8055385947227478,4.8397398437140834e-15,20.8226261138916
A,17,10,only_T10,200,0.0,1.0,-6.084518909454346,-0.8055385947227478,2.5350826561818585e-15,20.8226261138916
A,17,10,only_T100,200,0.009999999776482582,0.9899999499320984,-5.649229526519775,-0.8382490873336792,2.6294816755263453,20.8226261138916
A,17,10,only_lin,200,0.0,1.0,-6.061807155609131,-0.7581803202629089,1.4072905726438893,20.8226261138916
A,17,10,random_orth,200,0.0,1.0,-6.072177410125732,-0.81090247631073,2.8915943693087285,20.8226261138916
A,17,10,real_diff_in_helix_subspace,200,0.009999999776482582,0.9749999642372131,-5.619590759277344,-0.8308024406433105,3.608634052192981,20.8226261138916
A,17,10,full_swap,200,0.6800000071525574,0.26999998092651367,-1.6224678754806519,-3.1477251052856445,11.205606460571289,20.8226261138916
A,18,10,helix,200,0.004999999888241291,0.98499995470047,-5.671413421630859,-0.7843101620674133,3.0390908651942947,23.604698181152344
A,18,10,only_T2,200,0.0,1.0,-6.084518909454346,-0.8055385947227478,0.0,23.604698181152344
A,18,10,only_T5,200,0.0,1.0,-6.084518909454346,-0.8055385947227478,5.1243323898069505e-15,23.604698181152344
A,18,10,only_T10,200,0.0,1.0,-6.084518909454346,-0.8055385947227478,2.651436193420091e-15,23.604698181152344
A,18,10,only_T100,200,0.009999999776482582,0.9899999499320984,-5.670608997344971,-0.8331854343414307,2.779383160976565,23.604698181152344
A,18,10,only_lin,200,0.0,1.0,-6.051796913146973,-0.7662652134895325,1.4691905446758569,23.604698181152344
A,18,10,random_orth,200,0.0,1.0,-6.077750205993652,-0.8090842962265015,3.0390908651942947,23.604698181152344
A,18,10,real_diff_in_helix_subspace,200,0.009999999776482582,0.9799999594688416,-5.648445129394531,-0.8400883078575134,3.8240589092874755,23.604698181152344
A,18,10,full_swap,200,0.6299999952316284,0.32499998807907104,-1.800576090812683,-2.9808201789855957,11.851946830749512,23.604698181152344
A,19,10,helix,200,0.0,1.0,-5.994039058685303,-0.788304328918457,3.499204941978336,26.498394012451172
A,19,10,only_T2,200,0.0,1.0,-6.084518909454346,-0.8055385947227478,0.0,26.498394012451172
A,19,10,only_T5,200,0.0,1.0,-6.084518909454346,-0.8055385947227478,5.791799802997084e-15,26.498394012451172
A,19,10,only_T10,200,0.0,1.0,-6.084518909454346,-0.8055385947227478,2.9721098153500437e-15,26.498394012451172
A,19,10,only_T100,200,0.0,1.0,-6.025146484375,-0.799789547920227,3.161192143186047,26.498394012451172
A,19,10,only_lin,200,0.0,1.0,-6.0531439781188965,-0.7945270538330078,1.7365914670843516,26.498394012451172
A,19,10,random_orth,200,0.0,1.0,-6.085170745849609,-0.8064030408859253,3.499204941978336,26.498394012451172
A,19,10,real_diff_in_helix_subspace,200,0.0,1.0,-5.998391151428223,-0.7889698147773743,4.501151115055883,26.498394012451172
A,19,10,full_swap,200,0.019999999552965164,0.9649999737739563,-5.468366622924805,-0.8420656323432922,13.11423110961914,26.498394012451172
A,20,10,helix,200,0.0,1.0,-5.990603923797607,-0.7839105725288391,4.052462331737879,28.966781616210938
A,20,10,only_T2,200,0.0,1.0,-6.084518909454346,-0.8055385947227478,0.0,28.966781616210938
A,20,10,only_T5,200,0.0,1.0,-6.084518909454346,-0.8055385947227478,6.483461164980629e-15,28.966781616210938
A,20,10,only_T10,200,0.0,1.0,-6.084518909454346,-0.8055385947227478,3.2986419199121496e-15,28.966781616210938
A,20,10,only_T100,200,0.0,1.0,-6.031856536865234,-0.7975695729255676,3.639250059007736,28.966781616210938
A,20,10,only_lin,200,0.0,1.0,-6.046206951141357,-0.7923802733421326,1.9826870584662009,28.966781616210938
A,20,10,random_orth,200,0.0,1.0,-6.082635879516602,-0.8016865253448486,4.052462331737879,28.966781616210938
A,20,10,real_diff_in_helix_subspace,200,0.0,1.0,-5.995964050292969,-0.7854946851730347,5.214059491105302,28.966781616210938
A,20,10,full_swap,200,0.019999999552965164,0.9649999737739563,-5.509831428527832,-0.8358136415481567,14.857917785644531,28.966781616210938
A,21,10,helix,200,0.0,1.0,-6.04410982131958,-0.7935585379600525,4.500616667153448,31.0025691986084
A,21,10,only_T2,200,0.0,1.0,-6.084518909454346,-0.8055385947227478,0.0,31.0025691986084
A,21,10,only_T5,200,0.0,1.0,-6.084518909454346,-0.8055385947227478,6.8717773987536466e-15,31.0025691986084
A,21,10,only_T10,200,0.0,1.0,-6.084518909454346,-0.8055385947227478,3.486206647974662e-15,31.0025691986084
A,21,10,only_T100,200,0.0,1.0,-6.069860935211182,-0.8017286658287048,4.056930393071969,31.0025691986084
A,21,10,only_lin,200,0.0,1.0,-6.061244964599609,-0.7976518869400024,2.1344144381034984,31.0025691986084
A,21,10,random_orth,200,0.0,1.0,-6.084259033203125,-0.80720454454422,4.500616667153448,31.0025691986084
A,21,10,real_diff_in_helix_subspace,200,0.0,1.0,-6.057057857513428,-0.7921804785728455,5.881028598319979,31.0025691986084
A,21,10,full_swap,200,0.0,1.0,-5.953637599945068,-0.7830227613449097,16.153085708618164,31.0025691986084
A,22,10,helix,200,0.0,1.0,-6.042840480804443,-0.7977781295776367,4.8703441791760955,32.78599548339844
A,22,10,only_T2,200,0.0,1.0,-6.084518909454346,-0.8055385947227478,0.0,32.78599548339844
A,22,10,only_T5,200,0.0,1.0,-6.084518909454346,-0.8055385947227478,7.283118148969843e-15,32.78599548339844
A,22,10,only_T10,200,0.0,1.0,-6.084518909454346,-0.8055385947227478,3.67846543874158e-15,32.78599548339844
A,22,10,only_T100,200,0.0,1.0,-6.0684356689453125,-0.798363983631134,4.399952486885574,32.78599548339844
A,22,10,only_lin,200,0.0,1.0,-6.059131145477295,-0.8056126236915588,2.294786773900526,32.78599548339844
A,22,10,random_orth,200,0.0,1.0,-6.087042331695557,-0.8045995831489563,4.8703441791760955,32.78599548339844
A,22,10,real_diff_in_helix_subspace,200,0.0,1.0,-6.055901527404785,-0.7954393625259399,6.469140064123285,32.78599548339844
A,22,10,full_swap,200,0.0,1.0,-5.978377342224121,-0.7847018241882324,17.327394485473633,32.78599548339844
A,23,10,helix,200,0.0,1.0,-6.055335521697998,-0.8031061887741089,5.223540223557303,34.41970443725586
A,23,10,only_T2,200,0.0,1.0,-6.084518909454346,-0.8055385947227478,0.0,34.41970443725586
A,23,10,only_T5,200,0.0,1.0,-6.084518909454346,-0.8055385947227478,7.695656465038021e-15,34.41970443725586
A,23,10,only_T10,200,0.0,1.0,-6.084518909454346,-0.8055385947227478,3.8816061652183625e-15,34.41970443725586
A,23,10,only_T100,200,0.0,1.0,-6.078018665313721,-0.803030252456665,4.724077344975525,34.41970443725586
A,23,10,only_lin,200,0.0,1.0,-6.059352874755859,-0.8051552176475525,2.4413885900655745,34.41970443725586
A,23,10,random_orth,200,0.0,1.0,-6.08494758605957,-0.8054654002189636,5.223540223557304,34.41970443725586
A,23,10,real_diff_in_helix_subspace,200,0.0,1.0,-6.063765525817871,-0.7976320385932922,7.110994614208525,34.41970443725586
A,23,10,full_swap,200,0.0,1.0,-6.026583194732666,-0.7946136593818665,18.653852462768555,34.41970443725586
A,24,10,helix,200,0.0,1.0,-6.063122272491455,-0.8026583194732666,5.50157495086097,35.812103271484375
A,24,10,only_T2,200,0.0,1.0,-6.084518909454346,-0.8055385947227478,0.0,35.812103271484375
A,24,10,only_T5,200,0.0,1.0,-6.084518909454346,-0.8055385947227478,8.080732535916879e-15,35.812103271484375
A,24,10,only_T10,200,0.0,1.0,-6.084518909454346,-0.8055385947227478,4.04447046233226e-15,35.812103271484375
A,24,10,only_T100,200,0.0,1.0,-6.078685760498047,-0.8038389682769775,4.975821872145502,35.812103271484375
A,24,10,only_lin,200,0.0,1.0,-6.067892551422119,-0.8039534687995911,2.5636495798023238,35.812103271484375
A,24,10,random_orth,200,0.0,1.0,-6.08568811416626,-0.8053439855575562,5.50157495086097,35.812103271484375
A,24,10,real_diff_in_helix_subspace,200,0.0,1.0,-6.067786693572998,-0.7965660095214844,7.554298733031848,35.812103271484375
A,24,10,full_swap,200,0.0,1.0,-6.065115928649902,-0.7871139645576477,19.725807189941406,35.812103271484375
A,25,10,helix,200,0.0,1.0,-6.064422607421875,-0.8009359836578369,5.823199860197551,37.423553466796875
A,25,10,only_T2,200,0.0,1.0,-6.084518909454346,-0.8055385947227478,0.0,37.423553466796875
A,25,10,only_T5,200,0.0,1.0,-6.084518909454346,-0.8055385947227478,8.473847672092363e-15,37.423553466796875
A,25,10,only_T10,200,0.0,1.0,-6.084518909454346,-0.8055385947227478,4.212970372513707e-15,37.423553466796875
A,25,10,only_T100,200,0.0,1.0,-6.078190326690674,-0.8027562499046326,5.272472738215444,37.423553466796875
A,25,10,only_lin,200,0.0,1.0,-6.069095134735107,-0.8031813502311707,2.695064314141946,37.423553466796875
A,25,10,random_orth,200,0.0,1.0,-6.081785678863525,-0.8060793876647949,5.823199860197551,37.423553466796875
A,25,10,real_diff_in_helix_subspace,200,0.0,1.0,-6.069896221160889,-0.7969244122505188,8.12836763421401,37.423553466796875
A,25,10,full_swap,200,0.0,1.0,-6.069665908813477,-0.7912012934684753,20.90475082397461,37.423553466796875
A,26,10,helix,200,0.0,1.0,-6.070733070373535,-0.7994701862335205,6.041961244066464,38.759273529052734
A,26,10,only_T2,200,0.0,1.0,-6.084518909454346,-0.8055385947227478,0.0,38.759273529052734
A,26,10,only_T5,200,0.0,1.0,-6.084518909454346,-0.8055385947227478,8.756757051120498e-15,38.759273529052734
A,26,10,only_T10,200,0.0,1.0,-6.084518909454346,-0.8055385947227478,4.3761899076797225e-15,38.759273529052734
A,26,10,only_T100,200,0.0,1.0,-6.080812931060791,-0.8014007210731506,5.475202748451391,38.759273529052734
A,26,10,only_lin,200,0.0,1.0,-6.075357437133789,-0.8037154078483582,2.7921232532798745,38.759273529052734
A,26,10,random_orth,200,0.0,1.0,-6.082883358001709,-0.8054894208908081,6.041961244066464,38.759273529052734
A,26,10,real_diff_in_helix_subspace,200,0.0,1.0,-6.069047927856445,-0.7968862652778625,8.492901938075086,38.759273529052734
A,26,10,full_swap,200,0.0,1.0,-6.072297096252441,-0.7882132530212402,21.805957794189453,38.759273529052734
A,27,10,helix,200,0.0,1.0,-6.070785999298096,-0.8000344634056091,6.308103990130158,40.985809326171875
A,27,10,only_T2,200,0.0,1.0,-6.084518909454346,-0.8055385947227478,0.0,40.985809326171875
A,27,10,only_T5,200,0.0,1.0,-6.084518909454346,-0.8055385947227478,9.12788799478591e-15,40.985809326171875
A,27,10,only_T10,200,0.0,1.0,-6.084518909454346,-0.8055385947227478,4.5346561757851005e-15,40.985809326171875
A,27,10,only_T100,200,0.0,1.0,-6.078650951385498,-0.8017218708992004,5.713823907210351,40.985809326171875
A,27,10,only_lin,200,0.0,1.0,-6.0763840675354,-0.8042083382606506,2.897802443947628,40.985809326171875
A,27,10,random_orth,200,0.0,1.0,-6.083649635314941,-0.8054434657096863,6.308103990130158,40.985809326171875
A,27,10,real_diff_in_helix_subspace,200,0.0,1.0,-6.070793151855469,-0.7977176308631897,9.01027720666298,40.985809326171875
A,27,10,full_swap,200,0.0,1.0,-6.073442459106445,-0.7890475392341614,22.936105728149414,40.985809326171875
A,28,10,helix,200,0.0,1.0,-6.069380760192871,-0.8005961179733276,6.511862920532776,42.92780685424805
A,28,10,only_T2,200,0.0,1.0,-6.084518909454346,-0.8055385947227478,0.0,42.92780685424805
A,28,10,only_T5,200,0.0,1.0,-6.084518909454346,-0.8055385947227478,9.426903322944723e-15,42.92780685424805
A,28,10,only_T10,200,0.0,1.0,-6.084518909454346,-0.8055385947227478,4.702173165997994e-15,42.92780685424805
A,28,10,only_T100,200,0.0,1.0,-6.077226638793945,-0.8016799688339233,5.899470079112889,42.92780685424805
A,28,10,only_lin,200,0.0,1.0,-6.074971675872803,-0.8046421408653259,2.9779332722739036,42.92780685424805
A,28,10,random_orth,200,0.0,1.0,-6.0822434425354,-0.8051173686981201,6.511862920532776,42.92780685424805
A,28,10,real_diff_in_helix_subspace,200,0.0,1.0,-6.070552825927734,-0.7981301546096802,9.41967370469769,42.92780685424805
A,28,10,full_swap,200,0.0,1.0,-6.069977283477783,-0.7908045649528503,23.8983097076416,42.92780685424805
A,29,10,helix,200,0.0,1.0,-6.073475360870361,-0.8000380992889404,6.776099271947467,45.8172607421875
A,29,10,only_T2,200,0.0,1.0,-6.084518909454346,-0.8055385947227478,0.0,45.8172607421875
A,29,10,only_T5,200,0.0,1.0,-6.084518909454346,-0.8055385947227478,9.811617390163515e-15,45.8172607421875
A,29,10,only_T10,200,0.0,1.0,-6.084518909454346,-0.8055385947227478,4.8656234644390676e-15,45.8172607421875
A,29,10,only_T100,200,0.0,1.0,-6.078692436218262,-0.8020164370536804,6.13582124073175,45.8172607421875
A,29,10,only_lin,200,0.0,1.0,-6.078560829162598,-0.8032954931259155,3.1147783660414996,45.8172607421875
A,29,10,random_orth,200,0.0,1.0,-6.08213472366333,-0.8052975535392761,6.776099271947467,45.8172607421875
A,29,10,real_diff_in_helix_subspace,200,0.0,1.0,-6.076111793518066,-0.7985371351242065,9.880629081698537,45.8172607421875
A,29,10,full_swap,200,0.0,1.0,-6.077325820922852,-0.7906823754310608,24.951030731201172,45.8172607421875
A,30,10,helix,200,0.0,1.0,-6.077563285827637,-0.8018263578414917,7.120644002539008,56.14665985107422
A,30,10,only_T2,200,0.0,1.0,-6.084518909454346,-0.8055385947227478,0.0,56.14665985107422
A,30,10,only_T5,200,0.0,1.0,-6.084518909454346,-0.8055385947227478,1.0274055659429037e-14,56.14665985107422
A,30,10,only_T10,200,0.0,1.0,-6.084518909454346,-0.8055385947227478,5.018864544715362e-15,56.14665985107422
A,30,10,only_T100,200,0.0,1.0,-6.079252243041992,-0.8029270172119141,6.449501567466203,56.14665985107422
A,30,10,only_lin,200,0.0,1.0,-6.08243465423584,-0.8040543794631958,3.265795868008973,56.14665985107422
A,30,10,random_orth,200,0.0,1.0,-6.0835394859313965,-0.8056967258453369,7.120644002539008,56.14665985107422
A,30,10,real_diff_in_helix_subspace,200,0.0,1.0,-6.078989028930664,-0.8008601069450378,10.721464282527183,56.14665985107422
A,30,10,full_swap,200,0.0,1.0,-6.082655906677246,-0.7941898703575134,26.393278121948242,56.14665985107422
A,31,10,helix,200,0.0,1.0,-6.084518909454346,-0.8055385947227478,7.661041501810202,75.73052978515625
A,31,10,only_T2,200,0.0,1.0,-6.084518909454346,-0.8055385947227478,0.0,75.73052978515625
A,31,10,only_T5,200,0.0,1.0,-6.084518909454346,-0.8055385947227478,1.1090290354812799e-14,75.73052978515625
A,31,10,only_T10,200,0.0,1.0,-6.084518909454346,-0.8055385947227478,5.345134274958127e-15,75.73052978515625
A,31,10,only_T100,200,0.0,1.0,-6.084518909454346,-0.8055385947227478,6.952078198685638,75.73052978515625
A,31,10,only_lin,200,0.0,1.0,-6.084518909454346,-0.8055385947227478,3.494286762452508,75.73052978515625
A,31,10,random_orth,200,0.0,1.0,-6.084518909454346,-0.8055385947227478,7.661041501810202,75.73052978515625
A,31,10,real_diff_in_helix_subspace,200,0.0,1.0,-6.084518909454346,-0.8055385947227478,11.987602294109074,75.73052978515625
A,31,10,full_swap,200,0.0,1.0,-6.084518909454346,-0.8055385947227478,28.724512100219727,75.73052978515625
A,0,20,helix,200,0.009999999776482582,0.8399999737739563,-5.81254768371582,-1.1890084743499756,1.8511187970484182,4.441128730773926
A,0,20,only_T2,200,0.0,0.9950000047683716,-7.396958827972412,-0.7989807724952698,0.0,4.441128730773926
A,0,20,only_T5,200,0.0,0.9950000047683716,-7.396958827972412,-0.7989807724952698,3.096094529374315e-15,4.441128730773926
A,0,20,only_T10,200,0.0,0.9950000047683716,-7.396958827972412,-0.7989807724952698,1.557714008783046e-15,4.441128730773926
A,0,20,only_T100,200,0.0,0.8499999642372131,-6.134624004364014,-1.2197840213775635,1.8090767993952301,4.441128730773926
A,0,20,only_lin,200,0.0,0.98499995470047,-7.228293418884277,-0.7564343214035034,0.9721145852764824,4.441128730773926
A,0,20,random_orth,200,0.0,0.98499995470047,-7.376092433929443,-0.8147494196891785,1.8511187970484184,4.441128730773926
A,0,20,real_diff_in_helix_subspace,200,0.009999999776482582,0.8399999737739563,-5.760300159454346,-1.2360477447509766,1.8629265810804176,4.441128730773926
A,0,20,full_swap,200,0.8700000047683716,0.004999999888241291,-1.0393110513687134,-5.963834285736084,4.909924507141113,4.441128730773926
A,1,20,helix,200,0.004999999888241291,0.8650000095367432,-5.946455955505371,-1.0993866920471191,1.9176274720919062,5.302575588226318
A,1,20,only_T2,200,0.0,0.9950000047683716,-7.396958827972412,-0.7989807724952698,0.0,5.302575588226318
A,1,20,only_T5,200,0.0,0.9950000047683716,-7.396958827972412,-0.7989807724952698,3.1004831373356752e-15,5.302575588226318
A,1,20,only_T10,200,0.0,0.9950000047683716,-7.396958827972412,-0.7989807724952698,1.5621475366494206e-15,5.302575588226318
A,1,20,only_T100,200,0.0,0.8700000047683716,-6.210013389587402,-1.185791015625,1.845387686734064,5.302575588226318
A,1,20,only_lin,200,0.0,0.9799999594688416,-7.244988918304443,-0.7366673350334167,1.0059819173133562,5.302575588226318
A,1,20,random_orth,200,0.0,0.98499995470047,-7.377762317657471,-0.8161801695823669,1.9176274720919062,5.302575588226318
A,1,20,real_diff_in_helix_subspace,200,0.009999999776482582,0.8499999642372131,-5.906514644622803,-1.1274117231369019,1.924158191427984,5.302575588226318
A,1,20,full_swap,200,0.8700000047683716,0.004999999888241291,-1.0246392488479614,-5.876565933227539,4.9415693283081055,5.302575588226318
A,2,20,helix,200,0.004999999888241291,0.8799999952316284,-5.996216773986816,-1.0385050773620605,2.005023757932387,6.293835639953613
A,2,20,only_T2,200,0.0,0.9950000047683716,-7.396958827972412,-0.7989807724952698,0.0,6.293835639953613
A,2,20,only_T5,200,0.0,0.9950000047683716,-7.396958827972412,-0.7989807724952698,3.1772097522352297e-15,6.293835639953613
A,2,20,only_T10,200,0.0,0.9950000047683716,-7.396958827972412,-0.7989807724952698,1.5990871659001649e-15,6.293835639953613
A,2,20,only_T100,200,0.0,0.8849999904632568,-6.243736267089844,-1.1445854902267456,1.9181719202997525,6.293835639953613
A,2,20,only_lin,200,0.0,0.9899999499320984,-7.250004768371582,-0.7334109544754028,1.0753633956746675,6.293835639953613
A,2,20,random_orth,200,0.0,0.9749999642372131,-7.39928674697876,-0.8243597149848938,2.005023757932387,6.293835639953613
A,2,20,real_diff_in_helix_subspace,200,0.004999999888241291,0.8700000047683716,-5.965103626251221,-1.0547531843185425,2.0111327585769305,6.293835639953613
A,2,20,full_swap,200,0.8949999809265137,0.004999999888241291,-0.9831478595733643,-5.79919958114624,5.027594089508057,6.293835639953613
A,3,20,helix,200,0.004999999888241291,0.8949999809265137,-5.951200485229492,-1.0487027168273926,2.2607571216611233,7.777050018310547
A,3,20,only_T2,200,0.0,0.9950000047683716,-7.396958827972412,-0.7989807724952698,0.0,7.777050018310547
A,3,20,only_T5,200,0.0,0.9950000047683716,-7.396958827972412,-0.7989807724952698,3.568140244700097e-15,7.777050018310547
A,3,20,only_T10,200,0.0,0.9950000047683716,-7.396958827972412,-0.7989807724952698,1.8721309130069064e-15,7.777050018310547
A,3,20,only_T100,200,0.0,0.8650000095367432,-6.217181205749512,-1.190268635749817,2.1420445008186486,7.777050018310547
A,3,20,only_lin,200,0.0,0.9899999499320984,-7.237826824188232,-0.7183998227119446,1.204201119543962,7.777050018310547
A,3,20,random_orth,200,0.0,0.9749999642372131,-7.366448402404785,-0.8277512788772583,2.2607571216611233,7.777050018310547
A,3,20,real_diff_in_helix_subspace,200,0.004999999888241291,0.8999999761581421,-5.925450325012207,-1.048068642616272,2.2973322755586967,7.777050018310547
A,3,20,full_swap,200,0.8949999809265137,0.004999999888241291,-1.007524013519287,-5.758917808532715,5.481595516204834,7.777050018310547
A,4,20,helix,200,0.004999999888241291,0.9099999666213989,-5.975886821746826,-1.0104987621307373,2.4132466178286034,8.741998672485352
A,4,20,only_T2,200,0.0,0.9950000047683716,-7.396958827972412,-0.7989807724952698,0.0,8.741998672485352
A,4,20,only_T5,200,0.0,0.9950000047683716,-7.396958827972412,-0.7989807724952698,3.70055971784015e-15,8.741998672485352
A,4,20,only_T10,200,0.0,0.9950000047683716,-7.396958827972412,-0.7989807724952698,1.9414008286340915e-15,8.741998672485352
A,4,20,only_T100,200,0.0,0.875,-6.220436096191406,-1.1721444129943848,2.2532336608201144,8.741998672485352
A,4,20,only_lin,200,0.0,0.9899999499320984,-7.248757839202881,-0.7218183875083923,1.3179668958436377,8.741998672485352
A,4,20,random_orth,200,0.0,0.98499995470047,-7.3794708251953125,-0.8095982074737549,2.4132466178286034,8.741998672485352
A,4,20,real_diff_in_helix_subspace,200,0.004999999888241291,0.9300000071525574,-5.94436502456665,-1.0174297094345093,2.4614066971319044,8.741998672485352
A,4,20,full_swap,200,0.8799999952316284,0.004999999888241291,-1.0581220388412476,-5.668939590454102,5.738159656524658,8.741998672485352
A,5,20,helix,200,0.004999999888241291,0.9099999666213989,-6.0316643714904785,-0.9868022799491882,2.6013580313746276,9.59310245513916
A,5,20,only_T2,200,0.0,0.9950000047683716,-7.396958827972412,-0.7989807724952698,0.0,9.59310245513916
A,5,20,only_T5,200,0.0,0.9950000047683716,-7.396958827972412,-0.7989807724952698,3.951416340161032e-15,9.59310245513916
A,5,20,only_T10,200,0.0,0.9950000047683716,-7.396958827972412,-0.7989807724952698,2.037146251016781e-15,9.59310245513916
A,5,20,only_T100,200,0.0,0.8650000095367432,-6.273455619812012,-1.1816470623016357,2.3903147674610543,9.59310245513916
A,5,20,only_lin,200,0.0,0.98499995470047,-7.243312358856201,-0.7163737416267395,1.4453083803041635,9.59310245513916
A,5,20,random_orth,200,0.0,0.9799999594688416,-7.390524864196777,-0.8222319483757019,2.6013580313746276,9.59310245513916
A,5,20,real_diff_in_helix_subspace,200,0.004999999888241291,0.9449999928474426,-6.018071174621582,-1.0033282041549683,2.6811541514672967,9.59310245513916
A,5,20,full_swap,200,0.8799999952316284,0.004999999888241291,-1.0911478996276855,-5.581704139709473,6.071720600128174,9.59310245513916
A,6,20,helix,200,0.004999999888241291,0.9199999570846558,-6.028038024902344,-0.9959272742271423,2.782267205201326,10.709114074707031
A,6,20,only_T2,200,0.0,0.9950000047683716,-7.396958827972412,-0.7989807724952698,0.0,10.709114074707031
A,6,20,only_T5,200,0.0,0.9950000047683716,-7.396958827972412,-0.7989807724952698,4.355649851241995e-15,10.709114074707031
A,6,20,only_T10,200,0.0,0.9950000047683716,-7.396958827972412,-0.7989807724952698,2.097070852186585e-15,10.709114074707031
A,6,20,only_T100,200,0.0,0.8700000047683716,-6.27691125869751,-1.1898988485336304,2.5436415752859944,10.709114074707031
A,6,20,only_lin,200,0.0,0.98499995470047,-7.229085445404053,-0.7248746156692505,1.551127527571669,10.709114074707031
A,6,20,random_orth,200,0.0,0.98499995470047,-7.388741493225098,-0.8050916790962219,2.782267205201326,10.709114074707031
A,6,20,real_diff_in_helix_subspace,200,0.009999999776482582,0.9399999976158142,-6.018002986907959,-1.037418007850647,2.9173444712433794,10.709114074707031
A,6,20,full_swap,200,0.8549999594688416,0.009999999776482582,-1.1298091411590576,-5.531778335571289,6.391900062561035,10.709114074707031
A,7,20,helix,200,0.0,0.9249999523162842,-6.064062595367432,-0.9854995608329773,2.920517287243346,11.43310260772705
A,7,20,only_T2,200,0.0,0.9950000047683716,-7.396958827972412,-0.7989807724952698,0.0,11.43310260772705
A,7,20,only_T5,200,0.0,0.9950000047683716,-7.396958827972412,-0.7989807724952698,4.451523519939389e-15,11.43310260772705
A,7,20,only_T10,200,0.0,0.9950000047683716,-7.396958827972412,-0.7989807724952698,2.150558546602508e-15,11.43310260772705
A,7,20,only_T100,200,0.0,0.8449999690055847,-6.293677806854248,-1.1941648721694946,2.674905842017759,11.43310260772705
A,7,20,only_lin,200,0.0,0.98499995470047,-7.247955322265625,-0.7224171161651611,1.5960870235606563,11.43310260772705
A,7,20,random_orth,200,0.0,0.9899999499320984,-7.39515495300293,-0.7974295616149902,2.920517287243346,11.43310260772705
A,7,20,real_diff_in_helix_subspace,200,0.004999999888241291,0.9199999570846558,-6.037964820861816,-1.0511678457260132,3.084258835611921,11.43310260772705
A,7,20,full_swap,200,0.8549999594688416,0.014999999664723873,-1.1725457906723022,-5.466347694396973,6.581932544708252,11.43310260772705
A,8,20,helix,200,0.0,0.9399999976158142,-6.108316898345947,-0.9743832349777222,3.001717600476708,12.144457817077637
A,8,20,only_T2,200,0.0,0.9950000047683716,-7.396958827972412,-0.7989807724952698,0.0,12.144457817077637
A,8,20,only_T5,200,0.0,0.9950000047683716,-7.396958827972412,-0.7989807724952698,4.634356164828246e-15,12.144457817077637
A,8,20,only_T10,200,0.0,0.9950000047683716,-7.396958827972412,-0.7989807724952698,2.2309450330608775e-15,12.144457817077637
A,8,20,only_T100,200,0.0,0.8700000047683716,-6.313276767730713,-1.1745480298995972,2.7571332968044744,12.144457817077637
A,8,20,only_lin,200,0.0,0.98499995470047,-7.271168231964111,-0.7160090208053589,1.6594254487712772,12.144457817077637
A,8,20,random_orth,200,0.0,0.9899999499320984,-7.382769584655762,-0.801012396812439,3.001717600476708,12.144457817077637
A,8,20,real_diff_in_helix_subspace,200,0.0,0.9249999523162842,-6.058522701263428,-1.0652694702148438,3.1969230662139387,12.144457817077637
A,8,20,full_swap,200,0.8299999833106995,0.03999999910593033,-1.2557138204574585,-5.37451696395874,6.796685695648193,12.144457817077637
A,9,20,helix,200,0.0,0.9399999976158142,-6.105011940002441,-0.9799135327339172,3.002400162188997,12.571520805358887
A,9,20,only_T2,200,0.0,0.9950000047683716,-7.396958827972412,-0.7989807724952698,0.0,12.571520805358887
A,9,20,only_T5,200,0.0,0.9950000047683716,-7.396958827972412,-0.7989807724952698,4.6897813094914845e-15,12.571520805358887
A,9,20,only_T10,200,0.0,0.9950000047683716,-7.396958827972412,-0.7989807724952698,2.2477550029809687e-15,12.571520805358887
A,9,20,only_T100,200,0.0,0.8700000047683716,-6.31287956237793,-1.1673260927200317,2.757991747447523,12.571520805358887
A,9,20,only_lin,200,0.0,0.98499995470047,-7.266777038574219,-0.7227116823196411,1.6539784394097448,12.571520805358887
A,9,20,random_orth,200,0.0,0.9749999642372131,-7.390262126922607,-0.8112411499023438,3.002400162188997,12.571520805358887
A,9,20,real_diff_in_helix_subspace,200,0.009999999776482582,0.9099999666213989,-6.052713394165039,-1.0853458642959595,3.2202192951619746,12.571520805358887
A,9,20,full_swap,200,0.8499999642372131,0.029999999329447746,-1.2539721727371216,-5.372868061065674,6.806326866149902,12.571520805358887
A,10,20,helix,200,0.0,0.9399999976158142,-6.096629619598389,-0.9859859943389893,3.052031410305459,13.26361083984375
A,10,20,only_T2,200,0.0,0.9950000047683716,-7.396958827972412,-0.7989807724952698,0.0,13.26361083984375
A,10,20,only_T5,200,0.0,0.9950000047683716,-7.396958827972412,-0.7989807724952698,4.948692853904046e-15,13.26361083984375
A,10,20,only_T10,200,0.0,0.9950000047683716,-7.396958827972412,-0.7989807724952698,2.407042938915609e-15,13.26361083984375
A,10,20,only_T100,200,0.0,0.8700000047683716,-6.307216644287109,-1.174000859260559,2.788187495672871,13.26361083984375
A,10,20,only_lin,200,0.0,0.98499995470047,-7.273934364318848,-0.7201727032661438,1.681834636403897,13.26361083984375
A,10,20,random_orth,200,0.0,0.98499995470047,-7.377917289733887,-0.8064357042312622,3.052031410305459,13.26361083984375
A,10,20,real_diff_in_helix_subspace,200,0.009999999776482582,0.9199999570846558,-6.032607078552246,-1.0725544691085815,3.2861476613526275,13.26361083984375
A,10,20,full_swap,200,0.8499999642372131,0.02499999850988388,-1.2480148077011108,-5.378862380981445,6.953146934509277,13.26361083984375
A,11,20,helix,200,0.0,0.949999988079071,-6.074377536773682,-0.9895541667938232,3.1268724909712113,13.903179168701172
A,11,20,only_T2,200,0.0,0.9950000047683716,-7.396958827972412,-0.7989807724952698,0.0,13.903179168701172
A,11,20,only_T5,200,0.0,0.9950000047683716,-7.396958827972412,-0.7989807724952698,5.289766197023288e-15,13.903179168701172
A,11,20,only_T10,200,0.0,0.9950000047683716,-7.396958827972412,-0.7989807724952698,2.596856784518373e-15,13.903179168701172
A,11,20,only_T100,200,0.0,0.85999995470047,-6.288449764251709,-1.1933953762054443,2.8487570729876364,13.903179168701172
A,11,20,only_lin,200,0.0,0.98499995470047,-7.268108367919922,-0.7156453728675842,1.7476876191175246,13.903179168701172
A,11,20,random_orth,200,0.0,0.98499995470047,-7.376916408538818,-0.816247820854187,3.1268724909712113,13.903179168701172
A,11,20,real_diff_in_helix_subspace,200,0.009999999776482582,0.8899999856948853,-6.02517032623291,-1.1006171703338623,3.3739428848057944,13.903179168701172
A,11,20,full_swap,200,0.8499999642372131,0.019999999552965164,-1.245741844177246,-5.376467227935791,7.110371112823486,13.903179168701172
A,12,20,helix,200,0.0,0.9449999928474426,-6.051747798919678,-0.9974096417427063,3.2107229195121714,14.133400917053223
A,12,20,only_T2,200,0.0,0.9950000047683716,-7.396958827972412,-0.7989807724952698,0.0,14.133400917053223
A,12,20,only_T5,200,0.0,0.9950000047683716,-7.396958827972412,-0.7989807724952698,5.8648530863302065e-15,14.133400917053223
A,12,20,only_T10,200,0.0,0.9950000047683716,-7.396958827972412,-0.7989807724952698,2.9103762393000347e-15,14.133400917053223
A,12,20,only_T100,200,0.0,0.85999995470047,-6.258735179901123,-1.1964569091796875,2.9435952139351524,14.133400917053223
A,12,20,only_lin,200,0.0,0.98499995470047,-7.279991149902344,-0.7181693911552429,1.7640644989721568,14.133400917053223
A,12,20,random_orth,200,0.0,0.9699999690055847,-7.381669044494629,-0.8249419331550598,3.2107229195121714,14.133400917053223
A,12,20,real_diff_in_helix_subspace,200,0.009999999776482582,0.9049999713897705,-6.042736530303955,-1.0603538751602173,3.393630436130372,14.133400917053223
A,12,20,full_swap,200,0.85999995470047,0.019999999552965164,-1.2501356601715088,-5.387562274932861,7.3217973709106445,14.133400917053223
A,13,20,helix,200,0.0,0.9449999928474426,-6.012739181518555,-1.0157283544540405,3.4550859648401997,15.060891151428223
A,13,20,only_T2,200,0.0,0.9950000047683716,-7.396958827972412,-0.7989807724952698,0.0,15.060891151428223
A,13,20,only_T5,200,0.0,0.9950000047683716,-7.396958827972412,-0.7989807724952698,6.248782558272491e-15,15.060891151428223
A,13,20,only_T10,200,0.0,0.9950000047683716,-7.396958827972412,-0.7989807724952698,3.1112500801109e-15,15.060891151428223
A,13,20,only_T100,200,0.0,0.8499999642372131,-6.2266740798950195,-1.2207971811294556,3.1590423862327053,15.060891151428223
A,13,20,only_lin,200,0.0,0.98499995470047,-7.267697811126709,-0.7201035618782043,1.8695749212472492,15.060891151428223
A,13,20,random_orth,200,0.0,0.9899999499320984,-7.383128643035889,-0.8068705797195435,3.4550859648401993,15.060891151428223
A,13,20,real_diff_in_helix_subspace,200,0.009999999776482582,0.9149999618530273,-5.995782375335693,-1.0739275217056274,3.6644354187324666,15.060891151428223
A,13,20,full_swap,200,0.8399999737739563,0.02499999850988388,-1.26253342628479,-5.386497497558594,7.775187969207764,15.060891151428223
A,14,20,helix,200,0.0,0.9449999928474426,-6.108865737915039,-0.9949507713317871,3.5366640148430317,15.338178634643555
A,14,20,only_T2,200,0.0,0.9950000047683716,-7.396958827972412,-0.7989807724952698,0.0,15.338178634643555
A,14,20,only_T5,200,0.0,0.9950000047683716,-7.396958827972412,-0.7989807724952698,6.331002045705213e-15,15.338178634643555
A,14,20,only_T10,200,0.0,0.9950000047683716,-7.396958827972412,-0.7989807724952698,3.167632960963739e-15,15.338178634643555
A,14,20,only_T100,200,0.0,0.8449999690055847,-6.278671741485596,-1.2062236070632935,3.2500364242279334,15.338178634643555
A,14,20,only_lin,200,0.0,0.98499995470047,-7.291341304779053,-0.7247021794319153,1.8882304298661687,15.338178634643555
A,14,20,random_orth,200,0.0,0.98499995470047,-7.377681255340576,-0.8070828914642334,3.5366640148430317,15.338178634643555
A,14,20,real_diff_in_helix_subspace,200,0.009999999776482582,0.9300000071525574,-6.096274375915527,-1.0404003858566284,3.762211917236974,15.338178634643555
A,14,20,full_swap,200,0.8199999928474426,0.044999998062849045,-1.3572537899017334,-5.230844020843506,7.922948837280273,15.338178634643555
A,15,20,helix,200,0.0,0.9399999976158142,-6.044985294342041,-1.0184175968170166,3.9711846009529905,16.70201873779297
A,15,20,only_T2,200,0.0,0.9950000047683716,-7.396958827972412,-0.7989807724952698,0.0,16.70201873779297
A,15,20,only_T5,200,0.0,0.9950000047683716,-7.396958827972412,-0.7989807724952698,6.6080751136974376e-15,16.70201873779297
A,15,20,only_T10,200,0.0,0.9950000047683716,-7.396958827972412,-0.7989807724952698,3.3239863318216617e-15,16.70201873779297
A,15,20,only_T100,200,0.0,0.8399999737739563,-6.221421241760254,-1.2228264808654785,3.628878695582482,16.70201873779297
A,15,20,only_lin,200,0.0,0.98499995470047,-7.265457630157471,-0.7230883836746216,2.1502692969094284,16.70201873779297
A,15,20,random_orth,200,0.0,0.98499995470047,-7.393376350402832,-0.8073115348815918,3.9711846009529905,16.70201873779297
A,15,20,real_diff_in_helix_subspace,200,0.009999999776482582,0.9099999666213989,-6.064674377441406,-1.0541434288024902,4.198525441969714,16.70201873779297
A,15,20,full_swap,200,0.8100000023841858,0.044999998062849045,-1.3544790744781494,-5.233862400054932,8.441622734069824,16.70201873779297
A,16,20,helix,200,0.0,0.9249999523162842,-5.924421787261963,-1.042527675628662,4.845020304887771,18.2200927734375
A,16,20,only_T2,200,0.0,0.9950000047683716,-7.396958827972412,-0.7989807724952698,0.0,18.2200927734375
A,16,20,only_T5,200,0.0,0.9950000047683716,-7.396958827972412,-0.7989807724952698,8.152498920841579e-15,18.2200927734375
A,16,20,only_T10,200,0.0,0.9950000047683716,-7.396958827972412,-0.7989807724952698,4.241969744986341e-15,18.2200927734375
A,16,20,only_T100,200,0.0,0.8700000047683716,-6.117517471313477,-1.2191152572631836,4.437376150611197,18.2200927734375
A,16,20,only_lin,200,0.0,0.98499995470047,-7.241501331329346,-0.7131658792495728,2.5127033828388146,18.2200927734375
A,16,20,random_orth,200,0.0,0.9749999642372131,-7.379064083099365,-0.8046144843101501,4.845020304887771,18.2200927734375
A,16,20,real_diff_in_helix_subspace,200,0.0,0.9049999713897705,-5.8665924072265625,-1.1348576545715332,5.12289215971605,18.2200927734375
A,16,20,full_swap,200,0.8149999976158142,0.044999998062849045,-1.34488844871521,-5.245356559753418,10.639142990112305,18.2200927734375
A,17,20,helix,200,0.0,0.9599999785423279,-6.238420486450195,-0.9490488767623901,5.419432341156054,20.705900192260742
A,17,20,only_T2,200,0.0,0.9950000047683716,-7.396958827972412,-0.7989807724952698,0.0,20.705900192260742
A,17,20,only_T5,200,0.0,0.9950000047683716,-7.396958827972412,-0.7989807724952698,8.83375372559608e-15,20.705900192260742
A,17,20,only_T10,200,0.0,0.9950000047683716,-7.396958827972412,-0.7989807724952698,4.661431446883886e-15,20.705900192260742
A,17,20,only_T100,200,0.0,0.8899999856948853,-6.309157371520996,-1.108500361442566,5.028574681424722,20.705900192260742
A,17,20,only_lin,200,0.0,0.98499995470047,-7.293514251708984,-0.7454448342323303,2.8145811452877787,20.705900192260742
A,17,20,random_orth,200,0.0,0.9799999594688416,-7.362424373626709,-0.8198318481445312,5.419432341156054,20.705900192260742
A,17,20,real_diff_in_helix_subspace,200,0.0,0.9399999976158142,-6.176257610321045,-1.0108059644699097,5.762479934005835,20.705900192260742
A,17,20,full_swap,200,0.6349999904632568,0.14999999105930328,-2.085224151611328,-4.341127872467041,11.966296195983887,20.705900192260742
A,18,20,helix,200,0.0,0.9549999833106995,-6.272250652313232,-0.949595034122467,5.68901736342884,23.48979949951172
A,18,20,only_T2,200,0.0,0.9950000047683716,-7.396958827972412,-0.7989807724952698,0.0,23.48979949951172
A,18,20,only_T5,200,0.0,0.9950000047683716,-7.396958827972412,-0.7989807724952698,9.350683690518014e-15,23.48979949951172
A,18,20,only_T10,200,0.0,0.9950000047683716,-7.396958827972412,-0.7989807724952698,4.8775169856555964e-15,23.48979949951172
A,18,20,only_T100,200,0.0,0.8899999856948853,-6.3367600440979,-1.105359435081482,5.317464525880698,23.48979949951172
A,18,20,only_lin,200,0.0,0.98499995470047,-7.282809734344482,-0.7628542184829712,2.9383810893517137,23.48979949951172
A,18,20,random_orth,200,0.0,0.98499995470047,-7.375105857849121,-0.8111071586608887,5.68901736342884,23.48979949951172
A,18,20,real_diff_in_helix_subspace,200,0.0,0.9399999976158142,-6.236136436462402,-1.0078827142715454,6.043982667725922,23.48979949951172
A,18,20,full_swap,200,0.574999988079071,0.19999998807907104,-2.3585727214813232,-4.129519462585449,12.626363754272461,23.48979949951172
A,19,20,helix,200,0.0,0.98499995470047,-7.187056541442871,-0.7795372605323792,6.546335411770841,26.404518127441406
A,19,20,only_T2,200,0.0,0.9950000047683716,-7.396958827972412,-0.7989807724952698,0.0,26.404518127441406
A,19,20,only_T5,200,0.0,0.9950000047683716,-7.396958827972412,-0.7989807724952698,1.0623545544167234e-14,26.404518127441406
A,19,20,only_T10,200,0.0,0.9950000047683716,-7.396958827972412,-0.7989807724952698,5.535634346684714e-15,26.404518127441406
A,19,20,only_T100,200,0.0,0.98499995470047,-7.26902437210083,-0.7953981757164001,6.062720082812,26.404518127441406
A,19,20,only_lin,200,0.0,0.9950000047683716,-7.323397159576416,-0.7839815616607666,3.4731829341687033,26.404518127441406
A,19,20,random_orth,200,0.0,0.9950000047683716,-7.383022308349609,-0.799152672290802,6.546335411770841,26.404518127441406
A,19,20,real_diff_in_helix_subspace,200,0.0,0.98499995470047,-7.184343338012695,-0.7716137766838074,6.947612132774625,26.404518127441406
A,19,20,full_swap,200,0.0,0.9749999642372131,-6.828158855438232,-0.8413634300231934,14.057111740112305,26.404518127441406
A,20,20,helix,200,0.0,0.98499995470047,-7.182807922363281,-0.770946204662323,7.615831518792013,28.905454635620117
A,20,20,only_T2,200,0.0,0.9950000047683716,-7.396958827972412,-0.7989807724952698,0.0,28.905454635620117
A,20,20,only_T5,200,0.0,0.9950000047683716,-7.396958827972412,-0.7989807724952698,1.1895462059098624e-14,28.905454635620117
A,20,20,only_T10,200,0.0,0.9950000047683716,-7.396958827972412,-0.7989807724952698,6.116476274793435e-15,28.905454635620117
A,20,20,only_T100,200,0.0,0.98499995470047,-7.280038356781006,-0.7904725670814514,6.9802284078604,28.905454635620117
A,20,20,only_lin,200,0.0,0.9950000047683716,-7.309942245483398,-0.7841366529464722,3.9653741169324017,28.905454635620117
A,20,20,random_orth,200,0.0,0.9899999499320984,-7.381624698638916,-0.8028079271316528,7.615831518792013,28.905454635620117
A,20,20,real_diff_in_helix_subspace,200,0.0,0.9899999499320984,-7.17540168762207,-0.7634673714637756,8.075726653980498,28.905454635620117
A,20,20,full_swap,200,0.0,0.9799999594688416,-6.850791931152344,-0.8285291790962219,15.931814193725586,28.905454635620117
A,21,20,helix,200,0.0,0.9899999499320984,-7.298802852630615,-0.7783684134483337,8.474818267765981,30.94452476501465
A,21,20,only_T2,200,0.0,0.9950000047683716,-7.396958827972412,-0.7989807724952698,0.0,30.94452476501465
A,21,20,only_T5,200,0.0,0.9950000047683716,-7.396958827972412,-0.7989807724952698,1.2591529789974025e-14,30.94452476501465
A,21,20,only_T10,200,0.0,0.9950000047683716,-7.396958827972412,-0.7989807724952698,6.455803083692956e-15,30.94452476501465
A,21,20,only_T100,200,0.0,0.9950000047683716,-7.361904144287109,-0.7931042313575745,7.7873870510312075,30.94452476501465
A,21,20,only_lin,200,0.0,0.9899999499320984,-7.340035438537598,-0.785957932472229,4.268828876206997,30.94452476501465
A,21,20,random_orth,200,0.0,0.9950000047683716,-7.399423599243164,-0.7933779954910278,8.474818267765981,30.94452476501465
A,21,20,real_diff_in_helix_subspace,200,0.0,0.9899999499320984,-7.298296928405762,-0.7755643129348755,9.099882154065781,30.94452476501465
A,21,20,full_swap,200,0.0,0.9799999594688416,-7.236570835113525,-0.7731918692588806,17.452594757080078,30.94452476501465
A,22,20,helix,200,0.0,0.9950000047683716,-7.314117431640625,-0.789560854434967,9.170522619517428,32.76298522949219
A,22,20,only_T2,200,0.0,0.9950000047683716,-7.396958827972412,-0.7989807724952698,0.0,32.76298522949219
A,22,20,only_T5,200,0.0,0.9950000047683716,-7.396958827972412,-0.7989807724952698,1.3335855317583671e-14,32.76298522949219
A,22,20,only_T10,200,0.0,0.9950000047683716,-7.396958827972412,-0.7989807724952698,6.806843309198245e-15,32.76298522949219
A,22,20,only_T100,200,0.0,0.9950000047683716,-7.376860618591309,-0.7910011410713196,8.454358643246303,32.76298522949219
A,22,20,only_lin,200,0.0,0.9899999499320984,-7.339709281921387,-0.8014088273048401,4.589573547801052,32.76298522949219
A,22,20,random_orth,200,0.0,0.9899999499320984,-7.399419784545898,-0.7991164326667786,9.170522619517428,32.76298522949219
A,22,20,real_diff_in_helix_subspace,200,0.0,0.9950000047683716,-7.313827991485596,-0.787574291229248,9.862112281689999,32.76298522949219
A,22,20,full_swap,200,0.0,0.9899999499320984,-7.254120826721191,-0.7882893681526184,18.690736770629883,32.76298522949219
A,23,20,helix,200,0.0,0.9899999499320984,-7.339517593383789,-0.8005935549736023,9.838347713697965,34.40827941894531
A,23,20,only_T2,200,0.0,0.9950000047683716,-7.396958827972412,-0.7989807724952698,0.0,34.40827941894531
A,23,20,only_T5,200,0.0,0.9950000047683716,-7.396958827972412,-0.7989807724952698,1.408919947167454e-14,34.40827941894531
A,23,20,only_T10,200,0.0,0.9950000047683716,-7.396958827972412,-0.7989807724952698,7.174877018073288e-15,34.40827941894531
A,23,20,only_T100,200,0.0,0.9899999499320984,-7.395153522491455,-0.7998189926147461,9.07929482685445,34.40827941894531
A,23,20,only_lin,200,0.0,0.9899999499320984,-7.342507362365723,-0.7990237474441528,4.882777180131149,34.40827941894531
A,23,20,random_orth,200,0.0,0.9899999499320984,-7.401573181152344,-0.7984883189201355,9.838347713697965,34.40827941894531
A,23,20,real_diff_in_helix_subspace,200,0.0,0.9950000047683716,-7.341999530792236,-0.7954450845718384,10.687287449488101,34.40827941894531
A,23,20,full_swap,200,0.0,0.9749999642372131,-7.3011393547058105,-0.8050135374069214,20.0718936920166,34.40827941894531
A,24,20,helix,200,0.0,0.9950000047683716,-7.350644588470459,-0.7960404753684998,10.366880002203208,35.812469482421875
A,24,20,only_T2,200,0.0,0.9950000047683716,-7.396958827972412,-0.7989807724952698,0.0,35.812469482421875
A,24,20,only_T5,200,0.0,0.9950000047683716,-7.396958827972412,-0.7989807724952698,1.47879707511232e-14,35.812469482421875
A,24,20,only_T10,200,0.0,0.9950000047683716,-7.396958827972412,-0.7989807724952698,7.47531224148098e-15,35.812469482421875
A,24,20,only_T100,200,0.0,0.9950000047683716,-7.386403560638428,-0.7959235906600952,9.568442511342363,35.812469482421875
A,24,20,only_lin,200,0.0,0.9899999499320984,-7.362913608551025,-0.7988545894622803,5.1272991596046475,35.812469482421875
A,24,20,random_orth,200,0.0,0.9950000047683716,-7.400977611541748,-0.7966371774673462,10.366880002203208,35.812469482421875
A,24,20,real_diff_in_helix_subspace,200,0.0,0.9950000047683716,-7.345161437988281,-0.7936079502105713,11.336760940716456,35.812469482421875
A,24,20,full_swap,200,0.0,0.9899999499320984,-7.333177089691162,-0.792908787727356,21.209081649780273,35.812469482421875
A,25,20,helix,200,0.0,0.9950000047683716,-7.352843284606934,-0.7962585091590881,10.976486983896432,37.41532897949219
A,25,20,only_T2,200,0.0,0.9950000047683716,-7.396958827972412,-0.7989807724952698,0.0,37.41532897949219
A,25,20,only_T5,200,0.0,0.9950000047683716,-7.396958827972412,-0.7989807724952698,1.5498567283169747e-14,37.41532897949219
A,25,20,only_T10,200,0.0,0.9950000047683716,-7.396958827972412,-0.7989807724952698,7.791278876038176e-15,37.41532897949219
A,25,20,only_T100,200,0.0,0.9899999499320984,-7.387959003448486,-0.7975755333900452,10.139841550899417,37.41532897949219
A,25,20,only_lin,200,0.0,0.9950000047683716,-7.364888668060303,-0.796931803226471,5.3901286282838905,37.41532897949219
A,25,20,random_orth,200,0.0,0.9950000047683716,-7.399045944213867,-0.79673171043396,10.976486983896432,37.41532897949219
A,25,20,real_diff_in_helix_subspace,200,0.0,0.9899999499320984,-7.350175380706787,-0.7949549555778503,12.104381923906896,37.41532897949219
A,25,20,full_swap,200,0.0,0.9899999499320984,-7.348669052124023,-0.7936394214630127,22.543682098388672,37.41532897949219
A,26,20,helix,200,0.0,0.9950000047683716,-7.357088565826416,-0.7927948832511902,11.387361527802168,38.752845764160156
A,26,20,only_T2,200,0.0,0.9950000047683716,-7.396958827972412,-0.7989807724952698,0.0,38.752845764160156
A,26,20,only_T5,200,0.0,0.9950000047683716,-7.396958827972412,-0.7989807724952698,1.6017885194374784e-14,38.752845764160156
A,26,20,only_T10,200,0.0,0.9950000047683716,-7.396958827972412,-0.7989807724952698,8.091815437720665e-15,38.752845764160156
A,26,20,only_T100,200,0.0,0.9950000047683716,-7.382482051849365,-0.7951573729515076,10.530097183198869,38.752845764160156
A,26,20,only_lin,200,0.0,0.9950000047683716,-7.373183250427246,-0.7976463437080383,5.584246506559749,38.752845764160156
A,26,20,random_orth,200,0.0,0.9950000047683716,-7.397858619689941,-0.7979969382286072,11.387361527802168,38.752845764160156
A,26,20,real_diff_in_helix_subspace,200,0.0,0.9950000047683716,-7.3553385734558105,-0.7923557162284851,12.595584471883821,38.752845764160156
A,26,20,full_swap,200,0.0,0.9950000047683716,-7.345895767211914,-0.7911599278450012,23.488431930541992,38.752845764160156
A,27,20,helix,200,0.0,0.9899999499320984,-7.359714984893799,-0.7939898371696472,11.90046419805325,41.01096725463867
A,27,20,only_T2,200,0.0,0.9950000047683716,-7.396958827972412,-0.7989807724952698,0.0,41.01096725463867
A,27,20,only_T5,200,0.0,0.9950000047683716,-7.396958827972412,-0.7989807724952698,1.6670122624227834e-14,41.01096725463867
A,27,20,only_T10,200,0.0,0.9950000047683716,-7.396958827972412,-0.7989807724952698,8.393648421973593e-15,41.01096725463867
A,27,20,only_T100,200,0.0,0.9899999499320984,-7.380905628204346,-0.7954605221748352,10.987282673577747,41.01096725463867
A,27,20,only_lin,200,0.0,0.9950000047683716,-7.375468730926514,-0.7986333966255188,5.795604887895257,41.01096725463867
A,27,20,random_orth,200,0.0,0.9950000047683716,-7.396417140960693,-0.79731684923172,11.90046419805325,41.01096725463867
A,27,20,real_diff_in_helix_subspace,200,0.0,0.9950000047683716,-7.357066631317139,-0.7940159440040588,13.246450285390903,41.01096725463867
A,27,20,full_swap,200,0.0,0.9950000047683716,-7.351474285125732,-0.7941835522651672,24.6435489654541,41.01096725463867
A,28,20,helix,200,0.0,0.9899999499320984,-7.356724739074707,-0.793874979019165,12.287738303064119,42.95132827758789
A,28,20,only_T2,200,0.0,0.9950000047683716,-7.396958827972412,-0.7989807724952698,0.0,42.95132827758789
A,28,20,only_T5,200,0.0,0.9950000047683716,-7.396958827972412,-0.7989807724952698,1.721960859840343e-14,42.95132827758789
A,28,20,only_T10,200,0.0,0.9950000047683716,-7.396958827972412,-0.7989807724952698,8.717466069706907e-15,42.95132827758789
A,28,20,only_T100,200,0.0,0.9899999499320984,-7.379917621612549,-0.7953546047210693,11.341045966416216,42.95132827758789
A,28,20,only_lin,200,0.0,0.9950000047683716,-7.375385761260986,-0.7989853620529175,5.955866544547807,42.95132827758789
A,28,20,random_orth,200,0.0,0.9950000047683716,-7.394840717315674,-0.8000849485397339,12.287738303064119,42.95132827758789
A,28,20,real_diff_in_helix_subspace,200,0.0,0.9950000047683716,-7.355373859405518,-0.7934999465942383,13.76495015002596,42.95132827758789
A,28,20,full_swap,200,0.0,0.9950000047683716,-7.351920127868652,-0.7946574091911316,25.618803024291992,42.95132827758789
A,29,20,helix,200,0.0,0.9950000047683716,-7.365546226501465,-0.7920742630958557,12.780204299097413,45.83116149902344
A,29,20,only_T2,200,0.0,0.9950000047683716,-7.396958827972412,-0.7989807724952698,0.0,45.83116149902344
A,29,20,only_T5,200,0.0,0.9950000047683716,-7.396958827972412,-0.7989807724952698,1.7925011362365697e-14,45.83116149902344
A,29,20,only_T10,200,0.0,0.9950000047683716,-7.396958827972412,-0.7989807724952698,9.028018159153917e-15,45.83116149902344
A,29,20,only_T100,200,0.0,0.9950000047683716,-7.37747049331665,-0.795512855052948,11.784819307978506,45.83116149902344
A,29,20,only_lin,200,0.0,0.9950000047683716,-7.3869829177856445,-0.7961971759796143,6.229556732082999,45.83116149902344
A,29,20,random_orth,200,0.0,0.9950000047683716,-7.398549556732178,-0.7979507446289062,12.780204299097413,45.83116149902344
A,29,20,real_diff_in_helix_subspace,200,0.0,0.9950000047683716,-7.364650726318359,-0.79118812084198,14.402883765030529,45.83116149902344
A,29,20,full_swap,200,0.0,0.9950000047683716,-7.35779333114624,-0.7884212136268616,26.78362274169922,45.83116149902344
A,30,20,helix,200,0.0,0.9899999499320984,-7.372858047485352,-0.7945986986160278,13.456535430846365,56.21549987792969
A,30,20,only_T2,200,0.0,0.9950000047683716,-7.396958827972412,-0.7989807724952698,0.0,56.21549987792969
A,30,20,only_T5,200,0.0,0.9950000047683716,-7.396958827972412,-0.7989807724952698,1.879442762189945e-14,56.21549987792969
A,30,20,only_T10,200,0.0,0.9950000047683716,-7.396958827972412,-0.7989807724952698,9.334659309882092e-15,56.21549987792969
A,30,20,only_T100,200,0.0,0.9950000047683716,-7.3805975914001465,-0.7971423864364624,12.397514506513614,56.21549987792969
A,30,20,only_lin,200,0.0,0.9950000047683716,-7.393758296966553,-0.7979349493980408,6.531591736017946,56.21549987792969
A,30,20,random_orth,200,0.0,0.9950000047683716,-7.400278091430664,-0.7994909286499023,13.456535430846365,56.21549987792969
A,30,20,real_diff_in_helix_subspace,200,0.0,0.9950000047683716,-7.373758792877197,-0.7939246892929077,15.299414119044446,56.21549987792969
A,30,20,full_swap,200,0.0,0.9950000047683716,-7.366797924041748,-0.7902246713638306,28.273103713989258,56.21549987792969
A,31,20,helix,200,0.0,0.9950000047683716,-7.396958827972412,-0.7989807724952698,14.480855411389205,76.0212631225586
A,31,20,only_T2,200,0.0,0.9950000047683716,-7.396958827972412,-0.7989807724952698,0.0,76.0212631225586
A,31,20,only_T5,200,0.0,0.9950000047683716,-7.396958827972412,-0.7989807724952698,2.02774199495124e-14,76.0212631225586
A,31,20,only_T10,200,0.0,0.9950000047683716,-7.396958827972412,-0.7989807724952698,9.971452041546699e-15,76.0212631225586
A,31,20,only_T100,200,0.0,0.9950000047683716,-7.396958827972412,-0.7989807724952698,13.373472303779694,76.0212631225586
A,31,20,only_lin,200,0.0,0.9950000047683716,-7.396958827972412,-0.7989807724952698,6.988573524905016,76.0212631225586
A,31,20,random_orth,200,0.0,0.9950000047683716,-7.396958827972412,-0.7989807724952698,14.480855411389205,76.0212631225586
A,31,20,real_diff_in_helix_subspace,200,0.0,0.9950000047683716,-7.396958827972412,-0.7989807724952698,16.70201180926081,76.0212631225586
A,31,20,full_swap,200,0.0,0.9950000047683716,-7.396958827972412,-0.7989807724952698,30.705007553100586,76.0212631225586
B,0,-20,helix,200,0.23999999463558197,0.125,-3.6487767696380615,-4.149720668792725,1.8659496665687971,4.922825336456299
B,0,-20,only_T2,200,0.0,0.9899999499320984,-5.988728046417236,-0.9198021292686462,0.0,4.922825336456299
B,0,-20,only_T5,200,0.0,0.9899999499320984,-5.988728046417236,-0.9198021292686462,2.342533563304481e-15,4.922825336456299
B,0,-20,only_T10,200,0.0,0.9899999499320984,-5.988728046417236,-0.9198021292686462,1.211087213041211e-15,4.922825336456299
B,0,-20,only_T100,200,0.14000000059604645,0.3349999785423279,-3.9108595848083496,-3.1972954273223877,1.8650215783463546,4.922825336456299
B,0,-20,only_lin,200,0.044999998062849045,0.699999988079071,-5.250752925872803,-1.7533615827560425,1.0969559286532848,4.922825336456299
B,0,-20,random_orth,200,0.0,0.9399999976158142,-5.937668800354004,-1.0024412870407104,1.8659496665687971,4.922825336456299
B,0,-20,real_diff_in_helix_subspace,200,0.23499999940395355,0.125,-3.638503313064575,-4.800827503204346,2.0621279989567274,4.922825336456299
B,0,-20,full_swap,200,0.9249999523162842,0.0,-0.9557530283927917,-7.250678539276123,4.7808356285095215,4.922825336456299
B,1,-20,helix,200,0.23999999463558197,0.11999999731779099,-3.5954558849334717,-4.319842338562012,1.9432164496642463,5.366988658905029
B,1,-20,only_T2,200,0.0,0.9899999499320984,-5.988728046417236,-0.9198021292686462,0.0,5.366988658905029
B,1,-20,only_T5,200,0.0,0.9899999499320984,-5.988728046417236,-0.9198021292686462,2.3662284257023584e-15,5.366988658905029
B,1,-20,only_T10,200,0.0,0.9899999499320984,-5.988728046417236,-0.9198021292686462,1.2108800723770312e-15,5.366988658905029
B,1,-20,only_T100,200,0.17499999701976776,0.2800000011920929,-3.7985692024230957,-3.3619680404663086,1.9002302434012832,5.366988658905029
B,1,-20,only_lin,200,0.05999999865889549,0.6850000023841858,-5.145166397094727,-1.9313801527023315,1.1758123962616693,5.366988658905029
B,1,-20,random_orth,200,0.004999999888241291,0.9350000023841858,-5.961680889129639,-0.9989598393440247,1.9432164496642463,5.366988658905029
B,1,-20,real_diff_in_helix_subspace,200,0.2449999898672104,0.125,-3.534207582473755,-4.668285846710205,2.08344922448712,5.366988658905029
B,1,-20,full_swap,200,0.9249999523162842,0.0,-0.9506751894950867,-7.247385025024414,4.776105880737305,5.366988658905029
B,2,-20,helix,200,0.2449999898672104,0.10999999940395355,-3.5678226947784424,-4.425219535827637,2.0806165442841147,5.9165472984313965
B,2,-20,only_T2,200,0.0,0.9899999499320984,-5.988728046417236,-0.9198021292686462,0.0,5.9165472984313965
B,2,-20,only_T5,200,0.0,0.9899999499320984,-5.988728046417236,-0.9198021292686462,2.4770082973345154e-15,5.9165472984313965
B,2,-20,only_T10,200,0.0,0.9899999499320984,-5.988728046417236,-0.9198021292686462,1.2753091337175788e-15,5.9165472984313965
B,2,-20,only_T100,200,0.19499999284744263,0.2549999952316284,-3.743786334991455,-3.4514405727386475,2.0151662729822566,5.9165472984313965
B,2,-20,only_lin,200,0.05999999865889549,0.6549999713897705,-5.092592239379883,-1.996152639389038,1.2867015340944088,5.9165472984313965
B,2,-20,random_orth,200,0.0,0.9249999523162842,-5.955079078674316,-0.9965084791183472,2.0806165442841147,5.9165472984313965
B,2,-20,real_diff_in_helix_subspace,200,0.2750000059604645,0.14499999582767487,-3.4410316944122314,-4.579095840454102,2.1994307811135236,5.9165472984313965
B,2,-20,full_swap,200,0.9249999523162842,0.0,-0.9278077483177185,-7.269161224365234,4.9839863777160645,5.9165472984313965
B,3,-20,helix,200,0.2549999952316284,0.0949999988079071,-3.5648608207702637,-4.464725017547607,2.2923453609977464,6.811680793762207
B,3,-20,only_T2,200,0.0,0.9899999499320984,-5.988728046417236,-0.9198021292686462,0.0,6.811680793762207
B,3,-20,only_T5,200,0.0,0.9899999499320984,-5.988728046417236,-0.9198021292686462,2.7216901830556115e-15,6.811680793762207
B,3,-20,only_T10,200,0.0,0.9899999499320984,-5.988728046417236,-0.9198021292686462,1.4508166083234816e-15,6.811680793762207
B,3,-20,only_T100,200,0.1899999976158142,0.22999998927116394,-3.7458105087280273,-3.552999258041382,2.1924201959428244,6.811680793762207
B,3,-20,only_lin,200,0.05999999865889549,0.6200000047683716,-5.052004814147949,-2.0058517456054688,1.449296514340374,6.811680793762207
B,3,-20,random_orth,200,0.0,0.949999988079071,-5.986456871032715,-0.9746702313423157,2.2923453609977464,6.811680793762207
B,3,-20,real_diff_in_helix_subspace,200,0.2750000059604645,0.1550000011920929,-3.402440071105957,-4.478983402252197,2.3903098891877415,6.811680793762207
B,3,-20,full_swap,200,0.9249999523162842,0.0,-0.9187273383140564,-7.280531406402588,5.304295539855957,6.811680793762207
B,4,-20,helix,200,0.25,0.08500000089406967,-3.539135694503784,-4.508749961853027,2.53716357853594,7.791409492492676
B,4,-20,only_T2,200,0.0,0.9899999499320984,-5.988728046417236,-0.9198021292686462,0.0,7.791409492492676
B,4,-20,only_T5,200,0.0,0.9899999499320984,-5.988728046417236,-0.9198021292686462,2.8973321799428183e-15,7.791409492492676
B,4,-20,only_T10,200,0.0,0.9899999499320984,-5.988728046417236,-0.9198021292686462,1.5520644874235304e-15,7.791409492492676
B,4,-20,only_T100,200,0.1899999976158142,0.20499999821186066,-3.7221226692199707,-3.5798680782318115,2.398841703620404,7.791409492492676
B,4,-20,only_lin,200,0.05999999865889549,0.6150000095367432,-5.034822940826416,-2.0409390926361084,1.607972986407794,7.791409492492676
B,4,-20,random_orth,200,0.0,0.9350000023841858,-5.957049369812012,-1.0075868368148804,2.53716357853594,7.791409492492676
B,4,-20,real_diff_in_helix_subspace,200,0.2750000059604645,0.16499999165534973,-3.4010679721832275,-4.541478633880615,2.6487903466634193,7.791409492492676
B,4,-20,full_swap,200,0.9249999523162842,0.0,-0.9306491017341614,-7.282680511474609,5.784992694854736,7.791409492492676
B,5,-20,helix,200,0.25999999046325684,0.0949999988079071,-3.5198094844818115,-4.579263687133789,2.801207551247552,8.74572467803955
B,5,-20,only_T2,200,0.0,0.9899999499320984,-5.988728046417236,-0.9198021292686462,0.0,8.74572467803955
B,5,-20,only_T5,200,0.0,0.9899999499320984,-5.988728046417236,-0.9198021292686462,3.158042646384275e-15,8.74572467803955
B,5,-20,only_T10,200,0.0,0.9899999499320984,-5.988728046417236,-0.9198021292686462,1.7154381195714074e-15,8.74572467803955
B,5,-20,only_T100,200,0.17499999701976776,0.20999999344348907,-3.7493090629577637,-3.653855085372925,2.63624363817763,8.74572467803955
B,5,-20,only_lin,200,0.054999999701976776,0.5949999690055847,-4.963159084320068,-2.1469452381134033,1.772454716721229,8.74572467803955
B,5,-20,random_orth,200,0.0,0.9300000071525574,-5.973681449890137,-0.993883490562439,2.8012075512475523,8.74572467803955
B,5,-20,real_diff_in_helix_subspace,200,0.2800000011920929,0.14499999582767487,-3.432925224304199,-4.6464314460754395,2.9331469467370987,8.74572467803955
B,5,-20,full_swap,200,0.9249999523162842,0.0,-0.9220477342605591,-7.283927917480469,6.434393405914307,8.74572467803955
B,6,-20,helix,200,0.2750000059604645,0.07999999821186066,-3.511583089828491,-4.61470890045166,3.073551090254552,10.15151596069336
B,6,-20,only_T2,200,0.0,0.9899999499320984,-5.988728046417236,-0.9198021292686462,0.0,10.15151596069336
B,6,-20,only_T5,200,0.0,0.9899999499320984,-5.988728046417236,-0.9198021292686462,3.464588255524743e-15,10.15151596069336
B,6,-20,only_T10,200,0.0,0.9899999499320984,-5.988728046417236,-0.9198021292686462,1.866674029034411e-15,10.15151596069336
B,6,-20,only_T100,200,0.1899999976158142,0.20499999821186066,-3.738567352294922,-3.679645299911499,2.8707737918575447,10.15151596069336
B,6,-20,only_lin,200,0.06499999761581421,0.574999988079071,-4.963296413421631,-2.1827757358551025,1.9988076440799247,10.15151596069336
B,6,-20,random_orth,200,0.0,0.9549999833106995,-5.971142292022705,-0.9870327711105347,3.073551090254552,10.15151596069336
B,6,-20,real_diff_in_helix_subspace,200,0.2800000011920929,0.1599999964237213,-3.4574904441833496,-4.708043098449707,3.2690722108164936,10.15151596069336
B,6,-20,full_swap,200,0.9249999523162842,0.0,-0.9237685799598694,-7.279003620147705,7.071496486663818,10.15151596069336
B,7,-20,helix,200,0.26999998092651367,0.08999999612569809,-3.4971868991851807,-4.634857177734375,3.2250999958329727,10.8201265335083
B,7,-20,only_T2,200,0.0,0.9899999499320984,-5.988728046417236,-0.9198021292686462,0.0,10.8201265335083
B,7,-20,only_T5,200,0.0,0.9899999499320984,-5.988728046417236,-0.9198021292686462,3.559400179677518e-15,10.8201265335083
B,7,-20,only_T10,200,0.0,0.9899999499320984,-5.988728046417236,-0.9198021292686462,1.9508570202296714e-15,10.8201265335083
B,7,-20,only_T100,200,0.19999998807907104,0.1850000023841858,-3.6963601112365723,-3.746936559677124,3.018857995875361,10.8201265335083
B,7,-20,only_lin,200,0.05999999865889549,0.5799999833106995,-4.9816389083862305,-2.179830551147461,2.072024266099025,10.8201265335083
B,7,-20,random_orth,200,0.004999999888241291,0.9549999833106995,-5.983644485473633,-0.9532313346862793,3.2250999958329727,10.8201265335083
B,7,-20,real_diff_in_helix_subspace,200,0.29499998688697815,0.14999999105930328,-3.423197031021118,-4.75636625289917,3.4746686868281644,10.8201265335083
B,7,-20,full_swap,200,0.9300000071525574,0.0,-0.9127151370048523,-7.2717766761779785,7.374557018280029,10.8201265335083
B,8,-20,helix,200,0.2449999898672104,0.08999999612569809,-3.5038270950317383,-4.587109565734863,3.3308174979992398,12.20577621459961
B,8,-20,only_T2,200,0.0,0.9899999499320984,-5.988728046417236,-0.9198021292686462,0.0,12.20577621459961
B,8,-20,only_T5,200,0.0,0.9899999499320984,-5.988728046417236,-0.9198021292686462,3.699334986064867e-15,12.20577621459961
B,8,-20,only_T10,200,0.0,0.9899999499320984,-5.988728046417236,-0.9198021292686462,2.094261461495023e-15,12.20577621459961
B,8,-20,only_T100,200,0.20499999821186066,0.1850000023841858,-3.6989738941192627,-3.703684091567993,3.1142615850117967,12.20577621459961
B,8,-20,only_lin,200,0.054999999701976776,0.5799999833106995,-5.00507926940918,-2.1523756980895996,2.172580316431545,12.20577621459961
B,8,-20,random_orth,200,0.0,0.949999988079071,-5.953572750091553,-0.9769668579101562,3.3308174979992398,12.20577621459961
B,8,-20,real_diff_in_helix_subspace,200,0.28999999165534973,0.1550000011920929,-3.490037679672241,-4.763704299926758,3.6417485406895964,12.20577621459961
B,8,-20,full_swap,200,0.9300000071525574,0.0,-0.9048246741294861,-7.2714691162109375,7.7752366065979,12.20577621459961
B,9,-20,helix,200,0.2549999952316284,0.0949999988079071,-3.525350332260132,-4.59977912902832,3.3445472262598845,13.100507736206055
B,9,-20,only_T2,200,0.0,0.9899999499320984,-5.988728046417236,-0.9198021292686462,0.0,13.100507736206055
B,9,-20,only_T5,200,0.0,0.9899999499320984,-5.988728046417236,-0.9198021292686462,3.703638512429766e-15,13.100507736206055
B,9,-20,only_T10,200,0.0,0.9899999499320984,-5.988728046417236,-0.9198021292686462,2.1166983471392553e-15,13.100507736206055
B,9,-20,only_T100,200,0.20999999344348907,0.1850000023841858,-3.7001891136169434,-3.7433080673217773,3.1254417802173156,13.100507736206055
B,9,-20,only_lin,200,0.05999999865889549,0.5699999928474426,-4.96922492980957,-2.2047476768493652,2.1836230182355867,13.100507736206055
B,9,-20,random_orth,200,0.0,0.9399999976158142,-5.947836875915527,-0.9912900924682617,3.3445472262598845,13.100507736206055
B,9,-20,real_diff_in_helix_subspace,200,0.29999998211860657,0.14499999582767487,-3.584617853164673,-4.820568561553955,3.718166686302309,13.100507736206055
B,9,-20,full_swap,200,0.9300000071525574,0.0,-0.9103842973709106,-7.273223876953125,7.983013153076172,13.100507736206055
B,10,-20,helix,200,0.25999999046325684,0.09999999403953552,-3.5310118198394775,-4.570751190185547,3.357593410783104,13.502614974975586
B,10,-20,only_T2,200,0.0,0.9899999499320984,-5.988728046417236,-0.9198021292686462,0.0,13.502614974975586
B,10,-20,only_T5,200,0.0,0.9899999499320984,-5.988728046417236,-0.9198021292686462,3.852382744988603e-15,13.502614974975586
B,10,-20,only_T10,200,0.0,0.9899999499320984,-5.988728046417236,-0.9198021292686462,2.2134692097284857e-15,13.502614974975586
B,10,-20,only_T100,200,0.20499999821186066,0.17999999225139618,-3.7090609073638916,-3.751060724258423,3.120508018974135,13.502614974975586
B,10,-20,only_lin,200,0.05999999865889549,0.574999988079071,-4.964986324310303,-2.1894450187683105,2.211594970008438,13.502614974975586
B,10,-20,random_orth,200,0.0,0.9449999928474426,-5.9505615234375,-0.9705560207366943,3.357593410783104,13.502614974975586
B,10,-20,real_diff_in_helix_subspace,200,0.2800000011920929,0.11999999731779099,-3.6836113929748535,-4.8269829750061035,3.7840001290496095,13.502614974975586
B,10,-20,full_swap,200,0.9300000071525574,0.0,-0.9057048559188843,-7.268795490264893,8.119717597961426,13.502614974975586
B,11,-20,helix,200,0.25,0.0949999988079071,-3.5190560817718506,-4.539905548095703,3.396664740581972,14.38968276977539
B,11,-20,only_T2,200,0.0,0.9899999499320984,-5.988728046417236,-0.9198021292686462,0.0,14.38968276977539
B,11,-20,only_T5,200,0.0,0.9899999499320984,-5.988728046417236,-0.9198021292686462,4.193765883787542e-15,14.38968276977539
B,11,-20,only_T10,200,0.0,0.9899999499320984,-5.988728046417236,-0.9198021292686462,2.3688243845744767e-15,14.38968276977539
B,11,-20,only_T100,200,0.1850000023841858,0.17000000178813934,-3.722358226776123,-3.7674880027770996,3.1597992067038647,14.38968276977539
B,11,-20,only_lin,200,0.04999999701976776,0.5799999833106995,-4.983958721160889,-2.165855646133423,2.245254826814384,14.38968276977539
B,11,-20,random_orth,200,0.0,0.9399999976158142,-5.954211235046387,-0.9685006737709045,3.396664740581972,14.38968276977539
B,11,-20,real_diff_in_helix_subspace,200,0.26999998092651367,0.14499999582767487,-3.664795398712158,-4.715357780456543,3.823325531935933,14.38968276977539
B,11,-20,full_swap,200,0.9300000071525574,0.0,-0.8957719206809998,-7.278547763824463,8.294424057006836,14.38968276977539
B,12,-20,helix,200,0.25999999046325684,0.09999999403953552,-3.5238118171691895,-4.5082550048828125,3.4417466632252025,14.61255168914795
B,12,-20,only_T2,200,0.0,0.9899999499320984,-5.988728046417236,-0.9198021292686462,0.0,14.61255168914795
B,12,-20,only_T5,200,0.0,0.9899999499320984,-5.988728046417236,-0.9198021292686462,4.648031420086988e-15,14.61255168914795
B,12,-20,only_T10,200,0.0,0.9899999499320984,-5.988728046417236,-0.9198021292686462,2.614531303535347e-15,14.61255168914795
B,12,-20,only_T100,200,0.1899999976158142,0.17999999225139618,-3.72283935546875,-3.773588180541992,3.224003162049949,14.61255168914795
B,12,-20,only_lin,200,0.04999999701976776,0.574999988079071,-4.9929094314575195,-2.1584386825561523,2.2757479024955907,14.61255168914795
B,12,-20,random_orth,200,0.0,0.9599999785423279,-5.952079772949219,-0.9495382308959961,3.4417466632252025,14.61255168914795
B,12,-20,real_diff_in_helix_subspace,200,0.26499998569488525,0.1599999964237213,-3.672797203063965,-4.588022232055664,3.8172454608796453,14.61255168914795
B,12,-20,full_swap,200,0.9300000071525574,0.0,-0.8976560831069946,-7.271772384643555,8.453453063964844,14.61255168914795
B,13,-20,helix,200,0.2549999952316284,0.11999999731779099,-3.528930902481079,-4.415081024169922,3.6738469740131565,15.596968650817871
B,13,-20,only_T2,200,0.0,0.9899999499320984,-5.988728046417236,-0.9198021292686462,0.0,15.596968650817871
B,13,-20,only_T5,200,0.0,0.9899999499320984,-5.988728046417236,-0.9198021292686462,5.02446760444761e-15,15.596968650817871
B,13,-20,only_T10,200,0.0,0.9899999499320984,-5.988728046417236,-0.9198021292686462,2.8238073766967283e-15,15.596968650817871
B,13,-20,only_T100,200,0.17999999225139618,0.19999998807907104,-3.792977809906006,-3.8000588417053223,3.418837049561448,15.596968650817871
B,13,-20,only_lin,200,0.04999999701976776,0.6150000095367432,-5.052107810974121,-2.0759315490722656,2.3858704423881045,15.596968650817871
B,13,-20,random_orth,200,0.0,0.9699999690055847,-5.96803092956543,-0.938337504863739,3.6738469740131565,15.596968650817871
B,13,-20,real_diff_in_helix_subspace,200,0.2750000059604645,0.16499999165534973,-3.598942279815674,-4.650023937225342,4.150351078823828,15.596968650817871
B,13,-20,full_swap,200,0.9300000071525574,0.0,-0.8851329684257507,-7.219890117645264,8.864279747009277,15.596968650817871
B,14,-20,helix,200,0.25,0.10999999940395355,-3.524808168411255,-4.405499458312988,3.7427124255289557,16.892133712768555
B,14,-20,only_T2,200,0.0,0.9899999499320984,-5.988728046417236,-0.9198021292686462,0.0,16.892133712768555
B,14,-20,only_T5,200,0.0,0.9899999499320984,-5.988728046417236,-0.9198021292686462,5.1362555016811916e-15,16.892133712768555
B,14,-20,only_T10,200,0.0,0.9899999499320984,-5.988728046417236,-0.9198021292686462,2.919499910500876e-15,16.892133712768555
B,14,-20,only_T100,200,0.17999999225139618,0.19499999284744263,-3.795621156692505,-3.80772066116333,3.45646053833886,16.892133712768555
B,14,-20,only_lin,200,0.04999999701976776,0.6150000095367432,-5.057785987854004,-2.07086181640625,2.463313953656794,16.892133712768555
B,14,-20,random_orth,200,0.0,0.9699999690055847,-5.961278438568115,-0.9356701970100403,3.742712425528956,16.892133712768555
B,14,-20,real_diff_in_helix_subspace,200,0.2800000011920929,0.17499999701976776,-3.6888201236724854,-4.71400785446167,4.288315893055243,16.892133712768555
B,14,-20,full_swap,200,0.9300000071525574,0.0,-0.8891220092773438,-7.220683574676514,9.032806396484375,16.892133712768555
B,15,-20,helix,200,0.22999998927116394,0.12999999523162842,-3.5240633487701416,-4.233954906463623,4.188063336109058,18.38730239868164
B,15,-20,only_T2,200,0.0,0.9899999499320984,-5.988728046417236,-0.9198021292686462,0.0,18.38730239868164
B,15,-20,only_T5,200,0.0,0.9899999499320984,-5.988728046417236,-0.9198021292686462,5.455052051508552e-15,18.38730239868164
B,15,-20,only_T10,200,0.0,0.9899999499320984,-5.988728046417236,-0.9198021292686462,3.081037678592178e-15,18.38730239868164
B,15,-20,only_T100,200,0.1850000023841858,0.2199999988079071,-3.7926788330078125,-3.708672046661377,3.8688560280367517,18.38730239868164
B,15,-20,only_lin,200,0.03999999910593033,0.6649999618530273,-5.156879901885986,-1.9168490171432495,2.7255303784511242,18.38730239868164
B,15,-20,random_orth,200,0.0,0.9599999785423279,-5.967444896697998,-0.9289178848266602,4.188063336109058,18.38730239868164
B,15,-20,real_diff_in_helix_subspace,200,0.26499998569488525,0.17999999225139618,-3.6810057163238525,-4.573077201843262,4.7032255787154496,18.38730239868164
B,15,-20,full_swap,200,0.9300000071525574,0.0,-0.9049020409584045,-7.160712718963623,9.64727783203125,18.38730239868164
B,16,-20,helix,200,0.19999998807907104,0.14999999105930328,-3.6693389415740967,-3.990954875946045,4.9967824332907025,20.392091751098633
B,16,-20,only_T2,200,0.0,0.9899999499320984,-5.988728046417236,-0.9198021292686462,0.0,20.392091751098633
B,16,-20,only_T5,200,0.0,0.9899999499320984,-5.988728046417236,-0.9198021292686462,6.667040231079383e-15,20.392091751098633
B,16,-20,only_T10,200,0.0,0.9899999499320984,-5.988728046417236,-0.9198021292686462,3.7397867266976584e-15,20.392091751098633
B,16,-20,only_T100,200,0.1599999964237213,0.23999999463558197,-3.850698232650757,-3.6197590827941895,4.699806392305351,20.392091751098633
B,16,-20,only_lin,200,0.03999999910593033,0.675000011920929,-5.144082069396973,-1.9927761554718018,3.151397507613701,20.392091751098633
B,16,-20,random_orth,200,0.0,0.9749999642372131,-5.989191055297852,-0.9309120178222656,4.996782433290702,20.392091751098633
B,16,-20,real_diff_in_helix_subspace,200,0.25,0.17000000178813934,-3.7110862731933594,-4.584104537963867,5.572326848808477,20.392091751098633
B,16,-20,full_swap,200,0.9249999523162842,0.0,-0.8950643539428711,-7.152231216430664,11.28487777709961,20.392091751098633
B,17,-20,helix,200,0.12999999523162842,0.29499998688697815,-4.058953762054443,-3.087831735610962,5.2452217498851885,22.2553653717041
B,17,-20,only_T2,200,0.0,0.9899999499320984,-5.988728046417236,-0.9198021292686462,0.0,22.2553653717041
B,17,-20,only_T5,200,0.0,0.9899999499320984,-5.988728046417236,-0.9198021292686462,6.943325237383874e-15,22.2553653717041
B,17,-20,only_T10,200,0.0,0.9899999499320984,-5.988728046417236,-0.9198021292686462,3.924436989031414e-15,22.2553653717041
B,17,-20,only_T100,200,0.09999999403953552,0.3400000035762787,-4.1541571617126465,-3.0714120864868164,4.964371588650452,22.2553653717041
B,17,-20,only_lin,200,0.03500000014901161,0.7699999809265137,-5.3707170486450195,-1.629463791847229,3.2619437106166216,22.2553653717041
B,17,-20,random_orth,200,0.0,0.9799999594688416,-5.969785690307617,-0.9231401085853577,5.245221749885187,22.2553653717041
B,17,-20,real_diff_in_helix_subspace,200,0.16499999165534973,0.25999999046325684,-3.9888410568237305,-3.707660436630249,5.861993715899714,22.2553653717041
B,17,-20,full_swap,200,0.8999999761581421,0.0,-0.9879438281059265,-6.494545936584473,11.88534164428711,22.2553653717041
B,18,-20,helix,200,0.019999999552965164,0.6800000071525574,-4.914248943328857,-1.8498231172561646,5.48020511502568,23.48876953125
B,18,-20,only_T2,200,0.0,0.9899999499320984,-5.988728046417236,-0.9198021292686462,0.0,23.48876953125
B,18,-20,only_T5,200,0.0,0.9899999499320984,-5.988728046417236,-0.9198021292686462,7.28628719122826e-15,23.48876953125
B,18,-20,only_T10,200,0.0,0.9899999499320984,-5.988728046417236,-0.9198021292686462,4.066126534605605e-15,23.48876953125
B,18,-20,only_T100,200,0.03999999910593033,0.574999988079071,-4.7073774337768555,-2.2485811710357666,5.226366229264236,23.48876953125
B,18,-20,only_lin,200,0.004999999888241291,0.8849999904632568,-5.784547805786133,-1.1309230327606201,3.40690585849393,23.48876953125
B,18,-20,random_orth,200,0.0,0.9599999785423279,-5.981949329376221,-0.9345232248306274,5.48020511502568,23.48876953125
B,18,-20,real_diff_in_helix_subspace,200,0.03500000014901161,0.6299999952316284,-4.865396499633789,-2.145244836807251,6.158475419799802,23.48876953125
B,18,-20,full_swap,200,0.41999998688697815,0.23999999463558197,-2.723212242126465,-3.9660537242889404,12.57284164428711,23.48876953125
B,19,-20,helix,200,0.0,0.9249999523162842,-5.63507604598999,-1.0873678922653198,5.914150800568049,25.94853973388672
B,19,-20,only_T2,200,0.0,0.9899999499320984,-5.988728046417236,-0.9198021292686462,0.0,25.94853973388672
B,19,-20,only_T5,200,0.0,0.9899999499320984,-5.988728046417236,-0.9198021292686462,7.88604640187911e-15,25.94853973388672
B,19,-20,only_T10,200,0.0,0.9899999499320984,-5.988728046417236,-0.9198021292686462,4.348054810255213e-15,25.94853973388672
B,19,-20,only_T100,200,0.0,0.8700000047683716,-5.546029567718506,-1.1590385437011719,5.5631771477252805,25.94853973388672
B,19,-20,only_lin,200,0.004999999888241291,0.9649999737739563,-5.976856708526611,-0.9341049194335938,3.818433567818873,25.94853973388672
B,19,-20,random_orth,200,0.0,0.9649999737739563,-5.985914707183838,-0.9239692687988281,5.9141508005680485,25.94853973388672
B,19,-20,real_diff_in_helix_subspace,200,0.0,0.8799999952316284,-5.605083465576172,-1.154850959777832,6.579497239466581,25.94853973388672
B,19,-20,full_swap,200,0.04999999701976776,0.7599999904632568,-4.866745948791504,-1.445583462715149,13.31844711303711,25.94853973388672
B,20,-20,helix,200,0.0,0.9449999928474426,-5.643928050994873,-1.0842646360397339,6.220793560178813,27.091415405273438
B,20,-20,only_T2,200,0.0,0.9899999499320984,-5.988728046417236,-0.9198021292686462,0.0,27.091415405273438
B,20,-20,only_T5,200,0.0,0.9899999499320984,-5.988728046417236,-0.9198021292686462,8.33118804859908e-15,27.091415405273438
B,20,-20,only_T10,200,0.0,0.9899999499320984,-5.988728046417236,-0.9198021292686462,4.543246071991462e-15,27.091415405273438
B,20,-20,only_T100,200,0.0,0.8849999904632568,-5.548359394073486,-1.1655199527740479,5.865733376688728,27.091415405273438
B,20,-20,only_lin,200,0.004999999888241291,0.9549999833106995,-5.970787048339844,-0.9421216249465942,3.981558089007014,27.091415405273438
B,20,-20,random_orth,200,0.0,1.0,-5.985103607177734,-0.9292504191398621,6.220793560178813,27.091415405273438
B,20,-20,real_diff_in_helix_subspace,200,0.0,0.8799999952316284,-5.605227470397949,-1.1609312295913696,6.970659921060964,27.091415405273438
B,20,-20,full_swap,200,0.054999999701976776,0.75,-4.883540630340576,-1.4482332468032837,13.9628324508667,27.091415405273438
B,21,-20,helix,200,0.0,0.9699999690055847,-5.90361213684082,-0.9440893530845642,6.610499913948959,28.857440948486328
B,21,-20,only_T2,200,0.0,0.9899999499320984,-5.988728046417236,-0.9198021292686462,0.0,28.857440948486328
B,21,-20,only_T5,200,0.0,0.9899999499320984,-5.988728046417236,-0.9198021292686462,8.547842648650648e-15,28.857440948486328
B,21,-20,only_T10,200,0.0,0.9899999499320984,-5.988728046417236,-0.9198021292686462,4.685930531775712e-15,28.857440948486328
B,21,-20,only_T100,200,0.0,0.9649999737739563,-5.909387111663818,-0.9545565843582153,6.222085910876106,28.857440948486328
B,21,-20,only_lin,200,0.0,0.9899999499320984,-5.977415084838867,-0.9185378551483154,4.204173911915113,28.857440948486328
B,21,-20,random_orth,200,0.0,0.98499995470047,-5.992995262145996,-0.9222983121871948,6.61049991394896,28.857440948486328
B,21,-20,real_diff_in_helix_subspace,200,0.0,0.9599999785423279,-5.9093017578125,-0.9433976411819458,7.415657371397084,28.857440948486328
B,21,-20,full_swap,200,0.004999999888241291,0.9649999737739563,-5.743628978729248,-0.9769752025604248,14.600152969360352,28.857440948486328
B,22,-20,helix,200,0.0,0.9699999690055847,-5.889223098754883,-0.9533666968345642,6.885785926445053,31.295303344726562
B,22,-20,only_T2,200,0.0,0.9899999499320984,-5.988728046417236,-0.9198021292686462,0.0,31.295303344726562
B,22,-20,only_T5,200,0.0,0.9899999499320984,-5.988728046417236,-0.9198021292686462,8.838334473987205e-15,31.295303344726562
B,22,-20,only_T10,200,0.0,0.9899999499320984,-5.988728046417236,-0.9198021292686462,4.896652979392172e-15,31.295303344726562
B,22,-20,only_T100,200,0.0,0.9649999737739563,-5.890472412109375,-0.9522577524185181,6.507033735625766,31.295303344726562
B,22,-20,only_lin,200,0.0,0.98499995470047,-5.967221736907959,-0.9324197769165039,4.401856330192984,31.295303344726562
B,22,-20,random_orth,200,0.0,0.9899999499320984,-5.994606018066406,-0.9201289415359497,6.885785926445053,31.295303344726562
B,22,-20,real_diff_in_helix_subspace,200,0.0,0.9599999785423279,-5.89432954788208,-0.953663170337677,7.79899166986748,31.295303344726562
B,22,-20,full_swap,200,0.004999999888241291,0.9649999737739563,-5.728265285491943,-0.9858596324920654,15.33798599243164,31.295303344726562
B,23,-20,helix,200,0.0,0.9899999499320984,-6.003603458404541,-0.8978500366210938,7.178452021922915,33.12269592285156
B,23,-20,only_T2,200,0.0,0.9899999499320984,-5.988728046417236,-0.9198021292686462,0.0,33.12269592285156
B,23,-20,only_T5,200,0.0,0.9899999499320984,-5.988728046417236,-0.9198021292686462,9.254511714634572e-15,33.12269592285156
B,23,-20,only_T10,200,0.0,0.9899999499320984,-5.988728046417236,-0.9198021292686462,5.122095784441497e-15,33.12269592285156
B,23,-20,only_T100,200,0.0,0.9899999499320984,-5.971913814544678,-0.9220077395439148,6.74391748738293,33.12269592285156
B,23,-20,only_lin,200,0.0,0.9899999499320984,-6.010412693023682,-0.8999929428100586,4.613476546903444,33.12269592285156
B,23,-20,random_orth,200,0.0,0.98499995470047,-5.994174480438232,-0.9169192314147949,7.178452021922915,33.12269592285156
B,23,-20,real_diff_in_helix_subspace,200,0.0,0.9950000047683716,-6.005000591278076,-0.9022127389907837,8.185473324727504,33.12269592285156
B,23,-20,full_swap,200,0.0,0.9799999594688416,-6.00152063369751,-0.901384711265564,16.115007400512695,33.12269592285156
B,24,-20,helix,200,0.0,0.9899999499320984,-6.0098161697387695,-0.8994425535202026,7.42230403178008,34.74751281738281
B,24,-20,only_T2,200,0.0,0.9899999499320984,-5.988728046417236,-0.9198021292686462,0.0,34.74751281738281
B,24,-20,only_T5,200,0.0,0.9899999499320984,-5.988728046417236,-0.9198021292686462,9.690062830693424e-15,34.74751281738281
B,24,-20,only_T10,200,0.0,0.9899999499320984,-5.988728046417236,-0.9198021292686462,5.3265230595385565e-15,34.74751281738281
B,24,-20,only_T100,200,0.0,0.9899999499320984,-6.001220703125,-0.9134865999221802,6.968382664035678,34.74751281738281
B,24,-20,only_lin,200,0.0,0.9950000047683716,-5.999553680419922,-0.9053576588630676,4.783062584464388,34.74751281738281
B,24,-20,random_orth,200,0.0,0.9950000047683716,-5.99456787109375,-0.9167401194572449,7.42230403178008,34.74751281738281
B,24,-20,real_diff_in_helix_subspace,200,0.0,0.9899999499320984,-6.009512901306152,-0.8997910022735596,8.519587254728648,34.74751281738281
B,24,-20,full_swap,200,0.0,0.98499995470047,-6.0002312660217285,-0.8975462913513184,16.865863800048828,34.74751281738281
B,25,-20,helix,200,0.0,0.9950000047683716,-6.008340358734131,-0.9006693959236145,7.758750961939879,37.24978256225586
B,25,-20,only_T2,200,0.0,0.9899999499320984,-5.988728046417236,-0.9198021292686462,0.0,37.24978256225586
B,25,-20,only_T5,200,0.0,0.9899999499320984,-5.988728046417236,-0.9198021292686462,1.0061283630361934e-14,37.24978256225586
B,25,-20,only_T10,200,0.0,0.9899999499320984,-5.988728046417236,-0.9198021292686462,5.523562985377807e-15,37.24978256225586
B,25,-20,only_T100,200,0.0,0.9899999499320984,-5.999639987945557,-0.9124958515167236,7.247459989913418,37.24978256225586
B,25,-20,only_lin,200,0.0,0.9950000047683716,-5.99834680557251,-0.9074012637138367,4.990237929183943,37.24978256225586
B,25,-20,random_orth,200,0.0,0.9899999499320984,-5.991672039031982,-0.9189648032188416,7.758750961939879,37.24978256225586
B,25,-20,real_diff_in_helix_subspace,200,0.0,0.9899999499320984,-6.007884502410889,-0.9013449549674988,8.970270334507294,37.24978256225586
B,25,-20,full_swap,200,0.0,0.98499995470047,-5.999927043914795,-0.9000877141952515,17.759302139282227,37.24978256225586
B,26,-20,helix,200,0.0,0.9899999499320984,-6.0054931640625,-0.9053712487220764,7.983876087385749,39.2191162109375
B,26,-20,only_T2,200,0.0,0.9899999499320984,-5.988728046417236,-0.9198021292686462,0.0,39.2191162109375
B,26,-20,only_T5,200,0.0,0.9899999499320984,-5.988728046417236,-0.9198021292686462,1.0387969413549967e-14,39.2191162109375
B,26,-20,only_T10,200,0.0,0.9899999499320984,-5.988728046417236,-0.9198021292686462,5.725645072630729e-15,39.2191162109375
B,26,-20,only_T100,200,0.0,0.9899999499320984,-5.996192455291748,-0.915555477142334,7.439629647095786,39.2191162109375
B,26,-20,only_lin,200,0.0,0.9950000047683716,-5.9991679191589355,-0.9095350503921509,5.162548470659544,39.2191162109375
B,26,-20,random_orth,200,0.0,0.9899999499320984,-5.990614891052246,-0.920948326587677,7.983876087385747,39.2191162109375
B,26,-20,real_diff_in_helix_subspace,200,0.0,0.9899999499320984,-6.002370357513428,-0.9053816199302673,9.292161668080205,39.2191162109375
B,26,-20,full_swap,200,0.0,0.98499995470047,-5.98919153213501,-0.9079601168632507,18.451221466064453,39.2191162109375
B,27,-20,helix,200,0.0,0.9950000047683716,-5.997595310211182,-0.9078390002250671,8.247523206805651,41.67795944213867
B,27,-20,only_T2,200,0.0,0.9899999499320984,-5.988728046417236,-0.9198021292686462,0.0,41.67795944213867
B,27,-20,only_T5,200,0.0,0.9899999499320984,-5.988728046417236,-0.9198021292686462,1.0710095033660952e-14,41.67795944213867
B,27,-20,only_T10,200,0.0,0.9899999499320984,-5.988728046417236,-0.9198021292686462,5.943652320878811e-15,41.67795944213867
B,27,-20,only_T100,200,0.0,0.9899999499320984,-5.992844104766846,-0.9171439409255981,7.6767555723526515,41.67795944213867
B,27,-20,only_lin,200,0.0,0.9950000047683716,-5.997106075286865,-0.9116555452346802,5.345241295851198,41.67795944213867
B,27,-20,random_orth,200,0.0,0.9950000047683716,-5.99125337600708,-0.9213398694992065,8.247523206805651,41.67795944213867
B,27,-20,real_diff_in_helix_subspace,200,0.0,0.9950000047683716,-5.997628211975098,-0.9084886908531189,9.69646984253409,41.67795944213867
B,27,-20,full_swap,200,0.0,0.98499995470047,-5.993736267089844,-0.9104943871498108,19.195079803466797,41.67795944213867
B,28,-20,helix,200,0.0,0.9899999499320984,-5.998101711273193,-0.9091783165931702,8.476025212794047,44.38298797607422
B,28,-20,only_T2,200,0.0,0.9899999499320984,-5.988728046417236,-0.9198021292686462,0.0,44.38298797607422
B,28,-20,only_T5,200,0.0,0.9899999499320984,-5.988728046417236,-0.9198021292686462,1.1046098704868901e-14,44.38298797607422
B,28,-20,only_T10,200,0.0,0.9899999499320984,-5.988728046417236,-0.9198021292686462,6.169528128390057e-15,44.38298797607422
B,28,-20,only_T100,200,0.0,0.9899999499320984,-5.9918341636657715,-0.916694164276123,7.876389158155521,44.38298797607422
B,28,-20,only_lin,200,0.0,0.9950000047683716,-5.995784759521484,-0.9123064875602722,5.4836999602449055,44.38298797607422
B,28,-20,random_orth,200,0.0,0.9899999499320984,-5.992021560668945,-0.9192824959754944,8.476025212794047,44.38298797607422
B,28,-20,real_diff_in_helix_subspace,200,0.0,0.9899999499320984,-5.997518062591553,-0.9091091752052307,10.101738809030998,44.38298797607422
B,28,-20,full_swap,200,0.0,0.9899999499320984,-5.9949798583984375,-0.9098731875419617,19.997838973999023,44.38298797607422
B,29,-20,helix,200,0.0,0.9899999499320984,-5.997823238372803,-0.9202767610549927,8.774360077008428,47.774417877197266
B,29,-20,only_T2,200,0.0,0.9899999499320984,-5.988728046417236,-0.9198021292686462,0.0,47.774417877197266
B,29,-20,only_T5,200,0.0,0.9899999499320984,-5.988728046417236,-0.9198021292686462,1.1340029972647406e-14,47.774417877197266
B,29,-20,only_T10,200,0.0,0.9899999499320984,-5.988728046417236,-0.9198021292686462,6.42458917561788e-15,47.774417877197266
B,29,-20,only_T100,200,0.0,0.9950000047683716,-5.989657878875732,-0.918495774269104,8.106968651906861,47.774417877197266
B,29,-20,only_lin,200,0.0,0.9950000047683716,-5.997879981994629,-0.9215227961540222,5.690814126097243,47.774417877197266
B,29,-20,random_orth,200,0.0,0.9899999499320984,-5.990732192993164,-0.9204868674278259,8.774360077008428,47.774417877197266
B,29,-20,real_diff_in_helix_subspace,200,0.0,0.9899999499320984,-5.9977617263793945,-0.9194656014442444,10.644551978859633,47.774417877197266
B,29,-20,full_swap,200,0.0,0.98499995470047,-5.992136478424072,-0.9205003380775452,21.005281448364258,47.774417877197266
B,30,-20,helix,200,0.0,0.9950000047683716,-5.99223518371582,-0.9178394675254822,9.162017863257732,60.368995666503906
B,30,-20,only_T2,200,0.0,0.9899999499320984,-5.988728046417236,-0.9198021292686462,0.0,60.368995666503906
B,30,-20,only_T5,200,0.0,0.9899999499320984,-5.988728046417236,-0.9198021292686462,1.176906025499083e-14,60.368995666503906
B,30,-20,only_T10,200,0.0,0.9899999499320984,-5.988728046417236,-0.9198021292686462,6.842820976833677e-15,60.368995666503906
B,30,-20,only_T100,200,0.0,0.9950000047683716,-5.993027687072754,-0.9180589914321899,8.361699892152417,60.368995666503906
B,30,-20,only_lin,200,0.0,0.9950000047683716,-5.991923809051514,-0.9196172952651978,5.949938762950699,60.368995666503906
B,30,-20,random_orth,200,0.0,0.9950000047683716,-5.990571022033691,-0.9197390675544739,9.162017863257732,60.368995666503906
B,30,-20,real_diff_in_helix_subspace,200,0.0,0.9950000047683716,-5.995632171630859,-0.9170303344726562,11.60519007989024,60.368995666503906
B,30,-20,full_swap,200,0.0,0.9899999499320984,-5.99257230758667,-0.9170091152191162,22.554677963256836,60.368995666503906
B,31,-20,helix,200,0.0,0.9899999499320984,-5.988728046417236,-0.9198021292686462,9.746047039108356,80.81653594970703
B,31,-20,only_T2,200,0.0,0.9899999499320984,-5.988728046417236,-0.9198021292686462,0.0,80.81653594970703
B,31,-20,only_T5,200,0.0,0.9899999499320984,-5.988728046417236,-0.9198021292686462,1.2447197272121053e-14,80.81653594970703
B,31,-20,only_T10,200,0.0,0.9899999499320984,-5.988728046417236,-0.9198021292686462,7.3139400801113e-15,80.81653594970703
B,31,-20,only_T100,200,0.0,0.9899999499320984,-5.988728046417236,-0.9198021292686462,8.795522023350165,80.81653594970703
B,31,-20,only_lin,200,0.0,0.9899999499320984,-5.988728046417236,-0.9198021292686462,6.36442283491462,80.81653594970703
B,31,-20,random_orth,200,0.0,0.9899999499320984,-5.988728046417236,-0.9198021292686462,9.746047039108355,80.81653594970703
B,31,-20,real_diff_in_helix_subspace,200,0.0,0.9899999499320984,-5.988728046417236,-0.9198021292686462,12.754102921320866,80.81653594970703
B,31,-20,full_swap,200,0.0,0.9899999499320984,-5.988728046417236,-0.9198021292686462,24.42011260986328,80.81653594970703
B,0,-10,helix,200,0.20999999344348907,0.625,-3.2078425884246826,-1.984566330909729,1.0399989115653425,4.443533420562744
B,0,-10,only_T2,200,0.0,1.0,-4.480422496795654,-0.9217239022254944,0.0,4.443533420562744
B,0,-10,only_T5,200,0.0,1.0,-4.480422496795654,-0.9217239022254944,1.1591020562822325e-15,4.443533420562744
B,0,-10,only_T10,200,0.0,1.0,-4.480422496795654,-0.9217239022254944,5.989531515760129e-16,4.443533420562744
B,0,-10,only_T100,200,0.19499999284744263,0.6850000023841858,-3.463796854019165,-1.6260415315628052,0.9791371684435205,4.443533420562744
B,0,-10,only_lin,200,0.08999999612569809,0.8349999785423279,-4.072368621826172,-1.1897034645080566,0.5484779643266423,4.443533420562744
B,0,-10,random_orth,200,0.0,0.9799999594688416,-4.4728875160217285,-0.9459856748580933,1.0399989115653425,4.443533420562744
B,0,-10,real_diff_in_helix_subspace,200,0.25,0.5550000071525574,-3.0337307453155518,-2.276268482208252,1.1501089799624578,4.443533420562744
B,0,-10,full_swap,200,0.9199999570846558,0.004999999888241291,-0.9166523814201355,-6.125524997711182,4.2904558181762695,4.443533420562744
B,1,-10,helix,200,0.20999999344348907,0.6049999594688416,-3.155637502670288,-2.0859375,1.0923205297073406,4.9554901123046875
B,1,-10,only_T2,200,0.0,1.0,-4.480422496795654,-0.9217239022254944,0.0,4.9554901123046875
B,1,-10,only_T5,200,0.0,1.0,-4.480422496795654,-0.9217239022254944,1.171285458903121e-15,4.9554901123046875
B,1,-10,only_T10,200,0.0,1.0,-4.480422496795654,-0.9217239022254944,5.988517113068979e-16,4.9554901123046875
B,1,-10,only_T100,200,0.2149999886751175,0.675000011920929,-3.4211606979370117,-1.6824947595596313,1.003877045231787,4.9554901123046875
B,1,-10,only_lin,200,0.10499999672174454,0.8299999833106995,-4.020898342132568,-1.2424283027648926,0.5879061981308347,4.9554901123046875
B,1,-10,random_orth,200,0.004999999888241291,0.9649999737739563,-4.477133274078369,-0.956996738910675,1.0923205297073406,4.9554901123046875
B,1,-10,real_diff_in_helix_subspace,200,0.25999999046325684,0.574999988079071,-2.9742205142974854,-2.3465020656585693,1.2049532951921522,4.9554901123046875
B,1,-10,full_swap,200,0.9149999618530273,0.004999999888241291,-0.9154840707778931,-6.125674247741699,4.314751148223877,4.9554901123046875
B,2,-10,helix,200,0.23499999940395355,0.574999988079071,-3.1185479164123535,-2.1130447387695312,1.1822163620919361,5.624755859375
B,2,-10,only_T2,200,0.0,1.0,-4.480422496795654,-0.9217239022254944,0.0,5.624755859375
B,2,-10,only_T5,200,0.0,1.0,-4.480422496795654,-0.9217239022254944,1.2261290878253852e-15,5.624755859375
B,2,-10,only_T10,200,0.0,1.0,-4.480422496795654,-0.9217239022254944,6.305494555233313e-16,5.624755859375
B,2,-10,only_T100,200,0.23499999940395355,0.6499999761581421,-3.4109160900115967,-1.7117265462875366,1.0703676458880116,5.624755859375
B,2,-10,only_lin,200,0.10999999940395355,0.8199999928474426,-4.002692699432373,-1.2411980628967285,0.6433507670472044,5.624755859375
B,2,-10,random_orth,200,0.0,0.9749999642372131,-4.496585369110107,-0.9384762644767761,1.182216362091936,5.624755859375
B,2,-10,real_diff_in_helix_subspace,200,0.26999998092651367,0.5699999928474426,-2.937742233276367,-2.3475759029388428,1.3118505362225903,5.624755859375
B,2,-10,full_swap,200,0.9149999618530273,0.004999999888241291,-0.9029317498207092,-6.142286777496338,4.546925067901611,5.624755859375
B,3,-10,helix,200,0.23499999940395355,0.5699999928474426,-3.0984838008880615,-2.1458492279052734,1.3109031237666247,6.576465606689453
B,3,-10,only_T2,200,0.0,1.0,-4.480422496795654,-0.9217239022254944,0.0,6.576465606689453
B,3,-10,only_T5,200,0.0,1.0,-4.480422496795654,-0.9217239022254944,1.3483628169394652e-15,6.576465606689453
B,3,-10,only_T10,200,0.0,1.0,-4.480422496795654,-0.9217239022254944,7.168736986603994e-16,6.576465606689453
B,3,-10,only_T100,200,0.23999999463558197,0.6299999952316284,-3.39278507232666,-1.7482733726501465,1.1677948048572382,6.576465606689453
B,3,-10,only_lin,200,0.10999999940395355,0.8149999976158142,-3.987942934036255,-1.2338244915008545,0.724648257170187,6.576465606689453
B,3,-10,random_orth,200,0.0,0.9799999594688416,-4.450218677520752,-0.9470168948173523,1.3109031237666247,6.576465606689453
B,3,-10,real_diff_in_helix_subspace,200,0.28999999165534973,0.5299999713897705,-2.9446935653686523,-2.4131340980529785,1.4835286395139844,6.576465606689453
B,3,-10,full_swap,200,0.9199999570846558,0.004999999888241291,-0.8960227966308594,-6.149074554443359,4.883761405944824,6.576465606689453
B,4,-10,helix,200,0.23999999463558197,0.5699999928474426,-3.08536696434021,-2.1671714782714844,1.4505774356523546,7.5915913581848145
B,4,-10,only_T2,200,0.0,1.0,-4.480422496795654,-0.9217239022254944,0.0,7.5915913581848145
B,4,-10,only_T5,200,0.0,1.0,-4.480422496795654,-0.9217239022254944,1.4356219573197395e-15,7.5915913581848145
B,4,-10,only_T10,200,0.0,1.0,-4.480422496795654,-0.9217239022254944,7.664833720854395e-16,7.5915913581848145
B,4,-10,only_T100,200,0.23999999463558197,0.625,-3.386896848678589,-1.7646327018737793,1.2772149960552732,7.5915913581848145
B,4,-10,only_lin,200,0.10499999672174454,0.8149999976158142,-3.9842021465301514,-1.24127197265625,0.803986493203897,7.5915913581848145
B,4,-10,random_orth,200,0.0,0.9799999594688416,-4.487207412719727,-0.935563862323761,1.4505774356523546,7.5915913581848145
B,4,-10,real_diff_in_helix_subspace,200,0.29999998211860657,0.5299999713897705,-2.9336156845092773,-2.475327730178833,1.6603230399005195,7.5915913581848145
B,4,-10,full_swap,200,0.9149999618530273,0.004999999888241291,-0.8997702598571777,-6.153754234313965,5.323362827301025,7.5915913581848145
B,5,-10,helix,200,0.2549999952316284,0.5450000166893005,-3.077932596206665,-2.200333595275879,1.6017712621979086,8.527715682983398
B,5,-10,only_T2,200,0.0,1.0,-4.480422496795654,-0.9217239022254944,0.0,8.527715682983398
B,5,-10,only_T5,200,0.0,1.0,-4.480422496795654,-0.9217239022254944,1.5647605765169976e-15,8.527715682983398
B,5,-10,only_T10,200,0.0,1.0,-4.480422496795654,-0.9217239022254944,8.459026993897752e-16,8.527715682983398
B,5,-10,only_T100,200,0.23499999940395355,0.6299999952316284,-3.3896594047546387,-1.799884557723999,1.4056481455805578,8.527715682983398
B,5,-10,only_lin,200,0.10999999940395355,0.8100000023841858,-3.9665112495422363,-1.2594404220581055,0.8862273583606145,8.527715682983398
B,5,-10,random_orth,200,0.004999999888241291,0.9699999690055847,-4.476926803588867,-0.9317197203636169,1.6017712621979086,8.527715682983398
B,5,-10,real_diff_in_helix_subspace,200,0.3100000023841858,0.5099999904632568,-2.9298105239868164,-2.5274977684020996,1.8777422760976719,8.527715682983398
B,5,-10,full_swap,200,0.9149999618530273,0.004999999888241291,-0.900910496711731,-6.1486101150512695,5.911583423614502,8.527715682983398
B,6,-10,helix,200,0.25,0.5399999618530273,-3.0673131942749023,-2.2174575328826904,1.7730344190624243,9.936079978942871
B,6,-10,only_T2,200,0.0,1.0,-4.480422496795654,-0.9217239022254944,0.0,9.936079978942871
B,6,-10,only_T5,200,0.0,1.0,-4.480422496795654,-0.9217239022254944,1.7159169420185135e-15,9.936079978942871
B,6,-10,only_T10,200,0.0,1.0,-4.480422496795654,-0.9217239022254944,9.194545056762882e-16,9.936079978942871
B,6,-10,only_T100,200,0.23999999463558197,0.6299999952316284,-3.3778419494628906,-1.8258639574050903,1.5363169253784787,9.936079978942871
B,6,-10,only_lin,200,0.11499999463558197,0.8100000023841858,-3.9508168697357178,-1.2718262672424316,0.9994038220399624,9.936079978942871
B,6,-10,random_orth,200,0.004999999888241291,0.9649999737739563,-4.487269401550293,-0.9312780499458313,1.7730344190624243,9.936079978942871
B,6,-10,real_diff_in_helix_subspace,200,0.3199999928474426,0.4899999797344208,-2.9222164154052734,-2.571403741836548,2.1643330938983576,9.936079978942871
B,6,-10,full_swap,200,0.9199999570846558,0.004999999888241291,-0.8990561962127686,-6.1353759765625,6.485076427459717,9.936079978942871
B,7,-10,helix,200,0.26499998569488525,0.5199999809265137,-3.0497522354125977,-2.2392988204956055,1.852984217220811,10.645297050476074
B,7,-10,only_T2,200,0.0,1.0,-4.480422496795654,-0.9217239022254944,0.0,10.645297050476074
B,7,-10,only_T5,200,0.0,1.0,-4.480422496795654,-0.9217239022254944,1.7631103857813266e-15,10.645297050476074
B,7,-10,only_T10,200,0.0,1.0,-4.480422496795654,-0.9217239022254944,9.613231443459464e-16,10.645297050476074
B,7,-10,only_T100,200,0.2449999898672104,0.6200000047683716,-3.3529651165008545,-1.8337007761001587,1.6111796751648728,10.645297050476074
B,7,-10,only_lin,200,0.11499999463558197,0.8149999976158142,-3.9553000926971436,-1.27871835231781,1.0360121330495127,10.645297050476074
B,7,-10,random_orth,200,0.004999999888241291,0.98499995470047,-4.477573871612549,-0.93086177110672,1.852984217220811,10.645297050476074
B,7,-10,real_diff_in_helix_subspace,200,0.3400000035762787,0.4699999988079071,-2.8821403980255127,-2.630131244659424,2.335996496829403,10.645297050476074
B,7,-10,full_swap,200,0.9149999618530273,0.004999999888241291,-0.8928110599517822,-6.144237995147705,6.7727155685424805,10.645297050476074
B,8,-10,helix,200,0.2449999898672104,0.5550000071525574,-3.062415599822998,-2.1900734901428223,1.9230781685269647,12.07427978515625
B,8,-10,only_T2,200,0.0,1.0,-4.480422496795654,-0.9217239022254944,0.0,12.07427978515625
B,8,-10,only_T5,200,0.0,1.0,-4.480422496795654,-0.9217239022254944,1.832867208920618e-15,12.07427978515625
B,8,-10,only_T10,200,0.0,1.0,-4.480422496795654,-0.9217239022254944,1.0336611911025943e-15,12.07427978515625
B,8,-10,only_T100,200,0.23499999940395355,0.6349999904632568,-3.358124017715454,-1.8140803575515747,1.6650667310881804,12.07427978515625
B,8,-10,only_lin,200,0.11499999463558197,0.8050000071525574,-3.968965768814087,-1.2798573970794678,1.0862901582157725,12.07427978515625
B,8,-10,random_orth,200,0.0,0.9649999737739563,-4.474365234375,-0.9392171502113342,1.9230781685269647,12.07427978515625
B,8,-10,real_diff_in_helix_subspace,200,0.3199999928474426,0.4749999940395355,-2.9138429164886475,-2.6718318462371826,2.5336282300627375,12.07427978515625
B,8,-10,full_swap,200,0.9149999618530273,0.004999999888241291,-0.8872494101524353,-6.142331600189209,7.153850555419922,12.07427978515625
B,9,-10,helix,200,0.23999999463558197,0.5450000166893005,-3.0665221214294434,-2.2146458625793457,1.9342874318740444,13.019576072692871
B,9,-10,only_T2,200,0.0,1.0,-4.480422496795654,-0.9217239022254944,0.0,13.019576072692871
B,9,-10,only_T5,200,0.0,1.0,-4.480422496795654,-0.9217239022254944,1.8355298498065067e-15,13.019576072692871
B,9,-10,only_T10,200,0.0,1.0,-4.480422496795654,-0.9217239022254944,1.045758090913441e-15,13.019576072692871
B,9,-10,only_T100,200,0.22999998927116394,0.6299999952316284,-3.352205991744995,-1.8372575044631958,1.673601429448847,13.019576072692871
B,9,-10,only_lin,200,0.11999999731779099,0.7949999570846558,-3.956759452819824,-1.3018467426300049,1.0918115091177933,13.019576072692871
B,9,-10,random_orth,200,0.0,0.9950000047683716,-4.467308521270752,-0.9291072487831116,1.9342874318740444,13.019576072692871
B,9,-10,real_diff_in_helix_subspace,200,0.3199999928474426,0.4350000023841858,-2.9939980506896973,-2.7834279537200928,2.656994696543032,13.019576072692871
B,9,-10,full_swap,200,0.9149999618530273,0.004999999888241291,-0.895786702632904,-6.135007381439209,7.366451263427734,13.019576072692871
B,10,-10,helix,200,0.25,0.5349999666213989,-3.0611989498138428,-2.2065696716308594,1.9429410830957794,13.435711860656738
B,10,-10,only_T2,200,0.0,1.0,-4.480422496795654,-0.9217239022254944,0.0,13.435711860656738
B,10,-10,only_T5,200,0.0,1.0,-4.480422496795654,-0.9217239022254944,1.9089879309030358e-15,13.435711860656738
B,10,-10,only_T10,200,0.0,1.0,-4.480422496795654,-0.9217239022254944,1.0934712503105759e-15,13.435711860656738
B,10,-10,only_T100,200,0.22999998927116394,0.6349999904632568,-3.34999680519104,-1.8425060510635376,1.672976687618717,13.435711860656738
B,10,-10,only_lin,200,0.11999999731779099,0.7999999523162842,-3.952927350997925,-1.3025377988815308,1.105797485004219,13.435711860656738
B,10,-10,random_orth,200,0.0,0.9899999499320984,-4.4661149978637695,-0.9403709173202515,1.9429410830957794,13.435711860656738
B,10,-10,real_diff_in_helix_subspace,200,0.32499998807907104,0.4050000011920929,-3.068127393722534,-2.868293285369873,2.7449297310533836,13.435711860656738
B,10,-10,full_swap,200,0.9199999570846558,0.004999999888241291,-0.8878885507583618,-6.126500606536865,7.496176242828369,13.435711860656738
B,11,-10,helix,200,0.2449999898672104,0.5450000166893005,-3.0638232231140137,-2.179537057876587,1.9703549877160171,14.321213722229004
B,11,-10,only_T2,200,0.0,1.0,-4.480422496795654,-0.9217239022254944,0.0,14.321213722229004
B,11,-10,only_T5,200,0.0,1.0,-4.480422496795654,-0.9217239022254944,2.076135627107953e-15,14.321213722229004
B,11,-10,only_T10,200,0.0,1.0,-4.480422496795654,-0.9217239022254944,1.1679005648940021e-15,14.321213722229004
B,11,-10,only_T100,200,0.22999998927116394,0.6200000047683716,-3.349933385848999,-1.8402460813522339,1.6967906548061586,14.321213722229004
B,11,-10,only_lin,200,0.11999999731779099,0.7999999523162842,-3.961531400680542,-1.292954683303833,1.1226274134071919,14.321213722229004
B,11,-10,random_orth,200,0.004999999888241291,0.9699999690055847,-4.4700727462768555,-0.924303412437439,1.9703549877160174,14.321213722229004
B,11,-10,real_diff_in_helix_subspace,200,0.3199999928474426,0.41999998688697815,-3.02364444732666,-2.821348190307617,2.8026755246151516,14.321213722229004
B,11,-10,full_swap,200,0.9249999523162842,0.004999999888241291,-0.8773760795593262,-6.114273548126221,7.660667896270752,14.321213722229004
B,12,-10,helix,200,0.2449999898672104,0.5450000166893005,-3.061877489089966,-2.1777148246765137,1.9937851388075194,14.559496879577637
B,12,-10,only_T2,200,0.0,1.0,-4.480422496795654,-0.9217239022254944,0.0,14.559496879577637
B,12,-10,only_T5,200,0.0,1.0,-4.480422496795654,-0.9217239022254944,2.3016032556294222e-15,14.559496879577637
B,12,-10,only_T10,200,0.0,1.0,-4.480422496795654,-0.9217239022254944,1.2907910976834334e-15,14.559496879577637
B,12,-10,only_T100,200,0.23499999940395355,0.6200000047683716,-3.345557689666748,-1.8571802377700806,1.727978946275503,14.559496879577637
B,12,-10,only_lin,200,0.11499999463558197,0.8050000071525574,-3.965390205383301,-1.2917855978012085,1.1378739512477953,14.559496879577637
B,12,-10,random_orth,200,0.0,0.98499995470047,-4.479161262512207,-0.9297665357589722,1.9937851388075194,14.559496879577637
B,12,-10,real_diff_in_helix_subspace,200,0.3199999928474426,0.4599999785423279,-3.0093634128570557,-2.7468156814575195,2.7814092554911953,14.559496879577637
B,12,-10,full_swap,200,0.9249999523162842,0.004999999888241291,-0.8721460700035095,-6.107202053070068,7.825261116027832,14.559496879577637
B,13,-10,helix,200,0.23499999940395355,0.5699999928474426,-3.0892467498779297,-2.1589534282684326,2.123236564162454,15.552643775939941
B,13,-10,only_T2,200,0.0,1.0,-4.480422496795654,-0.9217239022254944,0.0,15.552643775939941
B,13,-10,only_T5,200,0.0,1.0,-4.480422496795654,-0.9217239022254944,2.484790897037447e-15,15.552643775939941
B,13,-10,only_T10,200,0.0,1.0,-4.480422496795654,-0.9217239022254944,1.398027362975419e-15,15.552643775939941
B,13,-10,only_T100,200,0.22999998927116394,0.6150000095367432,-3.3600120544433594,-1.9130303859710693,1.8364364608613015,15.552643775939941
B,13,-10,only_lin,200,0.10499999672174454,0.8299999833106995,-4.00576639175415,-1.2581275701522827,1.1929352211940525,15.552643775939941
B,13,-10,random_orth,200,0.0,0.9899999499320984,-4.474470138549805,-0.9257990717887878,2.123236564162454,15.552643775939941
B,13,-10,real_diff_in_helix_subspace,200,0.3199999928474426,0.4650000035762787,-2.9280920028686523,-2.7225494384765625,2.963923566236395,15.552643775939941
B,13,-10,full_swap,200,0.9199999570846558,0.004999999888241291,-0.861323356628418,-6.06026029586792,8.192180633544922,15.552643775939941
B,14,-10,helix,200,0.23499999940395355,0.574999988079071,-3.089708089828491,-2.1465070247650146,2.167490034847035,16.863313674926758
B,14,-10,only_T2,200,0.0,1.0,-4.480422496795654,-0.9217239022254944,0.0,16.863313674926758
B,14,-10,only_T5,200,0.0,1.0,-4.480422496795654,-0.9217239022254944,2.540011762901216e-15,16.863313674926758
B,14,-10,only_T10,200,0.0,1.0,-4.480422496795654,-0.9217239022254944,1.4483720294312859e-15,16.863313674926758
B,14,-10,only_T100,200,0.23999999463558197,0.6100000143051147,-3.3626842498779297,-1.914876103401184,1.859709062163225,16.863313674926758
B,14,-10,only_lin,200,0.0949999988079071,0.8299999833106995,-4.0056071281433105,-1.258202314376831,1.231656976828397,16.863313674926758
B,14,-10,random_orth,200,0.0,0.9799999594688416,-4.470749855041504,-0.9248650670051575,2.167490034847035,16.863313674926758
B,14,-10,real_diff_in_helix_subspace,200,0.3100000023841858,0.44999998807907104,-2.962859630584717,-2.7502543926239014,3.096036315902793,16.863313674926758
B,14,-10,full_swap,200,0.9199999570846558,0.004999999888241291,-0.85832679271698,-6.045846462249756,8.345489501953125,16.863313674926758
B,15,-10,helix,200,0.23499999940395355,0.5799999833106995,-3.1140782833099365,-2.0580451488494873,2.4529082314306,18.3194522857666
B,15,-10,only_T2,200,0.0,1.0,-4.480422496795654,-0.9217239022254944,0.0,18.3194522857666
B,15,-10,only_T5,200,0.0,1.0,-4.480422496795654,-0.9217239022254944,2.698981496824057e-15,18.3194522857666
B,15,-10,only_T10,200,0.0,1.0,-4.480422496795654,-0.9217239022254944,1.529762846307848e-15,18.3194522857666
B,15,-10,only_T100,200,0.23999999463558197,0.6049999594688416,-3.3807387351989746,-1.8974933624267578,2.1035607356669552,18.3194522857666
B,15,-10,only_lin,200,0.08500000089406967,0.8399999737739563,-4.045266151428223,-1.2248613834381104,1.3627651892255617,18.3194522857666
B,15,-10,random_orth,200,0.0,0.98499995470047,-4.474798679351807,-0.9295922517776489,2.4529082314306,18.3194522857666
B,15,-10,real_diff_in_helix_subspace,200,0.29499998688697815,0.4949999749660492,-3.0349180698394775,-2.6950161457061768,3.413734097390403,18.3194522857666
B,15,-10,full_swap,200,0.9199999570846558,0.004999999888241291,-0.8586262464523315,-5.991977214813232,8.904029846191406,18.3194522857666
B,16,-10,helix,200,0.25999999046325684,0.5550000071525574,-3.1380245685577393,-2.1033551692962646,2.8771290718868867,20.274864196777344
B,16,-10,only_T2,200,0.0,1.0,-4.480422496795654,-0.9217239022254944,0.0,20.274864196777344
B,16,-10,only_T5,200,0.0,1.0,-4.480422496795654,-0.9217239022254944,3.292515738141495e-15,20.274864196777344
B,16,-10,only_T10,200,0.0,1.0,-4.480422496795654,-0.9217239022254944,1.8566671056385257e-15,20.274864196777344
B,16,-10,only_T100,200,0.22499999403953552,0.6100000143051147,-3.3840930461883545,-1.9199951887130737,2.5233674810020448,20.274864196777344
B,16,-10,only_lin,200,0.10499999672174454,0.824999988079071,-4.028510570526123,-1.2720508575439453,1.5756987538068505,20.274864196777344
B,16,-10,random_orth,200,0.004999999888241291,0.98499995470047,-4.446627616882324,-0.9396058917045593,2.8771290718868867,20.274864196777344
B,16,-10,real_diff_in_helix_subspace,200,0.28999999165534973,0.4350000023841858,-3.047027587890625,-2.7693278789520264,3.759860431198998,20.274864196777344
B,16,-10,full_swap,200,0.9249999523162842,0.004999999888241291,-0.8471977710723877,-5.970248699188232,10.437766075134277,20.274864196777344
B,17,-10,helix,200,0.20499999821186066,0.6399999856948853,-3.336182117462158,-1.7606091499328613,3.012773190487467,22.10123062133789
B,17,-10,only_T2,200,0.0,1.0,-4.480422496795654,-0.9217239022254944,0.0,22.10123062133789
B,17,-10,only_T5,200,0.0,1.0,-4.480422496795654,-0.9217239022254944,3.428082972489689e-15,22.10123062133789
B,17,-10,only_T10,200,0.0,1.0,-4.480422496795654,-0.9217239022254944,1.949917113651188e-15,22.10123062133789
B,17,-10,only_T100,200,0.1899999976158142,0.6699999570846558,-3.5326013565063477,-1.6571671962738037,2.658973009782642,22.10123062133789
B,17,-10,only_lin,200,0.07499999552965164,0.8799999952316284,-4.138809680938721,-1.15134859085083,1.6309718553083108,22.10123062133789
B,17,-10,random_orth,200,0.0,0.9799999594688416,-4.476587295532227,-0.9343515634536743,3.012773190487467,22.10123062133789
B,17,-10,real_diff_in_helix_subspace,200,0.2449999898672104,0.5199999809265137,-3.1813347339630127,-2.2809534072875977,3.911730763515817,22.10123062133789
B,17,-10,full_swap,200,0.9149999618530273,0.02499999850988388,-0.8656185865402222,-5.2104644775390625,10.984493255615234,22.10123062133789
B,18,-10,helix,200,0.08999999612569809,0.8299999833106995,-3.853994131088257,-1.2547078132629395,3.15081105826731,23.328166961669922
B,18,-10,only_T2,200,0.0,1.0,-4.480422496795654,-0.9217239022254944,0.0,23.328166961669922
B,18,-10,only_T5,200,0.0,1.0,-4.480422496795654,-0.9217239022254944,3.598083175546804e-15,23.328166961669922
B,18,-10,only_T10,200,0.0,1.0,-4.480422496795654,-0.9217239022254944,2.0220354459442882e-15,23.328166961669922
B,18,-10,only_T100,200,0.0949999988079071,0.8149999976158142,-3.89285945892334,-1.287009596824646,2.7949299756653456,23.328166961669922
B,18,-10,only_lin,200,0.03500000014901161,0.9399999976158142,-4.346088409423828,-0.975805401802063,1.703452929246965,23.328166961669922
B,18,-10,random_orth,200,0.0,0.9799999594688416,-4.484158992767334,-0.9305126667022705,3.15081105826731,23.328166961669922
B,18,-10,real_diff_in_helix_subspace,200,0.10499999672174454,0.7649999856948853,-3.7010793685913086,-1.4175922870635986,4.098416402382261,23.328166961669922
B,18,-10,full_swap,200,0.5849999785423279,0.32999998331069946,-1.8413336277008057,-3.1222550868988037,11.663918495178223,23.328166961669922
B,19,-10,helix,200,0.029999999329447746,0.9399999976158142,-4.200570106506348,-1.0205668210983276,3.430927127518994,25.796241760253906
B,19,-10,only_T2,200,0.0,1.0,-4.480422496795654,-0.9217239022254944,0.0,25.796241760253906
B,19,-10,only_T5,200,0.0,1.0,-4.480422496795654,-0.9217239022254944,3.897492398794649e-15,25.796241760253906
B,19,-10,only_T10,200,0.0,1.0,-4.480422496795654,-0.9217239022254944,2.156321880333769e-15,25.796241760253906
B,19,-10,only_T100,200,0.014999999664723873,0.9599999785423279,-4.213980674743652,-1.0111764669418335,2.9908676902983142,25.796241760253906
B,19,-10,only_lin,200,0.004999999888241291,0.9749999642372131,-4.445504665374756,-0.9377845525741577,1.9092167839094367,25.796241760253906
B,19,-10,random_orth,200,0.0,1.0,-4.479317665100098,-0.9223440289497375,3.430927127518994,25.796241760253906
B,19,-10,real_diff_in_helix_subspace,200,0.03500000014901161,0.9099999666213989,-4.123197555541992,-1.0614917278289795,4.507442313340466,25.796241760253906
B,19,-10,full_swap,200,0.19999998807907104,0.699999988079071,-3.13055157661438,-1.5642250776290894,12.391502380371094,25.796241760253906
B,20,-10,helix,200,0.029999999329447746,0.9449999928474426,-4.205080509185791,-1.0223846435546875,3.6104167799024687,26.926464080810547
B,20,-10,only_T2,200,0.0,1.0,-4.480422496795654,-0.9217239022254944,0.0,26.926464080810547
B,20,-10,only_T5,200,0.0,1.0,-4.480422496795654,-0.9217239022254944,4.118647820681323e-15,26.926464080810547
B,20,-10,only_T10,200,0.0,1.0,-4.480422496795654,-0.9217239022254944,2.253147031087813e-15,26.926464080810547
B,20,-10,only_T100,200,0.019999999552965164,0.9549999833106995,-4.2137885093688965,-1.0135246515274048,3.155568638065512,26.926464080810547
B,20,-10,only_lin,200,0.004999999888241291,0.9649999737739563,-4.445847511291504,-0.9417507648468018,1.990779044503507,26.926464080810547
B,20,-10,random_orth,200,0.0,1.0,-4.482753276824951,-0.9235079884529114,3.6104167799024687,26.926464080810547
B,20,-10,real_diff_in_helix_subspace,200,0.029999999329447746,0.9199999570846558,-4.12698221206665,-1.0664318799972534,4.734085958112296,26.926464080810547
B,20,-10,full_swap,200,0.17999999225139618,0.7149999737739563,-3.1584081649780273,-1.5689131021499634,13.014330863952637,26.926464080810547
B,21,-10,helix,200,0.004999999888241291,0.9699999690055847,-4.437252998352051,-0.9356034398078918,3.85189677190065,28.669458389282227
B,21,-10,only_T2,200,0.0,1.0,-4.480422496795654,-0.9217239022254944,0.0,28.669458389282227
B,21,-10,only_T5,200,0.0,1.0,-4.480422496795654,-0.9217239022254944,4.227580091152858e-15,28.669458389282227
B,21,-10,only_T10,200,0.0,1.0,-4.480422496795654,-0.9217239022254944,2.3244616452159037e-15,28.669458389282227
B,21,-10,only_T100,200,0.004999999888241291,0.9799999594688416,-4.448742866516113,-0.9344666600227356,3.3609292309310645,28.669458389282227
B,21,-10,only_lin,200,0.0,1.0,-4.4679274559021,-0.9224196672439575,2.1020869559575566,28.669458389282227
B,21,-10,random_orth,200,0.0,1.0,-4.486207962036133,-0.9202801585197449,3.851896771900651,28.669458389282227
B,21,-10,real_diff_in_helix_subspace,200,0.004999999888241291,0.9749999642372131,-4.427886962890625,-0.9357693791389465,5.064696098138469,28.669458389282227
B,21,-10,full_swap,200,0.029999999329447746,0.9399999976158142,-4.2360758781433105,-0.9826026558876038,13.584502220153809,28.669458389282227
B,22,-10,helix,200,0.004999999888241291,0.9699999690055847,-4.4324951171875,-0.9408761262893677,4.017450859053483,31.19586753845215
B,22,-10,only_T2,200,0.0,1.0,-4.480422496795654,-0.9217239022254944,0.0,31.19586753845215
B,22,-10,only_T5,200,0.0,1.0,-4.480422496795654,-0.9217239022254944,4.371011203370682e-15,31.19586753845215
B,22,-10,only_T10,200,0.0,1.0,-4.480422496795654,-0.9217239022254944,2.431810876374523e-15,31.19586753845215
B,22,-10,only_T100,200,0.004999999888241291,0.9799999594688416,-4.441938877105713,-0.934099018573761,3.513122627507971,31.19586753845215
B,22,-10,only_lin,200,0.0,1.0,-4.46588134765625,-0.9298762083053589,2.2009281650964923,31.19586753845215
B,22,-10,random_orth,200,0.0,1.0,-4.481521129608154,-0.922876238822937,4.017450859053483,31.19586753845215
B,22,-10,real_diff_in_helix_subspace,200,0.009999999776482582,0.9699999690055847,-4.42496919631958,-0.9403409957885742,5.392491841802398,31.19586753845215
B,22,-10,full_swap,200,0.029999999329447746,0.9350000023841858,-4.233159065246582,-0.9873576164245605,14.292768478393555,31.19586753845215
B,23,-10,helix,200,0.0,1.0,-4.474599361419678,-0.9073624014854431,4.190368342747211,33.017642974853516
B,23,-10,only_T2,200,0.0,1.0,-4.480422496795654,-0.9217239022254944,0.0,33.017642974853516
B,23,-10,only_T5,200,0.0,1.0,-4.480422496795654,-0.9217239022254944,4.576501222381601e-15,33.017642974853516
B,23,-10,only_T10,200,0.0,1.0,-4.480422496795654,-0.9217239022254944,2.5446390460840488e-15,33.017642974853516
B,23,-10,only_T100,200,0.0,0.9950000047683716,-4.473998546600342,-0.9194622039794922,3.644767143945018,33.017642974853516
B,23,-10,only_lin,200,0.0,1.0,-4.47848653793335,-0.9101046323776245,2.3067382734517223,33.017642974853516
B,23,-10,random_orth,200,0.0,1.0,-4.482813835144043,-0.9195895195007324,4.190368342747211,33.017642974853516
B,23,-10,real_diff_in_helix_subspace,200,0.0,0.9899999499320984,-4.472820281982422,-0.9160319566726685,5.70709423598263,33.017642974853516
B,23,-10,full_swap,200,0.004999999888241291,0.98499995470047,-4.43475866317749,-0.9103624224662781,15.03573989868164,33.017642974853516
B,24,-10,helix,200,0.0,1.0,-4.481325149536133,-0.9105508923530579,4.334103740846966,34.663124084472656
B,24,-10,only_T2,200,0.0,1.0,-4.480422496795654,-0.9217239022254944,0.0,34.663124084472656
B,24,-10,only_T5,200,0.0,1.0,-4.480422496795654,-0.9217239022254944,4.792054720820846e-15,34.663124084472656
B,24,-10,only_T10,200,0.0,1.0,-4.480422496795654,-0.9217239022254944,2.6470044708878758e-15,34.663124084472656
B,24,-10,only_T100,200,0.0,1.0,-4.479572772979736,-0.9185230135917664,3.767554324127917,34.663124084472656
B,24,-10,only_lin,200,0.0,1.0,-4.484562873840332,-0.9132102727890015,2.3915312922321945,34.663124084472656
B,24,-10,random_orth,200,0.0,1.0,-4.480564594268799,-0.9215259552001953,4.334103740846966,34.663124084472656
B,24,-10,real_diff_in_helix_subspace,200,0.0,1.0,-4.480188846588135,-0.9132190346717834,5.977413930698523,34.663124084472656
B,24,-10,full_swap,200,0.0,1.0,-4.470643997192383,-0.9151612520217896,15.751434326171875,34.663124084472656
B,25,-10,helix,200,0.0,1.0,-4.480929374694824,-0.9120679497718811,4.516668036185157,37.225093841552734
B,25,-10,only_T2,200,0.0,1.0,-4.480422496795654,-0.9217239022254944,0.0,37.225093841552734
B,25,-10,only_T5,200,0.0,1.0,-4.480422496795654,-0.9217239022254944,4.97694666457214e-15,37.225093841552734
B,25,-10,only_T10,200,0.0,1.0,-4.480422496795654,-0.9217239022254944,2.7446913281645212e-15,37.225093841552734
B,25,-10,only_T100,200,0.0,1.0,-4.48027229309082,-0.9189074635505676,3.9155569361363405,37.225093841552734
B,25,-10,only_lin,200,0.0,1.0,-4.48213529586792,-0.9143171310424805,2.4951189645919714,37.225093841552734
B,25,-10,random_orth,200,0.0,1.0,-4.480785846710205,-0.9233485460281372,4.516668036185157,37.225093841552734
B,25,-10,real_diff_in_helix_subspace,200,0.0,1.0,-4.4801764488220215,-0.9140850901603699,6.2998424721323865,37.225093841552734
B,25,-10,full_swap,200,0.0,1.0,-4.470680236816406,-0.9168007969856262,16.542219161987305,37.225093841552734
B,26,-10,helix,200,0.0,1.0,-4.482293605804443,-0.9160868525505066,4.650703342973067,39.217952728271484
B,26,-10,only_T2,200,0.0,1.0,-4.480422496795654,-0.9217239022254944,0.0,39.217952728271484
B,26,-10,only_T5,200,0.0,1.0,-4.480422496795654,-0.9217239022254944,5.139428469784653e-15,39.217952728271484
B,26,-10,only_T10,200,0.0,1.0,-4.480422496795654,-0.9217239022254944,2.846660953548584e-15,39.217952728271484
B,26,-10,only_T100,200,0.0,1.0,-4.479769706726074,-0.921122133731842,4.021731516046969,39.217952728271484
B,26,-10,only_lin,200,0.0,1.0,-4.484028339385986,-0.917539119720459,2.581274235329772,39.217952728271484
B,26,-10,random_orth,200,0.0,1.0,-4.48007345199585,-0.9213544726371765,4.650703342973067,39.217952728271484
B,26,-10,real_diff_in_helix_subspace,200,0.0,1.0,-4.482938289642334,-0.9169947504997253,6.5716221398129475,39.217952728271484
B,26,-10,full_swap,200,0.0,0.9950000047683716,-4.473660945892334,-0.9264074563980103,17.181255340576172,39.217952728271484
B,27,-10,helix,200,0.0,1.0,-4.48250150680542,-0.9174776077270508,4.807991941713692,41.7592887878418
B,27,-10,only_T2,200,0.0,1.0,-4.480422496795654,-0.9217239022254944,0.0,41.7592887878418
B,27,-10,only_T5,200,0.0,1.0,-4.480422496795654,-0.9217239022254944,5.298795724626337e-15,41.7592887878418
B,27,-10,only_T10,200,0.0,1.0,-4.480422496795654,-0.9217239022254944,2.956024076539785e-15,41.7592887878418
B,27,-10,only_T100,200,0.0,1.0,-4.479579448699951,-0.9220703840255737,4.153524543653103,41.7592887878418
B,27,-10,only_lin,200,0.0,1.0,-4.483540058135986,-0.9181026816368103,2.672620647925599,41.7592887878418
B,27,-10,random_orth,200,0.0,1.0,-4.481274127960205,-0.9221255779266357,4.807991941713692,41.7592887878418
B,27,-10,real_diff_in_helix_subspace,200,0.0,1.0,-4.482197284698486,-0.9183342456817627,6.9210953238670125,41.7592887878418
B,27,-10,full_swap,200,0.0,1.0,-4.481907367706299,-0.9246646165847778,17.869976043701172,41.7592887878418
B,28,-10,helix,200,0.0,1.0,-4.479986667633057,-0.9188582897186279,4.937892045189111,44.52912902832031
B,28,-10,only_T2,200,0.0,1.0,-4.480422496795654,-0.9217239022254944,0.0,44.52912902832031
B,28,-10,only_T5,200,0.0,1.0,-4.480422496795654,-0.9217239022254944,5.4638199759702584e-15,44.52912902832031
B,28,-10,only_T10,200,0.0,1.0,-4.480422496795654,-0.9217239022254944,3.0663722586398935e-15,44.52912902832031
B,28,-10,only_T100,200,0.0,1.0,-4.48028564453125,-0.9221521019935608,4.262581913279239,44.52912902832031
B,28,-10,only_lin,200,0.0,1.0,-4.482239246368408,-0.9185845851898193,2.7418499801224527,44.52912902832031
B,28,-10,random_orth,200,0.0,1.0,-4.481832027435303,-0.9214501976966858,4.937892045189111,44.52912902832031
B,28,-10,real_diff_in_helix_subspace,200,0.0,1.0,-4.481611251831055,-0.9185386300086975,7.281995547765737,44.52912902832031
B,28,-10,full_swap,200,0.0,0.9950000047683716,-4.479705333709717,-0.925006091594696,18.606578826904297,44.52912902832031
B,29,-10,helix,200,0.0,1.0,-4.483643531799316,-0.9233241677284241,5.099331038464782,47.87784194946289
B,29,-10,only_T2,200,0.0,1.0,-4.480422496795654,-0.9217239022254944,0.0,47.87784194946289
B,29,-10,only_T5,200,0.0,1.0,-4.480422496795654,-0.9217239022254944,5.607596448048849e-15,47.87784194946289
B,29,-10,only_T10,200,0.0,1.0,-4.480422496795654,-0.9217239022254944,3.193438502824205e-15,47.87784194946289
B,29,-10,only_T100,200,0.0,1.0,-4.481454372406006,-0.9224846959114075,4.386213120132712,47.87784194946289
B,29,-10,only_lin,200,0.0,1.0,-4.4842448234558105,-0.922974169254303,2.8454070630486217,47.87784194946289
B,29,-10,random_orth,200,0.0,1.0,-4.48273229598999,-0.9212165474891663,5.099331038464782,47.87784194946289
B,29,-10,real_diff_in_helix_subspace,200,0.0,1.0,-4.485081195831299,-0.9238870143890381,7.698966427844623,47.87784194946289
B,29,-10,full_swap,200,0.0,0.9950000047683716,-4.483858108520508,-0.9296249151229858,19.460670471191406,47.87784194946289
B,30,-10,helix,200,0.0,1.0,-4.481932163238525,-0.9220254421234131,5.301560710620672,60.355709075927734
B,30,-10,only_T2,200,0.0,1.0,-4.480422496795654,-0.9217239022254944,0.0,60.355709075927734
B,30,-10,only_T5,200,0.0,1.0,-4.480422496795654,-0.9217239022254944,5.816846361293626e-15,60.355709075927734
B,30,-10,only_T10,200,0.0,1.0,-4.480422496795654,-0.9217239022254944,3.4044408399834864e-15,60.355709075927734
B,30,-10,only_T100,200,0.0,1.0,-4.480812072753906,-0.9217033982276917,4.524436454973323,60.355709075927734
B,30,-10,only_lin,200,0.0,1.0,-4.482175350189209,-0.9221436381340027,2.9749693814753493,60.355709075927734
B,30,-10,random_orth,200,0.0,1.0,-4.481706619262695,-0.9218723177909851,5.301560710620672,60.355709075927734
B,30,-10,real_diff_in_helix_subspace,200,0.0,1.0,-4.483392715454102,-0.9214789867401123,8.457732662917678,60.355709075927734
B,30,-10,full_swap,200,0.0,1.0,-4.482537269592285,-0.9241881370544434,20.743846893310547,60.355709075927734
B,31,-10,helix,200,0.0,1.0,-4.480422496795654,-0.9217239022254944,5.62068610677785,80.51730346679688
B,31,-10,only_T2,200,0.0,1.0,-4.480422496795654,-0.9217239022254944,0.0,80.51730346679688
B,31,-10,only_T5,200,0.0,1.0,-4.480422496795654,-0.9217239022254944,6.152275594169713e-15,80.51730346679688
B,31,-10,only_T10,200,0.0,1.0,-4.480422496795654,-0.9217239022254944,3.638717988230244e-15,80.51730346679688
B,31,-10,only_T100,200,0.0,1.0,-4.480422496795654,-0.9217239022254944,4.765344001811857,80.51730346679688
B,31,-10,only_lin,200,0.0,1.0,-4.480422496795654,-0.9217239022254944,3.18221141745731,80.51730346679688
B,31,-10,random_orth,200,0.0,1.0,-4.480422496795654,-0.9217239022254944,5.62068610677785,80.51730346679688
B,31,-10,real_diff_in_helix_subspace,200,0.0,1.0,-4.480422496795654,-0.9217239022254944,9.397199206667636,80.51730346679688
B,31,-10,full_swap,200,0.0,1.0,-4.480422496795654,-0.9217239022254944,22.360252380371094,80.51730346679688
B,0,-5,helix,200,0.5299999713897705,0.019999999552965164,-2.145007848739624,-4.789719104766846,1.8778295560247875,4.399021625518799
B,0,-5,only_T2,200,0.02499999850988388,0.3499999940395355,-5.149224758148193,-2.29634690284729,1.0619493668470008,4.399021625518799
B,0,-5,only_T5,200,0.0,1.0,-6.096793174743652,-0.8983498215675354,1.4083905552564191e-15,4.399021625518799
B,0,-5,only_T10,200,0.029999999329447746,0.4050000011920929,-4.607633113861084,-2.7846083641052246,1.4607688592609895,4.399021625518799
B,0,-5,only_T100,200,0.0,0.9049999713897705,-5.889871597290039,-1.0589808225631714,0.5075998480352071,4.399021625518799
B,0,-5,only_lin,200,0.0,0.9549999833106995,-6.018381595611572,-0.9857916235923767,0.2742389821633211,4.399021625518799
B,0,-5,random_orth,200,0.0,0.9749999642372131,-6.077181339263916,-0.9724467992782593,1.8778295560247873,4.399021625518799
B,0,-5,real_diff_in_helix_subspace,200,0.5299999713897705,0.07499999552965164,-2.335125684738159,-4.710466384887695,1.9286809554805924,4.399021625518799
B,0,-5,full_swap,200,0.9249999523162842,0.0,-0.9493574500083923,-6.865501403808594,4.402986526489258,4.399021625518799
B,1,-5,helix,200,0.5699999928474426,0.019999999552965164,-2.1069345474243164,-4.8541693687438965,1.8926581174851334,4.929152011871338
B,1,-5,only_T2,200,0.02499999850988388,0.32999998331069946,-5.141625881195068,-2.329777479171753,1.0755209923989688,4.929152011871338
B,1,-5,only_T5,200,0.0,1.0,-6.096793174743652,-0.8983498215675354,1.4223729890627626e-15,4.929152011871338
B,1,-5,only_T10,200,0.029999999329447746,0.38499999046325684,-4.581942558288574,-2.8393521308898926,1.460505802182649,4.929152011871338
B,1,-5,only_T100,200,0.0,0.9049999713897705,-5.873205661773682,-1.0655975341796875,0.5185308003544368,4.929152011871338
B,1,-5,only_lin,200,0.0,0.9549999833106995,-6.010029315948486,-0.9960017204284668,0.2939530990654174,4.929152011871338
B,1,-5,random_orth,200,0.0,0.9649999737739563,-6.085155010223389,-0.970632016658783,1.892658117485133,4.929152011871338
B,1,-5,real_diff_in_helix_subspace,200,0.5249999761581421,0.07000000029802322,-2.2587695121765137,-4.789466381072998,1.9343928277419815,4.929152011871338
B,1,-5,full_swap,200,0.9249999523162842,0.0,-0.9474052786827087,-6.867620468139648,4.386842727661133,4.929152011871338
B,2,-5,helix,200,0.574999988079071,0.009999999776482582,-2.0446760654449463,-4.930389881134033,2.0025313594017593,5.593454360961914
B,2,-5,only_T2,200,0.02499999850988388,0.3100000023841858,-5.1188554763793945,-2.373413562774658,1.1382421139105765,5.593454360961914
B,2,-5,only_T5,200,0.0,1.0,-6.096793174743652,-0.8983498215675354,1.4892968671391247e-15,5.593454360961914
B,2,-5,only_T10,200,0.029999999329447746,0.375,-4.532762050628662,-2.913682699203491,1.5388724700454268,5.593454360961914
B,2,-5,only_T100,200,0.0,0.8949999809265137,-5.875726222991943,-1.0683540105819702,0.5521613978865973,5.593454360961914
B,2,-5,only_lin,200,0.0,0.9599999785423279,-6.015791416168213,-0.9886592626571655,0.3216753835236022,5.593454360961914
B,2,-5,random_orth,200,0.0,0.9599999785423279,-6.096804141998291,-0.9601628184318542,2.002531359401759,5.593454360961914
B,2,-5,real_diff_in_helix_subspace,200,0.5450000166893005,0.03500000014901161,-2.1436901092529297,-4.851874351501465,2.031352636084511,5.593454360961914
B,2,-5,full_swap,200,0.9300000071525574,0.0,-0.9355151653289795,-6.87878942489624,4.572918891906738,5.593454360961914
B,3,-5,helix,200,0.5699999928474426,0.009999999776482582,-2.0106990337371826,-4.95566463470459,2.3047439756259394,6.537808895111084
B,3,-5,only_T2,200,0.014999999664723873,0.3149999976158142,-5.143184185028076,-2.3418922424316406,1.3475984062334734,6.537808895111084
B,3,-5,only_T5,200,0.0,1.0,-6.096793174743652,-0.8983498215675354,1.634550839579034e-15,6.537808895111084
B,3,-5,only_T10,200,0.02499999850988388,0.3449999988079071,-4.477900981903076,-2.978666067123413,1.7508796512868616,6.537808895111084
B,3,-5,only_T100,200,0.0,0.9049999713897705,-5.8578996658325195,-1.0816290378570557,0.6032876018094717,6.537808895111084
B,3,-5,only_lin,200,0.0,0.9599999785423279,-6.021559715270996,-0.9785710573196411,0.3623241285850935,6.537808895111084
B,3,-5,random_orth,200,0.0,0.9599999785423279,-6.091403484344482,-0.9420605301856995,2.3047439756259394,6.537808895111084
B,3,-5,real_diff_in_helix_subspace,200,0.5600000023841858,0.03999999910593033,-2.06323504447937,-4.91699743270874,2.3531428114372788,6.537808895111084
B,3,-5,full_swap,200,0.9300000071525574,0.0,-0.9337229132652283,-6.876299858093262,4.962133884429932,6.537808895111084
B,4,-5,helix,200,0.6049999594688416,0.009999999776482582,-1.998140573501587,-4.975022315979004,2.462421151241914,7.5613813400268555
B,4,-5,only_T2,200,0.019999999552965164,0.3149999976158142,-5.141593933105469,-2.3466579914093018,1.4222603215168896,7.5613813400268555
B,4,-5,only_T5,200,0.0,1.0,-6.096793174743652,-0.8983498215675354,1.7392121196026907e-15,7.5613813400268555
B,4,-5,only_T10,200,0.02499999850988388,0.3400000035762787,-4.458267688751221,-3.007141590118408,1.8735027318963529,7.5613813400268555
B,4,-5,only_T100,200,0.0,0.9099999666213989,-5.856651306152344,-1.0900115966796875,0.6596992108730517,7.5613813400268555
B,4,-5,only_lin,200,0.0,0.9599999785423279,-6.01491117477417,-0.9841846823692322,0.40199324660194846,7.5613813400268555
B,4,-5,random_orth,200,0.0,0.9649999737739563,-6.0923004150390625,-0.9557144641876221,2.4624211512419136,7.5613813400268555
B,4,-5,real_diff_in_helix_subspace,200,0.5649999976158142,0.03999999910593033,-2.0418102741241455,-4.956323146820068,2.5133272608655157,7.5613813400268555
B,4,-5,full_swap,200,0.9300000071525574,0.0,-0.9341142773628235,-6.877114295959473,5.381408214569092,7.5613813400268555
B,5,-5,helix,200,0.625,0.009999999776482582,-1.9730863571166992,-5.0083112716674805,2.708016536161746,8.515495300292969
B,5,-5,only_T2,200,0.014999999664723873,0.28999999165534973,-5.127419948577881,-2.3951525688171387,1.5409735453014366,8.515495300292969
B,5,-5,only_T5,200,0.0,1.0,-6.096793174743652,-0.8983498215675354,1.8954796908927226e-15,8.515495300292969
B,5,-5,only_T10,200,0.02499999850988388,0.3349999785423279,-4.436742305755615,-3.0613152980804443,2.073171599122739,8.515495300292969
B,5,-5,only_T100,200,0.0,0.8999999761581421,-5.859017372131348,-1.0967395305633545,0.7254701354798974,8.515495300292969
B,5,-5,only_lin,200,0.0,0.9599999785423279,-6.011911392211914,-0.9876110553741455,0.4431136791803074,8.515495300292969
B,5,-5,random_orth,200,0.0,0.9549999833106995,-6.07037353515625,-0.9618966579437256,2.708016536161746,8.515495300292969
B,5,-5,real_diff_in_helix_subspace,200,0.574999988079071,0.029999999329447746,-2.080410957336426,-4.983777046203613,2.763862922081663,8.515495300292969
B,5,-5,full_swap,200,0.9149999618530273,0.0,-0.9365807175636292,-6.8718743324279785,5.959386825561523,8.515495300292969
B,6,-5,helix,200,0.6200000047683716,0.009999999776482582,-1.982304334640503,-5.009710788726807,2.9755285036765766,9.936914443969727
B,6,-5,only_T2,200,0.019999999552965164,0.3050000071525574,-5.130724906921387,-2.4039480686187744,1.7147728979500076,9.936914443969727
B,6,-5,only_T5,200,0.0,1.0,-6.096793174743652,-0.8983498215675354,2.079656997278028e-15,9.936914443969727
B,6,-5,only_T10,200,0.029999999329447746,0.3199999928474426,-4.422561168670654,-3.0841195583343506,2.2576375869131056,9.936914443969727
B,6,-5,only_T100,200,0.0,0.9049999713897705,-5.846531391143799,-1.1056214570999146,0.7937345183829426,9.936914443969727
B,6,-5,only_lin,200,0.0,0.9599999785423279,-6.016016006469727,-0.9871284365653992,0.49970191101998124,9.936914443969727
B,6,-5,random_orth,200,0.0,0.9599999785423279,-6.085787773132324,-0.935667097568512,2.9755285036765766,9.936914443969727
B,6,-5,real_diff_in_helix_subspace,200,0.550000011920929,0.03500000014901161,-2.1634068489074707,-4.980852127075195,3.0528821595510403,9.936914443969727
B,6,-5,full_swap,200,0.9300000071525574,0.0,-0.9272217154502869,-6.880820274353027,6.515697002410889,9.936914443969727
B,7,-5,helix,200,0.6399999856948853,0.009999999776482582,-1.977988839149475,-5.033083915710449,3.0892271329172845,10.661438941955566
B,7,-5,only_T2,200,0.014999999664723873,0.3050000071525574,-5.136006832122803,-2.3893537521362305,1.7555572186574449,10.661438941955566
B,7,-5,only_T5,200,0.0,1.0,-6.096793174743652,-0.8983498215675354,2.1360669772246222e-15,10.661438941955566
B,7,-5,only_T10,200,0.029999999329447746,0.3199999928474426,-4.411656379699707,-3.1142985820770264,2.3585700899037434,10.661438941955566
B,7,-5,only_T100,200,0.0,0.8899999856948853,-5.843039512634277,-1.1098191738128662,0.832984719018076,10.661438941955566
B,7,-5,only_lin,200,0.0,0.9599999785423279,-6.015346527099609,-0.9823188781738281,0.5180060665247563,10.661438941955566
B,7,-5,random_orth,200,0.0,0.9799999594688416,-6.063048362731934,-0.9487192034721375,3.0892271329172845,10.661438941955566
B,7,-5,real_diff_in_helix_subspace,200,0.550000011920929,0.03500000014901161,-2.1990365982055664,-4.995011329650879,3.193448213566743,10.661438941955566
B,7,-5,full_swap,200,0.9199999570846558,0.0,-0.9249122142791748,-6.884134292602539,6.797653675079346,10.661438941955566
B,8,-5,helix,200,0.6399999856948853,0.009999999776482582,-1.98723304271698,-5.028304100036621,3.271768653947522,12.08236312866211
B,8,-5,only_T2,200,0.019999999552965164,0.3050000071525574,-5.132231712341309,-2.3974833488464355,1.8243717840290303,12.08236312866211
B,8,-5,only_T5,200,0.0,1.0,-6.096793174743652,-0.8983498215675354,2.220690909983721e-15,12.08236312866211
B,8,-5,only_T10,200,0.029999999329447746,0.3100000023841858,-4.419808387756348,-3.12654972076416,2.528075154090483,12.08236312866211
B,8,-5,only_T100,200,0.0,0.8849999904632568,-5.845999240875244,-1.1109950542449951,0.8622053502436211,12.08236312866211
B,8,-5,only_lin,200,0.0,0.9599999785423279,-6.0123748779296875,-0.9891056418418884,0.543145079107886,12.08236312866211
B,8,-5,random_orth,200,0.0,0.9749999642372131,-6.0736823081970215,-0.9414563775062561,3.271768653947522,12.08236312866211
B,8,-5,real_diff_in_helix_subspace,200,0.5249999761581421,0.03999999910593033,-2.320171594619751,-4.994452476501465,3.446561967891956,12.08236312866211
B,8,-5,full_swap,200,0.9249999523162842,0.004999999888241291,-0.9160135984420776,-6.889963150024414,7.1934494972229,12.08236312866211
B,9,-5,helix,200,0.625,0.009999999776482582,-1.9906243085861206,-5.0452494621276855,3.3214382051494464,13.002935409545898
B,9,-5,only_T2,200,0.014999999664723873,0.29999998211860657,-5.1289896965026855,-2.4066359996795654,1.8666063646583095,13.002935409545898
B,9,-5,only_T5,200,0.0,1.0,-6.096793174743652,-0.8983498215675354,2.221692996085628e-15,13.002935409545898
B,9,-5,only_T10,200,0.029999999329447746,0.29999998211860657,-4.40853214263916,-3.1608574390411377,2.5563917099865447,13.002935409545898
B,9,-5,only_T100,200,0.0,0.8899999856948853,-5.841392517089844,-1.1153062582015991,0.8670655691350772,13.002935409545898
B,9,-5,only_lin,200,0.0,0.9599999785423279,-6.002058982849121,-0.9939767122268677,0.5459057545588968,13.002935409545898
B,9,-5,random_orth,200,0.004999999888241291,0.9649999737739563,-6.043150901794434,-0.9651681184768677,3.3214382051494464,13.002935409545898
B,9,-5,real_diff_in_helix_subspace,200,0.5049999952316284,0.044999998062849045,-2.4376800060272217,-5.033281326293945,3.5589492087034515,13.002935409545898
B,9,-5,full_swap,200,0.9199999570846558,0.004999999888241291,-0.9218911528587341,-6.885014533996582,7.437644004821777,13.002935409545898
B,10,-5,helix,200,0.6200000047683716,0.009999999776482582,-1.9769988059997559,-5.070581912994385,3.447545155687909,13.435887336730957
B,10,-5,only_T2,200,0.014999999664723873,0.26499998569488525,-5.131661415100098,-2.4198219776153564,1.9269091303973196,13.435887336730957
B,10,-5,only_T5,200,0.0,1.0,-6.096793174743652,-0.8983498215675354,2.3097641725305225e-15,13.435887336730957
B,10,-5,only_T10,200,0.03999999910593033,0.28999999165534973,-4.375076770782471,-3.199314832687378,2.6742113637993032,13.435887336730957
B,10,-5,only_T100,200,0.0,0.875,-5.839535236358643,-1.117974877357483,0.867351433014544,13.435887336730957
B,10,-5,only_lin,200,0.0,0.9549999833106995,-6.003001689910889,-0.9962123036384583,0.5528987425021095,13.435887336730957
B,10,-5,random_orth,200,0.0,0.9799999594688416,-6.067355632781982,-0.9416853189468384,3.447545155687909,13.435887336730957
B,10,-5,real_diff_in_helix_subspace,200,0.48499998450279236,0.04999999701976776,-2.522573232650757,-5.002268314361572,3.7428813520239896,13.435887336730957
B,10,-5,full_swap,200,0.9249999523162842,0.004999999888241291,-0.9171984791755676,-6.881389141082764,7.647709846496582,13.435887336730957
B,11,-5,helix,200,0.6299999952316284,0.014999999664723873,-1.9696847200393677,-5.06174373626709,3.684221129789771,14.318979263305664
B,11,-5,only_T2,200,0.014999999664723873,0.23999999463558197,-5.097834587097168,-2.4910857677459717,2.0703943545256287,14.318979263305664
B,11,-5,only_T5,200,0.0,1.0,-6.096793174743652,-0.8983498215675354,2.5133243890818554e-15,14.318979263305664
B,11,-5,only_T10,200,0.03999999910593033,0.25999999046325684,-4.352761745452881,-3.266152858734131,2.870707770644218,14.318979263305664
B,11,-5,only_T100,200,0.0,0.875,-5.841548442840576,-1.1193517446517944,0.8802110528552433,14.318979263305664
B,11,-5,only_lin,200,0.0,0.9599999785423279,-6.007289886474609,-0.9851241707801819,0.5613137067035958,14.318979263305664
B,11,-5,random_orth,200,0.0,0.9749999642372131,-6.063807010650635,-0.9256312251091003,3.684221129789771,14.318979263305664
B,11,-5,real_diff_in_helix_subspace,200,0.4749999940395355,0.054999999701976776,-2.44578218460083,-5.058360576629639,3.979164866382838,14.318979263305664
B,11,-5,full_swap,200,0.9199999570846558,0.004999999888241291,-0.9086892008781433,-6.874124526977539,7.9459452629089355,14.318979263305664
B,12,-5,helix,200,0.6599999666213989,0.009999999776482582,-1.9137262105941772,-5.110206604003906,4.046495930687968,14.54786491394043
B,12,-5,only_T2,200,0.019999999552965164,0.19499999284744263,-5.043295860290527,-2.5671112537384033,2.3073266883032124,14.54786491394043
B,12,-5,only_T5,200,0.0,1.0,-6.096793174743652,-0.8983498215675354,2.7883605883011164e-15,14.54786491394043
B,12,-5,only_T10,200,0.03500000014901161,0.2549999952316284,-4.328296184539795,-3.309296131134033,3.154477725606995,14.54786491394043
B,12,-5,only_T100,200,0.0,0.875,-5.843787670135498,-1.121682047843933,0.8979217953487278,14.54786491394043
B,12,-5,only_lin,200,0.0,0.9599999785423279,-6.006885051727295,-0.9879696369171143,0.5689369756238976,14.54786491394043
B,12,-5,random_orth,200,0.0,0.98499995470047,-6.060155391693115,-0.9320980906486511,4.046495930687969,14.54786491394043
B,12,-5,real_diff_in_helix_subspace,200,0.5199999809265137,0.044999998062849045,-2.2982072830200195,-5.085631847381592,4.2757256184045165,14.54786491394043
B,12,-5,full_swap,200,0.9199999570846558,0.004999999888241291,-0.9095162749290466,-6.872095108032227,8.278188705444336,14.54786491394043
B,13,-5,helix,200,0.625,0.014999999664723873,-1.9399844408035278,-5.059495449066162,4.325349066239165,15.55350112915039
B,13,-5,only_T2,200,0.019999999552965164,0.19999998807907104,-5.06124210357666,-2.5257811546325684,2.4236207539950634,15.55350112915039
B,13,-5,only_T5,200,0.0,1.0,-6.096793174743652,-0.8983498215675354,3.0164253698754815e-15,15.55350112915039
B,13,-5,only_T10,200,0.029999999329447746,0.26999998092651367,-4.311616897583008,-3.311917543411255,3.4063981815720097,15.55350112915039
B,13,-5,only_T100,200,0.0,0.875,-5.839810848236084,-1.1431260108947754,0.9526099644662699,15.55350112915039
B,13,-5,only_lin,200,0.0,0.9599999785423279,-6.018548488616943,-0.9750213623046875,0.5964676105970261,15.55350112915039
B,13,-5,random_orth,200,0.0,0.9899999499320984,-6.060530185699463,-0.9153475165367126,4.325349066239165,15.55350112915039
B,13,-5,real_diff_in_helix_subspace,200,0.5399999618530273,0.044999998062849045,-2.270913600921631,-5.032923221588135,4.572620181606136,15.55350112915039
B,13,-5,full_swap,200,0.9249999523162842,0.0,-0.8928620219230652,-6.835330486297607,8.682123184204102,15.55350112915039
B,14,-5,helix,200,0.6200000047683716,0.019999999552965164,-1.9475830793380737,-5.029664993286133,4.499108233338689,16.8773136138916
B,14,-5,only_T2,200,0.019999999552965164,0.2199999988079071,-5.082425594329834,-2.4926085472106934,2.5643821514256784,16.8773136138916
B,14,-5,only_T5,200,0.0,1.0,-6.096793174743652,-0.8983498215675354,3.0843419258739817e-15,16.8773136138916
B,14,-5,only_T10,200,0.03999999910593033,0.2750000059604645,-4.313906192779541,-3.313114643096924,3.5183623172070706,16.8773136138916
B,14,-5,only_T100,200,0.0,0.875,-5.841300964355469,-1.1424552202224731,0.9635678123515732,16.8773136138916
B,14,-5,only_lin,200,0.0,0.9599999785423279,-6.016373634338379,-0.9781661629676819,0.6158284884141985,16.8773136138916
B,14,-5,random_orth,200,0.0,0.9799999594688416,-6.066718578338623,-0.9300721287727356,4.499108233338689,16.8773136138916
B,14,-5,real_diff_in_helix_subspace,200,0.5399999618530273,0.054999999701976776,-2.3351361751556396,-5.0619587898254395,4.801691720982124,16.8773136138916
B,14,-5,full_swap,200,0.9300000071525574,0.0,-0.8957536816596985,-6.848341941833496,8.901561737060547,16.8773136138916
B,15,-5,helix,200,0.6200000047683716,0.02499999850988388,-1.9518064260482788,-5.006256580352783,4.72069272959472,18.347816467285156
B,15,-5,only_T2,200,0.019999999552965164,0.23499999940395355,-5.096056938171387,-2.4828693866729736,2.6266428404962197,18.347816467285156
B,15,-5,only_T5,200,0.0,1.0,-6.096793174743652,-0.8983498215675354,3.2768719962041705e-15,18.347816467285156
B,15,-5,only_T10,200,0.03999999910593033,0.26999998092651367,-4.306127548217773,-3.30619740486145,3.7105856659979355,18.347816467285156
B,15,-5,only_T100,200,0.0,0.875,-5.841387748718262,-1.143211007118225,1.0781689218803234,18.347816467285156
B,15,-5,only_lin,200,0.0,0.9599999785423279,-6.023472785949707,-0.971837043762207,0.681382594612781,18.347816467285156
B,15,-5,random_orth,200,0.0,0.9799999594688416,-6.059700965881348,-0.9385095238685608,4.720692729594721,18.347816467285156
B,15,-5,real_diff_in_helix_subspace,200,0.5149999856948853,0.054999999701976776,-2.3916876316070557,-5.020901203155518,5.084353350011343,18.347816467285156
B,15,-5,full_swap,200,0.9350000023841858,0.0,-0.8965768218040466,-6.821256160736084,9.426126480102539,18.347816467285156
B,16,-5,helix,200,0.6699999570846558,0.02499999850988388,-1.8558423519134521,-5.165514945983887,5.647914048838229,20.301313400268555
B,16,-5,only_T2,200,0.019999999552965164,0.19499999284744263,-5.043426990509033,-2.660132884979248,3.0754480564877453,20.301313400268555
B,16,-5,only_T5,200,0.0,1.0,-6.096793174743652,-0.8983498215675354,4.006188405876614e-15,20.301313400268555
B,16,-5,only_T10,200,0.06499999761581421,0.19499999284744263,-4.112565517425537,-3.685983896255493,4.499496929367749,20.301313400268555
B,16,-5,only_T100,200,0.0,0.8799999952316284,-5.849513530731201,-1.1631428003311157,1.3054570979713294,20.301313400268555
B,16,-5,only_lin,200,0.0,0.9549999833106995,-6.012970447540283,-0.9847787022590637,0.7878493769034253,20.301313400268555
B,16,-5,random_orth,200,0.0,0.9699999690055847,-6.066685676574707,-0.926196813583374,5.647914048838229,20.301313400268555
B,16,-5,real_diff_in_helix_subspace,200,0.6150000095367432,0.04999999701976776,-2.103909730911255,-5.157187461853027,5.883816443433563,20.301313400268555
B,16,-5,full_swap,200,0.9249999523162842,0.0,-0.9001651406288147,-6.8111419677734375,10.965502738952637,20.301313400268555
B,17,-5,helix,200,0.5899999737739563,0.06499999761581421,-2.0947227478027344,-4.64028787612915,5.918492535759726,22.116151809692383
B,17,-5,only_T2,200,0.019999999552965164,0.28999999165534973,-5.109410762786865,-2.3975114822387695,3.2167609855630395,22.116151809692383
B,17,-5,only_T5,200,0.0,1.0,-6.096793174743652,-0.8983498215675354,4.1719391721953745e-15,22.116151809692383
B,17,-5,only_T10,200,0.03500000014901161,0.25,-4.2815351486206055,-3.3078866004943848,4.721034303856811,22.116151809692383
B,17,-5,only_T100,200,0.0,0.8949999809265137,-5.873173713684082,-1.0871913433074951,1.3765157189660886,22.116151809692383
B,17,-5,only_lin,200,0.0,0.9649999737739563,-6.029652118682861,-0.9517402648925781,0.8154859276541552,22.116151809692383
B,17,-5,random_orth,200,0.0,0.9699999690055847,-6.075331687927246,-0.9230268001556396,5.918492535759726,22.116151809692383
B,17,-5,real_diff_in_helix_subspace,200,0.5,0.08500000089406967,-2.33425235748291,-4.622171401977539,6.162365104169637,22.116151809692383
B,17,-5,full_swap,200,0.8949999809265137,0.0,-1.0282281637191772,-6.073502540588379,11.572598457336426,22.116151809692383
B,18,-5,helix,200,0.17499999701976776,0.3449999988079071,-3.8087196350097656,-2.8328499794006348,6.117007896198853,23.305540084838867
B,18,-5,only_T2,200,0.009999999776482582,0.574999988079071,-5.446736812591553,-1.7105988264083862,3.3041412812367548,23.305540084838867
B,18,-5,only_T5,200,0.0,1.0,-6.096793174743652,-0.8983498215675354,4.376778391583748e-15,23.305540084838867
B,18,-5,only_T10,200,0.019999999552965164,0.6299999952316284,-5.109626293182373,-1.9628863334655762,4.887156005311263,23.305540084838867
B,18,-5,only_T100,200,0.0,0.9399999976158142,-5.9524827003479,-0.9951945543289185,1.4469095042994624,23.305540084838867
B,18,-5,only_lin,200,0.0,0.9799999594688416,-6.079461574554443,-0.8984373807907104,0.8517264646234824,23.305540084838867
B,18,-5,random_orth,200,0.0,0.9799999594688416,-6.089804649353027,-0.8905864357948303,6.117007896198853,23.305540084838867
B,18,-5,real_diff_in_helix_subspace,200,0.16499999165534973,0.3349999785423279,-3.8936476707458496,-2.829275131225586,6.411512594868616,23.305540084838867
B,18,-5,full_swap,200,0.38499999046325684,0.23499999940395355,-2.781264543533325,-3.6587767601013184,12.213430404663086,23.305540084838867
B,19,-5,helix,200,0.014999999664723873,0.7849999666213989,-5.298811435699463,-1.4166662693023682,6.526261802930145,25.81194305419922
B,19,-5,only_T2,200,0.004999999888241291,0.8799999952316284,-5.828347682952881,-1.1500719785690308,3.492841659299595,25.81194305419922
B,19,-5,only_T5,200,0.0,1.0,-6.096793174743652,-0.8983498215675354,4.7426429850818076e-15,25.81194305419922
B,19,-5,only_T10,200,0.004999999888241291,0.9049999713897705,-5.754428386688232,-1.1117844581604004,5.226400360510631,25.81194305419922
B,19,-5,only_T100,200,0.0,0.9749999642372131,-6.033913612365723,-0.9250407218933105,1.544802747042699,25.81194305419922
B,19,-5,only_lin,200,0.0,0.9899999499320984,-6.085774898529053,-0.9008023142814636,0.9546083919547184,25.81194305419922
B,19,-5,random_orth,200,0.0,0.9950000047683716,-6.085338592529297,-0.8983866572380066,6.526261802930145,25.81194305419922
B,19,-5,real_diff_in_helix_subspace,200,0.009999999776482582,0.7799999713897705,-5.297175407409668,-1.4112943410873413,6.8599164553351235,25.81194305419922
B,19,-5,full_swap,200,0.05999999865889549,0.6899999976158142,-4.715354919433594,-1.6614431142807007,12.9955415725708,25.81194305419922
B,20,-5,helix,200,0.019999999552965164,0.7400000095367432,-5.27443265914917,-1.4690591096878052,6.824760746610337,26.942909240722656
B,20,-5,only_T2,200,0.009999999776482582,0.8549999594688416,-5.8154778480529785,-1.1785475015640259,3.6494979966546803,26.942909240722656
B,20,-5,only_T5,200,0.0,1.0,-6.096793174743652,-0.8983498215675354,5.008042850744622e-15,26.942909240722656
B,20,-5,only_T10,200,0.004999999888241291,0.8999999761581421,-5.737693786621094,-1.139029860496521,5.46646281520524,26.942909240722656
B,20,-5,only_T100,200,0.0,0.9699999690055847,-6.034621238708496,-0.92606121301651,1.6294302355615042,26.942909240722656
B,20,-5,only_lin,200,0.0,0.9899999499320984,-6.084900856018066,-0.9020481705665588,0.9953895222517533,26.942909240722656
B,20,-5,random_orth,200,0.0,1.0,-6.09156608581543,-0.8965933918952942,6.824760746610337,26.942909240722656
B,20,-5,real_diff_in_helix_subspace,200,0.009999999776482582,0.7699999809265137,-5.273976802825928,-1.452994465827942,7.1538827561115115,26.942909240722656
B,20,-5,full_swap,200,0.05999999865889549,0.6949999928474426,-4.715390682220459,-1.6880990266799927,13.62216567993164,26.942909240722656
B,21,-5,helix,200,0.0,0.9899999499320984,-6.095724582672119,-0.8832159042358398,7.035294291124696,28.668989181518555
B,21,-5,only_T2,200,0.0,1.0,-6.110650539398193,-0.892876386642456,3.718560320313001,28.668989181518555
B,21,-5,only_T5,200,0.0,1.0,-6.096793174743652,-0.8983498215675354,5.13553864443043e-15,28.668989181518555
B,21,-5,only_T10,200,0.0,0.9899999499320984,-6.092460632324219,-0.8858975172042847,5.638874762096747,28.668989181518555
B,21,-5,only_T100,200,0.0,0.9950000047683716,-6.0874552726745605,-0.899643063545227,1.7340084350474325,28.668989181518555
B,21,-5,only_lin,200,0.0,1.0,-6.098038196563721,-0.8989764451980591,1.0510434779787783,28.668989181518555
B,21,-5,random_orth,200,0.0,0.9950000047683716,-6.098378658294678,-0.8982838988304138,7.035294291124697,28.668989181518555
B,21,-5,real_diff_in_helix_subspace,200,0.0,0.9950000047683716,-6.094533443450928,-0.8801553249359131,7.413149257224672,28.668989181518555
B,21,-5,full_swap,200,0.0,0.9799999594688416,-5.991575717926025,-0.8978053331375122,14.134858131408691,28.668989181518555
B,22,-5,helix,200,0.0,0.9899999499320984,-6.095093727111816,-0.8854953050613403,7.319201499471751,31.167940139770508
B,22,-5,only_T2,200,0.0,1.0,-6.111011981964111,-0.8924615979194641,3.83260804298078,31.167940139770508
B,22,-5,only_T5,200,0.0,1.0,-6.096793174743652,-0.8983498215675354,5.30856760064216e-15,31.167940139770508
B,22,-5,only_T10,200,0.0,0.9899999499320984,-6.091660022735596,-0.885660707950592,5.887072086520399,31.167940139770508
B,22,-5,only_T100,200,0.0,0.9950000047683716,-6.08938455581665,-0.8996353149414062,1.8139962859855052,31.167940139770508
B,22,-5,only_lin,200,0.0,1.0,-6.096508502960205,-0.9012247920036316,1.100464082548246,31.167940139770508
B,22,-5,random_orth,200,0.0,0.9899999499320984,-6.09742546081543,-0.9022465348243713,7.319201499471751,31.167940139770508
B,22,-5,real_diff_in_helix_subspace,200,0.0,0.9950000047683716,-6.095722675323486,-0.8821595311164856,7.783658978405518,31.167940139770508
B,22,-5,full_swap,200,0.0,0.9799999594688416,-5.996275424957275,-0.8983951210975647,14.846264839172363,31.167940139770508
B,23,-5,helix,200,0.0,0.9950000047683716,-6.11930513381958,-0.8775352239608765,7.733448647446316,32.97786331176758
B,23,-5,only_T2,200,0.0,1.0,-6.111008167266846,-0.8937274217605591,4.160864750589113,32.97786331176758
B,23,-5,only_T5,200,0.0,1.0,-6.096793174743652,-0.8983498215675354,5.557954767515579e-15,32.97786331176758
B,23,-5,only_T10,200,0.0,1.0,-6.112215995788574,-0.8846295475959778,6.15738370463642,32.97786331176758
B,23,-5,only_T100,200,0.0,0.9950000047683716,-6.096895694732666,-0.8981823325157166,1.881070854517487,32.97786331176758
B,23,-5,only_lin,200,0.0,1.0,-6.099477291107178,-0.8930962681770325,1.1533691367258612,32.97786331176758
B,23,-5,random_orth,200,0.0,1.0,-6.104337215423584,-0.8947762846946716,7.733448647446316,32.97786331176758
B,23,-5,real_diff_in_helix_subspace,200,0.0,0.9950000047683716,-6.117231369018555,-0.880021333694458,8.25513196125115,32.97786331176758
B,23,-5,full_swap,200,0.0,0.98499995470047,-6.082799434661865,-0.8810496926307678,15.667092323303223,32.97786331176758
B,24,-5,helix,200,0.0,1.0,-6.1018524169921875,-0.8927201628684998,8.04013589240333,34.611515045166016
B,24,-5,only_T2,200,0.0,1.0,-6.094807147979736,-0.8983844518661499,4.328463251661632,34.611515045166016
B,24,-5,only_T5,200,0.0,1.0,-6.096793174743652,-0.8983498215675354,5.820208571902282e-15,34.611515045166016
B,24,-5,only_T10,200,0.0,1.0,-6.095926284790039,-0.8982769846916199,6.4042694149666,34.611515045166016
B,24,-5,only_T100,200,0.0,0.9950000047683716,-6.099204063415527,-0.8961219787597656,1.9439768335875574,34.611515045166016
B,24,-5,only_lin,200,0.0,1.0,-6.099429607391357,-0.8946157693862915,1.195765646116097,34.611515045166016
B,24,-5,random_orth,200,0.0,0.9950000047683716,-6.101391315460205,-0.8986941576004028,8.04013589240333,34.611515045166016
B,24,-5,real_diff_in_helix_subspace,200,0.0,1.0,-6.10316276550293,-0.8926306962966919,8.634846022295129,34.611515045166016
B,24,-5,full_swap,200,0.0,1.0,-6.096768856048584,-0.8897579908370972,16.4107608795166,34.611515045166016
B,25,-5,helix,200,0.0,1.0,-6.103618144989014,-0.8919921517372131,8.34119377744106,37.16476058959961
B,25,-5,only_T2,200,0.0,1.0,-6.098625183105469,-0.8972834348678589,4.489165188192248,37.16476058959961
B,25,-5,only_T5,200,0.0,1.0,-6.096793174743652,-0.8983498215675354,6.041540668372815e-15,37.16476058959961
B,25,-5,only_T10,200,0.0,1.0,-6.098350524902344,-0.8977445960044861,6.64209931383691,37.16476058959961
B,25,-5,only_T100,200,0.0,0.9950000047683716,-6.098341464996338,-0.8968880772590637,2.019676914457975,37.16476058959961
B,25,-5,only_lin,200,0.0,1.0,-6.100684642791748,-0.8953497409820557,1.2475594822959857,37.16476058959961
B,25,-5,random_orth,200,0.0,1.0,-6.100241184234619,-0.8974206447601318,8.34119377744106,37.16476058959961
B,25,-5,real_diff_in_helix_subspace,200,0.0,1.0,-6.103809833526611,-0.8918067812919617,9.01385057678914,37.16476058959961
B,25,-5,full_swap,200,0.0,1.0,-6.098128318786621,-0.8900019526481628,17.221174240112305,37.16476058959961
B,26,-5,helix,200,0.0,1.0,-6.098562717437744,-0.8977996110916138,8.635470731346649,39.141082763671875
B,26,-5,only_T2,200,0.0,1.0,-6.094899654388428,-0.897815465927124,4.642772909549577,39.141082763671875
B,26,-5,only_T5,200,0.0,1.0,-6.096793174743652,-0.8983498215675354,6.2369886009872435e-15,39.141082763671875
B,26,-5,only_T10,200,0.0,1.0,-6.094277858734131,-0.9007045030593872,6.883625004513692,39.141082763671875
B,26,-5,only_T100,200,0.0,1.0,-6.09838342666626,-0.8977644443511963,2.072833440951945,39.141082763671875
B,26,-5,only_lin,200,0.0,1.0,-6.100379467010498,-0.8958035111427307,1.290637117664886,39.141082763671875
B,26,-5,random_orth,200,0.0,1.0,-6.096152305603027,-0.9010677337646484,8.635470731346649,39.141082763671875
B,26,-5,real_diff_in_helix_subspace,200,0.0,1.0,-6.100322723388672,-0.8974672555923462,9.397449769680172,39.141082763671875
B,26,-5,full_swap,200,0.0,0.9950000047683716,-6.093577861785889,-0.8969288468360901,17.923433303833008,39.141082763671875
B,27,-5,helix,200,0.0,1.0,-6.101088523864746,-0.8968959450721741,8.936131476884809,41.6826286315918
B,27,-5,only_T2,200,0.0,1.0,-6.09519100189209,-0.8989223837852478,4.775008903771112,41.6826286315918
B,27,-5,only_T5,200,0.0,1.0,-6.096793174743652,-0.8983498215675354,6.4281405197927515e-15,41.6826286315918
B,27,-5,only_T10,200,0.0,1.0,-6.096152305603027,-0.8992738723754883,7.143380937534629,41.6826286315918
B,27,-5,only_T100,200,0.0,1.0,-6.097830772399902,-0.8980308175086975,2.140313258435973,41.6826286315918
B,27,-5,only_lin,200,0.0,1.0,-6.098679542541504,-0.8960338234901428,1.3363103239627996,41.6826286315918
B,27,-5,random_orth,200,0.0,1.0,-6.096016883850098,-0.899775505065918,8.936131476884809,41.6826286315918
B,27,-5,real_diff_in_helix_subspace,200,0.0,1.0,-6.099217891693115,-0.8981010913848877,9.791999162758673,41.6826286315918
B,27,-5,full_swap,200,0.0,0.9950000047683716,-6.096402645111084,-0.8974958658218384,18.64604949951172,41.6826286315918
B,28,-5,helix,200,0.0,1.0,-6.09639310836792,-0.8967847228050232,9.22093298618241,44.46784210205078
B,28,-5,only_T2,200,0.0,1.0,-6.097739219665527,-0.8978988528251648,4.866181463747196,44.46784210205078
B,28,-5,only_T5,200,0.0,1.0,-6.096793174743652,-0.8983498215675354,6.630491650305024e-15,44.46784210205078
B,28,-5,only_T10,200,0.0,1.0,-6.094776630401611,-0.8994179368019104,7.4148953447158785,44.46784210205078
B,28,-5,only_T100,200,0.0,1.0,-6.098188877105713,-0.8975855708122253,2.1969113532592677,44.46784210205078
B,28,-5,only_lin,200,0.0,1.0,-6.098213195800781,-0.8967880010604858,1.3709249900612264,44.46784210205078
B,28,-5,random_orth,200,0.0,1.0,-6.099467754364014,-0.898638129234314,9.22093298618241,44.46784210205078
B,28,-5,real_diff_in_helix_subspace,200,0.0,1.0,-6.097020149230957,-0.8973909020423889,10.207111426382067,44.46784210205078
B,28,-5,full_swap,200,0.0,0.9950000047683716,-6.096171855926514,-0.8966391086578369,19.42798614501953,44.46784210205078
B,29,-5,helix,200,0.0,1.0,-6.098519325256348,-0.8987323641777039,9.551376390418785,47.790252685546875
B,29,-5,only_T2,200,0.0,1.0,-6.095983982086182,-0.8979911804199219,4.9911931665100795,47.790252685546875
B,29,-5,only_T5,200,0.0,1.0,-6.096793174743652,-0.8983498215675354,6.805871577526426e-15,47.790252685546875
B,29,-5,only_T10,200,0.0,1.0,-6.094315052032471,-0.8995588421821594,7.717921393685048,47.790252685546875
B,29,-5,only_T100,200,0.0,1.0,-6.09761381149292,-0.8981915712356567,2.260489306127786,47.790252685546875
B,29,-5,only_lin,200,0.0,1.0,-6.098420143127441,-0.8984577655792236,1.4227035315243108,47.790252685546875
B,29,-5,random_orth,200,0.0,1.0,-6.097927093505859,-0.8975988626480103,9.551376390418785,47.790252685546875
B,29,-5,real_diff_in_helix_subspace,200,0.0,1.0,-6.098127365112305,-0.897600531578064,10.703890927663574,47.790252685546875
B,29,-5,full_swap,200,0.0,0.9950000047683716,-6.0962090492248535,-0.898973822593689,20.357267379760742,47.790252685546875
B,30,-5,helix,200,0.0,1.0,-6.09827995300293,-0.8984985947608948,10.04614902091119,60.251033782958984
B,30,-5,only_T2,200,0.0,1.0,-6.096514701843262,-0.898125410079956,5.132193784063894,60.251033782958984
B,30,-5,only_T5,200,0.0,1.0,-6.096793174743652,-0.8983498215675354,7.0654239289749435e-15,60.251033782958984
B,30,-5,only_T10,200,0.0,1.0,-6.095511436462402,-0.8990225195884705,8.206821813905059,60.251033782958984
B,30,-5,only_T100,200,0.0,1.0,-6.097054481506348,-0.897750198841095,2.331483712766019,60.251033782958984
B,30,-5,only_lin,200,0.0,1.0,-6.0981926918029785,-0.8983650803565979,1.4874846907376746,60.251033782958984
B,30,-5,random_orth,200,0.0,1.0,-6.096888065338135,-0.8991135954856873,10.04614902091119,60.251033782958984
B,30,-5,real_diff_in_helix_subspace,200,0.0,1.0,-6.097434043884277,-0.8984857797622681,11.586969319866757,60.251033782958984
B,30,-5,full_swap,200,0.0,1.0,-6.093448162078857,-0.8990181684494019,21.790111541748047,60.251033782958984
B,31,-5,helix,200,0.0,1.0,-6.096793174743652,-0.8983498215675354,10.690818953668417,80.3337631225586
B,31,-5,only_T2,200,0.0,1.0,-6.096793174743652,-0.8983498215675354,5.423905335693404,80.3337631225586
B,31,-5,only_T5,200,0.0,1.0,-6.096793174743652,-0.8983498215675354,7.470325197164613e-15,80.3337631225586
B,31,-5,only_T10,200,0.0,1.0,-6.096793174743652,-0.8983498215675354,8.76142845257191,80.3337631225586
B,31,-5,only_T100,200,0.0,1.0,-6.096793174743652,-0.8983498215675354,2.4536786069608643,80.3337631225586
B,31,-5,only_lin,200,0.0,1.0,-6.096793174743652,-0.8983498215675354,1.591105708728655,80.3337631225586
B,31,-5,random_orth,200,0.0,1.0,-6.096793174743652,-0.8983498215675354,10.690818953668417,80.3337631225586
B,31,-5,real_diff_in_helix_subspace,200,0.0,1.0,-6.096793174743652,-0.8983498215675354,12.668344752316356,80.3337631225586
B,31,-5,full_swap,200,0.0,1.0,-6.096793174743652,-0.8983498215675354,23.5377254486084,80.3337631225586
B,0,-2,helix,200,0.625,0.20499999821186066,-1.8517472743988037,-3.4928579330444336,1.6170064189537174,4.1986260414123535
B,0,-2,only_T2,200,0.0,1.0,-4.96368408203125,-0.848829984664917,0.0,4.1986260414123535
B,0,-2,only_T5,200,0.375,0.41999998688697815,-2.907729387283325,-2.3831982612609863,1.3510704999647873,4.1986260414123535
B,0,-2,only_T10,200,0.03999999910593033,0.8299999833106995,-4.4148383140563965,-1.266418695449829,0.8590695413128853,4.1986260414123535
B,0,-2,only_T100,200,0.004999999888241291,0.9799999594688416,-4.921783924102783,-0.8645431399345398,0.20395771882098146,4.1986260414123535
B,0,-2,only_lin,200,0.0,0.98499995470047,-4.961801052093506,-0.8771275281906128,0.10969559286532847,4.1986260414123535
B,0,-2,random_orth,200,0.004999999888241291,0.9749999642372131,-4.958374977111816,-0.8745955228805542,1.6170064189537174,4.1986260414123535
B,0,-2,real_diff_in_helix_subspace,200,0.5699999928474426,0.23999999463558197,-2.088636636734009,-3.4097390174865723,1.630405101732607,4.1986260414123535
B,0,-2,full_swap,200,0.9300000071525574,0.0,-0.9594229459762573,-5.311319351196289,4.013425350189209,4.1986260414123535
B,1,-2,helix,200,0.6349999904632568,0.20499999821186066,-1.828061819076538,-3.540432929992676,1.6306831098163403,4.766962051391602
B,1,-2,only_T2,200,0.0,1.0,-4.96368408203125,-0.848829984664917,0.0,4.766962051391602
B,1,-2,only_T5,200,0.3799999952316284,0.4050000011920929,-2.8834896087646484,-2.4117047786712646,1.3653796794652278,4.766962051391602
B,1,-2,only_T10,200,0.03999999910593033,0.8299999833106995,-4.403453826904297,-1.276357889175415,0.858918686412494,4.766962051391602
B,1,-2,only_T100,200,0.004999999888241291,0.9799999594688416,-4.916871070861816,-0.8647933602333069,0.20911875066160468,4.766962051391602
B,1,-2,only_lin,200,0.0,0.9899999499320984,-4.960142612457275,-0.8756304979324341,0.11758123962616697,4.766962051391602
B,1,-2,random_orth,200,0.004999999888241291,0.9899999499320984,-4.9398298263549805,-0.8732249140739441,1.6306831098163403,4.766962051391602
B,1,-2,real_diff_in_helix_subspace,200,0.5799999833106995,0.23499999940395355,-2.036872625350952,-3.451150417327881,1.648924821142131,4.766962051391602
B,1,-2,full_swap,200,0.9249999523162842,0.0,-0.9549700617790222,-5.31120491027832,3.9982433319091797,4.766962051391602
B,2,-2,helix,200,0.6649999618530273,0.17999999225139618,-1.7805413007736206,-3.586690664291382,1.7122108483645058,5.475662708282471
B,2,-2,only_T2,200,0.0,1.0,-4.96368408203125,-0.848829984664917,0.0,5.475662708282471
B,2,-2,only_T5,200,0.38999998569488525,0.38499999046325684,-2.853424072265625,-2.4332408905029297,1.4290601368207758,5.475662708282471
B,2,-2,only_T10,200,0.03999999910593033,0.8349999785423279,-4.386784553527832,-1.2909377813339233,0.9048223571980455,5.475662708282471
B,2,-2,only_T100,200,0.004999999888241291,0.9799999594688416,-4.9151716232299805,-0.8671589493751526,0.22342140641776262,5.475662708282471
B,2,-2,only_lin,200,0.0,0.98499995470047,-4.961057186126709,-0.8759482502937317,0.12867015340944088,5.475662708282471
B,2,-2,random_orth,200,0.004999999888241291,0.98499995470047,-4.951424598693848,-0.8971274495124817,1.7122108483645058,5.475662708282471
B,2,-2,real_diff_in_helix_subspace,200,0.5999999642372131,0.22999998927116394,-1.9753693342208862,-3.4973132610321045,1.7471048558223965,5.475662708282471
B,2,-2,full_swap,200,0.9199999570846558,0.0,-0.9547417759895325,-5.318892478942871,4.189055442810059,5.475662708282471
B,3,-2,helix,200,0.6549999713897705,0.17499999701976776,-1.71308434009552,-3.64729380607605,1.9054432439392515,6.426304340362549
B,3,-2,only_T2,200,0.0,1.0,-4.96368408203125,-0.848829984664917,0.0,6.426304340362549
B,3,-2,only_T5,200,0.38999998569488525,0.38499999046325684,-2.8319356441497803,-2.4642510414123535,1.5727132040552425,6.426304340362549
B,3,-2,only_T10,200,0.03999999910593033,0.8299999833106995,-4.362201690673828,-1.3037585020065308,1.0294347599337677,6.426304340362549
B,3,-2,only_T100,200,0.004999999888241291,0.9749999642372131,-4.9111223220825195,-0.8713690042495728,0.24455969366734073,6.426304340362549
B,3,-2,only_lin,200,0.0,0.98499995470047,-4.963061332702637,-0.8696775436401367,0.1449296514340374,6.426304340362549
B,3,-2,random_orth,200,0.004999999888241291,0.9749999642372131,-4.994484901428223,-0.8770158290863037,1.9054432439392515,6.426304340362549
B,3,-2,real_diff_in_helix_subspace,200,0.5999999642372131,0.2199999988079071,-1.8897944688796997,-3.565103769302368,1.9617680346143647,6.426304340362549
B,3,-2,full_swap,200,0.9249999523162842,0.0,-0.9520683884620667,-5.318348407745361,4.480348587036133,6.426304340362549
B,4,-2,helix,200,0.675000011920929,0.17000000178813934,-1.6949774026870728,-3.658510684967041,2.0341104566235275,7.49287223815918
B,4,-2,only_T2,200,0.0,1.0,-4.96368408203125,-0.848829984664917,0.0,7.49287223815918
B,4,-2,only_T5,200,0.375,0.4050000011920929,-2.824742317199707,-2.465471029281616,1.6750644292476011,7.49287223815918
B,4,-2,only_T10,200,0.03500000014901161,0.8199999928474426,-4.352736949920654,-1.3125776052474976,1.1014240870261427,7.49287223815918
B,4,-2,only_T100,200,0.004999999888241291,0.9749999642372131,-4.916163444519043,-0.8706384301185608,0.26735542062616885,7.49287223815918
B,4,-2,only_lin,200,0.0,0.98499995470047,-4.9615397453308105,-0.8719573616981506,0.1607972986407794,7.49287223815918
B,4,-2,random_orth,200,0.009999999776482582,0.9749999642372131,-4.95488166809082,-0.8767076730728149,2.0341104566235275,7.49287223815918
B,4,-2,real_diff_in_helix_subspace,200,0.6049999594688416,0.22499999403953552,-1.8554831743240356,-3.5728814601898193,2.1161477883708106,7.49287223815918
B,4,-2,full_swap,200,0.9300000071525574,0.0,-0.9510155916213989,-5.3072428703308105,4.864029407501221,7.49287223815918
B,5,-2,helix,200,0.6850000023841858,0.14999999105930328,-1.6619775295257568,-3.6901872158050537,2.228604166375568,8.444665908813477
B,5,-2,only_T2,200,0.0,1.0,-4.96368408203125,-0.848829984664917,0.0,8.444665908813477
B,5,-2,only_T5,200,0.3799999952316284,0.39499998092651367,-2.8066790103912354,-2.4818530082702637,1.8259221342703054,8.444665908813477
B,5,-2,only_T10,200,0.03500000014901161,0.8149999976158142,-4.339363098144531,-1.3321325778961182,1.2181438502491335,8.444665908813477
B,5,-2,only_T100,200,0.004999999888241291,0.9749999642372131,-4.913827896118164,-0.8693342208862305,0.29426693257523706,8.444665908813477
B,5,-2,only_lin,200,0.0,0.9899999499320984,-4.956592082977295,-0.8732259273529053,0.17724547167212293,8.444665908813477
B,5,-2,random_orth,200,0.0,0.98499995470047,-4.950165271759033,-0.860417902469635,2.228604166375568,8.444665908813477
B,5,-2,real_diff_in_helix_subspace,200,0.5899999737739563,0.2199999988079071,-1.8457882404327393,-3.618435859680176,2.348533914574704,8.444665908813477
B,5,-2,full_swap,200,0.9249999523162842,0.0,-0.9503836035728455,-5.318875789642334,5.390665054321289,8.444665908813477
B,6,-2,helix,200,0.6850000023841858,0.1599999964237213,-1.6544572114944458,-3.7080161571502686,2.4410056898868358,9.89747428894043
B,6,-2,only_T2,200,0.0,1.0,-4.96368408203125,-0.848829984664917,0.0,9.89747428894043
B,6,-2,only_T5,200,0.3799999952316284,0.38999998569488525,-2.795926094055176,-2.495882272720337,2.0022954331735052,9.89747428894043
B,6,-2,only_T10,200,0.03999999910593033,0.8100000023841858,-4.337538242340088,-1.3442949056625366,1.326075103520788,9.89747428894043
B,6,-2,only_T100,200,0.004999999888241291,0.9749999642372131,-4.914434909820557,-0.8711996078491211,0.32271935268898777,9.89747428894043
B,6,-2,only_lin,200,0.0,0.98499995470047,-4.958873271942139,-0.8723127841949463,0.19988076440799254,9.89747428894043
B,6,-2,random_orth,200,0.004999999888241291,0.9799999594688416,-4.963264465332031,-0.858435332775116,2.441005689886836,9.89747428894043
B,6,-2,real_diff_in_helix_subspace,200,0.5949999690055847,0.20499999821186066,-1.848443865776062,-3.7044014930725098,2.6394688383047775,9.89747428894043
B,6,-2,full_swap,200,0.9249999523162842,0.0,-0.9482262134552002,-5.327382564544678,5.93953800201416,9.89747428894043
B,7,-2,helix,200,0.6949999928474426,0.1599999964237213,-1.647676706314087,-3.7235119342803955,2.5225203451662086,10.622405052185059
B,7,-2,only_T2,200,0.0,1.0,-4.96368408203125,-0.848829984664917,0.0,10.622405052185059
B,7,-2,only_T5,200,0.38499999046325684,0.38999998569488525,-2.7864935398101807,-2.5055758953094482,2.0576966589086494,10.622405052185059
B,7,-2,only_T10,200,0.03999999910593033,0.8149999976158142,-4.3281989097595215,-1.3512649536132812,1.3856018279015772,10.622405052185059
B,7,-2,only_T100,200,0.004999999888241291,0.9649999737739563,-4.917841911315918,-0.8704061508178711,0.33810772919181104,10.622405052185059
B,7,-2,only_lin,200,0.0,0.98499995470047,-4.96012020111084,-0.8748202323913574,0.20720242660990254,10.622405052185059
B,7,-2,random_orth,200,0.004999999888241291,0.9799999594688416,-4.960521221160889,-0.8666691184043884,2.5225203451662086,10.622405052185059
B,7,-2,real_diff_in_helix_subspace,200,0.6200000047683716,0.1850000023841858,-1.8693746328353882,-3.721165657043457,2.75245206288016,10.622405052185059
B,7,-2,full_swap,200,0.9249999523162842,0.0,-0.9388521909713745,-5.335875034332275,6.159080982208252,10.622405052185059
B,8,-2,helix,200,0.6800000071525574,0.1550000011920929,-1.6487958431243896,-3.7359800338745117,2.646236509711974,12.061443328857422
B,8,-2,only_T2,200,0.0,1.0,-4.96368408203125,-0.848829984664917,0.0,12.061443328857422
B,8,-2,only_T5,200,0.3799999952316284,0.3799999952316284,-2.7786667346954346,-2.520660400390625,2.1385512529399278,12.061443328857422
B,8,-2,only_T10,200,0.03999999910593033,0.8100000023841858,-4.328816890716553,-1.352817177772522,1.4862450465387298,12.061443328857422
B,8,-2,only_T100,200,0.004999999888241291,0.9699999690055847,-4.918726444244385,-0.8653921484947205,0.3503875187308576,12.061443328857422
B,8,-2,only_lin,200,0.0,0.98499995470047,-4.954086780548096,-0.8741251826286316,0.21725803164315452,12.061443328857422
B,8,-2,random_orth,200,0.004999999888241291,0.9699999690055847,-4.948450088500977,-0.8752807378768921,2.646236509711974,12.061443328857422
B,8,-2,real_diff_in_helix_subspace,200,0.6049999594688416,0.1899999976158142,-1.9318917989730835,-3.7534430027008057,2.954322371736639,12.061443328857422
B,8,-2,full_swap,200,0.9350000023841858,0.0,-0.9343520998954773,-5.335092544555664,6.485039710998535,12.061443328857422
B,9,-2,helix,200,0.6649999618530273,0.1599999964237213,-1.6485228538513184,-3.7519264221191406,2.6605023130915315,12.985185623168945
B,9,-2,only_T2,200,0.0,1.0,-4.96368408203125,-0.848829984664917,0.0,12.985185623168945
B,9,-2,only_T5,200,0.3799999952316284,0.38499999046325684,-2.7729103565216064,-2.533703327178955,2.1427453277737296,12.985185623168945
B,9,-2,only_T10,200,0.03999999910593033,0.8149999976158142,-4.328636169433594,-1.3610308170318604,1.5024891028295295,12.985185623168945
B,9,-2,only_T100,200,0.004999999888241291,0.9599999785423279,-4.91689395904541,-0.8669652938842773,0.3527101865271176,12.985185623168945
B,9,-2,only_lin,200,0.0,0.98499995470047,-4.952448844909668,-0.878162682056427,0.21836230182355876,12.985185623168945
B,9,-2,random_orth,200,0.004999999888241291,0.9699999690055847,-4.94447660446167,-0.8862031102180481,2.6605023130915315,12.985185623168945
B,9,-2,real_diff_in_helix_subspace,200,0.6049999594688416,0.16499999165534973,-2.004028081893921,-3.8108153343200684,3.0412809225842885,12.985185623168945
B,9,-2,full_swap,200,0.9350000023841858,0.0,-0.935689389705658,-5.335568904876709,6.647907257080078,12.985185623168945
B,10,-2,helix,200,0.6949999928474426,0.14999999105930328,-1.6023516654968262,-3.7993721961975098,2.7694914312036825,13.416830062866211
B,10,-2,only_T2,200,0.0,1.0,-4.96368408203125,-0.848829984664917,0.0,13.416830062866211
B,10,-2,only_T5,200,0.38499999046325684,0.3700000047683716,-2.733726739883423,-2.567275285720825,2.2293942099816495,13.416830062866211
B,10,-2,only_T10,200,0.03999999910593033,0.7999999523162842,-4.3255510330200195,-1.3755722045898438,1.5714688022018348,13.416830062866211
B,10,-2,only_T100,200,0.004999999888241291,0.9699999690055847,-4.91578483581543,-0.8664174675941467,0.3531050488324755,13.416830062866211
B,10,-2,only_lin,200,0.0,0.9799999594688416,-4.9544806480407715,-0.8775442242622375,0.22115949700084378,13.416830062866211
B,10,-2,random_orth,200,0.0,0.98499995470047,-4.962588310241699,-0.8582406640052795,2.7694914312036825,13.416830062866211
B,10,-2,real_diff_in_helix_subspace,200,0.5949999690055847,0.1550000011920929,-2.033891201019287,-3.8717076778411865,3.195480005274534,13.416830062866211
B,10,-2,full_swap,200,0.9350000023841858,0.0,-0.93670254945755,-5.327497482299805,6.805003643035889,13.416830062866211
B,11,-2,helix,200,0.699999988079071,0.125,-1.5434436798095703,-3.8738009929656982,2.99048208747742,14.282514572143555
B,11,-2,only_T2,200,0.0,1.0,-4.96368408203125,-0.848829984664917,0.0,14.282514572143555
B,11,-2,only_T5,200,0.41499999165534973,0.3349999785423279,-2.6509621143341064,-2.6903746128082275,2.4257381295594542,14.282514572143555
B,11,-2,only_T10,200,0.03999999910593033,0.7949999570846558,-4.309482097625732,-1.4222201108932495,1.6845732830658628,14.282514572143555
B,11,-2,only_T100,200,0.004999999888241291,0.9699999690055847,-4.915281772613525,-0.8669913411140442,0.35871518669513075,14.282514572143555
B,11,-2,only_lin,200,0.0,0.9899999499320984,-4.956206321716309,-0.876765251159668,0.22452548268143832,14.282514572143555
B,11,-2,random_orth,200,0.004999999888241291,0.98499995470047,-4.972325801849365,-0.8797207474708557,2.990482087477421,14.282514572143555
B,11,-2,real_diff_in_helix_subspace,200,0.5799999833106995,0.1550000011920929,-1.9877651929855347,-3.8826446533203125,3.4486833376341828,14.282514572143555
B,11,-2,full_swap,200,0.9399999976158142,0.0,-0.920786440372467,-5.319445610046387,7.098881721496582,14.282514572143555
B,12,-2,helix,200,0.7249999642372131,0.12999999523162842,-1.5328032970428467,-3.8942711353302,3.3001271740351954,14.518396377563477
B,12,-2,only_T2,200,0.0,1.0,-4.96368408203125,-0.848829984664917,0.0,14.518396377563477
B,12,-2,only_T5,200,0.42499998211860657,0.3349999785423279,-2.605555295944214,-2.7522642612457275,2.6870401569909497,14.518396377563477
B,12,-2,only_T10,200,0.044999998062849045,0.7749999761581421,-4.268467426300049,-1.495355486869812,1.854972457957756,14.518396377563477
B,12,-2,only_T100,200,0.004999999888241291,0.9699999690055847,-4.917139053344727,-0.8655045628547668,0.3655159450042309,14.518396377563477
B,12,-2,only_lin,200,0.0,0.98499995470047,-4.956844806671143,-0.8754034042358398,0.22757479024955907,14.518396377563477
B,12,-2,random_orth,200,0.0,0.9749999642372131,-4.968752861022949,-0.8799777030944824,3.3001271740351954,14.518396377563477
B,12,-2,real_diff_in_helix_subspace,200,0.6399999856948853,0.14000000059604645,-1.8441252708435059,-3.9775211811065674,3.7010342766772393,14.518396377563477
B,12,-2,full_swap,200,0.9249999523162842,0.0,-0.9241320490837097,-5.313570022583008,7.427834987640381,14.518396377563477
B,13,-2,helix,200,0.7299999594688416,0.11999999731779099,-1.5433868169784546,-3.859898090362549,3.559303230653593,15.532392501831055
B,13,-2,only_T2,200,0.0,1.0,-4.96368408203125,-0.848829984664917,0.0,15.532392501831055
B,13,-2,only_T5,200,0.42499998211860657,0.3449999988079071,-2.629903554916382,-2.7278997898101807,2.8998345463457156,15.532392501831055
B,13,-2,only_T10,200,0.044999998062849045,0.7799999713897705,-4.263244152069092,-1.4781585931777954,2.0030641363246016,15.532392501831055
B,13,-2,only_T100,200,0.004999999888241291,0.9699999690055847,-4.91661262512207,-0.8674772381782532,0.38829224918777655,15.532392501831055
B,13,-2,only_lin,200,0.0,0.9799999594688416,-4.960246562957764,-0.8717942833900452,0.2385870442388105,15.532392501831055
B,13,-2,random_orth,200,0.004999999888241291,0.9749999642372131,-4.93821382522583,-0.8744628429412842,3.559303230653593,15.532392501831055
B,13,-2,real_diff_in_helix_subspace,200,0.6200000047683716,0.1599999964237213,-1.85198175907135,-3.8925323486328125,3.9604083381600503,15.532392501831055
B,13,-2,full_swap,200,0.9449999928474426,0.0,-0.9004086256027222,-5.27448034286499,7.7696075439453125,15.532392501831055
B,14,-2,helix,200,0.7299999594688416,0.125,-1.5420441627502441,-3.85954213142395,3.648545160825355,16.881914138793945
B,14,-2,only_T2,200,0.0,1.0,-4.96368408203125,-0.848829984664917,0.0,16.881914138793945
B,14,-2,only_T5,200,0.429999977350235,0.3400000035762787,-2.6345455646514893,-2.7378506660461426,2.963701990910248,16.881914138793945
B,14,-2,only_T10,200,0.044999998062849045,0.7849999666213989,-4.26263427734375,-1.4780158996582031,2.069700507110046,16.881914138793945
B,14,-2,only_T100,200,0.004999999888241291,0.9699999690055847,-4.918806552886963,-0.8641469478607178,0.39315228126628826,16.881914138793945
B,14,-2,only_lin,200,0.0,0.9899999499320984,-4.959410190582275,-0.8731273412704468,0.24633139536567938,16.881914138793945
B,14,-2,random_orth,200,0.0,0.9799999594688416,-4.963338375091553,-0.8746865391731262,3.648545160825355,16.881914138793945
B,14,-2,real_diff_in_helix_subspace,200,0.6200000047683716,0.1550000011920929,-1.888424277305603,-3.8739585876464844,4.109429647166527,16.881914138793945
B,14,-2,full_swap,200,0.9399999976158142,0.0,-0.8968231081962585,-5.282455921173096,7.952828407287598,16.881914138793945
B,15,-2,helix,200,0.7400000095367432,0.125,-1.5353033542633057,-3.8569419384002686,3.8707174488901495,18.33238983154297
B,15,-2,only_T2,200,0.0,1.0,-4.96368408203125,-0.848829984664917,0.0,18.33238983154297
B,15,-2,only_T5,200,0.41999998688697815,0.3349999785423279,-2.624823570251465,-2.7627737522125244,3.1481389732843046,18.33238983154297
B,15,-2,only_T10,200,0.044999998062849045,0.7799999713897705,-4.259768486022949,-1.4807482957839966,2.1833957080798005,18.33238983154297
B,15,-2,only_T100,200,0.004999999888241291,0.9699999690055847,-4.916761875152588,-0.8663927912712097,0.44266779313338467,18.33238983154297
B,15,-2,only_lin,200,0.0,0.9899999499320984,-4.960377216339111,-0.8714314103126526,0.2725530378451124,18.33238983154297
B,15,-2,random_orth,200,0.004999999888241291,0.9799999594688416,-4.9680352210998535,-0.8719656467437744,3.8707174488901495,18.33238983154297
B,15,-2,real_diff_in_helix_subspace,200,0.6049999594688416,0.1599999964237213,-1.967040777206421,-3.8594775199890137,4.414498230898062,18.33238983154297
B,15,-2,full_swap,200,0.9399999976158142,0.0,-0.899808406829834,-5.245378494262695,8.493125915527344,18.33238983154297
B,16,-2,helix,200,0.7799999713897705,0.09999999403953552,-1.368288516998291,-4.205303192138672,4.712540942359853,20.2547664642334
B,16,-2,only_T2,200,0.0,1.0,-4.96368408203125,-0.848829984664917,0.0,20.2547664642334
B,16,-2,only_T5,200,0.5049999952316284,0.19499999284744263,-2.454580068588257,-3.2555906772613525,3.8406993239356524,20.2547664642334
B,16,-2,only_T10,200,0.05999999865889549,0.6949999928474426,-4.150582790374756,-1.728587031364441,2.6489739003275736,20.2547664642334
B,16,-2,only_T100,200,0.004999999888241291,0.9699999690055847,-4.918668746948242,-0.8671087622642517,0.5319084021319582,20.2547664642334
B,16,-2,only_lin,200,0.0,0.9799999594688416,-4.963762283325195,-0.8760397434234619,0.3151397507613701,20.2547664642334
B,16,-2,random_orth,200,0.004999999888241291,0.9749999642372131,-4.970191478729248,-0.8879368901252747,4.712540942359853,20.2547664642334
B,16,-2,real_diff_in_helix_subspace,200,0.6599999666213989,0.11499999463558197,-1.7181909084320068,-4.148528575897217,5.135768139010967,20.2547664642334
B,16,-2,full_swap,200,0.9350000023841858,0.0,-0.9077027440071106,-5.246768474578857,9.913091659545898,20.2547664642334
B,17,-2,helix,200,0.7149999737739563,0.16499999165534973,-1.6045615673065186,-3.6650750637054443,4.917909722962636,22.04290008544922
B,17,-2,only_T2,200,0.0,1.0,-4.96368408203125,-0.848829984664917,0.0,22.04290008544922
B,17,-2,only_T5,200,0.41999998688697815,0.32499998807907104,-2.6678788661956787,-2.748466730117798,3.9992064568716534,22.04290008544922
B,17,-2,only_T10,200,0.04999999701976776,0.7549999952316284,-4.24200963973999,-1.5502582788467407,2.7794315540472074,22.04290008544922
B,17,-2,only_T100,200,0.004999999888241291,0.9749999642372131,-4.926529407501221,-0.8626058101654053,0.5600184721696634,22.04290008544922
B,17,-2,only_lin,200,0.0,0.98499995470047,-4.9636993408203125,-0.8692022562026978,0.3261943710616621,22.04290008544922
B,17,-2,random_orth,200,0.0,0.9899999499320984,-4.955245494842529,-0.8594425916671753,4.917909722962636,22.04290008544922
B,17,-2,real_diff_in_helix_subspace,200,0.5799999833106995,0.19499999284744263,-1.9270778894424438,-3.6222288608551025,5.326682439561758,22.04290008544922
B,17,-2,full_swap,200,0.8899999856948853,0.03500000014901161,-1.044188141822815,-4.526678562164307,10.406744003295898,22.04290008544922
B,18,-2,helix,200,0.2199999988079071,0.6649999618530273,-3.374077796936035,-1.7957439422607422,5.139837286215903,23.205350875854492
B,18,-2,only_T2,200,0.0,1.0,-4.96368408203125,-0.848829984664917,0.0,23.205350875854492
B,18,-2,only_T5,200,0.11499999463558197,0.7599999904632568,-4.014556407928467,-1.4451487064361572,4.198287302421427,23.205350875854492
B,18,-2,only_T10,200,0.019999999552965164,0.8949999809265137,-4.574732780456543,-1.1191719770431519,2.878384726925335,23.205350875854492
B,18,-2,only_T100,200,0.004999999888241291,0.98499995470047,-4.942312717437744,-0.85759037733078,0.588077076242966,23.205350875854492
B,18,-2,only_lin,200,0.0,0.9950000047683716,-4.968866348266602,-0.8500971794128418,0.34069058584939305,23.205350875854492
B,18,-2,random_orth,200,0.0,0.9799999594688416,-4.963592052459717,-0.8581146597862244,5.139837286215903,23.205350875854492
B,18,-2,real_diff_in_helix_subspace,200,0.2149999886751175,0.6549999713897705,-3.402562141418457,-1.8892751932144165,5.580779350313309,23.205350875854492
B,18,-2,full_swap,200,0.3499999940395355,0.4949999749660492,-2.808439254760742,-2.210160255432129,11.064135551452637,23.205350875854492
B,19,-2,helix,200,0.044999998062849045,0.9300000071525574,-4.356358528137207,-1.0154244899749756,5.535584998886488,25.690282821655273
B,19,-2,only_T2,200,0.0,1.0,-4.96368408203125,-0.848829984664917,0.0,25.690282821655273
B,19,-2,only_T5,200,0.03999999910593033,0.9350000023841858,-4.560055732727051,-0.954033613204956,4.542898560052831,25.690282821655273
B,19,-2,only_T10,200,0.0,0.9699999690055847,-4.806239604949951,-0.9124131798744202,3.0786747143253104,25.690282821655273
B,19,-2,only_T100,200,0.0,0.9950000047683716,-4.951476097106934,-0.8537424802780151,0.6299138288261303,25.690282821655273
B,19,-2,only_lin,200,0.0,1.0,-4.96518611907959,-0.8510773777961731,0.38184335678188736,25.690282821655273
B,19,-2,random_orth,200,0.0,0.9899999499320984,-4.977557182312012,-0.843769371509552,5.535584998886488,25.690282821655273
B,19,-2,real_diff_in_helix_subspace,200,0.04999999701976776,0.9049999713897705,-4.312841892242432,-1.0376684665679932,6.044956431700614,25.690282821655273
B,19,-2,full_swap,200,0.0949999988079071,0.8299999833106995,-3.9313485622406006,-1.1544334888458252,11.830923080444336,25.690282821655273
B,20,-2,helix,200,0.05999999865889549,0.9099999666213989,-4.325686454772949,-1.0321159362792969,5.833234787818805,26.808494567871094
B,20,-2,only_T2,200,0.0,1.0,-4.96368408203125,-0.848829984664917,0.0,26.808494567871094
B,20,-2,only_T5,200,0.044999998062849045,0.9350000023841858,-4.535643100738525,-0.9643244743347168,4.802149381306876,26.808494567871094
B,20,-2,only_T10,200,0.0,0.9699999690055847,-4.798832416534424,-0.9158873558044434,3.2183869786233608,26.808494567871094
B,20,-2,only_T100,200,0.0,0.9950000047683716,-4.952315807342529,-0.85321044921875,0.6646873148031511,26.808494567871094
B,20,-2,only_lin,200,0.0,1.0,-4.965811252593994,-0.8523669242858887,0.3981558089007013,26.808494567871094
B,20,-2,random_orth,200,0.0,0.9899999499320984,-4.966250896453857,-0.85096675157547,5.833234787818805,26.808494567871094
B,20,-2,real_diff_in_helix_subspace,200,0.05999999865889549,0.8999999761581421,-4.286081314086914,-1.0623784065246582,6.3365743209727645,26.808494567871094
B,20,-2,full_swap,200,0.10999999940395355,0.8199999928474426,-3.9046852588653564,-1.1741280555725098,12.447870254516602,26.808494567871094
B,21,-2,helix,200,0.0,0.9899999499320984,-4.914074897766113,-0.8509669899940491,6.001497118184636,28.494569778442383
B,21,-2,only_T2,200,0.0,1.0,-4.96368408203125,-0.848829984664917,0.0,28.494569778442383
B,21,-2,only_T5,200,0.0,0.98499995470047,-4.940177917480469,-0.8587948679924011,4.930826508673567,28.494569778442383
B,21,-2,only_T10,200,0.0,0.9950000047683716,-4.938920021057129,-0.8407644629478455,3.319619709911159,28.494569778442383
B,21,-2,only_T100,200,0.0,1.0,-4.961188316345215,-0.8509646654129028,0.709160410859775,28.494569778442383
B,21,-2,only_lin,200,0.0,1.0,-4.965029716491699,-0.8498696684837341,0.4204173911915114,28.494569778442383
B,21,-2,random_orth,200,0.0,1.0,-4.966273784637451,-0.8488844037055969,6.001497118184636,28.494569778442383
B,21,-2,real_diff_in_helix_subspace,200,0.0,0.98499995470047,-4.904332637786865,-0.85547935962677,6.536856159562502,28.494569778442383
B,21,-2,full_swap,200,0.0,0.9899999499320984,-4.8177385330200195,-0.8536745309829712,12.909948348999023,28.494569778442383
B,22,-2,helix,200,0.0,0.9899999499320984,-4.916147232055664,-0.8522526621818542,6.2244314673806,31.07604217529297
B,22,-2,only_T2,200,0.0,1.0,-4.96368408203125,-0.848829984664917,0.0,31.07604217529297
B,22,-2,only_T5,200,0.0,0.9899999499320984,-4.940701007843018,-0.8581551313400269,5.0992655312519695,31.07604217529297
B,22,-2,only_T10,200,0.0,0.9950000047683716,-4.939870357513428,-0.8404746055603027,3.4671269223716674,31.07604217529297
B,22,-2,only_T100,200,0.0,1.0,-4.961241245269775,-0.8504185080528259,0.7416660389946338,31.07604217529297
B,22,-2,only_lin,200,0.0,1.0,-4.964694499969482,-0.8507394790649414,0.44018563301929836,31.07604217529297
B,22,-2,random_orth,200,0.0,1.0,-4.965738296508789,-0.8522914052009583,6.2244314673806,31.07604217529297
B,22,-2,real_diff_in_helix_subspace,200,0.0,0.9899999499320984,-4.902852535247803,-0.8550052642822266,6.886848450442524,31.07604217529297
B,22,-2,full_swap,200,0.0,0.9899999499320984,-4.822415828704834,-0.8548674583435059,13.576974868774414,31.07604217529297
B,23,-2,helix,200,0.0,0.9950000047683716,-4.964519023895264,-0.8434449434280396,6.516538009313783,32.88832092285156
B,23,-2,only_T2,200,0.0,1.0,-4.96368408203125,-0.848829984664917,0.0,32.88832092285156
B,23,-2,only_T5,200,0.0,0.9899999499320984,-4.9742279052734375,-0.8484751582145691,5.3394811298206655,32.88832092285156
B,23,-2,only_T10,200,0.004999999888241291,0.9899999499320984,-4.957415580749512,-0.8463021516799927,3.626461820850028,32.88832092285156
B,23,-2,only_T100,200,0.0,1.0,-4.9636969566345215,-0.8485876321792603,0.7695808074923931,32.88832092285156
B,23,-2,only_lin,200,0.0,1.0,-4.962912082672119,-0.8468012809753418,0.4613476546903445,32.88832092285156
B,23,-2,random_orth,200,0.0,1.0,-4.968260765075684,-0.8480268716812134,6.516538009313783,32.88832092285156
B,23,-2,real_diff_in_helix_subspace,200,0.0,0.9899999499320984,-4.956282615661621,-0.8515799641609192,7.24838226104873,32.88832092285156
B,23,-2,full_swap,200,0.004999999888241291,0.9799999594688416,-4.906119346618652,-0.8474521636962891,14.311362266540527,32.88832092285156
B,24,-2,helix,200,0.0,1.0,-4.962397575378418,-0.8467332124710083,6.80730983129555,34.536407470703125
B,24,-2,only_T2,200,0.0,1.0,-4.96368408203125,-0.848829984664917,0.0,34.536407470703125
B,24,-2,only_T5,200,0.0,1.0,-4.964222431182861,-0.8490098118782043,5.590443476302919,34.536407470703125
B,24,-2,only_T10,200,0.0,1.0,-4.961146354675293,-0.8480569124221802,3.771427632519958,34.536407470703125
B,24,-2,only_T100,200,0.0,1.0,-4.964669227600098,-0.8495613932609558,0.7955079357681731,34.536407470703125
B,24,-2,only_lin,200,0.0,1.0,-4.9640727043151855,-0.8472854495048523,0.4783062584464388,34.536407470703125
B,24,-2,random_orth,200,0.0,1.0,-4.968176364898682,-0.846872091293335,6.80730983129555,34.536407470703125
B,24,-2,real_diff_in_helix_subspace,200,0.0,1.0,-4.9607391357421875,-0.8476901650428772,7.626650962111958,34.536407470703125
B,24,-2,full_swap,200,0.0,1.0,-4.938117504119873,-0.8456412553787231,15.036972999572754,34.536407470703125
B,25,-2,helix,200,0.0,1.0,-4.962141513824463,-0.8464189171791077,7.068923763854961,37.13570785522461
B,25,-2,only_T2,200,0.0,1.0,-4.96368408203125,-0.848829984664917,0.0,37.13570785522461
B,25,-2,only_T5,200,0.0,0.9950000047683716,-4.962619781494141,-0.8494284749031067,5.807097113869916,37.13570785522461
B,25,-2,only_T10,200,0.0,1.0,-4.9626994132995605,-0.8469923138618469,3.9112228305101353,37.13570785522461
B,25,-2,only_T100,200,0.0,1.0,-4.963748931884766,-0.8487006425857544,0.8260848273059384,37.13570785522461
B,25,-2,only_lin,200,0.0,1.0,-4.965546607971191,-0.8479953408241272,0.4990237929183944,37.13570785522461
B,25,-2,random_orth,200,0.0,1.0,-4.964659690856934,-0.850167989730835,7.068923763854961,37.13570785522461
B,25,-2,real_diff_in_helix_subspace,200,0.0,0.9950000047683716,-4.959735870361328,-0.8473290801048279,7.953005865181908,37.13570785522461
B,25,-2,full_swap,200,0.0,1.0,-4.943119525909424,-0.8459998965263367,15.797624588012695,37.13570785522461
B,26,-2,helix,200,0.0,1.0,-4.961137771606445,-0.8492022752761841,7.307212285457235,39.12727355957031
B,26,-2,only_T2,200,0.0,1.0,-4.96368408203125,-0.848829984664917,0.0,39.12727355957031
B,26,-2,only_T5,200,0.0,0.9950000047683716,-4.9617156982421875,-0.8512362241744995,5.997046362125874,39.12727355957031
B,26,-2,only_T10,200,0.0,1.0,-4.961608409881592,-0.848077654838562,4.053735606775448,39.12727355957031
B,26,-2,only_T100,200,0.0,1.0,-4.963988780975342,-0.8492222428321838,0.8481153373447092,39.12727355957031
B,26,-2,only_lin,200,0.0,1.0,-4.96532678604126,-0.8481451272964478,0.5162548470659546,39.12727355957031
B,26,-2,random_orth,200,0.0,1.0,-4.966188430786133,-0.8514988422393799,7.307212285457235,39.12727355957031
B,26,-2,real_diff_in_helix_subspace,200,0.0,1.0,-4.960131645202637,-0.8493661284446716,8.312797827485912,39.12727355957031
B,26,-2,full_swap,200,0.0,1.0,-4.9495015144348145,-0.8523874282836914,16.447267532348633,39.12727355957031
B,27,-2,helix,200,0.0,1.0,-4.962878704071045,-0.8487563133239746,7.54822861273001,41.7038688659668
B,27,-2,only_T2,200,0.0,1.0,-4.96368408203125,-0.848829984664917,0.0,41.7038688659668
B,27,-2,only_T5,200,0.0,1.0,-4.962594032287598,-0.8499847054481506,6.184660577607997,41.7038688659668
B,27,-2,only_T10,200,0.0,1.0,-4.962395668029785,-0.8481176495552063,4.20732331551648,41.7038688659668
B,27,-2,only_T100,200,0.0,1.0,-4.963913440704346,-0.8496119379997253,0.8762047721844576,41.7038688659668
B,27,-2,only_lin,200,0.0,1.0,-4.965326309204102,-0.8482451438903809,0.53452412958512,41.7038688659668
B,27,-2,random_orth,200,0.0,1.0,-4.965087413787842,-0.8500440716743469,7.54822861273001,41.7038688659668
B,27,-2,real_diff_in_helix_subspace,200,0.0,1.0,-4.961620330810547,-0.8493949770927429,8.68685090333885,41.7038688659668
B,27,-2,full_swap,200,0.0,1.0,-4.952236652374268,-0.8511636257171631,17.122032165527344,41.7038688659668
B,28,-2,helix,200,0.0,1.0,-4.963151931762695,-0.8488103151321411,7.795326570503834,44.551002502441406
B,28,-2,only_T2,200,0.0,1.0,-4.96368408203125,-0.848829984664917,0.0,44.551002502441406
B,28,-2,only_T5,200,0.0,1.0,-4.962306022644043,-0.8510765433311462,6.376993140836541,44.551002502441406
B,28,-2,only_T10,200,0.0,1.0,-4.963135242462158,-0.8480876088142395,4.367449558103239,44.551002502441406
B,28,-2,only_T100,200,0.0,1.0,-4.964539527893066,-0.8493443131446838,0.899523654192018,44.551002502441406
B,28,-2,only_lin,200,0.0,1.0,-4.962899208068848,-0.8487365245819092,0.5483699960244905,44.551002502441406
B,28,-2,random_orth,200,0.0,1.0,-4.966239929199219,-0.8490893244743347,7.795326570503835,44.551002502441406
B,28,-2,real_diff_in_helix_subspace,200,0.0,1.0,-4.9615092277526855,-0.8500407338142395,9.074874225428122,44.551002502441406
B,28,-2,full_swap,200,0.0,1.0,-4.952935695648193,-0.8511888980865479,17.87415313720703,44.551002502441406
B,29,-2,helix,200,0.0,1.0,-4.962480545043945,-0.8508422374725342,8.03434171167909,47.87599563598633
B,29,-2,only_T2,200,0.0,1.0,-4.96368408203125,-0.848829984664917,0.0,47.87599563598633
B,29,-2,only_T5,200,0.0,1.0,-4.961728096008301,-0.850723385810852,6.545860162678573,47.87599563598633
B,29,-2,only_T10,200,0.0,1.0,-4.9636335372924805,-0.8488991856575012,4.547009208569352,47.87599563598633
B,29,-2,only_T100,200,0.0,1.0,-4.964168071746826,-0.8491857051849365,0.925396851154429,47.87599563598633
B,29,-2,only_lin,200,0.0,1.0,-4.964785575866699,-0.8492953181266785,0.5690814126097243,47.87599563598633
B,29,-2,random_orth,200,0.0,1.0,-4.9640350341796875,-0.8494459390640259,8.03434171167909,47.87599563598633
B,29,-2,real_diff_in_helix_subspace,200,0.0,1.0,-4.962493896484375,-0.8502894639968872,9.510716636914019,47.87599563598633
B,29,-2,full_swap,200,0.0,1.0,-4.954751968383789,-0.8525593876838684,18.7041072845459,47.87599563598633
B,30,-2,helix,200,0.0,1.0,-4.963313579559326,-0.8490374684333801,8.392159083144227,60.30034255981445
B,30,-2,only_T2,200,0.0,1.0,-4.96368408203125,-0.848829984664917,0.0,60.30034255981445
B,30,-2,only_T5,200,0.0,1.0,-4.9632673263549805,-0.8497707843780518,6.789158630401163,60.30034255981445
B,30,-2,only_T10,200,0.0,1.0,-4.9632697105407715,-0.8486570715904236,4.839012853191429,60.30034255981445
B,30,-2,only_T100,200,0.0,1.0,-4.964151382446289,-0.8488729596138,0.9545106175351961,60.30034255981445
B,30,-2,only_lin,200,0.0,1.0,-4.964427471160889,-0.8487165570259094,0.59499387629507,60.30034255981445
B,30,-2,random_orth,200,0.0,1.0,-4.965288162231445,-0.8491722941398621,8.392159083144229,60.30034255981445
B,30,-2,real_diff_in_helix_subspace,200,0.0,1.0,-4.962924003601074,-0.8490020632743835,10.25372327753035,60.30034255981445
B,30,-2,full_swap,200,0.0,1.0,-4.958591938018799,-0.8507630825042725,19.97693634033203,60.30034255981445
B,31,-2,helix,200,0.0,1.0,-4.96368408203125,-0.848829984664917,8.906334457622542,80.34677124023438
B,31,-2,only_T2,200,0.0,1.0,-4.96368408203125,-0.848829984664917,0.0,80.34677124023438
B,31,-2,only_T5,200,0.0,1.0,-4.96368408203125,-0.848829984664917,7.182209277842771,80.34677124023438
B,31,-2,only_T10,200,0.0,1.0,-4.96368408203125,-0.848829984664917,5.169473598937536,80.34677124023438
B,31,-2,only_T100,200,0.0,1.0,-4.96368408203125,-0.848829984664917,1.005337497137013,80.34677124023438
B,31,-2,only_lin,200,0.0,1.0,-4.96368408203125,-0.848829984664917,0.6364422834914623,80.34677124023438
B,31,-2,random_orth,200,0.0,1.0,-4.96368408203125,-0.848829984664917,8.906334457622542,80.34677124023438
B,31,-2,real_diff_in_helix_subspace,200,0.0,1.0,-4.96368408203125,-0.848829984664917,11.204717822435839,80.34677124023438
B,31,-2,full_swap,200,0.0,1.0,-4.96368408203125,-0.848829984664917,21.588598251342773,80.34677124023438
B,0,-1,helix,200,0.73499995470047,0.09999999403953552,-1.6385657787322998,-3.2905941009521484,1.4190685208034546,4.099635601043701
B,0,-1,only_T2,200,0.3149999976158142,0.4050000011920929,-2.6165034770965576,-2.120732307434082,1.0619493668470008,4.099635601043701
B,0,-1,only_T5,200,0.009999999776482582,0.85999995470047,-3.8204948902130127,-1.2263352870941162,0.8264853573043933,4.099635601043701
B,0,-1,only_T10,200,0.004999999888241291,0.9699999690055847,-4.181506156921387,-0.8798457980155945,0.4517092955689545,4.099635601043701
B,0,-1,only_T100,200,0.0,0.98499995470047,-4.313614845275879,-0.8322675228118896,0.10153499529198783,4.099635601043701
B,0,-1,only_lin,200,0.0,0.9899999499320984,-4.30922794342041,-0.8227705359458923,0.05484779643266423,4.099635601043701
B,0,-1,random_orth,200,0.0,0.9749999642372131,-4.323426246643066,-0.8712800145149231,1.4190685208034546,4.099635601043701
B,0,-1,real_diff_in_helix_subspace,200,0.625,0.2149999886751175,-1.9323692321777344,-3.145115375518799,1.41606353691474,4.099635601043701
B,0,-1,full_swap,200,0.9199999570846558,0.004999999888241291,-0.9736719131469727,-4.518478870391846,3.687094211578369,4.099635601043701
B,1,-1,helix,200,0.7400000095367432,0.0949999988079071,-1.612824559211731,-3.3194594383239746,1.4335626264188965,4.689619541168213
B,1,-1,only_T2,200,0.3149999976158142,0.3999999761581421,-2.60453200340271,-2.145923614501953,1.0755209923989688,4.689619541168213
B,1,-1,only_T5,200,0.009999999776482582,0.8499999642372131,-3.815995931625366,-1.2340329885482788,0.8342104148478235,4.689619541168213
B,1,-1,only_T10,200,0.004999999888241291,0.9699999690055847,-4.1804986000061035,-0.8814839124679565,0.45163087871882124,4.689619541168213
B,1,-1,only_T100,200,0.0,0.9899999499320984,-4.31045389175415,-0.8304423093795776,0.10439973123421042,4.689619541168213
B,1,-1,only_lin,200,0.0,0.9899999499320984,-4.308717250823975,-0.8223632574081421,0.058790619813083485,4.689619541168213
B,1,-1,random_orth,200,0.0,0.9799999594688416,-4.325921058654785,-0.8449786901473999,1.4335626264188963,4.689619541168213
B,1,-1,real_diff_in_helix_subspace,200,0.6449999809265137,0.1899999976158142,-1.879257321357727,-3.19468092918396,1.4388489889001657,4.689619541168213
B,1,-1,full_swap,200,0.9199999570846558,0.004999999888241291,-0.9731258749961853,-4.519719123840332,3.6662425994873047,4.689619541168213
B,2,-1,helix,200,0.7549999952316284,0.07499999552965164,-1.5717618465423584,-3.360985279083252,1.5117087294835796,5.424776554107666
B,2,-1,only_T2,200,0.32999998331069946,0.3700000047683716,-2.5756444931030273,-2.1676416397094727,1.1382421139105765,5.424776554107666
B,2,-1,only_T5,200,0.014999999664723873,0.8399999737739563,-3.8109376430511475,-1.2468128204345703,0.8733259559771867,5.424776554107666
B,2,-1,only_T10,200,0.004999999888241291,0.9699999690055847,-4.174020290374756,-0.8800978660583496,0.47580027975139233,5.424776554107666
B,2,-1,only_T100,200,0.0,0.9899999499320984,-4.309803485870361,-0.8270727396011353,0.11177336402059072,5.424776554107666
B,2,-1,only_lin,200,0.0,0.9899999499320984,-4.311304092407227,-0.8207094669342041,0.06433507670472044,5.424776554107666
B,2,-1,random_orth,200,0.0,0.98499995470047,-4.3006134033203125,-0.8195125460624695,1.5117087294835791,5.424776554107666
B,2,-1,real_diff_in_helix_subspace,200,0.6699999570846558,0.16499999165534973,-1.786318063735962,-3.2607860565185547,1.5340185863374811,5.424776554107666
B,2,-1,full_swap,200,0.9149999618530273,0.004999999888241291,-0.9798925518989563,-4.528604507446289,3.8412256240844727,5.424776554107666
B,3,-1,helix,200,0.7549999952316284,0.0949999988079071,-1.572697401046753,-3.3405706882476807,1.7407162630086548,6.378349781036377
B,3,-1,only_T2,200,0.32499998807907104,0.3999999761581421,-2.580178737640381,-2.139349937438965,1.3475984062334734,6.378349781036377
B,3,-1,only_T5,200,0.014999999664723873,0.8349999785423279,-3.798130989074707,-1.2550201416015625,0.9577962005437181,6.378349781036377
B,3,-1,only_T10,200,0.004999999888241291,0.9549999833106995,-4.170123100280762,-0.8887882828712463,0.5416043316282841,6.378349781036377
B,3,-1,only_T100,200,0.0,0.98499995470047,-4.313690185546875,-0.8322486877441406,0.12243560598296518,6.378349781036377
B,3,-1,only_lin,200,0.0,0.9899999499320984,-4.31217098236084,-0.8224978446960449,0.07246482571701869,6.378349781036377
B,3,-1,random_orth,200,0.0,0.9799999594688416,-4.321930885314941,-0.8342199325561523,1.7407162630086552,6.378349781036377
B,3,-1,real_diff_in_helix_subspace,200,0.7049999833106995,0.13499999046325684,-1.7162538766860962,-3.3207807540893555,1.7887539825880754,6.378349781036377
B,3,-1,full_swap,200,0.9199999570846558,0.004999999888241291,-0.976582944393158,-4.524715423583984,4.125110626220703,6.378349781036377
B,4,-1,helix,200,0.7400000095367432,0.09999999403953552,-1.5625852346420288,-3.3503692150115967,1.8443168633212053,7.464959144592285
B,4,-1,only_T2,200,0.32999998331069946,0.38999998569488525,-2.5695695877075195,-2.148716449737549,1.4222603215168896,7.464959144592285
B,4,-1,only_T5,200,0.014999999664723873,0.8299999833106995,-3.7974984645843506,-1.2534769773483276,1.01913299222297,7.464959144592285
B,4,-1,only_T10,200,0.004999999888241291,0.9549999833106995,-4.161408424377441,-0.8906686902046204,0.5797101885483262,7.464959144592285
B,4,-1,only_T100,200,0.0,0.9899999499320984,-4.311883449554443,-0.8356313109397888,0.13383318592570245,7.464959144592285
B,4,-1,only_lin,200,0.0,0.9899999499320984,-4.309896469116211,-0.8208487033843994,0.0803986493203897,7.464959144592285
B,4,-1,random_orth,200,0.0,0.9950000047683716,-4.307703971862793,-0.8120267987251282,1.8443168633212053,7.464959144592285
B,4,-1,real_diff_in_helix_subspace,200,0.7099999785423279,0.13499999046325684,-1.7182519435882568,-3.345850944519043,1.914423904143266,7.464959144592285
B,4,-1,full_swap,200,0.9199999570846558,0.004999999888241291,-0.9798949956893921,-4.525119304656982,4.465330123901367,7.464959144592285
B,5,-1,helix,200,0.7549999952316284,0.0949999988079071,-1.5484294891357422,-3.379488468170166,2.002598617265045,8.394950866699219
B,5,-1,only_T2,200,0.3349999785423279,0.38499999046325684,-2.5509068965911865,-2.177438259124756,1.5409735453014366,8.394950866699219
B,5,-1,only_T5,200,0.014999999664723873,0.8349999785423279,-3.7834620475769043,-1.2633777856826782,1.1108465634162297,8.394950866699219
B,5,-1,only_T10,200,0.004999999888241291,0.9549999833106995,-4.1570234298706055,-0.8955776691436768,0.641704157243894,8.394950866699219
B,5,-1,only_T100,200,0.0,0.9899999499320984,-4.313048839569092,-0.8344184160232544,0.14739468539400288,8.394950866699219
B,5,-1,only_lin,200,0.0,0.9899999499320984,-4.31119966506958,-0.8211947679519653,0.08862273583606146,8.394950866699219
B,5,-1,random_orth,200,0.0,0.9899999499320984,-4.313905715942383,-0.8266021609306335,2.002598617265045,8.394950866699219
B,5,-1,real_diff_in_helix_subspace,200,0.6949999928474426,0.11999999731779099,-1.7379238605499268,-3.367497444152832,2.0940303493649894,8.394950866699219
B,5,-1,full_swap,200,0.9199999570846558,0.004999999888241291,-0.9849165678024292,-4.528763771057129,4.912514686584473,8.394950866699219
B,6,-1,helix,200,0.7649999856948853,0.08500000089406967,-1.542983055114746,-3.4119133949279785,2.2143053249926465,9.855794906616211
B,6,-1,only_T2,200,0.32999998331069946,0.35999998450279236,-2.5368728637695312,-2.197896718978882,1.7147728979500076,9.855794906616211
B,6,-1,only_T5,200,0.014999999664723873,0.8349999785423279,-3.787168264389038,-1.272193431854248,1.2196407101715363,9.855794906616211
B,6,-1,only_T10,200,0.004999999888241291,0.9549999833106995,-4.158507823944092,-0.8961447477340698,0.699058735926389,9.855794906616211
B,6,-1,only_T100,200,0.0,0.98499995470047,-4.308596611022949,-0.8343865871429443,0.16181309905580896,9.855794906616211
B,6,-1,only_lin,200,0.0,0.9899999499320984,-4.307961463928223,-0.8203059434890747,0.09994038220399627,9.855794906616211
B,6,-1,random_orth,200,0.0,0.9950000047683716,-4.324054718017578,-0.8227841854095459,2.2143053249926465,9.855794906616211
B,6,-1,real_diff_in_helix_subspace,200,0.6899999976158142,0.09999999403953552,-1.7813796997070312,-3.418625831604004,2.3734816531666176,9.855794906616211
B,6,-1,full_swap,200,0.9149999618530273,0.004999999888241291,-0.9838845729827881,-4.533731937408447,5.401419639587402,9.855794906616211
B,7,-1,helix,200,0.7549999952316284,0.08500000089406967,-1.537601113319397,-3.4148736000061035,2.2728319171046314,10.602021217346191
B,7,-1,only_T2,200,0.3400000035762787,0.3649999797344208,-2.5408761501312256,-2.196017026901245,1.7555572186574449,10.602021217346191
B,7,-1,only_T5,200,0.014999999664723873,0.8299999833106995,-3.783656120300293,-1.277855396270752,1.2526197338721927,10.602021217346191
B,7,-1,only_T10,200,0.004999999888241291,0.9549999833106995,-4.15106201171875,-0.8995780944824219,0.7302703098040869,10.602021217346191
B,7,-1,only_T100,200,0.0,0.9899999499320984,-4.3149189949035645,-0.8338079452514648,0.16935930239600366,10.602021217346191
B,7,-1,only_lin,200,0.0,0.9899999499320984,-4.308040142059326,-0.8194452524185181,0.10360121330495127,10.602021217346191
B,7,-1,random_orth,200,0.0,0.98499995470047,-4.297168254852295,-0.8269270062446594,2.2728319171046314,10.602021217346191
B,7,-1,real_diff_in_helix_subspace,200,0.6599999666213989,0.10999999940395355,-1.8342539072036743,-3.4313502311706543,2.46372822476784,10.602021217346191
B,7,-1,full_swap,200,0.9149999618530273,0.004999999888241291,-0.9767987132072449,-4.535510063171387,5.588479518890381,10.602021217346191
B,8,-1,helix,200,0.75,0.08500000089406967,-1.5379693508148193,-3.414414882659912,2.3671144907930666,12.044240951538086
B,8,-1,only_T2,200,0.3349999785423279,0.35999998450279236,-2.5374135971069336,-2.195331335067749,1.8243717840290303,12.044240951538086
B,8,-1,only_T5,200,0.014999999664723873,0.8199999928474426,-3.782329559326172,-1.2812085151672363,1.3014318698296115,12.044240951538086
B,8,-1,only_T10,200,0.004999999888241291,0.9549999833106995,-4.149290561676025,-0.9001469016075134,0.7826403071374153,12.044240951538086
B,8,-1,only_T100,200,0.0,0.9899999499320984,-4.314138889312744,-0.8333048820495605,0.1755690515984598,12.044240951538086
B,8,-1,only_lin,200,0.0,0.9899999499320984,-4.310331344604492,-0.8218956589698792,0.10862901582157722,12.044240951538086
B,8,-1,random_orth,200,0.0,0.98499995470047,-4.309302806854248,-0.8246505260467529,2.3671144907930666,12.044240951538086
B,8,-1,real_diff_in_helix_subspace,200,0.6200000047683716,0.10999999940395355,-1.940452218055725,-3.482682943344116,2.659698986200285,12.044240951538086
B,8,-1,full_swap,200,0.9149999618530273,0.004999999888241291,-0.976762592792511,-4.535689830780029,5.892889499664307,12.044240951538086
B,9,-1,helix,200,0.7549999952316284,0.08500000089406967,-1.544211745262146,-3.4140141010284424,2.4011178791023853,12.978580474853516
B,9,-1,only_T2,200,0.3449999988079071,0.3700000047683716,-2.534966468811035,-2.1970579624176025,1.8666063646583095,12.978580474853516
B,9,-1,only_T5,200,0.014999999664723873,0.8149999976158142,-3.7795705795288086,-1.291544795036316,1.3019631822221092,12.978580474853516
B,9,-1,only_T10,200,0.004999999888241291,0.9599999785423279,-4.150710582733154,-0.9021599888801575,0.7903461356346315,12.978580474853516
B,9,-1,only_T100,200,0.0,0.98499995470047,-4.3130364418029785,-0.8335722088813782,0.17680662628759464,12.978580474853516
B,9,-1,only_lin,200,0.0,0.9899999499320984,-4.308445930480957,-0.8220199346542358,0.10918115091177938,12.978580474853516
B,9,-1,random_orth,200,0.0,0.9799999594688416,-4.336364269256592,-0.8354236483573914,2.4011178791023857,12.978580474853516
B,9,-1,real_diff_in_helix_subspace,200,0.5699999928474426,0.10499999672174454,-2.063216209411621,-3.5618321895599365,2.79047799424149,12.978580474853516
B,9,-1,full_swap,200,0.9199999570846558,0.004999999888241291,-0.9790664315223694,-4.533744812011719,6.077934741973877,12.978580474853516
B,10,-1,helix,200,0.7749999761581421,0.07499999552965164,-1.5150359869003296,-3.448061227798462,2.4859301153395035,13.407397270202637
B,10,-1,only_T2,200,0.3700000047683716,0.35499998927116394,-2.501269578933716,-2.215735673904419,1.9269091303973196,13.407397270202637
B,10,-1,only_T5,200,0.019999999552965164,0.8050000071525574,-3.767545700073242,-1.3173997402191162,1.3543624315046572,13.407397270202637
B,10,-1,only_T10,200,0.009999999776482582,0.949999988079071,-4.145023822784424,-0.9013186693191528,0.8265775709735889,13.407397270202637
B,10,-1,only_T100,200,0.0,0.9899999499320984,-4.31419563293457,-0.833849310874939,0.17705404113003767,13.407397270202637
B,10,-1,only_lin,200,0.0,0.9899999499320984,-4.305829048156738,-0.8220107555389404,0.11057974850042189,13.407397270202637
B,10,-1,random_orth,200,0.0,0.9950000047683716,-4.289828300476074,-0.8168275952339172,2.485930115339503,13.407397270202637
B,10,-1,real_diff_in_helix_subspace,200,0.550000011920929,0.09999999403953552,-2.1640164852142334,-3.6345057487487793,2.9293369920966694,13.407397270202637
B,10,-1,full_swap,200,0.9149999618530273,0.004999999888241291,-0.9763888120651245,-4.531447410583496,6.233294486999512,13.407397270202637
B,11,-1,helix,200,0.7849999666213989,0.07000000029802322,-1.4783588647842407,-3.494938373565674,2.686047886080285,14.2640380859375
B,11,-1,only_T2,200,0.35499998927116394,0.3149999976158142,-2.456465482711792,-2.263706684112549,2.0703943545256287,14.2640380859375
B,11,-1,only_T5,200,0.009999999776482582,0.7899999618530273,-3.737528085708618,-1.3582406044006348,1.4767138677132436,14.2640380859375
B,11,-1,only_T10,200,0.009999999776482582,0.9449999928474426,-4.139713764190674,-0.922255277633667,0.8864929830362114,14.2640380859375
B,11,-1,only_T100,200,0.0,0.98499995470047,-4.312750816345215,-0.8336642980575562,0.17994408217323682,14.2640380859375
B,11,-1,only_lin,200,0.0,0.9899999499320984,-4.309797286987305,-0.8214869499206543,0.11226274134071917,14.2640380859375
B,11,-1,random_orth,200,0.0,0.9899999499320984,-4.3284592628479,-0.8211554288864136,2.686047886080285,14.2640380859375
B,11,-1,real_diff_in_helix_subspace,200,0.550000011920929,0.10999999940395355,-2.130540132522583,-3.5684847831726074,3.186576093293985,14.2640380859375
B,11,-1,full_swap,200,0.9249999523162842,0.004999999888241291,-0.9734620451927185,-4.530248165130615,6.539299488067627,14.2640380859375
B,12,-1,helix,200,0.7849999666213989,0.06499999761581421,-1.4293012619018555,-3.543701171875,2.9920178439389087,14.487046241760254
B,12,-1,only_T2,200,0.375,0.2849999964237213,-2.395900249481201,-2.3307411670684814,2.3073266883032124,14.487046241760254
B,12,-1,only_T5,200,0.014999999664723873,0.7450000047683716,-3.7298362255096436,-1.4384924173355103,1.6364772111690848,14.487046241760254
B,12,-1,only_T10,200,0.009999999776482582,0.9350000023841858,-4.132076263427734,-0.93522047996521,0.9767718921785105,14.487046241760254
B,12,-1,only_T100,200,0.0,0.98499995470047,-4.314128875732422,-0.8335650563240051,0.18319677817601426,14.487046241760254
B,12,-1,only_lin,200,0.0,0.9899999499320984,-4.308667182922363,-0.8211479187011719,0.11378739512477953,14.487046241760254
B,12,-1,random_orth,200,0.0,0.9899999499320984,-4.302724361419678,-0.8216823935508728,2.9920178439389087,14.487046241760254
B,12,-1,real_diff_in_helix_subspace,200,0.5999999642372131,0.07999999821186066,-1.9238287210464478,-3.637388229370117,3.427169764709637,14.487046241760254
B,12,-1,full_swap,200,0.9149999618530273,0.004999999888241291,-0.9767126441001892,-4.523104667663574,6.881384372711182,14.487046241760254
B,13,-1,helix,200,0.7949999570846558,0.07000000029802322,-1.415784239768982,-3.495335340499878,3.174823336897554,15.506511688232422
B,13,-1,only_T2,200,0.35999998450279236,0.29499998688697815,-2.3977105617523193,-2.3113458156585693,2.4236207539950634,15.506511688232422
B,13,-1,only_T5,200,0.02499999850988388,0.73499995470047,-3.7149784564971924,-1.4624903202056885,1.7734923931936168,15.506511688232422
B,13,-1,only_T10,200,0.009999999776482582,0.9350000023841858,-4.13118839263916,-0.9310925006866455,1.0521917209376235,15.506511688232422
B,13,-1,only_T100,200,0.0,0.98499995470047,-4.313960552215576,-0.8353500962257385,0.19480062171139012,15.506511688232422
B,13,-1,only_lin,200,0.0,0.9899999499320984,-4.308056831359863,-0.8172517418861389,0.11929352211940525,15.506511688232422
B,13,-1,random_orth,200,0.004999999888241291,0.9899999499320984,-4.311489582061768,-0.8203100562095642,3.174823336897554,15.506511688232422
B,13,-1,real_diff_in_helix_subspace,200,0.6200000047683716,0.08500000089406967,-1.889583945274353,-3.579677104949951,3.592895353373565,15.506511688232422
B,13,-1,full_swap,200,0.9199999570846558,0.004999999888241291,-0.9472344517707825,-4.487884998321533,7.1472296714782715,15.506511688232422
B,14,-1,helix,200,0.7999999523162842,0.07000000029802322,-1.4275377988815308,-3.4698293209075928,3.3134293132440416,16.872238159179688
B,14,-1,only_T2,200,0.3700000047683716,0.29499998688697815,-2.420502185821533,-2.2910025119781494,2.5643821514256784,16.872238159179688
B,14,-1,only_T5,200,0.02499999850988388,0.7299999594688416,-3.7129204273223877,-1.4629745483398438,1.8131936655113392,16.872238159179688
B,14,-1,only_T10,200,0.009999999776482582,0.9300000071525574,-4.132966995239258,-0.9316928386688232,1.0856656204027986,16.872238159179688
B,14,-1,only_T100,200,0.0,0.9899999499320984,-4.315057754516602,-0.8343983292579651,0.19737653175719422,16.872238159179688
B,14,-1,only_lin,200,0.0,0.9899999499320984,-4.308718681335449,-0.8193467259407043,0.12316569768283965,16.872238159179688
B,14,-1,random_orth,200,0.0,0.9899999499320984,-4.304712295532227,-0.8233497142791748,3.313429313244042,16.872238159179688
B,14,-1,real_diff_in_helix_subspace,200,0.6200000047683716,0.07999999821186066,-1.9408106803894043,-3.6180098056793213,3.8028640873030746,16.872238159179688
B,14,-1,full_swap,200,0.9249999523162842,0.004999999888241291,-0.9401509761810303,-4.484221935272217,7.3540215492248535,16.872238159179688
B,15,-1,helix,200,0.7999999523162842,0.07000000029802322,-1.4326074123382568,-3.4553256034851074,3.4398803156085,18.303953170776367
B,15,-1,only_T2,200,0.35499998927116394,0.3050000071525574,-2.423795223236084,-2.283160924911499,2.6266428404962197,18.303953170776367
B,15,-1,only_T5,200,0.014999999664723873,0.7199999690055847,-3.706028938293457,-1.4888619184494019,1.9243124656378552,18.303953170776367
B,15,-1,only_T10,200,0.009999999776482582,0.9300000071525574,-4.128815650939941,-0.9320597052574158,1.1447863472379858,18.303953170776367
B,15,-1,only_T100,200,0.0,0.9899999499320984,-4.3132429122924805,-0.8347078561782837,0.2233415828105526,18.303953170776367
B,15,-1,only_lin,200,0.0,0.9899999499320984,-4.310405254364014,-0.8167174458503723,0.1362765189225562,18.303953170776367
B,15,-1,random_orth,200,0.0,0.98499995470047,-4.327295780181885,-0.8266952037811279,3.4398803156085,18.303953170776367
B,15,-1,real_diff_in_helix_subspace,200,0.5849999785423279,0.0949999988079071,-1.984718680381775,-3.6225826740264893,3.987599403353521,18.303953170776367
B,15,-1,full_swap,200,0.9350000023841858,0.004999999888241291,-0.9403014779090881,-4.4656267166137695,7.775577545166016,18.303953170776367
B,16,-1,helix,200,0.8100000023841858,0.04999999701976776,-1.3485589027404785,-3.6593968868255615,4.106767942980293,20.228015899658203
B,16,-1,only_T2,200,0.429999977350235,0.20999999344348907,-2.299074649810791,-2.4698259830474854,3.0754480564877453,20.228015899658203
B,16,-1,only_T5,200,0.009999999776482582,0.6649999618530273,-3.635251998901367,-1.7648402452468872,2.3597281115332307,20.228015899658203
B,16,-1,only_T10,200,0.019999999552965164,0.8799999952316284,-4.094664096832275,-1.0058876276016235,1.3895096243117744,20.228015899658203
B,16,-1,only_T100,200,0.0,0.9799999594688416,-4.31764554977417,-0.8354024291038513,0.26692329717322955,20.228015899658203
B,16,-1,only_lin,200,0.0,0.9899999499320984,-4.307523250579834,-0.818418562412262,0.15756987538068504,20.228015899658203
B,16,-1,random_orth,200,0.0,0.9950000047683716,-4.30408239364624,-0.820652961730957,4.106767942980293,20.228015899658203
B,16,-1,real_diff_in_helix_subspace,200,0.6699999570846558,0.07499999552965164,-1.7785707712173462,-3.75264573097229,4.589867365574765,20.228015899658203
B,16,-1,full_swap,200,0.9449999928474426,0.004999999888241291,-0.9204229712486267,-4.441971778869629,9.095900535583496,20.228015899658203
B,17,-1,helix,200,0.7450000047683716,0.12999999523162842,-1.495573878288269,-3.1910481452941895,4.292135724139,21.992534637451172
B,17,-1,only_T2,200,0.35999998450279236,0.32999998331069946,-2.464980363845825,-2.2088418006896973,3.2167609855630395,21.992534637451172
B,17,-1,only_T5,200,0.019999999552965164,0.7149999737739563,-3.694672107696533,-1.5622721910476685,2.458537245795564,21.992534637451172
B,17,-1,only_T10,200,0.009999999776482582,0.9149999618530273,-4.122834205627441,-0.9604119658470154,1.4570076315875247,21.992534637451172
B,17,-1,only_T100,200,0.0,0.9899999499320984,-4.313447952270508,-0.8294987082481384,0.2807826962958177,21.992534637451172
B,17,-1,only_lin,200,0.0,0.9899999499320984,-4.306234836578369,-0.8158866167068481,0.16309718553083105,21.992534637451172
B,17,-1,random_orth,200,0.0,0.9899999499320984,-4.305990695953369,-0.8166537880897522,4.292135724139,21.992534637451172
B,17,-1,real_diff_in_helix_subspace,200,0.6200000047683716,0.14000000059604645,-1.8535350561141968,-3.3051023483276367,4.735603785992769,21.992534637451172
B,17,-1,full_swap,200,0.9300000071525574,0.014999999664723873,-0.9843754172325134,-3.9416372776031494,9.475153923034668,21.992534637451172
B,18,-1,helix,200,0.3649999797344208,0.5299999713897705,-2.552271604537964,-1.918618083000183,4.444293760493026,23.137426376342773
B,18,-1,only_T2,200,0.20999999344348907,0.6549999713897705,-3.0752663612365723,-1.581040620803833,3.3041412812367548,23.137426376342773
B,18,-1,only_T5,200,0.009999999776482582,0.8899999856948853,-4.0023112297058105,-1.0552781820297241,2.5788857874818905,23.137426376342773
B,18,-1,only_T10,200,0.009999999776482582,0.9599999785423279,-4.2205729484558105,-0.855863630771637,1.5082744132542132,23.137426376342773
B,18,-1,only_T100,200,0.0,0.9899999499320984,-4.3156962394714355,-0.824446439743042,0.2947009756791957,23.137426376342773
B,18,-1,only_lin,200,0.0,0.9899999499320984,-4.310296058654785,-0.8104392886161804,0.17034529292469658,23.137426376342773
B,18,-1,random_orth,200,0.0,0.9950000047683716,-4.3122100830078125,-0.8170115351676941,4.444293760493026,23.137426376342773
B,18,-1,real_diff_in_helix_subspace,200,0.32499998807907104,0.5,-2.6684460639953613,-2.032588243484497,4.937495524345897,23.137426376342773
B,18,-1,full_swap,200,0.47999998927116394,0.3649999797344208,-2.0251882076263428,-2.3481743335723877,10.052571296691895,23.137426376342773
B,19,-1,helix,200,0.11499999463558197,0.8349999785423279,-3.4870333671569824,-1.1130470037460327,4.746879867907796,25.639158248901367
B,19,-1,only_T2,200,0.08500000089406967,0.875,-3.770573139190674,-1.041397213935852,3.492841659299595,25.639158248901367
B,19,-1,only_T5,200,0.004999999888241291,0.9699999690055847,-4.128556251525879,-0.8638483881950378,2.7883553517561297,25.639158248901367
B,19,-1,only_T10,200,0.0,0.9950000047683716,-4.272549629211426,-0.8205859065055847,1.6169240384229517,25.639158248901367
B,19,-1,only_T100,200,0.0,0.9899999499320984,-4.312904357910156,-0.8186851143836975,0.31631919655177504,25.639158248901367
B,19,-1,only_lin,200,0.0,0.9950000047683716,-4.31129789352417,-0.8128370642662048,0.19092167839094365,25.639158248901367
B,19,-1,random_orth,200,0.0,0.9899999499320984,-4.308434009552002,-0.8077247142791748,4.746879867907796,25.639158248901367
B,19,-1,real_diff_in_helix_subspace,200,0.11499999463558197,0.8499999642372131,-3.4322831630706787,-1.1720683574676514,5.350645987788137,25.639158248901367
B,19,-1,full_swap,200,0.1550000011920929,0.7849999666213989,-3.081151247024536,-1.2643685340881348,10.733423233032227,25.639158248901367
B,20,-1,helix,200,0.11999999731779099,0.8399999737739563,-3.4525222778320312,-1.146600604057312,4.9740745186928015,26.74639892578125
B,20,-1,only_T2,200,0.0949999988079071,0.8650000095367432,-3.744905948638916,-1.0710476636886597,3.6494979966546803,26.74639892578125
B,20,-1,only_T5,200,0.004999999888241291,0.9699999690055847,-4.1194071769714355,-0.8665439486503601,2.9438137282169383,26.74639892578125
B,20,-1,only_T10,200,0.0,0.9950000047683716,-4.274072647094727,-0.8214086890220642,1.689704666762932,26.74639892578125
B,20,-1,only_T100,200,0.0,0.9950000047683716,-4.3146538734436035,-0.817429780960083,0.3338636376058841,26.74639892578125
B,20,-1,only_lin,200,0.0,0.9950000047683716,-4.312578201293945,-0.8135725259780884,0.19907790445035067,26.74639892578125
B,20,-1,random_orth,200,0.0,0.9899999499320984,-4.310369968414307,-0.8144256472587585,4.9740745186928015,26.74639892578125
B,20,-1,real_diff_in_helix_subspace,200,0.11999999731779099,0.8399999737739563,-3.4172286987304688,-1.1966018676757812,5.574360471079972,26.74639892578125
B,20,-1,full_swap,200,0.1550000011920929,0.7849999666213989,-3.0623490810394287,-1.287129521369934,11.261181831359863,26.74639892578125
B,21,-1,helix,200,0.0,1.0,-4.297806262969971,-0.8018892407417297,5.0843629875341705,28.433799743652344
B,21,-1,only_T2,200,0.0,0.9950000047683716,-4.326117992401123,-0.8064156174659729,3.718560320313001,28.433799743652344
B,21,-1,only_T5,200,0.0,1.0,-4.29408597946167,-0.8107050657272339,3.0175094108929916,28.433799743652344
B,21,-1,only_T10,200,0.0,0.9950000047683716,-4.305604934692383,-0.8077264428138733,1.742417126827221,28.433799743652344
B,21,-1,only_T100,200,0.0,0.9950000047683716,-4.314079284667969,-0.8134193420410156,0.35669919665599303,28.433799743652344
B,21,-1,only_lin,200,0.0,0.9950000047683716,-4.314497470855713,-0.8134305477142334,0.21020869559575567,28.433799743652344
B,21,-1,random_orth,200,0.0,0.9950000047683716,-4.31535005569458,-0.8122163414955139,5.0843629875341705,28.433799743652344
B,21,-1,real_diff_in_helix_subspace,200,0.0,1.0,-4.282745838165283,-0.8063573837280273,5.738434021304495,28.433799743652344
B,21,-1,full_swap,200,0.0,0.9899999499320984,-4.250148296356201,-0.8114107847213745,11.668076515197754,28.433799743652344
B,22,-1,helix,200,0.0,1.0,-4.300741672515869,-0.8026440143585205,5.251921216537203,31.030927658081055
B,22,-1,only_T2,200,0.0,0.9950000047683716,-4.329518795013428,-0.8079752326011658,3.83260804298078,31.030927658081055
B,22,-1,only_T5,200,0.0,1.0,-4.294224739074707,-0.8104022741317749,3.1200452830759478,31.030927658081055
B,22,-1,only_T10,200,0.0,0.9950000047683716,-4.305241107940674,-0.8087722659111023,1.818627999270189,31.030927658081055
B,22,-1,only_T100,200,0.0,0.9950000047683716,-4.313679218292236,-0.8128302097320557,0.37294410756829594,31.030927658081055
B,22,-1,only_lin,200,0.0,0.9950000047683716,-4.314723014831543,-0.8128211498260498,0.22009281650964918,31.030927658081055
B,22,-1,random_orth,200,0.0,0.9950000047683716,-4.318562984466553,-0.8101891875267029,5.251921216537202,31.030927658081055
B,22,-1,real_diff_in_helix_subspace,200,0.0,1.0,-4.286632537841797,-0.8075339198112488,6.077299265387325,31.030927658081055
B,22,-1,full_swap,200,0.0,0.9899999499320984,-4.255293369293213,-0.810551106929779,12.297834396362305,31.030927658081055
B,23,-1,helix,200,0.0,0.9950000047683716,-4.323909759521484,-0.8028651475906372,5.603496930589367,32.834354400634766
B,23,-1,only_T2,200,0.0,0.9950000047683716,-4.326968193054199,-0.8092188835144043,4.160864750589113,32.834354400634766
B,23,-1,only_T5,200,0.0,0.9950000047683716,-4.316906452178955,-0.8067333102226257,3.2672540208931706,32.834354400634766
B,23,-1,only_T10,200,0.0,0.9950000047683716,-4.310638904571533,-0.8119968771934509,1.9017350676331035,32.834354400634766
B,23,-1,only_T100,200,0.0,0.9950000047683716,-4.314680099487305,-0.8128837943077087,0.3871324927322262,32.834354400634766
B,23,-1,only_lin,200,0.0,0.9950000047683716,-4.313323497772217,-0.8114237785339355,0.23067382734517225,32.834354400634766
B,23,-1,random_orth,200,0.0,0.9950000047683716,-4.314329624176025,-0.8132401704788208,5.603496930589367,32.834354400634766
B,23,-1,real_diff_in_helix_subspace,200,0.0,0.9950000047683716,-4.317478179931641,-0.8063222169876099,6.503138994125091,32.834354400634766
B,23,-1,full_swap,200,0.0,0.9950000047683716,-4.287150859832764,-0.8033009171485901,13.02895736694336,32.834354400634766
B,24,-1,helix,200,0.0,0.9950000047683716,-4.309717178344727,-0.8107874989509583,5.838770828603898,34.474430084228516
B,24,-1,only_T2,200,0.0,0.9950000047683716,-4.308879852294922,-0.8122192025184631,4.328463251661632,34.474430084228516
B,24,-1,only_T5,200,0.0,0.9950000047683716,-4.313475131988525,-0.8126617074012756,3.420955071534804,34.474430084228516
B,24,-1,only_T10,200,0.0,0.9950000047683716,-4.313690185546875,-0.8131021857261658,1.977124784132479,34.474430084228516
B,24,-1,only_T100,200,0.0,0.9950000047683716,-4.313632488250732,-0.8127369284629822,0.4002380601158218,34.474430084228516
B,24,-1,only_lin,200,0.0,0.9950000047683716,-4.314114093780518,-0.8125919103622437,0.23915312922321938,34.474430084228516
B,24,-1,random_orth,200,0.0,0.9950000047683716,-4.316145420074463,-0.8123098611831665,5.838770828603898,34.474430084228516
B,24,-1,real_diff_in_helix_subspace,200,0.0,0.9950000047683716,-4.306092739105225,-0.8111112713813782,6.835936592342347,34.474430084228516
B,24,-1,full_swap,200,0.0,0.9950000047683716,-4.294795036315918,-0.8078429102897644,13.687247276306152,34.474430084228516
B,25,-1,helix,200,0.0,0.9950000047683716,-4.309031009674072,-0.8114762902259827,6.054424221397507,37.06751251220703
B,25,-1,only_T2,200,0.0,0.9950000047683716,-4.310572624206543,-0.8123703598976135,4.489165188192248,37.06751251220703
B,25,-1,only_T5,200,0.0,0.9950000047683716,-4.311470985412598,-0.8125578165054321,3.5500337228159538,37.06751251220703
B,25,-1,only_T10,200,0.0,0.9950000047683716,-4.311807155609131,-0.8130255937576294,2.0504563708475656,37.06751251220703
B,25,-1,only_T100,200,0.0,0.9950000047683716,-4.313570976257324,-0.8130096197128296,0.415551588860786,37.06751251220703
B,25,-1,only_lin,200,0.0,0.9950000047683716,-4.31381893157959,-0.8124851584434509,0.2495118964591972,37.06751251220703
B,25,-1,random_orth,200,0.0,0.9950000047683716,-4.313457012176514,-0.8147854208946228,6.054424221397507,37.06751251220703
B,25,-1,real_diff_in_helix_subspace,200,0.0,0.9950000047683716,-4.30780029296875,-0.8107534050941467,7.133914653447954,37.06751251220703
B,25,-1,full_swap,200,0.0,0.9950000047683716,-4.292716979980469,-0.808884859085083,14.369088172912598,37.06751251220703
B,26,-1,helix,200,0.0,0.9950000047683716,-4.309077262878418,-0.8132220506668091,6.258445075581139,39.03995895385742
B,26,-1,only_T2,200,0.0,0.9950000047683716,-4.310536861419678,-0.8133143186569214,4.642772909549577,39.03995895385742
B,26,-1,only_T5,200,0.0,0.9950000047683716,-4.312246799468994,-0.8131440281867981,3.664050390663284,39.03995895385742
B,26,-1,only_T10,200,0.0,0.9950000047683716,-4.312816143035889,-0.8138406276702881,2.1243530378986377,39.03995895385742
B,26,-1,only_T100,200,0.0,0.9950000047683716,-4.31353759765625,-0.8134984374046326,0.4267641802039644,39.03995895385742
B,26,-1,only_lin,200,0.0,0.9950000047683716,-4.313920974731445,-0.8130719065666199,0.2581274235329773,39.03995895385742
B,26,-1,random_orth,200,0.0,0.9950000047683716,-4.314201831817627,-0.8138250708580017,6.258445075581139,39.03995895385742
B,26,-1,real_diff_in_helix_subspace,200,0.0,0.9950000047683716,-4.308444023132324,-0.8130265474319458,7.45675306442419,39.03995895385742
B,26,-1,full_swap,200,0.0,0.9950000047683716,-4.298795223236084,-0.8127937316894531,14.944438934326172,39.03995895385742
B,27,-1,helix,200,0.0,0.9950000047683716,-4.310028553009033,-0.813656747341156,6.447704480585348,41.61613464355469
B,27,-1,only_T2,200,0.0,0.9950000047683716,-4.312134742736816,-0.8133695721626282,4.775008903771112,41.61613464355469
B,27,-1,only_T5,200,0.0,0.9950000047683716,-4.3112711906433105,-0.8136079907417297,3.7772186298390262,41.61613464355469
B,27,-1,only_T10,200,0.0,0.9950000047683716,-4.313243865966797,-0.8132990598678589,2.2044843901622007,41.61613464355469
B,27,-1,only_T100,200,0.0,0.9950000047683716,-4.314280986785889,-0.8135684132575989,0.44102948807313724,41.61613464355469
B,27,-1,only_lin,200,0.0,0.9950000047683716,-4.313016414642334,-0.8128896951675415,0.26726206479256,41.61613464355469
B,27,-1,random_orth,200,0.0,0.9950000047683716,-4.312734127044678,-0.8126341104507446,6.447704480585348,41.61613464355469
B,27,-1,real_diff_in_helix_subspace,200,0.0,0.9950000047683716,-4.309919834136963,-0.813714861869812,7.80243269395485,41.61613464355469
B,27,-1,full_swap,200,0.0,0.9950000047683716,-4.302874565124512,-0.8139564394950867,15.552929878234863,41.61613464355469
B,28,-1,helix,200,0.0,0.9950000047683716,-4.310564994812012,-0.8130441904067993,6.609813110914488,44.455665588378906
B,28,-1,only_T2,200,0.0,0.9950000047683716,-4.312047481536865,-0.8137112259864807,4.866181463747196,44.455665588378906
B,28,-1,only_T5,200,0.0,0.9950000047683716,-4.311985492706299,-0.8136543035507202,3.8973742171135872,44.455665588378906
B,28,-1,only_T10,200,0.0,0.9950000047683716,-4.3126420974731445,-0.8126214146614075,2.2896237408577993,44.455665588378906
B,28,-1,only_T100,200,0.0,0.9950000047683716,-4.313511848449707,-0.8138930201530457,0.45278651090359645,44.455665588378906
B,28,-1,only_lin,200,0.0,0.9950000047683716,-4.312633037567139,-0.8131948113441467,0.2741849980122452,44.455665588378906
B,28,-1,random_orth,200,0.0,0.9950000047683716,-4.3122100830078125,-0.8134981393814087,6.609813110914488,44.455665588378906
B,28,-1,real_diff_in_helix_subspace,200,0.0,0.9950000047683716,-4.310036659240723,-0.8132511973381042,8.148289955746561,44.455665588378906
B,28,-1,full_swap,200,0.0,0.9950000047683716,-4.30491828918457,-0.8146594166755676,16.224746704101562,44.455665588378906
B,29,-1,helix,200,0.0,0.9950000047683716,-4.310418128967285,-0.8133714199066162,6.791425713332201,47.801273345947266
B,29,-1,only_T2,200,0.0,0.9950000047683716,-4.312489032745361,-0.812996506690979,4.9911931665100795,47.801273345947266
B,29,-1,only_T5,200,0.0,0.9950000047683716,-4.312586784362793,-0.8131404519081116,4.002878122358123,47.801273345947266
B,29,-1,only_T10,200,0.0,0.9950000047683716,-4.3119401931762695,-0.8130836486816406,2.383942777214714,47.801273345947266
B,29,-1,only_T100,200,0.0,0.9950000047683716,-4.313189506530762,-0.8135392665863037,0.46577804211472357,47.801273345947266
B,29,-1,only_lin,200,0.0,0.9950000047683716,-4.314114093780518,-0.8135384917259216,0.28454070630486217,47.801273345947266
B,29,-1,random_orth,200,0.0,0.9950000047683716,-4.312369346618652,-0.8148486018180847,6.791425713332201,47.801273345947266
B,29,-1,real_diff_in_helix_subspace,200,0.0,0.9950000047683716,-4.310441017150879,-0.8127651810646057,8.551344074584021,47.801273345947266
B,29,-1,full_swap,200,0.0,0.9950000047683716,-4.305665969848633,-0.8138670921325684,16.991130828857422,47.801273345947266
B,30,-1,helix,200,0.0,0.9950000047683716,-4.312027454376221,-0.8133591413497925,7.0230960343349125,60.2964973449707
B,30,-1,only_T2,200,0.0,0.9950000047683716,-4.312775611877441,-0.8134656548500061,5.132193784063894,60.2964973449707
B,30,-1,only_T5,200,0.0,0.9950000047683716,-4.312623023986816,-0.8132163882255554,4.158348481458508,60.2964973449707
B,30,-1,only_T10,200,0.0,0.9950000047683716,-4.313014507293701,-0.813622236251831,2.536464468238253,60.2964973449707
B,30,-1,only_T100,200,0.0,0.9950000047683716,-4.312311172485352,-0.8132420182228088,0.4804529243072484,60.2964973449707
B,30,-1,only_lin,200,0.0,0.9950000047683716,-4.313271999359131,-0.8133662939071655,0.297496938147535,60.2964973449707
B,30,-1,random_orth,200,0.0,0.9950000047683716,-4.312986850738525,-0.8136479258537292,7.0230960343349125,60.2964973449707
B,30,-1,real_diff_in_helix_subspace,200,0.0,0.9950000047683716,-4.311039924621582,-0.812904953956604,9.193542762137389,60.2964973449707
B,30,-1,full_swap,200,0.0,0.9950000047683716,-4.30722713470459,-0.814085066318512,18.111364364624023,60.2964973449707
B,31,-1,helix,200,0.0,0.9950000047683716,-4.312976837158203,-0.8132590055465698,7.431809449270685,80.41622924804688
B,31,-1,only_T2,200,0.0,0.9950000047683716,-4.312976837158203,-0.8132590055465698,5.423905335693404,80.41622924804688
B,31,-1,only_T5,200,0.0,0.9950000047683716,-4.312976837158203,-0.8132590055465698,4.397176307161515,80.41622924804688
B,31,-1,only_T10,200,0.0,0.9950000047683716,-4.312976837158203,-0.8132590055465698,2.7107200524645405,80.41622924804688
B,31,-1,only_T100,200,0.0,0.9950000047683716,-4.312976837158203,-0.8132590055465698,0.5062999960505387,80.41622924804688
B,31,-1,only_lin,200,0.0,0.9950000047683716,-4.312976837158203,-0.8132590055465698,0.31822114174573113,80.41622924804688
B,31,-1,random_orth,200,0.0,0.9950000047683716,-4.312976837158203,-0.8132590055465698,7.431809449270685,80.41622924804688
B,31,-1,real_diff_in_helix_subspace,200,0.0,0.9950000047683716,-4.312976837158203,-0.8132590055465698,10.179870207363322,80.41622924804688
B,31,-1,full_swap,200,0.0,0.9950000047683716,-4.312976837158203,-0.8132590055465698,19.658113479614258,80.41622924804688
B,0,1,helix,200,0.5999999642372131,0.20499999821186066,-1.8287405967712402,-2.858841896057129,1.4252788708201936,4.0418806076049805
B,0,1,only_T2,200,0.1850000023841858,0.44999998807907104,-3.078411102294922,-1.9845995903015137,1.0619493668470008,4.0418806076049805
B,0,1,only_T5,200,0.0,0.9049999713897705,-4.023439407348633,-1.02634859085083,0.8299452374762799,4.0418806076049805
B,0,1,only_T10,200,0.0,0.9799999594688416,-4.343578815460205,-0.8520879149436951,0.45220064435123947,4.0418806076049805
B,0,1,only_T100,200,0.0,1.0,-4.4578962326049805,-0.8205259442329407,0.10155061027027638,4.0418806076049805
B,0,1,only_lin,200,0.0,1.0,-4.465453147888184,-0.8155129551887512,0.05484779643266423,4.0418806076049805
B,0,1,random_orth,200,0.0,0.9799999594688416,-4.483922481536865,-0.8485779166221619,1.4252788708201936,4.0418806076049805
B,0,1,real_diff_in_helix_subspace,200,0.5249999761581421,0.25,-2.132702589035034,-2.832123279571533,1.427365451136669,4.0418806076049805
B,0,1,full_swap,200,0.9199999570846558,0.004999999888241291,-1.0051031112670898,-4.233513832092285,3.7086403369903564,4.0418806076049805
B,1,1,helix,200,0.6049999594688416,0.19999998807907104,-1.8025323152542114,-2.882713556289673,1.4401089264213558,4.644467353820801
B,1,1,only_T2,200,0.19999998807907104,0.429999977350235,-3.0635337829589844,-2.0071768760681152,1.0755209923989688,4.644467353820801
B,1,1,only_T5,200,0.0,0.8949999809265137,-4.022759437561035,-1.0361868143081665,0.8381548800357581,4.644467353820801
B,1,1,only_T10,200,0.0,0.9799999594688416,-4.343955039978027,-0.8548199534416199,0.45212580640690175,4.644467353820801
B,1,1,only_T100,200,0.0,0.9950000047683716,-4.455715656280518,-0.8205558657646179,0.1044090489036848,4.644467353820801
B,1,1,only_lin,200,0.0,1.0,-4.46195650100708,-0.8167513608932495,0.058790619813083464,4.644467353820801
B,1,1,random_orth,200,0.0,0.9799999594688416,-4.468980312347412,-0.8506404161453247,1.4401089264213558,4.644467353820801
B,1,1,real_diff_in_helix_subspace,200,0.5349999666213989,0.23999999463558197,-2.056727170944214,-2.8760159015655518,1.4517019979708525,4.644467353820801
B,1,1,full_swap,200,0.9249999523162842,0.004999999888241291,-1.0071157217025757,-4.232362747192383,3.692042827606201,4.644467353820801
B,2,1,helix,200,0.6349999904632568,0.1850000023841858,-1.7787716388702393,-2.911076068878174,1.5184308303858836,5.405136585235596
B,2,1,only_T2,200,0.19499999284744263,0.42499998211860657,-3.0382800102233887,-2.036309003829956,1.1382421139105765,5.405136585235596
B,2,1,only_T5,200,0.0,0.8999999761581421,-4.019017696380615,-1.0415679216384888,0.8776607777255074,5.405136585235596
B,2,1,only_T10,200,0.0,0.9699999690055847,-4.338883876800537,-0.8590617775917053,0.476043462351178,5.405136585235596
B,2,1,only_T100,200,0.0,1.0,-4.456836223602295,-0.8210809230804443,0.11177809954313023,5.405136585235596
B,2,1,only_lin,200,0.0,1.0,-4.464766025543213,-0.8169810771942139,0.06433507670472043,5.405136585235596
B,2,1,random_orth,200,0.0,1.0,-4.459474563598633,-0.8128311038017273,1.5184308303858836,5.405136585235596
B,2,1,real_diff_in_helix_subspace,200,0.5600000023841858,0.1899999976158142,-1.972848892211914,-2.9491658210754395,1.5503716138942008,5.405136585235596
B,2,1,full_swap,200,0.9149999618530273,0.004999999888241291,-1.0128211975097656,-4.228714466094971,3.870615243911743,5.405136585235596
B,3,1,helix,200,0.6299999952316284,0.1850000023841858,-1.7676289081573486,-2.8958117961883545,1.7480242651963738,6.363405704498291
B,3,1,only_T2,200,0.19499999284744263,0.429999977350235,-3.046599864959717,-2.016265869140625,1.3475984062334734,6.363405704498291
B,3,1,only_T5,200,0.0,0.8999999761581421,-4.017294883728027,-1.053401231765747,0.9629221290422174,6.363405704498291
B,3,1,only_T10,200,0.0,0.9799999594688416,-4.334426403045654,-0.8649374842643738,0.5414592217145653,6.363405704498291
B,3,1,only_T100,200,0.0,1.0,-4.455398082733154,-0.8159817457199097,0.12244053453558194,6.363405704498291
B,3,1,only_lin,200,0.0,1.0,-4.4618120193481445,-0.8186675906181335,0.07246482571701868,6.363405704498291
B,3,1,random_orth,200,0.0,0.9749999642372131,-4.472797870635986,-0.8551664352416992,1.7480242651963738,6.363405704498291
B,3,1,real_diff_in_helix_subspace,200,0.6100000143051147,0.17000000178813934,-1.8710155487060547,-2.9932429790496826,1.8152149161129632,6.363405704498291
B,3,1,full_swap,200,0.9300000071525574,0.004999999888241291,-1.018254041671753,-4.22874641418457,4.170138359069824,6.363405704498291
B,4,1,helix,200,0.6449999809265137,0.1850000023841858,-1.7523341178894043,-2.904641628265381,1.8523159257750472,7.44322395324707
B,4,1,only_T2,200,0.1850000023841858,0.429999977350235,-3.0432305335998535,-2.0247113704681396,1.4222603215168896,7.44322395324707
B,4,1,only_T5,200,0.0,0.8949999809265137,-4.010097980499268,-1.0534788370132446,1.0243930691157253,7.44322395324707
B,4,1,only_T10,200,0.0,0.98499995470047,-4.336711406707764,-0.8665964603424072,0.5791163993094909,7.44322395324707
B,4,1,only_T100,200,0.0,1.0,-4.452919006347656,-0.8160586357116699,0.13383868876034563,7.44322395324707
B,4,1,only_lin,200,0.0,1.0,-4.462155818939209,-0.8189926147460938,0.0803986493203897,7.44322395324707
B,4,1,random_orth,200,0.0,0.9899999499320984,-4.4799299240112305,-0.8466729521751404,1.8523159257750472,7.44322395324707
B,4,1,real_diff_in_helix_subspace,200,0.6200000047683716,0.14999999105930328,-1.8585294485092163,-3.031705856323242,1.9393221635390596,7.44322395324707
B,4,1,full_swap,200,0.9199999570846558,0.004999999888241291,-1.0225354433059692,-4.226801872253418,4.5221967697143555,7.44322395324707
B,5,1,helix,200,0.6399999856948853,0.17999999225139618,-1.731781005859375,-2.938014507293701,2.014036605846783,8.39380931854248
B,5,1,only_T2,200,0.19999998807907104,0.4050000011920929,-3.0253493785858154,-2.059460163116455,1.5409735453014366,8.39380931854248
B,5,1,only_T5,200,0.0,0.8949999809265137,-4.00083065032959,-1.060591459274292,1.1163727852979555,8.39380931854248
B,5,1,only_T10,200,0.0,0.9749999642372131,-4.3301591873168945,-0.8665674924850464,0.6394757182021321,8.39380931854248
B,5,1,only_T100,200,0.0,0.9950000047683716,-4.455729961395264,-0.8174597024917603,0.14739737958344568,8.39380931854248
B,5,1,only_lin,200,0.0,1.0,-4.459916591644287,-0.8187931776046753,0.08862273583606146,8.39380931854248
B,5,1,random_orth,200,0.0,0.9899999499320984,-4.457383155822754,-0.8291226625442505,2.014036605846783,8.39380931854248
B,5,1,real_diff_in_helix_subspace,200,0.5899999737739563,0.14499999582767487,-1.8899788856506348,-3.0570220947265625,2.1287658360352126,8.39380931854248
B,5,1,full_swap,200,0.9149999618530273,0.009999999776482582,-1.0192387104034424,-4.22337532043457,4.992081165313721,8.39380931854248
B,6,1,helix,200,0.6299999952316284,0.1850000023841858,-1.7504432201385498,-2.9363701343536377,2.2307583136160862,9.844472885131836
B,6,1,only_T2,200,0.20999999344348907,0.4050000011920929,-3.020240306854248,-2.061473846435547,1.7147728979500076,9.844472885131836
B,6,1,only_T5,200,0.0,0.8999999761581421,-3.9992778301239014,-1.0565245151519775,1.2248514342320578,9.844472885131836
B,6,1,only_T10,200,0.0,0.9799999594688416,-4.327831268310547,-0.8648095726966858,0.6954236367207003,9.844472885131836
B,6,1,only_T100,200,0.0,1.0,-4.455842018127441,-0.8176391124725342,0.16181268425769735,9.844472885131836
B,6,1,only_lin,200,0.0,1.0,-4.46255350112915,-0.8194043636322021,0.09994038220399627,9.844472885131836
B,6,1,random_orth,200,0.0,0.9899999499320984,-4.4711408615112305,-0.8420996069908142,2.2307583136160862,9.844472885131836
B,6,1,real_diff_in_helix_subspace,200,0.5799999833106995,0.125,-1.9774593114852905,-3.156733751296997,2.4160662616935507,9.844472885131836
B,6,1,full_swap,200,0.9149999618530273,0.009999999776482582,-1.0202054977416992,-4.228677749633789,5.5209641456604,9.844472885131836
B,7,1,helix,200,0.625,0.1899999976158142,-1.7571722269058228,-2.926786184310913,2.2913111749451422,10.612318992614746
B,7,1,only_T2,200,0.19999998807907104,0.4099999964237213,-3.0252466201782227,-2.0546822547912598,1.7555572186574449,10.612318992614746
B,7,1,only_T5,200,0.0,0.8949999809265137,-4.003533363342285,-1.0603023767471313,1.2579630922666762,10.612318992614746
B,7,1,only_T10,200,0.0,0.9799999594688416,-4.328213691711426,-0.8663009405136108,0.7269952744292028,10.612318992614746
B,7,1,only_T100,200,0.0,1.0,-4.453737258911133,-0.8184431195259094,0.16936518889266097,10.612318992614746
B,7,1,only_lin,200,0.0,1.0,-4.461799621582031,-0.8190844655036926,0.10360121330495126,10.612318992614746
B,7,1,random_orth,200,0.0,0.98499995470047,-4.473000526428223,-0.8261501789093018,2.2913111749451422,10.612318992614746
B,7,1,real_diff_in_helix_subspace,200,0.5849999785423279,0.11499999463558197,-2.0430710315704346,-3.147843837738037,2.508554209514661,10.612318992614746
B,7,1,full_swap,200,0.9099999666213989,0.009999999776482582,-1.0098210573196411,-4.225642204284668,5.745102405548096,10.612318992614746
B,8,1,helix,200,0.6399999856948853,0.17499999701976776,-1.7437267303466797,-2.9463884830474854,2.3898032242935683,12.030660629272461
B,8,1,only_T2,200,0.2199999988079071,0.3999999761581421,-3.0135650634765625,-2.0611894130706787,1.8243717840290303,12.030660629272461
B,8,1,only_T5,200,0.0,0.8949999809265137,-3.9985482692718506,-1.0690639019012451,1.307986264365356,12.030660629272461
B,8,1,only_T10,200,0.0,0.9749999642372131,-4.323071002960205,-0.8654643297195435,0.7813406837844085,12.030660629272461
B,8,1,only_T100,200,0.0,1.0,-4.451966285705566,-0.8202245831489563,0.17557674347872193,12.030660629272461
B,8,1,only_lin,200,0.0,1.0,-4.461304664611816,-0.8187615275382996,0.10862901582157722,12.030660629272461
B,8,1,random_orth,200,0.0,0.9799999594688416,-4.473937034606934,-0.843835711479187,2.3898032242935683,12.030660629272461
B,8,1,real_diff_in_helix_subspace,200,0.5649999976158142,0.09999999403953552,-2.1182429790496826,-3.1980252265930176,2.699555074106728,12.030660629272461
B,8,1,full_swap,200,0.9049999713897705,0.009999999776482582,-1.0080960988998413,-4.224099636077881,6.0900397300720215,12.030660629272461
B,9,1,helix,200,0.6299999952316284,0.17999999225139618,-1.7399883270263672,-2.949765920639038,2.423669014244583,12.950536727905273
B,9,1,only_T2,200,0.19999998807907104,0.4050000011920929,-3.0048327445983887,-2.067636728286743,1.8666063646583095,12.950536727905273
B,9,1,only_T5,200,0.0,0.8949999809265137,-3.9967172145843506,-1.0717655420303345,1.3082019741324833,12.950536727905273
B,9,1,only_T10,200,0.0,0.9749999642372131,-4.3212103843688965,-0.8649853467941284,0.789606559193851,12.950536727905273
B,9,1,only_T100,200,0.0,1.0,-4.45204496383667,-0.8189971446990967,0.17681321805062603,12.950536727905273
B,9,1,only_lin,200,0.0,1.0,-4.462297439575195,-0.8179987668991089,0.10918115091177936,12.950536727905273
B,9,1,random_orth,200,0.0,0.9899999499320984,-4.458744525909424,-0.8297762274742126,2.423669014244583,12.950536727905273
B,9,1,real_diff_in_helix_subspace,200,0.5299999713897705,0.08500000089406967,-2.2112481594085693,-3.229043483734131,2.8236897298570707,12.950536727905273
B,9,1,full_swap,200,0.8949999809265137,0.009999999776482582,-1.006738543510437,-4.229268550872803,6.311246395111084,12.950536727905273
B,10,1,helix,200,0.6150000095367432,0.17999999225139618,-1.7238061428070068,-2.9558303356170654,2.5107716691779483,13.392046928405762
B,10,1,only_T2,200,0.19999998807907104,0.39499998092651367,-2.996098518371582,-2.073625087738037,1.9269091303973196,13.392046928405762
B,10,1,only_T5,200,0.0,0.8899999856948853,-3.9862048625946045,-1.0840827226638794,1.3597369346709478,13.392046928405762
B,10,1,only_T10,200,0.0,0.9699999690055847,-4.320465087890625,-0.8666590452194214,0.825519334988374,13.392046928405762
B,10,1,only_T100,200,0.0,1.0,-4.453113079071045,-0.8192524313926697,0.17706063508805836,13.392046928405762
B,10,1,only_lin,200,0.0,1.0,-4.462885856628418,-0.817383885383606,0.11057974850042188,13.392046928405762
B,10,1,random_orth,200,0.0,0.9899999499320984,-4.464883327484131,-0.840138852596283,2.5107716691779483,13.392046928405762
B,10,1,real_diff_in_helix_subspace,200,0.5,0.10999999940395355,-2.2891952991485596,-3.249152660369873,2.98342172867247,13.392046928405762
B,10,1,full_swap,200,0.9049999713897705,0.009999999776482582,-1.0065072774887085,-4.2267069816589355,6.508631706237793,13.392046928405762
B,11,1,helix,200,0.6349999904632568,0.20999999344348907,-1.6911323070526123,-2.9823412895202637,2.7049337413001022,14.256871223449707
B,11,1,only_T2,200,0.2149999886751175,0.3999999761581421,-2.9640486240386963,-2.110483407974243,2.0703943545256287,14.256871223449707
B,11,1,only_T5,200,0.0,0.875,-3.958380699157715,-1.119499921798706,1.4792520957544617,14.256871223449707
B,11,1,only_T10,200,0.0,0.9649999737739563,-4.307947158813477,-0.879614531993866,0.8815196473265605,14.256871223449707
B,11,1,only_T100,200,0.0,1.0,-4.452610969543457,-0.8188396096229553,0.17994942442553652,14.256871223449707
B,11,1,only_lin,200,0.0,1.0,-4.462157249450684,-0.81745445728302,0.11226274134071917,14.256871223449707
B,11,1,random_orth,200,0.0,0.9799999594688416,-4.472931861877441,-0.8399553298950195,2.7049337413001022,14.256871223449707
B,11,1,real_diff_in_helix_subspace,200,0.5249999761581421,0.09999999403953552,-2.274660587310791,-3.3469767570495605,3.248971261902162,14.256871223449707
B,11,1,full_swap,200,0.8999999761581421,0.009999999776482582,-1.0037403106689453,-4.22462797164917,6.8499040603637695,14.256871223449707
B,12,1,helix,200,0.699999988079071,0.14000000059604645,-1.6076198816299438,-3.093641996383667,3.007135928490886,14.456745147705078
B,12,1,only_T2,200,0.25,0.3349999785423279,-2.874957323074341,-2.1974751949310303,2.3073266883032124,14.456745147705078
B,12,1,only_T5,200,0.004999999888241291,0.8349999785423279,-3.910726547241211,-1.188389539718628,1.6418314617230334,14.456745147705078
B,12,1,only_T10,200,0.0,0.9599999785423279,-4.297286510467529,-0.8907755613327026,0.9757849285777567,14.456745147705078
B,12,1,only_T100,200,0.0,1.0,-4.451102256774902,-0.8197237849235535,0.18321276604980036,14.456745147705078
B,12,1,only_lin,200,0.0,1.0,-4.4639201164245605,-0.8180392384529114,0.1137873951247795,14.456745147705078
B,12,1,random_orth,200,0.0,0.9899999499320984,-4.487403392791748,-0.843468964099884,3.007135928490885,14.456745147705078
B,12,1,real_diff_in_helix_subspace,200,0.5649999976158142,0.09999999403953552,-2.0692968368530273,-3.3074452877044678,3.448267080703941,14.456745147705078
B,12,1,full_swap,200,0.9049999713897705,0.009999999776482582,-1.0138185024261475,-4.220798969268799,7.169937610626221,14.456745147705078
B,13,1,helix,200,0.6699999570846558,0.1599999964237213,-1.6568129062652588,-3.043039083480835,3.1946738370156487,15.46343994140625
B,13,1,only_T2,200,0.23999999463558197,0.3449999988079071,-2.8894994258880615,-2.1760411262512207,2.4236207539950634,15.46343994140625
B,13,1,only_T5,200,0.004999999888241291,0.8399999737739563,-3.9011757373809814,-1.2115421295166016,1.7766223018801623,15.46343994140625
B,13,1,only_T10,200,0.0,0.9599999785423279,-4.296722412109375,-0.8973496556282043,1.0544808843932458,15.46343994140625
B,13,1,only_T100,200,0.0,1.0,-4.450701713562012,-0.8194979429244995,0.19480551595019996,15.46343994140625
B,13,1,only_lin,200,0.0,1.0,-4.463769435882568,-0.8197526335716248,0.11929352211940523,15.46343994140625
B,13,1,random_orth,200,0.0,0.9950000047683716,-4.471999645233154,-0.8309870958328247,3.1946738370156487,15.46343994140625
B,13,1,real_diff_in_helix_subspace,200,0.5849999785423279,0.09999999403953552,-2.0850462913513184,-3.2661476135253906,3.6608758411916376,15.46343994140625
B,13,1,full_swap,200,0.9099999666213989,0.009999999776482582,-1.0124579668045044,-4.158946514129639,7.474704742431641,15.46343994140625
B,14,1,helix,200,0.6800000071525574,0.1599999964237213,-1.6632845401763916,-3.032991886138916,3.3372270036090597,16.819150924682617
B,14,1,only_T2,200,0.22499999403953552,0.3349999785423279,-2.9014885425567627,-2.162278413772583,2.5643821514256784,16.819150924682617
B,14,1,only_T5,200,0.004999999888241291,0.8399999737739563,-3.895646333694458,-1.2127227783203125,1.8167908746099528,16.819150924682617
B,14,1,only_T10,200,0.0,0.9599999785423279,-4.295609474182129,-0.893907904624939,1.091242616030626,16.819150924682617
B,14,1,only_T100,200,0.0,1.0,-4.450825214385986,-0.8197755813598633,0.19737271474902546,16.819150924682617
B,14,1,only_lin,200,0.0,1.0,-4.4631218910217285,-0.8205310702323914,0.12316569768283965,16.819150924682617
B,14,1,random_orth,200,0.0,0.9899999499320984,-4.457650661468506,-0.835951566696167,3.3372270036090597,16.819150924682617
B,14,1,real_diff_in_helix_subspace,200,0.5399999618530273,0.08999999612569809,-2.2083168029785156,-3.291898012161255,3.9116409232087523,16.819150924682617
B,14,1,full_swap,200,0.9149999618530273,0.009999999776482582,-1.0143113136291504,-4.160275936126709,7.72084903717041,16.819150924682617
B,15,1,helix,200,0.6800000071525574,0.17000000178813934,-1.6550489664077759,-3.02843976020813,3.4694260130675207,18.249670028686523
B,15,1,only_T2,200,0.19999998807907104,0.3649999797344208,-2.908950090408325,-2.1543471813201904,2.6266428404962197,18.249670028686523
B,15,1,only_T5,200,0.004999999888241291,0.8399999737739563,-3.899348020553589,-1.220040202140808,1.9304277757040307,18.249670028686523
B,15,1,only_T10,200,0.0,0.9599999785423279,-4.294795513153076,-0.8977380394935608,1.152232832956703,18.249670028686523
B,15,1,only_T100,200,0.0,1.0,-4.450104713439941,-0.8191190958023071,0.2232612629991796,18.249670028686523
B,15,1,only_lin,200,0.0,1.0,-4.46355676651001,-0.8204556107521057,0.13627651892255618,18.249670028686523
B,15,1,random_orth,200,0.0,0.9649999737739563,-4.472560405731201,-0.8548861742019653,3.4694260130675207,18.249670028686523
B,15,1,real_diff_in_helix_subspace,200,0.5249999761581421,0.08500000089406967,-2.25038743019104,-3.291133403778076,4.144096749654653,18.249670028686523
B,15,1,full_swap,200,0.9049999713897705,0.009999999776482582,-1.0243850946426392,-4.127392292022705,8.219857215881348,18.249670028686523
B,16,1,helix,200,0.7549999952316284,0.09999999403953552,-1.4620205163955688,-3.275773286819458,4.133104734366783,20.16392707824707
B,16,1,only_T2,200,0.26499998569488525,0.2750000059604645,-2.7511982917785645,-2.321746587753296,3.0754480564877453,20.16392707824707
B,16,1,only_T5,200,0.0,0.7549999952316284,-3.7594780921936035,-1.4616976976394653,2.3604320731387034,20.16392707824707
B,16,1,only_T10,200,0.0,0.9300000071525574,-4.268637180328369,-0.9622955322265625,1.3993305283691333,20.16392707824707
B,16,1,only_T100,200,0.0,0.9950000047683716,-4.449234962463379,-0.8188821077346802,0.26691826270747826,20.16392707824707
B,16,1,only_lin,200,0.0,1.0,-4.466012001037598,-0.8183925151824951,0.15756987538068504,20.16392707824707
B,16,1,random_orth,200,0.0,0.9950000047683716,-4.473483085632324,-0.8373125791549683,4.133104734366783,20.16392707824707
B,16,1,real_diff_in_helix_subspace,200,0.5399999618530273,0.08999999612569809,-2.0623831748962402,-3.3947534561157227,4.652158580310022,20.16392707824707
B,16,1,full_swap,200,0.9199999570846558,0.009999999776482582,-1.004273772239685,-4.102965831756592,9.491252899169922,20.16392707824707
B,17,1,helix,200,0.6549999713897705,0.1899999976158142,-1.6866118907928467,-2.862846612930298,4.321041489206667,21.949129104614258
B,17,1,only_T2,200,0.22999998927116394,0.38499999046325684,-2.901054859161377,-2.0563580989837646,3.2167609855630395,21.949129104614258
B,17,1,only_T5,200,0.0,0.7949999570846558,-3.8447301387786865,-1.3111820220947266,2.4581020104007103,21.949129104614258
B,17,1,only_T10,200,0.0,0.949999988079071,-4.289762496948242,-0.9273852109909058,1.4687623822174662,21.949129104614258
B,17,1,only_T100,200,0.0,1.0,-4.454525470733643,-0.8195133805274963,0.2807885780584386,21.949129104614258
B,17,1,only_lin,200,0.0,1.0,-4.469331741333008,-0.8199664354324341,0.16309718553083102,21.949129104614258
B,17,1,random_orth,200,0.0,0.9950000047683716,-4.478337287902832,-0.8297222852706909,4.321041489206667,21.949129104614258
B,17,1,real_diff_in_helix_subspace,200,0.48499998450279236,0.1850000023841858,-2.1884968280792236,-2.9779183864593506,4.820772860382009,21.949129104614258
B,17,1,full_swap,200,0.8650000095367432,0.03999999910593033,-1.1521720886230469,-3.540003538131714,9.907245635986328,21.949129104614258
B,18,1,helix,200,0.2849999964237213,0.5699999928474426,-2.825176239013672,-1.857983946800232,4.473098093304262,23.075439453125
B,18,1,only_T2,200,0.08999999612569809,0.6899999976158142,-3.420027494430542,-1.5178314447402954,3.3041412812367548,23.075439453125
B,18,1,only_T5,200,0.0,0.8999999761581421,-4.165483474731445,-1.0218913555145264,2.578540887463944,23.075439453125
B,18,1,only_T10,200,0.0,0.9899999499320984,-4.382391452789307,-0.8559352159500122,1.5227863063533384,23.075439453125
B,18,1,only_T100,200,0.0,1.0,-4.458043575286865,-0.8186028599739075,0.29471198572055035,23.075439453125
B,18,1,only_lin,200,0.0,1.0,-4.467482089996338,-0.8253724575042725,0.17034529292469652,23.075439453125
B,18,1,random_orth,200,0.0,0.9799999594688416,-4.481846809387207,-0.8287326097488403,4.473098093304262,23.075439453125
B,18,1,real_diff_in_helix_subspace,200,0.23999999463558197,0.5099999904632568,-3.04459547996521,-1.9820910692214966,5.016076858476521,23.075439453125
B,18,1,full_swap,200,0.39499998092651367,0.4749999940395355,-2.3975470066070557,-2.1874399185180664,10.497698783874512,23.075439453125
B,19,1,helix,200,0.029999999329447746,0.9099999666213989,-3.784597396850586,-1.0779190063476562,4.780589786332419,25.6065673828125
B,19,1,only_T2,200,0.014999999664723873,0.9300000071525574,-4.002136707305908,-1.0150119066238403,3.492841659299595,25.6065673828125
B,19,1,only_T5,200,0.0,1.0,-4.354158878326416,-0.8574780225753784,2.794930522183504,25.6065673828125
B,19,1,only_T10,200,0.0,1.0,-4.431830883026123,-0.8319564461708069,1.6274402854527423,25.6065673828125
B,19,1,only_T100,200,0.0,1.0,-4.4619574546813965,-0.8203954696655273,0.31629931633136504,25.6065673828125
B,19,1,only_lin,200,0.0,1.0,-4.470484733581543,-0.8215383887290955,0.19092167839094365,25.6065673828125
B,19,1,random_orth,200,0.0,0.9899999499320984,-4.473109245300293,-0.8255117535591125,4.780589786332419,25.6065673828125
B,19,1,real_diff_in_helix_subspace,200,0.03999999910593033,0.8999999761581421,-3.8090734481811523,-1.093476414680481,5.431458942978593,25.6065673828125
B,19,1,full_swap,200,0.10499999672174454,0.8299999833106995,-3.4434306621551514,-1.214691400527954,11.210273742675781,25.6065673828125
B,20,1,helix,200,0.044999998062849045,0.8849999904632568,-3.7553374767303467,-1.108093500137329,5.010796195976249,26.767261505126953
B,20,1,only_T2,200,0.019999999552965164,0.9099999666213989,-3.9717531204223633,-1.0412558317184448,3.6494979966546803,26.767261505126953
B,20,1,only_T5,200,0.0,1.0,-4.347993850708008,-0.8588418364524841,2.9509244331019393,26.767261505126953
B,20,1,only_T10,200,0.0,1.0,-4.431128978729248,-0.8328654766082764,1.699570944503083,26.767261505126953
B,20,1,only_T100,200,0.0,1.0,-4.463172435760498,-0.8191109895706177,0.33383823122588724,26.767261505126953
B,20,1,only_lin,200,0.0,1.0,-4.469306468963623,-0.8218834400177002,0.19907790445035062,26.767261505126953
B,20,1,random_orth,200,0.0,1.0,-4.471025466918945,-0.8258230686187744,5.010796195976249,26.767261505126953
B,20,1,real_diff_in_helix_subspace,200,0.03999999910593033,0.8849999904632568,-3.7955241203308105,-1.1198439598083496,5.711785500587289,26.767261505126953
B,20,1,full_swap,200,0.10499999672174454,0.8299999833106995,-3.4234166145324707,-1.2392771244049072,11.824542999267578,26.767261505126953
B,21,1,helix,200,0.0,1.0,-4.478026390075684,-0.8258132934570312,5.1250125508077895,28.478958129882812
B,21,1,only_T2,200,0.0,1.0,-4.483991622924805,-0.8185314536094666,3.718560320313001,28.478958129882812
B,21,1,only_T5,200,0.0,1.0,-4.470271110534668,-0.826087236404419,3.025528869886203,28.478958129882812
B,21,1,only_T10,200,0.0,1.0,-4.465131759643555,-0.8243741393089294,1.7528984463127757,28.478958129882812
B,21,1,only_T100,200,0.0,1.0,-4.467098712921143,-0.8203758001327515,0.35664459141402405,28.478958129882812
B,21,1,only_lin,200,0.0,1.0,-4.468356609344482,-0.8209890723228455,0.21020869559575567,28.478958129882812
B,21,1,random_orth,200,0.0,1.0,-4.473640441894531,-0.8237188458442688,5.1250125508077895,28.478958129882812
B,21,1,real_diff_in_helix_subspace,200,0.0,1.0,-4.471504211425781,-0.8279051780700684,5.896448654879197,28.478958129882812
B,21,1,full_swap,200,0.0,1.0,-4.451651573181152,-0.8404974341392517,12.271949768066406,28.478958129882812
B,22,1,helix,200,0.0,1.0,-4.476884365081787,-0.825279951095581,5.296551343426398,31.0496826171875
B,22,1,only_T2,200,0.0,1.0,-4.48399543762207,-0.8188685178756714,3.83260804298078,31.0496826171875
B,22,1,only_T5,200,0.0,1.0,-4.470122814178467,-0.8246960043907166,3.1271656553726883,31.0496826171875
B,22,1,only_T10,200,0.0,1.0,-4.465534687042236,-0.8231508731842041,1.8330501631422187,31.0496826171875
B,22,1,only_T100,200,0.0,1.0,-4.467998027801514,-0.8207284212112427,0.372894748119745,31.0496826171875
B,22,1,only_lin,200,0.0,1.0,-4.467443943023682,-0.820574164390564,0.22009281650964915,31.0496826171875
B,22,1,random_orth,200,0.0,1.0,-4.473483085632324,-0.8232089877128601,5.296551343426398,31.0496826171875
B,22,1,real_diff_in_helix_subspace,200,0.0,1.0,-4.474762439727783,-0.8272985816001892,6.258728725779503,31.0496826171875
B,22,1,full_swap,200,0.0,1.0,-4.456352233886719,-0.84104323387146,12.952069282531738,31.0496826171875
B,23,1,helix,200,0.0,1.0,-4.487696647644043,-0.8219600319862366,5.652639855206548,32.871055603027344
B,23,1,only_T2,200,0.0,1.0,-4.484599590301514,-0.8198923468589783,4.160864750589113,32.871055603027344
B,23,1,only_T5,200,0.0,1.0,-4.4734625816345215,-0.822516143321991,3.273959460780899,32.871055603027344
B,23,1,only_T10,200,0.0,1.0,-4.469850540161133,-0.8194869756698608,1.917695840246639,32.871055603027344
B,23,1,only_T100,200,0.0,1.0,-4.4682230949401855,-0.821147620677948,0.387071487270679,32.871055603027344
B,23,1,only_lin,200,0.0,1.0,-4.468746185302734,-0.8230361938476562,0.23067382734517217,32.871055603027344
B,23,1,random_orth,200,0.0,1.0,-4.469231605529785,-0.8205617070198059,5.652639855206548,32.871055603027344
B,23,1,real_diff_in_helix_subspace,200,0.0,1.0,-4.482162952423096,-0.8210795521736145,6.723874416662007,32.871055603027344
B,23,1,full_swap,200,0.0,1.0,-4.475998878479004,-0.8331413269042969,13.7373628616333,32.871055603027344
B,24,1,helix,200,0.0,1.0,-4.465867519378662,-0.8212458491325378,5.891591033902849,34.526180267333984
B,24,1,only_T2,200,0.0,1.0,-4.467584609985352,-0.8214588761329651,4.328463251661632,34.526180267333984
B,24,1,only_T5,200,0.0,1.0,-4.468710422515869,-0.8205788135528564,3.4285772058224713,34.526180267333984
B,24,1,only_T10,200,0.0,1.0,-4.470320701599121,-0.8211073279380798,1.9941609161689744,34.526180267333984
B,24,1,only_T100,200,0.0,1.0,-4.469488620758057,-0.8214182257652283,0.4001707380013486,34.526180267333984
B,24,1,only_lin,200,0.0,1.0,-4.468513488769531,-0.8218953609466553,0.23915312922321938,34.526180267333984
B,24,1,random_orth,200,0.0,1.0,-4.472125053405762,-0.8200218081474304,5.891591033902849,34.526180267333984
B,24,1,real_diff_in_helix_subspace,200,0.0,1.0,-4.464098930358887,-0.820002555847168,7.088498479256751,34.526180267333984
B,24,1,full_swap,200,0.0,1.0,-4.4543023109436035,-0.8190571665763855,14.451552391052246,34.526180267333984
B,25,1,helix,200,0.0,1.0,-4.467127799987793,-0.8210691809654236,6.111570310103968,37.12375259399414
B,25,1,only_T2,200,0.0,1.0,-4.469146728515625,-0.8211485743522644,4.489165188192248,37.12375259399414
B,25,1,only_T5,200,0.0,1.0,-4.468942165374756,-0.819952130317688,3.5586182035853153,37.12375259399414
B,25,1,only_T10,200,0.0,1.0,-4.470129013061523,-0.8213311433792114,2.067738254726153,37.12375259399414
B,25,1,only_T100,200,0.0,1.0,-4.469356536865234,-0.8212563991546631,0.415485112521625,37.12375259399414
B,25,1,only_lin,200,0.0,1.0,-4.46919584274292,-0.8220376968383789,0.2495118964591972,37.12375259399414
B,25,1,random_orth,200,0.0,1.0,-4.472594738006592,-0.8189989924430847,6.111570310103968,37.12375259399414
B,25,1,real_diff_in_helix_subspace,200,0.0,1.0,-4.465998649597168,-0.8198328018188477,7.436629016672805,37.12375259399414
B,25,1,full_swap,200,0.0,1.0,-4.455774784088135,-0.820258617401123,15.20941162109375,37.12375259399414
B,26,1,helix,200,0.0,1.0,-4.4678730964660645,-0.8215362429618835,6.318177435488477,39.097816467285156
B,26,1,only_T2,200,0.0,1.0,-4.4683518409729,-0.8212127685546875,4.642772909549577,39.097816467285156
B,26,1,only_T5,200,0.0,1.0,-4.469156742095947,-0.8204253911972046,3.6735900401676695,39.097816467285156
B,26,1,only_T10,200,0.0,1.0,-4.469573497772217,-0.8216629028320312,2.1438739405608853,39.097816467285156
B,26,1,only_T100,200,0.0,1.0,-4.468527317047119,-0.821244478225708,0.4266867849293166,39.097816467285156
B,26,1,only_lin,200,0.0,1.0,-4.469253063201904,-0.8218728303909302,0.25812742353297724,39.097816467285156
B,26,1,random_orth,200,0.0,1.0,-4.471860885620117,-0.8237157464027405,6.318177435488477,39.097816467285156
B,26,1,real_diff_in_helix_subspace,200,0.0,1.0,-4.465540885925293,-0.8203800916671753,7.787497997880503,39.097816467285156
B,26,1,full_swap,200,0.0,1.0,-4.45624303817749,-0.8191287517547607,15.83896255493164,39.097816467285156
B,27,1,helix,200,0.0,1.0,-4.46798038482666,-0.8207864761352539,6.511697706969674,41.66819763183594
B,27,1,only_T2,200,0.0,1.0,-4.467813491821289,-0.820794939994812,4.775008903771112,41.66819763183594
B,27,1,only_T5,200,0.0,1.0,-4.469002723693848,-0.8206308484077454,3.785686950838689,41.66819763183594
B,27,1,only_T10,200,0.0,1.0,-4.470322132110596,-0.8207897543907166,2.2260478249622597,41.66819763183594
B,27,1,only_T100,200,0.0,1.0,-4.469109535217285,-0.8211771249771118,0.4409412023551022,41.66819763183594
B,27,1,only_lin,200,0.0,1.0,-4.469234943389893,-0.8214062452316284,0.26726206479255993,41.66819763183594
B,27,1,random_orth,200,0.0,1.0,-4.470466136932373,-0.8213637471199036,6.511697706969674,41.66819763183594
B,27,1,real_diff_in_helix_subspace,200,0.0,1.0,-4.465939998626709,-0.8192517757415771,8.14544481159289,41.66819763183594
B,27,1,full_swap,200,0.0,1.0,-4.459888935089111,-0.8194136023521423,16.48455047607422,41.66819763183594
B,28,1,helix,200,0.0,1.0,-4.468414783477783,-0.8205528259277344,6.678163055982842,44.50301742553711
B,28,1,only_T2,200,0.0,1.0,-4.468690872192383,-0.8211044073104858,4.866181463747196,44.50301742553711
B,28,1,only_T5,200,0.0,1.0,-4.470600128173828,-0.8201116919517517,3.9050159300086627,44.50301742553711
B,28,1,only_T10,200,0.0,1.0,-4.46978759765625,-0.8208882212638855,2.310331635389558,44.50301742553711
B,28,1,only_T100,200,0.0,1.0,-4.469995021820068,-0.8210890293121338,0.4526949102915925,44.50301742553711
B,28,1,only_lin,200,0.0,1.0,-4.469836711883545,-0.821293830871582,0.2741849980122452,44.50301742553711
B,28,1,random_orth,200,0.0,1.0,-4.469366550445557,-0.8217321038246155,6.678163055982843,44.50301742553711
B,28,1,real_diff_in_helix_subspace,200,0.0,1.0,-4.466877460479736,-0.8194377422332764,8.554225809127173,44.50301742553711
B,28,1,full_swap,200,0.0,1.0,-4.460851669311523,-0.8203935027122498,17.24359703063965,44.50301742553711
B,29,1,helix,200,0.0,1.0,-4.468605041503906,-0.8206338882446289,6.86530117332528,47.82981491088867
B,29,1,only_T2,200,0.0,1.0,-4.468880653381348,-0.821317732334137,4.9911931665100795,47.82981491088867
B,29,1,only_T5,200,0.0,1.0,-4.470674514770508,-0.8207220435142517,4.008115119776201,47.82981491088867
B,29,1,only_T10,200,0.0,1.0,-4.470468521118164,-0.8211181163787842,2.4064804058626685,47.82981491088867
B,29,1,only_T100,200,0.0,1.0,-4.469285011291504,-0.820947527885437,0.46568572200764236,47.82981491088867
B,29,1,only_lin,200,0.0,1.0,-4.470218181610107,-0.8207938075065613,0.28454070630486206,47.82981491088867
B,29,1,random_orth,200,0.0,1.0,-4.470721244812012,-0.8220043778419495,6.86530117332528,47.82981491088867
B,29,1,real_diff_in_helix_subspace,200,0.0,1.0,-4.468375205993652,-0.82016921043396,9.02709449366181,47.82981491088867
B,29,1,full_swap,200,0.0,1.0,-4.464850902557373,-0.8187618851661682,18.10004425048828,47.82981491088867
B,30,1,helix,200,0.0,1.0,-4.468367099761963,-0.8209537863731384,7.108137159700343,60.349822998046875
B,30,1,only_T2,200,0.0,1.0,-4.469418048858643,-0.8206733465194702,5.132193784063894,60.349822998046875
B,30,1,only_T5,200,0.0,1.0,-4.46872615814209,-0.8211449980735779,4.1614969447321775,60.349822998046875
B,30,1,only_T10,200,0.0,1.0,-4.469740390777588,-0.8208279013633728,2.565842648681464,60.349822998046875
B,30,1,only_T100,200,0.0,1.0,-4.470016002655029,-0.8208877444267273,0.48035621648278126,60.349822998046875
B,30,1,only_lin,200,0.0,1.0,-4.470359802246094,-0.8206994533538818,0.297496938147535,60.349822998046875
B,30,1,random_orth,200,0.0,1.0,-4.469659805297852,-0.8206548690795898,7.108137159700343,60.349822998046875
B,30,1,real_diff_in_helix_subspace,200,0.0,1.0,-4.468581676483154,-0.821412205696106,9.871067949193565,60.349822998046875
B,30,1,full_swap,200,0.0,1.0,-4.466376781463623,-0.8212944865226746,19.452293395996094,60.349822998046875
B,31,1,helix,200,0.0,1.0,-4.469527244567871,-0.8208538889884949,7.525424121136416,80.47061157226562
B,31,1,only_T2,200,0.0,1.0,-4.469527244567871,-0.8208538889884949,5.423905335693404,80.47061157226562
B,31,1,only_T5,200,0.0,1.0,-4.469527244567871,-0.8208538889884949,4.399529301916634,80.47061157226562
B,31,1,only_T10,200,0.0,1.0,-4.469527244567871,-0.8208538889884949,2.744159599218834,80.47061157226562
B,31,1,only_T100,200,0.0,1.0,-4.469527244567871,-0.8208538889884949,0.5061801100129185,80.47061157226562
B,31,1,only_lin,200,0.0,1.0,-4.469527244567871,-0.8208538889884949,0.3182211417457311,80.47061157226562
B,31,1,random_orth,200,0.0,1.0,-4.469527244567871,-0.8208538889884949,7.525424121136416,80.47061157226562
B,31,1,real_diff_in_helix_subspace,200,0.0,1.0,-4.469527244567871,-0.8208538889884949,10.990024916247432,80.47061157226562
B,31,1,full_swap,200,0.0,1.0,-4.469527244567871,-0.8208538889884949,21.155315399169922,80.47061157226562
B,0,2,helix,200,0.574999988079071,0.25,-1.9652031660079956,-3.0602166652679443,1.604910884991657,4.312315940856934
B,0,2,only_T2,200,0.0,1.0,-5.218560218811035,-0.8288872241973877,0.0,4.312315940856934
B,0,2,only_T5,200,0.2549999952316284,0.4650000035762787,-3.1375813484191895,-2.1161694526672363,1.3443426212034908,4.312315940856934
B,0,2,only_T10,200,0.019999999552965164,0.875,-4.7976484298706055,-1.0725926160812378,0.8603388815806587,4.312315940856934
B,0,2,only_T100,200,0.004999999888241291,0.9699999690055847,-5.171677589416504,-0.8384329080581665,0.20484704845697901,4.312315940856934
B,0,2,only_lin,200,0.0,0.9950000047683716,-5.200400352478027,-0.8203316926956177,0.10969559286532846,4.312315940856934
B,0,2,random_orth,200,0.004999999888241291,0.9699999690055847,-5.210910320281982,-0.8608908653259277,1.604910884991657,4.312315940856934
B,0,2,real_diff_in_helix_subspace,200,0.5399999618530273,0.28999999165534973,-2.2296648025512695,-3.1019058227539062,1.6728945415468734,4.312315940856934
B,0,2,full_swap,200,0.875,0.014999999664723873,-1.1084468364715576,-4.747803211212158,4.239284515380859,4.312315940856934
B,1,2,helix,200,0.574999988079071,0.25,-1.9405492544174194,-3.0933516025543213,1.6162631642673881,4.8686017990112305
B,1,2,only_T2,200,0.0,1.0,-5.218560218811035,-0.8288872241973877,0.0,4.8686017990112305
B,1,2,only_T5,200,0.25,0.44999998807907104,-3.1086010932922363,-2.152837038040161,1.3577938114566137,4.8686017990112305
B,1,2,only_T10,200,0.019999999552965164,0.8650000095367432,-4.796779155731201,-1.0858416557312012,0.8601984481320853,4.8686017990112305
B,1,2,only_T100,200,0.004999999888241291,0.9699999690055847,-5.172904014587402,-0.8389384150505066,0.20962272029192605,4.8686017990112305
B,1,2,only_lin,200,0.004999999888241291,0.9899999499320984,-5.201292514801025,-0.8211799263954163,0.11758123962616693,4.8686017990112305
B,1,2,random_orth,200,0.0,0.9749999642372131,-5.219596862792969,-0.8731417655944824,1.6162631642673881,4.8686017990112305
B,1,2,real_diff_in_helix_subspace,200,0.5399999618530273,0.2750000059604645,-2.156536340713501,-3.1111528873443604,1.6747501912630176,4.8686017990112305
B,1,2,full_swap,200,0.875,0.014999999664723873,-1.1101793050765991,-4.745295524597168,4.188515663146973,4.8686017990112305
B,2,2,helix,200,0.5899999737739563,0.23499999940395355,-1.9200801849365234,-3.1240882873535156,1.6947214027657231,5.553083419799805
B,2,2,only_T2,200,0.0,1.0,-5.218560218811035,-0.8288872241973877,0.0,5.553083419799805
B,2,2,only_T5,200,0.26999998092651367,0.44999998807907104,-3.090409994125366,-2.1641643047332764,1.4218454563883827,5.553083419799805
B,2,2,only_T10,200,0.014999999664723873,0.8650000095367432,-4.782416820526123,-1.0968824625015259,0.9056639801282691,5.553083419799805
B,2,2,only_T100,200,0.004999999888241291,0.9699999690055847,-5.172060489654541,-0.8398715257644653,0.22365394550269438,5.553083419799805
B,2,2,only_lin,200,0.004999999888241291,0.9899999499320984,-5.1947922706604,-0.8253507614135742,0.12867015340944085,5.553083419799805
B,2,2,random_orth,200,0.004999999888241291,0.9649999737739563,-5.184942722320557,-0.8854072093963623,1.6947214027657231,5.553083419799805
B,2,2,real_diff_in_helix_subspace,200,0.5450000166893005,0.2800000011920929,-2.073594808578491,-3.1233696937561035,1.7454924551542041,5.553083419799805
B,2,2,full_swap,200,0.875,0.014999999664723873,-1.118760585784912,-4.740332126617432,4.332766056060791,5.553083419799805
B,3,2,helix,200,0.5899999737739563,0.22999998927116394,-1.8773880004882812,-3.175915241241455,1.8765037121488648,6.495767593383789
B,3,2,only_T2,200,0.0,1.0,-5.218560218811035,-0.8288872241973877,0.0,6.495767593383789
B,3,2,only_T5,200,0.25999999046325684,0.4449999928474426,-3.054246187210083,-2.1983299255371094,1.5601519148971994,6.495767593383789
B,3,2,only_T10,200,0.014999999664723873,0.8650000095367432,-4.763675212860107,-1.1313296556472778,1.0302969978477967,6.495767593383789
B,3,2,only_T100,200,0.004999999888241291,0.9749999642372131,-5.176064491271973,-0.8346378207206726,0.24472727664130012,6.495767593383789
B,3,2,only_lin,200,0.004999999888241291,0.98499995470047,-5.190754413604736,-0.8278125524520874,0.14492965143403735,6.495767593383789
B,3,2,random_orth,200,0.004999999888241291,0.9749999642372131,-5.197385787963867,-0.8587449193000793,1.8765037121488648,6.495767593383789
B,3,2,real_diff_in_helix_subspace,200,0.550000011920929,0.25999999046325684,-1.9757565259933472,-3.2458152770996094,1.9448134509349233,6.495767593383789
B,3,2,full_swap,200,0.875,0.014999999664723873,-1.1210209131240845,-4.742527008056641,4.6016106605529785,6.495767593383789
B,4,2,helix,200,0.5999999642372131,0.22999998927116394,-1.8596606254577637,-3.1704518795013428,1.9994092846129403,7.544335842132568
B,4,2,only_T2,200,0.0,1.0,-5.218560218811035,-0.8288872241973877,0.0,7.544335842132568
B,4,2,only_T5,200,0.26999998092651367,0.44999998807907104,-3.049334764480591,-2.189884662628174,1.6597394017211624,7.544335842132568
B,4,2,only_T10,200,0.014999999664723873,0.8650000095367432,-4.7708306312561035,-1.1362873315811157,1.1020779552541153,7.544335842132568
B,4,2,only_T100,200,0.0,0.9799999594688416,-5.171557426452637,-0.8345898985862732,0.26755450648237117,7.544335842132568
B,4,2,only_lin,200,0.004999999888241291,0.9899999499320984,-5.193676471710205,-0.8274075984954834,0.1607972986407794,7.544335842132568
B,4,2,random_orth,200,0.0,0.9699999690055847,-5.228071212768555,-0.8589207530021667,1.9994092846129405,7.544335842132568
B,4,2,real_diff_in_helix_subspace,200,0.5450000166893005,0.2549999952316284,-2.0059173107147217,-3.244673013687134,2.074198422688351,7.544335842132568
B,4,2,full_swap,200,0.8700000047683716,0.014999999664723873,-1.1181166172027588,-4.733479976654053,4.967901706695557,7.544335842132568
B,5,2,helix,200,0.6150000095367432,0.20499999821186066,-1.831968069076538,-3.2186765670776367,2.18357503210111,8.489167213439941
B,5,2,only_T2,200,0.0,1.0,-5.218560218811035,-0.8288872241973877,0.0,8.489167213439941
B,5,2,only_T5,200,0.2849999964237213,0.429999977350235,-3.0212347507476807,-2.2279210090637207,1.808724167808128,8.489167213439941
B,5,2,only_T10,200,0.014999999664723873,0.8549999594688416,-4.747820854187012,-1.1469258069992065,1.2171062523741734,8.489167213439941
B,5,2,only_T100,200,0.0,0.9799999594688416,-5.171431541442871,-0.8364081978797913,0.29435484252883215,8.489167213439941
B,5,2,only_lin,200,0.004999999888241291,0.98499995470047,-5.19401741027832,-0.8271152973175049,0.17724547167212293,8.489167213439941
B,5,2,random_orth,200,0.0,0.9799999594688416,-5.196936130523682,-0.8481602072715759,2.18357503210111,8.489167213439941
B,5,2,real_diff_in_helix_subspace,200,0.5550000071525574,0.2449999898672104,-2.0493252277374268,-3.2683475017547607,2.2743112646502746,8.489167213439941
B,5,2,full_swap,200,0.8700000047683716,0.014999999664723873,-1.1255306005477905,-4.740391254425049,5.475351333618164,8.489167213439941
B,6,2,helix,200,0.6399999856948853,0.20999999344348907,-1.832385540008545,-3.220696449279785,2.3821356525705095,9.91429328918457
B,6,2,only_T2,200,0.0,1.0,-5.218560218811035,-0.8288872241973877,0.0,9.91429328918457
B,6,2,only_T5,200,0.2800000011920929,0.42499998211860657,-3.0221710205078125,-2.2493951320648193,1.9842235095659038,9.91429328918457
B,6,2,only_T10,200,0.019999999552965164,0.8650000095367432,-4.728718280792236,-1.144349217414856,1.3237777784548108,9.91429328918457
B,6,2,only_T100,200,0.0,0.9799999594688416,-5.17704963684082,-0.8370589017868042,0.3226159624621684,9.91429328918457
B,6,2,only_lin,200,0.004999999888241291,0.98499995470047,-5.190354347229004,-0.8272495865821838,0.19988076440799254,9.91429328918457
B,6,2,random_orth,200,0.004999999888241291,0.9749999642372131,-5.223408222198486,-0.8487168550491333,2.3821356525705095,9.91429328918457
B,6,2,real_diff_in_helix_subspace,200,0.5199999809265137,0.22499999403953552,-2.0899834632873535,-3.3227028846740723,2.531462450016868,9.91429328918457
B,6,2,full_swap,200,0.8700000047683716,0.014999999664723873,-1.1209193468093872,-4.735437870025635,5.996099948883057,9.91429328918457
B,7,2,helix,200,0.6299999952316284,0.20499999821186066,-1.839937686920166,-3.231924295425415,2.456942694095699,10.653473854064941
B,7,2,only_T2,200,0.0,1.0,-5.218560218811035,-0.8288872241973877,0.0,10.653473854064941
B,7,2,only_T5,200,0.2750000059604645,0.42499998211860657,-3.023002862930298,-2.2503464221954346,2.037897913872485,10.653473854064941
B,7,2,only_T10,200,0.014999999664723873,0.85999995470047,-4.7254204750061035,-1.1534966230392456,1.3838443546873709,10.653473854064941
B,7,2,only_T100,200,0.0,0.9799999594688416,-5.17353630065918,-0.8383991122245789,0.3382396246464672,10.653473854064941
B,7,2,only_lin,200,0.004999999888241291,0.9899999499320984,-5.191987991333008,-0.8270485401153564,0.20720242660990254,10.653473854064941
B,7,2,random_orth,200,0.004999999888241291,0.9749999642372131,-5.228355407714844,-0.8474546670913696,2.456942694095699,10.653473854064941
B,7,2,real_diff_in_helix_subspace,200,0.5450000166893005,0.19999998807907104,-2.1080734729766846,-3.3452084064483643,2.647127858496852,10.653473854064941
B,7,2,full_swap,200,0.875,0.009999999776482582,-1.1200213432312012,-4.7357048988342285,6.216772556304932,10.653473854064941
B,8,2,helix,200,0.6299999952316284,0.20999999344348907,-1.825688123703003,-3.2665157318115234,2.5781185175865398,12.0697021484375
B,8,2,only_T2,200,0.0,1.0,-5.218560218811035,-0.8288872241973877,0.0,12.0697021484375
B,8,2,only_T5,200,0.26999998092651367,0.42499998211860657,-2.9944536685943604,-2.2725493907928467,2.1191741602290053,12.0697021484375
B,8,2,only_T10,200,0.019999999552965164,0.8549999594688416,-4.7153449058532715,-1.1576820611953735,1.4871930953486623,12.0697021484375
B,8,2,only_T100,200,0.0,0.9799999594688416,-5.166837215423584,-0.8393183946609497,0.3504830471676161,12.0697021484375
B,8,2,only_lin,200,0.004999999888241291,0.98499995470047,-5.195181369781494,-0.8272625803947449,0.21725803164315444,12.0697021484375
B,8,2,random_orth,200,0.0,0.9699999690055847,-5.21641206741333,-0.8568416237831116,2.5781185175865393,12.0697021484375
B,8,2,real_diff_in_helix_subspace,200,0.5,0.22999998927116394,-2.223012924194336,-3.3930461406707764,2.8399096411280857,12.0697021484375
B,8,2,full_swap,200,0.8650000095367432,0.014999999664723873,-1.117645502090454,-4.733189105987549,6.547093391418457,12.0697021484375
B,9,2,helix,200,0.6299999952316284,0.19999998807907104,-1.807862401008606,-3.2790515422821045,2.5865088147586586,12.981017112731934
B,9,2,only_T2,200,0.0,1.0,-5.218560218811035,-0.8288872241973877,0.0,12.981017112731934
B,9,2,only_T5,200,0.2800000011920929,0.41499999165534973,-2.982069730758667,-2.282426118850708,2.1195473843643033,12.981017112731934
B,9,2,only_T10,200,0.004999999888241291,0.8700000047683716,-4.7072248458862305,-1.1633199453353882,1.502188226012639,12.981017112731934
B,9,2,only_T100,200,0.0,0.9749999642372131,-5.167330265045166,-0.8391749858856201,0.35271876469020497,12.981017112731934
B,9,2,only_lin,200,0.004999999888241291,0.9799999594688416,-5.197900295257568,-0.8279736042022705,0.2183623018235587,12.981017112731934
B,9,2,random_orth,200,0.004999999888241291,0.9649999737739563,-5.200124263763428,-0.8507403135299683,2.5865088147586586,12.981017112731934
B,9,2,real_diff_in_helix_subspace,200,0.5,0.2199999988079071,-2.3745245933532715,-3.460209369659424,2.9322362569132228,12.981017112731934
B,9,2,full_swap,200,0.8700000047683716,0.014999999664723873,-1.1162339448928833,-4.732850074768066,6.7576518058776855,12.981017112731934
B,10,2,helix,200,0.6449999809265137,0.1850000023841858,-1.7766672372817993,-3.3159549236297607,2.6856519897032216,13.416956901550293
B,10,2,only_T2,200,0.0,1.0,-5.218560218811035,-0.8288872241973877,0.0,13.416956901550293
B,10,2,only_T5,200,0.2849999964237213,0.39499998092651367,-2.9492247104644775,-2.3308703899383545,2.202844883790448,13.416956901550293
B,10,2,only_T10,200,0.019999999552965164,0.8499999642372131,-4.707563400268555,-1.1766372919082642,1.5703817185508933,13.416956901550293
B,10,2,only_T100,200,0.0,0.9749999642372131,-5.167770862579346,-0.839712381362915,0.3530622901637887,13.416956901550293
B,10,2,only_lin,200,0.004999999888241291,0.98499995470047,-5.192671775817871,-0.8257761001586914,0.22115949700084378,13.416956901550293
B,10,2,random_orth,200,0.0,0.98499995470047,-5.204851150512695,-0.8358408808708191,2.685651989703221,13.416956901550293
B,10,2,real_diff_in_helix_subspace,200,0.45499998331069946,0.20499999821186066,-2.4751906394958496,-3.5187747478485107,3.093256657790297,13.416956901550293
B,10,2,full_swap,200,0.8700000047683716,0.019999999552965164,-1.1180367469787598,-4.731978416442871,6.926168441772461,13.416956901550293
B,11,2,helix,200,0.6699999570846558,0.16499999165534973,-1.7171742916107178,-3.3730320930480957,2.927443786394713,14.302696228027344
B,11,2,only_T2,200,0.0,1.0,-5.218560218811035,-0.8288872241973877,0.0,14.302696228027344
B,11,2,only_T5,200,0.29999998211860657,0.38999998569488525,-2.8710429668426514,-2.4098427295684814,2.395610053080395,14.302696228027344
B,11,2,only_T10,200,0.014999999664723873,0.8399999737739563,-4.704341888427734,-1.2217562198638916,1.676392483046635,14.302696228027344
B,11,2,only_T100,200,0.0,0.9799999594688416,-5.169307708740234,-0.8392714262008667,0.3585784829516126,14.302696228027344
B,11,2,only_lin,200,0.004999999888241291,0.98499995470047,-5.198940753936768,-0.827336311340332,0.22452548268143832,14.302696228027344
B,11,2,random_orth,200,0.0,0.9799999594688416,-5.220910549163818,-0.8438937664031982,2.927443786394713,14.302696228027344
B,11,2,real_diff_in_helix_subspace,200,0.44999998807907104,0.19499999284744263,-2.3969171047210693,-3.5818419456481934,3.399731905666641,14.302696228027344
B,11,2,full_swap,200,0.8650000095367432,0.019999999552965164,-1.1165430545806885,-4.717747211456299,7.247720718383789,14.302696228027344
B,12,2,helix,200,0.6850000023841858,0.14999999105930328,-1.6487658023834229,-3.452383279800415,3.2475859298992447,14.519327163696289
B,12,2,only_T2,200,0.0,1.0,-5.218560218811035,-0.8288872241973877,0.0,14.519327163696289
B,12,2,only_T5,200,0.35999998450279236,0.3199999928474426,-2.774871826171875,-2.5344369411468506,2.659370387244438,14.519327163696289
B,12,2,only_T10,200,0.009999999776482582,0.8399999737739563,-4.701231956481934,-1.2654039859771729,1.8574346681408394,14.519327163696289
B,12,2,only_T100,200,0.0,0.9799999594688416,-5.163724422454834,-0.8403185606002808,0.36563978198502656,14.519327163696289
B,12,2,only_lin,200,0.004999999888241291,0.98499995470047,-5.195148944854736,-0.8311122059822083,0.227574790249559,14.519327163696289
B,12,2,random_orth,200,0.004999999888241291,0.98499995470047,-5.214920520782471,-0.8393374681472778,3.2475859298992447,14.519327163696289
B,12,2,real_diff_in_helix_subspace,200,0.5099999904632568,0.19499999284744263,-2.186532497406006,-3.5992045402526855,3.6422954641066063,14.519327163696289
B,12,2,full_swap,200,0.8549999594688416,0.019999999552965164,-1.1212866306304932,-4.711197853088379,7.554698467254639,14.519327163696289
B,13,2,helix,200,0.6649999618530273,0.17000000178813934,-1.686298131942749,-3.3814074993133545,3.4975022153312927,15.513415336608887
B,13,2,only_T2,200,0.0,1.0,-5.218560218811035,-0.8288872241973877,0.0,15.513415336608887
B,13,2,only_T5,200,0.35499998927116394,0.3400000035762787,-2.7691376209259033,-2.504344940185547,2.8765983893833096,15.513415336608887
B,13,2,only_T10,200,0.009999999776482582,0.824999988079071,-4.702084064483643,-1.2745912075042725,2.0054034556987173,15.513415336608887
B,13,2,only_T100,200,0.0,0.9749999642372131,-5.162374019622803,-0.8411588668823242,0.38811558811295094,15.513415336608887
B,13,2,only_lin,200,0.004999999888241291,0.98499995470047,-5.195871353149414,-0.8336983919143677,0.23858704423881044,15.513415336608887
B,13,2,random_orth,200,0.004999999888241291,0.9699999690055847,-5.209445476531982,-0.8498749136924744,3.497502215331293,15.513415336608887
B,13,2,real_diff_in_helix_subspace,200,0.550000011920929,0.1850000023841858,-2.1349895000457764,-3.5129880905151367,3.860898670336645,15.513415336608887
B,13,2,full_swap,200,0.8700000047683716,0.019999999552965164,-1.1194720268249512,-4.639095783233643,7.86433219909668,15.513415336608887
B,14,2,helix,200,0.6699999570846558,0.1550000011920929,-1.67913019657135,-3.395665168762207,3.585746976568454,16.86324691772461
B,14,2,only_T2,200,0.0,1.0,-5.218560218811035,-0.8288872241973877,0.0,16.86324691772461
B,14,2,only_T5,200,0.3499999940395355,0.32999998331069946,-2.7531991004943848,-2.5200462341308594,2.9417040292822194,16.86324691772461
B,14,2,only_T10,200,0.009999999776482582,0.824999988079071,-4.709877014160156,-1.2779420614242554,2.0745018171517846,16.86324691772461
B,14,2,only_T100,200,0.0,0.9749999642372131,-5.163935661315918,-0.8430769443511963,0.3927503220248995,16.86324691772461
B,14,2,only_lin,200,0.004999999888241291,0.98499995470047,-5.1953325271606445,-0.8333864212036133,0.2463313953656793,16.86324691772461
B,14,2,random_orth,200,0.004999999888241291,0.9799999594688416,-5.219960689544678,-0.8479301333427429,3.585746976568454,16.86324691772461
B,14,2,real_diff_in_helix_subspace,200,0.5049999952316284,0.1850000023841858,-2.1996963024139404,-3.4866366386413574,3.9922885816646123,16.86324691772461
B,14,2,full_swap,200,0.8650000095367432,0.02499999850988388,-1.1145704984664917,-4.638078689575195,8.020339012145996,16.86324691772461
B,15,2,helix,200,0.6599999666213989,0.1550000011920929,-1.661858320236206,-3.4236488342285156,3.801389378142085,18.302221298217773
B,15,2,only_T2,200,0.0,1.0,-5.218560218811035,-0.8288872241973877,0.0,18.302221298217773
B,15,2,only_T5,200,0.35999998450279236,0.3199999928474426,-2.7346911430358887,-2.5571696758270264,3.1264106330175467,18.302221298217773
B,15,2,only_T10,200,0.009999999776482582,0.824999988079071,-4.713932514190674,-1.2862608432769775,2.190278469872809,18.302221298217773
B,15,2,only_T100,200,0.0,0.9749999642372131,-5.165311336517334,-0.8419833183288574,0.4403762278194452,18.302221298217773
B,15,2,only_lin,200,0.004999999888241291,0.98499995470047,-5.195685386657715,-0.833169162273407,0.27255303784511237,18.302221298217773
B,15,2,random_orth,200,0.0,0.9799999594688416,-5.219470024108887,-0.8361349105834961,3.801389378142085,18.302221298217773
B,15,2,real_diff_in_helix_subspace,200,0.4949999749660492,0.19999998807907104,-2.235145330429077,-3.4762380123138428,4.262140692652653,18.302221298217773
B,15,2,full_swap,200,0.8700000047683716,0.02499999850988388,-1.1210700273513794,-4.611081600189209,8.50230884552002,18.302221298217773
B,16,2,helix,200,0.7400000095367432,0.08999999612569809,-1.5250157117843628,-3.7624621391296387,4.664209624566911,20.271411895751953
B,16,2,only_T2,200,0.0,1.0,-5.218560218811035,-0.8288872241973877,0.0,20.271411895751953
B,16,2,only_T5,200,0.429999977350235,0.25,-2.532210111618042,-2.971125364303589,3.820177920627687,20.271411895751953
B,16,2,only_T10,200,0.004999999888241291,0.7699999809265137,-4.65871524810791,-1.5311634540557861,2.6608589581748934,20.271411895751953
B,16,2,only_T100,200,0.0,0.9749999642372131,-5.159716606140137,-0.8485247492790222,0.5314774125857847,20.271411895751953
B,16,2,only_lin,200,0.004999999888241291,0.98499995470047,-5.198933124542236,-0.8312533497810364,0.31513975076137,20.271411895751953
B,16,2,random_orth,200,0.0,0.9699999690055847,-5.23245906829834,-0.8384809494018555,4.664209624566911,20.271411895751953
B,16,2,real_diff_in_helix_subspace,200,0.6299999952316284,0.11499999463558197,-1.9090646505355835,-3.7844841480255127,5.016609770859151,20.271411895751953
B,16,2,full_swap,200,0.85999995470047,0.03999999910593033,-1.1156578063964844,-4.584987640380859,9.930489540100098,20.271411895751953
B,17,2,helix,200,0.6150000095367432,0.22499999403953552,-1.7787405252456665,-3.195909023284912,4.86680437940895,22.094276428222656
B,17,2,only_T2,200,0.0,1.0,-5.218560218811035,-0.8288872241973877,0.0,22.094276428222656
B,17,2,only_T5,200,0.3349999785423279,0.3700000047683716,-2.781508445739746,-2.4771413803100586,3.9777790802658264,22.094276428222656
B,17,2,only_T10,200,0.009999999776482582,0.8199999928474426,-4.692536354064941,-1.3869194984436035,2.7922266119178083,22.094276428222656
B,17,2,only_T100,200,0.0,0.9799999594688416,-5.1667280197143555,-0.8427552580833435,0.5599273189666533,22.094276428222656
B,17,2,only_lin,200,0.004999999888241291,0.98499995470047,-5.20405387878418,-0.832788348197937,0.3261943710616621,22.094276428222656
B,17,2,random_orth,200,0.004999999888241291,0.98499995470047,-5.212932109832764,-0.8406899571418762,4.86680437940895,22.094276428222656
B,17,2,real_diff_in_helix_subspace,200,0.5099999904632568,0.2549999952316284,-2.109137535095215,-3.220747709274292,5.207600432166831,22.094276428222656
B,17,2,full_swap,200,0.7549999952316284,0.13499999046325684,-1.3765963315963745,-3.903416872024536,10.429316520690918,22.094276428222656
B,18,2,helix,200,0.23999999463558197,0.6150000095367432,-3.6522789001464844,-1.8667341470718384,5.090628468323298,23.277935028076172
B,18,2,only_T2,200,0.0,1.0,-5.218560218811035,-0.8288872241973877,0.0,23.277935028076172
B,18,2,only_T5,200,0.11499999463558197,0.75,-4.125214099884033,-1.463659644126892,4.172852323224935,23.277935028076172
B,18,2,only_T10,200,0.009999999776482582,0.9049999713897705,-4.955967903137207,-1.064227819442749,2.8948569354087748,23.277935028076172
B,18,2,only_T100,200,0.0,0.98499995470047,-5.190479755401611,-0.8339352011680603,0.5881840075299587,23.277935028076172
B,18,2,only_lin,200,0.004999999888241291,0.9899999499320984,-5.197564125061035,-0.8392759561538696,0.34069058584939305,23.277935028076172
B,18,2,random_orth,200,0.004999999888241291,0.9899999499320984,-5.235881328582764,-0.825535237789154,5.090628468323298,23.277935028076172
B,18,2,real_diff_in_helix_subspace,200,0.19999998807907104,0.6349999904632568,-3.7956199645996094,-1.8526118993759155,5.484616757218553,23.277935028076172
B,18,2,full_swap,200,0.3100000023841858,0.5399999618530273,-3.169827699661255,-2.281635284423828,11.095789909362793,23.277935028076172
B,19,2,helix,200,0.014999999664723873,0.949999988079071,-4.7340087890625,-0.9657513499259949,5.487863276593539,25.76873779296875
B,19,2,only_T2,200,0.0,1.0,-5.218560218811035,-0.8288872241973877,0.0,25.76873779296875
B,19,2,only_T5,200,0.009999999776482582,0.9649999737739563,-4.90423583984375,-0.9154737591743469,4.525374986171974,25.76873779296875
B,19,2,only_T10,200,0.004999999888241291,0.9749999642372131,-5.115330219268799,-0.8789718151092529,3.0966555599393115,25.76873779296875
B,19,2,only_T100,200,0.0,0.9950000047683716,-5.2043304443359375,-0.8247771859169006,0.629045019309348,25.76873779296875
B,19,2,only_lin,200,0.0,0.9950000047683716,-5.213215351104736,-0.8280683159828186,0.3818433567818873,25.76873779296875
B,19,2,random_orth,200,0.0,1.0,-5.230673789978027,-0.8315718173980713,5.487863276593539,25.76873779296875
B,19,2,real_diff_in_helix_subspace,200,0.014999999664723873,0.949999988079071,-4.732653617858887,-0.9490525126457214,5.975987938967519,25.76873779296875
B,19,2,full_swap,200,0.02499999850988388,0.9599999785423279,-4.4124603271484375,-1.0453040599822998,11.828536033630371,25.76873779296875
B,20,2,helix,200,0.014999999664723873,0.9449999928474426,-4.719881057739258,-0.9850760698318481,5.772102378020174,26.9217472076416
B,20,2,only_T2,200,0.0,1.0,-5.218560218811035,-0.8288872241973877,0.0,26.9217472076416
B,20,2,only_T5,200,0.009999999776482582,0.9649999737739563,-4.89789342880249,-0.9232738018035889,4.778142039748604,26.9217472076416
B,20,2,only_T10,200,0.004999999888241291,0.9699999690055847,-5.11223030090332,-0.8891224265098572,3.2329052991532796,26.9217472076416
B,20,2,only_T100,200,0.0,0.9950000047683716,-5.200984001159668,-0.8254520297050476,0.663644470801955,26.9217472076416
B,20,2,only_lin,200,0.0,0.9950000047683716,-5.214665412902832,-0.828345000743866,0.3981558089007013,26.9217472076416
B,20,2,random_orth,200,0.004999999888241291,0.9950000047683716,-5.227980613708496,-0.8311771750450134,5.772102378020172,26.9217472076416
B,20,2,real_diff_in_helix_subspace,200,0.014999999664723873,0.9449999928474426,-4.726555347442627,-0.9657194018363953,6.250392330590635,26.9217472076416
B,20,2,full_swap,200,0.029999999329447746,0.9350000023841858,-4.387364864349365,-1.0670452117919922,12.40765380859375,26.9217472076416
B,21,2,helix,200,0.0,0.9950000047683716,-5.219832420349121,-0.8229734897613525,5.932833966533122,28.637657165527344
B,21,2,only_T2,200,0.0,1.0,-5.218560218811035,-0.8288872241973877,0.0,28.637657165527344
B,21,2,only_T5,200,0.0,1.0,-5.230513572692871,-0.8249792456626892,4.899382011659206,28.637657165527344
B,21,2,only_T10,200,0.0,0.9950000047683716,-5.217267990112305,-0.8246152997016907,3.3339392074009755,28.637657165527344
B,21,2,only_T100,200,0.0,1.0,-5.214288711547852,-0.8275372385978699,0.7072998382447703,28.637657165527344
B,21,2,only_lin,200,0.0,1.0,-5.216253757476807,-0.8295819163322449,0.42041739119151134,28.637657165527344
B,21,2,random_orth,200,0.0,0.9950000047683716,-5.22216796875,-0.8307094573974609,5.932833966533122,28.637657165527344
B,21,2,real_diff_in_helix_subspace,200,0.004999999888241291,0.9950000047683716,-5.209714889526367,-0.8269887566566467,6.445465733814419,28.637657165527344
B,21,2,full_swap,200,0.0,0.9950000047683716,-5.175718784332275,-0.8358998894691467,12.848257064819336,28.637657165527344
B,22,2,helix,200,0.0,0.9950000047683716,-5.22169303894043,-0.8232049345970154,6.154268238317801,31.17330551147461
B,22,2,only_T2,200,0.0,1.0,-5.218560218811035,-0.8288872241973877,0.0,31.17330551147461
B,22,2,only_T5,200,0.0,1.0,-5.229804515838623,-0.8259454369544983,5.063668026611352,31.17330551147461
B,22,2,only_T10,200,0.0,0.9950000047683716,-5.218717098236084,-0.824551522731781,3.4859602445014275,31.17330551147461
B,22,2,only_T100,200,0.0,0.9950000047683716,-5.214827537536621,-0.8278695344924927,0.7399019332280272,31.17330551147461
B,22,2,only_lin,200,0.0,1.0,-5.2166900634765625,-0.826958954334259,0.4401856330192983,31.17330551147461
B,22,2,random_orth,200,0.0,0.9950000047683716,-5.2208251953125,-0.8275461196899414,6.154268238317802,31.17330551147461
B,22,2,real_diff_in_helix_subspace,200,0.004999999888241291,0.9950000047683716,-5.211681842803955,-0.82692551612854,6.752552192121691,31.17330551147461
B,22,2,full_swap,200,0.0,0.9950000047683716,-5.178163528442383,-0.8373209834098816,13.483962059020996,31.17330551147461
B,23,2,helix,200,0.0,0.9950000047683716,-5.238396644592285,-0.8192535042762756,6.435902178028658,32.99502182006836
B,23,2,only_T2,200,0.0,1.0,-5.218560218811035,-0.8288872241973877,0.0,32.99502182006836
B,23,2,only_T5,200,0.0,0.9950000047683716,-5.232083797454834,-0.824683427810669,5.301145329785215,32.99502182006836
B,23,2,only_T10,200,0.0,0.9950000047683716,-5.227759838104248,-0.8200106620788574,3.646637049980833,32.99502182006836
B,23,2,only_T100,200,0.0,1.0,-5.21923828125,-0.82828289270401,0.7675097661288648,32.99502182006836
B,23,2,only_lin,200,0.0,1.0,-5.220193862915039,-0.8307024836540222,0.4613476546903444,32.99502182006836
B,23,2,random_orth,200,0.0,0.9950000047683716,-5.225246429443359,-0.8260075449943542,6.435902178028659,32.99502182006836
B,23,2,real_diff_in_helix_subspace,200,0.0,0.9950000047683716,-5.237499713897705,-0.817895770072937,7.0813588748465035,32.99502182006836
B,23,2,full_swap,200,0.0,0.9950000047683716,-5.232975482940674,-0.826026439666748,14.178276062011719,32.99502182006836
B,24,2,helix,200,0.0,0.9899999499320984,-5.219180583953857,-0.8269950151443481,6.7204156958244265,34.64781188964844
B,24,2,only_T2,200,0.0,1.0,-5.218560218811035,-0.8288872241973877,0.0,34.64781188964844
B,24,2,only_T5,200,0.0,0.9899999499320984,-5.2210822105407715,-0.8259871006011963,5.551658130905658,34.64781188964844
B,24,2,only_T10,200,0.0,0.9899999499320984,-5.221209526062012,-0.827184796333313,3.791444318472356,34.64781188964844
B,24,2,only_T100,200,0.0,1.0,-5.219078063964844,-0.8289477229118347,0.7932650417557017,34.64781188964844
B,24,2,only_lin,200,0.0,1.0,-5.218379497528076,-0.8304386734962463,0.4783062584464387,34.64781188964844
B,24,2,random_orth,200,0.0,1.0,-5.2266154289245605,-0.8284762501716614,6.720415695824426,34.64781188964844
B,24,2,real_diff_in_helix_subspace,200,0.0,0.9899999499320984,-5.218515396118164,-0.8253541588783264,7.4355731866973995,34.64781188964844
B,24,2,full_swap,200,0.0,0.9950000047683716,-5.208308696746826,-0.8228051662445068,14.877948760986328,34.64781188964844
B,25,2,helix,200,0.0,0.9899999499320984,-5.217630386352539,-0.8267937898635864,6.967238214521278,37.229530334472656
B,25,2,only_T2,200,0.0,1.0,-5.218560218811035,-0.8288872241973877,0.0,37.229530334472656
B,25,2,only_T5,200,0.0,0.9899999499320984,-5.21848726272583,-0.8260512351989746,5.762596571829849,37.229530334472656
B,25,2,only_T10,200,0.0,0.9950000047683716,-5.218484878540039,-0.8282415866851807,3.93128507234082,37.229530334472656
B,25,2,only_T100,200,0.0,1.0,-5.218945026397705,-0.8293648362159729,0.8238486784245795,37.229530334472656
B,25,2,only_lin,200,0.0,1.0,-5.217464447021484,-0.8301800489425659,0.4990237929183944,37.229530334472656
B,25,2,random_orth,200,0.0,0.9950000047683716,-5.2268571853637695,-0.8280087113380432,6.967238214521278,37.229530334472656
B,25,2,real_diff_in_helix_subspace,200,0.0,0.9899999499320984,-5.2170209884643555,-0.8255234360694885,7.7440845668471,37.229530334472656
B,25,2,full_swap,200,0.0,0.9899999499320984,-5.207301139831543,-0.8252923488616943,15.620744705200195,37.229530334472656
B,26,2,helix,200,0.0,0.9899999499320984,-5.21426248550415,-0.8285508751869202,7.2014047154294305,39.20439910888672
B,26,2,only_T2,200,0.0,1.0,-5.218560218811035,-0.8288872241973877,0.0,39.20439910888672
B,26,2,only_T5,200,0.0,0.9899999499320984,-5.217555999755859,-0.826328694820404,5.949067736796142,39.20439910888672
B,26,2,only_T10,200,0.0,0.9899999499320984,-5.219607830047607,-0.8297128081321716,4.0755419217406565,39.20439910888672
B,26,2,only_T100,200,0.0,1.0,-5.218523979187012,-0.8287338614463806,0.8455989502178427,39.20439910888672
B,26,2,only_lin,200,0.0,1.0,-5.217706203460693,-0.8298031687736511,0.5162548470659545,39.20439910888672
B,26,2,random_orth,200,0.0,0.9950000047683716,-5.22184419631958,-0.8297105431556702,7.201404715429431,39.20439910888672
B,26,2,real_diff_in_helix_subspace,200,0.0,0.9899999499320984,-5.21433687210083,-0.8280256390571594,8.082392944854114,39.20439910888672
B,26,2,full_swap,200,0.0,0.9950000047683716,-5.207167148590088,-0.8291806578636169,16.255111694335938,39.20439910888672
B,27,2,helix,200,0.0,0.9899999499320984,-5.216526508331299,-0.8277009129524231,7.43431592236213,41.746482849121094
B,27,2,only_T2,200,0.0,1.0,-5.218560218811035,-0.8288872241973877,0.0,41.746482849121094
B,27,2,only_T5,200,0.0,0.9950000047683716,-5.219191074371338,-0.8254888653755188,6.130342138234243,41.746482849121094
B,27,2,only_T10,200,0.0,0.9950000047683716,-5.219668865203857,-0.829342782497406,4.231692834681994,41.746482849121094
B,27,2,only_T100,200,0.0,1.0,-5.218769550323486,-0.8290665149688721,0.8734024083758982,41.746482849121094
B,27,2,only_lin,200,0.0,1.0,-5.218585014343262,-0.8299029469490051,0.5345241295851199,41.746482849121094
B,27,2,random_orth,200,0.0,1.0,-5.219046592712402,-0.8304876685142517,7.43431592236213,41.746482849121094
B,27,2,real_diff_in_helix_subspace,200,0.0,0.9899999499320984,-5.216498374938965,-0.826950192451477,8.406611119860216,41.746482849121094
B,27,2,full_swap,200,0.0,0.9950000047683716,-5.213091850280762,-0.8284924030303955,16.88852882385254,41.746482849121094
B,28,2,helix,200,0.0,0.9899999499320984,-5.216548442840576,-0.8273526430130005,7.679705595527255,44.52688980102539
B,28,2,only_T2,200,0.0,1.0,-5.218560218811035,-0.8288872241973877,0.0,44.52688980102539
B,28,2,only_T5,200,0.0,0.9899999499320984,-5.217799186706543,-0.8259722590446472,6.32313208852,44.52688980102539
B,28,2,only_T10,200,0.0,0.9950000047683716,-5.220392227172852,-0.8288280367851257,4.392878148973861,44.52688980102539
B,28,2,only_T100,200,0.0,1.0,-5.218713283538818,-0.8287497758865356,0.8966234023763804,44.52688980102539
B,28,2,only_lin,200,0.0,1.0,-5.218514442443848,-0.8292446136474609,0.5483699960244904,44.52688980102539
B,28,2,random_orth,200,0.0,0.9950000047683716,-5.220337867736816,-0.8284730315208435,7.679705595527255,44.52688980102539
B,28,2,real_diff_in_helix_subspace,200,0.0,0.9899999499320984,-5.216002464294434,-0.827197790145874,8.76251682783628,44.52688980102539
B,28,2,full_swap,200,0.0,0.9950000047683716,-5.210900783538818,-0.8297132849693298,17.615110397338867,44.52688980102539
B,29,2,helix,200,0.0,0.9899999499320984,-5.215617656707764,-0.8273645043373108,7.912977025900165,47.82743835449219
B,29,2,only_T2,200,0.0,1.0,-5.218560218811035,-0.8288872241973877,0.0,47.82743835449219
B,29,2,only_T5,200,0.0,0.9899999499320984,-5.217113018035889,-0.8276311159133911,6.489251807260448,47.82743835449219
B,29,2,only_T10,200,0.0,0.9950000047683716,-5.220361232757568,-0.8286869525909424,4.576173291020998,47.82743835449219
B,29,2,only_T100,200,0.0,1.0,-5.219339370727539,-0.828760027885437,0.9224591275611257,47.82743835449219
B,29,2,only_lin,200,0.0,1.0,-5.2188310623168945,-0.8282676339149475,0.5690814126097242,47.82743835449219
B,29,2,random_orth,200,0.0,1.0,-5.220799446105957,-0.829376757144928,7.912977025900165,47.82743835449219
B,29,2,real_diff_in_helix_subspace,200,0.0,0.9899999499320984,-5.215893268585205,-0.8262302875518799,9.137415956883046,47.82743835449219
B,29,2,full_swap,200,0.0,0.9950000047683716,-5.209260940551758,-0.8249857425689697,18.41557502746582,47.82743835449219
B,30,2,helix,200,0.0,0.9950000047683716,-5.218679904937744,-0.8288498520851135,8.2721590760607,60.13645553588867
B,30,2,only_T2,200,0.0,1.0,-5.218560218811035,-0.8288872241973877,0.0,60.13645553588867
B,30,2,only_T5,200,0.0,1.0,-5.217635154724121,-0.8284791111946106,6.73649463497758,60.13645553588867
B,30,2,only_T10,200,0.0,0.9950000047683716,-5.219592094421387,-0.8289530873298645,4.880065646440957,60.13645553588867
B,30,2,only_T100,200,0.0,1.0,-5.218717098236084,-0.8292357921600342,0.951445040151277,60.13645553588867
B,30,2,only_lin,200,0.0,1.0,-5.218970775604248,-0.8289681673049927,0.59499387629507,60.13645553588867
B,30,2,random_orth,200,0.0,1.0,-5.219236850738525,-0.8286013603210449,8.2721590760607,60.13645553588867
B,30,2,real_diff_in_helix_subspace,200,0.0,0.9950000047683716,-5.217854976654053,-0.8289865851402283,9.794487652373645,60.13645553588867
B,30,2,full_swap,200,0.0,0.9950000047683716,-5.213679313659668,-0.8288137912750244,19.64330291748047,60.13645553588867
B,31,2,helix,200,0.0,1.0,-5.218560218811035,-0.8288872241973877,8.780925830240308,80.14008331298828
B,31,2,only_T2,200,0.0,1.0,-5.218560218811035,-0.8288872241973877,0.0,80.14008331298828
B,31,2,only_T5,200,0.0,1.0,-5.218560218811035,-0.8288872241973877,7.121690560399934,80.14008331298828
B,31,2,only_T10,200,0.0,1.0,-5.218560218811035,-0.8288872241973877,5.221112936470156,80.14008331298828
B,31,2,only_T100,200,0.0,1.0,-5.218560218811035,-0.8288872241973877,1.0016823240469421,80.14008331298828
B,31,2,only_lin,200,0.0,1.0,-5.218560218811035,-0.8288872241973877,0.6364422834914621,80.14008331298828
B,31,2,random_orth,200,0.0,1.0,-5.218560218811035,-0.8288872241973877,8.780925830240308,80.14008331298828
B,31,2,real_diff_in_helix_subspace,200,0.0,1.0,-5.218560218811035,-0.8288872241973877,10.749246853835775,80.14008331298828
B,31,2,full_swap,200,0.0,1.0,-5.218560218811035,-0.8288872241973877,21.261404037475586,80.14008331298828
B,0,5,helix,200,0.3100000023841858,0.03999999910593033,-2.9822049140930176,-4.132582664489746,1.8735864171986736,4.198911190032959
B,0,5,only_T2,200,0.0,0.4050000011920929,-6.031649112701416,-2.0392167568206787,1.0619493668470008,4.198911190032959
B,0,5,only_T5,200,0.0,0.9899999499320984,-6.935730457305908,-0.7851487398147583,1.5896595139395378e-15,4.198911190032959
B,0,5,only_T10,200,0.0,0.4949999749660492,-5.528321266174316,-2.364837646484375,1.4614585910533406,4.198911190032959
B,0,5,only_T100,200,0.0,0.9699999690055847,-6.68634033203125,-0.8333841562271118,0.5107557783790796,4.198911190032959
B,0,5,only_lin,200,0.0,0.98499995470047,-6.868616104125977,-0.7634513974189758,0.2742389821633211,4.198911190032959
B,0,5,random_orth,200,0.0,0.9599999785423279,-6.90581750869751,-0.8333441019058228,1.8735864171986736,4.198911190032959
B,0,5,real_diff_in_helix_subspace,200,0.3149999976158142,0.13499999046325684,-3.1720104217529297,-3.926110029220581,1.949955640836129,4.198911190032959
B,0,5,full_swap,200,0.8899999856948853,0.0,-1.0911753177642822,-6.022072792053223,4.470487117767334,4.198911190032959
B,1,5,helix,200,0.32999998331069946,0.03999999910593033,-2.947979688644409,-4.133373737335205,1.8875220441584537,4.7742204666137695
B,1,5,only_T2,200,0.0,0.4099999964237213,-6.0268402099609375,-2.0643157958984375,1.0755209923989688,4.7742204666137695
B,1,5,only_T5,200,0.0,0.9899999499320984,-6.935730457305908,-0.7851487398147583,1.604710115035648e-15,4.7742204666137695
B,1,5,only_T10,200,0.0,0.4949999749660492,-5.490321636199951,-2.419266700744629,1.4612021584130737,4.7742204666137695
B,1,5,only_T100,200,0.0,0.9749999642372131,-6.686903953552246,-0.8393288850784302,0.522810640098749,4.7742204666137695
B,1,5,only_lin,200,0.0,0.98499995470047,-6.861385345458984,-0.7626100778579712,0.29395309906541733,4.7742204666137695
B,1,5,random_orth,200,0.0,0.9899999499320984,-6.900214672088623,-0.8148014545440674,1.8875220441584537,4.7742204666137695
B,1,5,real_diff_in_helix_subspace,200,0.3149999976158142,0.10999999940395355,-3.100027322769165,-3.9367613792419434,1.9559208725257435,4.7742204666137695
B,1,5,full_swap,200,0.8849999904632568,0.0,-1.09604012966156,-6.013546466827393,4.450060844421387,4.7742204666137695
B,2,5,helix,200,0.32999998331069946,0.03999999910593033,-2.889920949935913,-4.1604766845703125,1.9976704757738049,5.492806434631348
B,2,5,only_T2,200,0.0,0.39499998092651367,-6.022669315338135,-2.089641571044922,1.1382421139105765,5.492806434631348
B,2,5,only_T5,200,0.0,0.9899999499320984,-6.935730457305908,-0.7851487398147583,1.67961534055524e-15,5.492806434631348
B,2,5,only_T10,200,0.0,0.48499998450279236,-5.4477219581604,-2.479125499725342,1.5394977358519037,5.492806434631348
B,2,5,only_T100,200,0.0,0.9749999642372131,-6.683013916015625,-0.8436214923858643,0.557988281540235,5.492806434631348
B,2,5,only_lin,200,0.0,0.9799999594688416,-6.8523712158203125,-0.7705987095832825,0.3216753835236021,5.492806434631348
B,2,5,random_orth,200,0.0,0.9749999642372131,-6.891244888305664,-0.8129991888999939,1.997670475773805,5.492806434631348
B,2,5,real_diff_in_helix_subspace,200,0.32499998807907104,0.0949999988079071,-2.9385406970977783,-4.019040584564209,2.05904868192874,5.492806434631348
B,2,5,full_swap,200,0.8899999856948853,0.0,-1.1020857095718384,-6.015572547912598,4.637735366821289,5.492806434631348
B,3,5,helix,200,0.35499998927116394,0.02499999850988388,-2.7972216606140137,-4.197258949279785,2.298265693024966,6.447260856628418
B,3,5,only_T2,200,0.0,0.4050000011920929,-6.022493839263916,-2.054548978805542,1.3475984062334734,6.447260856628418
B,3,5,only_T5,200,0.0,0.9899999499320984,-6.935730457305908,-0.7851487398147583,1.8438106890301943e-15,6.447260856628418
B,3,5,only_T10,200,0.004999999888241291,0.4699999988079071,-5.385895729064941,-2.5424458980560303,1.7523247481566,6.447260856628418
B,3,5,only_T100,200,0.0,0.9799999594688416,-6.695241928100586,-0.8325004577636719,0.6107403123567378,6.447260856628418
B,3,5,only_lin,200,0.0,0.98499995470047,-6.833929061889648,-0.7841450572013855,0.3623241285850935,6.447260856628418
B,3,5,random_orth,200,0.0,0.9749999642372131,-6.863000869750977,-0.8666850924491882,2.2982656930249656,6.447260856628418
B,3,5,real_diff_in_helix_subspace,200,0.375,0.04999999701976776,-2.761692523956299,-4.162299633026123,2.3729813372205264,6.447260856628418
B,3,5,full_swap,200,0.8799999952316284,0.0,-1.1033109426498413,-6.009499549865723,5.01449728012085,6.447260856628418
B,4,5,helix,200,0.3400000035762787,0.02499999850988388,-2.8203439712524414,-4.191363334655762,2.455425884769754,7.509516716003418
B,4,5,only_T2,200,0.0,0.41499999165534973,-6.029942035675049,-2.0624067783355713,1.4222603215168896,7.509516716003418
B,4,5,only_T5,200,0.0,0.9899999499320984,-6.935730457305908,-0.7851487398147583,1.962730102622543e-15,7.509516716003418
B,4,5,only_T10,200,0.0,0.4650000035762787,-5.380904197692871,-2.5726776123046875,1.8755839647930843,7.509516716003418
B,4,5,only_T100,200,0.0,0.9799999594688416,-6.6822943687438965,-0.8332154750823975,0.6676799493800442,7.509516716003418
B,4,5,only_lin,200,0.0,0.98499995470047,-6.837615013122559,-0.7804385423660278,0.40199324660194846,7.509516716003418
B,4,5,random_orth,200,0.0,0.9649999737739563,-6.871863842010498,-0.8265724778175354,2.455425884769754,7.509516716003418
B,4,5,real_diff_in_helix_subspace,200,0.375,0.05999999865889549,-2.800856590270996,-4.16547155380249,2.534827077439609,7.509516716003418
B,4,5,full_swap,200,0.8899999856948853,0.0,-1.1034250259399414,-6.013045310974121,5.4263739585876465,7.509516716003418
B,5,5,helix,200,0.3349999785423279,0.029999999329447746,-2.8031005859375,-4.21830940246582,2.701087696700761,8.442562103271484
B,5,5,only_T2,200,0.0,0.38999998569488525,-6.024916172027588,-2.098299741744995,1.5409735453014366,8.442562103271484
B,5,5,only_T5,200,0.0,0.9899999499320984,-6.935730457305908,-0.7851487398147583,2.139614522272129e-15,8.442562103271484
B,5,5,only_T10,200,0.0,0.44999998807907104,-5.363189697265625,-2.6190593242645264,2.0763247518583707,8.442562103271484
B,5,5,only_T100,200,0.0,0.9799999594688416,-6.684453010559082,-0.8344570994377136,0.7346113018343225,8.442562103271484
B,5,5,only_lin,200,0.0,0.9799999594688416,-6.835521221160889,-0.782204806804657,0.44311367918030725,8.442562103271484
B,5,5,random_orth,200,0.0,0.9799999594688416,-6.8906145095825195,-0.813523530960083,2.701087696700761,8.442562103271484
B,5,5,real_diff_in_helix_subspace,200,0.3700000047683716,0.08500000089406967,-2.8368213176727295,-4.175021171569824,2.7974494249053805,8.442562103271484
B,5,5,full_swap,200,0.8799999952316284,0.0,-1.1068871021270752,-6.013426303863525,6.013632297515869,8.442562103271484
B,6,5,helix,200,0.3199999928474426,0.02499999850988388,-2.825838565826416,-4.229086875915527,2.9681284249594855,9.905768394470215
B,6,5,only_T2,200,0.0,0.38999998569488525,-6.0154595375061035,-2.106525182723999,1.7147728979500076,9.905768394470215
B,6,5,only_T5,200,0.0,0.9899999499320984,-6.935730457305908,-0.7851487398147583,2.3490538232870026e-15,9.905768394470215
B,6,5,only_T10,200,0.0,0.44999998807907104,-5.3468499183654785,-2.6468899250030518,2.261969865894766,9.905768394470215
B,6,5,only_T100,200,0.0,0.9699999690055847,-6.689279556274414,-0.8373820185661316,0.8054274775721475,9.905768394470215
B,6,5,only_lin,200,0.0,0.9749999642372131,-6.823572158813477,-0.7853377461433411,0.4997019110199812,9.905768394470215
B,6,5,random_orth,200,0.0,0.9749999642372131,-6.918062686920166,-0.8244305849075317,2.9681284249594855,9.905768394470215
B,6,5,real_diff_in_helix_subspace,200,0.3700000047683716,0.044999998062849045,-2.895287036895752,-4.207022190093994,3.09908908411572,9.905768394470215
B,6,5,full_swap,200,0.8799999952316284,0.0,-1.10270094871521,-6.01416540145874,6.584549427032471,9.905768394470215
B,7,5,helix,200,0.3349999785423279,0.029999999329447746,-2.788454294204712,-4.245154857635498,3.0835452429772534,10.650578498840332
B,7,5,only_T2,200,0.0,0.39499998092651367,-6.016035556793213,-2.1001787185668945,1.7555572186574449,10.650578498840332
B,7,5,only_T5,200,0.0,0.9899999499320984,-6.935730457305908,-0.7851487398147583,2.4130762224769247e-15,10.650578498840332
B,7,5,only_T10,200,0.0,0.41999998688697815,-5.321735858917236,-2.682896614074707,2.362889901016745,10.650578498840332
B,7,5,only_T100,200,0.0,0.9749999642372131,-6.677689075469971,-0.8406023979187012,0.8442782872683446,10.650578498840332
B,7,5,only_lin,200,0.0,0.9749999642372131,-6.830655574798584,-0.7835530042648315,0.5180060665247562,10.650578498840332
B,7,5,random_orth,200,0.0,0.9749999642372131,-6.913057327270508,-0.828233003616333,3.0835452429772534,10.650578498840332
B,7,5,real_diff_in_helix_subspace,200,0.3649999797344208,0.05999999865889549,-2.8881609439849854,-4.2257513999938965,3.2380058038391315,10.650578498840332
B,7,5,full_swap,200,0.8799999952316284,0.0,-1.1032443046569824,-6.015169620513916,6.869157791137695,10.650578498840332
B,8,5,helix,200,0.32999998331069946,0.03500000014901161,-2.7942798137664795,-4.263091564178467,3.2673818108231,12.06479263305664
B,8,5,only_T2,200,0.0,0.38999998569488525,-6.010986328125,-2.111173629760742,1.8243717840290303,12.06479263305664
B,8,5,only_T5,200,0.0,0.9899999499320984,-6.935730457305908,-0.7851487398147583,2.5063689873103593e-15,12.06479263305664
B,8,5,only_T10,200,0.004999999888241291,0.4050000011920929,-5.315814018249512,-2.70174241065979,2.5319842093462466,12.06479263305664
B,8,5,only_T100,200,0.0,0.949999988079071,-6.668246269226074,-0.8507908582687378,0.8750482712787349,12.06479263305664
B,8,5,only_lin,200,0.0,0.9799999594688416,-6.843430519104004,-0.7760969400405884,0.543145079107886,12.06479263305664
B,8,5,random_orth,200,0.0,0.98499995470047,-6.917065143585205,-0.8067325949668884,3.2673818108231,12.06479263305664
B,8,5,real_diff_in_helix_subspace,200,0.35499998927116394,0.08999999612569809,-2.9707489013671875,-4.237704753875732,3.496616775946558,12.06479263305664
B,8,5,full_swap,200,0.8799999952316284,0.0,-1.1055004596710205,-6.0184197425842285,7.270605087280273,12.06479263305664
B,9,5,helix,200,0.32499998807907104,0.029999999329447746,-2.7810075283050537,-4.261176586151123,3.318506949981986,12.982627868652344
B,9,5,only_T2,200,0.0,0.38499999046325684,-6.00884485244751,-2.112255334854126,1.8666063646583095,12.982627868652344
B,9,5,only_T5,200,0.0,0.9899999499320984,-6.935730457305908,-0.7851487398147583,2.5090324851258257e-15,12.982627868652344
B,9,5,only_T10,200,0.009999999776482582,0.3999999761581421,-5.309619426727295,-2.71566104888916,2.557500005128351,12.982627868652344
B,9,5,only_T100,200,0.0,0.9649999737739563,-6.667806148529053,-0.8538835644721985,0.880772563485817,12.982627868652344
B,9,5,only_lin,200,0.0,0.98499995470047,-6.848720550537109,-0.7713387608528137,0.5459057545588967,12.982627868652344
B,9,5,random_orth,200,0.0,0.9899999499320984,-6.890520095825195,-0.8189801573753357,3.3185069499819857,12.982627868652344
B,9,5,real_diff_in_helix_subspace,200,0.3499999940395355,0.06499999761581421,-3.0474934577941895,-4.244838237762451,3.6123664476767035,12.982627868652344
B,9,5,full_swap,200,0.8799999952316284,0.0,-1.1019940376281738,-6.022232532501221,7.521806716918945,12.982627868652344
B,10,5,helix,200,0.3400000035762787,0.02499999850988388,-2.759661912918091,-4.288302898406982,3.441503965240137,13.415318489074707
B,10,5,only_T2,200,0.0,0.38999998569488525,-5.998461723327637,-2.1208853721618652,1.9269091303973196,13.415318489074707
B,10,5,only_T5,200,0.0,0.9899999499320984,-6.935730457305908,-0.7851487398147583,2.6112874473205676e-15,13.415318489074707
B,10,5,only_T10,200,0.0,0.39499998092651367,-5.298271179199219,-2.7520711421966553,2.6749244406444643,13.415318489074707
B,10,5,only_T100,200,0.0,0.9599999785423279,-6.666016101837158,-0.8532531261444092,0.8817621295909126,13.415318489074707
B,10,5,only_lin,200,0.0,0.98499995470047,-6.847186088562012,-0.7736691236495972,0.5528987425021092,13.415318489074707
B,10,5,random_orth,200,0.0,0.98499995470047,-6.908143043518066,-0.8194068670272827,3.441503965240137,13.415318489074707
B,10,5,real_diff_in_helix_subspace,200,0.3449999988079071,0.07999999821186066,-3.10762357711792,-4.21365213394165,3.7726075857146384,13.415318489074707
B,10,5,full_swap,200,0.8799999952316284,0.0,-1.110393762588501,-6.0121331214904785,7.718930244445801,13.415318489074707
B,11,5,helix,200,0.3449999988079071,0.03999999910593033,-2.757582426071167,-4.297127723693848,3.6812448404976146,14.276241302490234
B,11,5,only_T2,200,0.0,0.3499999940395355,-5.978814601898193,-2.165958881378174,2.0703943545256287,14.276241302490234
B,11,5,only_T5,200,0.0,0.9899999499320984,-6.935730457305908,-0.7851487398147583,2.848411250689578e-15,14.276241302490234
B,11,5,only_T10,200,0.0,0.3799999952316284,-5.275877952575684,-2.7995660305023193,2.870011976381587,14.276241302490234
B,11,5,only_T100,200,0.0,0.9549999833106995,-6.664041519165039,-0.856157660484314,0.8957030935467662,14.276241302490234
B,11,5,only_lin,200,0.0,0.98499995470047,-6.844070911407471,-0.7774176597595215,0.5613137067035958,14.276241302490234
B,11,5,random_orth,200,0.0,0.98499995470047,-6.905110836029053,-0.814866304397583,3.681244840497615,14.276241302490234
B,11,5,real_diff_in_helix_subspace,200,0.3449999988079071,0.08500000089406967,-3.041935920715332,-4.212452411651611,3.9983595080820753,14.276241302490234
B,11,5,full_swap,200,0.8799999952316284,0.0,-1.108976125717163,-6.004576206207275,8.005317687988281,14.276241302490234
B,12,5,helix,200,0.3449999988079071,0.03999999910593033,-2.7013087272644043,-4.302300453186035,4.054381965291404,14.500927925109863
B,12,5,only_T2,200,0.004999999888241291,0.3349999785423279,-5.942840576171875,-2.2160890102386475,2.3073266883032124,14.500927925109863
B,12,5,only_T5,200,0.0,0.9899999499320984,-6.935730457305908,-0.7851487398147583,3.1536724329096304e-15,14.500927925109863
B,12,5,only_T10,200,0.0,0.38499999046325684,-5.248688697814941,-2.8396759033203125,3.1597707210975567,14.500927925109863
B,12,5,only_T100,200,0.0,0.9599999785423279,-6.656913757324219,-0.8578764796257019,0.9132798316690708,14.500927925109863
B,12,5,only_lin,200,0.0,0.9899999499320984,-6.842074394226074,-0.778511106967926,0.5689369756238976,14.500927925109863
B,12,5,random_orth,200,0.0,0.9649999737739563,-6.8990983963012695,-0.8376420140266418,4.054381965291404,14.500927925109863
B,12,5,real_diff_in_helix_subspace,200,0.38999998569488525,0.04999999701976776,-2.9068522453308105,-4.273015022277832,4.32401320590006,14.500927925109863
B,12,5,full_swap,200,0.8799999952316284,0.0,-1.1201808452606201,-5.997067928314209,8.362754821777344,14.500927925109863
B,13,5,helix,200,0.3449999988079071,0.054999999701976776,-2.719221830368042,-4.251530170440674,4.323239481921211,15.497503280639648
B,13,5,only_T2,200,0.004999999888241291,0.3349999785423279,-5.9599504470825195,-2.197509527206421,2.4236207539950634,15.497503280639648
B,13,5,only_T5,200,0.0,0.9899999499320984,-6.935730457305908,-0.7851487398147583,3.415580010972799e-15,15.497503280639648
B,13,5,only_T10,200,0.0,0.3999999761581421,-5.242353439331055,-2.8049230575561523,3.40483246567604,15.497503280639648
B,13,5,only_T100,200,0.0,0.9549999833106995,-6.642928123474121,-0.8627110123634338,0.9695083504964042,15.497503280639648
B,13,5,only_lin,200,0.0,0.9799999594688416,-6.840910911560059,-0.7870168089866638,0.5964676105970261,15.497503280639648
B,13,5,random_orth,200,0.0,0.98499995470047,-6.907630443572998,-0.8003137111663818,4.323239481921211,15.497503280639648
B,13,5,real_diff_in_helix_subspace,200,0.38499999046325684,0.08500000089406967,-2.87597393989563,-4.185502529144287,4.5864265281678325,15.497503280639648
B,13,5,full_swap,200,0.8799999952316284,0.0,-1.1165930032730103,-5.94108772277832,8.741464614868164,15.497503280639648
B,14,5,helix,200,0.3349999785423279,0.054999999701976776,-2.7552924156188965,-4.235507011413574,4.497114871545105,16.82712173461914
B,14,5,only_T2,200,0.004999999888241291,0.35499998927116394,-5.962912559509277,-2.177686929702759,2.5643821514256784,16.82712173461914
B,14,5,only_T5,200,0.0,0.9899999499320984,-6.935730457305908,-0.7851487398147583,3.491260342152033e-15,16.82712173461914
B,14,5,only_T10,200,0.0,0.38999998569488525,-5.251823425292969,-2.811760425567627,3.5133217637199374,16.82712173461914
B,14,5,only_T100,200,0.0,0.9599999785423279,-6.647093296051025,-0.8639894127845764,0.9811616101088876,16.82712173461914
B,14,5,only_lin,200,0.0,0.98499995470047,-6.836557388305664,-0.7861564755439758,0.6158284884141985,16.82712173461914
B,14,5,random_orth,200,0.0,0.98499995470047,-6.928107738494873,-0.7979434132575989,4.497114871545105,16.82712173461914
B,14,5,real_diff_in_helix_subspace,200,0.3449999988079071,0.08500000089406967,-2.963514566421509,-4.168132305145264,4.788162805529797,16.82712173461914
B,14,5,full_swap,200,0.8799999952316284,0.0,-1.1335819959640503,-5.930456638336182,8.951722145080566,16.82712173461914
B,15,5,helix,200,0.3449999988079071,0.04999999701976776,-2.740722179412842,-4.233924388885498,4.713751460942681,18.281959533691406
B,15,5,only_T2,200,0.009999999776482582,0.3700000047683716,-5.953848838806152,-2.175640821456909,2.6266428404962197,18.281959533691406
B,15,5,only_T5,200,0.0,0.9899999499320984,-6.935730457305908,-0.7851487398147583,3.704065319833963e-15,18.281959533691406
B,15,5,only_T10,200,0.0,0.39499998092651367,-5.235781192779541,-2.825577974319458,3.704477596969963,18.281959533691406
B,15,5,only_T100,200,0.0,0.9649999737739563,-6.633674144744873,-0.8635652661323547,1.1003307413180001,18.281959533691406
B,15,5,only_lin,200,0.0,0.9899999499320984,-6.836404800415039,-0.7871230840682983,0.6813825946127808,18.281959533691406
B,15,5,random_orth,200,0.0,0.9950000047683716,-6.912712097167969,-0.8030359745025635,4.71375146094268,18.281959533691406
B,15,5,real_diff_in_helix_subspace,200,0.32499998807907104,0.0949999988079071,-3.0288097858428955,-4.129038333892822,5.042978613184269,18.281959533691406
B,15,5,full_swap,200,0.8650000095367432,0.0,-1.1585960388183594,-5.886480808258057,9.4429292678833,18.281959533691406
B,16,5,helix,200,0.3649999797344208,0.07000000029802322,-2.5978522300720215,-4.3579325675964355,5.64306926231179,20.232481002807617
B,16,5,only_T2,200,0.004999999888241291,0.28999999165534973,-5.910405158996582,-2.279186487197876,3.0754480564877453,20.232481002807617
B,16,5,only_T5,200,0.0,0.9899999499320984,-6.935730457305908,-0.7851487398147583,4.541219376102359e-15,20.232481002807617
B,16,5,only_T10,200,0.004999999888241291,0.29499998688697815,-5.066043853759766,-3.28098464012146,4.495245870467403,20.232481002807617
B,16,5,only_T100,200,0.0,0.9599999785423279,-6.612031936645508,-0.8868411183357239,1.3273437096809209,20.232481002807617
B,16,5,only_lin,200,0.0,0.9799999594688416,-6.833812713623047,-0.7854235768318176,0.7878493769034253,20.232481002807617
B,16,5,random_orth,200,0.0,0.9950000047683716,-6.92888069152832,-0.8014612197875977,5.64306926231179,20.232481002807617
B,16,5,real_diff_in_helix_subspace,200,0.41999998688697815,0.054999999701976776,-2.695281982421875,-4.23335075378418,5.86344844401864,20.232481002807617
B,16,5,full_swap,200,0.8700000047683716,0.0,-1.158599853515625,-5.866874694824219,11.010228157043457,20.232481002807617
B,17,5,helix,200,0.32499998807907104,0.125,-2.926548957824707,-3.9192914962768555,5.909390899152794,21.994522094726562
B,17,5,only_T2,200,0.004999999888241291,0.375,-5.959737300872803,-2.0758392810821533,3.2167609855630395,21.994522094726562
B,17,5,only_T5,200,0.0,0.9899999499320984,-6.935730457305908,-0.7851487398147583,4.7316002093369756e-15,21.994522094726562
B,17,5,only_T10,200,0.0,0.38499999046325684,-5.196217060089111,-2.812138795852661,4.713993368129512,21.994522094726562
B,17,5,only_T100,200,0.0,0.9699999690055847,-6.675333023071289,-0.8524225950241089,1.3981576133740605,21.994522094726562
B,17,5,only_lin,200,0.0,0.9799999594688416,-6.851100444793701,-0.7844827175140381,0.8154859276541552,21.994522094726562
B,17,5,random_orth,200,0.0,0.98499995470047,-6.939998149871826,-0.7926300764083862,5.909390899152794,21.994522094726562
B,17,5,real_diff_in_helix_subspace,200,0.3199999928474426,0.10499999672174454,-3.0202624797821045,-3.790296792984009,6.1513979669592365,21.994522094726562
B,17,5,full_swap,200,0.7899999618530273,0.009999999776482582,-1.439954161643982,-5.162055492401123,11.619894981384277,21.994522094726562
B,18,5,helix,200,0.11499999463558197,0.39499998092651367,-4.694251537322998,-2.4482760429382324,6.109885210755469,23.16179656982422
B,18,5,only_T2,200,0.0,0.625,-6.213986873626709,-1.533823847770691,3.3041412812367548,23.16179656982422
B,18,5,only_T5,200,0.0,0.9899999499320984,-6.935730457305908,-0.7851487398147583,4.964342385416926e-15,23.16179656982422
B,18,5,only_T10,200,0.0,0.7699999809265137,-6.088329792022705,-1.5317307710647583,4.879373287017736,23.16179656982422
B,18,5,only_T100,200,0.0,0.9899999499320984,-6.784356594085693,-0.80392986536026,1.4685198401644004,23.16179656982422
B,18,5,only_lin,200,0.0,0.9799999594688416,-6.848665714263916,-0.8020179271697998,0.8517264646234824,23.16179656982422
B,18,5,random_orth,200,0.0,0.9749999642372131,-6.948941707611084,-0.7951597571372986,6.109885210755469,23.16179656982422
B,18,5,real_diff_in_helix_subspace,200,0.10499999672174454,0.41499999165534973,-4.797746658325195,-2.43205189704895,6.388698147382283,23.16179656982422
B,18,5,full_swap,200,0.29499998688697815,0.29999998211860657,-3.626004934310913,-3.2393898963928223,12.266622543334961,23.16179656982422
B,19,5,helix,200,0.004999999888241291,0.8700000047683716,-6.169134616851807,-1.0705323219299316,6.523964380025412,25.665321350097656
B,19,5,only_T2,200,0.0,0.9350000023841858,-6.618973255157471,-0.9663305282592773,3.492841659299595,25.665321350097656
B,19,5,only_T5,200,0.0,0.9899999499320984,-6.935730457305908,-0.7851487398147583,5.362350582536703e-15,25.665321350097656
B,19,5,only_T10,200,0.0,0.9599999785423279,-6.653181076049805,-0.8821709752082825,5.229000085908194,25.665321350097656
B,19,5,only_T100,200,0.0,0.9950000047683716,-6.869003772735596,-0.7800674438476562,1.5710327824892105,25.665321350097656
B,19,5,only_lin,200,0.0,0.98499995470047,-6.912506580352783,-0.7837128043174744,0.9546083919547184,25.665321350097656
B,19,5,random_orth,200,0.0,0.98499995470047,-6.94153356552124,-0.7925045490264893,6.523964380025413,25.665321350097656
B,19,5,real_diff_in_helix_subspace,200,0.004999999888241291,0.8650000095367432,-6.192731857299805,-1.0828921794891357,6.856348537032169,25.665321350097656
B,19,5,full_swap,200,0.029999999329447746,0.7999999523162842,-5.534890651702881,-1.3188540935516357,13.03093147277832,25.665321350097656
B,20,5,helix,200,0.009999999776482582,0.8650000095367432,-6.126672267913818,-1.1143032312393188,6.817242110287059,26.826377868652344
B,20,5,only_T2,200,0.0,0.9149999618530273,-6.600210189819336,-0.9891477823257446,3.6494979966546803,26.826377868652344
B,20,5,only_T5,200,0.0,0.9899999499320984,-6.935730457305908,-0.7851487398147583,5.663390613653984e-15,26.826377868652344
B,20,5,only_T10,200,0.0,0.9599999785423279,-6.6367363929748535,-0.8998323082923889,5.465691097207886,26.826377868652344
B,20,5,only_T100,200,0.0,0.9950000047683716,-6.867336273193359,-0.7798814177513123,1.6575094974688005,26.826377868652344
B,20,5,only_lin,200,0.0,0.98499995470047,-6.913454532623291,-0.7835894823074341,0.9953895222517533,26.826377868652344
B,20,5,random_orth,200,0.0,0.9950000047683716,-6.938115119934082,-0.7808527946472168,6.817242110287059,26.826377868652344
B,20,5,real_diff_in_helix_subspace,200,0.004999999888241291,0.8650000095367432,-6.162786960601807,-1.1181635856628418,7.133558943110478,26.826377868652344
B,20,5,full_swap,200,0.029999999329447746,0.7799999713897705,-5.50285005569458,-1.3521897792816162,13.661189079284668,26.826377868652344
B,21,5,helix,200,0.0,0.9950000047683716,-6.936276912689209,-0.7630850076675415,7.026738784981294,28.53644371032715
B,21,5,only_T2,200,0.0,0.9899999499320984,-6.949057579040527,-0.7793132662773132,3.718560320313001,28.53644371032715
B,21,5,only_T5,200,0.0,0.9899999499320984,-6.935730457305908,-0.7851487398147583,5.8076630353492015e-15,28.53644371032715
B,21,5,only_T10,200,0.0,0.9950000047683716,-6.9531097412109375,-0.7674617767333984,5.636557817436808,28.53644371032715
B,21,5,only_T100,200,0.0,0.9899999499320984,-6.922074317932129,-0.7834320068359375,1.7670899603203218,28.53644371032715
B,21,5,only_lin,200,0.0,0.9899999499320984,-6.92727518081665,-0.7867726683616638,1.0510434779787783,28.53644371032715
B,21,5,random_orth,200,0.0,0.9899999499320984,-6.943085670471191,-0.7838948369026184,7.026738784981294,28.53644371032715
B,21,5,real_diff_in_helix_subspace,200,0.0,0.9899999499320984,-6.928055763244629,-0.7672719359397888,7.360149754219276,28.53644371032715
B,21,5,full_swap,200,0.0,0.9899999499320984,-6.804319381713867,-0.7806642055511475,14.15231704711914,28.53644371032715
B,22,5,helix,200,0.0,0.9950000047683716,-6.936165809631348,-0.7620137333869934,7.310554455522638,31.107563018798828
B,22,5,only_T2,200,0.0,0.9899999499320984,-6.947798252105713,-0.7806195616722107,3.83260804298078,31.107563018798828
B,22,5,only_T5,200,0.0,0.9899999499320984,-6.935730457305908,-0.7851487398147583,6.006481116093906e-15,31.107563018798828
B,22,5,only_T10,200,0.0,0.9950000047683716,-6.956161975860596,-0.7673367857933044,5.882711230040908,31.107563018798828
B,22,5,only_T100,200,0.0,0.9899999499320984,-6.920234203338623,-0.7850114107131958,1.8485644391356926,31.107563018798828
B,22,5,only_lin,200,0.0,0.9899999499320984,-6.923743724822998,-0.7841492891311646,1.100464082548246,31.107563018798828
B,22,5,random_orth,200,0.0,0.98499995470047,-6.939699649810791,-0.7825971841812134,7.310554455522637,31.107563018798828
B,22,5,real_diff_in_helix_subspace,200,0.0,0.9899999499320984,-6.92828369140625,-0.7679315209388733,7.709021819827985,31.107563018798828
B,22,5,full_swap,200,0.0,0.9899999499320984,-6.805705547332764,-0.7806097269058228,14.853615760803223,31.107563018798828
B,23,5,helix,200,0.0,0.9950000047683716,-6.965500831604004,-0.766473650932312,7.7191546021543305,32.919063568115234
B,23,5,only_T2,200,0.0,0.9899999499320984,-6.946952819824219,-0.7795727252960205,4.160864750589113,32.919063568115234
B,23,5,only_T5,200,0.0,0.9899999499320984,-6.935730457305908,-0.7851487398147583,6.29045593450467e-15,32.919063568115234
B,23,5,only_T10,200,0.0,1.0,-6.968387126922607,-0.7668163776397705,6.1516470687551115,32.919063568115234
B,23,5,only_T100,200,0.0,0.9899999499320984,-6.935096263885498,-0.7852685451507568,1.9176579318284594,32.919063568115234
B,23,5,only_lin,200,0.0,0.9899999499320984,-6.928447246551514,-0.790684163570404,1.153369136725861,32.919063568115234
B,23,5,random_orth,200,0.0,0.9899999499320984,-6.943163871765137,-0.782701849937439,7.7191546021543305,32.919063568115234
B,23,5,real_diff_in_helix_subspace,200,0.0,0.9950000047683716,-6.956704139709473,-0.7679274678230286,8.15476872842265,32.919063568115234
B,23,5,full_swap,200,0.0,0.9950000047683716,-6.909786224365234,-0.7772929072380066,15.645927429199219,32.919063568115234
B,24,5,helix,200,0.0,0.9899999499320984,-6.926148414611816,-0.7835073471069336,8.024580566069961,34.57073211669922
B,24,5,only_T2,200,0.0,0.9899999499320984,-6.934428691864014,-0.7836047410964966,4.328463251661632,34.57073211669922
B,24,5,only_T5,200,0.0,0.9899999499320984,-6.935730457305908,-0.7851487398147583,6.5857140561730554e-15,34.57073211669922
B,24,5,only_T10,200,0.0,0.9899999499320984,-6.939479827880859,-0.7815256118774414,6.396070299762227,34.57073211669922
B,24,5,only_T100,200,0.0,0.9899999499320984,-6.933067321777344,-0.7850750684738159,1.9820468828351694,34.57073211669922
B,24,5,only_lin,200,0.0,0.9899999499320984,-6.92730188369751,-0.7880464792251587,1.195765646116097,34.57073211669922
B,24,5,random_orth,200,0.0,0.9899999499320984,-6.945454120635986,-0.783166229724884,8.024580566069961,34.57073211669922
B,24,5,real_diff_in_helix_subspace,200,0.0,0.9899999499320984,-6.925179958343506,-0.7829980254173279,8.518906901092807,34.57073211669922
B,24,5,full_swap,200,0.0,0.98499995470047,-6.890413284301758,-0.7872808575630188,16.374893188476562,34.57073211669922
B,25,5,helix,200,0.0,0.9899999499320984,-6.927185535430908,-0.7836102843284607,8.326491650212754,37.14246368408203
B,25,5,only_T2,200,0.0,0.9899999499320984,-6.934454917907715,-0.7832129001617432,4.489165188192248,37.14246368408203
B,25,5,only_T5,200,0.0,0.9899999499320984,-6.935730457305908,-0.7851487398147583,6.835738232354025e-15,37.14246368408203
B,25,5,only_T10,200,0.0,0.9899999499320984,-6.939693927764893,-0.7822933793067932,6.6334507849409485,37.14246368408203
B,25,5,only_T100,200,0.0,0.9899999499320984,-6.933404445648193,-0.7858870029449463,2.0582726650742886,37.14246368408203
B,25,5,only_lin,200,0.0,0.9899999499320984,-6.927664756774902,-0.7876749038696289,1.2475594822959857,37.14246368408203
B,25,5,random_orth,200,0.0,0.9899999499320984,-6.939924240112305,-0.782028079032898,8.326491650212754,37.14246368408203
B,25,5,real_diff_in_helix_subspace,200,0.0,0.9899999499320984,-6.925693035125732,-0.7824588418006897,8.878802192145459,37.14246368408203
B,25,5,full_swap,200,0.0,0.98499995470047,-6.892457008361816,-0.7871018648147583,17.17987632751465,37.14246368408203
B,26,5,helix,200,0.0,0.9899999499320984,-6.9243292808532715,-0.7871806025505066,8.623847400058068,39.13310623168945
B,26,5,only_T2,200,0.0,0.9899999499320984,-6.934225082397461,-0.7846196293830872,4.642772909549577,39.13310623168945
B,26,5,only_T5,200,0.0,0.9899999499320984,-6.935730457305908,-0.7851487398147583,7.055946879125172e-15,39.13310623168945
B,26,5,only_T10,200,0.0,0.9899999499320984,-6.934260845184326,-0.7851008176803589,6.872679198559801,39.13310623168945
B,26,5,only_T100,200,0.0,0.9899999499320984,-6.932881832122803,-0.785609245300293,2.112607967220348,39.13310623168945
B,26,5,only_lin,200,0.0,0.9899999499320984,-6.929111003875732,-0.7873623967170715,1.290637117664886,39.13310623168945
B,26,5,random_orth,200,0.0,0.9899999499320984,-6.937746524810791,-0.7860922813415527,8.623847400058068,39.13310623168945
B,26,5,real_diff_in_helix_subspace,200,0.0,0.9899999499320984,-6.926313400268555,-0.78498375415802,9.232866802196037,39.13310623168945
B,26,5,full_swap,200,0.0,0.98499995470047,-6.899266719818115,-0.7889344692230225,17.851625442504883,39.13310623168945
B,27,5,helix,200,0.0,0.9899999499320984,-6.927653789520264,-0.7859401702880859,8.925820909136545,41.672603607177734
B,27,5,only_T2,200,0.0,0.9899999499320984,-6.936436653137207,-0.7848373055458069,4.775008903771112,41.672603607177734
B,27,5,only_T5,200,0.0,0.9899999499320984,-6.935730457305908,-0.7851487398147583,7.276118432890318e-15,41.672603607177734
B,27,5,only_T10,200,0.0,0.9899999499320984,-6.933655738830566,-0.784841775894165,7.1316681619974425,41.672603607177734
B,27,5,only_T100,200,0.0,0.9899999499320984,-6.93333625793457,-0.7854717969894409,2.182212801270817,41.672603607177734
B,27,5,only_lin,200,0.0,0.9899999499320984,-6.931941986083984,-0.7874369025230408,1.3363103239627996,41.672603607177734
B,27,5,random_orth,200,0.0,0.9899999499320984,-6.934930324554443,-0.7868921756744385,8.925820909136545,41.672603607177734
B,27,5,real_diff_in_helix_subspace,200,0.0,0.9899999499320984,-6.929815292358398,-0.784675121307373,9.597236267502781,41.672603607177734
B,27,5,full_swap,200,0.0,0.98499995470047,-6.907349586486816,-0.7863978147506714,18.542863845825195,41.672603607177734
B,28,5,helix,200,0.0,0.9899999499320984,-6.927037715911865,-0.7866883873939514,9.213898436927904,44.484710693359375
B,28,5,only_T2,200,0.0,0.9899999499320984,-6.937154293060303,-0.7844477891921997,4.866181463747196,44.484710693359375
B,28,5,only_T5,200,0.0,0.9899999499320984,-6.935730457305908,-0.7851487398147583,7.50693358998447e-15,44.484710693359375
B,28,5,only_T10,200,0.0,0.9899999499320984,-6.933622360229492,-0.785060703754425,7.406429863874453,44.484710693359375
B,28,5,only_T100,200,0.0,0.9899999499320984,-6.934555530548096,-0.7857348322868347,2.240312442239496,44.484710693359375
B,28,5,only_lin,200,0.0,0.9899999499320984,-6.9319000244140625,-0.7868836522102356,1.3709249900612264,44.484710693359375
B,28,5,random_orth,200,0.0,0.9899999499320984,-6.938607692718506,-0.7854078412055969,9.213898436927904,44.484710693359375
B,28,5,real_diff_in_helix_subspace,200,0.0,0.9899999499320984,-6.928471565246582,-0.7850483655929565,9.99464907670833,44.484710693359375
B,28,5,full_swap,200,0.0,0.98499995470047,-6.909900188446045,-0.7857069373130798,19.31793785095215,44.484710693359375
B,29,5,helix,200,0.0,0.9899999499320984,-6.928513050079346,-0.7849225401878357,9.543622426218782,47.810829162597656
B,29,5,only_T2,200,0.0,0.9899999499320984,-6.93740177154541,-0.7851405143737793,4.9911931665100795,47.810829162597656
B,29,5,only_T5,200,0.0,0.9899999499320984,-6.935730457305908,-0.7851487398147583,7.711198222558907e-15,47.810829162597656
B,29,5,only_T10,200,0.0,0.9899999499320984,-6.933988094329834,-0.7854249477386475,7.7107514967731,47.810829162597656
B,29,5,only_T100,200,0.0,0.9899999499320984,-6.934287071228027,-0.7857378721237183,2.304798586701734,47.810829162597656
B,29,5,only_lin,200,0.0,0.9899999499320984,-6.9345245361328125,-0.7846503853797913,1.4227035315243108,47.810829162597656
B,29,5,random_orth,200,0.0,0.9899999499320984,-6.939484596252441,-0.7856137752532959,9.543622426218782,47.810829162597656
B,29,5,real_diff_in_helix_subspace,200,0.0,0.9899999499320984,-6.931035995483398,-0.7832967042922974,10.465461246481574,47.810829162597656
B,29,5,full_swap,200,0.0,0.9899999499320984,-6.917759895324707,-0.7839312553405762,20.201019287109375,47.810829162597656
B,30,5,helix,200,0.0,0.9899999499320984,-6.933631420135498,-0.7854465246200562,10.045169046241549,60.227169036865234
B,30,5,only_T2,200,0.0,0.9899999499320984,-6.936521053314209,-0.7846745252609253,5.132193784063894,60.227169036865234
B,30,5,only_T5,200,0.0,0.9899999499320984,-6.935730457305908,-0.7851487398147583,8.008696796584483e-15,60.227169036865234
B,30,5,only_T10,200,0.0,0.9899999499320984,-6.935794353485107,-0.7852699160575867,8.201707521950816,60.227169036865234
B,30,5,only_T100,200,0.0,0.9899999499320984,-6.935380935668945,-0.7855680584907532,2.377222499793142,60.227169036865234
B,30,5,only_lin,200,0.0,0.9899999499320984,-6.935141563415527,-0.7850439548492432,1.4874846907376746,60.227169036865234
B,30,5,random_orth,200,0.0,0.9899999499320984,-6.937219142913818,-0.7857655882835388,10.045169046241549,60.227169036865234
B,30,5,real_diff_in_helix_subspace,200,0.0,0.9899999499320984,-6.93468713760376,-0.7849924564361572,11.234151900304596,60.227169036865234
B,30,5,full_swap,200,0.0,0.9899999499320984,-6.921890735626221,-0.7862635850906372,21.5115966796875,60.227169036865234
B,31,5,helix,200,0.0,0.9899999499320984,-6.935730457305908,-0.7851487398147583,10.69482729784389,80.3061294555664
B,31,5,only_T2,200,0.0,0.9899999499320984,-6.935730457305908,-0.7851487398147583,5.423905335693404,80.3061294555664
B,31,5,only_T5,200,0.0,0.9899999499320984,-6.935730457305908,-0.7851487398147583,8.470763252990686e-15,80.3061294555664
B,31,5,only_T10,200,0.0,0.9899999499320984,-6.935730457305908,-0.7851487398147583,8.762478158834794,80.3061294555664
B,31,5,only_T100,200,0.0,0.9899999499320984,-6.935730457305908,-0.7851487398147583,2.5028961092600714,80.3061294555664
B,31,5,only_lin,200,0.0,0.9899999499320984,-6.935730457305908,-0.7851487398147583,1.591105708728655,80.3061294555664
B,31,5,random_orth,200,0.0,0.9899999499320984,-6.935730457305908,-0.7851487398147583,10.69482729784389,80.3061294555664
B,31,5,real_diff_in_helix_subspace,200,0.0,0.9899999499320984,-6.935730457305908,-0.7851487398147583,12.294225024247789,80.3061294555664
B,31,5,full_swap,200,0.0,0.9899999499320984,-6.935730457305908,-0.7851487398147583,23.231830596923828,80.3061294555664
B,0,10,helix,200,0.03500000014901161,0.9199999570846558,-4.786849021911621,-0.9924368858337402,1.0255130114196154,4.0963873863220215
B,0,10,only_T2,200,0.0,0.9950000047683716,-5.846137523651123,-0.81523597240448,0.0,4.0963873863220215
B,0,10,only_T5,200,0.0,0.9950000047683716,-5.846137523651123,-0.81523597240448,1.2484170848014134e-15,4.0963873863220215
B,0,10,only_T10,200,0.0,0.9950000047683716,-5.846137523651123,-0.81523597240448,6.489318057251278e-16,4.0963873863220215
B,0,10,only_T100,200,0.019999999552965164,0.9199999570846558,-5.1308465003967285,-1.0175344944000244,0.9885710773306723,4.0963873863220215
B,0,10,only_lin,200,0.009999999776482582,0.9449999928474426,-5.497833251953125,-0.8664873838424683,0.5484779643266423,4.0963873863220215
B,0,10,random_orth,200,0.0,0.9799999594688416,-5.83791971206665,-0.8288140892982483,1.0255130114196154,4.0963873863220215
B,0,10,real_diff_in_helix_subspace,200,0.05999999865889549,0.8799999952316284,-4.58012056350708,-1.0838868618011475,1.1499523267597616,4.0963873863220215
B,0,10,full_swap,200,0.8849999904632568,0.014999999664723873,-1.1133835315704346,-4.624983787536621,4.501087665557861,4.0963873863220215
B,1,10,helix,200,0.03999999910593033,0.9099999666213989,-4.816094875335693,-0.9934985637664795,1.0693566728343284,4.685937404632568
B,1,10,only_T2,200,0.0,0.9950000047683716,-5.846137523651123,-0.81523597240448,0.0,4.685937404632568
B,1,10,only_T5,200,0.0,0.9950000047683716,-5.846137523651123,-0.81523597240448,1.2600411408768698e-15,4.685937404632568
B,1,10,only_T10,200,0.0,0.9950000047683716,-5.846137523651123,-0.81523597240448,6.488169640698487e-16,4.685937404632568
B,1,10,only_T100,200,0.019999999552965164,0.9099999666213989,-5.144507884979248,-1.0312962532043457,1.012661518836219,4.685937404632568
B,1,10,only_lin,200,0.009999999776482582,0.9300000071525574,-5.479954719543457,-0.883613109588623,0.5879061981308347,4.685937404632568
B,1,10,random_orth,200,0.0,0.98499995470047,-5.8442230224609375,-0.8256770372390747,1.0693566728343284,4.685937404632568
B,1,10,real_diff_in_helix_subspace,200,0.06499999761581421,0.8899999856948853,-4.620908737182617,-1.0664401054382324,1.1837771210589196,4.685937404632568
B,1,10,full_swap,200,0.8899999856948853,0.014999999664723873,-1.1193110942840576,-4.6162333488464355,4.488480091094971,4.685937404632568
B,2,10,helix,200,0.03999999910593033,0.9049999713897705,-4.807689666748047,-1.0187764167785645,1.1495490889860969,5.427292346954346
B,2,10,only_T2,200,0.0,0.9950000047683716,-5.846137523651123,-0.81523597240448,0.0,5.427292346954346
B,2,10,only_T5,200,0.0,0.9950000047683716,-5.846137523651123,-0.81523597240448,1.3186969324075225e-15,5.427292346954346
B,2,10,only_T10,200,0.0,0.9950000047683716,-5.846137523651123,-0.81523597240448,6.834155420913762e-16,5.427292346954346
B,2,10,only_T100,200,0.019999999552965164,0.9049999713897705,-5.146013259887695,-1.0446820259094238,1.0797426963044507,5.427292346954346
B,2,10,only_lin,200,0.009999999776482582,0.9249999523162842,-5.464571952819824,-0.9082723259925842,0.6433507670472044,5.427292346954346
B,2,10,random_orth,200,0.0,0.9899999499320984,-5.853621482849121,-0.8139442801475525,1.1495490889860969,5.427292346954346
B,2,10,real_diff_in_helix_subspace,200,0.054999999701976776,0.8999999761581421,-4.644646167755127,-1.073974609375,1.2730732363798531,5.427292346954346
B,2,10,full_swap,200,0.8849999904632568,0.019999999552965164,-1.1363167762756348,-4.611737251281738,4.69174861907959,5.427292346954346
B,3,10,helix,200,0.03999999910593033,0.9149999618530273,-4.780613422393799,-1.0310660600662231,1.2686030325162805,6.394842147827148
B,3,10,only_T2,200,0.0,0.9950000047683716,-5.846137523651123,-0.81523597240448,0.0,6.394842147827148
B,3,10,only_T5,200,0.0,0.9950000047683716,-5.846137523651123,-0.81523597240448,1.447704522650728e-15,6.394842147827148
B,3,10,only_T10,200,0.0,0.9950000047683716,-5.846137523651123,-0.81523597240448,7.77104535306057e-16,6.394842147827148
B,3,10,only_T100,200,0.019999999552965164,0.9099999666213989,-5.143734455108643,-1.028943657875061,1.1790623766665542,6.394842147827148
B,3,10,only_lin,200,0.014999999664723873,0.9199999570846558,-5.440620422363281,-0.9312576055526733,0.724648257170187,6.394842147827148
B,3,10,random_orth,200,0.0,0.9899999499320984,-5.855249881744385,-0.8251312971115112,1.2686030325162805,6.394842147827148
B,3,10,real_diff_in_helix_subspace,200,0.054999999701976776,0.8799999952316284,-4.60728120803833,-1.093732237815857,1.4252875819044315,6.394842147827148
B,3,10,full_swap,200,0.8799999952316284,0.019999999552965164,-1.141472578048706,-4.606753349304199,5.004193305969238,6.394842147827148
B,4,10,helix,200,0.03999999910593033,0.9099999666213989,-4.7684736251831055,-1.0460572242736816,1.3997546773555678,7.4742536544799805
B,4,10,only_T2,200,0.0,0.9950000047683716,-5.846137523651123,-0.81523597240448,0.0,7.4742536544799805
B,4,10,only_T5,200,0.0,0.9950000047683716,-5.846137523651123,-0.81523597240448,1.5412965484419118e-15,7.4742536544799805
B,4,10,only_T10,200,0.0,0.9950000047683716,-5.846137523651123,-0.81523597240448,8.310823261396466e-16,7.4742536544799805
B,4,10,only_T100,200,0.019999999552965164,0.9099999666213989,-5.128328800201416,-1.0455310344696045,1.2893909984516878,7.4742536544799805
B,4,10,only_lin,200,0.014999999664723873,0.9149999618530273,-5.4404826164245605,-0.934191882610321,0.803986493203897,7.4742536544799805
B,4,10,random_orth,200,0.0,0.98499995470047,-5.837012767791748,-0.819424569606781,1.3997546773555678,7.4742536544799805
B,4,10,real_diff_in_helix_subspace,200,0.05999999865889549,0.8799999952316284,-4.577115535736084,-1.135856032371521,1.5840678476653745,7.4742536544799805
B,4,10,full_swap,200,0.8700000047683716,0.02499999850988388,-1.1465182304382324,-4.600717544555664,5.428167819976807,7.4742536544799805
B,5,10,helix,200,0.04999999701976776,0.8899999856948853,-4.760921478271484,-1.0641601085662842,1.5451296389967129,8.424036026000977
B,5,10,only_T2,200,0.0,0.9950000047683716,-5.846137523651123,-0.81523597240448,0.0,8.424036026000977
B,5,10,only_T5,200,0.0,0.9950000047683716,-5.846137523651123,-0.81523597240448,1.6803415390539638e-15,8.424036026000977
B,5,10,only_T10,200,0.0,0.9950000047683716,-5.846137523651123,-0.81523597240448,9.1823634763979e-16,8.424036026000977
B,5,10,only_T100,200,0.02499999850988388,0.8999999761581421,-5.144802093505859,-1.0538462400436401,1.4187848035703274,8.424036026000977
B,5,10,only_lin,200,0.019999999552965164,0.9149999618530273,-5.421171188354492,-0.9529243111610413,0.8862273583606145,8.424036026000977
B,5,10,random_orth,200,0.0,0.9899999499320984,-5.851215839385986,-0.8216953277587891,1.5451296389967129,8.424036026000977
B,5,10,real_diff_in_helix_subspace,200,0.06499999761581421,0.85999995470047,-4.606419086456299,-1.215414047241211,1.7959897071757889,8.424036026000977
B,5,10,full_swap,200,0.875,0.029999999329447746,-1.1524649858474731,-4.5988264083862305,6.013195991516113,8.424036026000977
B,6,10,helix,200,0.044999998062849045,0.8999999761581421,-4.778075218200684,-1.0631277561187744,1.7014895746619707,9.891796112060547
B,6,10,only_T2,200,0.0,0.9950000047683716,-5.846137523651123,-0.81523597240448,0.0,9.891796112060547
B,6,10,only_T5,200,0.0,0.9950000047683716,-5.846137523651123,-0.81523597240448,1.845248676704498e-15,9.891796112060547
B,6,10,only_T10,200,0.0,0.9950000047683716,-5.846137523651123,-0.81523597240448,9.988190494800909e-16,9.891796112060547
B,6,10,only_T100,200,0.014999999664723873,0.9199999570846558,-5.155467987060547,-1.0579817295074463,1.5518992809450167,9.891796112060547
B,6,10,only_lin,200,0.019999999552965164,0.9049999713897705,-5.415575981140137,-0.9651594161987305,0.9994038220399624,9.891796112060547
B,6,10,random_orth,200,0.0,0.9950000047683716,-5.839754581451416,-0.8244027495384216,1.7014895746619707,9.891796112060547
B,6,10,real_diff_in_helix_subspace,200,0.05999999865889549,0.8499999642372131,-4.634067058563232,-1.2854697704315186,2.081058231611343,9.891796112060547
B,6,10,full_swap,200,0.875,0.03500000014901161,-1.155027151107788,-4.597068786621094,6.597950458526611,9.891796112060547
B,7,10,helix,200,0.044999998062849045,0.8899999856948853,-4.779009819030762,-1.0762008428573608,1.7810655825405497,10.634434700012207
B,7,10,only_T2,200,0.0,0.9950000047683716,-5.846137523651123,-0.81523597240448,0.0,10.634434700012207
B,7,10,only_T5,200,0.0,0.9950000047683716,-5.846137523651123,-0.81523597240448,1.895614738874057e-15,10.634434700012207
B,7,10,only_T10,200,0.0,0.9950000047683716,-5.846137523651123,-0.81523597240448,1.043925855482262e-15,10.634434700012207
B,7,10,only_T100,200,0.02499999850988388,0.8899999856948853,-5.142090797424316,-1.0756361484527588,1.627567370976417,10.634434700012207
B,7,10,only_lin,200,0.019999999552965164,0.9099999666213989,-5.415155410766602,-0.9646784663200378,1.0360121330495125,10.634434700012207
B,7,10,random_orth,200,0.0,1.0,-5.853569984436035,-0.8084772825241089,1.7810655825405497,10.634434700012207
B,7,10,real_diff_in_helix_subspace,200,0.054999999701976776,0.8199999928474426,-4.591367244720459,-1.3583669662475586,2.2542380881345734,10.634434700012207
B,7,10,full_swap,200,0.875,0.029999999329447746,-1.1556804180145264,-4.59992790222168,6.87646484375,10.634434700012207
B,8,10,helix,200,0.03999999910593033,0.8999999761581421,-4.790822505950928,-1.0725723505020142,1.8448045672504327,12.030237197875977
B,8,10,only_T2,200,0.0,0.9950000047683716,-5.846137523651123,-0.81523597240448,0.0,12.030237197875977
B,8,10,only_T5,200,0.0,0.9950000047683716,-5.846137523651123,-0.81523597240448,1.9682838421315718e-15,12.030237197875977
B,8,10,only_T10,200,0.0,0.9950000047683716,-5.846137523651123,-0.81523597240448,1.120860091393349e-15,12.030237197875977
B,8,10,only_T100,200,0.019999999552965164,0.8999999761581421,-5.14288330078125,-1.0841445922851562,1.6834133515511376,12.030237197875977
B,8,10,only_lin,200,0.02499999850988388,0.9049999713897705,-5.429666042327881,-0.9457055330276489,1.0862901582157725,12.030237197875977
B,8,10,random_orth,200,0.0,0.9950000047683716,-5.85352897644043,-0.8167943954467773,1.8448045672504327,12.030237197875977
B,8,10,real_diff_in_helix_subspace,200,0.04999999701976776,0.8100000023841858,-4.675556659698486,-1.4144577980041504,2.4353764330495125,12.030237197875977
B,8,10,full_swap,200,0.8799999952316284,0.03500000014901161,-1.1624919176101685,-4.588846206665039,7.259408950805664,12.030237197875977
B,9,10,helix,200,0.03999999910593033,0.8999999761581421,-4.781991004943848,-1.0698537826538086,1.8552992051564399,12.921042442321777
B,9,10,only_T2,200,0.0,0.9950000047683716,-5.846137523651123,-0.81523597240448,0.0,12.921042442321777
B,9,10,only_T5,200,0.0,0.9950000047683716,-5.846137523651123,-0.81523597240448,1.9707595003511873e-15,12.921042442321777
B,9,10,only_T10,200,0.0,0.9950000047683716,-5.846137523651123,-0.81523597240448,1.1343404604570253e-15,12.921042442321777
B,9,10,only_T100,200,0.019999999552965164,0.8999999761581421,-5.153688907623291,-1.0859829187393188,1.6926525178252059,12.921042442321777
B,9,10,only_lin,200,0.02499999850988388,0.8999999761581421,-5.42282772064209,-0.9476655125617981,1.0918115091177933,12.921042442321777
B,9,10,random_orth,200,0.0,1.0,-5.852286338806152,-0.8304309844970703,1.8552992051564399,12.921042442321777
B,9,10,real_diff_in_helix_subspace,200,0.04999999701976776,0.7649999856948853,-4.744650363922119,-1.5184067487716675,2.5723704092834705,12.921042442321777
B,9,10,full_swap,200,0.8799999952316284,0.03500000014901161,-1.1557167768478394,-4.582198619842529,7.484076976776123,12.921042442321777
B,10,10,helix,200,0.03999999910593033,0.8999999761581421,-4.779543399810791,-1.0735434293746948,1.8636361078188108,13.32965087890625
B,10,10,only_T2,200,0.0,0.9950000047683716,-5.846137523651123,-0.81523597240448,0.0,13.32965087890625
B,10,10,only_T5,200,0.0,0.9950000047683716,-5.846137523651123,-0.81523597240448,2.0518170332944772e-15,13.32965087890625
B,10,10,only_T10,200,0.0,0.9950000047683716,-5.846137523651123,-0.81523597240448,1.1864534256295169e-15,13.32965087890625
B,10,10,only_T100,200,0.019999999552965164,0.8949999809265137,-5.146720886230469,-1.0883156061172485,1.6927171019138,13.32965087890625
B,10,10,only_lin,200,0.029999999329447746,0.8899999856948853,-5.42316198348999,-0.9483255743980408,1.105797485004219,13.32965087890625
B,10,10,random_orth,200,0.0,0.9899999499320984,-5.859316349029541,-0.8198965191841125,1.8636361078188108,13.32965087890625
B,10,10,real_diff_in_helix_subspace,200,0.03999999910593033,0.7400000095367432,-4.8080034255981445,-1.5840603113174438,2.6674699181176376,13.32965087890625
B,10,10,full_swap,200,0.8650000095367432,0.03500000014901161,-1.1656173467636108,-4.579742431640625,7.6397247314453125,13.32965087890625
B,11,10,helix,200,0.044999998062849045,0.8949999809265137,-4.79036283493042,-1.0832489728927612,1.8894491538173055,14.19124984741211
B,11,10,only_T2,200,0.0,0.9950000047683716,-5.846137523651123,-0.81523597240448,0.0,14.19124984741211
B,11,10,only_T5,200,0.0,0.9950000047683716,-5.846137523651123,-0.81523597240448,2.2400823560392385e-15,14.19124984741211
B,11,10,only_T10,200,0.0,0.9950000047683716,-5.846137523651123,-0.81523597240448,1.2707295837097154e-15,14.19124984741211
B,11,10,only_T100,200,0.019999999552965164,0.8999999761581421,-5.152437210083008,-1.0906634330749512,1.7174967472443692,14.19124984741211
B,11,10,only_lin,200,0.02499999850988388,0.8949999809265137,-5.419464111328125,-0.9627590775489807,1.1226274134071919,14.19124984741211
B,11,10,random_orth,200,0.0,0.9950000047683716,-5.853175640106201,-0.81756192445755,1.8894491538173055,14.19124984741211
B,11,10,real_diff_in_helix_subspace,200,0.03500000014901161,0.7450000047683716,-4.832552909851074,-1.5586211681365967,2.721318457678501,14.19124984741211
B,11,10,full_swap,200,0.8799999952316284,0.03500000014901161,-1.1715621948242188,-4.55927038192749,7.827177047729492,14.19124984741211
B,12,10,helix,200,0.044999998062849045,0.8899999856948853,-4.7788801193237305,-1.081887125968933,1.9158965223263547,14.40777587890625
B,12,10,only_T2,200,0.0,0.9950000047683716,-5.846137523651123,-0.81523597240448,0.0,14.40777587890625
B,12,10,only_T5,200,0.0,0.9950000047683716,-5.846137523651123,-0.81523597240448,2.4784048651966967e-15,14.40777587890625
B,12,10,only_T10,200,0.0,0.9950000047683716,-5.846137523651123,-0.81523597240448,1.3990344193888917e-15,14.40777587890625
B,12,10,only_T100,200,0.019999999552965164,0.8999999761581421,-5.135717868804932,-1.0969700813293457,1.7500250013965633,14.40777587890625
B,12,10,only_lin,200,0.02499999850988388,0.8949999809265137,-5.415382385253906,-0.9622851610183716,1.1378739512477951,14.40777587890625
B,12,10,random_orth,200,0.0,0.9950000047683716,-5.846488952636719,-0.8198046088218689,1.9158965223263547,14.40777587890625
B,12,10,real_diff_in_helix_subspace,200,0.044999998062849045,0.7450000047683716,-4.823370456695557,-1.517696499824524,2.6924125658090348,14.40777587890625
B,12,10,full_swap,200,0.875,0.03500000014901161,-1.1709481477737427,-4.554831027984619,8.020188331604004,14.40777587890625
B,13,10,helix,200,0.044999998062849045,0.8899999856948853,-4.75761079788208,-1.0990740060806274,2.042241302384723,15.375624656677246
B,13,10,only_T2,200,0.0,0.9950000047683716,-5.846137523651123,-0.81523597240448,0.0,15.375624656677246
B,13,10,only_T5,200,0.0,0.9950000047683716,-5.846137523651123,-0.81523597240448,2.6853821879959603e-15,15.375624656677246
B,13,10,only_T10,200,0.0,0.9950000047683716,-5.846137523651123,-0.81523597240448,1.5146861866452608e-15,15.375624656677246
B,13,10,only_T100,200,0.019999999552965164,0.8949999809265137,-5.115567684173584,-1.1044083833694458,1.8588626086293294,15.375624656677246
B,13,10,only_lin,200,0.029999999329447746,0.8949999809265137,-5.40765380859375,-0.9836423993110657,1.1929352211940523,15.375624656677246
B,13,10,random_orth,200,0.0,0.9799999594688416,-5.849422931671143,-0.8273423314094543,2.042241302384723,15.375624656677246
B,13,10,real_diff_in_helix_subspace,200,0.04999999701976776,0.7400000095367432,-4.766299247741699,-1.5458652973175049,2.8853112636254457,15.375624656677246
B,13,10,full_swap,200,0.8549999594688416,0.044999998062849045,-1.1866620779037476,-4.47076416015625,8.402085304260254,15.375624656677246
B,14,10,helix,200,0.044999998062849045,0.8799999952316284,-4.754400730133057,-1.1019999980926514,2.080382330206037,16.702787399291992
B,14,10,only_T2,200,0.0,0.9950000047683716,-5.846137523651123,-0.81523597240448,0.0,16.702787399291992
B,14,10,only_T5,200,0.0,0.9950000047683716,-5.846137523651123,-0.81523597240448,2.744546301046265e-15,16.702787399291992
B,14,10,only_T10,200,0.0,0.9950000047683716,-5.846137523651123,-0.81523597240448,1.567671005010774e-15,16.702787399291992
B,14,10,only_T100,200,0.019999999552965164,0.8949999809265137,-5.114309787750244,-1.1096839904785156,1.88178349426141,16.702787399291992
B,14,10,only_lin,200,0.029999999329447746,0.8949999809265137,-5.408388614654541,-0.984582781791687,1.231656976828397,16.702787399291992
B,14,10,random_orth,200,0.0,0.9950000047683716,-5.855965614318848,-0.8207141757011414,2.0803823302060374,16.702787399291992
B,14,10,real_diff_in_helix_subspace,200,0.04999999701976776,0.7299999594688416,-4.874339580535889,-1.6178438663482666,3.0324061080938716,16.702787399291992
B,14,10,full_swap,200,0.8549999594688416,0.044999998062849045,-1.191550374031067,-4.454747676849365,8.567455291748047,16.702787399291992
B,15,10,helix,200,0.04999999701976776,0.8700000047683716,-4.724765300750732,-1.1172250509262085,2.3386320777727154,18.154069900512695
B,15,10,only_T2,200,0.0,0.9950000047683716,-5.846137523651123,-0.81523597240448,0.0,18.154069900512695
B,15,10,only_T5,200,0.0,0.9950000047683716,-5.846137523651123,-0.81523597240448,2.9104195474094665e-15,18.154069900512695
B,15,10,only_T10,200,0.0,0.9950000047683716,-5.846137523651123,-0.81523597240448,1.6547731349009697e-15,18.154069900512695
B,15,10,only_T100,200,0.019999999552965164,0.9049999713897705,-5.067155838012695,-1.112692952156067,2.120882376159557,18.154069900512695
B,15,10,only_lin,200,0.02499999850988388,0.8899999856948853,-5.38114595413208,-0.9901267886161804,1.362765189225562,18.154069900512695
B,15,10,random_orth,200,0.0,0.9950000047683716,-5.862161636352539,-0.8174760341644287,2.3386320777727154,18.154069900512695
B,15,10,real_diff_in_helix_subspace,200,0.044999998062849045,0.7299999594688416,-4.887365818023682,-1.6219091415405273,3.318812645562419,18.154069900512695
B,15,10,full_swap,200,0.8299999833106995,0.054999999701976776,-1.2394399642944336,-4.381043434143066,9.085221290588379,18.154069900512695
B,16,10,helix,200,0.054999999701976776,0.8549999594688416,-4.649560451507568,-1.2014687061309814,2.776054501898584,20.106531143188477
B,16,10,only_T2,200,0.0,0.9950000047683716,-5.846137523651123,-0.81523597240448,0.0,20.106531143188477
B,16,10,only_T5,200,0.0,0.9950000047683716,-5.846137523651123,-0.81523597240448,3.5717751511852966e-15,20.106531143188477
B,16,10,only_T10,200,0.0,0.9950000047683716,-5.846137523651123,-0.81523597240448,2.0068655867447353e-15,20.106531143188477
B,16,10,only_T100,200,0.03500000014901161,0.875,-5.0311737060546875,-1.1948860883712769,2.551197966939702,20.106531143188477
B,16,10,only_lin,200,0.03500000014901161,0.8899999856948853,-5.292394161224365,-1.0030771493911743,1.5756987538068505,20.106531143188477
B,16,10,random_orth,200,0.0,0.9899999499320984,-5.8479132652282715,-0.8267427682876587,2.776054501898584,20.106531143188477
B,16,10,real_diff_in_helix_subspace,200,0.054999999701976776,0.7400000095367432,-4.773798942565918,-1.6252797842025757,3.691323193436012,20.106531143188477
B,16,10,full_swap,200,0.8449999690055847,0.04999999701976776,-1.2366176843643188,-4.360235214233398,10.615267753601074,20.106531143188477
B,17,10,helix,200,0.044999998062849045,0.8700000047683716,-4.879018306732178,-1.1028525829315186,2.910489195835122,21.885417938232422
B,17,10,only_T2,200,0.0,0.9950000047683716,-5.846137523651123,-0.81523597240448,0.0,21.885417938232422
B,17,10,only_T5,200,0.0,0.9950000047683716,-5.846137523651123,-0.81523597240448,3.722225690262457e-15,21.885417938232422
B,17,10,only_T10,200,0.0,0.9950000047683716,-5.846137523651123,-0.81523597240448,2.1072872704738617e-15,21.885417938232422
B,17,10,only_T100,200,0.029999999329447746,0.8949999809265137,-5.19133186340332,-1.087611198425293,2.6884339740693566,21.885417938232422
B,17,10,only_lin,200,0.02499999850988388,0.8999999761581421,-5.395484447479248,-0.9541871547698975,1.6309718553083103,21.885417938232422
B,17,10,random_orth,200,0.0,0.9950000047683716,-5.84389066696167,-0.8183581233024597,2.910489195835122,21.885417938232422
B,17,10,real_diff_in_helix_subspace,200,0.03999999910593033,0.7999999523162842,-4.942133903503418,-1.4046322107315063,3.8421664856903535,21.885417938232422
B,17,10,full_swap,200,0.7099999785423279,0.20999999344348907,-1.5570626258850098,-3.674835443496704,11.197104454040527,21.885417938232422
B,18,10,helix,200,0.03500000014901161,0.9199999570846558,-5.242360591888428,-0.9887368679046631,3.0422432592187203,23.03811264038086
B,18,10,only_T2,200,0.0,0.9950000047683716,-5.846137523651123,-0.81523597240448,0.0,23.03811264038086
B,18,10,only_T5,200,0.0,0.9950000047683716,-5.846137523651123,-0.81523597240448,3.905442243650965e-15,23.03811264038086
B,18,10,only_T10,200,0.0,0.9950000047683716,-5.846137523651123,-0.81523597240448,2.1835654187072666e-15,23.03811264038086
B,18,10,only_T100,200,0.009999999776482582,0.9549999833106995,-5.4799089431762695,-0.9244959950447083,2.825486235639273,23.03811264038086
B,18,10,only_lin,200,0.0,0.949999988079071,-5.541238784790039,-0.9270039796829224,1.703452929246965,23.03811264038086
B,18,10,random_orth,200,0.0,0.9950000047683716,-5.851973533630371,-0.8176978230476379,3.0422432592187203,23.03811264038086
B,18,10,real_diff_in_helix_subspace,200,0.029999999329447746,0.8700000047683716,-5.315369129180908,-1.1202754974365234,4.040062301518507,23.03811264038086
B,18,10,full_swap,200,0.4099999964237213,0.4650000035762787,-3.0083017349243164,-2.7044618129730225,11.913304328918457,23.03811264038086
B,19,10,helix,200,0.009999999776482582,0.9799999594688416,-5.5822601318359375,-0.8313300013542175,3.2921471848580084,25.530336380004883
B,19,10,only_T2,200,0.0,0.9950000047683716,-5.846137523651123,-0.81523597240448,0.0,25.530336380004883
B,19,10,only_T5,200,0.0,0.9950000047683716,-5.846137523651123,-0.81523597240448,4.213768046386932e-15,25.530336380004883
B,19,10,only_T10,200,0.0,0.9950000047683716,-5.846137523651123,-0.81523597240448,2.329191555873799e-15,25.530336380004883
B,19,10,only_T100,200,0.0,0.9899999499320984,-5.695394992828369,-0.8187270164489746,3.0221546885330905,25.530336380004883
B,19,10,only_lin,200,0.0,0.98499995470047,-5.733641147613525,-0.8318908214569092,1.9092167839094365,25.530336380004883
B,19,10,random_orth,200,0.0,1.0,-5.848995208740234,-0.8151273131370544,3.2921471848580084,25.530336380004883
B,19,10,real_diff_in_helix_subspace,200,0.009999999776482582,0.9599999785423279,-5.574222087860107,-0.8449398875236511,4.413848270810589,25.530336380004883
B,19,10,full_swap,200,0.11999999731779099,0.8549999594688416,-4.459348201751709,-1.2377673387527466,12.630562782287598,25.530336380004883
B,20,10,helix,200,0.009999999776482582,0.9799999594688416,-5.577057838439941,-0.8286515474319458,3.4649665612859586,26.73568344116211
B,20,10,only_T2,200,0.0,0.9950000047683716,-5.846137523651123,-0.81523597240448,0.0,26.73568344116211
B,20,10,only_T5,200,0.0,0.9950000047683716,-5.846137523651123,-0.81523597240448,4.4506115237219346e-15,26.73568344116211
B,20,10,only_T10,200,0.0,0.9950000047683716,-5.846137523651123,-0.81523597240448,2.435735442074684e-15,26.73568344116211
B,20,10,only_T100,200,0.0,0.98499995470047,-5.687291145324707,-0.8180802464485168,3.1884053882818977,26.73568344116211
B,20,10,only_lin,200,0.0,0.9899999499320984,-5.737771511077881,-0.8300299048423767,1.9907790445035067,26.73568344116211
B,20,10,random_orth,200,0.0,1.0,-5.845193862915039,-0.8146955966949463,3.4649665612859586,26.73568344116211
B,20,10,real_diff_in_helix_subspace,200,0.004999999888241291,0.9599999785423279,-5.570387840270996,-0.8474172949790955,4.674593962378739,26.73568344116211
B,20,10,full_swap,200,0.125,0.8499999642372131,-4.443696022033691,-1.25548255443573,13.307476043701172,26.73568344116211
B,21,10,helix,200,0.0,0.9950000047683716,-5.747230529785156,-0.82416832447052,3.6919078773335148,28.408584594726562
B,21,10,only_T2,200,0.0,0.9950000047683716,-5.846137523651123,-0.81523597240448,0.0,28.408584594726562
B,21,10,only_T5,200,0.0,0.9950000047683716,-5.846137523651123,-0.81523597240448,4.5640200384443935e-15,28.408584594726562
B,21,10,only_T10,200,0.0,0.9950000047683716,-5.846137523651123,-0.81523597240448,2.5130434140362318e-15,28.408584594726562
B,21,10,only_T100,200,0.0,1.0,-5.783347129821777,-0.8180514574050903,3.395952553340269,28.408584594726562
B,21,10,only_lin,200,0.0,0.9950000047683716,-5.816962718963623,-0.8216561079025269,2.1020869559575566,28.408584594726562
B,21,10,random_orth,200,0.0,1.0,-5.8472900390625,-0.8139596581459045,3.6919078773335148,28.408584594726562
B,21,10,real_diff_in_helix_subspace,200,0.004999999888241291,0.9950000047683716,-5.749298572540283,-0.8247868418693542,4.973724870682108,28.408584594726562
B,21,10,full_swap,200,0.009999999776482582,0.9699999690055847,-5.501237869262695,-0.881433367729187,13.858660697937012,28.408584594726562
B,22,10,helix,200,0.0,0.9950000047683716,-5.733240604400635,-0.8238489627838135,3.850209628030094,31.01968002319336
B,22,10,only_T2,200,0.0,0.9950000047683716,-5.846137523651123,-0.81523597240448,0.0,31.01968002319336
B,22,10,only_T5,200,0.0,0.9950000047683716,-5.846137523651123,-0.81523597240448,4.7211317854326965e-15,31.01968002319336
B,22,10,only_T10,200,0.0,0.9950000047683716,-5.846137523651123,-0.81523597240448,2.6269561252277724e-15,31.01968002319336
B,22,10,only_T100,200,0.0,1.0,-5.777902603149414,-0.8224005103111267,3.550780325614481,31.01968002319336
B,22,10,only_lin,200,0.0,0.9950000047683716,-5.8064866065979,-0.8162899613380432,2.2009281650964923,31.01968002319336
B,22,10,random_orth,200,0.0,0.9950000047683716,-5.846975803375244,-0.81488037109375,3.8502096280300946,31.01968002319336
B,22,10,real_diff_in_helix_subspace,200,0.004999999888241291,0.9950000047683716,-5.739326000213623,-0.8240085244178772,5.31200212218276,31.01968002319336
B,22,10,full_swap,200,0.009999999776482582,0.9649999737739563,-5.497804641723633,-0.8816691637039185,14.57036018371582,31.01968002319336
B,23,10,helix,200,0.0,0.9950000047683716,-5.831637859344482,-0.8257490396499634,4.012029480395196,32.84725570678711
B,23,10,only_T2,200,0.0,0.9950000047683716,-5.846137523651123,-0.81523597240448,0.0,32.84725570678711
B,23,10,only_T5,200,0.0,0.9950000047683716,-5.846137523651123,-0.81523597240448,4.944837652989808e-15,32.84725570678711
B,23,10,only_T10,200,0.0,0.9950000047683716,-5.846137523651123,-0.81523597240448,2.748507520647854e-15,32.84725570678711
B,23,10,only_T100,200,0.0,0.9950000047683716,-5.849306583404541,-0.8141865134239197,3.6834351445932545,32.84725570678711
B,23,10,only_lin,200,0.0,0.9950000047683716,-5.827142238616943,-0.8276960849761963,2.306738273451722,32.84725570678711
B,23,10,random_orth,200,0.0,1.0,-5.846937656402588,-0.8133447170257568,4.012029480395196,32.84725570678711
B,23,10,real_diff_in_helix_subspace,200,0.0,0.9950000047683716,-5.838582515716553,-0.8184806704521179,5.632036708551924,32.84725570678711
B,23,10,full_swap,200,0.0,0.9899999499320984,-5.85743522644043,-0.8186697959899902,15.308427810668945,32.84725570678711
B,24,10,helix,200,0.0,1.0,-5.824634075164795,-0.8228622078895569,4.149357138473284,34.496604919433594
B,24,10,only_T2,200,0.0,0.9950000047683716,-5.846137523651123,-0.81523597240448,0.0,34.496604919433594
B,24,10,only_T5,200,0.0,0.9950000047683716,-5.846137523651123,-0.81523597240448,5.176503938676846e-15,34.496604919433594
B,24,10,only_T10,200,0.0,0.9950000047683716,-5.846137523651123,-0.81523597240448,2.859397049801857e-15,34.496604919433594
B,24,10,only_T100,200,0.0,1.0,-5.842915058135986,-0.8148695230484009,3.8072757983786936,34.496604919433594
B,24,10,only_lin,200,0.0,1.0,-5.830779075622559,-0.822292149066925,2.3915312922321945,34.496604919433594
B,24,10,random_orth,200,0.0,1.0,-5.845548152923584,-0.8132636547088623,4.149357138473284,34.496604919433594
B,24,10,real_diff_in_helix_subspace,200,0.0,1.0,-5.825143814086914,-0.8215653300285339,5.9062295161175715,34.496604919433594
B,24,10,full_swap,200,0.0,1.0,-5.808840274810791,-0.8233871459960938,16.02426528930664,34.496604919433594
B,25,10,helix,200,0.0,1.0,-5.824925899505615,-0.8224231004714966,4.327809060382429,37.097625732421875
B,25,10,only_T2,200,0.0,0.9950000047683716,-5.846137523651123,-0.81523597240448,0.0,37.097625732421875
B,25,10,only_T5,200,0.0,0.9950000047683716,-5.846137523651123,-0.81523597240448,5.37290068941022e-15,37.097625732421875
B,25,10,only_T10,200,0.0,0.9950000047683716,-5.846137523651123,-0.81523597240448,2.9652634618170426e-15,37.097625732421875
B,25,10,only_T100,200,0.0,1.0,-5.841153621673584,-0.8154048919677734,3.956033560207203,37.097625732421875
B,25,10,only_lin,200,0.0,1.0,-5.829748630523682,-0.8221012949943542,2.4951189645919714,37.097625732421875
B,25,10,random_orth,200,0.0,1.0,-5.848424434661865,-0.8162847757339478,4.327809060382429,37.097625732421875
B,25,10,real_diff_in_helix_subspace,200,0.0,1.0,-5.823862075805664,-0.8211238384246826,6.224310212735341,37.097625732421875
B,25,10,full_swap,200,0.0,1.0,-5.8092522621154785,-0.8230009078979492,16.82764434814453,37.097625732421875
B,26,10,helix,200,0.0,1.0,-5.826137542724609,-0.8201321959495544,4.452951001396247,39.092594146728516
B,26,10,only_T2,200,0.0,0.9950000047683716,-5.846137523651123,-0.81523597240448,0.0,39.092594146728516
B,26,10,only_T5,200,0.0,0.9950000047683716,-5.846137523651123,-0.81523597240448,5.545718353641236e-15,39.092594146728516
B,26,10,only_T10,200,0.0,0.9950000047683716,-5.846137523651123,-0.81523597240448,3.0747666781670816e-15,39.092594146728516
B,26,10,only_T100,200,0.0,1.0,-5.836488723754883,-0.8156013488769531,4.062197999456399,39.092594146728516
B,26,10,only_lin,200,0.0,1.0,-5.834754467010498,-0.8202160596847534,2.581274235329772,39.092594146728516
B,26,10,random_orth,200,0.0,1.0,-5.846098899841309,-0.8147874474525452,4.452951001396247,39.092594146728516
B,26,10,real_diff_in_helix_subspace,200,0.0,1.0,-5.8246073722839355,-0.8219226002693176,6.523889167197332,39.092594146728516
B,26,10,full_swap,200,0.0,0.9950000047683716,-5.791975975036621,-0.8267733454704285,17.494060516357422,39.092594146728516
B,27,10,helix,200,0.0,1.0,-5.832039833068848,-0.8192580342292786,4.602626869817875,41.64632797241211
B,27,10,only_T2,200,0.0,0.9950000047683716,-5.846137523651123,-0.81523597240448,0.0,41.64632797241211
B,27,10,only_T5,200,0.0,0.9950000047683716,-5.846137523651123,-0.81523597240448,5.71983513741164e-15,41.64632797241211
B,27,10,only_T10,200,0.0,0.9950000047683716,-5.846137523651123,-0.81523597240448,3.1919945094431056e-15,41.64632797241211
B,27,10,only_T100,200,0.0,1.0,-5.840812683105469,-0.814726710319519,4.195273164169556,41.64632797241211
B,27,10,only_lin,200,0.0,0.9950000047683716,-5.8372931480407715,-0.8194013833999634,2.672620647925599,41.64632797241211
B,27,10,random_orth,200,0.0,1.0,-5.845984935760498,-0.8151167035102844,4.602626869817875,41.64632797241211
B,27,10,real_diff_in_helix_subspace,200,0.0,1.0,-5.830296516418457,-0.8205103278160095,6.869913256362873,41.64632797241211
B,27,10,full_swap,200,0.0,1.0,-5.810813903808594,-0.8235501050949097,18.188753128051758,41.64632797241211
B,28,10,helix,200,0.0,1.0,-5.830603122711182,-0.8200786113739014,4.729142289808792,44.46372985839844
B,28,10,only_T2,200,0.0,0.9950000047683716,-5.846137523651123,-0.81523597240448,0.0,44.46372985839844
B,28,10,only_T5,200,0.0,0.9950000047683716,-5.846137523651123,-0.81523597240448,5.901788793704768e-15,44.46372985839844
B,28,10,only_T10,200,0.0,0.9950000047683716,-5.846137523651123,-0.81523597240448,3.3113515571172946e-15,44.46372985839844
B,28,10,only_T100,200,0.0,1.0,-5.837874412536621,-0.816448450088501,4.305847981070794,44.46372985839844
B,28,10,only_lin,200,0.0,1.0,-5.8387131690979,-0.8184430003166199,2.7418499801224527,44.46372985839844
B,28,10,random_orth,200,0.0,1.0,-5.844943523406982,-0.8144147396087646,4.729142289808792,44.46372985839844
B,28,10,real_diff_in_helix_subspace,200,0.0,1.0,-5.830055236816406,-0.8209578394889832,7.2539924591096705,44.46372985839844
B,28,10,full_swap,200,0.0,1.0,-5.811368465423584,-0.8231946229934692,18.965848922729492,44.46372985839844
B,29,10,helix,200,0.0,1.0,-5.83144998550415,-0.8146607875823975,4.88789813303448,47.77875518798828
B,29,10,only_T2,200,0.0,0.9950000047683716,-5.846137523651123,-0.81523597240448,0.0,47.77875518798828
B,29,10,only_T5,200,0.0,0.9950000047683716,-5.846137523651123,-0.81523597240448,6.063977653263556e-15,47.77875518798828
B,29,10,only_T10,200,0.0,0.9950000047683716,-5.846137523651123,-0.81523597240448,3.4473195905389374e-15,47.77875518798828
B,29,10,only_T100,200,0.0,1.0,-5.839138031005859,-0.8160659074783325,4.43051588292196,47.77875518798828
B,29,10,only_lin,200,0.0,0.9950000047683716,-5.841757774353027,-0.814461350440979,2.8454070630486217,47.77875518798828
B,29,10,random_orth,200,0.0,1.0,-5.84605073928833,-0.8152216672897339,4.88789813303448,47.77875518798828
B,29,10,real_diff_in_helix_subspace,200,0.0,1.0,-5.832087993621826,-0.8145744204521179,7.704095015426864,47.77875518798828
B,29,10,full_swap,200,0.0,1.0,-5.812487602233887,-0.8180665969848633,19.85932159423828,47.77875518798828
B,30,10,helix,200,0.0,1.0,-5.842639446258545,-0.8157317042350769,5.088719231491766,60.118560791015625
B,30,10,only_T2,200,0.0,0.9950000047683716,-5.846137523651123,-0.81523597240448,0.0,60.118560791015625
B,30,10,only_T5,200,0.0,0.9950000047683716,-5.846137523651123,-0.81523597240448,6.298922605200749e-15,60.118560791015625
B,30,10,only_T10,200,0.0,0.9950000047683716,-5.846137523651123,-0.81523597240448,3.670151097344372e-15,60.118560791015625
B,30,10,only_T100,200,0.0,1.0,-5.843113899230957,-0.815977931022644,4.569974104968518,60.118560791015625
B,30,10,only_lin,200,0.0,0.9950000047683716,-5.845293045043945,-0.8150433301925659,2.9749693814753493,60.118560791015625
B,30,10,random_orth,200,0.0,1.0,-5.847678184509277,-0.8149458169937134,5.088719231491766,60.118560791015625
B,30,10,real_diff_in_helix_subspace,200,0.0,1.0,-5.842259407043457,-0.8159008622169495,8.570866473651773,60.118560791015625
B,30,10,full_swap,200,0.0,1.0,-5.831672668457031,-0.8182373642921448,21.2338809967041,60.118560791015625
B,31,10,helix,200,0.0,0.9950000047683716,-5.846137523651123,-0.81523597240448,5.404385903233028,80.1055908203125
B,31,10,only_T2,200,0.0,0.9950000047683716,-5.846137523651123,-0.81523597240448,0.0,80.1055908203125
B,31,10,only_T5,200,0.0,0.9950000047683716,-5.846137523651123,-0.81523597240448,6.663209160412135e-15,80.1055908203125
B,31,10,only_T10,200,0.0,0.9950000047683716,-5.846137523651123,-0.81523597240448,3.9190583457153e-15,80.1055908203125
B,31,10,only_T100,200,0.0,0.9950000047683716,-5.846137523651123,-0.81523597240448,4.8122603017106,80.1055908203125
B,31,10,only_lin,200,0.0,0.9950000047683716,-5.846137523651123,-0.81523597240448,3.18221141745731,80.1055908203125
B,31,10,random_orth,200,0.0,0.9950000047683716,-5.846137523651123,-0.81523597240448,5.404385903233028,80.1055908203125
B,31,10,real_diff_in_helix_subspace,200,0.0,0.9950000047683716,-5.846137523651123,-0.81523597240448,9.602772732613499,80.1055908203125
B,31,10,full_swap,200,0.0,0.9950000047683716,-5.846137523651123,-0.81523597240448,22.93243408203125,80.1055908203125
B,0,20,helix,200,0.07499999552965164,0.5649999976158142,-4.853731632232666,-2.0443308353424072,1.8795689372905775,3.8954381942749023
B,0,20,only_T2,200,0.0,0.9950000047683716,-7.336480617523193,-0.8080470561981201,0.0,3.8954381942749023
B,0,20,only_T5,200,0.0,0.9950000047683716,-7.336480617523193,-0.8080470561981201,2.345480839274557e-15,3.8954381942749023
B,0,20,only_T10,200,0.0,0.9950000047683716,-7.336480617523193,-0.8080470561981201,1.2154935328381542e-15,3.8954381942749023
B,0,20,only_T100,200,0.02499999850988388,0.7400000095367432,-5.646439552307129,-1.6926559209823608,1.87673192927471,3.8954381942749023
B,0,20,only_lin,200,0.004999999888241291,0.8799999952316284,-6.609573841094971,-1.0330555438995361,1.0969559286532848,3.8954381942749023
B,0,20,random_orth,200,0.0,0.9699999690055847,-7.296069145202637,-0.8580592274665833,1.8795689372905775,3.8954381942749023
B,0,20,real_diff_in_helix_subspace,200,0.125,0.5099999904632568,-4.435934543609619,-2.335413694381714,2.0844809924233534,3.8954381942749023
B,0,20,full_swap,200,0.8299999833106995,0.0,-1.2714675664901733,-5.675737380981445,4.740335464477539,3.8954381942749023
B,1,20,helix,200,0.054999999701976776,0.5899999737739563,-4.92012882232666,-1.9262927770614624,1.960523889886179,4.535511493682861
B,1,20,only_T2,200,0.0,0.9950000047683716,-7.336480617523193,-0.8080470561981201,0.0,4.535511493682861
B,1,20,only_T5,200,0.0,0.9950000047683716,-7.336480617523193,-0.8080470561981201,2.3685775495767094e-15,4.535511493682861
B,1,20,only_T10,200,0.0,0.9950000047683716,-7.336480617523193,-0.8080470561981201,1.2152787912705247e-15,4.535511493682861
B,1,20,only_T100,200,0.02499999850988388,0.73499995470047,-5.763615131378174,-1.7128808498382568,1.9219496968932999,4.535511493682861
B,1,20,only_lin,200,0.014999999664723873,0.8650000095367432,-6.561542987823486,-1.0895830392837524,1.1758123962616693,4.535511493682861
B,1,20,random_orth,200,0.0,0.98499995470047,-7.244447708129883,-0.868093729019165,1.960523889886179,4.535511493682861
B,1,20,real_diff_in_helix_subspace,200,0.10999999940395355,0.550000011920929,-4.578007698059082,-2.215491771697998,2.1298232753669963,4.535511493682861
B,1,20,full_swap,200,0.8299999833106995,0.0,-1.278719425201416,-5.659012794494629,4.7634453773498535,4.535511493682861
B,2,20,helix,200,0.054999999701976776,0.574999988079071,-4.968328952789307,-1.9556059837341309,2.102990052185129,5.329543590545654
B,2,20,only_T2,200,0.0,0.9950000047683716,-7.336480617523193,-0.8080470561981201,0.0,5.329543590545654
B,2,20,only_T5,200,0.0,0.9950000047683716,-7.336480617523193,-0.8080470561981201,2.4782067070134273e-15,5.329543590545654
B,2,20,only_T10,200,0.0,0.9950000047683716,-7.336480617523193,-0.8080470561981201,1.2800616193384437e-15,5.329543590545654
B,2,20,only_T100,200,0.02499999850988388,0.7299999594688416,-5.806209564208984,-1.7331621646881104,2.0484823439813167,5.329543590545654
B,2,20,only_lin,200,0.014999999664723873,0.8399999737739563,-6.534061908721924,-1.1500886678695679,1.2867015340944088,5.329543590545654
B,2,20,random_orth,200,0.0,0.9649999737739563,-7.262825965881348,-0.8445295691490173,2.102990052185129,5.329543590545654
B,2,20,real_diff_in_helix_subspace,200,0.10999999940395355,0.5099999904632568,-4.605403900146484,-2.223497152328491,2.26099460899841,5.329543590545654
B,2,20,full_swap,200,0.8299999833106995,0.0,-1.3104901313781738,-5.639499187469482,4.986110210418701,5.329543590545654
B,3,20,helix,200,0.04999999701976776,0.5699999928474426,-4.982729434967041,-1.9956847429275513,2.3187926580426135,6.3112568855285645
B,3,20,only_T2,200,0.0,0.9950000047683716,-7.336480617523193,-0.8080470561981201,0.0,6.3112568855285645
B,3,20,only_T5,200,0.0,0.9950000047683716,-7.336480617523193,-0.8080470561981201,2.7260807018396684e-15,6.3112568855285645
B,3,20,only_T10,200,0.0,0.9950000047683716,-7.336480617523193,-0.8080470561981201,1.455516054481233e-15,6.3112568855285645
B,3,20,only_T100,200,0.02499999850988388,0.7299999594688416,-5.813787937164307,-1.6799601316452026,2.2360350361681958,6.3112568855285645
B,3,20,only_lin,200,0.02499999850988388,0.8149999976158142,-6.490248680114746,-1.2233855724334717,1.4492965143403742,6.3112568855285645
B,3,20,random_orth,200,0.0,0.9749999642372131,-7.29951286315918,-0.8405383229255676,2.3187926580426135,6.3112568855285645
B,3,20,real_diff_in_helix_subspace,200,0.12999999523162842,0.5,-4.644305229187012,-2.2610275745391846,2.4814356224608574,6.3112568855285645
B,3,20,full_swap,200,0.8299999833106995,0.0,-1.324581265449524,-5.628178119659424,5.333972930908203,6.3112568855285645
B,4,20,helix,200,0.03999999910593033,0.5550000071525574,-4.957762718200684,-2.033449649810791,2.56137393713035,7.401328086853027
B,4,20,only_T2,200,0.0,0.9950000047683716,-7.336480617523193,-0.8080470561981201,0.0,7.401328086853027
B,4,20,only_T5,200,0.0,0.9950000047683716,-7.336480617523193,-0.8080470561981201,2.904327579527258e-15,7.401328086853027
B,4,20,only_T10,200,0.0,0.9950000047683716,-7.336480617523193,-0.8080470561981201,1.5565829697691067e-15,7.401328086853027
B,4,20,only_T100,200,0.02499999850988388,0.7149999737739563,-5.7781195640563965,-1.7211120128631592,2.445395053630406,7.401328086853027
B,4,20,only_lin,200,0.019999999552965164,0.8199999928474426,-6.48153018951416,-1.2201789617538452,1.607972986407794,7.401328086853027
B,4,20,random_orth,200,0.0,0.9799999594688416,-7.279317378997803,-0.8236008882522583,2.56137393713035,7.401328086853027
B,4,20,real_diff_in_helix_subspace,200,0.125,0.48499998450279236,-4.681957721710205,-2.2729408740997314,2.728098932381166,7.401328086853027
B,4,20,full_swap,200,0.8299999833106995,0.0,-1.3262542486190796,-5.62059211730957,5.816359996795654,7.401328086853027
B,5,20,helix,200,0.03500000014901161,0.5299999713897705,-4.95874547958374,-2.042712450027466,2.8297212428492045,8.346990585327148
B,5,20,only_T2,200,0.0,0.9950000047683716,-7.336480617523193,-0.8080470561981201,0.0,8.346990585327148
B,5,20,only_T5,200,0.0,0.9950000047683716,-7.336480617523193,-0.8080470561981201,3.166717295209837e-15,8.346990585327148
B,5,20,only_T10,200,0.0,0.9950000047683716,-7.336480617523193,-0.8080470561981201,1.7196879874637804e-15,8.346990585327148
B,5,20,only_T100,200,0.019999999552965164,0.7199999690055847,-5.8085198402404785,-1.7189053297042847,2.6907268376856655,8.346990585327148
B,5,20,only_lin,200,0.02499999850988388,0.7849999666213989,-6.420601844787598,-1.2726781368255615,1.772454716721229,8.346990585327148
B,5,20,random_orth,200,0.0,0.9799999594688416,-7.274191856384277,-0.8344062566757202,2.8297212428492045,8.346990585327148
B,5,20,real_diff_in_helix_subspace,200,0.11499999463558197,0.5,-4.7357988357543945,-2.308173894882202,3.016343826032122,8.346990585327148
B,5,20,full_swap,200,0.8299999833106995,0.0,-1.3317550420761108,-5.627169609069824,6.465109825134277,8.346990585327148
B,6,20,helix,200,0.044999998062849045,0.550000011920929,-4.946855068206787,-2.0245883464813232,3.1085209110911523,9.857434272766113
B,6,20,only_T2,200,0.0,0.9950000047683716,-7.336480617523193,-0.8080470561981201,0.0,9.857434272766113
B,6,20,only_T5,200,0.0,0.9950000047683716,-7.336480617523193,-0.8080470561981201,3.4759095662386645e-15,9.857434272766113
B,6,20,only_T10,200,0.0,0.9950000047683716,-7.336480617523193,-0.8080470561981201,1.8704964647853223e-15,9.857434272766113
B,6,20,only_T100,200,0.009999999776482582,0.7249999642372131,-5.812903881072998,-1.7194116115570068,2.9421190974570433,9.857434272766113
B,6,20,only_lin,200,0.02499999850988388,0.7749999761581421,-6.399959087371826,-1.3078603744506836,1.998807644079925,9.857434272766113
B,6,20,random_orth,200,0.0,0.9749999642372131,-7.308040142059326,-0.8279807567596436,3.1085209110911523,9.857434272766113
B,6,20,real_diff_in_helix_subspace,200,0.09999999403953552,0.5099999904632568,-4.7606048583984375,-2.350911855697632,3.368925535408455,9.857434272766113
B,6,20,full_swap,200,0.8349999785423279,0.0,-1.3180593252182007,-5.621500015258789,7.111116409301758,9.857434272766113
B,7,20,helix,200,0.03500000014901161,0.5699999928474426,-4.981097221374512,-1.9980697631835938,3.2573658395020324,10.61566162109375
B,7,20,only_T2,200,0.0,0.9950000047683716,-7.336480617523193,-0.8080470561981201,0.0,10.61566162109375
B,7,20,only_T5,200,0.0,0.9950000047683716,-7.336480617523193,-0.8080470561981201,3.5721547947269604e-15,10.61566162109375
B,7,20,only_T10,200,0.0,0.9950000047683716,-7.336480617523193,-0.8080470561981201,1.9550142460461173e-15,10.61566162109375
B,7,20,only_T100,200,0.009999999776482582,0.7299999594688416,-5.8084540367126465,-1.7131441831588745,3.0858868222018447,10.61566162109375
B,7,20,only_lin,200,0.029999999329447746,0.7849999666213989,-6.398655891418457,-1.3018182516098022,2.072024266099025,10.61566162109375
B,7,20,random_orth,200,0.0,0.9699999690055847,-7.289073467254639,-0.8428336977958679,3.2573658395020324,10.61566162109375
B,7,20,real_diff_in_helix_subspace,200,0.11499999463558197,0.5049999952316284,-4.782026767730713,-2.441148519515991,3.580214938749208,10.61566162109375
B,7,20,full_swap,200,0.8399999737739563,0.0,-1.3133245706558228,-5.612210750579834,7.434199810028076,10.61566162109375
B,8,20,helix,200,0.03999999910593033,0.5799999833106995,-5.03555965423584,-1.9699572324752808,3.368293261982209,11.989659309387207
B,8,20,only_T2,200,0.0,0.9950000047683716,-7.336480617523193,-0.8080470561981201,0.0,11.989659309387207
B,8,20,only_T5,200,0.0,0.9950000047683716,-7.336480617523193,-0.8080470561981201,3.708573752649868e-15,11.989659309387207
B,8,20,only_T10,200,0.0,0.9950000047683716,-7.336480617523193,-0.8080470561981201,2.0992858437722325e-15,11.989659309387207
B,8,20,only_T100,200,0.014999999664723873,0.7199999690055847,-5.8240814208984375,-1.7370563745498657,3.190819127826204,11.989659309387207
B,8,20,only_lin,200,0.029999999329447746,0.8050000071525574,-6.426233291625977,-1.239844799041748,2.172580316431545,11.989659309387207
B,8,20,random_orth,200,0.0,0.9799999594688416,-7.298287868499756,-0.8281203508377075,3.3682932619822084,11.989659309387207
B,8,20,real_diff_in_helix_subspace,200,0.11499999463558197,0.47999998927116394,-4.868456840515137,-2.4783482551574707,3.7714913932195833,11.989659309387207
B,8,20,full_swap,200,0.8399999737739563,0.0,-1.3130079507827759,-5.600959777832031,7.865530014038086,11.989659309387207
B,9,20,helix,200,0.044999998062849045,0.5899999737739563,-5.011119365692139,-1.9673131704330444,3.3867405967007347,12.875370025634766
B,9,20,only_T2,200,0.0,0.9950000047683716,-7.336480617523193,-0.8080470561981201,0.0,12.875370025634766
B,9,20,only_T5,200,0.0,0.9950000047683716,-7.336480617523193,-0.8080470561981201,3.717215428008703e-15,12.875370025634766
B,9,20,only_T10,200,0.0,0.9950000047683716,-7.336480617523193,-0.8080470561981201,2.124575405265117e-15,12.875370025634766
B,9,20,only_T100,200,0.009999999776482582,0.7199999690055847,-5.856465816497803,-1.7312134504318237,3.207851419050087,12.875370025634766
B,9,20,only_lin,200,0.029999999329447746,0.7999999523162842,-6.412631511688232,-1.252271056175232,2.183623018235587,12.875370025634766
B,9,20,random_orth,200,0.0,0.9799999594688416,-7.322787761688232,-0.8382632732391357,3.386740596700735,12.875370025634766
B,9,20,real_diff_in_helix_subspace,200,0.10999999940395355,0.4399999976158142,-4.940455436706543,-2.5737667083740234,3.880482094895635,12.875370025634766
B,9,20,full_swap,200,0.8349999785423279,0.0,-1.2973439693450928,-5.602644920349121,8.110365867614746,12.875370025634766
B,10,20,helix,200,0.03999999910593033,0.5999999642372131,-5.011800289154053,-1.972672939300537,3.403301453275807,13.287641525268555
B,10,20,only_T2,200,0.0,0.9950000047683716,-7.336480617523193,-0.8080470561981201,0.0,13.287641525268555
B,10,20,only_T5,200,0.0,0.9950000047683716,-7.336480617523193,-0.8080470561981201,3.8719237869040484e-15,13.287641525268555
B,10,20,only_T10,200,0.0,0.9950000047683716,-7.336480617523193,-0.8080470561981201,2.222161764210858e-15,13.287641525268555
B,10,20,only_T100,200,0.009999999776482582,0.7199999690055847,-5.849876403808594,-1.7395809888839722,3.207502005796568,13.287641525268555
B,10,20,only_lin,200,0.03500000014901161,0.7999999523162842,-6.412999153137207,-1.2553274631500244,2.211594970008438,13.287641525268555
B,10,20,random_orth,200,0.0,0.9899999499320984,-7.29549503326416,-0.8295591473579407,3.403301453275807,13.287641525268555
B,10,20,real_diff_in_helix_subspace,200,0.10499999672174454,0.4350000023841858,-5.007821083068848,-2.639786958694458,3.966569931024482,13.287641525268555
B,10,20,full_swap,200,0.8399999737739563,0.0,-1.3017733097076416,-5.604376316070557,8.266392707824707,13.287641525268555
B,11,20,helix,200,0.03999999910593033,0.5999999642372131,-5.0297346115112305,-1.9773197174072266,3.448012112775142,14.142302513122559
B,11,20,only_T2,200,0.0,0.9950000047683716,-7.336480617523193,-0.8080470561981201,0.0,14.142302513122559
B,11,20,only_T5,200,0.0,0.9950000047683716,-7.336480617523193,-0.8080470561981201,4.2258825761831875e-15,14.142302513122559
B,11,20,only_T10,200,0.0,0.9950000047683716,-7.336480617523193,-0.8080470561981201,2.3798100780768185e-15,14.142302513122559
B,11,20,only_T100,200,0.009999999776482582,0.7199999690055847,-5.855208396911621,-1.7583719491958618,3.2539795392593907,14.142302513122559
B,11,20,only_lin,200,0.03500000014901161,0.7949999570846558,-6.398978233337402,-1.2818495035171509,2.245254826814384,14.142302513122559
B,11,20,random_orth,200,0.0,0.98499995470047,-7.3172736167907715,-0.8233441114425659,3.448012112775142,14.142302513122559
B,11,20,real_diff_in_helix_subspace,200,0.09999999403953552,0.4399999976158142,-5.070065021514893,-2.627537250518799,4.017452609043852,14.142302513122559
B,11,20,full_swap,200,0.8299999833106995,0.0,-1.3255984783172607,-5.557188510894775,8.439125061035156,14.142302513122559
B,12,20,helix,200,0.03999999910593033,0.5899999737739563,-5.013733863830566,-1.9944267272949219,3.494371421380889,14.347474098205566
B,12,20,only_T2,200,0.0,0.9950000047683716,-7.336480617523193,-0.8080470561981201,0.0,14.347474098205566
B,12,20,only_T5,200,0.0,0.9950000047683716,-7.336480617523193,-0.8080470561981201,4.6710866656407836e-15,14.347474098205566
B,12,20,only_T10,200,0.0,0.9950000047683716,-7.336480617523193,-0.8080470561981201,2.6203449650292736e-15,14.347474098205566
B,12,20,only_T100,200,0.009999999776482582,0.7099999785423279,-5.833738803863525,-1.7907488346099854,3.3152182876497953,14.347474098205566
B,12,20,only_lin,200,0.03999999910593033,0.7849999666213989,-6.384797096252441,-1.2945736646652222,2.2757479024955907,14.347474098205566
B,12,20,random_orth,200,0.0,0.98499995470047,-7.303672790527344,-0.8330066204071045,3.494371421380889,14.347474098205566
B,12,20,real_diff_in_helix_subspace,200,0.0949999988079071,0.44999998807907104,-5.046165466308594,-2.6091907024383545,4.0229616707917755,14.347474098205566
B,12,20,full_swap,200,0.824999988079071,0.0,-1.3307538032531738,-5.551239013671875,8.592533111572266,14.347474098205566
B,13,20,helix,200,0.03500000014901161,0.5799999833106995,-5.043263912200928,-1.9855788946151733,3.7344105002861574,15.325700759887695
B,13,20,only_T2,200,0.0,0.9950000047683716,-7.336480617523193,-0.8080470561981201,0.0,15.325700759887695
B,13,20,only_T5,200,0.0,0.9950000047683716,-7.336480617523193,-0.8080470561981201,5.051387531221513e-15,15.325700759887695
B,13,20,only_T10,200,0.0,0.9950000047683716,-7.336480617523193,-0.8080470561981201,2.8371607207129756e-15,15.325700759887695
B,13,20,only_T100,200,0.009999999776482582,0.6949999928474426,-5.8212761878967285,-1.8099415302276611,3.521784326293564,15.325700759887695
B,13,20,only_lin,200,0.03999999910593033,0.7849999666213989,-6.389368534088135,-1.3175338506698608,2.385870442388105,15.325700759887695
B,13,20,random_orth,200,0.0,0.9699999690055847,-7.310740947723389,-0.8305584788322449,3.734410500286157,15.325700759887695
B,13,20,real_diff_in_helix_subspace,200,0.08500000089406967,0.429999977350235,-4.973989486694336,-2.5939383506774902,4.353308517323294,15.325700759887695
B,13,20,full_swap,200,0.8299999833106995,0.004999999888241291,-1.360848307609558,-5.447778224945068,8.9977445602417,15.325700759887695
B,14,20,helix,200,0.02499999850988388,0.5999999642372131,-5.049197196960449,-1.973336100578308,3.803675845197422,16.666318893432617
B,14,20,only_T2,200,0.0,0.9950000047683716,-7.336480617523193,-0.8080470561981201,0.0,16.666318893432617
B,14,20,only_T5,200,0.0,0.9950000047683716,-7.336480617523193,-0.8080470561981201,5.161039023568415e-15,16.666318893432617
B,14,20,only_T10,200,0.0,0.9950000047683716,-7.336480617523193,-0.8080470561981201,2.936557904423729e-15,16.666318893432617
B,14,20,only_T100,200,0.009999999776482582,0.7049999833106995,-5.831055641174316,-1.812914490699768,3.565439580358331,16.666318893432617
B,14,20,only_lin,200,0.03999999910593033,0.7799999713897705,-6.372081279754639,-1.3357518911361694,2.463313953656794,16.666318893432617
B,14,20,random_orth,200,0.0,0.9799999594688416,-7.322303295135498,-0.8249569535255432,3.803675845197422,16.666318893432617
B,14,20,real_diff_in_helix_subspace,200,0.06499999761581421,0.4399999976158142,-5.044066429138184,-2.6088571548461914,4.516851030595631,16.666318893432617
B,14,20,full_swap,200,0.8399999737739563,0.004999999888241291,-1.37024986743927,-5.414632320404053,9.180835723876953,16.666318893432617
B,15,20,helix,200,0.02499999850988388,0.5999999642372131,-5.064423084259033,-1.9579054117202759,4.266617026248841,18.13849639892578
B,15,20,only_T2,200,0.0,0.9950000047683716,-7.336480617523193,-0.8080470561981201,0.0,18.13849639892578
B,15,20,only_T5,200,0.0,0.9950000047683716,-7.336480617523193,-0.8080470561981201,5.473091865941451e-15,18.13849639892578
B,15,20,only_T10,200,0.0,0.9950000047683716,-7.336480617523193,-0.8080470561981201,3.0997927056230216e-15,18.13849639892578
B,15,20,only_T100,200,0.019999999552965164,0.7149999737739563,-5.750365257263184,-1.8258291482925415,4.021292286472507,18.13849639892578
B,15,20,only_lin,200,0.03999999910593033,0.7849999666213989,-6.305716514587402,-1.376866102218628,2.7255303784511242,18.13849639892578
B,15,20,random_orth,200,0.0,0.9749999642372131,-7.329093933105469,-0.8312639594078064,4.266617026248841,18.13849639892578
B,15,20,real_diff_in_helix_subspace,200,0.054999999701976776,0.44999998807907104,-5.088255405426025,-2.555598735809326,4.995917201343574,18.13849639892578
B,15,20,full_swap,200,0.8149999976158142,0.014999999664723873,-1.4420528411865234,-5.306387901306152,9.8187255859375,18.13849639892578
B,16,20,helix,200,0.03999999910593033,0.6100000143051147,-5.0306477546691895,-2.014009714126587,5.0813368362102125,20.064756393432617
B,16,20,only_T2,200,0.0,0.9950000047683716,-7.336480617523193,-0.8080470561981201,0.0,20.064756393432617
B,16,20,only_T5,200,0.0,0.9950000047683716,-7.336480617523193,-0.8080470561981201,6.70400112274942e-15,20.064756393432617
B,16,20,only_T10,200,0.0,0.9950000047683716,-7.336480617523193,-0.8080470561981201,3.759497461955837e-15,20.064756393432617
B,16,20,only_T100,200,0.019999999552965164,0.6850000023841858,-5.71155309677124,-1.9454964399337769,4.835037659815217,20.064756393432617
B,16,20,only_lin,200,0.03500000014901161,0.7649999856948853,-6.211929798126221,-1.4089584350585938,3.151397507613701,20.064756393432617
B,16,20,random_orth,200,0.0,0.9799999594688416,-7.348696231842041,-0.8040087223052979,5.081336836210213,20.064756393432617
B,16,20,real_diff_in_helix_subspace,200,0.04999999701976776,0.4399999976158142,-4.964432239532471,-2.6284148693084717,5.87311787165944,20.064756393432617
B,16,20,full_swap,200,0.8050000071525574,0.019999999552965164,-1.4297618865966797,-5.286294937133789,11.475822448730469,20.064756393432617
B,17,20,helix,200,0.014999999664723873,0.7249999642372131,-5.522446155548096,-1.6269619464874268,5.327978790801078,21.86029624938965
B,17,20,only_T2,200,0.0,0.9950000047683716,-7.336480617523193,-0.8080470561981201,0.0,21.86029624938965
B,17,20,only_T5,200,0.0,0.9950000047683716,-7.336480617523193,-0.8080470561981201,6.985388388881259e-15,21.86029624938965
B,17,20,only_T10,200,0.0,0.9950000047683716,-7.336480617523193,-0.8080470561981201,3.947631978472577e-15,21.86029624938965
B,17,20,only_T100,200,0.014999999664723873,0.7450000047683716,-6.098783016204834,-1.601293921470642,5.095396231838979,21.86029624938965
B,17,20,only_lin,200,0.02499999850988388,0.8050000071525574,-6.440611362457275,-1.2443979978561401,3.2619437106166216,21.86029624938965
B,17,20,random_orth,200,0.0,0.9599999785423279,-7.336190223693848,-0.830381453037262,5.327978790801078,21.86029624938965
B,17,20,real_diff_in_helix_subspace,200,0.009999999776482582,0.6100000143051147,-5.391611099243164,-2.0792653560638428,6.158530044301924,21.86029624938965
B,17,20,full_swap,200,0.550000011920929,0.17000000178813934,-2.0612149238586426,-4.527912139892578,12.106061935424805,21.86029624938965
B,18,20,helix,200,0.009999999776482582,0.8199999928474426,-6.235843181610107,-1.277375340461731,5.560394161137058,22.989757537841797
B,18,20,only_T2,200,0.0,0.9950000047683716,-7.336480617523193,-0.8080470561981201,0.0,22.989757537841797
B,18,20,only_T5,200,0.0,0.9950000047683716,-7.336480617523193,-0.8080470561981201,7.33268549747303e-15,22.989757537841797
B,18,20,only_T10,200,0.0,0.9950000047683716,-7.336480617523193,-0.8080470561981201,4.09067148409798e-15,22.989757537841797
B,18,20,only_T100,200,0.014999999664723873,0.8299999833106995,-6.65362024307251,-1.1905454397201538,5.355639401736898,22.989757537841797
B,18,20,only_lin,200,0.009999999776482582,0.8949999809265137,-6.724952220916748,-1.094770908355713,3.4069058584939302,22.989757537841797
B,18,20,random_orth,200,0.0,0.9899999499320984,-7.336999416351318,-0.8083850145339966,5.560394161137059,22.989757537841797
B,18,20,real_diff_in_helix_subspace,200,0.009999999776482582,0.7149999737739563,-6.193109035491943,-1.5034432411193848,6.470800930323719,22.989757537841797
B,18,20,full_swap,200,0.26499998569488525,0.4050000011920929,-4.221751689910889,-3.272123336791992,12.800101280212402,22.989757537841797
B,19,20,helix,200,0.0,0.98499995470047,-6.951273441314697,-0.8249077200889587,6.005584686650791,25.548810958862305
B,19,20,only_T2,200,0.0,0.9950000047683716,-7.336480617523193,-0.8080470561981201,0.0,25.548810958862305
B,19,20,only_T5,200,0.0,0.9950000047683716,-7.336480617523193,-0.8080470561981201,7.906530413790459e-15,25.548810958862305
B,19,20,only_T10,200,0.0,0.9950000047683716,-7.336480617523193,-0.8080470561981201,4.363523171550447e-15,25.548810958862305
B,19,20,only_T100,200,0.0,0.9799999594688416,-7.141323089599609,-0.8223118185997009,5.72823210963795,25.548810958862305
B,19,20,only_lin,200,0.0,0.9799999594688416,-7.144481182098389,-0.8271335363388062,3.818433567818873,25.548810958862305
B,19,20,random_orth,200,0.0,0.9799999594688416,-7.336389541625977,-0.8125016689300537,6.005584686650791,25.548810958862305
B,19,20,real_diff_in_helix_subspace,200,0.0,0.98499995470047,-6.906074047088623,-0.8349354863166809,6.953930309896236,25.548810958862305
B,19,20,full_swap,200,0.019999999552965164,0.9350000023841858,-6.280411243438721,-1.0426608324050903,13.599813461303711,25.548810958862305
B,20,20,helix,200,0.0,0.9799999594688416,-6.94180154800415,-0.8217530846595764,6.320917588730863,26.813974380493164
B,20,20,only_T2,200,0.0,0.9950000047683716,-7.336480617523193,-0.8080470561981201,0.0,26.813974380493164
B,20,20,only_T5,200,0.0,0.9950000047683716,-7.336480617523193,-0.8080470561981201,8.35722797465164e-15,26.813974380493164
B,20,20,only_T10,200,0.0,0.9950000047683716,-7.336480617523193,-0.8080470561981201,4.562889083690296e-15,26.813974380493164
B,20,20,only_T100,200,0.0,0.9799999594688416,-7.121999740600586,-0.8156387805938721,6.043341613612228,26.813974380493164
B,20,20,only_lin,200,0.0,0.9799999594688416,-7.156093597412109,-0.8302282691001892,3.981558089007014,26.813974380493164
B,20,20,random_orth,200,0.0,0.9749999642372131,-7.341617107391357,-0.8063279390335083,6.320917588730863,26.813974380493164
B,20,20,real_diff_in_helix_subspace,200,0.0,0.9799999594688416,-6.891499996185303,-0.8346545100212097,7.37277628910934,26.813974380493164
B,20,20,full_swap,200,0.02499999850988388,0.9199999570846558,-6.267449855804443,-1.0605716705322266,14.294961929321289,26.813974380493164
B,21,20,helix,200,0.0,0.98499995470047,-7.134079933166504,-0.8176237344741821,6.7339314591188915,28.516983032226562
B,21,20,only_T2,200,0.0,0.9950000047683716,-7.336480617523193,-0.8080470561981201,0.0,28.516983032226562
B,21,20,only_T5,200,0.0,0.9950000047683716,-7.336480617523193,-0.8080470561981201,8.578451864612677e-15,28.516983032226562
B,21,20,only_T10,200,0.0,0.9950000047683716,-7.336480617523193,-0.8080470561981201,4.707686770836248e-15,28.516983032226562
B,21,20,only_T100,200,0.0,0.9899999499320984,-7.226142883300781,-0.8109750151634216,6.436319120276568,28.516983032226562
B,21,20,only_lin,200,0.0,0.9950000047683716,-7.257383823394775,-0.820789635181427,4.204173911915113,28.516983032226562
B,21,20,random_orth,200,0.0,0.9899999499320984,-7.339075565338135,-0.8066335320472717,6.7339314591188915,28.516983032226562
B,21,20,real_diff_in_helix_subspace,200,0.0,0.9899999499320984,-7.124216556549072,-0.8198294639587402,7.883334971226499,28.516983032226562
B,21,20,full_swap,200,0.0,0.98499995470047,-6.936060428619385,-0.8424528241157532,14.988608360290527,28.516983032226562
B,22,20,helix,200,0.0,0.98499995470047,-7.114718914031982,-0.8170292377471924,7.014827072215571,31.083410263061523
B,22,20,only_T2,200,0.0,0.9950000047683716,-7.336480617523193,-0.8080470561981201,0.0,31.083410263061523
B,22,20,only_T5,200,0.0,0.9950000047683716,-7.336480617523193,-0.8080470561981201,8.876211324980325e-15,31.083410263061523
B,22,20,only_T10,200,0.0,0.9950000047683716,-7.336480617523193,-0.8080470561981201,4.921293912927106e-15,31.083410263061523
B,22,20,only_T100,200,0.0,0.9899999499320984,-7.21879768371582,-0.8174158930778503,6.729336972310935,31.083410263061523
B,22,20,only_lin,200,0.0,0.9950000047683716,-7.250123023986816,-0.8122332692146301,4.4018563301929845,31.083410263061523
B,22,20,random_orth,200,0.0,0.9899999499320984,-7.335937976837158,-0.8064783811569214,7.014827072215571,31.083410263061523
B,22,20,real_diff_in_helix_subspace,200,0.0,0.98499995470047,-7.110056400299072,-0.8191676139831543,8.286798313232147,31.083410263061523
B,22,20,full_swap,200,0.0,0.9799999594688416,-6.926305770874023,-0.8443952798843384,15.764152526855469,31.083410263061523
B,23,20,helix,200,0.0,0.98499995470047,-7.293317794799805,-0.8302688598632812,7.31285272634554,32.90187454223633
B,23,20,only_T2,200,0.0,0.9950000047683716,-7.336480617523193,-0.8080470561981201,0.0,32.90187454223633
B,23,20,only_T5,200,0.0,0.9950000047683716,-7.336480617523193,-0.8080470561981201,9.297349239329992e-15,32.90187454223633
B,23,20,only_T10,200,0.0,0.9950000047683716,-7.336480617523193,-0.8080470561981201,5.149028680431778e-15,32.90187454223633
B,23,20,only_T100,200,0.0,0.98499995470047,-7.334074974060059,-0.8096107840538025,6.980858047736789,32.90187454223633
B,23,20,only_lin,200,0.0,0.9799999594688416,-7.291770935058594,-0.8289433121681213,4.613476546903445,32.90187454223633
B,23,20,random_orth,200,0.0,0.9899999499320984,-7.333235740661621,-0.8076322674751282,7.31285272634554,32.90187454223633
B,23,20,real_diff_in_helix_subspace,200,0.0,0.9799999594688416,-7.2925920486450195,-0.8324607610702515,8.71998347943673,32.90187454223633
B,23,20,full_swap,200,0.0,0.98499995470047,-7.2654266357421875,-0.8294768929481506,16.587505340576172,32.90187454223633
B,24,20,helix,200,0.0,0.9950000047683716,-7.275371074676514,-0.8253021836280823,7.562732302107958,34.583656311035156
B,24,20,only_T2,200,0.0,0.9950000047683716,-7.336480617523193,-0.8080470561981201,0.0,34.583656311035156
B,24,20,only_T5,200,0.0,0.9950000047683716,-7.336480617523193,-0.8080470561981201,9.731924875270248e-15,34.583656311035156
B,24,20,only_T10,200,0.0,0.9950000047683716,-7.336480617523193,-0.8080470561981201,5.356708450433891e-15,34.583656311035156
B,24,20,only_T100,200,0.0,0.9899999499320984,-7.316310882568359,-0.807849645614624,7.215650262917644,34.583656311035156
B,24,20,only_lin,200,0.0,0.9899999499320984,-7.298445224761963,-0.8258847594261169,4.783062584464389,34.583656311035156
B,24,20,random_orth,200,0.0,0.9950000047683716,-7.338956356048584,-0.8085651993751526,7.562732302107958,34.583656311035156
B,24,20,real_diff_in_helix_subspace,200,0.0,0.9950000047683716,-7.274294853210449,-0.8266874551773071,9.089360542271406,34.583656311035156
B,24,20,full_swap,200,0.0,1.0,-7.260796546936035,-0.8157817125320435,17.366941452026367,34.583656311035156
B,25,20,helix,200,0.0,0.9950000047683716,-7.276081562042236,-0.8242874145507812,7.9000806095480645,37.193634033203125
B,25,20,only_T2,200,0.0,0.9950000047683716,-7.336480617523193,-0.8080470561981201,0.0,37.193634033203125
B,25,20,only_T5,200,0.0,0.9950000047683716,-7.336480617523193,-0.8080470561981201,1.0106495277246983e-14,37.193634033203125
B,25,20,only_T10,200,0.0,0.9950000047683716,-7.336480617523193,-0.8080470561981201,5.555000727149593e-15,37.193634033203125
B,25,20,only_T100,200,0.0,0.9950000047683716,-7.315511703491211,-0.8076911568641663,7.497961979844394,37.193634033203125
B,25,20,only_lin,200,0.0,0.9899999499320984,-7.298495769500732,-0.822047233581543,4.990237929183943,37.193634033203125
B,25,20,random_orth,200,0.0,0.9950000047683716,-7.33820915222168,-0.8092837333679199,7.9000806095480645,37.193634033203125
B,25,20,real_diff_in_helix_subspace,200,0.0,0.9950000047683716,-7.27074670791626,-0.8239046931266785,9.561062678468392,37.193634033203125
B,25,20,full_swap,200,0.0,1.0,-7.261475563049316,-0.8152688145637512,18.283889770507812,37.193634033203125
B,26,20,helix,200,0.0,0.9950000047683716,-7.276766777038574,-0.8223484754562378,8.127781902014497,39.14114761352539
B,26,20,only_T2,200,0.0,0.9950000047683716,-7.336480617523193,-0.8080470561981201,0.0,39.14114761352539
B,26,20,only_T5,200,0.0,0.9950000047683716,-7.336480617523193,-0.8080470561981201,1.0434435618266138e-14,39.14114761352539
B,26,20,only_T10,200,0.0,0.9950000047683716,-7.336480617523193,-0.8080470561981201,5.760174320941296e-15,39.14114761352539
B,26,20,only_T100,200,0.0,0.9950000047683716,-7.312183856964111,-0.809405505657196,7.699602784843528,39.14114761352539
B,26,20,only_lin,200,0.0,0.9899999499320984,-7.302548885345459,-0.8197087645530701,5.162548470659544,39.14114761352539
B,26,20,random_orth,200,0.0,0.9950000047683716,-7.335024833679199,-0.8084840178489685,8.127781902014497,39.14114761352539
B,26,20,real_diff_in_helix_subspace,200,0.0,0.9950000047683716,-7.274134159088135,-0.8240472078323364,9.917819956332458,39.14114761352539
B,26,20,full_swap,200,0.0,0.9950000047683716,-7.26101541519165,-0.818520188331604,19.005876541137695,39.14114761352539
B,27,20,helix,200,0.0,0.9899999499320984,-7.289697170257568,-0.8193104267120361,8.400519113758797,41.722408294677734
B,27,20,only_T2,200,0.0,0.9950000047683716,-7.336480617523193,-0.8080470561981201,0.0,41.722408294677734
B,27,20,only_T5,200,0.0,0.9950000047683716,-7.336480617523193,-0.8080470561981201,1.0766353171060287e-14,41.722408294677734
B,27,20,only_T10,200,0.0,0.9950000047683716,-7.336480617523193,-0.8080470561981201,5.979863562338161e-15,41.722408294677734
B,27,20,only_T100,200,0.0,0.9950000047683716,-7.320738315582275,-0.8079255223274231,7.951808090662749,41.722408294677734
B,27,20,only_lin,200,0.0,0.9950000047683716,-7.311397075653076,-0.8190425634384155,5.345241295851198,41.722408294677734
B,27,20,random_orth,200,0.0,0.9950000047683716,-7.33220911026001,-0.8105908036231995,8.400519113758797,41.722408294677734
B,27,20,real_diff_in_helix_subspace,200,0.0,0.9950000047683716,-7.2881035804748535,-0.820011556148529,10.341838830551405,41.722408294677734
B,27,20,full_swap,200,0.0,0.9950000047683716,-7.279088497161865,-0.8155117034912109,19.758460998535156,41.722408294677734
B,28,20,helix,200,0.0,0.9899999499320984,-7.288887977600098,-0.8197780251502991,8.636246219488646,44.55574035644531
B,28,20,only_T2,200,0.0,0.9950000047683716,-7.336480617523193,-0.8080470561981201,0.0,44.55574035644531
B,28,20,only_T5,200,0.0,0.9950000047683716,-7.336480617523193,-0.8080470561981201,1.110546430137142e-14,44.55574035644531
B,28,20,only_T10,200,0.0,0.9950000047683716,-7.336480617523193,-0.8080470561981201,6.20350654503012e-15,44.55574035644531
B,28,20,only_T100,200,0.0,0.9899999499320984,-7.313419818878174,-0.8104060292243958,8.161213110872133,44.55574035644531
B,28,20,only_lin,200,0.0,0.9899999499320984,-7.314675331115723,-0.8178686499595642,5.4836999602449055,44.55574035644531
B,28,20,random_orth,200,0.0,0.9899999499320984,-7.338708877563477,-0.8091912865638733,8.636246219488646,44.55574035644531
B,28,20,real_diff_in_helix_subspace,200,0.0,0.9899999499320984,-7.285715103149414,-0.8206322193145752,10.845388261022054,44.55574035644531
B,28,20,full_swap,200,0.0,0.9950000047683716,-7.283526420593262,-0.8134339451789856,20.647924423217773,44.55574035644531
B,29,20,helix,200,0.0,0.9899999499320984,-7.298264980316162,-0.8079028725624084,8.938172437867376,47.78898620605469
B,29,20,only_T2,200,0.0,0.9950000047683716,-7.336480617523193,-0.8080470561981201,0.0,47.78898620605469
B,29,20,only_T5,200,0.0,0.9950000047683716,-7.336480617523193,-0.8080470561981201,1.1409903660454925e-14,47.78898620605469
B,29,20,only_T10,200,0.0,0.9950000047683716,-7.336480617523193,-0.8080470561981201,6.4583874809606386e-15,47.78898620605469
B,29,20,only_T100,200,0.0,0.9899999499320984,-7.316562175750732,-0.8094094395637512,8.397605585863731,47.78898620605469
B,29,20,only_lin,200,0.0,0.9899999499320984,-7.320206165313721,-0.8070399165153503,5.690814126097243,47.78898620605469
B,29,20,random_orth,200,0.0,0.9950000047683716,-7.336894512176514,-0.8086203336715698,8.938172437867376,47.78898620605469
B,29,20,real_diff_in_helix_subspace,200,0.0,0.9899999499320984,-7.296385765075684,-0.8088446855545044,11.400646972213076,47.78898620605469
B,29,20,full_swap,200,0.0,0.9950000047683716,-7.28950309753418,-0.8065881133079529,21.650991439819336,47.78898620605469
B,30,20,helix,200,0.0,0.9899999499320984,-7.319854736328125,-0.8097124099731445,9.331828634153375,59.67384719848633
B,30,20,only_T2,200,0.0,0.9950000047683716,-7.336480617523193,-0.8080470561981201,0.0,59.67384719848633
B,30,20,only_T5,200,0.0,0.9950000047683716,-7.336480617523193,-0.8080470561981201,1.1843058288988582e-14,59.67384719848633
B,30,20,only_T10,200,0.0,0.9950000047683716,-7.336480617523193,-0.8080470561981201,6.876492224273942e-15,59.67384719848633
B,30,20,only_T100,200,0.0,0.9899999499320984,-7.325654029846191,-0.8095670342445374,8.661996092399706,59.67384719848633
B,30,20,only_lin,200,0.0,0.9899999499320984,-7.332056522369385,-0.8081549406051636,5.949938762950699,59.67384719848633
B,30,20,random_orth,200,0.0,0.9950000047683716,-7.336820125579834,-0.8078131079673767,9.331828634153375,59.67384719848633
B,30,20,real_diff_in_helix_subspace,200,0.0,0.9899999499320984,-7.318994045257568,-0.8096657395362854,12.355396330137092,59.67384719848633
B,30,20,full_swap,200,0.0,0.9950000047683716,-7.315628528594971,-0.8093485236167908,23.2045841217041,59.67384719848633
B,31,20,helix,200,0.0,0.9950000047683716,-7.336480617523193,-0.8080470561981201,9.934958539388989,79.24102783203125
B,31,20,only_T2,200,0.0,0.9950000047683716,-7.336480617523193,-0.8080470561981201,0.0,79.24102783203125
B,31,20,only_T5,200,0.0,0.9950000047683716,-7.336480617523193,-0.8080470561981201,1.2532615040322436e-14,79.24102783203125
B,31,20,only_T10,200,0.0,0.9950000047683716,-7.336480617523193,-0.8080470561981201,7.343521593038486e-15,79.24102783203125
B,31,20,only_T100,200,0.0,0.9950000047683716,-7.336480617523193,-0.8080470561981201,9.12159794632705,79.24102783203125
B,31,20,only_lin,200,0.0,0.9950000047683716,-7.336480617523193,-0.8080470561981201,6.36442283491462,79.24102783203125
B,31,20,random_orth,200,0.0,0.9950000047683716,-7.336480617523193,-0.8080470561981201,9.934958539388989,79.24102783203125
B,31,20,real_diff_in_helix_subspace,200,0.0,0.9950000047683716,-7.336480617523193,-0.8080470561981201,13.53140538105252,79.24102783203125
B,31,20,full_swap,200,0.0,0.9950000047683716,-7.336480617523193,-0.8080470561981201,25.074996948242188,79.24102783203125
