slot,kind,delta,layer,cond,n,success,stay,edit_norm
A,units,-3,0,full_swap,22,0.1818181872367859,0.0,37.57007598876953
A,units,-3,0,helix:all,22,0.09090909361839294,0.04545454680919647,20.888259375893323
A,units,-3,0,helix:tens,22,0.0,0.7727273106575012,2.65977135404327
A,units,-3,0,helix:units,22,0.09090909361839294,0.04545454680919647,20.71838078461621
A,units,-3,0,helix:random_orth,22,0.04545454680919647,0.8181818723678589,20.888259375893323
A,units,-3,0,digit_1hot:all,22,0.09090909361839294,0.04545454680919647,22.779452476162167
A,units,-3,0,digit_1hot:tens,22,0.0,0.9545454978942871,0.0
A,units,-3,0,digit_1hot:units,22,0.09090909361839294,0.04545454680919647,22.779452476162167
A,units,-3,0,digit_1hot:random_orth,22,0.09090909361839294,0.7727273106575012,22.779452476162167
A,units,-3,0,digit_circ:all,22,0.09090909361839294,0.40909093618392944,11.393918086773104
A,units,-3,0,digit_circ:tens,22,0.0,0.9545454978942871,0.0
A,units,-3,0,digit_circ:units,22,0.09090909361839294,0.40909093618392944,11.393918086773104
A,units,-3,0,digit_circ:random_orth,22,0.0,0.8181818723678589,11.393918086773105
A,units,-3,0,both:all,22,0.09090909361839294,0.04545454680919647,23.197179392636897
A,units,-3,0,both:tens,22,0.0,0.9090909361839294,4.624911594657711
A,units,-3,0,both:units,22,0.09090909361839294,0.04545454680919647,22.788793606919146
A,units,-3,0,both:random_orth,22,0.0,0.7272727489471436,23.197179392636897
A,units,-3,2,full_swap,22,0.1818181872367859,0.0,48.03376388549805
A,units,-3,2,helix:all,22,0.04545454680919647,0.04545454680919647,26.40685496615421
A,units,-3,2,helix:tens,22,0.0,0.7272727489471436,3.628182422011633
A,units,-3,2,helix:units,22,0.04545454680919647,0.04545454680919647,26.12252574847923
A,units,-3,2,helix:random_orth,22,0.0,0.7272727489471436,26.40685496615421
A,units,-3,2,digit_1hot:all,22,0.04545454680919647,0.04545454680919647,28.924086074683316
A,units,-3,2,digit_1hot:tens,22,0.0,0.9545454978942871,0.0
A,units,-3,2,digit_1hot:units,22,0.04545454680919647,0.04545454680919647,28.924086074683316
A,units,-3,2,digit_1hot:random_orth,22,0.04545454680919647,0.6363636255264282,28.924086074683316
A,units,-3,2,digit_circ:all,22,0.04545454680919647,0.40909093618392944,14.423548258650477
A,units,-3,2,digit_circ:tens,22,0.0,0.9545454978942871,0.0
A,units,-3,2,digit_circ:units,22,0.04545454680919647,0.40909093618392944,14.423548258650477
A,units,-3,2,digit_circ:random_orth,22,0.04545454680919647,0.8181818723678589,14.423548258650477
A,units,-3,2,both:all,22,0.04545454680919647,0.04545454680919647,29.453955782036953
A,units,-3,2,both:tens,22,0.0,0.8636363744735718,5.789181724045597
A,units,-3,2,both:units,22,0.04545454680919647,0.04545454680919647,28.912194718183443
A,units,-3,2,both:random_orth,22,0.04545454680919647,0.6818181872367859,29.453955782036953
A,units,-3,4,full_swap,22,0.1818181872367859,0.04545454680919647,66.70532989501953
A,units,-3,4,helix:all,22,0.04545454680919647,0.04545454680919647,36.79562217134135
A,units,-3,4,helix:tens,22,0.0,0.7727273106575012,5.196997403763399
A,units,-3,4,helix:units,22,0.04545454680919647,0.09090909361839294,36.335999409740076
A,units,-3,4,helix:random_orth,22,0.0,0.7727273106575012,36.79562217134135
A,units,-3,4,digit_1hot:all,22,0.04545454680919647,0.04545454680919647,39.93786049702528
A,units,-3,4,digit_1hot:tens,22,0.0,0.9545454978942871,0.0
A,units,-3,4,digit_1hot:units,22,0.04545454680919647,0.04545454680919647,39.93786049702528
A,units,-3,4,digit_1hot:random_orth,22,0.04545454680919647,0.7272727489471436,39.93786049702528
A,units,-3,4,digit_circ:all,22,0.04545454680919647,0.5,19.805749046809687
A,units,-3,4,digit_circ:tens,22,0.0,0.9545454978942871,0.0
A,units,-3,4,digit_circ:units,22,0.04545454680919647,0.5,19.805749046809687
A,units,-3,4,digit_circ:random_orth,22,0.0,0.8636363744735718,19.805749046809687
A,units,-3,4,both:all,22,0.04545454680919647,0.04545454680919647,40.71572561156621
A,units,-3,4,both:tens,22,0.0,0.7727273106575012,7.739841498158185
A,units,-3,4,both:units,22,0.04545454680919647,0.04545454680919647,39.89860964734482
A,units,-3,4,both:random_orth,22,0.04545454680919647,0.8181818723678589,40.71572561156621
A,units,-3,6,full_swap,22,0.1818181872367859,0.04545454680919647,79.90492248535156
A,units,-3,6,helix:all,22,0.04545454680919647,0.0,43.51984432790167
A,units,-3,6,helix:tens,22,0.0,0.7727273106575012,6.213629178029993
A,units,-3,6,helix:units,22,0.04545454680919647,0.0,42.877428698673974
A,units,-3,6,helix:random_orth,22,0.0,0.7727273106575012,43.51984432790167
A,units,-3,6,digit_1hot:all,22,0.04545454680919647,0.0,47.01436705169556
A,units,-3,6,digit_1hot:tens,22,0.0,0.9545454978942871,0.0
A,units,-3,6,digit_1hot:units,22,0.04545454680919647,0.0,47.01436705169556
A,units,-3,6,digit_1hot:random_orth,22,0.0,0.7272727489471436,47.01436705169556
A,units,-3,6,digit_circ:all,22,0.04545454680919647,0.4545454680919647,24.139091852115143
A,units,-3,6,digit_circ:tens,22,0.0,0.9545454978942871,0.0
A,units,-3,6,digit_circ:units,22,0.04545454680919647,0.4545454680919647,24.139091852115143
A,units,-3,6,digit_circ:random_orth,22,0.0,0.9545454978942871,24.139091852115143
A,units,-3,6,both:all,22,0.04545454680919647,0.0,48.02434060811831
A,units,-3,6,both:tens,22,0.0,0.7727273106575012,9.131278177994716
A,units,-3,6,both:units,22,0.04545454680919647,0.04545454680919647,46.950948826503264
A,units,-3,6,both:random_orth,22,0.0,0.8181818723678589,48.02434060811831
A,units,-3,8,full_swap,22,0.13636364042758942,0.04545454680919647,87.59454345703125
A,units,-3,8,helix:all,22,0.09090909361839294,0.13636364042758942,46.34521264815533
A,units,-3,8,helix:tens,22,0.0,0.7272727489471436,6.883588661286348
A,units,-3,8,helix:units,22,0.09090909361839294,0.1818181872367859,45.52839396973004
A,units,-3,8,helix:random_orth,22,0.0,0.6818181872367859,46.34521264815533
A,units,-3,8,digit_1hot:all,22,0.09090909361839294,0.0,49.99969340280506
A,units,-3,8,digit_1hot:tens,22,0.0,0.9545454978942871,0.0
A,units,-3,8,digit_1hot:units,22,0.09090909361839294,0.0,49.99969340280506
A,units,-3,8,digit_1hot:random_orth,22,0.0,0.8181818723678589,49.99969340280506
A,units,-3,8,digit_circ:all,22,0.04545454680919647,0.5,26.399377741733517
A,units,-3,8,digit_circ:tens,22,0.0,0.9545454978942871,0.0
A,units,-3,8,digit_circ:units,22,0.04545454680919647,0.5,26.399377741733517
A,units,-3,8,digit_circ:random_orth,22,0.0,0.9545454978942871,26.399377741733517
A,units,-3,8,both:all,22,0.09090909361839294,0.04545454680919647,51.08589605985023
A,units,-3,8,both:tens,22,0.0,0.7727273106575012,9.778808758508925
A,units,-3,8,both:units,22,0.09090909361839294,0.09090909361839294,49.914171716851136
A,units,-3,8,both:random_orth,22,0.0,0.6818181872367859,51.08589605985023
A,units,-3,10,full_swap,22,0.13636364042758942,0.04545454680919647,98.5730972290039
A,units,-3,10,helix:all,22,0.09090909361839294,0.1818181872367859,51.308666330319596
A,units,-3,10,helix:tens,22,0.0,0.7727273106575012,7.716660492934924
A,units,-3,10,helix:units,22,0.09090909361839294,0.1818181872367859,50.36295248601755
A,units,-3,10,helix:random_orth,22,0.0,0.8181818723678589,51.308666330319575
A,units,-3,10,digit_1hot:all,22,0.09090909361839294,0.13636364042758942,55.37932710202624
A,units,-3,10,digit_1hot:tens,22,0.0,0.9545454978942871,0.0
A,units,-3,10,digit_1hot:units,22,0.09090909361839294,0.13636364042758942,55.37932710202624
A,units,-3,10,digit_1hot:random_orth,22,0.0,0.7727273106575012,55.37932710202624
A,units,-3,10,digit_circ:all,22,0.04545454680919647,0.4545454680919647,29.086015982616047
A,units,-3,10,digit_circ:tens,22,0.0,0.9545454978942871,0.0
A,units,-3,10,digit_circ:units,22,0.04545454680919647,0.4545454680919647,29.086015982616047
A,units,-3,10,digit_circ:random_orth,22,0.0,0.9090909361839294,29.086015982616047
A,units,-3,10,both:all,22,0.09090909361839294,0.13636364042758942,56.608567416178865
A,units,-3,10,both:tens,22,0.0,0.7272727489471436,10.92771014349155
A,units,-3,10,both:units,22,0.09090909361839294,0.13636364042758942,55.27605426430277
A,units,-3,10,both:random_orth,22,0.0,0.6818181872367859,56.608567416178865
A,units,-3,12,full_swap,22,0.09090909361839294,0.09090909361839294,111.20795440673828
A,units,-3,12,helix:all,22,0.09090909361839294,0.27272728085517883,56.77626202369149
A,units,-3,12,helix:tens,22,0.0,0.7727273106575012,8.56547960253147
A,units,-3,12,helix:units,22,0.09090909361839294,0.3181818127632141,55.7787131555226
A,units,-3,12,helix:random_orth,22,0.0,0.7727273106575012,56.77626202369149
A,units,-3,12,digit_1hot:all,22,0.09090909361839294,0.22727273404598236,61.5994154022518
A,units,-3,12,digit_1hot:tens,22,0.0,0.9545454978942871,0.0
A,units,-3,12,digit_1hot:units,22,0.09090909361839294,0.22727273404598236,61.5994154022518
A,units,-3,12,digit_1hot:random_orth,22,0.0,0.6818181872367859,61.5994154022518
A,units,-3,12,digit_circ:all,22,0.04545454680919647,0.5,31.78804039401081
A,units,-3,12,digit_circ:tens,22,0.0,0.9545454978942871,0.0
A,units,-3,12,digit_circ:units,22,0.04545454680919647,0.5,31.78804039401081
A,units,-3,12,digit_circ:random_orth,22,0.0,0.8181818723678589,31.78804039401081
A,units,-3,12,both:all,22,0.09090909361839294,0.22727273404598236,62.91528364067665
A,units,-3,12,both:tens,22,0.0,0.6818181872367859,12.03983551082843
A,units,-3,12,both:units,22,0.09090909361839294,0.22727273404598236,61.49738854017466
A,units,-3,12,both:random_orth,22,0.04545454680919647,0.6818181872367859,62.91528364067665
A,units,-3,14,full_swap,22,0.04545454680919647,0.3636363744735718,123.98165893554688
A,units,-3,14,helix:all,22,0.04545454680919647,0.5454545617103577,62.41147295473998
A,units,-3,14,helix:tens,22,0.0,0.8636363744735718,9.385030627139097
A,units,-3,14,helix:units,22,0.04545454680919647,0.5454545617103577,61.34564567829866
A,units,-3,14,helix:random_orth,22,0.0,0.8636363744735718,62.41147295473998
A,units,-3,14,digit_1hot:all,22,0.04545454680919647,0.5454545617103577,68.02596545965662
A,units,-3,14,digit_1hot:tens,22,0.0,0.9545454978942871,0.0
A,units,-3,14,digit_1hot:units,22,0.04545454680919647,0.5454545617103577,68.02596545965662
A,units,-3,14,digit_1hot:random_orth,22,0.0,0.8181818723678589,68.02596545965662
A,units,-3,14,digit_circ:all,22,0.0,0.6363636255264282,34.54506847105935
A,units,-3,14,digit_circ:tens,22,0.0,0.9545454978942871,0.0
A,units,-3,14,digit_circ:units,22,0.0,0.6363636255264282,34.54506847105935
A,units,-3,14,digit_circ:random_orth,22,0.0,0.9545454978942871,34.54506847105935
A,units,-3,14,both:all,22,0.04545454680919647,0.5454545617103577,69.42821754434617
A,units,-3,14,both:tens,22,0.0,0.8181818723678589,13.207942608319728
A,units,-3,14,both:units,22,0.04545454680919647,0.5454545617103577,67.90027413853642
A,units,-3,14,both:random_orth,22,0.0,0.8181818723678589,69.42821754434617
A,units,-3,16,full_swap,22,0.04545454680919647,0.40909093618392944,137.58920288085938
A,units,-3,16,helix:all,22,0.04545454680919647,0.5909091234207153,68.56885358035888
A,units,-3,16,helix:tens,22,0.0,0.8636363744735718,10.308699897725548
A,units,-3,16,helix:units,22,0.04545454680919647,0.5909091234207153,67.38728817983055
A,units,-3,16,helix:random_orth,22,0.0,0.9090909361839294,68.56885358035888
A,units,-3,16,digit_1hot:all,22,0.04545454680919647,0.5909091234207153,74.84570267003956
A,units,-3,16,digit_1hot:tens,22,0.0,0.9545454978942871,0.0
A,units,-3,16,digit_1hot:units,22,0.04545454680919647,0.5909091234207153,74.84570267003956
A,units,-3,16,digit_1hot:random_orth,22,0.0,0.8181818723678589,74.84570267003956
A,units,-3,16,digit_circ:all,22,0.0,0.8181818723678589,37.57580659623798
A,units,-3,16,digit_circ:tens,22,0.0,0.9545454978942871,0.0
A,units,-3,16,digit_circ:units,22,0.0,0.8181818723678589,37.57580659623798
A,units,-3,16,digit_circ:random_orth,22,0.0,0.9090909361839294,37.57580659623798
A,units,-3,16,both:all,22,0.04545454680919647,0.5909091234207153,76.39498060137164
A,units,-3,16,both:tens,22,0.0,0.8636363744735718,14.464818355847198
A,units,-3,16,both:units,22,0.04545454680919647,0.5909091234207153,74.69605890497697
A,units,-3,16,both:random_orth,22,0.0,0.8181818723678589,76.39498060137164
A,units,-3,18,full_swap,22,0.0,0.9090909361839294,149.96124267578125
A,units,-3,18,helix:all,22,0.0,0.9090909361839294,74.67800519805452
A,units,-3,18,helix:tens,22,0.0,0.8636363744735718,11.291839042457816
A,units,-3,18,helix:units,22,0.0,0.9090909361839294,73.38788507371993
A,units,-3,18,helix:random_orth,22,0.0,0.8636363744735718,74.67800519805452
A,units,-3,18,digit_1hot:all,22,0.0,0.9090909361839294,81.70097190941918
A,units,-3,18,digit_1hot:tens,22,0.0,0.9545454978942871,0.0
A,units,-3,18,digit_1hot:units,22,0.0,0.9090909361839294,81.70097190941918
A,units,-3,18,digit_1hot:random_orth,22,0.0,0.9090909361839294,81.70097190941918
A,units,-3,18,digit_circ:all,22,0.0,1.0,40.49694278446718
A,units,-3,18,digit_circ:tens,22,0.0,0.9545454978942871,0.0
A,units,-3,18,digit_circ:units,22,0.0,1.0,40.49694278446718
A,units,-3,18,digit_circ:random_orth,22,0.0,0.9090909361839294,40.49694278446718
A,units,-3,18,both:all,22,0.0,0.9090909361839294,83.39117217324609
A,units,-3,18,both:tens,22,0.0,0.8636363744735718,15.73859171691753
A,units,-3,18,both:units,22,0.0,0.9090909361839294,81.53224427238189
A,units,-3,18,both:random_orth,22,0.0,0.8636363744735718,83.39117217324609
A,units,-3,20,full_swap,22,0.0,0.9090909361839294,165.25119018554688
A,units,-3,20,helix:all,22,0.0,1.0,81.78437921311162
A,units,-3,20,helix:tens,22,0.0,0.9545454978942871,12.24952605483826
A,units,-3,20,helix:units,22,0.0,1.0,80.43683759340325
A,units,-3,20,helix:random_orth,22,0.0,1.0,81.78437921311163
A,units,-3,20,digit_1hot:all,22,0.0,0.9545454978942871,89.83936398294992
A,units,-3,20,digit_1hot:tens,22,0.0,0.9545454978942871,0.0
A,units,-3,20,digit_1hot:units,22,0.0,0.9545454978942871,89.83936398294992
A,units,-3,20,digit_1hot:random_orth,22,0.0,0.9545454978942871,89.83936398294992
A,units,-3,20,digit_circ:all,22,0.0,1.0,43.90817274659706
A,units,-3,20,digit_circ:tens,22,0.0,0.9545454978942871,0.0
A,units,-3,20,digit_circ:units,22,0.0,1.0,43.90817274659706
A,units,-3,20,digit_circ:random_orth,22,0.0,0.9545454978942871,43.90817274659706
A,units,-3,20,both:all,22,0.0,0.9545454978942871,91.62537876728322
A,units,-3,20,both:tens,22,0.0,0.9545454978942871,17.244273061306135
A,units,-3,20,both:units,22,0.0,0.9545454978942871,89.66031624782813
A,units,-3,20,both:random_orth,22,0.0,0.8636363744735718,91.62537876728322
A,units,-2,0,full_swap,32,0.28125,0.0,35.12983322143555
A,units,-2,0,helix:all,32,0.0625,0.3125,16.7804985615769
A,units,-2,0,helix:tens,32,0.0,0.875,1.8204896093484355
A,units,-2,0,helix:units,32,0.0625,0.3125,16.684431971454153
A,units,-2,0,helix:random_orth,32,0.0,0.78125,16.7804985615769
A,units,-2,0,digit_1hot:all,32,0.0625,0.34375,21.081015844300232
A,units,-2,0,digit_1hot:tens,32,0.0,1.0,0.0
A,units,-2,0,digit_1hot:units,32,0.0625,0.34375,21.081015844300232
A,units,-2,0,digit_1hot:random_orth,32,0.03125,0.75,21.081015844300232
A,units,-2,0,digit_circ:all,32,0.03125,0.625,8.295215608949292
A,units,-2,0,digit_circ:tens,32,0.0,1.0,0.0
A,units,-2,0,digit_circ:units,32,0.03125,0.625,8.295215608949292
A,units,-2,0,digit_circ:random_orth,32,0.0,0.875,8.295215608949292
A,units,-2,0,both:all,32,0.0625,0.3125,21.18989339354954
A,units,-2,0,both:tens,32,0.03125,0.9375,3.1193491557642563
A,units,-2,0,both:units,32,0.0625,0.3125,21.0934247725356
A,units,-2,0,both:random_orth,32,0.0,0.78125,21.18989339354954
A,units,-2,2,full_swap,32,0.28125,0.0,45.8826789855957
A,units,-2,2,helix:all,32,0.03125,0.46875,21.4653991200365
A,units,-2,2,helix:tens,32,0.0,0.84375,2.4879346829640565
A,units,-2,2,helix:units,32,0.03125,0.46875,21.312150021908664
A,units,-2,2,helix:random_orth,32,0.0,0.875,21.4653991200365
A,units,-2,2,digit_1hot:all,32,0.03125,0.34375,26.75970485124734
A,units,-2,2,digit_1hot:tens,32,0.0,1.0,0.0
A,units,-2,2,digit_1hot:units,32,0.03125,0.34375,26.75970485124734
A,units,-2,2,digit_1hot:random_orth,32,0.0,0.875,26.759704851247342
A,units,-2,2,digit_circ:all,32,0.03125,0.625,10.47150717275019
A,units,-2,2,digit_circ:tens,32,0.0,1.0,0.0
A,units,-2,2,digit_circ:units,32,0.03125,0.625,10.47150717275019
A,units,-2,2,digit_circ:random_orth,32,0.0,0.90625,10.47150717275019
A,units,-2,2,both:all,32,0.03125,0.3125,26.926019222957983
A,units,-2,2,both:tens,32,0.0,0.875,3.9074202232526556
A,units,-2,2,both:units,32,0.03125,0.3125,26.764709150038524
A,units,-2,2,both:random_orth,32,0.03125,0.8125,26.926019222957983
A,units,-2,4,full_swap,32,0.1875,0.03125,64.33849334716797
A,units,-2,4,helix:all,32,0.03125,0.46875,29.60213770572127
A,units,-2,4,helix:tens,32,0.0,0.875,3.5633176132935804
A,units,-2,4,helix:units,32,0.03125,0.5,29.371385922896707
A,units,-2,4,helix:random_orth,32,0.03125,0.8125,29.60213770572127
A,units,-2,4,digit_1hot:all,32,0.03125,0.40625,36.26892515722275
A,units,-2,4,digit_1hot:tens,32,0.0,1.0,0.0
A,units,-2,4,digit_1hot:units,32,0.03125,0.40625,36.26892515722275
A,units,-2,4,digit_1hot:random_orth,32,0.03125,0.8125,36.26892515722275
A,units,-2,4,digit_circ:all,32,0.03125,0.625,14.278301476622431
A,units,-2,4,digit_circ:tens,32,0.0,1.0,0.0
A,units,-2,4,digit_circ:units,32,0.03125,0.625,14.278301476622431
A,units,-2,4,digit_circ:random_orth,32,0.0,0.90625,14.27830147662243
A,units,-2,4,both:all,32,0.03125,0.34375,36.52176411208411
A,units,-2,4,both:tens,32,0.0,0.875,5.22478062598422
A,units,-2,4,both:units,32,0.03125,0.40625,36.263728586089705
A,units,-2,4,both:random_orth,32,0.0,0.8125,36.52176411208411
A,units,-2,6,full_swap,32,0.125,0.09375,77.81687927246094
A,units,-2,6,helix:all,32,0.03125,0.40625,34.69761685677951
A,units,-2,6,helix:tens,32,0.0,0.90625,4.258347356667613
A,units,-2,6,helix:units,32,0.03125,0.40625,34.356214795220225
A,units,-2,6,helix:random_orth,32,0.0,0.875,34.69761685677951
A,units,-2,6,digit_1hot:all,32,0.03125,0.40625,42.49940054722985
A,units,-2,6,digit_1hot:tens,32,0.0,1.0,0.0
A,units,-2,6,digit_1hot:units,32,0.03125,0.40625,42.49940054722985
A,units,-2,6,digit_1hot:random_orth,32,0.0,0.71875,42.49940054722985
A,units,-2,6,digit_circ:all,32,0.0,0.65625,17.277708311416017
A,units,-2,6,digit_circ:tens,32,0.0,1.0,0.0
A,units,-2,6,digit_circ:units,32,0.0,0.65625,17.277708311416017
A,units,-2,6,digit_circ:random_orth,32,0.0,0.96875,17.27770831141602
A,units,-2,6,both:all,32,0.03125,0.34375,42.90129089756389
A,units,-2,6,both:tens,32,0.0,0.84375,6.162169764219758
A,units,-2,6,both:units,32,0.03125,0.40625,42.479672569497836
A,units,-2,6,both:random_orth,32,0.0,0.78125,42.90129089756389
A,units,-2,8,full_swap,32,0.09375,0.125,85.77739715576172
A,units,-2,8,helix:all,32,0.03125,0.40625,36.85247201721715
A,units,-2,8,helix:tens,32,0.0,0.90625,4.720213749592232
A,units,-2,8,helix:units,32,0.03125,0.4375,36.4073159630041
A,units,-2,8,helix:random_orth,32,0.0,0.90625,36.85247201721715
A,units,-2,8,digit_1hot:all,32,0.0625,0.375,45.25253791092538
A,units,-2,8,digit_1hot:tens,32,0.0,1.0,0.0
A,units,-2,8,digit_1hot:units,32,0.0625,0.375,45.25253791092538
A,units,-2,8,digit_1hot:random_orth,32,0.0,0.875,45.25253791092538
A,units,-2,8,digit_circ:all,32,0.0,0.6875,18.856041567019474
A,units,-2,8,digit_circ:tens,32,0.0,1.0,0.0
A,units,-2,8,digit_circ:units,32,0.0,0.6875,18.856041567019474
A,units,-2,8,digit_circ:random_orth,32,0.0,0.9375,18.856041567019474
A,units,-2,8,both:all,32,0.0625,0.34375,45.72725919110924
A,units,-2,8,both:tens,32,0.0,0.84375,6.5948161516221875
A,units,-2,8,both:units,32,0.0625,0.375,45.22386731446407
A,units,-2,8,both:random_orth,32,0.0,0.875,45.72725919110924
A,units,-2,10,full_swap,32,0.09375,0.125,96.44327545166016
A,units,-2,10,helix:all,32,0.0625,0.375,40.723723256667334
A,units,-2,10,helix:tens,32,0.0,0.875,5.295849262302005
A,units,-2,10,helix:units,32,0.0625,0.40625,40.18895719796143
A,units,-2,10,helix:random_orth,32,0.0,0.9375,40.72372325666734
A,units,-2,10,digit_1hot:all,32,0.0625,0.40625,49.922943544904896
A,units,-2,10,digit_1hot:tens,32,0.0,1.0,0.0
A,units,-2,10,digit_1hot:units,32,0.0625,0.40625,49.922943544904896
A,units,-2,10,digit_1hot:random_orth,32,0.0,0.8125,49.92294354490489
A,units,-2,10,digit_circ:all,32,0.03125,0.59375,20.824736224716766
A,units,-2,10,digit_circ:tens,32,0.0,1.0,0.0
A,units,-2,10,digit_circ:units,32,0.03125,0.59375,20.824736224716766
A,units,-2,10,digit_circ:random_orth,32,0.0,0.90625,20.824736224716766
A,units,-2,10,both:all,32,0.0625,0.34375,50.482780052091336
A,units,-2,10,both:tens,32,0.0,0.875,7.370101671912976
A,units,-2,10,both:units,32,0.0625,0.40625,49.88732299780746
A,units,-2,10,both:random_orth,32,0.0,0.78125,50.48278005209133
A,units,-2,12,full_swap,32,0.09375,0.125,109.90723419189453
A,units,-2,12,helix:all,32,0.0625,0.40625,45.160985913326414
A,units,-2,12,helix:tens,32,0.0,0.875,5.885063877071348
A,units,-2,12,helix:units,32,0.0625,0.4375,44.54683528356303
A,units,-2,12,helix:random_orth,32,0.03125,0.84375,45.160985913326414
A,units,-2,12,digit_1hot:all,32,0.0625,0.40625,55.24723863870682
A,units,-2,12,digit_1hot:tens,32,0.0,1.0,0.0
A,units,-2,12,digit_1hot:units,32,0.0625,0.40625,55.24723863870682
A,units,-2,12,digit_1hot:random_orth,32,0.0,0.875,55.24723863870682
A,units,-2,12,digit_circ:all,32,0.0,0.65625,22.77089583730097
A,units,-2,12,digit_circ:tens,32,0.0,1.0,0.0
A,units,-2,12,digit_circ:units,32,0.0,0.65625,22.77089583730097
A,units,-2,12,digit_circ:random_orth,32,0.03125,0.9375,22.77089583730097
A,units,-2,12,both:all,32,0.0625,0.40625,55.85574086348552
A,units,-2,12,both:tens,32,0.0,0.9375,8.110808009348206
A,units,-2,12,both:units,32,0.0625,0.40625,55.213968104941955
A,units,-2,12,both:random_orth,32,0.0,0.8125,55.85574086348552
A,units,-2,14,full_swap,32,0.0,0.5,122.4349365234375
A,units,-2,14,helix:all,32,0.03125,0.59375,49.34954465264323
A,units,-2,14,helix:tens,32,0.0,0.90625,6.453241618691175
A,units,-2,14,helix:units,32,0.03125,0.6875,48.66242453031442
A,units,-2,14,helix:random_orth,32,0.0,0.875,49.34954465264323
A,units,-2,14,digit_1hot:all,32,0.03125,0.6875,60.56995088806774
A,units,-2,14,digit_1hot:tens,32,0.0,1.0,0.0
A,units,-2,14,digit_1hot:units,32,0.03125,0.6875,60.56995088806774
A,units,-2,14,digit_1hot:random_orth,32,0.0,0.96875,60.56995088806774
A,units,-2,14,digit_circ:all,32,0.03125,0.875,24.795526661198565
A,units,-2,14,digit_circ:tens,32,0.0,1.0,0.0
A,units,-2,14,digit_circ:units,32,0.03125,0.875,24.795526661198565
A,units,-2,14,digit_circ:random_orth,32,0.0,0.96875,24.795526661198565
A,units,-2,14,both:all,32,0.03125,0.6875,61.229164747019304
A,units,-2,14,both:tens,32,0.0,0.9375,8.902882838054003
A,units,-2,14,both:units,32,0.03125,0.6875,60.528472031530775
A,units,-2,14,both:random_orth,32,0.0,0.90625,61.229164747019304
A,units,-2,16,full_swap,32,0.0,0.59375,135.897705078125
A,units,-2,16,helix:all,32,0.0,0.8125,54.028746512672804
A,units,-2,16,helix:tens,32,0.0,0.90625,7.095724903242981
A,units,-2,16,helix:units,32,0.0,0.8125,53.28241892503914
A,units,-2,16,helix:random_orth,32,0.0,0.90625,54.028746512672804
A,units,-2,16,digit_1hot:all,32,0.03125,0.71875,66.24959640919366
A,units,-2,16,digit_1hot:tens,32,0.0,1.0,0.0
A,units,-2,16,digit_1hot:units,32,0.03125,0.71875,66.24959640919366
A,units,-2,16,digit_1hot:random_orth,32,0.0,0.90625,66.24959640919366
A,units,-2,16,digit_circ:all,32,0.0,0.90625,26.994521307586442
A,units,-2,16,digit_circ:tens,32,0.0,1.0,0.0
A,units,-2,16,digit_circ:units,32,0.0,0.90625,26.994521307586442
A,units,-2,16,digit_circ:random_orth,32,0.0,0.96875,26.994521307586442
A,units,-2,16,both:all,32,0.03125,0.71875,66.98254466314435
A,units,-2,16,both:tens,32,0.0,0.90625,9.748229594017403
A,units,-2,16,both:units,32,0.03125,0.71875,66.20154105189283
A,units,-2,16,both:random_orth,32,0.0,0.90625,66.98254466314435
A,units,-2,18,full_swap,32,0.0,0.9375,147.82742309570312
A,units,-2,18,helix:all,32,0.0,0.90625,59.062240812080006
A,units,-2,18,helix:tens,32,0.0,0.96875,7.775530655273119
A,units,-2,18,helix:units,32,0.0,0.90625,58.24670440539215
A,units,-2,18,helix:random_orth,32,0.0,0.9375,59.062240812080006
A,units,-2,18,digit_1hot:all,32,0.03125,0.84375,72.34966376820975
A,units,-2,18,digit_1hot:tens,32,0.0,1.0,0.0
A,units,-2,18,digit_1hot:units,32,0.03125,0.84375,72.34966376820975
A,units,-2,18,digit_1hot:random_orth,32,0.0,0.96875,72.34966376820975
A,units,-2,18,digit_circ:all,32,0.0,0.96875,29.206952597649362
A,units,-2,18,digit_circ:tens,32,0.0,1.0,0.0
A,units,-2,18,digit_circ:units,32,0.0,0.96875,29.206952597649362
A,units,-2,18,digit_circ:random_orth,32,0.0,1.0,29.206952597649362
A,units,-2,18,both:all,32,0.03125,0.84375,73.14706275424427
A,units,-2,18,both:tens,32,0.0,0.9375,10.597701634297746
A,units,-2,18,both:units,32,0.03125,0.84375,72.30465833330786
A,units,-2,18,both:random_orth,32,0.0,1.0,73.14706275424427
A,units,-2,20,full_swap,32,0.0,0.96875,163.0540771484375
A,units,-2,20,helix:all,32,0.0,0.9375,64.38676024115145
A,units,-2,20,helix:tens,32,0.0,1.0,8.440947516374893
A,units,-2,20,helix:units,32,0.0,0.9375,63.490613463581724
A,units,-2,20,helix:random_orth,32,0.0,1.0,64.38676024115145
A,units,-2,20,digit_1hot:all,32,0.03125,0.90625,78.6510710184561
A,units,-2,20,digit_1hot:tens,32,0.0,1.0,0.0
A,units,-2,20,digit_1hot:units,32,0.03125,0.90625,78.6510710184561
A,units,-2,20,digit_1hot:random_orth,32,0.0,0.96875,78.6510710184561
A,units,-2,20,digit_circ:all,32,0.0,1.0,31.70460027606157
A,units,-2,20,digit_circ:tens,32,0.0,1.0,0.0
A,units,-2,20,digit_circ:units,32,0.0,1.0,31.70460027606157
A,units,-2,20,digit_circ:random_orth,32,0.0,1.0,31.70460027606157
A,units,-2,20,both:all,32,0.03125,0.90625,79.5297210841988
A,units,-2,20,both:tens,32,0.0,1.0,11.6244185761138
A,units,-2,20,both:units,32,0.03125,0.90625,78.61188818248328
A,units,-2,20,both:random_orth,32,0.0,1.0,79.5297210841988
A,units,-1,0,full_swap,112,0.5446428656578064,0.1696428656578064,32.2525634765625
A,units,-1,0,helix:all,112,0.0892857164144516,0.6964285969734192,14.439119637439095
A,units,-1,0,helix:tens,112,0.008928571827709675,0.9642857313156128,0.965052464777969
A,units,-1,0,helix:units,112,0.0892857164144516,0.6964285969734192,14.358703295696452
A,units,-1,0,helix:random_orth,112,0.0267857164144516,0.9017857313156128,14.439119637439093
A,units,-1,0,digit_1hot:all,112,0.125,0.6428571939468384,22.816350805673217
A,units,-1,0,digit_1hot:tens,112,0.0,0.9910714626312256,0.0
A,units,-1,0,digit_1hot:units,112,0.125,0.6428571939468384,22.816350805673217
A,units,-1,0,digit_1hot:random_orth,112,0.0803571492433548,0.8839285969734192,22.816350805673217
A,units,-1,0,digit_circ:all,112,0.0446428582072258,0.910714328289032,4.38333550185762
A,units,-1,0,digit_circ:tens,112,0.0,0.9910714626312256,0.0
A,units,-1,0,digit_circ:units,112,0.0446428582072258,0.910714328289032,4.38333550185762
A,units,-1,0,digit_circ:random_orth,112,0.0,0.973214328289032,4.38333550185762
A,units,-1,0,both:all,112,0.1428571492433548,0.625,22.768547721357702
A,units,-1,0,both:tens,112,0.0,0.9910714626312256,1.6061440159348668
A,units,-1,0,both:units,112,0.1517857164144516,0.6160714626312256,22.816223853560295
A,units,-1,0,both:random_orth,112,0.01785714365541935,0.9017857313156128,22.76854772135771
A,units,-1,2,full_swap,112,0.455357164144516,0.2857142984867096,44.94724655151367
A,units,-1,2,helix:all,112,0.0714285746216774,0.7142857313156128,18.26545386168009
A,units,-1,2,helix:tens,112,0.0,0.973214328289032,1.3214885444548945
A,units,-1,2,helix:units,112,0.0803571492433548,0.7142857313156128,18.138041232506357
A,units,-1,2,helix:random_orth,112,0.01785714365541935,0.9375000596046448,18.26545386168009
A,units,-1,2,digit_1hot:all,112,0.1160714328289032,0.6517857313156128,28.927151283666262
A,units,-1,2,digit_1hot:tens,112,0.0,0.9910714626312256,0.0
A,units,-1,2,digit_1hot:units,112,0.1160714328289032,0.6517857313156128,28.927151283666262
A,units,-1,2,digit_1hot:random_orth,112,0.01785714365541935,0.9285714626312256,28.927151283666262
A,units,-1,2,digit_circ:all,112,0.0357142873108387,0.9017857313156128,5.497417971858285
A,units,-1,2,digit_circ:tens,112,0.0,0.9910714626312256,0.0
A,units,-1,2,digit_circ:units,112,0.0357142873108387,0.9017857313156128,5.497417971858285
A,units,-1,2,digit_circ:random_orth,112,0.0,0.9821429252624512,5.497417971858285
A,units,-1,2,both:all,112,0.1160714328289032,0.6517857313156128,28.91548595026085
A,units,-1,2,both:tens,112,0.008928571827709675,0.9642857313156128,2.0120851991282547
A,units,-1,2,both:units,112,0.1160714328289032,0.6517857313156128,28.917992884223782
A,units,-1,2,both:random_orth,112,0.01785714365541935,0.910714328289032,28.91548595026085
A,units,-1,4,full_swap,112,0.25,0.5089285969734192,65.66674041748047
A,units,-1,4,helix:all,112,0.0803571492433548,0.7410714626312256,25.69283581610542
A,units,-1,4,helix:tens,112,0.0,0.973214328289032,1.8870890425891662
A,units,-1,4,helix:units,112,0.0892857164144516,0.7500000596046448,25.52175060264825
A,units,-1,4,helix:random_orth,112,0.0267857164144516,0.9553571939468384,25.69283581610542
A,units,-1,4,digit_1hot:all,112,0.1160714328289032,0.660714328289032,39.34482426460977
A,units,-1,4,digit_1hot:tens,112,0.0,0.9910714626312256,0.0
A,units,-1,4,digit_1hot:units,112,0.1160714328289032,0.660714328289032,39.34482426460977
A,units,-1,4,digit_1hot:random_orth,112,0.01785714365541935,0.910714328289032,39.34482426460977
A,units,-1,4,digit_circ:all,112,0.0267857164144516,0.9375000596046448,7.367932631967562
A,units,-1,4,digit_circ:tens,112,0.0,0.9910714626312256,0.0
A,units,-1,4,digit_circ:units,112,0.0267857164144516,0.9375000596046448,7.367932631967562
A,units,-1,4,digit_circ:random_orth,112,0.008928571827709675,0.9642857313156128,7.367932631967562
A,units,-1,4,both:all,112,0.1071428656578064,0.6696428656578064,39.34989902743772
A,units,-1,4,both:tens,112,0.008928571827709675,0.973214328289032,2.690311512407171
A,units,-1,4,both:units,112,0.1071428656578064,0.6696428656578064,39.337256727877694
A,units,-1,4,both:random_orth,112,0.01785714365541935,0.9196429252624512,39.34989902743772
A,units,-1,6,full_swap,112,0.1071428656578064,0.6696428656578064,81.4759292602539
A,units,-1,6,helix:all,112,0.0625,0.7410714626312256,30.61886519420553
A,units,-1,6,helix:tens,112,0.0,0.973214328289032,2.2515658912534238
A,units,-1,6,helix:units,112,0.0803571492433548,0.7500000596046448,30.44289746310107
A,units,-1,6,helix:random_orth,112,0.0267857164144516,0.9375000596046448,30.61886519420553
A,units,-1,6,digit_1hot:all,112,0.098214291036129,0.6696428656578064,46.65393857474472
A,units,-1,6,digit_1hot:tens,112,0.0,0.9910714626312256,0.0
A,units,-1,6,digit_1hot:units,112,0.098214291036129,0.6696428656578064,46.65393857474472
A,units,-1,6,digit_1hot:random_orth,112,0.008928571827709675,0.9196429252624512,46.65393857474472
A,units,-1,6,digit_circ:all,112,0.0357142873108387,0.9285714626312256,8.754614884129806
A,units,-1,6,digit_circ:tens,112,0.0,0.9910714626312256,0.0
A,units,-1,6,digit_circ:units,112,0.0357142873108387,0.9285714626312256,8.754614884129806
A,units,-1,6,digit_circ:random_orth,112,0.0,0.9821429252624512,8.754614884129806
A,units,-1,6,both:all,112,0.098214291036129,0.660714328289032,46.67623156996142
A,units,-1,6,both:tens,112,0.0,0.973214328289032,3.168586262987005
A,units,-1,6,both:units,112,0.0892857164144516,0.6785714626312256,46.64378557933487
A,units,-1,6,both:random_orth,112,0.008928571827709675,0.9285714626312256,46.67623156996142
A,units,-1,8,full_swap,112,0.1071428656578064,0.6696428656578064,91.07453918457031
A,units,-1,8,helix:all,112,0.0803571492433548,0.7589285969734192,32.27298983466257
A,units,-1,8,helix:tens,112,0.0,0.9642857313156128,2.493980197216603
A,units,-1,8,helix:units,112,0.0892857164144516,0.7589285969734192,32.0898455617546
A,units,-1,8,helix:random_orth,112,0.0,0.9642857313156128,32.27298983466257
A,units,-1,8,digit_1hot:all,112,0.0803571492433548,0.6964285969734192,49.28914202734434
A,units,-1,8,digit_1hot:tens,112,0.0,0.9910714626312256,0.0
A,units,-1,8,digit_1hot:units,112,0.0803571492433548,0.6964285969734192,49.28914202734434
A,units,-1,8,digit_1hot:random_orth,112,0.0267857164144516,0.9017857313156128,49.28914202734434
A,units,-1,8,digit_circ:all,112,0.0357142873108387,0.9375000596046448,9.498053787344462
A,units,-1,8,digit_circ:tens,112,0.0,0.9910714626312256,0.0
A,units,-1,8,digit_circ:units,112,0.0357142873108387,0.9375000596046448,9.498053787344462
A,units,-1,8,digit_circ:random_orth,112,0.008928571827709675,0.9642857313156128,9.498053787344462
A,units,-1,8,both:all,112,0.0714285746216774,0.6964285969734192,49.33997514832989
A,units,-1,8,both:tens,112,0.0,0.973214328289032,3.3876842119281
A,units,-1,8,both:units,112,0.0803571492433548,0.6964285969734192,49.27279375989077
A,units,-1,8,both:random_orth,112,0.01785714365541935,0.9375000596046448,49.33997514832989
A,units,-1,10,full_swap,112,0.1071428656578064,0.660714328289032,103.69861602783203
A,units,-1,10,helix:all,112,0.0714285746216774,0.7589285969734192,35.644402466645346
A,units,-1,10,helix:tens,112,0.0,0.973214328289032,2.8011727947105802
A,units,-1,10,helix:units,112,0.0803571492433548,0.7678571939468384,35.41166969117125
A,units,-1,10,helix:random_orth,112,0.008928571827709675,0.9642857313156128,35.64440246664535
A,units,-1,10,digit_1hot:all,112,0.0803571492433548,0.6964285969734192,54.48899631285576
A,units,-1,10,digit_1hot:tens,112,0.0,0.9910714626312256,0.0
A,units,-1,10,digit_1hot:units,112,0.0803571492433548,0.6964285969734192,54.48899631285576
A,units,-1,10,digit_1hot:random_orth,112,0.0357142873108387,0.8928571939468384,54.48899631285576
A,units,-1,10,digit_circ:all,112,0.0446428582072258,0.9196429252624512,10.550018449658655
A,units,-1,10,digit_circ:tens,112,0.0,0.9910714626312256,0.0
A,units,-1,10,digit_circ:units,112,0.0446428582072258,0.9196429252624512,10.550018449658655
A,units,-1,10,digit_circ:random_orth,112,0.0,0.9821429252624512,10.550018449658657
A,units,-1,10,both:all,112,0.0892857164144516,0.6964285969734192,54.574842700141986
A,units,-1,10,both:tens,112,0.0,0.9642857313156128,3.783153544389353
A,units,-1,10,both:units,112,0.0803571492433548,0.6964285969734192,54.46557574326761
A,units,-1,10,both:random_orth,112,0.01785714365541935,0.9553571939468384,54.574842700141986
A,units,-1,12,full_swap,112,0.0625,0.6785714626312256,117.21688079833984
A,units,-1,12,helix:all,112,0.0625,0.785714328289032,39.284219029016995
A,units,-1,12,helix:tens,112,0.0,0.973214328289032,3.118386062986456
A,units,-1,12,helix:units,112,0.0625,0.785714328289032,39.003361477934355
A,units,-1,12,helix:random_orth,112,0.0267857164144516,0.9375000596046448,39.284219029016995
A,units,-1,12,digit_1hot:all,112,0.0803571492433548,0.7053571939468384,60.250809901676966
A,units,-1,12,digit_1hot:tens,112,0.0,0.9910714626312256,0.0
A,units,-1,12,digit_1hot:units,112,0.0803571492433548,0.7053571939468384,60.250809901676966
A,units,-1,12,digit_1hot:random_orth,112,0.01785714365541935,0.910714328289032,60.250809901676966
A,units,-1,12,digit_circ:all,112,0.0267857164144516,0.9464285969734192,11.549866482767115
A,units,-1,12,digit_circ:tens,112,0.0,0.9910714626312256,0.0
A,units,-1,12,digit_circ:units,112,0.0267857164144516,0.9464285969734192,11.549866482767115
A,units,-1,12,digit_circ:random_orth,112,0.0,0.9821429252624512,11.549866482767115
A,units,-1,12,both:all,112,0.0803571492433548,0.7053571939468384,60.31234080931012
A,units,-1,12,both:tens,112,0.008928571827709675,0.973214328289032,4.150683399119441
A,units,-1,12,both:units,112,0.0803571492433548,0.6964285969734192,60.22904831215432
A,units,-1,12,both:random_orth,112,0.01785714365541935,0.9017857313156128,60.31234080931012
A,units,-1,14,full_swap,112,0.0446428582072258,0.7678571939468384,131.97572326660156
A,units,-1,14,helix:all,112,0.0446428582072258,0.8660714626312256,43.03680653650846
A,units,-1,14,helix:tens,112,0.0,0.9821429252624512,3.4231398398016433
A,units,-1,14,helix:units,112,0.0446428582072258,0.8660714626312256,42.77889859221428
A,units,-1,14,helix:random_orth,112,0.0,0.9642857313156128,43.03680653650846
A,units,-1,14,digit_1hot:all,112,0.0446428582072258,0.8392857313156128,66.62895780601811
A,units,-1,14,digit_1hot:tens,112,0.0,0.9910714626312256,0.0
A,units,-1,14,digit_1hot:units,112,0.0446428582072258,0.8392857313156128,66.62895780601811
A,units,-1,14,digit_1hot:random_orth,112,0.0,0.9375000596046448,66.62895780601811
A,units,-1,14,digit_circ:all,112,0.008928571827709675,0.9553571939468384,12.63384856267525
A,units,-1,14,digit_circ:tens,112,0.0,0.9910714626312256,0.0
A,units,-1,14,digit_circ:units,112,0.008928571827709675,0.9553571939468384,12.63384856267525
A,units,-1,14,digit_circ:random_orth,112,0.0,0.9821429252624512,12.63384856267525
A,units,-1,14,both:all,112,0.0446428582072258,0.8392857313156128,66.64709324169841
A,units,-1,14,both:tens,112,0.0,0.973214328289032,4.564435892158482
A,units,-1,14,both:units,112,0.0446428582072258,0.848214328289032,66.61871679610783
A,units,-1,14,both:random_orth,112,0.0,0.9464285969734192,66.64709324169841
A,units,-1,16,full_swap,112,0.0267857164144516,0.848214328289032,147.52210998535156
A,units,-1,16,helix:all,112,0.0357142873108387,0.8928571939468384,47.17257390787491
A,units,-1,16,helix:tens,112,0.0,0.973214328289032,3.7707672698028563
A,units,-1,16,helix:units,112,0.0357142873108387,0.8928571939468384,46.89396878616169
A,units,-1,16,helix:random_orth,112,0.0,0.9642857313156128,47.17257390787491
A,units,-1,16,digit_1hot:all,112,0.0357142873108387,0.8750000596046448,73.30075608713655
A,units,-1,16,digit_1hot:tens,112,0.0,0.9910714626312256,0.0
A,units,-1,16,digit_1hot:units,112,0.0357142873108387,0.8750000596046448,73.30075608713655
A,units,-1,16,digit_1hot:random_orth,112,0.01785714365541935,0.9285714626312256,73.30075608713655
A,units,-1,16,digit_circ:all,112,0.008928571827709675,0.9642857313156128,13.782760707335768
A,units,-1,16,digit_circ:tens,112,0.0,0.9910714626312256,0.0
A,units,-1,16,digit_circ:units,112,0.008928571827709675,0.9642857313156128,13.782760707335768
A,units,-1,16,digit_circ:random_orth,112,0.0,1.0,13.782760707335768
A,units,-1,16,both:all,112,0.0357142873108387,0.8750000596046448,73.29371052426892
A,units,-1,16,both:tens,112,0.0,0.9821429252624512,4.995370847505034
A,units,-1,16,both:units,112,0.0357142873108387,0.8750000596046448,73.29190047376271
A,units,-1,16,both:random_orth,112,0.008928571827709675,0.9910714626312256,73.29371052426892
A,units,-1,18,full_swap,112,0.0267857164144516,0.9642857313156128,159.79000854492188
A,units,-1,18,helix:all,112,0.01785714365541935,0.9821429252624512,51.22230736571915
A,units,-1,18,helix:tens,112,0.0,0.9910714626312256,4.133933987595387
A,units,-1,18,helix:units,112,0.01785714365541935,0.9821429252624512,50.92736613750303
A,units,-1,18,helix:random_orth,112,0.0,1.0,51.22230736571915
A,units,-1,18,digit_1hot:all,112,0.0357142873108387,0.9642857313156128,79.7602080475524
A,units,-1,18,digit_1hot:tens,112,0.0,0.9910714626312256,0.0
A,units,-1,18,digit_1hot:units,112,0.0357142873108387,0.9642857313156128,79.7602080475524
A,units,-1,18,digit_1hot:random_orth,112,0.0,0.9642857313156128,79.7602080475524
A,units,-1,18,digit_circ:all,112,0.0,0.9910714626312256,15.048159993183846
A,units,-1,18,digit_circ:tens,112,0.0,0.9910714626312256,0.0
A,units,-1,18,digit_circ:units,112,0.0,0.9910714626312256,15.048159993183846
A,units,-1,18,digit_circ:random_orth,112,0.0,0.9910714626312256,15.048159993183846
A,units,-1,18,both:all,112,0.0267857164144516,0.973214328289032,79.80153011566615
A,units,-1,18,both:tens,112,0.0,0.973214328289032,5.422993408590521
A,units,-1,18,both:units,112,0.0357142873108387,0.9642857313156128,79.74113824152073
A,units,-1,18,both:random_orth,112,0.0,0.9910714626312256,79.80153011566613
A,units,-1,20,full_swap,112,0.01785714365541935,0.9821429252624512,177.20272827148438
A,units,-1,20,helix:all,112,0.008928571827709675,0.9910714626312256,55.76326152807165
A,units,-1,20,helix:tens,112,0.0,1.0,4.49352298958691
A,units,-1,20,helix:units,112,0.01785714365541935,0.9821429252624512,55.4581905939789
A,units,-1,20,helix:random_orth,112,0.0,0.9910714626312256,55.76326152807165
A,units,-1,20,digit_1hot:all,112,0.008928571827709675,0.9910714626312256,86.59195052258255
A,units,-1,20,digit_1hot:tens,112,0.0,0.9910714626312256,0.0
A,units,-1,20,digit_1hot:units,112,0.008928571827709675,0.9910714626312256,86.59195052258255
A,units,-1,20,digit_1hot:random_orth,112,0.008928571827709675,0.973214328289032,86.59195052258255
A,units,-1,20,digit_circ:all,112,0.0,1.0,16.38023237500206
A,units,-1,20,digit_circ:tens,112,0.0,0.9910714626312256,0.0
A,units,-1,20,digit_circ:units,112,0.0,1.0,16.38023237500206
A,units,-1,20,digit_circ:random_orth,112,0.0,1.0,16.38023237500206
A,units,-1,20,both:all,112,0.008928571827709675,0.9910714626312256,86.71640897484677
A,units,-1,20,both:tens,112,0.0,0.973214328289032,5.960585850631156
A,units,-1,20,both:units,112,0.008928571827709675,0.9910714626312256,86.56572189983262
A,units,-1,20,both:random_orth,112,0.008928571827709675,0.9821429252624512,86.71640897484676
A,units,1,0,full_swap,185,0.3351351320743561,0.3891891837120056,30.877634048461914
A,units,1,0,helix:all,185,0.05945946276187897,0.816216230392456,14.332997370788348
A,units,1,0,helix:tens,185,0.0,0.9945946335792542,0.9774290069023333
A,units,1,0,helix:units,185,0.0486486479640007,0.816216230392456,14.288307261486596
A,units,1,0,helix:random_orth,185,0.0054054055362939835,0.9405405521392822,14.332997370788348
A,units,1,0,digit_1hot:all,185,0.1459459513425827,0.6324324607849121,21.574059795002363
A,units,1,0,digit_1hot:tens,185,0.0,0.9837837815284729,0.0
A,units,1,0,digit_1hot:units,185,0.1459459513425827,0.6324324607849121,21.574059795002363
A,units,1,0,digit_1hot:random_orth,185,0.010810811072587967,0.9027027487754822,21.574059795002363
A,units,1,0,digit_circ:all,185,0.010810811072587967,0.9621621966362,4.393389561386997
A,units,1,0,digit_circ:tens,185,0.0,0.9837837815284729,0.0
A,units,1,0,digit_circ:units,185,0.010810811072587967,0.9621621966362,4.393389561386997
A,units,1,0,digit_circ:random_orth,185,0.0,0.978378415107727,4.393389561386997
A,units,1,0,both:all,185,0.13513514399528503,0.6324324607849121,21.55688406754932
A,units,1,0,both:tens,185,0.0,0.978378415107727,1.6156394151238103
A,units,1,0,both:units,185,0.13513514399528503,0.6432432532310486,21.57827821381344
A,units,1,0,both:random_orth,185,0.0054054055362939835,0.9405405521392822,21.55688406754932
A,units,1,2,full_swap,185,0.3567567765712738,0.4216216206550598,41.3115119934082
A,units,1,2,helix:all,185,0.054054055362939835,0.8054054379463196,18.223205818335092
A,units,1,2,helix:tens,185,0.0,0.9891892075538635,1.3411177630160716
A,units,1,2,helix:units,185,0.0486486479640007,0.800000011920929,18.148005559586647
A,units,1,2,helix:random_orth,185,0.0,0.9405405521392822,18.223205818335096
A,units,1,2,digit_1hot:all,185,0.1459459513425827,0.616216242313385,27.031486930606764
A,units,1,2,digit_1hot:tens,185,0.0,0.9837837815284729,0.0
A,units,1,2,digit_1hot:units,185,0.1459459513425827,0.616216242313385,27.031486930606764
A,units,1,2,digit_1hot:random_orth,185,0.0054054055362939835,0.9513514041900635,27.031486930606764
A,units,1,2,digit_circ:all,185,0.0,0.9729729890823364,5.506910318172555
A,units,1,2,digit_circ:tens,185,0.0,0.9837837815284729,0.0
A,units,1,2,digit_circ:units,185,0.0,0.9729729890823364,5.506910318172555
A,units,1,2,digit_circ:random_orth,185,0.0,0.978378415107727,5.506910318172555
A,units,1,2,both:all,185,0.1459459513425827,0.6108108162879944,27.02906558051234
A,units,1,2,both:tens,185,0.0,1.0,2.026408291184566
A,units,1,2,both:units,185,0.15135136246681213,0.6108108162879944,27.03257228983186
A,units,1,2,both:random_orth,185,0.0054054055362939835,0.9297297596931458,27.02906558051234
A,units,1,4,full_swap,185,0.28108108043670654,0.5675675868988037,60.03530502319336
A,units,1,4,helix:all,185,0.054054055362939835,0.8108108043670654,25.522319419709774
A,units,1,4,helix:tens,185,0.0,0.9891892075538635,1.9179915792601094
A,units,1,4,helix:units,185,0.05945946276187897,0.7945945858955383,25.421584836577274
A,units,1,4,helix:random_orth,185,0.0,0.9675675630569458,25.522319419709774
A,units,1,4,digit_1hot:all,185,0.11891892552375793,0.6918919086456299,36.40042989888026
A,units,1,4,digit_1hot:tens,185,0.0,0.9837837815284729,0.0
A,units,1,4,digit_1hot:units,185,0.11891892552375793,0.6918919086456299,36.40042989888026
A,units,1,4,digit_1hot:random_orth,185,0.01621621660888195,0.9189189672470093,36.40042989888026
A,units,1,4,digit_circ:all,185,0.0054054055362939835,0.978378415107727,7.342889152413863
A,units,1,4,digit_circ:tens,185,0.0,0.9837837815284729,0.0
A,units,1,4,digit_circ:units,185,0.0054054055362939835,0.978378415107727,7.342889152413863
A,units,1,4,digit_circ:random_orth,185,0.0,0.9891892075538635,7.342889152413863
A,units,1,4,both:all,185,0.1135135143995285,0.7027027010917664,36.39877138153697
A,units,1,4,both:tens,185,0.0,1.0,2.7097600628038716
A,units,1,4,both:units,185,0.11891892552375793,0.7027027010917664,36.404289829692516
A,units,1,4,both:random_orth,185,0.0054054055362939835,0.9513514041900635,36.39877138153697
A,units,1,6,full_swap,185,0.15135136246681213,0.6972973346710205,74.15270233154297
A,units,1,6,helix:all,185,0.04324324429035187,0.7945945858955383,30.692082380138885
A,units,1,6,helix:tens,185,0.0,0.9945946335792542,2.2883219468719838
A,units,1,6,helix:units,185,0.03783784061670303,0.7891892194747925,30.555407960724413
A,units,1,6,helix:random_orth,185,0.0,0.9621621966362,30.69208238013888
A,units,1,6,digit_1hot:all,185,0.0648648664355278,0.6918919086456299,43.08848808652749
A,units,1,6,digit_1hot:tens,185,0.0,0.9837837815284729,0.0
A,units,1,6,digit_1hot:units,185,0.0648648664355278,0.6918919086456299,43.08848808652749
A,units,1,6,digit_1hot:random_orth,185,0.010810811072587967,0.9405405521392822,43.08848808652749
A,units,1,6,digit_circ:all,185,0.0,0.9729729890823364,8.649790378192387
A,units,1,6,digit_circ:tens,185,0.0,0.9837837815284729,0.0
A,units,1,6,digit_circ:units,185,0.0,0.9729729890823364,8.649790378192387
A,units,1,6,digit_circ:random_orth,185,0.0,0.9945946335792542,8.649790378192387
A,units,1,6,both:all,185,0.0648648664355278,0.6810811161994934,43.14104474635341
A,units,1,6,both:tens,185,0.0,0.9945946335792542,3.1924095209121535
A,units,1,6,both:units,185,0.0648648664355278,0.6864864826202393,43.09190230004827
A,units,1,6,both:random_orth,185,0.010810811072587967,0.9567567706108093,43.14104474635341
A,units,1,8,full_swap,185,0.10270270705223083,0.7567567825317383,82.37812805175781
A,units,1,8,helix:all,185,0.0324324332177639,0.816216230392456,32.753493709411785
A,units,1,8,helix:tens,185,0.0,0.9945946335792542,2.5373677065507643
A,units,1,8,helix:units,185,0.0324324332177639,0.8108108043670654,32.5808893178792
A,units,1,8,helix:random_orth,185,0.0,0.9567567706108093,32.753493709411785
A,units,1,8,digit_1hot:all,185,0.07027027010917664,0.7513513565063477,45.67743236104083
A,units,1,8,digit_1hot:tens,185,0.0,0.9837837815284729,0.0
A,units,1,8,digit_1hot:units,185,0.07027027010917664,0.7513513565063477,45.67743236104083
A,units,1,8,digit_1hot:random_orth,185,0.0,0.9405405521392822,45.67743236104083
A,units,1,8,digit_circ:all,185,0.0,0.9729729890823364,9.267954908717208
A,units,1,8,digit_circ:tens,185,0.0,0.9837837815284729,0.0
A,units,1,8,digit_circ:units,185,0.0,0.9729729890823364,9.267954908717208
A,units,1,8,digit_circ:random_orth,185,0.0,0.978378415107727,9.267954908717208
A,units,1,8,both:all,185,0.07027027010917664,0.7351351380348206,45.76134717587352
A,units,1,8,both:tens,185,0.0,0.9945946335792542,3.411495322731053
A,units,1,8,both:units,185,0.07027027010917664,0.7459459900856018,45.68122279176711
A,units,1,8,both:random_orth,185,0.0,0.9405405521392822,45.76134717587352
A,units,1,10,full_swap,185,0.10270270705223083,0.7621622085571289,93.37250518798828
A,units,1,10,helix:all,185,0.027027027681469917,0.8216216564178467,36.50217113768839
A,units,1,10,helix:tens,185,0.0,0.9945946335792542,2.8515547133573405
A,units,1,10,helix:units,185,0.027027027681469917,0.816216230392456,36.274447120473006
A,units,1,10,helix:random_orth,185,0.0,0.9729729890823364,36.50217113768839
A,units,1,10,digit_1hot:all,185,0.05945946276187897,0.7567567825317383,50.524225928634486
A,units,1,10,digit_1hot:tens,185,0.0,0.9837837815284729,0.0
A,units,1,10,digit_1hot:units,185,0.05945946276187897,0.7567567825317383,50.524225928634486
A,units,1,10,digit_1hot:random_orth,185,0.0,0.9459459781646729,50.524225928634486
A,units,1,10,digit_circ:all,185,0.0,0.9729729890823364,10.285238842519234
A,units,1,10,digit_circ:tens,185,0.0,0.9837837815284729,0.0
A,units,1,10,digit_circ:units,185,0.0,0.9729729890823364,10.285238842519234
A,units,1,10,digit_circ:random_orth,185,0.0,0.978378415107727,10.285238842519231
A,units,1,10,both:all,185,0.05945946276187897,0.7567567825317383,50.64911390924913
A,units,1,10,both:tens,185,0.0,1.0,3.811654477293244
A,units,1,10,both:units,185,0.05945946276187897,0.7405405640602112,50.52624019266172
A,units,1,10,both:random_orth,185,0.0,0.9567567706108093,50.64911390924913
A,units,1,12,full_swap,185,0.08648648858070374,0.7729730010032654,107.20325469970703
A,units,1,12,helix:all,185,0.0054054055362939835,0.8540540933609009,40.72232598359555
A,units,1,12,helix:tens,185,0.0,0.9945946335792542,3.1758792689421846
A,units,1,12,helix:units,185,0.0054054055362939835,0.8594594597816467,40.41990644215422
A,units,1,12,helix:random_orth,185,0.0,0.9729729890823364,40.72232598359555
A,units,1,12,digit_1hot:all,185,0.03783784061670303,0.7891892194747925,56.15780784721609
A,units,1,12,digit_1hot:tens,185,0.0,0.9837837815284729,0.0
A,units,1,12,digit_1hot:units,185,0.03783784061670303,0.7891892194747925,56.15780784721609
A,units,1,12,digit_1hot:random_orth,185,0.0054054055362939835,0.9405405521392822,56.15780784721609
A,units,1,12,digit_circ:all,185,0.0,0.978378415107727,11.256101292999425
A,units,1,12,digit_circ:tens,185,0.0,0.9837837815284729,0.0
A,units,1,12,digit_circ:units,185,0.0,0.978378415107727,11.256101292999425
A,units,1,12,digit_circ:random_orth,185,0.0,0.978378415107727,11.256101292999425
A,units,1,12,both:all,185,0.04324324429035187,0.7891892194747925,56.304062870738846
A,units,1,12,both:tens,185,0.0,0.9945946335792542,4.1822666481166575
A,units,1,12,both:units,185,0.04324324429035187,0.7945945858955383,56.16423711522826
A,units,1,12,both:random_orth,185,0.0,0.9621621966362,56.304062870738846
A,units,1,14,full_swap,185,0.021621622145175934,0.8486486673355103,120.12683868408203
A,units,1,14,helix:all,185,0.0054054055362939835,0.9189189672470093,45.076427368997955
A,units,1,14,helix:tens,185,0.0,0.9945946335792542,3.485823547992411
A,units,1,14,helix:units,185,0.0054054055362939835,0.9189189672470093,44.74826404623543
A,units,1,14,helix:random_orth,185,0.0,0.9459459781646729,45.07642736899796
A,units,1,14,digit_1hot:all,185,0.010810811072587967,0.8972973227500916,62.1794618507519
A,units,1,14,digit_1hot:tens,185,0.0,0.9837837815284729,0.0
A,units,1,14,digit_1hot:units,185,0.010810811072587967,0.8972973227500916,62.1794618507519
A,units,1,14,digit_1hot:random_orth,185,0.0,0.9567567706108093,62.1794618507519
A,units,1,14,digit_circ:all,185,0.0,0.9837837815284729,12.240532003312515
A,units,1,14,digit_circ:tens,185,0.0,0.9837837815284729,0.0
A,units,1,14,digit_circ:units,185,0.0,0.9837837815284729,12.240532003312515
A,units,1,14,digit_circ:random_orth,185,0.0,0.978378415107727,12.240532003312516
A,units,1,14,both:all,185,0.010810811072587967,0.8972973227500916,62.34376111137206
A,units,1,14,both:tens,185,0.0,0.9945946335792542,4.598424167897732
A,units,1,14,both:units,185,0.010810811072587967,0.8972973227500916,62.19405741074327
A,units,1,14,both:random_orth,185,0.0,0.9675675630569458,62.34376111137206
A,units,1,16,full_swap,185,0.0054054055362939835,0.8810811042785645,133.9564208984375
A,units,1,16,helix:all,185,0.0,0.9297297596931458,49.58820954893439
A,units,1,16,helix:tens,185,0.0,0.9891892075538635,3.841044990220452
A,units,1,16,helix:units,185,0.0,0.9297297596931458,49.240513846437025
A,units,1,16,helix:random_orth,185,0.0,0.9945946335792542,49.58820954893438
A,units,1,16,digit_1hot:all,185,0.0054054055362939835,0.9189189672470093,68.46608309251509
A,units,1,16,digit_1hot:tens,185,0.0,0.9837837815284729,0.0
A,units,1,16,digit_1hot:units,185,0.0054054055362939835,0.9189189672470093,68.46608309251509
A,units,1,16,digit_1hot:random_orth,185,0.0,0.9729729890823364,68.46608309251509
A,units,1,16,digit_circ:all,185,0.0,0.9729729890823364,13.354553736189715
A,units,1,16,digit_circ:tens,185,0.0,0.9837837815284729,0.0
A,units,1,16,digit_circ:units,185,0.0,0.9729729890823364,13.354553736189715
A,units,1,16,digit_circ:random_orth,185,0.0,0.9945946335792542,13.354553736189715
A,units,1,16,both:all,185,0.0054054055362939835,0.9189189672470093,68.65091397211967
A,units,1,16,both:tens,185,0.0,0.9945946335792542,5.0327615038436795
A,units,1,16,both:units,185,0.0054054055362939835,0.9189189672470093,68.48645342308463
A,units,1,16,both:random_orth,185,0.0,0.9729729890823364,68.65091397211967
A,units,1,18,full_swap,185,0.0,0.9891892075538635,145.67628479003906
A,units,1,18,helix:all,185,0.0,0.9837837815284729,53.949331381266624
A,units,1,18,helix:tens,185,0.0,0.9891892075538635,4.211665118969801
A,units,1,18,helix:units,185,0.0,0.9837837815284729,53.56762342396445
A,units,1,18,helix:random_orth,185,0.0,0.9891892075538635,53.949331381266624
A,units,1,18,digit_1hot:all,185,0.0,0.9945946335792542,74.38788361867634
A,units,1,18,digit_1hot:tens,185,0.0,0.9837837815284729,0.0
A,units,1,18,digit_1hot:units,185,0.0,0.9945946335792542,74.38788361867634
A,units,1,18,digit_1hot:random_orth,185,0.0,0.9945946335792542,74.38788361867634
A,units,1,18,digit_circ:all,185,0.0,0.9837837815284729,14.558374071605696
A,units,1,18,digit_circ:tens,185,0.0,0.9837837815284729,0.0
A,units,1,18,digit_circ:units,185,0.0,0.9837837815284729,14.558374071605696
A,units,1,18,digit_circ:random_orth,185,0.0,0.9945946335792542,14.558374071605696
A,units,1,18,both:all,185,0.0,0.9891892075538635,74.6129920630882
A,units,1,18,both:tens,185,0.0,0.9945946335792542,5.461038811901285
A,units,1,18,both:units,185,0.0,0.9945946335792542,74.41235171866877
A,units,1,18,both:random_orth,185,0.0,0.9837837815284729,74.6129920630882
A,units,1,20,full_swap,185,0.0,0.9891892075538635,161.62400817871094
A,units,1,20,helix:all,185,0.0,0.9891892075538635,59.19756687277732
A,units,1,20,helix:tens,185,0.0,0.9837837815284729,4.577117220159006
A,units,1,20,helix:units,185,0.0,0.9837837815284729,58.76273161683844
A,units,1,20,helix:random_orth,185,0.0,0.9837837815284729,59.19756687277732
A,units,1,20,digit_1hot:all,185,0.0,0.9945946335792542,80.83997323150297
A,units,1,20,digit_1hot:tens,185,0.0,0.9837837815284729,0.0
A,units,1,20,digit_1hot:units,185,0.0,0.9945946335792542,80.83997323150297
A,units,1,20,digit_1hot:random_orth,185,0.0,1.0,80.83997323150297
A,units,1,20,digit_circ:all,185,0.0,0.9837837815284729,15.861073193374501
A,units,1,20,digit_circ:tens,185,0.0,0.9837837815284729,0.0
A,units,1,20,digit_circ:units,185,0.0,0.9837837815284729,15.861073193374501
A,units,1,20,digit_circ:random_orth,185,0.0,0.9837837815284729,15.861073193374501
A,units,1,20,both:all,185,0.0,0.9891892075538635,81.13319494450464
A,units,1,20,both:tens,185,0.0,0.9891892075538635,6.005427894155305
A,units,1,20,both:units,185,0.0,0.9891892075538635,80.87037246028787
A,units,1,20,both:random_orth,185,0.0,0.9945946335792542,81.13319494450464
A,units,2,0,full_swap,181,0.06077348440885544,0.4475138187408447,32.53424072265625
A,units,2,0,helix:all,181,0.0,0.7403315305709839,16.941133127680875
A,units,2,0,helix:tens,181,0.0,0.9944751858711243,1.951182318964474
A,units,2,0,helix:units,181,0.0,0.7348066568374634,16.826497990629917
A,units,2,0,helix:random_orth,181,0.0,0.9226519465446472,16.941133127680867
A,units,2,0,digit_1hot:all,181,0.0,0.6353591680526733,21.354684915007688
A,units,2,0,digit_1hot:tens,181,0.0,1.0,0.0
A,units,2,0,digit_1hot:units,181,0.0,0.6353591680526733,21.354684915007688
A,units,2,0,digit_1hot:random_orth,181,0.0,0.9281768202781677,21.354684915007688
A,units,2,0,digit_circ:all,181,0.0,0.9281768202781677,8.352208138688123
A,units,2,0,digit_circ:tens,181,0.0,1.0,0.0
A,units,2,0,digit_circ:units,181,0.0,0.9281768202781677,8.352208138688123
A,units,2,0,digit_circ:random_orth,181,0.0,0.972375750541687,8.352208138688123
A,units,2,0,both:all,181,0.0,0.6243094205856323,21.427931351075156
A,units,2,0,both:tens,181,0.0,0.961326003074646,3.2253528716043536
A,units,2,0,both:units,181,0.0,0.6408839821815491,21.36337441235736
A,units,2,0,both:random_orth,181,0.0,0.9447514414787292,21.427931351075156
A,units,2,2,full_swap,181,0.03867403417825699,0.5193370580673218,44.69049835205078
A,units,2,2,helix:all,181,0.0,0.7845304012298584,21.895363642547174
A,units,2,2,helix:tens,181,0.0,0.9944751858711243,2.679641984804161
A,units,2,2,helix:units,181,0.0,0.7845304012298584,21.67616018770232
A,units,2,2,helix:random_orth,181,0.0,0.911602258682251,21.89536364254717
A,units,2,2,digit_1hot:all,181,0.0,0.7016574740409851,27.273982974141582
A,units,2,2,digit_1hot:tens,181,0.0,1.0,0.0
A,units,2,2,digit_1hot:units,181,0.0,0.7016574740409851,27.273982974141582
A,units,2,2,digit_1hot:random_orth,181,0.0,0.9447514414787292,27.273982974141585
A,units,2,2,digit_circ:all,181,0.0,0.9392265677452087,10.489169297114701
A,units,2,2,digit_circ:tens,181,0.0,1.0,0.0
A,units,2,2,digit_circ:units,181,0.0,0.9392265677452087,10.489169297114701
A,units,2,2,digit_circ:random_orth,181,0.0,0.9834254384040833,10.489169297114701
A,units,2,2,both:all,181,0.005524862091988325,0.6906077861785889,27.400213292739593
A,units,2,2,both:tens,181,0.0,0.9834254384040833,4.048387308326203
A,units,2,2,both:units,181,0.0,0.7127072215080261,27.271534716776948
A,units,2,2,both:random_orth,181,0.0,0.9171271324157715,27.400213292739593
A,units,2,4,full_swap,181,0.01104972418397665,0.6077348589897156,65.9649658203125
A,units,2,4,helix:all,181,0.0,0.8232044577598572,30.088259097604354
A,units,2,4,helix:tens,181,0.0,0.9944751858711243,3.8372935451186083
A,units,2,4,helix:units,181,0.0,0.8066298365592957,29.747051388105803
A,units,2,4,helix:random_orth,181,0.0,0.9281768202781677,30.088259097604354
A,units,2,4,digit_1hot:all,181,0.005524862091988325,0.7734807133674622,36.6184044315816
A,units,2,4,digit_1hot:tens,181,0.0,1.0,0.0
A,units,2,4,digit_1hot:units,181,0.005524862091988325,0.7734807133674622,36.6184044315816
A,units,2,4,digit_1hot:random_orth,181,0.0,0.961326003074646,36.6184044315816
A,units,2,4,digit_circ:all,181,0.0,0.950276255607605,14.033506532299915
A,units,2,4,digit_circ:tens,181,0.0,1.0,0.0
A,units,2,4,digit_circ:units,181,0.0,0.950276255607605,14.033506532299915
A,units,2,4,digit_circ:random_orth,181,0.0,0.9668508768081665,14.033506532299915
A,units,2,4,both:all,181,0.005524862091988325,0.7734807133674622,36.7684665972485
A,units,2,4,both:tens,181,0.0,0.9944751858711243,5.414000715903158
A,units,2,4,both:units,181,0.0,0.7734807133674622,36.616158918007734
A,units,2,4,both:random_orth,181,0.0,0.911602258682251,36.7684665972485
A,units,2,6,full_swap,181,0.005524862091988325,0.7071823477745056,81.50211334228516
A,units,2,6,helix:all,181,0.0,0.8066298365592957,35.23958487850619
A,units,2,6,helix:tens,181,0.0,1.0,4.579029004743758
A,units,2,6,helix:units,181,0.0,0.8011050224304199,34.74954126329891
A,units,2,6,helix:random_orth,181,0.0,0.9447514414787292,35.23958487850619
A,units,2,6,digit_1hot:all,181,0.0,0.7403315305709839,42.832166563962616
A,units,2,6,digit_1hot:tens,181,0.0,1.0,0.0
A,units,2,6,digit_1hot:units,181,0.0,0.7403315305709839,42.832166563962616
A,units,2,6,digit_1hot:random_orth,181,0.0,0.9558011293411255,42.83216656396261
A,units,2,6,digit_circ:all,181,0.0,0.950276255607605,16.57100436858096
A,units,2,6,digit_circ:tens,181,0.0,1.0,0.0
A,units,2,6,digit_circ:units,181,0.0,0.950276255607605,16.57100436858096
A,units,2,6,digit_circ:random_orth,181,0.0,0.9779005646705627,16.571004368580958
A,units,2,6,both:all,181,0.005524862091988325,0.7403315305709839,43.153815033570645
A,units,2,6,both:tens,181,0.0,0.9834254384040833,6.380841961560053
A,units,2,6,both:units,181,0.0,0.7403315305709839,42.828745111995126
A,units,2,6,both:random_orth,181,0.0,0.950276255607605,43.153815033570645
A,units,2,8,full_swap,181,0.005524862091988325,0.7624309659004211,90.58934020996094
A,units,2,8,helix:all,181,0.0,0.8674033284187317,37.686953144741864
A,units,2,8,helix:tens,181,0.0,0.9944751858711243,5.0809417556141865
A,units,2,8,helix:units,181,0.0,0.861878514289856,37.05150347936198
A,units,2,8,helix:random_orth,181,0.0,0.950276255607605,37.686953144741864
A,units,2,8,digit_1hot:all,181,0.0,0.8176795840263367,45.85457029966883
A,units,2,8,digit_1hot:tens,181,0.0,1.0,0.0
A,units,2,8,digit_1hot:units,181,0.0,0.8176795840263367,45.85457029966883
A,units,2,8,digit_1hot:random_orth,181,0.0,0.950276255607605,45.85457029966883
A,units,2,8,digit_circ:all,181,0.0,0.961326003074646,17.693132522620072
A,units,2,8,digit_circ:tens,181,0.0,1.0,0.0
A,units,2,8,digit_circ:units,181,0.0,0.961326003074646,17.693132522620072
A,units,2,8,digit_circ:random_orth,181,0.0,0.9668508768081665,17.693132522620072
A,units,2,8,both:all,181,0.005524862091988325,0.8176795840263367,46.22989237074759
A,units,2,8,both:tens,181,0.0,1.0,6.817567438831156
A,units,2,8,both:units,181,0.0,0.8176795840263367,45.85195837053291
A,units,2,8,both:random_orth,181,0.0,0.950276255607605,46.22989237074759
A,units,2,10,full_swap,181,0.005524862091988325,0.7624309659004211,102.31166076660156
A,units,2,10,helix:all,181,0.0,0.861878514289856,41.851704019153644
A,units,2,10,helix:tens,181,0.0,0.9944751858711243,5.711176737072195
A,units,2,10,helix:units,181,0.0,0.8674033284187317,41.04566045753887
A,units,2,10,helix:random_orth,181,0.0,0.9392265677452087,41.851704019153644
A,units,2,10,digit_1hot:all,181,0.0,0.8232044577598572,50.818626328925426
A,units,2,10,digit_1hot:tens,181,0.0,1.0,0.0
A,units,2,10,digit_1hot:units,181,0.0,0.8232044577598572,50.818626328925426
A,units,2,10,digit_1hot:random_orth,181,0.0,0.950276255607605,50.818626328925426
A,units,2,10,digit_circ:all,181,0.0,0.961326003074646,19.5843295440219
A,units,2,10,digit_circ:tens,181,0.0,1.0,0.0
A,units,2,10,digit_circ:units,181,0.0,0.961326003074646,19.5843295440219
A,units,2,10,digit_circ:random_orth,181,0.0,0.972375750541687,19.5843295440219
A,units,2,10,both:all,181,0.0,0.8232044577598572,51.29209521503365
A,units,2,10,both:tens,181,0.0,0.9944751858711243,7.62060650185529
A,units,2,10,both:units,181,0.0,0.8232044577598572,50.810443992696534
A,units,2,10,both:random_orth,181,0.0,0.9447514414787292,51.29209521503365
A,units,2,12,full_swap,181,0.005524862091988325,0.7569060921669006,118.32666015625
A,units,2,12,helix:all,181,0.0,0.8950276374816895,46.640864574956645
A,units,2,12,helix:tens,181,0.0,0.9944751858711243,6.360835573271577
A,units,2,12,helix:units,181,0.0,0.8839779496192932,45.623254911470156
A,units,2,12,helix:random_orth,181,0.0,0.961326003074646,46.640864574956645
A,units,2,12,digit_1hot:all,181,0.0,0.8674033284187317,56.520822620046545
A,units,2,12,digit_1hot:tens,181,0.0,1.0,0.0
A,units,2,12,digit_1hot:units,181,0.0,0.8674033284187317,56.520822620046545
A,units,2,12,digit_1hot:random_orth,181,0.0,0.972375750541687,56.52082262004655
A,units,2,12,digit_circ:all,181,0.0,0.972375750541687,21.41972386415497
A,units,2,12,digit_circ:tens,181,0.0,1.0,0.0
A,units,2,12,digit_circ:units,181,0.0,0.972375750541687,21.41972386415497
A,units,2,12,digit_circ:random_orth,181,0.0,0.9668508768081665,21.41972386415497
A,units,2,12,both:all,181,0.005524862091988325,0.861878514289856,57.0680795510149
A,units,2,12,both:tens,181,0.0,1.0,8.365604372461139
A,units,2,12,both:units,181,0.0,0.861878514289856,56.52661759034987
A,units,2,12,both:random_orth,181,0.0,0.9281768202781677,57.0680795510149
A,units,2,14,full_swap,181,0.0,0.8453038930892944,132.4264678955078
A,units,2,14,helix:all,181,0.0,0.9226519465446472,51.12204633887501
A,units,2,14,helix:tens,181,0.0,0.9944751858711243,6.980550732361966
A,units,2,14,helix:units,181,0.0,0.9281768202781677,50.00278719364726
A,units,2,14,helix:random_orth,181,0.0,0.972375750541687,51.12204633887501
A,units,2,14,digit_1hot:all,181,0.0,0.9226519465446472,62.446828418157985
A,units,2,14,digit_1hot:tens,181,0.0,1.0,0.0
A,units,2,14,digit_1hot:units,181,0.0,0.9226519465446472,62.446828418157985
A,units,2,14,digit_1hot:random_orth,181,0.0,0.950276255607605,62.446828418157985
A,units,2,14,digit_circ:all,181,0.0,0.9779005646705627,23.190112319309293
A,units,2,14,digit_circ:tens,181,0.0,1.0,0.0
A,units,2,14,digit_circ:units,181,0.0,0.9779005646705627,23.190112319309293
A,units,2,14,digit_circ:random_orth,181,0.0,0.9889503121376038,23.1901123193093
A,units,2,14,both:all,181,0.0,0.9226519465446472,63.07641257616487
A,units,2,14,both:tens,181,0.0,1.0,9.194670700342662
A,units,2,14,both:units,181,0.0,0.9171271324157715,62.457194411004934
A,units,2,14,both:random_orth,181,0.0,0.9558011293411255,63.07641257616487
A,units,2,16,full_swap,181,0.0,0.8784530758857727,148.0255126953125
A,units,2,16,helix:all,181,0.0,0.950276255607605,56.003463546308794
A,units,2,16,helix:tens,181,0.0,0.9889503121376038,7.69143704348999
A,units,2,16,helix:units,181,0.0,0.9392265677452087,54.80506581795525
A,units,2,16,helix:random_orth,181,0.0,0.961326003074646,56.0034635463088
A,units,2,16,digit_1hot:all,181,0.0,0.9392265677452087,68.52113373898058
A,units,2,16,digit_1hot:tens,181,0.0,1.0,0.0
A,units,2,16,digit_1hot:units,181,0.0,0.9392265677452087,68.52113373898058
A,units,2,16,digit_1hot:random_orth,181,0.0,0.9779005646705627,68.52113373898058
A,units,2,16,digit_circ:all,181,0.0,0.9779005646705627,25.281105414689904
A,units,2,16,digit_circ:tens,181,0.0,1.0,0.0
A,units,2,16,digit_circ:units,181,0.0,0.9779005646705627,25.281105414689904
A,units,2,16,digit_circ:random_orth,181,0.0,0.9944751858711243,25.281105414689904
A,units,2,16,both:all,181,0.0,0.9392265677452087,69.25517992654827
A,units,2,16,both:tens,181,0.0,1.0,10.064037168436286
A,units,2,16,both:units,181,0.0,0.9337016940116882,68.53738837078728
A,units,2,16,both:random_orth,181,0.0,0.972375750541687,69.25517992654827
A,units,2,18,full_swap,181,0.0,0.9834254384040833,161.19775390625
A,units,2,18,helix:all,181,0.0,0.9944751858711243,61.155013297667224
A,units,2,18,helix:tens,181,0.0,1.0,8.433910735455495
A,units,2,18,helix:units,181,0.0,0.9944751858711243,59.83868282285385
A,units,2,18,helix:random_orth,181,0.0,0.9889503121376038,61.155013297667224
A,units,2,18,digit_1hot:all,181,0.0,0.9944751858711243,74.89744028412423
A,units,2,18,digit_1hot:tens,181,0.0,1.0,0.0
A,units,2,18,digit_1hot:units,181,0.0,0.9944751858711243,74.89744028412423
A,units,2,18,digit_1hot:random_orth,181,0.0,0.9944751858711243,74.89744028412423
A,units,2,18,digit_circ:all,181,0.0,0.9944751858711243,27.443552940155687
A,units,2,18,digit_circ:tens,181,0.0,1.0,0.0
A,units,2,18,digit_circ:units,181,0.0,0.9944751858711243,27.443552940155687
A,units,2,18,digit_circ:random_orth,181,0.0,0.9889503121376038,27.443552940155687
A,units,2,18,both:all,181,0.0,0.9944751858711243,75.72753465141622
A,units,2,18,both:tens,181,0.0,1.0,10.919418789022163
A,units,2,18,both:units,181,0.0,0.9889503121376038,74.92435230222615
A,units,2,18,both:random_orth,181,0.0,1.0,75.72753465141622
A,units,2,20,full_swap,181,0.0,0.9834254384040833,179.25938415527344
A,units,2,20,helix:all,181,0.0,0.9944751858711243,66.70653551684032
A,units,2,20,helix:tens,181,0.0,1.0,9.163286596319644
A,units,2,20,helix:units,181,0.0,0.9944751858711243,65.19882658482297
A,units,2,20,helix:random_orth,181,0.0,0.9944751858711243,66.70653551684032
A,units,2,20,digit_1hot:all,181,0.0,0.9889503121376038,81.46953079534887
A,units,2,20,digit_1hot:tens,181,0.0,1.0,0.0
A,units,2,20,digit_1hot:units,181,0.0,0.9889503121376038,81.46953079534887
A,units,2,20,digit_1hot:random_orth,181,0.0,0.9889503121376038,81.46953079534887
A,units,2,20,digit_circ:all,181,0.0,1.0,29.879628468182567
A,units,2,20,digit_circ:tens,181,0.0,1.0,0.0
A,units,2,20,digit_circ:units,181,0.0,1.0,29.879628468182567
A,units,2,20,digit_circ:random_orth,181,0.0,0.9889503121376038,29.879628468182567
A,units,2,20,both:all,181,0.0,0.9944751858711243,82.441946291401
A,units,2,20,both:tens,181,0.0,1.0,12.008248397719791
A,units,2,20,both:units,181,0.0,0.9889503121376038,81.51069078672764
A,units,2,20,both:random_orth,181,0.0,0.9889503121376038,82.441946291401
A,units,3,0,full_swap,180,0.02777777798473835,0.32777777314186096,33.148704528808594
A,units,3,0,helix:all,180,0.0,0.6833333373069763,21.139423914557625
A,units,3,0,helix:tens,180,0.0,0.9888889193534851,2.9192246189340936
A,units,3,0,helix:units,180,0.0,0.6888889074325562,20.97454226611338
A,units,3,0,helix:random_orth,180,0.0,0.9333333373069763,21.139423914557625
A,units,3,0,digit_1hot:all,180,0.0,0.6500000357627869,23.123830760373394
A,units,3,0,digit_1hot:tens,180,0.0,1.0,0.0
A,units,3,0,digit_1hot:units,180,0.0,0.6500000357627869,23.123830760373394
A,units,3,0,digit_1hot:random_orth,180,0.0,0.9166666865348816,23.123830760373394
A,units,3,0,digit_circ:all,180,0.0,0.9000000357627869,11.453061087164668
A,units,3,0,digit_circ:tens,180,0.0,1.0,0.0
A,units,3,0,digit_circ:units,180,0.0,0.9000000357627869,11.453061087164668
A,units,3,0,digit_circ:random_orth,180,0.0,0.9333333373069763,11.453061087164668
A,units,3,0,both:all,180,0.0,0.6055555939674377,23.369614891202936
A,units,3,0,both:tens,180,0.0,0.9611111283302307,4.826998492004097
A,units,3,0,both:units,180,0.0,0.6500000357627869,23.139877133381983
A,units,3,0,both:random_orth,180,0.0,0.9055556058883667,23.369614891202936
A,units,3,2,full_swap,180,0.02777777798473835,0.4611111283302307,45.45399475097656
A,units,3,2,helix:all,180,0.0,0.7111111283302307,27.10404286946541
A,units,3,2,helix:tens,180,0.0,1.0,4.013311758310715
A,units,3,2,helix:units,180,0.0,0.7055555582046509,26.77870521711422
A,units,3,2,helix:random_orth,180,0.0,0.9222222566604614,27.10404286946541
A,units,3,2,digit_1hot:all,180,0.0,0.6833333373069763,29.502307637702707
A,units,3,2,digit_1hot:tens,180,0.0,1.0,0.0
A,units,3,2,digit_1hot:units,180,0.0,0.6833333373069763,29.502307637702707
A,units,3,2,digit_1hot:random_orth,180,0.0,0.9277778267860413,29.502307637702707
A,units,3,2,digit_circ:all,180,0.0,0.9166666865348816,14.44337880339022
A,units,3,2,digit_circ:tens,180,0.0,1.0,0.0
A,units,3,2,digit_circ:units,180,0.0,0.9166666865348816,14.44337880339022
A,units,3,2,digit_circ:random_orth,180,0.0,0.944444477558136,14.44337880339022
A,units,3,2,both:all,180,0.0,0.6833333373069763,29.843666067486033
A,units,3,2,both:tens,180,0.0,0.9666666984558105,6.063843752873878
A,units,3,2,both:units,180,0.0,0.6888889074325562,29.50060822753171
A,units,3,2,both:random_orth,180,0.0,0.9166666865348816,29.843666067486033
A,units,3,4,full_swap,180,0.02777777798473835,0.5166666507720947,67.67267608642578
A,units,3,4,helix:all,180,0.0,0.7388889193534851,37.55622593404226
A,units,3,4,helix:tens,180,0.0,0.9944444894790649,5.7559270661980415
A,units,3,4,helix:units,180,0.0,0.7333333492279053,37.042194075011764
A,units,3,4,helix:random_orth,180,0.0,0.9166666865348816,37.55622593404226
A,units,3,4,digit_1hot:all,180,0.0,0.7111111283302307,40.40071138297282
A,units,3,4,digit_1hot:tens,180,0.0,1.0,0.0
A,units,3,4,digit_1hot:units,180,0.0,0.7111111283302307,40.40071138297282
A,units,3,4,digit_1hot:random_orth,180,0.0,0.9333333373069763,40.40071138297282
A,units,3,4,digit_circ:all,180,0.0,0.9166666865348816,19.55966665252101
A,units,3,4,digit_circ:tens,180,0.0,1.0,0.0
A,units,3,4,digit_circ:units,180,0.0,0.9166666865348816,19.55966665252101
A,units,3,4,digit_circ:random_orth,180,0.0,0.9666666984558105,19.55966665252101
A,units,3,4,both:all,180,0.0,0.7222222685813904,40.97706522942748
A,units,3,4,both:tens,180,0.0,0.9888889193534851,8.10998104975322
A,units,3,4,both:units,180,0.0,0.7166666984558105,40.38418906090133
A,units,3,4,both:random_orth,180,0.0,0.944444477558136,40.97706522942748
A,units,3,6,full_swap,180,0.011111111380159855,0.6333333253860474,83.73884582519531
A,units,3,6,helix:all,180,0.0,0.7277777791023254,44.53691821730014
A,units,3,6,helix:tens,180,0.0,1.0,6.870043246762561
A,units,3,6,helix:units,180,0.0,0.7222222685813904,43.78647876558451
A,units,3,6,helix:random_orth,180,0.0,0.9388889074325562,44.53691821730014
A,units,3,6,digit_1hot:all,180,0.0,0.699999988079071,47.65042613129438
A,units,3,6,digit_1hot:tens,180,0.0,1.0,0.0
A,units,3,6,digit_1hot:units,180,0.0,0.699999988079071,47.65042613129438
A,units,3,6,digit_1hot:random_orth,180,0.0,0.9333333373069763,47.65042613129438
A,units,3,6,digit_circ:all,180,0.0,0.8833333253860474,23.42884157854994
A,units,3,6,digit_circ:tens,180,0.0,1.0,0.0
A,units,3,6,digit_circ:units,180,0.0,0.8833333253860474,23.42884157854994
A,units,3,6,digit_circ:random_orth,180,0.0,0.9611111283302307,23.42884157854994
A,units,3,6,both:all,180,0.0,0.699999988079071,48.544199315634735
A,units,3,6,both:tens,180,0.0,0.9833333492279053,9.562677909148693
A,units,3,6,both:units,180,0.0,0.699999988079071,47.62263858947039
A,units,3,6,both:random_orth,180,0.0,0.9222222566604614,48.544199315634735
A,units,3,8,full_swap,180,0.02222222276031971,0.694444477558136,92.60218811035156
A,units,3,8,helix:all,180,0.0,0.7833333611488342,47.59525812032193
A,units,3,8,helix:tens,180,0.0,0.9944444894790649,7.6292912063302945
A,units,3,8,helix:units,180,0.0,0.7777777910232544,46.6075218220791
A,units,3,8,helix:random_orth,180,0.0,0.9388889074325562,47.59525812032194
A,units,3,8,digit_1hot:all,180,0.0,0.7555555701255798,50.68443211023718
A,units,3,8,digit_1hot:tens,180,0.0,1.0,0.0
A,units,3,8,digit_1hot:units,180,0.0,0.7555555701255798,50.68443211023718
A,units,3,8,digit_1hot:random_orth,180,0.0,0.9277778267860413,50.68443211023718
A,units,3,8,digit_circ:all,180,0.0,0.9277778267860413,25.223837564894662
A,units,3,8,digit_circ:tens,180,0.0,1.0,0.0
A,units,3,8,digit_circ:units,180,0.0,0.9277778267860413,25.223837564894662
A,units,3,8,digit_circ:random_orth,180,0.0,0.9611111283302307,25.223837564894662
A,units,3,8,both:all,180,0.0,0.7666667103767395,51.700566995875015
A,units,3,8,both:tens,180,0.0,0.9888889193534851,10.215391031065057
A,units,3,8,both:units,180,0.0,0.7555555701255798,50.65650744411747
A,units,3,8,both:random_orth,180,0.0,0.9166666865348816,51.700566995875015
A,units,3,10,full_swap,180,0.02222222276031971,0.699999988079071,104.12387084960938
A,units,3,10,helix:all,180,0.0,0.800000011920929,52.6479901298597
A,units,3,10,helix:tens,180,0.0,0.9944444894790649,8.577396510389656
A,units,3,10,helix:units,180,0.0,0.7833333611488342,51.455978609980384
A,units,3,10,helix:random_orth,180,0.0,0.9555555582046509,52.6479901298597
A,units,3,10,digit_1hot:all,180,0.0,0.7888889312744141,55.854304753524474
A,units,3,10,digit_1hot:tens,180,0.0,1.0,0.0
A,units,3,10,digit_1hot:units,180,0.0,0.7888889312744141,55.854304753524474
A,units,3,10,digit_1hot:random_orth,180,0.0,0.944444477558136,55.85430475352446
A,units,3,10,digit_circ:all,180,0.0,0.9166666865348816,27.824206424528175
A,units,3,10,digit_circ:tens,180,0.0,1.0,0.0
A,units,3,10,digit_circ:units,180,0.0,0.9166666865348816,27.824206424528175
A,units,3,10,digit_circ:random_orth,180,0.0,0.9666666984558105,27.824206424528175
A,units,3,10,both:all,180,0.0,0.7777777910232544,57.06013392711292
A,units,3,10,both:tens,180,0.0,0.9833333492279053,11.424355906866618
A,units,3,10,both:units,180,0.0,0.7722222208976746,55.81707624711441
A,units,3,10,both:random_orth,180,0.0,0.9333333373069763,57.06013392711292
A,units,3,12,full_swap,180,0.0,0.694444477558136,118.98587036132812
A,units,3,12,helix:all,180,0.0,0.8333333730697632,58.229698165786736
A,units,3,12,helix:tens,180,0.0,0.9888889193534851,9.553022061534332
A,units,3,12,helix:units,180,0.0,0.8222222328186035,56.84448148332922
A,units,3,12,helix:random_orth,180,0.0,0.944444477558136,58.229698165786736
A,units,3,12,digit_1hot:all,180,0.0,0.8222222328186035,61.868031097999086
A,units,3,12,digit_1hot:tens,180,0.0,1.0,0.0
A,units,3,12,digit_1hot:units,180,0.0,0.8222222328186035,61.868031097999086
A,units,3,12,digit_1hot:random_orth,180,0.0,0.9611111283302307,61.868031097999086
A,units,3,12,digit_circ:all,180,0.0,0.9500000476837158,30.411544683334068
A,units,3,12,digit_circ:tens,180,0.0,1.0,0.0
A,units,3,12,digit_circ:units,180,0.0,0.9500000476837158,30.411544683334068
A,units,3,12,digit_circ:random_orth,180,0.0,0.9777777791023254,30.411544683334068
A,units,3,12,both:all,180,0.0,0.8166666626930237,63.24080147525405
A,units,3,12,both:tens,180,0.0,0.9888889193534851,12.548689642463179
A,units,3,12,both:units,180,0.0,0.8222222328186035,61.84965585202584
A,units,3,12,both:random_orth,180,0.0,0.944444477558136,63.24080147525405
A,units,3,14,full_swap,180,0.0,0.8333333730697632,132.74722290039062
A,units,3,14,helix:all,180,0.0,0.9000000357627869,63.743901621821045
A,units,3,14,helix:tens,180,0.0,0.9944444894790649,10.481310491405253
A,units,3,14,helix:units,180,0.0,0.8888888955116272,62.24661876520895
A,units,3,14,helix:random_orth,180,0.0,0.9611111283302307,63.74390162182106
A,units,3,14,digit_1hot:all,180,0.0,0.8888888955116272,67.93828005305552
A,units,3,14,digit_1hot:tens,180,0.0,1.0,0.0
A,units,3,14,digit_1hot:units,180,0.0,0.8888888955116272,67.93828005305552
A,units,3,14,digit_1hot:random_orth,180,0.0,0.9555555582046509,67.93828005305552
A,units,3,14,digit_circ:all,180,0.0,0.9611111283302307,32.897225598634954
A,units,3,14,digit_circ:tens,180,0.0,1.0,0.0
A,units,3,14,digit_circ:units,180,0.0,0.9611111283302307,32.897225598634954
A,units,3,14,digit_circ:random_orth,180,0.0,0.9777777791023254,32.897225598634954
A,units,3,14,both:all,180,0.0,0.8888888955116272,69.49865749802271
A,units,3,14,both:tens,180,0.0,0.9944444894790649,13.786243385182727
A,units,3,14,both:units,180,0.0,0.8888888955116272,67.92865482460843
A,units,3,14,both:random_orth,180,0.0,0.9777777791023254,69.49865749802272
A,units,3,16,full_swap,180,0.0,0.8500000238418579,148.4512176513672
A,units,3,16,helix:all,180,0.0,0.9388889074325562,69.76788530593751
A,units,3,16,helix:tens,180,0.0,0.9944444894790649,11.547627897909946
A,units,3,16,helix:units,180,0.0,0.9333333373069763,68.16265139958767
A,units,3,16,helix:random_orth,180,0.0,0.9666666984558105,69.76788530593751
A,units,3,16,digit_1hot:all,180,0.0,0.9222222566604614,74.36404633940745
A,units,3,16,digit_1hot:tens,180,0.0,1.0,0.0
A,units,3,16,digit_1hot:units,180,0.0,0.9222222566604614,74.36404633940745
A,units,3,16,digit_1hot:random_orth,180,0.0,0.9555555582046509,74.36404633940745
A,units,3,16,digit_circ:all,180,0.0,0.9611111283302307,35.81311339358438
A,units,3,16,digit_circ:tens,180,0.0,1.0,0.0
A,units,3,16,digit_circ:units,180,0.0,0.9611111283302307,35.81311339358438
A,units,3,16,digit_circ:random_orth,180,0.0,1.0,35.81311339358438
A,units,3,16,both:all,180,0.0,0.9222222566604614,76.14646000710052
A,units,3,16,both:tens,180,0.0,1.0,15.091441079916217
A,units,3,16,both:units,180,0.0,0.9166666865348816,74.35890990217212
A,units,3,16,both:random_orth,180,0.0,0.9777777791023254,76.1464600071005
A,units,3,18,full_swap,180,0.0,0.9722222685813904,161.92926025390625
A,units,3,18,helix:all,180,0.0,0.9888889193534851,75.54984493241015
A,units,3,18,helix:tens,180,0.0,0.9944444894790649,12.662769623886323
A,units,3,18,helix:units,180,0.0,0.9888889193534851,73.80379493071595
A,units,3,18,helix:random_orth,180,0.0,0.9888889193534851,75.54984493241015
A,units,3,18,digit_1hot:all,180,0.0,0.9888889193534851,80.73306937421442
A,units,3,18,digit_1hot:tens,180,0.0,1.0,0.0
A,units,3,18,digit_1hot:units,180,0.0,0.9888889193534851,80.73306937421442
A,units,3,18,digit_1hot:random_orth,180,0.0,0.9944444894790649,80.73306937421444
A,units,3,18,digit_circ:all,180,0.0,0.9944444894790649,38.662397252643416
A,units,3,18,digit_circ:tens,180,0.0,1.0,0.0
A,units,3,18,digit_circ:units,180,0.0,0.9944444894790649,38.662397252643416
A,units,3,18,digit_circ:random_orth,180,0.0,0.9944444894790649,38.662397252643416
A,units,3,18,both:all,180,0.0,0.9888889193534851,82.66534387219873
A,units,3,18,both:tens,180,0.0,1.0,16.372798587476776
A,units,3,18,both:units,180,0.0,0.9888889193534851,80.74812606292517
A,units,3,18,both:random_orth,180,0.0,0.9833333492279053,82.66534387219873
A,units,3,20,full_swap,180,0.0,0.9722222685813904,180.54359436035156
A,units,3,20,helix:all,180,0.0,0.9888889193534851,82.16896050148809
A,units,3,20,helix:tens,180,0.0,0.9944444894790649,13.75311947226912
A,units,3,20,helix:units,180,0.0,0.9888889193534851,80.24702288298235
A,units,3,20,helix:random_orth,180,0.0,1.0,82.16896050148812
A,units,3,20,digit_1hot:all,180,0.0,0.9888889193534851,87.73357761256987
A,units,3,20,digit_1hot:tens,180,0.0,1.0,0.0
A,units,3,20,digit_1hot:units,180,0.0,0.9888889193534851,87.73357761256987
A,units,3,20,digit_1hot:random_orth,180,0.0,0.9944444894790649,87.73357761256987
A,units,3,20,digit_circ:all,180,0.0,1.0,42.00318598889529
A,units,3,20,digit_circ:tens,180,0.0,1.0,0.0
A,units,3,20,digit_circ:units,180,0.0,1.0,42.00318598889529
A,units,3,20,digit_circ:random_orth,180,0.0,0.9888889193534851,42.00318598889529
A,units,3,20,both:all,180,0.0,0.9888889193534851,89.89595230350281
A,units,3,20,both:tens,180,0.0,1.0,18.005290907941735
A,units,3,20,both:units,180,0.0,0.9888889193534851,87.77330500606709
A,units,3,20,both:random_orth,180,0.0,0.9944444894790649,89.89595230350282
A,tens,-10,0,full_swap,26,0.3076923191547394,0.0,39.37586212158203
A,tens,-10,0,helix:all,26,0.03846153989434242,0.38461539149284363,8.254492861897614
A,tens,-10,0,helix:tens,26,0.03846153989434242,0.38461539149284363,8.254492861897614
A,tens,-10,0,helix:units,26,0.03846153989434242,0.9230769872665405,1.9551737305057535e-14
A,tens,-10,0,helix:random_orth,26,0.03846153989434242,0.884615421295166,8.254492861897614
A,tens,-10,0,digit_1hot:all,26,0.19230769574642181,0.11538462340831757,20.616594831592412
A,tens,-10,0,digit_1hot:tens,26,0.19230769574642181,0.11538462340831757,20.616594831592412
A,tens,-10,0,digit_1hot:units,26,0.03846153989434242,0.9230769872665405,0.0
A,tens,-10,0,digit_1hot:random_orth,26,0.03846153989434242,0.884615421295166,20.616594831592412
A,tens,-10,0,digit_circ:all,26,0.03846153989434242,0.5,7.357482900741071
A,tens,-10,0,digit_circ:tens,26,0.03846153989434242,0.5,7.357482900741071
A,tens,-10,0,digit_circ:units,26,0.03846153989434242,0.9230769872665405,0.0
A,tens,-10,0,digit_circ:random_orth,26,0.03846153989434242,0.884615421295166,7.357482900741071
A,tens,-10,0,both:all,26,0.19230769574642181,0.07692307978868484,20.775305287416113
A,tens,-10,0,both:tens,26,0.19230769574642181,0.07692307978868484,20.775305287416117
A,tens,-10,0,both:units,26,0.03846153989434242,0.9230769872665405,1.634761907968212e-14
A,tens,-10,0,both:random_orth,26,0.03846153989434242,0.7307692766189575,20.775305287416113
A,tens,-10,2,full_swap,26,0.3076923191547394,0.03846153989434242,49.499473571777344
A,tens,-10,2,helix:all,26,0.07692307978868484,0.3076923191547394,11.164782270428756
A,tens,-10,2,helix:tens,26,0.07692307978868484,0.3076923191547394,11.164782270428757
A,tens,-10,2,helix:units,26,0.03846153989434242,0.9230769872665405,2.497328433201949e-14
A,tens,-10,2,helix:random_orth,26,0.0,0.8461538553237915,11.164782270428756
A,tens,-10,2,digit_1hot:all,26,0.1538461595773697,0.07692307978868484,26.65352017618745
A,tens,-10,2,digit_1hot:tens,26,0.1538461595773697,0.07692307978868484,26.65352017618745
A,tens,-10,2,digit_1hot:units,26,0.03846153989434242,0.9230769872665405,0.0
A,tens,-10,2,digit_1hot:random_orth,26,0.0,0.7307692766189575,26.65352017618745
A,tens,-10,2,digit_circ:all,26,0.03846153989434242,0.46153849363327026,9.901624836748926
A,tens,-10,2,digit_circ:tens,26,0.03846153989434242,0.46153849363327026,9.901624836748926
A,tens,-10,2,digit_circ:units,26,0.03846153989434242,0.9230769872665405,0.0
A,tens,-10,2,digit_circ:random_orth,26,0.03846153989434242,0.7307692766189575,9.901624836748926
A,tens,-10,2,both:all,26,0.1538461595773697,0.11538462340831757,26.88155769533845
A,tens,-10,2,both:tens,26,0.1538461595773697,0.11538462340831757,26.88155769533845
A,tens,-10,2,both:units,26,0.03846153989434242,0.9230769872665405,2.0881026717845567e-14
A,tens,-10,2,both:random_orth,26,0.03846153989434242,0.7307692766189575,26.88155769533845
A,tens,-10,4,full_swap,26,0.3076923191547394,0.03846153989434242,66.81575012207031
A,tens,-10,4,helix:all,26,0.07692307978868484,0.3461538553237915,15.928474671387574
A,tens,-10,4,helix:tens,26,0.07692307978868484,0.3461538553237915,15.928474671387578
A,tens,-10,4,helix:units,26,0.03846153989434242,0.9230769872665405,3.4188569126581987e-14
A,tens,-10,4,helix:random_orth,26,0.03846153989434242,0.884615421295166,15.92847467138758
A,tens,-10,4,digit_1hot:all,26,0.11538462340831757,0.19230769574642181,36.995944930812186
A,tens,-10,4,digit_1hot:tens,26,0.11538462340831757,0.19230769574642181,36.995944930812186
A,tens,-10,4,digit_1hot:units,26,0.03846153989434242,0.9230769872665405,0.0
A,tens,-10,4,digit_1hot:random_orth,26,0.03846153989434242,0.6538462042808533,36.995944930812186
A,tens,-10,4,digit_circ:all,26,0.0,0.5769230723381042,13.91502121271744
A,tens,-10,4,digit_circ:tens,26,0.0,0.5769230723381042,13.91502121271744
A,tens,-10,4,digit_circ:units,26,0.03846153989434242,0.9230769872665405,0.0
A,tens,-10,4,digit_circ:random_orth,26,0.0,0.884615421295166,13.91502121271744
A,tens,-10,4,both:all,26,0.11538462340831757,0.19230769574642181,37.30271961046343
A,tens,-10,4,both:tens,26,0.11538462340831757,0.19230769574642181,37.30271961046343
A,tens,-10,4,both:units,26,0.03846153989434242,0.9230769872665405,2.8605564723910025e-14
A,tens,-10,4,both:random_orth,26,0.03846153989434242,0.692307710647583,37.30271961046343
A,tens,-10,6,full_swap,26,0.3461538553237915,0.03846153989434242,79.13399505615234
A,tens,-10,6,helix:all,26,0.03846153989434242,0.42307692766189575,19.082386986247602
A,tens,-10,6,helix:tens,26,0.03846153989434242,0.42307692766189575,19.082386986247602
A,tens,-10,6,helix:units,26,0.03846153989434242,0.9230769872665405,4.051146993259646e-14
A,tens,-10,6,helix:random_orth,26,0.0,0.884615421295166,19.082386986247602
A,tens,-10,6,digit_1hot:all,26,0.11538462340831757,0.1538461595773697,43.993224030451614
A,tens,-10,6,digit_1hot:tens,26,0.11538462340831757,0.1538461595773697,43.993224030451614
A,tens,-10,6,digit_1hot:units,26,0.03846153989434242,0.9230769872665405,0.0
A,tens,-10,6,digit_1hot:random_orth,26,0.03846153989434242,0.692307710647583,43.993224030451614
A,tens,-10,6,digit_circ:all,26,0.0,0.5384615659713745,16.612030066941962
A,tens,-10,6,digit_circ:tens,26,0.0,0.5384615659713745,16.612030066941962
A,tens,-10,6,digit_circ:units,26,0.03846153989434242,0.9230769872665405,0.0
A,tens,-10,6,digit_circ:random_orth,26,0.03846153989434242,0.884615421295166,16.612030066941962
A,tens,-10,6,both:all,26,0.11538462340831757,0.1538461595773697,44.358945465789326
A,tens,-10,6,both:tens,26,0.11538462340831757,0.1538461595773697,44.358945465789326
A,tens,-10,6,both:units,26,0.03846153989434242,0.9230769872665405,3.390311746613063e-14
A,tens,-10,6,both:random_orth,26,0.03846153989434242,0.8076923489570618,44.358945465789326
A,tens,-10,8,full_swap,26,0.23076924681663513,0.0,87.09718322753906
A,tens,-10,8,helix:all,26,0.07692307978868484,0.38461539149284363,21.096791177905516
A,tens,-10,8,helix:tens,26,0.07692307978868484,0.38461539149284363,21.096791177905516
A,tens,-10,8,helix:units,26,0.03846153989434242,0.9230769872665405,4.37970082592858e-14
A,tens,-10,8,helix:random_orth,26,0.0,0.9615384936332703,21.096791177905516
A,tens,-10,8,digit_1hot:all,26,0.11538462340831757,0.1538461595773697,48.06600747824665
A,tens,-10,8,digit_1hot:tens,26,0.11538462340831757,0.1538461595773697,48.06600747824665
A,tens,-10,8,digit_1hot:units,26,0.03846153989434242,0.9230769872665405,0.0
A,tens,-10,8,digit_1hot:random_orth,26,0.0,0.8461538553237915,48.06600747824665
A,tens,-10,8,digit_circ:all,26,0.0,0.6538462042808533,18.160628604371674
A,tens,-10,8,digit_circ:tens,26,0.0,0.6538462042808533,18.160628604371674
A,tens,-10,8,digit_circ:units,26,0.03846153989434242,0.9230769872665405,0.0
A,tens,-10,8,digit_circ:random_orth,26,0.03846153989434242,0.9230769872665405,18.160628604371674
A,tens,-10,8,both:all,26,0.11538462340831757,0.1538461595773697,48.45458452302452
A,tens,-10,8,both:tens,26,0.11538462340831757,0.1538461595773697,48.45458452302452
A,tens,-10,8,both:units,26,0.03846153989434242,0.9230769872665405,3.668869751657753e-14
A,tens,-10,8,both:random_orth,26,0.0,0.6153846383094788,48.45458452302452
A,tens,-10,10,full_swap,26,0.26923078298568726,0.0,97.58063507080078
A,tens,-10,10,helix:all,26,0.03846153989434242,0.46153849363327026,23.5906696845153
A,tens,-10,10,helix:tens,26,0.03846153989434242,0.46153849363327026,23.5906696845153
A,tens,-10,10,helix:units,26,0.03846153989434242,0.9230769872665405,4.8777091465811353e-14
A,tens,-10,10,helix:random_orth,26,0.0,0.8461538553237915,23.5906696845153
A,tens,-10,10,digit_1hot:all,26,0.11538462340831757,0.1538461595773697,53.80987921270939
A,tens,-10,10,digit_1hot:tens,26,0.11538462340831757,0.1538461595773697,53.80987921270939
A,tens,-10,10,digit_1hot:units,26,0.03846153989434242,0.9230769872665405,0.0
A,tens,-10,10,digit_1hot:random_orth,26,0.03846153989434242,0.6538462042808533,53.80987921270939
A,tens,-10,10,digit_circ:all,26,0.0,0.6538462042808533,20.1984626921406
A,tens,-10,10,digit_circ:tens,26,0.0,0.6538462042808533,20.1984626921406
A,tens,-10,10,digit_circ:units,26,0.03846153989434242,0.9230769872665405,0.0
A,tens,-10,10,digit_circ:random_orth,26,0.0,0.884615421295166,20.1984626921406
A,tens,-10,10,both:all,26,0.11538462340831757,0.1538461595773697,54.215030785010725
A,tens,-10,10,both:tens,26,0.11538462340831757,0.1538461595773697,54.21503078501074
A,tens,-10,10,both:units,26,0.03846153989434242,0.9230769872665405,4.087117832881251e-14
A,tens,-10,10,both:random_orth,26,0.03846153989434242,0.5384615659713745,54.21503078501074
A,tens,-10,12,full_swap,26,0.1538461595773697,0.0,108.17616271972656
A,tens,-10,12,helix:all,26,0.0,0.5,26.1319408381145
A,tens,-10,12,helix:tens,26,0.0,0.5,26.131940838114495
A,tens,-10,12,helix:units,26,0.03846153989434242,0.9230769872665405,5.436325612509925e-14
A,tens,-10,12,helix:random_orth,26,0.03846153989434242,0.884615421295166,26.131940838114495
A,tens,-10,12,digit_1hot:all,26,0.07692307978868484,0.23076924681663513,59.33790157574472
A,tens,-10,12,digit_1hot:tens,26,0.07692307978868484,0.23076924681663513,59.33790157574472
A,tens,-10,12,digit_1hot:units,26,0.03846153989434242,0.9230769872665405,0.0
A,tens,-10,12,digit_1hot:random_orth,26,0.0,0.7692307829856873,59.33790157574472
A,tens,-10,12,digit_circ:all,26,0.0,0.6153846383094788,22.26838945665296
A,tens,-10,12,digit_circ:tens,26,0.0,0.6153846383094788,22.26838945665296
A,tens,-10,12,digit_circ:units,26,0.03846153989434242,0.9230769872665405,0.0
A,tens,-10,12,digit_circ:random_orth,26,0.0,0.884615421295166,22.26838945665296
A,tens,-10,12,both:all,26,0.11538462340831757,0.26923078298568726,59.75773030910096
A,tens,-10,12,both:tens,26,0.11538462340831757,0.26923078298568726,59.75773030910096
A,tens,-10,12,both:units,26,0.03846153989434242,0.9230769872665405,4.557323901910002e-14
A,tens,-10,12,both:random_orth,26,0.03846153989434242,0.8461538553237915,59.75773030910096
A,tens,-10,14,full_swap,26,0.07692307978868484,0.23076924681663513,119.4788818359375
A,tens,-10,14,helix:all,26,0.0,0.6153846383094788,28.609941381429792
A,tens,-10,14,helix:tens,26,0.0,0.6153846383094788,28.60994138142979
A,tens,-10,14,helix:units,26,0.03846153989434242,0.9230769872665405,6.018016833238277e-14
A,tens,-10,14,helix:random_orth,26,0.0,0.8461538553237915,28.609941381429792
A,tens,-10,14,digit_1hot:all,26,0.07692307978868484,0.46153849363327026,65.25191936744638
A,tens,-10,14,digit_1hot:tens,26,0.07692307978868484,0.46153849363327026,65.25191936744638
A,tens,-10,14,digit_1hot:units,26,0.03846153989434242,0.9230769872665405,0.0
A,tens,-10,14,digit_1hot:random_orth,26,0.03846153989434242,0.884615421295166,65.25191936744638
A,tens,-10,14,digit_circ:all,26,0.0,0.692307710647583,24.638964489998088
A,tens,-10,14,digit_circ:tens,26,0.0,0.692307710647583,24.638964489998088
A,tens,-10,14,digit_circ:units,26,0.03846153989434242,0.9230769872665405,0.0
A,tens,-10,14,digit_circ:random_orth,26,0.0,0.9230769872665405,24.638964489998088
A,tens,-10,14,both:all,26,0.07692307978868484,0.46153849363327026,65.71287156614802
A,tens,-10,14,both:tens,26,0.07692307978868484,0.46153849363327026,65.71287156614802
A,tens,-10,14,both:units,26,0.03846153989434242,0.9230769872665405,5.0444241871763103e-14
A,tens,-10,14,both:random_orth,26,0.03846153989434242,0.884615421295166,65.71287156614802
A,tens,-10,16,full_swap,26,0.07692307978868484,0.26923078298568726,131.04098510742188
A,tens,-10,16,helix:all,26,0.0,0.6153846383094788,31.36527808154066
A,tens,-10,16,helix:tens,26,0.0,0.6153846383094788,31.36527808154066
A,tens,-10,16,helix:units,26,0.03846153989434242,0.9230769872665405,6.598121700713493e-14
A,tens,-10,16,helix:random_orth,26,0.03846153989434242,0.884615421295166,31.36527808154066
A,tens,-10,16,digit_1hot:all,26,0.03846153989434242,0.5,71.39613437122976
A,tens,-10,16,digit_1hot:tens,26,0.03846153989434242,0.5,71.39613437122976
A,tens,-10,16,digit_1hot:units,26,0.03846153989434242,0.9230769872665405,0.0
A,tens,-10,16,digit_1hot:random_orth,26,0.03846153989434242,0.8461538553237915,71.39613437122976
A,tens,-10,16,digit_circ:all,26,0.0,0.7307692766189575,26.850395823043485
A,tens,-10,16,digit_circ:tens,26,0.0,0.7307692766189575,26.850395823043485
A,tens,-10,16,digit_circ:units,26,0.03846153989434242,0.9230769872665405,0.0
A,tens,-10,16,digit_circ:random_orth,26,0.03846153989434242,0.9230769872665405,26.850395823043485
A,tens,-10,16,both:all,26,0.03846153989434242,0.5,71.8776593318285
A,tens,-10,16,both:tens,26,0.03846153989434242,0.5,71.8776593318285
A,tens,-10,16,both:units,26,0.03846153989434242,0.9230769872665405,5.5312592615883096e-14
A,tens,-10,16,both:random_orth,26,0.0,0.8076923489570618,71.8776593318285
A,tens,-10,18,full_swap,26,0.0,0.884615421295166,142.8358154296875
A,tens,-10,18,helix:all,26,0.03846153989434242,0.8461538553237915,34.33206739080755
A,tens,-10,18,helix:tens,26,0.03846153989434242,0.8461538553237915,34.33206739080755
A,tens,-10,18,helix:units,26,0.03846153989434242,0.9230769872665405,7.20026023883068e-14
A,tens,-10,18,helix:random_orth,26,0.0,0.9230769872665405,34.33206739080755
A,tens,-10,18,digit_1hot:all,26,0.0,0.9615384936332703,77.79214877412015
A,tens,-10,18,digit_1hot:tens,26,0.0,0.9615384936332703,77.79214877412015
A,tens,-10,18,digit_1hot:units,26,0.03846153989434242,0.9230769872665405,0.0
A,tens,-10,18,digit_1hot:random_orth,26,0.0,1.0,77.79214877412015
A,tens,-10,18,digit_circ:all,26,0.0,0.9615384936332703,29.381830306771597
A,tens,-10,18,digit_circ:tens,26,0.0,0.9615384936332703,29.381830306771597
A,tens,-10,18,digit_circ:units,26,0.03846153989434242,0.9230769872665405,0.0
A,tens,-10,18,digit_circ:random_orth,26,0.0,0.9615384936332703,29.381830306771597
A,tens,-10,18,both:all,26,0.0,0.9615384936332703,78.27638416956687
A,tens,-10,18,both:tens,26,0.0,0.9615384936332703,78.27638416956687
A,tens,-10,18,both:units,26,0.03846153989434242,0.9230769872665405,6.036819286276239e-14
A,tens,-10,18,both:random_orth,26,0.03846153989434242,0.884615421295166,78.27638416956687
A,tens,-10,20,full_swap,26,0.0,0.9615384936332703,155.9228057861328
A,tens,-10,20,helix:all,26,0.03846153989434242,0.9230769872665405,37.25045914211817
A,tens,-10,20,helix:tens,26,0.03846153989434242,0.9230769872665405,37.25045914211817
A,tens,-10,20,helix:units,26,0.03846153989434242,0.9230769872665405,7.844721852406619e-14
A,tens,-10,20,helix:random_orth,26,0.03846153989434242,0.9230769872665405,37.25045914211817
A,tens,-10,20,digit_1hot:all,26,0.0,1.0,84.37729159844955
A,tens,-10,20,digit_1hot:tens,26,0.0,1.0,84.37729159844955
A,tens,-10,20,digit_1hot:units,26,0.03846153989434242,0.9230769872665405,0.0
A,tens,-10,20,digit_1hot:random_orth,26,0.0,0.9230769872665405,84.37729159844955
A,tens,-10,20,digit_circ:all,26,0.03846153989434242,0.9615384936332703,32.00760297255567
A,tens,-10,20,digit_circ:tens,26,0.03846153989434242,0.9615384936332703,32.00760297255567
A,tens,-10,20,digit_circ:units,26,0.03846153989434242,0.9230769872665405,0.0
A,tens,-10,20,digit_circ:random_orth,26,0.0,1.0,32.00760297255567
A,tens,-10,20,both:all,26,0.0,1.0,84.87481694776731
A,tens,-10,20,both:tens,26,0.0,1.0,84.87481694776731
A,tens,-10,20,both:units,26,0.03846153989434242,0.9230769872665405,6.57855256033912e-14
A,tens,-10,20,both:random_orth,26,0.0,1.0,84.87481694776731
A,tens,10,0,full_swap,174,0.03448275849223137,0.4482758641242981,37.02353286743164
A,tens,10,0,helix:all,174,0.0,0.9252873659133911,9.378800163108242
A,tens,10,0,helix:tens,174,0.0,0.9252873659133911,9.378800163108243
A,tens,10,0,helix:units,174,0.0,1.0,1.2917922738905175e-14
A,tens,10,0,helix:random_orth,174,0.0,0.982758641242981,9.378800163108242
A,tens,10,0,digit_1hot:all,174,0.01149425283074379,0.6724137663841248,20.617211544318415
A,tens,10,0,digit_1hot:tens,174,0.01149425283074379,0.6724137663841248,20.617211544318415
A,tens,10,0,digit_1hot:units,174,0.0,1.0,0.0
A,tens,10,0,digit_1hot:random_orth,174,0.0,0.931034505367279,20.617211544318415
A,tens,10,0,digit_circ:all,174,0.0,0.9712643623352051,7.46525943322034
A,tens,10,0,digit_circ:tens,174,0.0,0.9712643623352051,7.46525943322034
A,tens,10,0,digit_circ:units,174,0.0,1.0,0.0
A,tens,10,0,digit_circ:random_orth,174,0.0,0.9482758641242981,7.46525943322034
A,tens,10,0,both:all,174,0.01149425283074379,0.6724137663841248,20.99334425151955
A,tens,10,0,both:tens,174,0.01149425283074379,0.6724137663841248,20.99334425151955
A,tens,10,0,both:units,174,0.0,1.0,1.0760285308272573e-14
A,tens,10,0,both:random_orth,174,0.0,0.931034505367279,20.99334425151955
A,tens,10,2,full_swap,174,0.03448275849223137,0.5517241358757019,50.54866027832031
A,tens,10,2,helix:all,174,0.0,0.9482758641242981,12.976390704243402
A,tens,10,2,helix:tens,174,0.0,0.9482758641242981,12.976390704243403
A,tens,10,2,helix:units,174,0.0,1.0,1.659025474932786e-14
A,tens,10,2,helix:random_orth,174,0.0,0.9367815852165222,12.976390704243402
A,tens,10,2,digit_1hot:all,174,0.005747126415371895,0.7816091775894165,27.921921583890953
A,tens,10,2,digit_1hot:tens,174,0.005747126415371895,0.7816091775894165,27.921921583890953
A,tens,10,2,digit_1hot:units,174,0.0,1.0,0.0
A,tens,10,2,digit_1hot:random_orth,174,0.0,0.931034505367279,27.92192158389095
A,tens,10,2,digit_circ:all,174,0.0,0.977011501789093,10.217628991001675
A,tens,10,2,digit_circ:tens,174,0.0,0.977011501789093,10.217628991001675
A,tens,10,2,digit_circ:units,174,0.0,1.0,0.0
A,tens,10,2,digit_circ:random_orth,174,0.0,0.9712643623352051,10.217628991001675
A,tens,10,2,both:all,174,0.005747126415371895,0.7816091775894165,28.468484954313784
A,tens,10,2,both:tens,174,0.005747126415371895,0.7816091775894165,28.46848495431379
A,tens,10,2,both:units,174,0.0,1.0,1.3823784573364468e-14
A,tens,10,2,both:random_orth,174,0.0,0.9655172228813171,28.46848495431379
A,tens,10,4,full_swap,174,0.03448275849223137,0.6781609058380127,73.3836898803711
A,tens,10,4,helix:all,174,0.0,0.9655172228813171,18.803924792781867
A,tens,10,4,helix:tens,174,0.0,0.9655172228813171,18.803924792781874
A,tens,10,4,helix:units,174,0.0,1.0,2.2839850603903194e-14
A,tens,10,4,helix:random_orth,174,0.0,0.9655172228813171,18.803924792781867
A,tens,10,4,digit_1hot:all,174,0.005747126415371895,0.8505747318267822,41.03933029236535
A,tens,10,4,digit_1hot:tens,174,0.005747126415371895,0.8505747318267822,41.03933029236535
A,tens,10,4,digit_1hot:units,174,0.0,1.0,0.0
A,tens,10,4,digit_1hot:random_orth,174,0.0,0.9195402264595032,41.03933029236535
A,tens,10,4,digit_circ:all,174,0.0,0.9712643623352051,14.33348243576337
A,tens,10,4,digit_circ:tens,174,0.0,0.9712643623352051,14.33348243576337
A,tens,10,4,digit_circ:units,174,0.0,1.0,0.0
A,tens,10,4,digit_circ:random_orth,174,0.0,0.982758641242981,14.33348243576337
A,tens,10,4,both:all,174,0.005747126415371895,0.8563218116760254,41.78879925983652
A,tens,10,4,both:tens,174,0.005747126415371895,0.8563218116760254,41.78879925983652
A,tens,10,4,both:units,174,0.0,1.0,1.9033467501411297e-14
A,tens,10,4,both:random_orth,174,0.0,0.9482758641242981,41.78879925983652
A,tens,10,6,full_swap,174,0.04022988677024841,0.7183908224105835,88.89157104492188
A,tens,10,6,helix:all,174,0.0,0.977011501789093,22.48343256736057
A,tens,10,6,helix:tens,174,0.0,0.977011501789093,22.48343256736057
A,tens,10,6,helix:units,174,0.0,1.0,2.6691295345692415e-14
A,tens,10,6,helix:random_orth,174,0.0,0.9597700834274292,22.48343256736057
A,tens,10,6,digit_1hot:all,174,0.005747126415371895,0.8678160905838013,49.57855911022486
A,tens,10,6,digit_1hot:tens,174,0.005747126415371895,0.8678160905838013,49.57855911022486
A,tens,10,6,digit_1hot:units,174,0.0,1.0,0.0
A,tens,10,6,digit_1hot:random_orth,174,0.0,0.9482758641242981,49.57855911022486
A,tens,10,6,digit_circ:all,174,0.0,0.9712643623352051,16.850784471518896
A,tens,10,6,digit_circ:tens,174,0.0,0.9712643623352051,16.850784471518896
A,tens,10,6,digit_circ:units,174,0.0,1.0,0.0
A,tens,10,6,digit_circ:random_orth,174,0.0,0.982758641242981,16.850784471518896
A,tens,10,6,both:all,174,0.005747126415371895,0.8735632300376892,50.39438559937361
A,tens,10,6,both:tens,174,0.005747126415371895,0.8735632300376892,50.39438559937361
A,tens,10,6,both:units,174,0.0,1.0,2.2255056185456764e-14
A,tens,10,6,both:random_orth,174,0.0,0.9367815852165222,50.39438559937361
A,tens,10,8,full_swap,174,0.04022988677024841,0.7528735399246216,100.09710693359375
A,tens,10,8,helix:all,174,0.0,0.977011501789093,25.0999373276809
A,tens,10,8,helix:tens,174,0.0,0.977011501789093,25.0999373276809
A,tens,10,8,helix:units,174,0.0,1.0,2.8325729964274203e-14
A,tens,10,8,helix:random_orth,174,0.0,0.982758641242981,25.0999373276809
A,tens,10,8,digit_1hot:all,174,0.005747126415371895,0.8908045887947083,55.35739409557477
A,tens,10,8,digit_1hot:tens,174,0.005747126415371895,0.8908045887947083,55.35739409557477
A,tens,10,8,digit_1hot:units,174,0.0,1.0,0.0
A,tens,10,8,digit_1hot:random_orth,174,0.0,0.9482758641242981,55.35739409557477
A,tens,10,8,digit_circ:all,174,0.0,0.9712643623352051,18.103467236917542
A,tens,10,8,digit_circ:tens,174,0.0,0.9712643623352051,18.103467236917542
A,tens,10,8,digit_circ:units,174,0.0,1.0,0.0
A,tens,10,8,digit_circ:random_orth,174,0.0,0.9655172228813171,18.103467236917542
A,tens,10,8,both:all,174,0.005747126415371895,0.8908045887947083,56.302416459337906
A,tens,10,8,both:tens,174,0.005747126415371895,0.8908045887947083,56.302416459337906
A,tens,10,8,both:units,174,0.0,1.0,2.3626859933114298e-14
A,tens,10,8,both:random_orth,174,0.0,0.9367815852165222,56.302416459337906
A,tens,10,10,full_swap,174,0.04022988677024841,0.7701149582862854,113.74493408203125
A,tens,10,10,helix:all,174,0.0,0.982758641242981,28.24632759573046
A,tens,10,10,helix:tens,174,0.0,0.982758641242981,28.24632759573046
A,tens,10,10,helix:units,174,0.0,1.0,3.131971364113139e-14
A,tens,10,10,helix:random_orth,174,0.0,0.9597700834274292,28.24632759573046
A,tens,10,10,digit_1hot:all,174,0.005747126415371895,0.8850574493408203,62.54279348502197
A,tens,10,10,digit_1hot:tens,174,0.005747126415371895,0.8850574493408203,62.54279348502197
A,tens,10,10,digit_1hot:units,174,0.0,1.0,0.0
A,tens,10,10,digit_1hot:random_orth,174,0.0,0.9482758641242981,62.54279348502197
A,tens,10,10,digit_circ:all,174,0.0,0.9712643623352051,20.11634633558843
A,tens,10,10,digit_circ:tens,174,0.0,0.9712643623352051,20.11634633558843
A,tens,10,10,digit_circ:units,174,0.0,1.0,0.0
A,tens,10,10,digit_circ:random_orth,174,0.0,0.9712643623352051,20.11634633558843
A,tens,10,10,both:all,174,0.005747126415371895,0.8908045887947083,63.51148686939952
A,tens,10,10,both:tens,174,0.005747126415371895,0.8908045887947083,63.51148686939952
A,tens,10,10,both:units,174,0.0,1.0,2.612262960826826e-14
A,tens,10,10,both:random_orth,174,0.0,0.9367815852165222,63.51148686939952
A,tens,10,12,full_swap,174,0.01149425283074379,0.7183908224105835,127.56809997558594
A,tens,10,12,helix:all,174,0.0,0.977011501789093,31.439156151946793
A,tens,10,12,helix:tens,174,0.0,0.977011501789093,31.439156151946793
A,tens,10,12,helix:units,174,0.0,1.0,3.480707033623439e-14
A,tens,10,12,helix:random_orth,174,0.0,0.977011501789093,31.439156151946793
A,tens,10,12,digit_1hot:all,174,0.0,0.8735632300376892,69.19580128973122
A,tens,10,12,digit_1hot:tens,174,0.0,0.8735632300376892,69.19580128973122
A,tens,10,12,digit_1hot:units,174,0.0,1.0,0.0
A,tens,10,12,digit_1hot:random_orth,174,0.0,0.9367815852165222,69.19580128973122
A,tens,10,12,digit_circ:all,174,0.0,0.982758641242981,22.058120077496092
A,tens,10,12,digit_circ:tens,174,0.0,0.982758641242981,22.058120077496092
A,tens,10,12,digit_circ:units,174,0.0,1.0,0.0
A,tens,10,12,digit_circ:random_orth,174,0.0,0.9597700834274292,22.058120077496092
A,tens,10,12,both:all,174,0.0,0.8735632300376892,70.09159031821667
A,tens,10,12,both:tens,174,0.0,0.8735632300376892,70.09159031821667
A,tens,10,12,both:units,174,0.0,1.0,2.901529168539584e-14
A,tens,10,12,both:random_orth,174,0.0,0.9482758641242981,70.09159031821667
A,tens,10,14,full_swap,174,0.0,0.8620689511299133,140.9416961669922
A,tens,10,14,helix:all,174,0.0,0.9885057210922241,34.41408415145896
A,tens,10,14,helix:tens,174,0.0,0.9885057210922241,34.414084151458965
A,tens,10,14,helix:units,174,0.0,1.0,3.813225554785798e-14
A,tens,10,14,helix:random_orth,174,0.0,0.982758641242981,34.41408415145896
A,tens,10,14,digit_1hot:all,174,0.0,0.9367815852165222,76.42716769791376
A,tens,10,14,digit_1hot:tens,174,0.0,0.9367815852165222,76.42716769791376
A,tens,10,14,digit_1hot:units,174,0.0,1.0,0.0
A,tens,10,14,digit_1hot:random_orth,174,0.0,0.9425287246704102,76.42716769791376
A,tens,10,14,digit_circ:all,174,0.0,0.982758641242981,24.50642356329286
A,tens,10,14,digit_circ:tens,174,0.0,0.982758641242981,24.50642356329286
A,tens,10,14,digit_circ:units,174,0.0,1.0,0.0
A,tens,10,14,digit_circ:random_orth,174,0.0,0.977011501789093,24.50642356329286
A,tens,10,14,both:all,174,0.0,0.9425287246704102,77.40995939583674
A,tens,10,14,both:tens,174,0.0,0.9425287246704102,77.40995939583674
A,tens,10,14,both:units,174,0.0,1.0,3.17797208495212e-14
A,tens,10,14,both:random_orth,174,0.0,0.9597700834274292,77.40995939583674
A,tens,10,16,full_swap,174,0.0,0.8793103694915771,156.14710998535156
A,tens,10,16,helix:all,174,0.0,0.9942528605461121,37.86992802066645
A,tens,10,16,helix:tens,174,0.0,0.9942528605461121,37.86992802066646
A,tens,10,16,helix:units,174,0.0,1.0,4.175845485805806e-14
A,tens,10,16,helix:random_orth,174,0.0,0.9942528605461121,37.86992802066645
A,tens,10,16,digit_1hot:all,174,0.0,0.9425287246704102,84.1335552126512
A,tens,10,16,digit_1hot:tens,174,0.0,0.9425287246704102,84.1335552126512
A,tens,10,16,digit_1hot:units,174,0.0,1.0,0.0
A,tens,10,16,digit_1hot:random_orth,174,0.0,0.9655172228813171,84.1335552126512
A,tens,10,16,digit_circ:all,174,0.0,0.9885057210922241,26.628539676769613
A,tens,10,16,digit_circ:tens,174,0.0,0.9885057210922241,26.628539676769613
A,tens,10,16,digit_circ:units,174,0.0,1.0,0.0
A,tens,10,16,digit_circ:random_orth,174,0.0,0.9942528605461121,26.62853967676961
A,tens,10,16,both:all,174,0.0,0.954023003578186,85.22403711258885
A,tens,10,16,both:tens,174,0.0,0.954023003578186,85.22403711258885
A,tens,10,16,both:units,174,0.0,1.0,3.481036225579576e-14
A,tens,10,16,both:random_orth,174,0.0,0.9655172228813171,85.22403711258885
A,tens,10,18,full_swap,174,0.0,0.982758641242981,170.76068115234375
A,tens,10,18,helix:all,174,0.0,1.0,41.52609677757477
A,tens,10,18,helix:tens,174,0.0,1.0,41.52609677757479
A,tens,10,18,helix:units,174,0.0,1.0,4.573650520523428e-14
A,tens,10,18,helix:random_orth,174,0.0,0.9942528605461121,41.52609677757477
A,tens,10,18,digit_1hot:all,174,0.0,0.9885057210922241,92.73758419794379
A,tens,10,18,digit_1hot:tens,174,0.0,0.9885057210922241,92.73758419794379
A,tens,10,18,digit_1hot:units,174,0.0,1.0,0.0
A,tens,10,18,digit_1hot:random_orth,174,0.0,0.9942528605461121,92.7375841979438
A,tens,10,18,digit_circ:all,174,0.0,0.9942528605461121,29.07635864965758
A,tens,10,18,digit_circ:tens,174,0.0,0.9942528605461121,29.07635864965758
A,tens,10,18,digit_circ:units,174,0.0,1.0,0.0
A,tens,10,18,digit_circ:random_orth,174,0.0,0.9885057210922241,29.07635864965758
A,tens,10,18,both:all,174,0.0,0.9942528605461121,93.84477014779664
A,tens,10,18,both:tens,174,0.0,0.9942528605461121,93.84477014779664
A,tens,10,18,both:units,174,0.0,1.0,3.814386673451702e-14
A,tens,10,18,both:random_orth,174,0.0,0.9942528605461121,93.84477014779664
A,tens,10,20,full_swap,174,0.0,0.977011501789093,188.18841552734375
A,tens,10,20,helix:all,174,0.0,1.0,44.97293574681104
A,tens,10,20,helix:tens,174,0.0,1.0,44.97293574681104
A,tens,10,20,helix:units,174,0.0,1.0,4.989373940658814e-14
A,tens,10,20,helix:random_orth,174,0.0,0.982758641242981,44.97293574681104
A,tens,10,20,digit_1hot:all,174,0.0,1.0,101.45540013498547
A,tens,10,20,digit_1hot:tens,174,0.0,1.0,101.45540013498547
A,tens,10,20,digit_1hot:units,174,0.0,1.0,0.0
A,tens,10,20,digit_1hot:random_orth,174,0.0,1.0,101.45540013498547
A,tens,10,20,digit_circ:all,174,0.0,0.9885057210922241,31.563475506452562
A,tens,10,20,digit_circ:tens,174,0.0,0.9885057210922241,31.563475506452562
A,tens,10,20,digit_circ:units,174,0.0,1.0,0.0
A,tens,10,20,digit_circ:random_orth,174,0.0,0.9942528605461121,31.56347550645257
A,tens,10,20,both:all,174,0.0,1.0,102.66550628395068
A,tens,10,20,both:tens,174,0.0,1.0,102.66550628395068
A,tens,10,20,both:units,174,0.0,1.0,4.16304736276382e-14
A,tens,10,20,both:random_orth,174,0.0,0.9942528605461121,102.66550628395068
A,tens,20,0,full_swap,156,0.01923076994717121,0.1794871836900711,39.488529205322266
A,tens,20,0,helix:all,156,0.0,0.7371795177459717,17.11903361114
A,tens,20,0,helix:tens,156,0.0,0.7371795177459717,17.11903361114
A,tens,20,0,helix:units,156,0.0,1.0,1.3559138248915253e-14
A,tens,20,0,helix:random_orth,156,0.0,0.9679487347602844,17.11903361114
A,tens,20,0,digit_1hot:all,156,0.0,0.5641025900840759,24.10403697352335
A,tens,20,0,digit_1hot:tens,156,0.0,0.5641025900840759,24.10403697352335
A,tens,20,0,digit_1hot:units,156,0.0,1.0,0.0
A,tens,20,0,digit_1hot:random_orth,156,0.0,0.9230769276618958,24.10403697352335
A,tens,20,0,digit_circ:all,156,0.0,0.9294871687889099,13.367851056437198
A,tens,20,0,digit_circ:tens,156,0.0,0.9294871687889099,13.367851056437198
A,tens,20,0,digit_circ:units,156,0.0,1.0,0.0
A,tens,20,0,digit_circ:random_orth,156,0.0,0.9615384936332703,13.367851056437198
A,tens,20,0,both:all,156,0.0,0.5833333134651184,24.73505486654279
A,tens,20,0,both:tens,156,0.0,0.5833333134651184,24.73505486654279
A,tens,20,0,both:units,156,0.0,1.0,1.1314339364048493e-14
A,tens,20,0,both:random_orth,156,0.0,0.9294871687889099,24.73505486654279
A,tens,20,2,full_swap,156,0.01923076994717121,0.3076923191547394,53.52401351928711
A,tens,20,2,helix:all,156,0.0,0.8269230723381042,23.79042066480469
A,tens,20,2,helix:tens,156,0.0,0.8269230723381042,23.79042066480469
A,tens,20,2,helix:units,156,0.0,1.0,1.7366192195135335e-14
A,tens,20,2,helix:random_orth,156,0.0,0.9294871687889099,23.79042066480469
A,tens,20,2,digit_1hot:all,156,0.0,0.7051281929016113,32.61676535321458
A,tens,20,2,digit_1hot:tens,156,0.0,0.7051281929016113,32.61676535321458
A,tens,20,2,digit_1hot:units,156,0.0,1.0,0.0
A,tens,20,2,digit_1hot:random_orth,156,0.0,0.9102564454078674,32.61676535321458
A,tens,20,2,digit_circ:all,156,0.0,0.9166666865348816,18.12117823346104
A,tens,20,2,digit_circ:tens,156,0.0,0.9166666865348816,18.12117823346104
A,tens,20,2,digit_circ:units,156,0.0,1.0,0.0
A,tens,20,2,digit_circ:random_orth,156,0.0,0.9615384936332703,18.12117823346104
A,tens,20,2,both:all,156,0.0,0.7051281929016113,33.625645433942644
A,tens,20,2,both:tens,156,0.0,0.7051281929016113,33.625645433942644
A,tens,20,2,both:units,156,0.0,1.0,1.45014175088318e-14
A,tens,20,2,both:random_orth,156,0.0,0.8782051205635071,33.625645433942644
A,tens,20,4,full_swap,156,0.01923076994717121,0.4166666865348816,78.08334350585938
A,tens,20,4,helix:all,156,0.0,0.884615421295166,34.852095200464525
A,tens,20,4,helix:tens,156,0.0,0.884615421295166,34.85209520046453
A,tens,20,4,helix:units,156,0.0,1.0,2.3803733557290818e-14
A,tens,20,4,helix:random_orth,156,0.0,0.9743589758872986,34.85209520046453
A,tens,20,4,digit_1hot:all,156,0.0,0.7692307829856873,47.689631438552674
A,tens,20,4,digit_1hot:tens,156,0.0,0.7692307829856873,47.689631438552674
A,tens,20,4,digit_1hot:units,156,0.0,1.0,0.0
A,tens,20,4,digit_1hot:random_orth,156,0.0,0.9230769276618958,47.689631438552674
A,tens,20,4,digit_circ:all,156,0.0,0.9358974695205688,25.587100151806673
A,tens,20,4,digit_circ:tens,156,0.0,0.9358974695205688,25.587100151806673
A,tens,20,4,digit_circ:units,156,0.0,1.0,0.0
A,tens,20,4,digit_circ:random_orth,156,0.0,0.9679487347602844,25.587100151806673
A,tens,20,4,both:all,156,0.0,0.7692307829856873,49.31391659221758
A,tens,20,4,both:tens,156,0.0,0.7692307829856873,49.31391659221758
A,tens,20,4,both:units,156,0.0,1.0,1.988582595054117e-14
A,tens,20,4,both:random_orth,156,0.0,0.9102564454078674,49.31391659221758
A,tens,20,6,full_swap,156,0.01923076994717121,0.5256410241127014,96.62124633789062
A,tens,20,6,helix:all,156,0.0,0.9038461446762085,41.809389092826045
A,tens,20,6,helix:tens,156,0.0,0.9038461446762085,41.809389092826045
A,tens,20,6,helix:units,156,0.0,1.0,2.7798429997218875e-14
A,tens,20,6,helix:random_orth,156,0.0,0.9294871687889099,41.809389092826045
A,tens,20,6,digit_1hot:all,156,0.0,0.7756410241127014,58.22265733244529
A,tens,20,6,digit_1hot:tens,156,0.0,0.7756410241127014,58.22265733244529
A,tens,20,6,digit_1hot:units,156,0.0,1.0,0.0
A,tens,20,6,digit_1hot:random_orth,156,0.0,0.942307710647583,58.22265733244529
A,tens,20,6,digit_circ:all,156,0.0,0.942307710647583,30.0720359109066
A,tens,20,6,digit_circ:tens,156,0.0,0.942307710647583,30.0720359109066
A,tens,20,6,digit_circ:units,156,0.0,1.0,0.0
A,tens,20,6,digit_circ:random_orth,156,0.0,0.9551281929016113,30.0720359109066
A,tens,20,6,both:all,156,0.0,0.7692307829856873,60.20369475937043
A,tens,20,6,both:tens,156,0.0,0.7692307829856873,60.20369475937043
A,tens,20,6,both:units,156,0.0,1.0,2.323693546428887e-14
A,tens,20,6,both:random_orth,156,0.0,0.9358974695205688,60.20369475937043
A,tens,20,8,full_swap,156,0.01923076994717121,0.6089743375778198,107.78246307373047
A,tens,20,8,helix:all,156,0.0,0.9102564454078674,46.9566666925875
A,tens,20,8,helix:tens,156,0.0,0.9102564454078674,46.956666692587504
A,tens,20,8,helix:units,156,0.0,1.0,2.9546869139728635e-14
A,tens,20,8,helix:random_orth,156,0.0,0.9294871687889099,46.9566666925875
A,tens,20,8,digit_1hot:all,156,0.0,0.8397436141967773,65.7570161718716
A,tens,20,8,digit_1hot:tens,156,0.0,0.8397436141967773,65.7570161718716
A,tens,20,8,digit_1hot:units,156,0.0,1.0,0.0
A,tens,20,8,digit_1hot:random_orth,156,0.0,0.9166666865348816,65.7570161718716
A,tens,20,8,digit_circ:all,156,0.0,0.942307710647583,32.23280550698405
A,tens,20,8,digit_circ:tens,156,0.0,0.942307710647583,32.23280550698405
A,tens,20,8,digit_circ:units,156,0.0,1.0,0.0
A,tens,20,8,digit_circ:random_orth,156,0.0,0.9679487347602844,32.23280550698404
A,tens,20,8,both:all,156,0.0,0.8333333730697632,67.88324739472543
A,tens,20,8,both:tens,156,0.0,0.8333333730697632,67.88324739472543
A,tens,20,8,both:units,156,0.0,1.0,2.471984697687169e-14
A,tens,20,8,both:random_orth,156,0.0,0.9038461446762085,67.88324739472543
A,tens,20,10,full_swap,156,0.01923076994717121,0.6282051205635071,122.43012237548828
A,tens,20,10,helix:all,156,0.0,0.8974359035491943,52.84955395097146
A,tens,20,10,helix:tens,156,0.0,0.8974359035491943,52.84955395097146
A,tens,20,10,helix:units,156,0.0,1.0,3.2648803495293324e-14
A,tens,20,10,helix:random_orth,156,0.0,0.9743589758872986,52.84955395097146
A,tens,20,10,digit_1hot:all,156,0.0,0.8333333730697632,74.58801698498301
A,tens,20,10,digit_1hot:tens,156,0.0,0.8333333730697632,74.58801698498301
A,tens,20,10,digit_1hot:units,156,0.0,1.0,0.0
A,tens,20,10,digit_1hot:random_orth,156,0.0,0.884615421295166,74.58801698498301
A,tens,20,10,digit_circ:all,156,0.0,0.9487179517745972,35.67687590240586
A,tens,20,10,digit_circ:tens,156,0.0,0.9487179517745972,35.67687590240586
A,tens,20,10,digit_circ:units,156,0.0,1.0,0.0
A,tens,20,10,digit_circ:random_orth,156,0.0,0.9487179517745972,35.67687590240586
A,tens,20,10,both:all,156,0.0,0.8333333730697632,76.95644483946828
A,tens,20,10,both:tens,156,0.0,0.8333333730697632,76.95644483946828
A,tens,20,10,both:units,156,0.0,1.0,2.731887781408623e-14
A,tens,20,10,both:random_orth,156,0.0,0.9038461446762085,76.95644483946828
A,tens,20,12,full_swap,156,0.01923076994717121,0.6602564454078674,136.7674560546875
A,tens,20,12,helix:all,156,0.0,0.8974359035491943,58.722612518582245
A,tens,20,12,helix:tens,156,0.0,0.8974359035491943,58.722612518582245
A,tens,20,12,helix:units,156,0.0,1.0,3.6134484846972085e-14
A,tens,20,12,helix:random_orth,156,0.0,0.9551281929016113,58.722612518582245
A,tens,20,12,digit_1hot:all,156,0.0,0.8269230723381042,83.03217384940662
A,tens,20,12,digit_1hot:tens,156,0.0,0.8269230723381042,83.03217384940662
A,tens,20,12,digit_1hot:units,156,0.0,1.0,0.0
A,tens,20,12,digit_1hot:random_orth,156,0.0,0.9358974695205688,83.03217384940662
A,tens,20,12,digit_circ:all,156,0.0,0.9679487347602844,38.77968094409864
A,tens,20,12,digit_circ:tens,156,0.0,0.9679487347602844,38.77968094409864
A,tens,20,12,digit_circ:units,156,0.0,1.0,0.0
A,tens,20,12,digit_circ:random_orth,156,0.0,0.9487179517745972,38.77968094409864
A,tens,20,12,both:all,156,0.0,0.8333333730697632,85.28007756298902
A,tens,20,12,both:tens,156,0.0,0.8333333730697632,85.28007756298902
A,tens,20,12,both:units,156,0.0,1.0,3.02204438686263e-14
A,tens,20,12,both:random_orth,156,0.0,0.942307710647583,85.28007756298902
A,tens,20,14,full_swap,156,0.0,0.8205128312110901,151.74639892578125
A,tens,20,14,helix:all,156,0.0,0.9743589758872986,63.98753734069613
A,tens,20,14,helix:tens,156,0.0,0.9743589758872986,63.98753734069613
A,tens,20,14,helix:units,156,0.0,1.0,3.963278113070916e-14
A,tens,20,14,helix:random_orth,156,0.0,0.9679487347602844,63.98753734069612
A,tens,20,14,digit_1hot:all,156,0.0,0.884615421295166,91.94345286482879
A,tens,20,14,digit_1hot:tens,156,0.0,0.884615421295166,91.94345286482879
A,tens,20,14,digit_1hot:units,156,0.0,1.0,0.0
A,tens,20,14,digit_1hot:random_orth,156,0.0,0.9487179517745972,91.94345286482879
A,tens,20,14,digit_circ:all,156,0.0,0.9935897588729858,42.461349752066646
A,tens,20,14,digit_circ:tens,156,0.0,0.9935897588729858,42.461349752066646
A,tens,20,14,digit_circ:units,156,0.0,1.0,0.0
A,tens,20,14,digit_circ:random_orth,156,0.0,0.9679487347602844,42.461349752066646
A,tens,20,14,both:all,156,0.0,0.9038461446762085,94.47841720204237
A,tens,20,14,both:tens,156,0.0,0.9038461446762085,94.47841720204237
A,tens,20,14,both:units,156,0.0,1.0,3.313170671086587e-14
A,tens,20,14,both:random_orth,156,0.0,0.9679487347602844,94.47841720204237
A,tens,20,16,full_swap,156,0.0,0.8653846383094788,167.0449676513672
A,tens,20,16,helix:all,156,0.0,0.9615384936332703,70.23685985742159
A,tens,20,16,helix:tens,156,0.0,0.9615384936332703,70.23685985742159
A,tens,20,16,helix:units,156,0.0,1.0,4.328752150805389e-14
A,tens,20,16,helix:random_orth,156,0.0,0.9871795177459717,70.23685985742159
A,tens,20,16,digit_1hot:all,156,0.0,0.9294871687889099,101.59037993811096
A,tens,20,16,digit_1hot:tens,156,0.0,0.9294871687889099,101.59037993811096
A,tens,20,16,digit_1hot:units,156,0.0,1.0,0.0
A,tens,20,16,digit_1hot:random_orth,156,0.0,0.9615384936332703,101.59037993811096
A,tens,20,16,digit_circ:all,156,0.0,0.9935897588729858,45.90071750051634
A,tens,20,16,digit_circ:tens,156,0.0,0.9935897588729858,45.90071750051634
A,tens,20,16,digit_circ:units,156,0.0,1.0,0.0
A,tens,20,16,digit_circ:random_orth,156,0.0,0.9743589758872986,45.90071750051634
A,tens,20,16,both:all,156,0.0,0.9358974695205688,104.13237184381397
A,tens,20,16,both:tens,156,0.0,0.9358974695205688,104.13237184381397
A,tens,20,16,both:units,156,0.0,1.0,3.619848007025586e-14
A,tens,20,16,both:random_orth,156,0.0,0.9615384936332703,104.13237184381397
A,tens,20,18,full_swap,156,0.0,0.9679487347602844,181.82034301757812
A,tens,20,18,helix:all,156,0.0,0.9871795177459717,76.98070344026496
A,tens,20,18,helix:tens,156,0.0,0.9871795177459717,76.98070344026496
A,tens,20,18,helix:units,156,0.0,1.0,4.722048139552397e-14
A,tens,20,18,helix:random_orth,156,0.0,0.9871795177459717,76.98070344026496
A,tens,20,18,digit_1hot:all,156,0.0,0.9807692170143127,112.36978395789424
A,tens,20,18,digit_1hot:tens,156,0.0,0.9807692170143127,112.36978395789424
A,tens,20,18,digit_1hot:units,156,0.0,1.0,0.0
A,tens,20,18,digit_1hot:random_orth,156,0.0,0.9935897588729858,112.36978395789426
A,tens,20,18,digit_circ:all,156,0.0,0.9935897588729858,49.897513539726766
A,tens,20,18,digit_circ:tens,156,0.0,0.9935897588729858,49.897513539726766
A,tens,20,18,digit_circ:units,156,0.0,1.0,0.0
A,tens,20,18,digit_circ:random_orth,156,0.0,1.0,49.897513539726766
A,tens,20,18,both:all,156,0.0,0.9935897588729858,114.80924800260378
A,tens,20,18,both:tens,156,0.0,0.9935897588729858,114.80924800260378
A,tens,20,18,both:units,156,0.0,1.0,3.9512288386350685e-14
A,tens,20,18,both:random_orth,156,0.0,0.9935897588729858,114.80924800260378
A,tens,20,20,full_swap,156,0.0,0.9743589758872986,198.95114135742188
A,tens,20,20,helix:all,156,0.0,0.9935897588729858,83.01753976080451
A,tens,20,20,helix:tens,156,0.0,0.9935897588729858,83.01753976080451
A,tens,20,20,helix:units,156,0.0,1.0,5.14116217365406e-14
A,tens,20,20,helix:random_orth,156,0.0,0.9935897588729858,83.01753976080451
A,tens,20,20,digit_1hot:all,156,0.0,0.9935897588729858,122.35455152199157
A,tens,20,20,digit_1hot:tens,156,0.0,0.9935897588729858,122.35455152199157
A,tens,20,20,digit_1hot:units,156,0.0,1.0,0.0
A,tens,20,20,digit_1hot:random_orth,156,0.0,0.9871795177459717,122.35455152199157
A,tens,20,20,digit_circ:all,156,0.0,0.9871795177459717,53.59528969729476
A,tens,20,20,digit_circ:tens,156,0.0,0.9871795177459717,53.59528969729476
A,tens,20,20,digit_circ:units,156,0.0,1.0,0.0
A,tens,20,20,digit_circ:random_orth,156,0.0,0.9935897588729858,53.59528969729476
A,tens,20,20,both:all,156,0.0,0.9935897588729858,124.93488419571725
A,tens,20,20,both:tens,156,0.0,0.9935897588729858,124.93488419571723
A,tens,20,20,both:units,156,0.0,1.0,4.305054338144067e-14
A,tens,20,20,both:random_orth,156,0.0,0.9743589758872986,124.93488419571725
A,tens,30,0,full_swap,142,0.028169013559818268,0.23943661153316498,40.817508697509766
A,tens,30,0,helix:all,142,0.0,0.5352112650871277,22.493373621326448
A,tens,30,0,helix:tens,142,0.0,0.5352112650871277,22.493373621326448
A,tens,30,0,helix:units,142,0.0,0.9929577112197876,1.5844547245201803e-14
A,tens,30,0,helix:random_orth,142,0.0,0.9366196990013123,22.49337362132645
A,tens,30,0,digit_1hot:all,142,0.0,0.4577464759349823,25.80299539819578
A,tens,30,0,digit_1hot:tens,142,0.0,0.4577464759349823,25.80299539819578
A,tens,30,0,digit_1hot:units,142,0.0,0.9929577112197876,0.0
A,tens,30,0,digit_1hot:random_orth,142,0.0,0.8873239159584045,25.80299539819578
A,tens,30,0,digit_circ:all,142,0.0,0.8732393980026245,17.498261001563787
A,tens,30,0,digit_circ:tens,142,0.0,0.8732393980026245,17.498261001563787
A,tens,30,0,digit_circ:units,142,0.0,0.9929577112197876,0.0
A,tens,30,0,digit_circ:random_orth,142,0.0,0.9366196990013123,17.498261001563787
A,tens,30,0,both:all,142,0.0,0.42957746982574463,25.963944574780143
A,tens,30,0,both:tens,142,0.0,0.42957746982574463,25.963944574780143
A,tens,30,0,both:units,142,0.0,0.9929577112197876,1.3215886401659233e-14
A,tens,30,0,both:random_orth,142,0.0,0.9507042169570923,25.963944574780143
A,tens,30,2,full_swap,142,0.035211265087127686,0.3239436447620392,55.03813171386719
A,tens,30,2,helix:all,142,0.0,0.6549295783042908,31.19931325116298
A,tens,30,2,helix:tens,142,0.0,0.6549295783042908,31.19931325116298
A,tens,30,2,helix:units,142,0.0,0.9929577112197876,2.028883647015272e-14
A,tens,30,2,helix:random_orth,142,0.0,0.9084506630897522,31.19931325116298
A,tens,30,2,digit_1hot:all,142,0.0,0.5704225301742554,34.486054468236794
A,tens,30,2,digit_1hot:tens,142,0.0,0.5704225301742554,34.486054468236794
A,tens,30,2,digit_1hot:units,142,0.0,0.9929577112197876,0.0
A,tens,30,2,digit_1hot:random_orth,142,0.0,0.9014084339141846,34.486054468236794
A,tens,30,2,digit_circ:all,142,0.0,0.8450704216957092,23.349497981046802
A,tens,30,2,digit_circ:tens,142,0.0,0.8450704216957092,23.349497981046802
A,tens,30,2,digit_circ:units,142,0.0,0.9929577112197876,0.0
A,tens,30,2,digit_circ:random_orth,142,0.0,0.9295774698257446,23.349497981046802
A,tens,30,2,both:all,142,0.0,0.5845070481300354,35.1832996571
A,tens,30,2,both:tens,142,0.0,0.5845070481300354,35.1832996571
A,tens,30,2,both:units,142,0.0,0.9929577112197876,1.6934526761462592e-14
A,tens,30,2,both:random_orth,142,0.0,0.9295774698257446,35.1832996571
A,tens,30,4,full_swap,142,0.028169013559818268,0.4507042169570923,79.72074127197266
A,tens,30,4,helix:all,142,0.0,0.7323943376541138,45.94432279704627
A,tens,30,4,helix:tens,142,0.0,0.7323943376541138,45.94432279704627
A,tens,30,4,helix:units,142,0.0,0.9929577112197876,2.7828156443442738e-14
A,tens,30,4,helix:random_orth,142,0.0,0.9154929518699646,45.94432279704627
A,tens,30,4,digit_1hot:all,142,0.0,0.6760563254356384,50.388947989911706
A,tens,30,4,digit_1hot:tens,142,0.0,0.6760563254356384,50.388947989911706
A,tens,30,4,digit_1hot:units,142,0.0,0.9929577112197876,0.0
A,tens,30,4,digit_1hot:random_orth,142,0.0,0.9295774698257446,50.3889479899117
A,tens,30,4,digit_circ:all,142,0.0,0.8802816867828369,33.18259287407516
A,tens,30,4,digit_circ:tens,142,0.0,0.8802816867828369,33.18259287407516
A,tens,30,4,digit_circ:units,142,0.0,0.9929577112197876,0.0
A,tens,30,4,digit_circ:random_orth,142,0.0,0.9366196990013123,33.18259287407516
A,tens,30,4,both:all,142,0.0,0.6760563254356384,51.8590012964583
A,tens,30,4,both:tens,142,0.0,0.6760563254356384,51.85900129645831
A,tens,30,4,both:units,142,0.0,0.9929577112197876,2.323805701105019e-14
A,tens,30,4,both:random_orth,142,0.0,0.9225351810455322,51.85900129645831
A,tens,30,6,full_swap,142,0.0211267601698637,0.49295774102211,97.39802551269531
A,tens,30,6,helix:all,142,0.0,0.7676056027412415,55.34978408267441
A,tens,30,6,helix:tens,142,0.0,0.7676056027412415,55.34978408267441
A,tens,30,6,helix:units,142,0.0,0.9929577112197876,3.250410815279672e-14
A,tens,30,6,helix:random_orth,142,0.0,0.9295774698257446,55.34978408267442
A,tens,30,6,digit_1hot:all,142,0.0,0.7394366264343262,61.169332327461774
A,tens,30,6,digit_1hot:tens,142,0.0,0.7394366264343262,61.169332327461774
A,tens,30,6,digit_1hot:units,142,0.0,0.9929577112197876,0.0
A,tens,30,6,digit_1hot:random_orth,142,0.0,0.9366196990013123,61.169332327461774
A,tens,30,6,digit_circ:all,142,0.0,0.8732393980026245,39.258510232483815
A,tens,30,6,digit_circ:tens,142,0.0,0.8732393980026245,39.258510232483815
A,tens,30,6,digit_circ:units,142,0.0,0.9929577112197876,0.0
A,tens,30,6,digit_circ:random_orth,142,0.0,0.9436619281768799,39.258510232483815
A,tens,30,6,both:all,142,0.0,0.7253521084785461,63.066582875210464
A,tens,30,6,both:tens,142,0.0,0.7253521084785461,63.066582875210464
A,tens,30,6,both:units,142,0.0,0.9929577112197876,2.716373180079577e-14
A,tens,30,6,both:random_orth,142,0.0,0.9507042169570923,63.066582875210464
A,tens,30,8,full_swap,142,0.035211265087127686,0.5422534942626953,108.18911743164062
A,tens,30,8,helix:all,142,0.0,0.8239436745643616,62.43371002009274
A,tens,30,8,helix:tens,142,0.0,0.8239436745643616,62.43371002009274
A,tens,30,8,helix:units,142,0.0,0.9929577112197876,3.451640491813316e-14
A,tens,30,8,helix:random_orth,142,0.0,0.9154929518699646,62.43371002009274
A,tens,30,8,digit_1hot:all,142,0.0,0.7676056027412415,68.36518730052245
A,tens,30,8,digit_1hot:tens,142,0.0,0.7676056027412415,68.36518730052245
A,tens,30,8,digit_1hot:units,142,0.0,0.9929577112197876,0.0
A,tens,30,8,digit_1hot:random_orth,142,0.0,0.9225351810455322,68.36518730052245
A,tens,30,8,digit_circ:all,142,0.0,0.9014084339141846,42.341219656987086
A,tens,30,8,digit_circ:tens,142,0.0,0.9014084339141846,42.341219656987086
A,tens,30,8,digit_circ:units,142,0.0,0.9929577112197876,0.0
A,tens,30,8,digit_circ:random_orth,142,0.0,0.9577464461326599,42.341219656987086
A,tens,30,8,both:all,142,0.0,0.7746478915214539,70.52531406547048
A,tens,30,8,both:tens,142,0.0,0.7746478915214539,70.52531406547048
A,tens,30,8,both:units,142,0.0,0.9929577112197876,2.887129654260251e-14
A,tens,30,8,both:random_orth,142,0.0,0.9366196990013123,70.52531406547048
A,tens,30,10,full_swap,142,0.028169013559818268,0.5492957830429077,122.41973114013672
A,tens,30,10,helix:all,142,0.0,0.8309859037399292,70.19287161337712
A,tens,30,10,helix:tens,142,0.0,0.8309859037399292,70.19287161337712
A,tens,30,10,helix:units,142,0.0,0.9929577112197876,3.810611058913094e-14
A,tens,30,10,helix:random_orth,142,0.0,0.9507042169570923,70.19287161337714
A,tens,30,10,digit_1hot:all,142,0.0,0.7605633735656738,76.2492942520845
A,tens,30,10,digit_1hot:tens,142,0.0,0.7605633735656738,76.2492942520845
A,tens,30,10,digit_1hot:units,142,0.0,0.9929577112197876,0.0
A,tens,30,10,digit_1hot:random_orth,142,0.0,0.9154929518699646,76.2492942520845
A,tens,30,10,digit_circ:all,142,0.0,0.8943662047386169,46.73760838725066
A,tens,30,10,digit_circ:tens,142,0.0,0.8943662047386169,46.73760838725066
A,tens,30,10,digit_circ:units,142,0.0,0.9929577112197876,0.0
A,tens,30,10,digit_circ:random_orth,142,0.0,0.9507042169570923,46.73760838725067
A,tens,30,10,both:all,142,0.0,0.7676056027412415,78.87794525999533
A,tens,30,10,both:tens,142,0.0,0.7676056027412415,78.87794525999536
A,tens,30,10,both:units,142,0.0,0.9929577112197876,3.1876507555871484e-14
A,tens,30,10,both:random_orth,142,0.0,0.9014084339141846,78.87794525999533
A,tens,30,12,full_swap,142,0.0211267601698637,0.5563380122184753,136.23240661621094
A,tens,30,12,helix:all,142,0.0,0.8450704216957092,77.83221197767271
A,tens,30,12,helix:tens,142,0.0,0.8450704216957092,77.83221197767271
A,tens,30,12,helix:units,142,0.0,0.9929577112197876,4.215014266854509e-14
A,tens,30,12,helix:random_orth,142,0.0,0.9436619281768799,77.83221197767271
A,tens,30,12,digit_1hot:all,142,0.0,0.7816901206970215,83.81959238788873
A,tens,30,12,digit_1hot:tens,142,0.0,0.7816901206970215,83.81959238788873
A,tens,30,12,digit_1hot:units,142,0.0,0.9929577112197876,0.0
A,tens,30,12,digit_1hot:random_orth,142,0.0,0.9084506630897522,83.81959238788872
A,tens,30,12,digit_circ:all,142,0.0,0.9295774698257446,50.57239700833423
A,tens,30,12,digit_circ:tens,142,0.0,0.9295774698257446,50.57239700833423
A,tens,30,12,digit_circ:units,142,0.0,0.9929577112197876,0.0
A,tens,30,12,digit_circ:random_orth,142,0.0,0.9507042169570923,50.57239700833422
A,tens,30,12,both:all,142,0.0,0.7816901206970215,86.58239011186411
A,tens,30,12,both:tens,142,0.0,0.7816901206970215,86.58239011186411
A,tens,30,12,both:units,142,0.0,0.9929577112197876,3.523678102557189e-14
A,tens,30,12,both:random_orth,142,0.0,0.8943662047386169,86.58239011186411
A,tens,30,14,full_swap,142,0.0,0.7957746386528015,150.1561737060547
A,tens,30,14,helix:all,142,0.0,0.9225351810455322,84.4056667548151
A,tens,30,14,helix:tens,142,0.0,0.9225351810455322,84.4056667548151
A,tens,30,14,helix:units,142,0.0,0.9929577112197876,4.6211192253248016e-14
A,tens,30,14,helix:random_orth,142,0.0,0.9366196990013123,84.4056667548151
A,tens,30,14,digit_1hot:all,142,0.0,0.8732393980026245,90.97417727434761
A,tens,30,14,digit_1hot:tens,142,0.0,0.8732393980026245,90.97417727434761
A,tens,30,14,digit_1hot:units,142,0.0,0.9929577112197876,0.0
A,tens,30,14,digit_1hot:random_orth,142,0.0,0.9366196990013123,90.9741772743476
A,tens,30,14,digit_circ:all,142,0.0,0.9718309640884399,54.57217581748949
A,tens,30,14,digit_circ:tens,142,0.0,0.9718309640884399,54.57217581748949
A,tens,30,14,digit_circ:units,142,0.0,0.9929577112197876,0.0
A,tens,30,14,digit_circ:random_orth,142,0.0,0.9647887349128723,54.57217581748949
A,tens,30,14,both:all,142,0.0,0.8873239159584045,94.45922280557812
A,tens,30,14,both:tens,142,0.0,0.8873239159584045,94.45922280557812
A,tens,30,14,both:units,142,0.0,0.9929577112197876,3.8614267301341257e-14
A,tens,30,14,both:random_orth,142,0.0,0.9436619281768799,94.45922280557811
A,tens,30,16,full_swap,142,0.0,0.8169013857841492,164.47508239746094
A,tens,30,16,helix:all,142,0.0,0.9225351810455322,92.36782909374865
A,tens,30,16,helix:tens,142,0.0,0.9225351810455322,92.36782909374868
A,tens,30,16,helix:units,142,0.0,0.9929577112197876,5.0447671574508135e-14
A,tens,30,16,helix:random_orth,142,0.0,0.9507042169570923,92.36782909374865
A,tens,30,16,digit_1hot:all,142,0.0,0.9014084339141846,98.9773329532834
A,tens,30,16,digit_1hot:tens,142,0.0,0.9014084339141846,98.9773329532834
A,tens,30,16,digit_1hot:units,142,0.0,0.9929577112197876,0.0
A,tens,30,16,digit_1hot:random_orth,142,0.0,0.9718309640884399,98.9773329532834
A,tens,30,16,digit_circ:all,142,0.0,0.9788731932640076,58.81361587718425
A,tens,30,16,digit_circ:tens,142,0.0,0.9788731932640076,58.81361587718425
A,tens,30,16,digit_circ:units,142,0.0,0.9929577112197876,0.0
A,tens,30,16,digit_circ:random_orth,142,0.0,0.9718309640884399,58.81361587718425
A,tens,30,16,both:all,142,0.0,0.8943662047386169,102.72648478811091
A,tens,30,16,both:tens,142,0.0,0.8943662047386169,102.72648478811091
A,tens,30,16,both:units,142,0.0,0.9929577112197876,4.2171794361144635e-14
A,tens,30,16,both:random_orth,142,0.0,0.9295774698257446,102.72648478811092
A,tens,30,18,full_swap,142,0.0,0.9577464461326599,179.2786102294922
A,tens,30,18,helix:all,142,0.0,0.9718309640884399,101.16132983038628
A,tens,30,18,helix:tens,142,0.0,0.9718309640884399,101.16132983038628
A,tens,30,18,helix:units,142,0.0,0.9929577112197876,5.505242108158053e-14
A,tens,30,18,helix:random_orth,142,0.0,0.9929577112197876,101.16132983038628
A,tens,30,18,digit_1hot:all,142,0.0,0.9788731932640076,108.25424322129572
A,tens,30,18,digit_1hot:tens,142,0.0,0.9788731932640076,108.25424322129572
A,tens,30,18,digit_1hot:units,142,0.0,0.9929577112197876,0.0
A,tens,30,18,digit_1hot:random_orth,142,0.0,0.98591548204422,108.25424322129572
A,tens,30,18,digit_circ:all,142,0.0,0.98591548204422,63.75430997645076
A,tens,30,18,digit_circ:tens,142,0.0,0.98591548204422,63.75430997645076
A,tens,30,18,digit_circ:units,142,0.0,0.9929577112197876,0.0
A,tens,30,18,digit_circ:random_orth,142,0.0,1.0,63.75430997645078
A,tens,30,18,both:all,142,0.0,0.98591548204422,112.28378816993028
A,tens,30,18,both:tens,142,0.0,0.98591548204422,112.28378816993028
A,tens,30,18,both:units,142,0.0,0.9929577112197876,4.605566353799522e-14
A,tens,30,18,both:random_orth,142,0.0,1.0,112.28378816993028
A,tens,30,20,full_swap,142,0.0,0.98591548204422,196.26953125
A,tens,30,20,helix:all,142,0.0,0.9929577112197876,108.70955479225702
A,tens,30,20,helix:tens,142,0.0,0.9929577112197876,108.70955479225702
A,tens,30,20,helix:units,142,0.0,0.9929577112197876,5.996150495156198e-14
A,tens,30,20,helix:random_orth,142,0.0,0.98591548204422,108.70955479225702
A,tens,30,20,digit_1hot:all,142,0.0,1.0,116.4919061466478
A,tens,30,20,digit_1hot:tens,142,0.0,1.0,116.4919061466478
A,tens,30,20,digit_1hot:units,142,0.0,0.9929577112197876,0.0
A,tens,30,20,digit_1hot:random_orth,142,0.0,0.9929577112197876,116.4919061466478
A,tens,30,20,digit_circ:all,142,0.0,0.98591548204422,67.95113367061043
A,tens,30,20,digit_circ:tens,142,0.0,0.98591548204422,67.95113367061043
A,tens,30,20,digit_circ:units,142,0.0,0.9929577112197876,0.0
A,tens,30,20,digit_circ:random_orth,142,0.0,0.9929577112197876,67.95113367061043
A,tens,30,20,both:all,142,0.0,1.0,120.92020870914773
A,tens,30,20,both:tens,142,0.0,1.0,120.92020870914773
A,tens,30,20,both:units,142,0.0,0.9929577112197876,5.0205337116772746e-14
A,tens,30,20,both:random_orth,142,0.0,0.98591548204422,120.92020870914773
B,units,-3,0,full_swap,107,0.6915887594223022,0.0,39.34319305419922
B,units,-3,0,helix:all,107,0.05607476457953453,0.4672897160053253,20.19730042621986
B,units,-3,0,helix:tens,107,0.0,0.9532709717750549,2.8280642656368786
B,units,-3,0,helix:units,107,0.04672896862030029,0.5233644843101501,20.018973293779304
B,units,-3,0,helix:random_orth,107,0.0,0.9532709717750549,20.19730042621986
B,units,-3,0,digit_1hot:all,107,0.05607476457953453,0.3644859790802002,21.515465002497553
B,units,-3,0,digit_1hot:tens,107,0.0,0.9999999403953552,0.0
B,units,-3,0,digit_1hot:units,107,0.05607476457953453,0.3644859790802002,21.515465002497553
B,units,-3,0,digit_1hot:random_orth,107,0.0,0.9532709717750549,21.515465002497553
B,units,-3,0,digit_circ:all,107,0.0,0.8504672646522522,11.331206493605352
B,units,-3,0,digit_circ:tens,107,0.0,0.9999999403953552,0.0
B,units,-3,0,digit_circ:units,107,0.0,0.8504672646522522,11.331206493605352
B,units,-3,0,digit_circ:random_orth,107,0.0,0.9906541705131531,11.331206493605354
B,units,-3,0,both:all,107,0.08411214500665665,0.3364485800266266,22.108118374500588
B,units,-3,0,both:tens,107,0.0,0.9065420031547546,5.123656916845346
B,units,-3,0,both:units,107,0.06542056053876877,0.37383174896240234,21.53709550183653
B,units,-3,0,both:random_orth,107,0.0,0.9626168012619019,22.108118374500588
B,units,-3,2,full_swap,107,0.7196261286735535,0.0,49.34930419921875
B,units,-3,2,helix:all,107,0.05607476457953453,0.3925233483314514,25.966443426092486
B,units,-3,2,helix:tens,107,0.0,0.9158878326416016,3.945974584983398
B,units,-3,2,helix:units,107,0.04672896862030029,0.4672897160053253,25.69613242751856
B,units,-3,2,helix:random_orth,107,0.0,0.8971962332725525,25.966443426092486
B,units,-3,2,digit_1hot:all,107,0.05607476457953453,0.35514017939567566,27.54085320960303
B,units,-3,2,digit_1hot:tens,107,0.0,0.9999999403953552,0.0
B,units,-3,2,digit_1hot:units,107,0.05607476457953453,0.35514017939567566,27.54085320960303
B,units,-3,2,digit_1hot:random_orth,107,0.0,0.9345794320106506,27.54085320960303
B,units,-3,2,digit_circ:all,107,0.0,0.8504672646522522,14.637007782331377
B,units,-3,2,digit_circ:tens,107,0.0,0.9999999403953552,0.0
B,units,-3,2,digit_circ:units,107,0.0,0.8504672646522522,14.637007782331377
B,units,-3,2,digit_circ:random_orth,107,0.0,0.9813084006309509,14.637007782331372
B,units,-3,2,both:all,107,0.08411214500665665,0.3364485800266266,28.346202071787893
B,units,-3,2,both:tens,107,0.0,0.8878504633903503,6.813137543130512
B,units,-3,2,both:units,107,0.05607476457953453,0.3831775486469269,27.536937635307307
B,units,-3,2,both:random_orth,107,0.0,0.9439252018928528,28.346202071787893
B,units,-3,4,full_swap,107,0.7196261286735535,0.0,64.27583312988281
B,units,-3,4,helix:all,107,0.04672896862030029,0.4672897160053253,35.25539961804198
B,units,-3,4,helix:tens,107,0.0,0.9345794320106506,5.713166843766291
B,units,-3,4,helix:units,107,0.04672896862030029,0.5046728849411011,34.803876505180206
B,units,-3,4,helix:random_orth,107,0.0,0.9252336025238037,35.255399618041984
B,units,-3,4,digit_1hot:all,107,0.05607476457953453,0.3925233483314514,37.23074792844191
B,units,-3,4,digit_1hot:tens,107,0.0,0.9999999403953552,0.0
B,units,-3,4,digit_1hot:units,107,0.05607476457953453,0.3925233483314514,37.23074792844191
B,units,-3,4,digit_1hot:random_orth,107,0.0,0.9158878326416016,37.23074792844191
B,units,-3,4,digit_circ:all,107,0.0,0.8504672646522522,19.651243914434303
B,units,-3,4,digit_circ:tens,107,0.0,0.9999999403953552,0.0
B,units,-3,4,digit_circ:units,107,0.0,0.8504672646522522,19.651243914434303
B,units,-3,4,digit_circ:random_orth,107,0.0,0.9813084006309509,19.651243914434303
B,units,-3,4,both:all,107,0.07476635277271271,0.3364485800266266,38.331185349199636
B,units,-3,4,both:tens,107,0.0,0.8691588640213013,9.355862003435734
B,units,-3,4,both:units,107,0.05607476457953453,0.4112149477005005,37.160882496054484
B,units,-3,4,both:random_orth,107,0.009345794096589088,0.9158878326416016,38.331185349199636
B,units,-3,6,full_swap,107,0.7289719581604004,0.0,76.17082214355469
B,units,-3,6,helix:all,107,0.04672896862030029,0.47663548588752747,41.733091168525085
B,units,-3,6,helix:tens,107,0.0,0.9439252018928528,6.920001220149036
B,units,-3,6,helix:units,107,0.04672896862030029,0.5140186548233032,41.13498924190987
B,units,-3,6,helix:random_orth,107,0.0,0.9439252018928528,41.733091168525085
B,units,-3,6,digit_1hot:all,107,0.04672896862030029,0.3925233483314514,43.985513743666594
B,units,-3,6,digit_1hot:tens,107,0.0,0.9999999403953552,0.0
B,units,-3,6,digit_1hot:units,107,0.04672896862030029,0.3925233483314514,43.985513743666594
B,units,-3,6,digit_1hot:random_orth,107,0.0,0.9065420031547546,43.985513743666594
B,units,-3,6,digit_circ:all,107,0.0,0.8598130345344543,23.067400029361362
B,units,-3,6,digit_circ:tens,107,0.0,0.9999999403953552,0.0
B,units,-3,6,digit_circ:units,107,0.0,0.8598130345344543,23.067400029361362
B,units,-3,6,digit_circ:random_orth,107,0.0,0.9626168012619019,23.067400029361362
B,units,-3,6,both:all,107,0.06542056053876877,0.3644859790802002,45.29403421770296
B,units,-3,6,both:tens,107,0.0,0.8691588640213013,11.133362713954714
B,units,-3,6,both:units,107,0.04672896862030029,0.40186914801597595,43.85903994633629
B,units,-3,6,both:random_orth,107,0.0,0.9158878326416016,45.29403421770295
B,units,-3,8,full_swap,107,0.7009345293045044,0.009345794096589088,86.2563705444336
B,units,-3,8,helix:all,107,0.037383176386356354,0.5140186548233032,46.47403211874305
B,units,-3,8,helix:tens,107,0.0,0.9345794320106506,7.947891367714997
B,units,-3,8,helix:units,107,0.028037382289767265,0.5514018535614014,45.75178865777
B,units,-3,8,helix:random_orth,107,0.0,0.9065420031547546,46.474032118743054
B,units,-3,8,digit_1hot:all,107,0.04672896862030029,0.44859811663627625,49.09434367471863
B,units,-3,8,digit_1hot:tens,107,0.0,0.9999999403953552,0.0
B,units,-3,8,digit_1hot:units,107,0.04672896862030029,0.44859811663627625,49.09434367471863
B,units,-3,8,digit_1hot:random_orth,107,0.0,0.8878504633903503,49.09434367471862
B,units,-3,8,digit_circ:all,107,0.0,0.8598130345344543,25.811287372914126
B,units,-3,8,digit_circ:tens,107,0.0,0.9999999403953552,0.0
B,units,-3,8,digit_circ:units,107,0.0,0.8598130345344543,25.811287372914126
B,units,-3,8,digit_circ:random_orth,107,0.0,0.9532709717750549,25.811287372914133
B,units,-3,8,both:all,107,0.05607476457953453,0.37383174896240234,50.622850458717785
B,units,-3,8,both:tens,107,0.0,0.8878504633903503,12.721055890265784
B,units,-3,8,both:units,107,0.037383176386356354,0.44859811663627625,48.91200706124129
B,units,-3,8,both:random_orth,107,0.0,0.9345794320106506,50.622850458717785
B,units,-3,10,full_swap,107,0.7009345293045044,0.009345794096589088,95.74102020263672
B,units,-3,10,helix:all,107,0.037383176386356354,0.5140186548233032,51.17936249003307
B,units,-3,10,helix:tens,107,0.0,0.9345794320106506,8.662111218417367
B,units,-3,10,helix:units,107,0.028037382289767265,0.5233644843101501,50.40358021998109
B,units,-3,10,helix:random_orth,107,0.0,0.9065420031547546,51.17936249003307
B,units,-3,10,digit_1hot:all,107,0.037383176386356354,0.4299065172672272,54.000940278137065
B,units,-3,10,digit_1hot:tens,107,0.0,0.9999999403953552,0.0
B,units,-3,10,digit_1hot:units,107,0.037383176386356354,0.4299065172672272,54.000940278137065
B,units,-3,10,digit_1hot:random_orth,107,0.0,0.9626168012619019,54.000940278137065
B,units,-3,10,digit_circ:all,107,0.0,0.8598130345344543,28.3995667155555
B,units,-3,10,digit_circ:tens,107,0.0,0.9999999403953552,0.0
B,units,-3,10,digit_circ:units,107,0.0,0.8598130345344543,28.3995667155555
B,units,-3,10,digit_circ:random_orth,107,0.0,0.9626168012619019,28.3995667155555
B,units,-3,10,both:all,107,0.05607476457953453,0.3831775486469269,55.678129636597134
B,units,-3,10,both:tens,107,0.0,0.8785046339035034,14.063560553919224
B,units,-3,10,both:units,107,0.028037382289767265,0.4579439163208008,53.78968925316335
B,units,-3,10,both:random_orth,107,0.0,0.8971962332725525,55.678129636597134
B,units,-3,12,full_swap,107,0.3644859790802002,0.242990642786026,104.9350814819336
B,units,-3,12,helix:all,107,0.009345794096589088,0.7102803587913513,55.51673159634359
B,units,-3,12,helix:tens,107,0.0,0.9532709717750549,9.335168700880637
B,units,-3,12,helix:units,107,0.009345794096589088,0.7383177280426025,54.670964123754935
B,units,-3,12,helix:random_orth,107,0.0,0.971962571144104,55.51673159634359
B,units,-3,12,digit_1hot:all,107,0.009345794096589088,0.663551390171051,58.603694883060136
B,units,-3,12,digit_1hot:tens,107,0.0,0.9999999403953552,0.0
B,units,-3,12,digit_1hot:units,107,0.009345794096589088,0.663551390171051,58.603694883060136
B,units,-3,12,digit_1hot:random_orth,107,0.0,0.9626168012619019,58.603694883060136
B,units,-3,12,digit_circ:all,107,0.0,0.9158878326416016,30.50134640708442
B,units,-3,12,digit_circ:tens,107,0.0,0.9999999403953552,0.0
B,units,-3,12,digit_circ:units,107,0.0,0.9158878326416016,30.50134640708442
B,units,-3,12,digit_circ:random_orth,107,0.0,0.9906541705131531,30.50134640708442
B,units,-3,12,both:all,107,0.009345794096589088,0.6168224215507507,60.451425180887504
B,units,-3,12,both:tens,107,0.0,0.9345794320106506,15.329147088814814
B,units,-3,12,both:units,107,0.009345794096589088,0.6542055606842041,58.392091408766746
B,units,-3,12,both:random_orth,107,0.0,0.9532709717750549,60.451425180887504
B,units,-3,14,full_swap,107,0.0,0.7476634979248047,112.82041931152344
B,units,-3,14,helix:all,107,0.0,0.8971962332725525,59.28787624999988
B,units,-3,14,helix:tens,107,0.0,0.9999999403953552,9.884181421736109
B,units,-3,14,helix:units,107,0.0,0.9252336025238037,58.3925164405368
B,units,-3,14,helix:random_orth,107,0.0,0.9906541705131531,59.28787624999988
B,units,-3,14,digit_1hot:all,107,0.0,0.8691588640213013,62.642285257523774
B,units,-3,14,digit_1hot:tens,107,0.0,0.9999999403953552,0.0
B,units,-3,14,digit_1hot:units,107,0.0,0.8691588640213013,62.642285257523774
B,units,-3,14,digit_1hot:random_orth,107,0.0,0.971962571144104,62.64228525752377
B,units,-3,14,digit_circ:all,107,0.0,0.9906541705131531,32.285027451465716
B,units,-3,14,digit_circ:tens,107,0.0,0.9999999403953552,0.0
B,units,-3,14,digit_circ:units,107,0.0,0.9906541705131531,32.285027451465716
B,units,-3,14,digit_circ:random_orth,107,0.0,0.9906541705131531,32.285027451465716
B,units,-3,14,both:all,107,0.0,0.8504672646522522,64.61925181495957
B,units,-3,14,both:tens,107,0.0,0.9906541705131531,16.489077748155097
B,units,-3,14,both:units,107,0.0,0.8878504633903503,62.392640900917975
B,units,-3,14,both:random_orth,107,0.0,0.9439252018928528,64.61925181495957
B,units,-3,16,full_swap,107,0.0,0.8317756652832031,120.17485809326172
B,units,-3,16,helix:all,107,0.0,0.9439252018928528,63.11166683050721
B,units,-3,16,helix:tens,107,0.0,0.9906541705131531,10.433038646709077
B,units,-3,16,helix:units,107,0.0,0.9532709717750549,62.18266006578632
B,units,-3,16,helix:random_orth,107,0.0,0.9813084006309509,63.11166683050721
B,units,-3,16,digit_1hot:all,107,0.0,0.9252336025238037,66.68909073763011
B,units,-3,16,digit_1hot:tens,107,0.0,0.9999999403953552,0.0
B,units,-3,16,digit_1hot:units,107,0.0,0.9252336025238037,66.68909073763011
B,units,-3,16,digit_1hot:random_orth,107,0.0,0.971962571144104,66.68909073763011
B,units,-3,16,digit_circ:all,107,0.0,0.9999999403953552,34.04984516225779
B,units,-3,16,digit_circ:tens,107,0.0,0.9999999403953552,0.0
B,units,-3,16,digit_circ:units,107,0.0,0.9999999403953552,34.04984516225779
B,units,-3,16,digit_circ:random_orth,107,0.0,0.9813084006309509,34.04984516225779
B,units,-3,16,both:all,107,0.0,0.9252336025238037,68.7845399203908
B,units,-3,16,both:tens,107,0.0,0.9906541705131531,17.532851865271578
B,units,-3,16,both:units,107,0.0,0.9252336025238037,66.42515903490175
B,units,-3,16,both:random_orth,107,0.0,0.9906541705131531,68.78453992039081
B,units,-3,18,full_swap,107,0.009345794096589088,0.9252336025238037,128.30551147460938
B,units,-3,18,helix:all,107,0.0,0.971962571144104,66.87530649989499
B,units,-3,18,helix:tens,107,0.0,0.9999999403953552,11.049863167317806
B,units,-3,18,helix:units,107,0.0,0.9626168012619019,65.84808177802344
B,units,-3,18,helix:random_orth,107,0.0,0.971962571144104,66.87530649989499
B,units,-3,18,digit_1hot:all,107,0.0,0.9626168012619019,70.62803860439911
B,units,-3,18,digit_1hot:tens,107,0.0,0.9999999403953552,0.0
B,units,-3,18,digit_1hot:units,107,0.0,0.9626168012619019,70.62803860439911
B,units,-3,18,digit_1hot:random_orth,107,0.0,0.9813084006309509,70.62803860439911
B,units,-3,18,digit_circ:all,107,0.0,0.9999999403953552,35.80191274530492
B,units,-3,18,digit_circ:tens,107,0.0,0.9999999403953552,0.0
B,units,-3,18,digit_circ:units,107,0.0,0.9999999403953552,35.80191274530492
B,units,-3,18,digit_circ:random_orth,107,0.0,0.9906541705131531,35.80191274530492
B,units,-3,18,both:all,107,0.0,0.9626168012619019,72.8441749441007
B,units,-3,18,both:tens,107,0.0,0.9999999403953552,18.56803487288881
B,units,-3,18,both:units,107,0.0,0.9626168012619019,70.32842222126921
B,units,-3,18,both:random_orth,107,0.0,0.9906541705131531,72.8441749441007
B,units,-3,20,full_swap,107,0.0,0.9345794320106506,137.4579315185547
B,units,-3,20,helix:all,107,0.0,0.971962571144104,71.2427575376507
B,units,-3,20,helix:tens,107,0.0,0.9999999403953552,11.657430501395055
B,units,-3,20,helix:units,107,0.0,0.9626168012619019,70.20087053965881
B,units,-3,20,helix:random_orth,107,0.0,0.9813084006309509,71.2427575376507
B,units,-3,20,digit_1hot:all,107,0.0,0.9626168012619019,75.17897212137265
B,units,-3,20,digit_1hot:tens,107,0.0,0.9999999403953552,0.0
B,units,-3,20,digit_1hot:units,107,0.0,0.9626168012619019,75.17897212137265
B,units,-3,20,digit_1hot:random_orth,107,0.0,0.971962571144104,75.17897212137265
B,units,-3,20,digit_circ:all,107,0.0,0.9813084006309509,37.51012061388142
B,units,-3,20,digit_circ:tens,107,0.0,0.9999999403953552,0.0
B,units,-3,20,digit_circ:units,107,0.0,0.9813084006309509,37.51012061388142
B,units,-3,20,digit_circ:random_orth,107,0.0,0.9813084006309509,37.51012061388142
B,units,-3,20,both:all,107,0.0,0.9626168012619019,77.50822582367071
B,units,-3,20,both:tens,107,0.0,0.9999999403953552,19.662755376722064
B,units,-3,20,both:units,107,0.0,0.9626168012619019,74.85525179050278
B,units,-3,20,both:random_orth,107,0.0,0.9999999403953552,77.50822582367071
B,units,-2,0,full_swap,129,0.6589147448539734,0.007751937955617905,37.63768768310547
B,units,-2,0,helix:all,129,0.05426356568932533,0.6124030947685242,15.953540783003364
B,units,-2,0,helix:tens,129,0.007751937955617905,0.9689922332763672,1.8922353423797644
B,units,-2,0,helix:units,129,0.05426356568932533,0.643410861492157,15.840521222157571
B,units,-2,0,helix:random_orth,129,0.007751937955617905,0.9534883499145508,15.953540783003364
B,units,-2,0,digit_1hot:all,129,0.13178294897079468,0.4961240291595459,19.829230373219424
B,units,-2,0,digit_1hot:tens,129,0.0,0.9922480583190918,0.0
B,units,-2,0,digit_1hot:units,129,0.13178294897079468,0.4961240291595459,19.829230373219424
B,units,-2,0,digit_1hot:random_orth,129,0.007751937955617905,0.9457364082336426,19.829230373219424
B,units,-2,0,digit_circ:all,129,0.01550387591123581,0.9069767594337463,8.236788362095773
B,units,-2,0,digit_circ:tens,129,0.0,0.9922480583190918,0.0
B,units,-2,0,digit_circ:units,129,0.01550387591123581,0.9069767594337463,8.236788362095773
B,units,-2,0,digit_circ:random_orth,129,0.0,0.9844961166381836,8.236788362095774
B,units,-2,0,both:all,129,0.1472868174314499,0.45736435055732727,20.11602050781493
B,units,-2,0,both:tens,129,0.007751937955617905,0.9379844665527344,3.4253818336483883
B,units,-2,0,both:units,129,0.13178294897079468,0.5116279125213623,19.84432087293911
B,units,-2,0,both:random_orth,129,0.0,0.9302325248718262,20.11602050781493
B,units,-2,2,full_swap,129,0.6899224519729614,0.007751937955617905,47.28488540649414
B,units,-2,2,helix:all,129,0.08527131378650665,0.5736433863639832,20.67322715389096
B,units,-2,2,helix:tens,129,0.0,0.9689922332763672,2.6409741660541206
B,units,-2,2,helix:units,129,0.05426356568932533,0.6279069781303406,20.50487780019326
B,units,-2,2,helix:random_orth,129,0.007751937955617905,0.9302325248718262,20.673227153890963
B,units,-2,2,digit_1hot:all,129,0.11627906560897827,0.4883720874786377,25.432589774400814
B,units,-2,2,digit_1hot:tens,129,0.0,0.9922480583190918,0.0
B,units,-2,2,digit_1hot:units,129,0.11627906560897827,0.4883720874786377,25.432589774400814
B,units,-2,2,digit_1hot:random_orth,129,0.007751937955617905,0.9302325248718262,25.43258977440081
B,units,-2,2,digit_circ:all,129,0.023255813866853714,0.8914728760719299,10.637863726494839
B,units,-2,2,digit_circ:tens,129,0.0,0.9922480583190918,0.0
B,units,-2,2,digit_circ:units,129,0.023255813866853714,0.8914728760719299,10.637863726494839
B,units,-2,2,digit_circ:random_orth,129,0.007751937955617905,0.9534883499145508,10.637863726494839
B,units,-2,2,both:all,129,0.12403100728988647,0.44961240887641907,25.831429290219116
B,units,-2,2,both:tens,129,0.01550387591123581,0.9147287011146545,4.558092667329923
B,units,-2,2,both:units,129,0.12403100728988647,0.4961240291595459,25.440038855995144
B,units,-2,2,both:random_orth,129,0.0,0.9069767594337463,25.831429290219116
B,units,-2,4,full_swap,129,0.6976743936538696,0.01550387591123581,61.33812713623047
B,units,-2,4,helix:all,129,0.06201550364494324,0.5968992114067078,27.702536253066597
B,units,-2,4,helix:tens,129,0.0,0.961240291595459,3.825034839380712
B,units,-2,4,helix:units,129,0.05426356568932533,0.6511628031730652,27.429837740039726
B,units,-2,4,helix:random_orth,129,0.007751937955617905,0.9224806427955627,27.702536253066594
B,units,-2,4,digit_1hot:all,129,0.11627906560897827,0.5193798542022705,33.95537977317229
B,units,-2,4,digit_1hot:tens,129,0.0,0.9922480583190918,0.0
B,units,-2,4,digit_1hot:units,129,0.11627906560897827,0.5193798542022705,33.95537977317229
B,units,-2,4,digit_1hot:random_orth,129,0.007751937955617905,0.9302325248718262,33.9553797731723
B,units,-2,4,digit_circ:all,129,0.023255813866853714,0.8914728760719299,14.254280014961406
B,units,-2,4,digit_circ:tens,129,0.0,0.9922480583190918,0.0
B,units,-2,4,digit_circ:units,129,0.023255813866853714,0.8914728760719299,14.254280014961406
B,units,-2,4,digit_circ:random_orth,129,0.0,0.9844961166381836,14.254280014961406
B,units,-2,4,both:all,129,0.11627906560897827,0.45736435055732727,34.50726768084718
B,units,-2,4,both:tens,129,0.007751937955617905,0.9147287011146545,6.2649654945845095
B,units,-2,4,both:units,129,0.11627906560897827,0.5193798542022705,33.94110463511351
B,units,-2,4,both:random_orth,129,0.007751937955617905,0.9302325248718262,34.50726768084718
B,units,-2,6,full_swap,129,0.713178277015686,0.01550387591123581,72.89093017578125
B,units,-2,6,helix:all,129,0.06201550364494324,0.6279069781303406,32.52236471627285
B,units,-2,6,helix:tens,129,0.0,0.9534883499145508,4.633891442258858
B,units,-2,6,helix:units,129,0.04651162773370743,0.6666666865348816,32.169133956390176
B,units,-2,6,helix:random_orth,129,0.0,0.9224806427955627,32.52236471627285
B,units,-2,6,digit_1hot:all,129,0.10077519714832306,0.5116279125213623,40.075026770355095
B,units,-2,6,digit_1hot:tens,129,0.0,0.9922480583190918,0.0
B,units,-2,6,digit_1hot:units,129,0.10077519714832306,0.5116279125213623,40.075026770355095
B,units,-2,6,digit_1hot:random_orth,129,0.007751937955617905,0.9147287011146545,40.075026770355095
B,units,-2,6,digit_circ:all,129,0.023255813866853714,0.8914728760719299,16.731573329192425
B,units,-2,6,digit_circ:tens,129,0.0,0.9922480583190918,0.0
B,units,-2,6,digit_circ:units,129,0.023255813866853714,0.8914728760719299,16.731573329192425
B,units,-2,6,digit_circ:random_orth,129,0.0,0.9767441749572754,16.731573329192425
B,units,-2,6,both:all,129,0.10852713137865067,0.45736435055732727,40.72460185433581
B,units,-2,6,both:tens,129,0.007751937955617905,0.9069767594337463,7.4564548678508835
B,units,-2,6,both:units,129,0.10077519714832306,0.5193798542022705,40.040509852046846
B,units,-2,6,both:random_orth,129,0.0,0.9147287011146545,40.72460185433581
B,units,-2,8,full_swap,129,0.6666666865348816,0.023255813866853714,82.65834045410156
B,units,-2,8,helix:all,129,0.05426356568932533,0.6356589198112488,36.299453360644414
B,units,-2,8,helix:tens,129,0.0,0.961240291595459,5.32379667073808
B,units,-2,8,helix:units,129,0.04651162773370743,0.6589147448539734,35.87574125751479
B,units,-2,8,helix:random_orth,129,0.0,0.9534883499145508,36.299453360644414
B,units,-2,8,digit_1hot:all,129,0.10852713137865067,0.5116279125213623,44.77279389424579
B,units,-2,8,digit_1hot:tens,129,0.0,0.9922480583190918,0.0
B,units,-2,8,digit_1hot:units,129,0.10852713137865067,0.5116279125213623,44.77279389424579
B,units,-2,8,digit_1hot:random_orth,129,0.007751937955617905,0.9302325248718262,44.772793894245794
B,units,-2,8,digit_circ:all,129,0.023255813866853714,0.8992248177528381,18.75839758386263
B,units,-2,8,digit_circ:tens,129,0.0,0.9922480583190918,0.0
B,units,-2,8,digit_circ:units,129,0.023255813866853714,0.8992248177528381,18.75839758386263
B,units,-2,8,digit_circ:random_orth,129,0.0,0.9844961166381836,18.758397583862635
B,units,-2,8,both:all,129,0.10852713137865067,0.4651162624359131,45.524899581335745
B,units,-2,8,both:tens,129,0.0,0.9147287011146545,8.522922347467599
B,units,-2,8,both:units,129,0.10852713137865067,0.5271317958831787,44.70927145043041
B,units,-2,8,both:random_orth,129,0.007751937955617905,0.9147287011146545,45.524899581335745
B,units,-2,10,full_swap,129,0.6976743936538696,0.023255813866853714,91.9805679321289
B,units,-2,10,helix:all,129,0.05426356568932533,0.643410861492157,40.00971459482097
B,units,-2,10,helix:tens,129,0.0,0.9534883499145508,5.802726206064457
B,units,-2,10,helix:units,129,0.03875968977808952,0.6744186282157898,39.55845135000385
B,units,-2,10,helix:random_orth,129,0.0,0.9457364082336426,40.00971459482097
B,units,-2,10,digit_1hot:all,129,0.10077519714832306,0.5116279125213623,49.374097586917635
B,units,-2,10,digit_1hot:tens,129,0.0,0.9922480583190918,0.0
B,units,-2,10,digit_1hot:units,129,0.10077519714832306,0.5116279125213623,49.374097586917635
B,units,-2,10,digit_1hot:random_orth,129,0.0,0.9457364082336426,49.374097586917635
B,units,-2,10,digit_circ:all,129,0.023255813866853714,0.8992248177528381,20.642008100448674
B,units,-2,10,digit_circ:tens,129,0.0,0.9922480583190918,0.0
B,units,-2,10,digit_circ:units,129,0.023255813866853714,0.8992248177528381,20.642008100448674
B,units,-2,10,digit_circ:random_orth,129,0.007751937955617905,0.9844961166381836,20.642008100448674
B,units,-2,10,both:all,129,0.10852713137865067,0.45736435055732727,50.184574401947664
B,units,-2,10,both:tens,129,0.0,0.9147287011146545,9.42131006156977
B,units,-2,10,both:units,129,0.10077519714832306,0.5271317958831787,49.29048840960842
B,units,-2,10,both:random_orth,129,0.0,0.9302325248718262,50.18457440194767
B,units,-2,12,full_swap,129,0.3410852551460266,0.2868216931819916,101.04537963867188
B,units,-2,12,helix:all,129,0.023255813866853714,0.751937985420227,43.58004336151462
B,units,-2,12,helix:tens,129,0.0,0.9767441749572754,6.25345008465257
B,units,-2,12,helix:units,129,0.023255813866853714,0.7674418687820435,43.09682990122284
B,units,-2,12,helix:random_orth,129,0.0,0.9689922332763672,43.58004336151462
B,units,-2,12,digit_1hot:all,129,0.03100775182247162,0.713178277015686,53.51725784738776
B,units,-2,12,digit_1hot:tens,129,0.0,0.9922480583190918,0.0
B,units,-2,12,digit_1hot:units,129,0.03100775182247162,0.713178277015686,53.51725784738776
B,units,-2,12,digit_1hot:random_orth,129,0.007751937955617905,0.9689922332763672,53.51725784738776
B,units,-2,12,digit_circ:all,129,0.007751937955617905,0.9457364082336426,22.174017661546447
B,units,-2,12,digit_circ:tens,129,0.0,0.9922480583190918,0.0
B,units,-2,12,digit_circ:units,129,0.007751937955617905,0.9457364082336426,22.174017661546447
B,units,-2,12,digit_circ:random_orth,129,0.007751937955617905,0.9922480583190918,22.174017661546447
B,units,-2,12,both:all,129,0.03100775182247162,0.713178277015686,54.39892361384587
B,units,-2,12,both:tens,129,0.0,0.9534883499145508,10.269040714732512
B,units,-2,12,both:units,129,0.03100775182247162,0.713178277015686,53.4190779203844
B,units,-2,12,both:random_orth,129,0.0,0.9767441749572754,54.39892361384587
B,units,-2,14,full_swap,129,0.007751937955617905,0.7829457521438599,108.51097869873047
B,units,-2,14,helix:all,129,0.007751937955617905,0.9457364082336426,46.457781285407506
B,units,-2,14,helix:tens,129,0.0,0.9922480583190918,6.621693275287781
B,units,-2,14,helix:units,129,0.007751937955617905,0.9534883499145508,45.949739137960975
B,units,-2,14,helix:random_orth,129,0.007751937955617905,0.9922480583190918,46.457781285407506
B,units,-2,14,digit_1hot:all,129,0.007751937955617905,0.9147287011146545,56.84143833054865
B,units,-2,14,digit_1hot:tens,129,0.0,0.9922480583190918,0.0
B,units,-2,14,digit_1hot:units,129,0.007751937955617905,0.9147287011146545,56.84143833054865
B,units,-2,14,digit_1hot:random_orth,129,0.0,0.9767441749572754,56.84143833054865
B,units,-2,14,digit_circ:all,129,0.007751937955617905,0.9767441749572754,23.462040306437782
B,units,-2,14,digit_circ:tens,129,0.0,0.9922480583190918,0.0
B,units,-2,14,digit_circ:units,129,0.007751937955617905,0.9767441749572754,23.462040306437782
B,units,-2,14,digit_circ:random_orth,129,0.0,0.9844961166381836,23.462040306437782
B,units,-2,14,both:all,129,0.007751937955617905,0.9069767594337463,57.76616161570879
B,units,-2,14,both:tens,129,0.0,0.9922480583190918,11.045321582017204
B,units,-2,14,both:units,129,0.007751937955617905,0.9147287011146545,56.711100556774255
B,units,-2,14,both:random_orth,129,0.0,0.9767441749572754,57.76616161570879
B,units,-2,16,full_swap,129,0.0,0.8682170510292053,115.84652709960938
B,units,-2,16,helix:all,129,0.007751937955617905,0.961240291595459,49.62012445244038
B,units,-2,16,helix:tens,129,0.0,0.9922480583190918,6.989844066998087
B,units,-2,16,helix:units,129,0.007751937955617905,0.961240291595459,49.10159679859487
B,units,-2,16,helix:random_orth,129,0.0,1.0,49.62012445244038
B,units,-2,16,digit_1hot:all,129,0.007751937955617905,0.9302325248718262,60.56911925565289
B,units,-2,16,digit_1hot:tens,129,0.0,0.9922480583190918,0.0
B,units,-2,16,digit_1hot:units,129,0.007751937955617905,0.9302325248718262,60.56911925565289
B,units,-2,16,digit_1hot:random_orth,129,0.0,0.9767441749572754,60.56911925565289
B,units,-2,16,digit_circ:all,129,0.007751937955617905,0.9844961166381836,24.76219922990827
B,units,-2,16,digit_circ:tens,129,0.0,0.9922480583190918,0.0
B,units,-2,16,digit_circ:units,129,0.007751937955617905,0.9844961166381836,24.76219922990827
B,units,-2,16,digit_circ:random_orth,129,0.0,0.9922480583190918,24.762199229908273
B,units,-2,16,both:all,129,0.007751937955617905,0.9224806427955627,61.53582069035995
B,units,-2,16,both:tens,129,0.0,0.9922480583190918,11.74414650825464
B,units,-2,16,both:units,129,0.007751937955617905,0.9302325248718262,60.42691284076212
B,units,-2,16,both:random_orth,129,0.0,0.9844961166381836,61.53582069035995
B,units,-2,18,full_swap,129,0.023255813866853714,0.8992248177528381,123.93395233154297
B,units,-2,18,helix:all,129,0.007751937955617905,0.9302325248718262,52.85630721047574
B,units,-2,18,helix:tens,129,0.0,1.0,7.404258406450081
B,units,-2,18,helix:units,129,0.007751937955617905,0.9302325248718262,52.300726253238835
B,units,-2,18,helix:random_orth,129,0.0,0.9922480583190918,52.85630721047574
B,units,-2,18,digit_1hot:all,129,0.007751937955617905,0.9457364082336426,64.29766020151835
B,units,-2,18,digit_1hot:tens,129,0.0,0.9922480583190918,0.0
B,units,-2,18,digit_1hot:units,129,0.007751937955617905,0.9457364082336426,64.29766020151835
B,units,-2,18,digit_1hot:random_orth,129,0.007751937955617905,0.9767441749572754,64.29766020151834
B,units,-2,18,digit_circ:all,129,0.0,1.0,26.038250630920444
B,units,-2,18,digit_circ:tens,129,0.0,0.9922480583190918,0.0
B,units,-2,18,digit_circ:units,129,0.0,1.0,26.038250630920444
B,units,-2,18,digit_circ:random_orth,129,0.0,0.9844961166381836,26.038250630920444
B,units,-2,18,both:all,129,0.007751937955617905,0.9457364082336426,65.31361272417098
B,units,-2,18,both:tens,129,0.0,0.9922480583190918,12.43756575099632
B,units,-2,18,both:units,129,0.007751937955617905,0.9457364082336426,64.12972183046311
B,units,-2,18,both:random_orth,129,0.0,0.9922480583190918,65.31361272417098
B,units,-2,20,full_swap,129,0.01550387591123581,0.9147287011146545,132.85020446777344
B,units,-2,20,helix:all,129,0.007751937955617905,0.9379844665527344,56.465125340375465
B,units,-2,20,helix:tens,129,0.0,1.0,7.811493359561495
B,units,-2,20,helix:units,129,0.007751937955617905,0.9379844665527344,55.90559462495209
B,units,-2,20,helix:random_orth,129,0.0,1.0,56.465125340375465
B,units,-2,20,digit_1hot:all,129,0.007751937955617905,0.9379844665527344,68.30012406190144
B,units,-2,20,digit_1hot:tens,129,0.0,0.9922480583190918,0.0
B,units,-2,20,digit_1hot:units,129,0.007751937955617905,0.9379844665527344,68.30012406190144
B,units,-2,20,digit_1hot:random_orth,129,0.0,0.9844961166381836,68.30012406190144
B,units,-2,20,digit_circ:all,129,0.0,0.9844961166381836,27.28176044847848
B,units,-2,20,digit_circ:tens,129,0.0,0.9922480583190918,0.0
B,units,-2,20,digit_circ:units,129,0.0,0.9844961166381836,27.28176044847848
B,units,-2,20,digit_circ:random_orth,129,0.0,0.9844961166381836,27.281760448478476
B,units,-2,20,both:all,129,0.007751937955617905,0.9379844665527344,69.35215300763497
B,units,-2,20,both:tens,129,0.0,0.9922480583190918,13.170611321706664
B,units,-2,20,both:units,129,0.007751937955617905,0.9379844665527344,68.10215217410693
B,units,-2,20,both:random_orth,129,0.007751937955617905,0.9844961166381836,69.35215300763497
B,units,-1,0,full_swap,152,0.6315789222717285,0.1184210553765297,34.48859786987305
B,units,-1,0,helix:all,152,0.19078947603702545,0.6842105388641357,13.816424520945404
B,units,-1,0,helix:tens,152,0.00657894741743803,0.9736841917037964,0.9647092797290333
B,units,-1,0,helix:units,152,0.19078947603702545,0.6842105388641357,13.774705954204155
B,units,-1,0,helix:random_orth,152,0.032894738018512726,0.9407894611358643,13.816424520945404
B,units,-1,0,digit_1hot:all,152,0.31578946113586426,0.5197368264198303,20.149323496106557
B,units,-1,0,digit_1hot:tens,152,0.0,1.0,0.0
B,units,-1,0,digit_1hot:units,152,0.31578946113586426,0.5197368264198303,20.149323496106557
B,units,-1,0,digit_1hot:random_orth,152,0.00657894741743803,0.9539473652839661,20.149323496106557
B,units,-1,0,digit_circ:all,152,0.02631578966975212,0.9407894611358643,4.331512850477561
B,units,-1,0,digit_circ:tens,152,0.0,1.0,0.0
B,units,-1,0,digit_circ:units,152,0.02631578966975212,0.9407894611358643,4.331512850477561
B,units,-1,0,digit_circ:random_orth,152,0.0,0.9934210777282715,4.331512850477561
B,units,-1,0,both:all,152,0.31578946113586426,0.4934210479259491,20.20989490604804
B,units,-1,0,both:tens,152,0.01315789483487606,0.9671052694320679,1.7283359060446097
B,units,-1,0,both:units,152,0.31578946113586426,0.5131579041481018,20.148820306740948
B,units,-1,0,both:random_orth,152,0.032894738018512726,0.9013158082962036,20.20989490604804
B,units,-1,2,full_swap,152,0.6578947305679321,0.10526315867900848,43.1600456237793
B,units,-1,2,helix:all,152,0.19736842811107635,0.6578947305679321,17.729896433438668
B,units,-1,2,helix:tens,152,0.00657894741743803,0.9802631735801697,1.3471892006180695
B,units,-1,2,helix:units,152,0.19078947603702545,0.6973684430122375,17.66758261682062
B,units,-1,2,helix:random_orth,152,0.01315789483487606,0.9671052694320679,17.729896433438668
B,units,-1,2,digit_1hot:all,152,0.32236841320991516,0.5131579041481018,25.623509778410288
B,units,-1,2,digit_1hot:tens,152,0.0,1.0,0.0
B,units,-1,2,digit_1hot:units,152,0.32236841320991516,0.5131579041481018,25.623509778410288
B,units,-1,2,digit_1hot:random_orth,152,0.01315789483487606,0.9276315569877625,25.623509778410288
B,units,-1,2,digit_circ:all,152,0.019736841320991516,0.9473684430122375,5.595491948311847
B,units,-1,2,digit_circ:tens,152,0.0,1.0,0.0
B,units,-1,2,digit_circ:units,152,0.019736841320991516,0.9473684430122375,5.595491948311847
B,units,-1,2,digit_circ:random_orth,152,0.00657894741743803,0.9736841917037964,5.595491948311847
B,units,-1,2,both:all,152,0.33552631735801697,0.4934210479259491,25.715918349062072
B,units,-1,2,both:tens,152,0.01315789483487606,0.9539473652839661,2.3041838981616056
B,units,-1,2,both:units,152,0.32236841320991516,0.5065789222717285,25.62068530184947
B,units,-1,2,both:random_orth,152,0.01315789483487606,0.9407894611358643,25.715918349062072
B,units,-1,4,full_swap,152,0.6842105388641357,0.11184210330247879,56.20985794067383
B,units,-1,4,helix:all,152,0.19736842811107635,0.6447368264198303,24.5636821069836
B,units,-1,4,helix:tens,152,0.00657894741743803,0.9802631735801697,1.949878371677615
B,units,-1,4,helix:units,152,0.19736842811107635,0.6578947305679321,24.47514097044116
B,units,-1,4,helix:random_orth,152,0.0,0.9802631735801697,24.563682106983595
B,units,-1,4,digit_1hot:all,152,0.32894736528396606,0.5,34.64124680891157
B,units,-1,4,digit_1hot:tens,152,0.0,1.0,0.0
B,units,-1,4,digit_1hot:units,152,0.32894736528396606,0.5,34.64124680891157
B,units,-1,4,digit_1hot:random_orth,152,0.019736841320991516,0.9144737124443054,34.64124680891157
B,units,-1,4,digit_circ:all,152,0.019736841320991516,0.9473684430122375,7.491236023502127
B,units,-1,4,digit_circ:tens,152,0.0,1.0,0.0
B,units,-1,4,digit_circ:units,152,0.019736841320991516,0.9473684430122375,7.491236023502127
B,units,-1,4,digit_circ:random_orth,152,0.0,0.9934210777282715,7.491236023502127
B,units,-1,4,both:all,152,0.33552631735801697,0.4802631735801697,34.75357599317905
B,units,-1,4,both:tens,152,0.01315789483487606,0.9539473652839661,3.172703728551963
B,units,-1,4,both:units,152,0.32894736528396606,0.5,34.621446830358394
B,units,-1,4,both:random_orth,152,0.04605263099074364,0.875,34.75357599317905
B,units,-1,6,full_swap,152,0.6973684430122375,0.09868421405553818,67.198486328125
B,units,-1,6,helix:all,152,0.21052631735801697,0.6381579041481018,29.406556900986008
B,units,-1,6,helix:tens,152,0.00657894741743803,0.9802631735801697,2.36095976598439
B,units,-1,6,helix:units,152,0.20394736528396606,0.6644737124443054,29.299704926551847
B,units,-1,6,helix:random_orth,152,0.00657894741743803,0.9605263471603394,29.406556900986008
B,units,-1,6,digit_1hot:all,152,0.32236841320991516,0.4868420958518982,41.31301533788318
B,units,-1,6,digit_1hot:tens,152,0.0,1.0,0.0
B,units,-1,6,digit_1hot:units,152,0.32236841320991516,0.4868420958518982,41.31301533788318
B,units,-1,6,digit_1hot:random_orth,152,0.02631578966975212,0.9013158082962036,41.31301533788318
B,units,-1,6,digit_circ:all,152,0.032894738018512726,0.9407894611358643,8.794829713052357
B,units,-1,6,digit_circ:tens,152,0.0,1.0,0.0
B,units,-1,6,digit_circ:units,152,0.032894738018512726,0.9407894611358643,8.794829713052357
B,units,-1,6,digit_circ:random_orth,152,0.0,0.9934210777282715,8.794829713052357
B,units,-1,6,both:all,152,0.32894736528396606,0.4802631735801697,41.43647032855392
B,units,-1,6,both:tens,152,0.01315789483487606,0.9539473652839661,3.777641048793942
B,units,-1,6,both:units,152,0.32894736528396606,0.4802631735801697,41.28390158962617
B,units,-1,6,both:random_orth,152,0.019736841320991516,0.9210526347160339,41.43647032855392
B,units,-1,8,full_swap,152,0.6907894611358643,0.08552631735801697,76.24468994140625
B,units,-1,8,helix:all,152,0.19078947603702545,0.6776315569877625,32.671951866524736
B,units,-1,8,helix:tens,152,0.00657894741743803,0.9802631735801697,2.714834405506097
B,units,-1,8,helix:units,152,0.19736842811107635,0.6776315569877625,32.54235640086986
B,units,-1,8,helix:random_orth,152,0.01315789483487606,0.9605263471603394,32.671951866524736
B,units,-1,8,digit_1hot:all,152,0.2763157784938812,0.5394737124443054,46.22396730371661
B,units,-1,8,digit_1hot:tens,152,0.0,1.0,0.0
B,units,-1,8,digit_1hot:units,152,0.2763157784938812,0.5394737124443054,46.22396730371661
B,units,-1,8,digit_1hot:random_orth,152,0.03947368264198303,0.8684210777282715,46.22396730371661
B,units,-1,8,digit_circ:all,152,0.02631578966975212,0.9473684430122375,9.875771062220009
B,units,-1,8,digit_circ:tens,152,0.0,1.0,0.0
B,units,-1,8,digit_circ:units,152,0.02631578966975212,0.9473684430122375,9.875771062220009
B,units,-1,8,digit_circ:random_orth,152,0.0,0.9934210777282715,9.875771062220009
B,units,-1,8,both:all,152,0.28947368264198303,0.5131579041481018,46.358240078164634
B,units,-1,8,both:tens,152,0.00657894741743803,0.9605263471603394,4.321021188681707
B,units,-1,8,both:units,152,0.2763157784938812,0.5394737124443054,46.176028327996875
B,units,-1,8,both:random_orth,152,0.032894738018512726,0.8947368264198303,46.358240078164634
B,units,-1,10,full_swap,152,0.7039473652839661,0.09210526198148727,84.87054443359375
B,units,-1,10,helix:all,152,0.18421052396297455,0.6842105388641357,35.96860311432024
B,units,-1,10,helix:tens,152,0.00657894741743803,0.9802631735801697,2.9598981332983705
B,units,-1,10,helix:units,152,0.19078947603702545,0.6907894611358643,35.834314635945006
B,units,-1,10,helix:random_orth,152,0.00657894741743803,0.9802631735801697,35.96860311432024
B,units,-1,10,digit_1hot:all,152,0.2763157784938812,0.5263158082962036,50.97992575514574
B,units,-1,10,digit_1hot:tens,152,0.0,1.0,0.0
B,units,-1,10,digit_1hot:units,152,0.2763157784938812,0.5263158082962036,50.97992575514574
B,units,-1,10,digit_1hot:random_orth,152,0.05263157933950424,0.8815789818763733,50.97992575514574
B,units,-1,10,digit_circ:all,152,0.02631578966975212,0.9539473652839661,10.867522931055081
B,units,-1,10,digit_circ:tens,152,0.0,1.0,0.0
B,units,-1,10,digit_circ:units,152,0.02631578966975212,0.9539473652839661,10.867522931055081
B,units,-1,10,digit_circ:random_orth,152,0.0,0.9934210777282715,10.867522931055081
B,units,-1,10,both:all,152,0.28289473056793213,0.5131579041481018,51.115977951887764
B,units,-1,10,both:tens,152,0.01315789483487606,0.9473684430122375,4.774629725875147
B,units,-1,10,both:units,152,0.2697368562221527,0.5394737124443054,50.92010698934081
B,units,-1,10,both:random_orth,152,0.032894738018512726,0.9276315569877625,51.115977951887764
B,units,-1,12,full_swap,152,0.4868420958518982,0.3552631735801697,93.08243560791016
B,units,-1,12,helix:all,152,0.11184210330247879,0.7697368264198303,39.10301714596199
B,units,-1,12,helix:tens,152,0.0,0.9934210777282715,3.1909011291708667
B,units,-1,12,helix:units,152,0.125,0.7565789818763733,38.96150505340221
B,units,-1,12,helix:random_orth,152,0.0,0.9802631735801697,39.10301714596199
B,units,-1,12,digit_1hot:all,152,0.19736842811107635,0.6381579041481018,55.13920560709264
B,units,-1,12,digit_1hot:tens,152,0.0,1.0,0.0
B,units,-1,12,digit_1hot:units,152,0.19736842811107635,0.6381579041481018,55.13920560709264
B,units,-1,12,digit_1hot:random_orth,152,0.019736841320991516,0.9671052694320679,55.13920560709263
B,units,-1,12,digit_circ:all,152,0.01315789483487606,0.9605263471603394,11.677769354343106
B,units,-1,12,digit_circ:tens,152,0.0,1.0,0.0
B,units,-1,12,digit_circ:units,152,0.01315789483487606,0.9605263471603394,11.677769354343106
B,units,-1,12,digit_circ:random_orth,152,0.0,0.9868420958518982,11.677769354343106
B,units,-1,12,both:all,152,0.20394736528396606,0.6184210777282715,55.30032226035368
B,units,-1,12,both:tens,152,0.00657894741743803,0.9868420958518982,5.204552944503029
B,units,-1,12,both:units,152,0.19736842811107635,0.6447368264198303,55.076723711982645
B,units,-1,12,both:random_orth,152,0.01315789483487606,0.9342105388641357,55.30032226035368
B,units,-1,14,full_swap,152,0.05263157933950424,0.7960526347160339,100.3386001586914
B,units,-1,14,helix:all,152,0.00657894741743803,0.9473684430122375,41.99098874910632
B,units,-1,14,helix:tens,152,0.0,0.9934210777282715,3.3780046206386816
B,units,-1,14,helix:units,152,0.00657894741743803,0.9473684430122375,41.84321423658103
B,units,-1,14,helix:random_orth,152,0.01315789483487606,0.9539473652839661,41.99098874910632
B,units,-1,14,digit_1hot:all,152,0.01315789483487606,0.8947368264198303,58.93516601876268
B,units,-1,14,digit_1hot:tens,152,0.0,1.0,0.0
B,units,-1,14,digit_1hot:units,152,0.01315789483487606,0.8947368264198303,58.93516601876268
B,units,-1,14,digit_1hot:random_orth,152,0.019736841320991516,0.9605263471603394,58.93516601876268
B,units,-1,14,digit_circ:all,152,0.0,0.9934210777282715,12.356139877600844
B,units,-1,14,digit_circ:tens,152,0.0,1.0,0.0
B,units,-1,14,digit_circ:units,152,0.0,0.9934210777282715,12.356139877600844
B,units,-1,14,digit_circ:random_orth,152,0.0,0.9934210777282715,12.356139877600844
B,units,-1,14,both:all,152,0.01315789483487606,0.8881579041481018,59.10389897608558
B,units,-1,14,both:tens,152,0.0,0.9934210777282715,5.59659007709184
B,units,-1,14,both:units,152,0.01315789483487606,0.8815789818763733,58.860421425513515
B,units,-1,14,both:random_orth,152,0.00657894741743803,0.9802631735801697,59.10389897608558
B,units,-1,16,full_swap,152,0.02631578966975212,0.8684210777282715,107.22016906738281
B,units,-1,16,helix:all,152,0.00657894741743803,0.9605263471603394,44.722314999958265
B,units,-1,16,helix:tens,152,0.0,0.9934210777282715,3.5652660416749584
B,units,-1,16,helix:units,152,0.00657894741743803,0.9605263471603394,44.573130526411
B,units,-1,16,helix:random_orth,152,0.0,0.9868420958518982,44.722314999958265
B,units,-1,16,digit_1hot:all,152,0.01315789483487606,0.9342105388641357,62.74245115709977
B,units,-1,16,digit_1hot:tens,152,0.0,1.0,0.0
B,units,-1,16,digit_1hot:units,152,0.01315789483487606,0.9342105388641357,62.74245115709977
B,units,-1,16,digit_1hot:random_orth,152,0.01315789483487606,0.9802631735801697,62.74245115709977
B,units,-1,16,digit_circ:all,152,0.0,1.0,13.047701109416598
B,units,-1,16,digit_circ:tens,152,0.0,1.0,0.0
B,units,-1,16,digit_circ:units,152,0.0,1.0,13.047701109416598
B,units,-1,16,digit_circ:random_orth,152,0.0,0.9934210777282715,13.047701109416598
B,units,-1,16,both:all,152,0.01315789483487606,0.9407894611358643,62.91932745114619
B,units,-1,16,both:tens,152,0.0,0.9934210777282715,5.949290167595813
B,units,-1,16,both:units,152,0.01315789483487606,0.9342105388641357,62.66769863578398
B,units,-1,16,both:random_orth,152,0.0,0.9736841917037964,62.91932745114619
B,units,-1,18,full_swap,152,0.032894738018512726,0.9276315569877625,114.84814453125
B,units,-1,18,helix:all,152,0.01315789483487606,0.9671052694320679,47.333273381614475
B,units,-1,18,helix:tens,152,0.0,1.0,3.776446187178642
B,units,-1,18,helix:units,152,0.01315789483487606,0.9671052694320679,47.17530134511892
B,units,-1,18,helix:random_orth,152,0.0,0.9868420958518982,47.333273381614475
B,units,-1,18,digit_1hot:all,152,0.02631578966975212,0.9539473652839661,66.46339822194994
B,units,-1,18,digit_1hot:tens,152,0.0,1.0,0.0
B,units,-1,18,digit_1hot:units,152,0.02631578966975212,0.9539473652839661,66.46339822194994
B,units,-1,18,digit_1hot:random_orth,152,0.00657894741743803,0.9802631735801697,66.46339822194994
B,units,-1,18,digit_circ:all,152,0.0,1.0,13.722185742184951
B,units,-1,18,digit_circ:tens,152,0.0,1.0,0.0
B,units,-1,18,digit_circ:units,152,0.0,1.0,13.722185742184951
B,units,-1,18,digit_circ:random_orth,152,0.0,0.9934210777282715,13.722185742184951
B,units,-1,18,both:all,152,0.02631578966975212,0.9539473652839661,66.6477989305289
B,units,-1,18,both:tens,152,0.0,1.0,6.301141873659639
B,units,-1,18,both:units,152,0.02631578966975212,0.9539473652839661,66.37610966141818
B,units,-1,18,both:random_orth,152,0.00657894741743803,0.9736841917037964,66.6477989305289
B,units,-1,20,full_swap,152,0.02631578966975212,0.9342105388641357,123.35511016845703
B,units,-1,20,helix:all,152,0.01315789483487606,0.9736841917037964,50.461163560615205
B,units,-1,20,helix:tens,152,0.0,1.0,3.983799552937004
B,units,-1,20,helix:units,152,0.01315789483487606,0.9736841917037964,50.29880976038065
B,units,-1,20,helix:random_orth,152,0.0,0.9802631735801697,50.461163560615205
B,units,-1,20,digit_1hot:all,152,0.01315789483487606,0.9671052694320679,70.39118394974953
B,units,-1,20,digit_1hot:tens,152,0.0,1.0,0.0
B,units,-1,20,digit_1hot:units,152,0.01315789483487606,0.9671052694320679,70.39118394974953
B,units,-1,20,digit_1hot:random_orth,152,0.0,0.9868420958518982,70.39118394974953
B,units,-1,20,digit_circ:all,152,0.0,0.9868420958518982,14.379571814537508
B,units,-1,20,digit_circ:tens,152,0.0,1.0,0.0
B,units,-1,20,digit_circ:units,152,0.0,0.9868420958518982,14.379571814537508
B,units,-1,20,digit_circ:random_orth,152,0.0,1.0,14.379571814537508
B,units,-1,20,both:all,152,0.01315789483487606,0.9671052694320679,70.57978353512897
B,units,-1,20,both:tens,152,0.0,0.9934210777282715,6.673039037042221
B,units,-1,20,both:units,152,0.01315789483487606,0.9671052694320679,70.28820741632607
B,units,-1,20,both:random_orth,152,0.00657894741743803,0.9802631735801697,70.57978353512897
B,units,1,0,full_swap,174,0.5574712753295898,0.17241379618644714,34.112640380859375
B,units,1,0,helix:all,174,0.17241379618644714,0.6781609058380127,13.784786446520256
B,units,1,0,helix:tens,174,0.0,1.0,0.9938651369417894
B,units,1,0,helix:units,174,0.1781609207391739,0.6781609058380127,13.731897250285465
B,units,1,0,helix:random_orth,174,0.01149425283074379,0.931034505367279,13.784786446520256
B,units,1,0,digit_1hot:all,174,0.3333333432674408,0.4885057508945465,20.249437765420037
B,units,1,0,digit_1hot:tens,174,0.0,1.0,0.0
B,units,1,0,digit_1hot:units,174,0.3333333432674408,0.4885057508945465,20.249437765420037
B,units,1,0,digit_1hot:random_orth,174,0.005747126415371895,0.8965517282485962,20.249437765420033
B,units,1,0,digit_circ:all,174,0.017241379246115685,0.9655172228813171,4.333170213060918
B,units,1,0,digit_circ:tens,174,0.0,1.0,0.0
B,units,1,0,digit_circ:units,174,0.017241379246115685,0.9655172228813171,4.333170213060918
B,units,1,0,digit_circ:random_orth,174,0.0,0.9942528605461121,4.333170213060918
B,units,1,0,both:all,174,0.3448275923728943,0.477011501789093,20.314484970151135
B,units,1,0,both:tens,174,0.005747126415371895,0.9942528605461121,1.749980144120558
B,units,1,0,both:units,174,0.33908045291900635,0.49425286054611206,20.246045560986495
B,units,1,0,both:random_orth,174,0.01149425283074379,0.9252873659133911,20.314484970151135
B,units,1,2,full_swap,174,0.5747126340866089,0.18965516984462738,43.1957893371582
B,units,1,2,helix:all,174,0.1666666716337204,0.6839080452919006,17.731338342172055
B,units,1,2,helix:tens,174,0.0,0.9885057210922241,1.391110423678795
B,units,1,2,helix:units,174,0.1666666716337204,0.6724137663841248,17.64993181559459
B,units,1,2,helix:random_orth,174,0.0,0.954023003578186,17.731338342172055
B,units,1,2,digit_1hot:all,174,0.3563218414783478,0.45402297377586365,25.841108221261585
B,units,1,2,digit_1hot:tens,174,0.0,1.0,0.0
B,units,1,2,digit_1hot:units,174,0.3563218414783478,0.45402297377586365,25.841108221261585
B,units,1,2,digit_1hot:random_orth,174,0.0,0.9252873659133911,25.841108221261585
B,units,1,2,digit_circ:all,174,0.02298850566148758,0.954023003578186,5.594719525305847
B,units,1,2,digit_circ:tens,174,0.0,1.0,0.0
B,units,1,2,digit_circ:units,174,0.02298850566148758,0.954023003578186,5.594719525305847
B,units,1,2,digit_circ:random_orth,174,0.0,0.982758641242981,5.594719525305847
B,units,1,2,both:all,174,0.36206895112991333,0.4482758641242981,25.945411041109146
B,units,1,2,both:tens,174,0.005747126415371895,0.9942528605461121,2.3410805543114064
B,units,1,2,both:units,174,0.35057470202445984,0.4655172526836395,25.836883848188638
B,units,1,2,both:random_orth,174,0.005747126415371895,0.9367815852165222,25.945411041109146
B,units,1,4,full_swap,174,0.5919539928436279,0.1781609207391739,56.86296844482422
B,units,1,4,helix:all,174,0.16091954708099365,0.7011494040489197,24.536571341170454
B,units,1,4,helix:tens,174,0.0,1.0,2.015646616113285
B,units,1,4,helix:units,174,0.1551724076271057,0.6896551847457886,24.427560254463916
B,units,1,4,helix:random_orth,174,0.005747126415371895,0.931034505367279,24.536571341170454
B,units,1,4,digit_1hot:all,174,0.33908045291900635,0.4597701132297516,34.88208192526011
B,units,1,4,digit_1hot:tens,174,0.0,1.0,0.0
B,units,1,4,digit_1hot:units,174,0.33908045291900635,0.4597701132297516,34.88208192526011
B,units,1,4,digit_1hot:random_orth,174,0.005747126415371895,0.9137930870056152,34.88208192526011
B,units,1,4,digit_circ:all,174,0.028735632076859474,0.9482758641242981,7.478053252232108
B,units,1,4,digit_circ:tens,174,0.0,1.0,0.0
B,units,1,4,digit_circ:units,174,0.028735632076859474,0.9482758641242981,7.478053252232108
B,units,1,4,digit_circ:random_orth,174,0.0,0.9885057210922241,7.478053252232108
B,units,1,4,both:all,174,0.33908045291900635,0.4655172526836395,35.01348877420595
B,units,1,4,both:tens,174,0.0,0.9942528605461121,3.2364947432231004
B,units,1,4,both:units,174,0.33908045291900635,0.4597701132297516,34.85790702445938
B,units,1,4,both:random_orth,174,0.005747126415371895,0.9022988677024841,35.01348877420595
B,units,1,6,full_swap,174,0.5747126340866089,0.18965516984462738,68.47413635253906
B,units,1,6,helix:all,174,0.1551724076271057,0.7126436829566956,29.4027264707418
B,units,1,6,helix:tens,174,0.0,1.0,2.4415795985409003
B,units,1,6,helix:units,174,0.1666666716337204,0.6839080452919006,29.275009749450383
B,units,1,6,helix:random_orth,174,0.0,0.931034505367279,29.402726470741804
B,units,1,6,digit_1hot:all,174,0.33908045291900635,0.4655172526836395,41.66074298179656
B,units,1,6,digit_1hot:tens,174,0.0,1.0,0.0
B,units,1,6,digit_1hot:units,174,0.33908045291900635,0.4655172526836395,41.66074298179656
B,units,1,6,digit_1hot:random_orth,174,0.0,0.9195402264595032,41.66074298179656
B,units,1,6,digit_circ:all,174,0.02298850566148758,0.9597700834274292,8.77710410029908
B,units,1,6,digit_circ:tens,174,0.0,1.0,0.0
B,units,1,6,digit_circ:units,174,0.02298850566148758,0.9597700834274292,8.77710410029908
B,units,1,6,digit_circ:random_orth,174,0.0,0.9942528605461121,8.77710410029908
B,units,1,6,both:all,174,0.3448275923728943,0.477011501789093,41.80053558069007
B,units,1,6,both:tens,174,0.0,1.0,3.857630261051436
B,units,1,6,both:units,174,0.33908045291900635,0.4655172526836395,41.62474912972437
B,units,1,6,both:random_orth,174,0.01149425283074379,0.931034505367279,41.80053558069007
B,units,1,8,full_swap,174,0.5747126340866089,0.21264368295669556,78.06187438964844
B,units,1,8,helix:all,174,0.13793103396892548,0.7298850417137146,32.686891239325945
B,units,1,8,helix:tens,174,0.0,1.0,2.8133625502649022
B,units,1,8,helix:units,174,0.14367815852165222,0.7241379022598267,32.531148123572166
B,units,1,8,helix:random_orth,174,0.005747126415371895,0.9655172228813171,32.686891239325945
B,units,1,8,digit_1hot:all,174,0.32758620381355286,0.477011501789093,46.61353435476149
B,units,1,8,digit_1hot:tens,174,0.0,1.0,0.0
B,units,1,8,digit_1hot:units,174,0.32758620381355286,0.477011501789093,46.61353435476149
B,units,1,8,digit_1hot:random_orth,174,0.01149425283074379,0.931034505367279,46.6135343547615
B,units,1,8,digit_circ:all,174,0.02298850566148758,0.954023003578186,9.863793694975701
B,units,1,8,digit_circ:tens,174,0.0,1.0,0.0
B,units,1,8,digit_circ:units,174,0.02298850566148758,0.954023003578186,9.863793694975701
B,units,1,8,digit_circ:random_orth,174,0.0,0.9885057210922241,9.863793694975701
B,units,1,8,both:all,174,0.33908045291900635,0.4885057508945465,46.77360808501586
B,units,1,8,both:tens,174,0.005747126415371895,0.9942528605461121,4.418173215609009
B,units,1,8,both:units,174,0.32758620381355286,0.48275861144065857,46.55458825582368
B,units,1,8,both:random_orth,174,0.0,0.9252873659133911,46.77360808501586
B,units,1,10,full_swap,174,0.5747126340866089,0.21264368295669556,87.18944549560547
B,units,1,10,helix:all,174,0.13793103396892548,0.7183908224105835,35.98902562009354
B,units,1,10,helix:tens,174,0.0,1.0,3.06798058894603
B,units,1,10,helix:units,174,0.13793103396892548,0.7011494040489197,35.831485893402736
B,units,1,10,helix:random_orth,174,0.0,0.954023003578186,35.98902562009354
B,units,1,10,digit_1hot:all,174,0.33908045291900635,0.48275861144065857,51.47070748974826
B,units,1,10,digit_1hot:tens,174,0.0,1.0,0.0
B,units,1,10,digit_1hot:units,174,0.33908045291900635,0.48275861144065857,51.47070748974826
B,units,1,10,digit_1hot:random_orth,174,0.01149425283074379,0.9080459475517273,51.47070748974826
B,units,1,10,digit_circ:all,174,0.028735632076859474,0.954023003578186,10.856037490272898
B,units,1,10,digit_circ:tens,174,0.0,1.0,0.0
B,units,1,10,digit_circ:units,174,0.028735632076859474,0.954023003578186,10.856037490272898
B,units,1,10,digit_circ:random_orth,174,0.0,0.982758641242981,10.856037490272898
B,units,1,10,both:all,174,0.3448275923728943,0.4885057508945465,51.63632019021803
B,units,1,10,both:tens,174,0.0,0.9942528605461121,4.878354497978704
B,units,1,10,both:units,174,0.3333333432674408,0.5,51.40499227686541
B,units,1,10,both:random_orth,174,0.01149425283074379,0.9022988677024841,51.63632019021803
B,units,1,12,full_swap,174,0.5344827771186829,0.2931034564971924,95.91353607177734
B,units,1,12,helix:all,174,0.05747126415371895,0.8390804529190063,39.10217982045771
B,units,1,12,helix:tens,174,0.0,1.0,3.3093620642173867
B,units,1,12,helix:units,174,0.05747126415371895,0.8390804529190063,38.937573353748235
B,units,1,12,helix:random_orth,174,0.005747126415371895,0.9597700834274292,39.1021798204577
B,units,1,12,digit_1hot:all,174,0.19540229439735413,0.6206896305084229,55.673079312604116
B,units,1,12,digit_1hot:tens,174,0.0,1.0,0.0
B,units,1,12,digit_1hot:units,174,0.19540229439735413,0.6206896305084229,55.673079312604116
B,units,1,12,digit_1hot:random_orth,174,0.01149425283074379,0.9425287246704102,55.673079312604116
B,units,1,12,digit_circ:all,174,0.017241379246115685,0.982758641242981,11.664268387959472
B,units,1,12,digit_circ:tens,174,0.0,1.0,0.0
B,units,1,12,digit_circ:units,174,0.017241379246115685,0.982758641242981,11.664268387959472
B,units,1,12,digit_circ:random_orth,174,0.005747126415371895,0.982758641242981,11.664268387959472
B,units,1,12,both:all,174,0.19540229439735413,0.6321839094161987,55.87474172434317
B,units,1,12,both:tens,174,0.0,1.0,5.316780658215611
B,units,1,12,both:units,174,0.19540229439735413,0.6206896305084229,55.60615118662282
B,units,1,12,both:random_orth,174,0.0,0.9482758641242981,55.87474172434317
B,units,1,14,full_swap,174,0.3103448152542114,0.568965494632721,103.58805847167969
B,units,1,14,helix:all,174,0.04597701132297516,0.8965517282485962,41.96472568659357
B,units,1,14,helix:tens,174,0.0,0.9942528605461121,3.503697475745309
B,units,1,14,helix:units,174,0.04022988677024841,0.8850574493408203,41.79218931762588
B,units,1,14,helix:random_orth,174,0.005747126415371895,0.9885057210922241,41.96472568659357
B,units,1,14,digit_1hot:all,174,0.12068965286016464,0.7873563170433044,59.52542191386269
B,units,1,14,digit_1hot:tens,174,0.0,1.0,0.0
B,units,1,14,digit_1hot:units,174,0.12068965286016464,0.7873563170433044,59.52542191386269
B,units,1,14,digit_1hot:random_orth,174,0.0,0.9712643623352051,59.52542191386269
B,units,1,14,digit_circ:all,174,0.005747126415371895,0.9885057210922241,12.33580683916629
B,units,1,14,digit_circ:tens,174,0.0,1.0,0.0
B,units,1,14,digit_circ:units,174,0.005747126415371895,0.9885057210922241,12.33580683916629
B,units,1,14,digit_circ:random_orth,174,0.0,1.0,12.33580683916629
B,units,1,14,both:all,174,0.12068965286016464,0.7873563170433044,59.74989165245145
B,units,1,14,both:tens,174,0.0,0.9942528605461121,5.713979025959822
B,units,1,14,both:units,174,0.12068965286016464,0.7873563170433044,59.451369730832944
B,units,1,14,both:random_orth,174,0.005747126415371895,0.9482758641242981,59.74989165245145
B,units,1,16,full_swap,174,0.2183908075094223,0.7183908224105835,110.76593780517578
B,units,1,16,helix:all,174,0.02298850566148758,0.9425287246704102,44.67213544668657
B,units,1,16,helix:tens,174,0.0,0.9885057210922241,3.697377886160385
B,units,1,16,helix:units,174,0.017241379246115685,0.9482758641242981,44.50340020065554
B,units,1,16,helix:random_orth,174,0.0,0.977011501789093,44.67213544668657
B,units,1,16,digit_1hot:all,174,0.07471264153718948,0.8620689511299133,63.41310201284526
B,units,1,16,digit_1hot:tens,174,0.0,1.0,0.0
B,units,1,16,digit_1hot:units,174,0.07471264153718948,0.8620689511299133,63.41310201284526
B,units,1,16,digit_1hot:random_orth,174,0.0,0.9655172228813171,63.41310201284527
B,units,1,16,digit_circ:all,174,0.005747126415371895,0.9712643623352051,13.030638867526198
B,units,1,16,digit_circ:tens,174,0.0,1.0,0.0
B,units,1,16,digit_circ:units,174,0.005747126415371895,0.9712643623352051,13.030638867526198
B,units,1,16,digit_circ:random_orth,174,0.0,0.9942528605461121,13.030638867526198
B,units,1,16,both:all,174,0.07471264153718948,0.8620689511299133,63.642229501525144
B,units,1,16,both:tens,174,0.0,0.9885057210922241,6.070073742923532
B,units,1,16,both:units,174,0.07471264153718948,0.8620689511299133,63.34220564075366
B,units,1,16,both:random_orth,174,0.0,0.977011501789093,63.642229501525144
B,units,1,18,full_swap,174,0.005747126415371895,0.8333333134651184,118.75799560546875
B,units,1,18,helix:all,174,0.0,0.9482758641242981,47.272544121378836
B,units,1,18,helix:tens,174,0.0,0.9942528605461121,3.9186350541283486
B,units,1,18,helix:units,174,0.0,0.9425287246704102,47.095328416476995
B,units,1,18,helix:random_orth,174,0.0,0.9712643623352051,47.272544121378836
B,units,1,18,digit_1hot:all,174,0.005747126415371895,0.931034505367279,67.20287437262377
B,units,1,18,digit_1hot:tens,174,0.0,1.0,0.0
B,units,1,18,digit_1hot:units,174,0.005747126415371895,0.931034505367279,67.20287437262377
B,units,1,18,digit_1hot:random_orth,174,0.0,0.982758641242981,67.20287437262377
B,units,1,18,digit_circ:all,174,0.0,0.9655172228813171,13.7031360615101
B,units,1,18,digit_circ:tens,174,0.0,1.0,0.0
B,units,1,18,digit_circ:units,174,0.0,0.9655172228813171,13.7031360615101
B,units,1,18,digit_circ:random_orth,174,0.0,1.0,13.7031360615101
B,units,1,18,both:all,174,0.005747126415371895,0.931034505367279,67.44562247188195
B,units,1,18,both:tens,174,0.0,0.9885057210922241,6.431467508278574
B,units,1,18,both:units,174,0.005747126415371895,0.9252873659133911,67.11994243429226
B,units,1,18,both:random_orth,174,0.0,0.9885057210922241,67.44562247188195
B,units,1,20,full_swap,174,0.005747126415371895,0.8735632300376892,127.67073059082031
B,units,1,20,helix:all,174,0.0,0.9712643623352051,50.33326051138049
B,units,1,20,helix:tens,174,0.0,0.9942528605461121,4.13311043242531
B,units,1,20,helix:units,174,0.0,0.9712643623352051,50.14863182813534
B,units,1,20,helix:random_orth,174,0.0,0.982758641242981,50.33326051138048
B,units,1,20,digit_1hot:all,174,0.005747126415371895,0.9425287246704102,71.23787869289615
B,units,1,20,digit_1hot:tens,174,0.0,1.0,0.0
B,units,1,20,digit_1hot:units,174,0.005747126415371895,0.9425287246704102,71.23787869289615
B,units,1,20,digit_1hot:random_orth,174,0.0,0.982758641242981,71.23787869289613
B,units,1,20,digit_circ:all,174,0.0,0.9942528605461121,14.358052361001096
B,units,1,20,digit_circ:tens,174,0.0,1.0,0.0
B,units,1,20,digit_circ:units,174,0.0,0.9942528605461121,14.358052361001096
B,units,1,20,digit_circ:random_orth,174,0.0,0.9942528605461121,14.358052361001096
B,units,1,20,both:all,174,0.005747126415371895,0.9425287246704102,71.48363158262852
B,units,1,20,both:tens,174,0.0,1.0,6.812481074302583
B,units,1,20,both:units,174,0.005747126415371895,0.9425287246704102,71.13532722693627
B,units,1,20,both:random_orth,174,0.0,0.9942528605461121,71.48363158262853
B,units,2,0,full_swap,154,0.5584415793418884,0.1428571492433548,36.95806884765625
B,units,2,0,helix:all,154,0.12987013161182404,0.5974025726318359,16.078503145517868
B,units,2,0,helix:tens,154,0.0,0.9935064911842346,1.9886203003217322
B,units,2,0,helix:units,154,0.11688311398029327,0.6103895902633667,15.936939744806875
B,units,2,0,helix:random_orth,154,0.006493506487458944,0.9415584206581116,16.078503145517868
B,units,2,0,digit_1hot:all,154,0.19480518996715546,0.48701298236846924,20.018240993590215
B,units,2,0,digit_1hot:tens,154,0.0,1.0,0.0
B,units,2,0,digit_1hot:units,154,0.19480518996715546,0.48701298236846924,20.018240993590215
B,units,2,0,digit_1hot:random_orth,154,0.0,0.9415584206581116,20.018240993590215
B,units,2,0,digit_circ:all,154,0.012987012974917889,0.9090909361839294,8.243199892707556
B,units,2,0,digit_circ:tens,154,0.0,1.0,0.0
B,units,2,0,digit_circ:units,154,0.012987012974917889,0.9090909361839294,8.243199892707556
B,units,2,0,digit_circ:random_orth,154,0.0,0.9740259647369385,8.243199892707556
B,units,2,0,both:all,154,0.24025973677635193,0.4610389471054077,20.2972304994007
B,units,2,0,both:tens,154,0.0,0.9870129823684692,3.496937490401366
B,units,2,0,both:units,154,0.19480518996715546,0.48701298236846924,20.02564001127828
B,units,2,0,both:random_orth,154,0.0,0.9220778942108154,20.2972304994007
B,units,2,2,full_swap,154,0.5779221057891846,0.1428571492433548,47.41533660888672
B,units,2,2,helix:all,154,0.11038961261510849,0.5974025726318359,20.915771939199438
B,units,2,2,helix:tens,154,0.0,1.0,2.784181341562819
B,units,2,2,helix:units,154,0.11688311398029327,0.6168830990791321,20.686831909891172
B,units,2,2,helix:random_orth,154,0.0,0.9415584206581116,20.915771939199438
B,units,2,2,digit_1hot:all,154,0.22727273404598236,0.4610389471054077,25.795405976504448
B,units,2,2,digit_1hot:tens,154,0.0,1.0,0.0
B,units,2,2,digit_1hot:units,154,0.22727273404598236,0.4610389471054077,25.795405976504448
B,units,2,2,digit_1hot:random_orth,154,0.0,0.9220778942108154,25.79540597650444
B,units,2,2,digit_circ:all,154,0.019480518996715546,0.9090909361839294,10.629952226066617
B,units,2,2,digit_circ:tens,154,0.0,1.0,0.0
B,units,2,2,digit_circ:units,154,0.019480518996715546,0.9090909361839294,10.629952226066617
B,units,2,2,digit_circ:random_orth,154,0.0,0.9675324559211731,10.629952226066619
B,units,2,2,both:all,154,0.2532467544078827,0.4285714328289032,26.22848508507583
B,units,2,2,both:tens,154,0.0,0.9870129823684692,4.679604104214278
B,units,2,2,both:units,154,0.22077922523021698,0.4740259647369385,25.79460855474364
B,units,2,2,both:random_orth,154,0.0,0.8961039185523987,26.22848508507583
B,units,2,4,full_swap,154,0.5779221057891846,0.13636364042758942,62.5078239440918
B,units,2,4,helix:all,154,0.12337662279605865,0.5974025726318359,28.02550200413611
B,units,2,4,helix:tens,154,0.0,0.9935064911842346,4.034866316383902
B,units,2,4,helix:units,154,0.12987013161182404,0.5779221057891846,27.68225609509249
B,units,2,4,helix:random_orth,154,0.0,0.9285714030265808,28.02550200413611
B,units,2,4,digit_1hot:all,154,0.23376622796058655,0.4350649416446686,34.376108326122214
B,units,2,4,digit_1hot:tens,154,0.0,1.0,0.0
B,units,2,4,digit_1hot:units,154,0.23376622796058655,0.4350649416446686,34.376108326122214
B,units,2,4,digit_1hot:random_orth,154,0.0,0.9090909361839294,34.376108326122214
B,units,2,4,digit_circ:all,154,0.019480518996715546,0.9090909361839294,14.19347881946362
B,units,2,4,digit_circ:tens,154,0.0,1.0,0.0
B,units,2,4,digit_circ:units,154,0.019480518996715546,0.9090909361839294,14.19347881946362
B,units,2,4,digit_circ:random_orth,154,0.0,0.948051929473877,14.19347881946362
B,units,2,4,both:all,154,0.2532467544078827,0.44805195927619934,34.99568424140597
B,units,2,4,both:tens,154,0.0,0.9805194735527039,6.47236675034508
B,units,2,4,both:units,154,0.22727273404598236,0.4350649416446686,34.343268501317674
B,units,2,4,both:random_orth,154,0.0,0.9090909361839294,34.99568424140597
B,units,2,6,full_swap,154,0.6038960814476013,0.1428571492433548,74.6697006225586
B,units,2,6,helix:all,154,0.11688311398029327,0.5974025726318359,32.92416405757727
B,units,2,6,helix:tens,154,0.0,1.0,4.887915561156174
B,units,2,6,helix:units,154,0.12337662279605865,0.6168830990791321,32.508246491693086
B,units,2,6,helix:random_orth,154,0.0,0.948051929473877,32.92416405757727
B,units,2,6,digit_1hot:all,154,0.22727273404598236,0.4545454680919647,40.62640864516766
B,units,2,6,digit_1hot:tens,154,0.0,1.0,0.0
B,units,2,6,digit_1hot:units,154,0.22727273404598236,0.4545454680919647,40.62640864516766
B,units,2,6,digit_1hot:random_orth,154,0.0,0.8961039185523987,40.62640864516766
B,units,2,6,digit_circ:all,154,0.019480518996715546,0.9025974273681641,16.646551901526514
B,units,2,6,digit_circ:tens,154,0.0,1.0,0.0
B,units,2,6,digit_circ:units,154,0.019480518996715546,0.9025974273681641,16.646551901526514
B,units,2,6,digit_circ:random_orth,154,0.0,0.9545454382896423,16.646551901526514
B,units,2,6,both:all,154,0.26623377203941345,0.4610389471054077,41.34180177584341
B,units,2,6,both:tens,154,0.0,0.9740259647369385,7.715987993467739
B,units,2,6,both:units,154,0.22077922523021698,0.4610389471054077,40.569825999472194
B,units,2,6,both:random_orth,154,0.0,0.9285714030265808,41.34180177584341
B,units,2,8,full_swap,154,0.5909090638160706,0.1428571492433548,85.21556854248047
B,units,2,8,helix:all,154,0.11038961261510849,0.6363636255264282,36.77349464219135
B,units,2,8,helix:tens,154,0.0,1.0,5.633277108475989
B,units,2,8,helix:units,154,0.09740259498357773,0.6428571343421936,36.27468614226369
B,units,2,8,helix:random_orth,154,0.006493506487458944,0.9350649118423462,36.773494642191345
B,units,2,8,digit_1hot:all,154,0.22077922523021698,0.48051947355270386,45.45382658092796
B,units,2,8,digit_1hot:tens,154,0.0,1.0,0.0
B,units,2,8,digit_1hot:units,154,0.22077922523021698,0.48051947355270386,45.45382658092796
B,units,2,8,digit_1hot:random_orth,154,0.0,0.91558438539505,45.45382658092796
B,units,2,8,digit_circ:all,154,0.012987012974917889,0.9090909361839294,18.6789332759188
B,units,2,8,digit_circ:tens,154,0.0,1.0,0.0
B,units,2,8,digit_circ:units,154,0.012987012974917889,0.9090909361839294,18.6789332759188
B,units,2,8,digit_circ:random_orth,154,0.0,0.9740259647369385,18.6789332759188
B,units,2,8,both:all,154,0.24025973677635193,0.4740259647369385,46.30573275155432
B,units,2,8,both:tens,154,0.0,0.9740259647369385,8.838255515754025
B,units,2,8,both:units,154,0.2142857164144516,0.48051947355270386,45.36110539052527
B,units,2,8,both:random_orth,154,0.0,0.9285714030265808,46.30573275155432
B,units,2,10,full_swap,154,0.5974025726318359,0.14935064315795898,95.14688110351562
B,units,2,10,helix:all,154,0.09740259498357773,0.6428571343421936,40.47124510816529
B,units,2,10,helix:tens,154,0.0,0.9935064911842346,6.14298081880171
B,units,2,10,helix:units,154,0.08441558480262756,0.6363636255264282,39.95987953803305
B,units,2,10,helix:random_orth,154,0.0,0.9415584206581116,40.47124510816529
B,units,2,10,digit_1hot:all,154,0.20779220759868622,0.5,50.269798171606745
B,units,2,10,digit_1hot:tens,154,0.0,1.0,0.0
B,units,2,10,digit_1hot:units,154,0.20779220759868622,0.5,50.269798171606745
B,units,2,10,digit_1hot:random_orth,154,0.0,0.9610389471054077,50.269798171606745
B,units,2,10,digit_circ:all,154,0.019480518996715546,0.9025974273681641,20.562867100079103
B,units,2,10,digit_circ:tens,154,0.0,1.0,0.0
B,units,2,10,digit_circ:units,154,0.019480518996715546,0.9025974273681641,20.562867100079103
B,units,2,10,digit_circ:random_orth,154,0.0,0.9675324559211731,20.562867100079107
B,units,2,10,both:all,154,0.24025973677635193,0.48701298236846924,51.19295136779102
B,units,2,10,both:tens,154,0.0,0.9805194735527039,9.757857978586637
B,units,2,10,both:units,154,0.20779220759868622,0.4740259647369385,50.16106324654005
B,units,2,10,both:random_orth,154,0.0,0.9220778942108154,51.19295136779102
B,units,2,12,full_swap,154,0.4935064911842346,0.1753246784210205,104.81771087646484
B,units,2,12,helix:all,154,0.03246753290295601,0.7922077775001526,44.09016730570086
B,units,2,12,helix:tens,154,0.0,0.9935064911842346,6.626602489369464
B,units,2,12,helix:units,154,0.025974025949835777,0.7727272510528564,43.552622823491284
B,units,2,12,helix:random_orth,154,0.0,0.9610389471054077,44.09016730570086
B,units,2,12,digit_1hot:all,154,0.06493506580591202,0.6883116960525513,54.58970235754045
B,units,2,12,digit_1hot:tens,154,0.0,1.0,0.0
B,units,2,12,digit_1hot:units,154,0.06493506580591202,0.6883116960525513,54.58970235754045
B,units,2,12,digit_1hot:random_orth,154,0.0,0.9610389471054077,54.58970235754045
B,units,2,12,digit_circ:all,154,0.006493506487458944,0.9350649118423462,22.07780556875893
B,units,2,12,digit_circ:tens,154,0.0,1.0,0.0
B,units,2,12,digit_circ:units,154,0.006493506487458944,0.9350649118423462,22.07780556875893
B,units,2,12,digit_circ:random_orth,154,0.0,0.9870129823684692,22.07780556875893
B,units,2,12,both:all,154,0.07792207598686218,0.701298713684082,55.64063326488045
B,units,2,12,both:tens,154,0.0,0.9870129823684692,10.634010872465849
B,units,2,12,both:units,154,0.06493506580591202,0.6883116960525513,54.46959239483214
B,units,2,12,both:random_orth,154,0.0,0.9415584206581116,55.64063326488045
B,units,2,14,full_swap,154,0.051948051899671555,0.7077922224998474,112.93619537353516
B,units,2,14,helix:all,154,0.006493506487458944,0.91558438539505,46.99600999928073
B,units,2,14,helix:tens,154,0.0,0.9935064911842346,7.015901268187916
B,units,2,14,helix:units,154,0.006493506487458944,0.9025974273681641,46.429094473195704
B,units,2,14,helix:random_orth,154,0.0,0.9675324559211731,46.99600999928073
B,units,2,14,digit_1hot:all,154,0.012987012974917889,0.8441558480262756,58.08860041899758
B,units,2,14,digit_1hot:tens,154,0.0,1.0,0.0
B,units,2,14,digit_1hot:units,154,0.012987012974917889,0.8441558480262756,58.08860041899758
B,units,2,14,digit_1hot:random_orth,154,0.0,0.9740259647369385,58.08860041899758
B,units,2,14,digit_circ:all,154,0.0,0.9740259647369385,23.3299930506399
B,units,2,14,digit_circ:tens,154,0.0,1.0,0.0
B,units,2,14,digit_circ:units,154,0.0,0.9740259647369385,23.3299930506399
B,units,2,14,digit_circ:random_orth,154,0.0,0.9935064911842346,23.3299930506399
B,units,2,14,both:all,154,0.012987012974917889,0.8766233921051025,59.25041741955033
B,units,2,14,both:tens,154,0.0,1.0,11.427087106594376
B,units,2,14,both:units,154,0.012987012974917889,0.8441558480262756,57.94374435489308
B,units,2,14,both:random_orth,154,0.0,0.9675324559211731,59.25041741955033
B,units,2,16,full_swap,154,0.019480518996715546,0.7662337422370911,120.86490631103516
B,units,2,16,helix:all,154,0.0,0.9350649118423462,50.180627639896784
B,units,2,16,helix:tens,154,0.0,0.9870129823684692,7.403653181834548
B,units,2,16,helix:units,154,0.0,0.9350649118423462,49.64205775984921
B,units,2,16,helix:random_orth,154,0.0,0.9740259647369385,50.180627639896784
B,units,2,16,digit_1hot:all,154,0.006493506487458944,0.8831169009208679,61.96872460156213
B,units,2,16,digit_1hot:tens,154,0.0,1.0,0.0
B,units,2,16,digit_1hot:units,154,0.006493506487458944,0.8831169009208679,61.96872460156213
B,units,2,16,digit_1hot:random_orth,154,0.0,0.9805194735527039,61.968724601562144
B,units,2,16,digit_circ:all,154,0.0,0.9740259647369385,24.634729999971373
B,units,2,16,digit_circ:tens,154,0.0,1.0,0.0
B,units,2,16,digit_circ:units,154,0.0,0.9740259647369385,24.634729999971373
B,units,2,16,digit_circ:random_orth,154,0.0,0.9935064911842346,24.634729999971373
B,units,2,16,both:all,154,0.012987012974917889,0.8766233921051025,63.165984031255114
B,units,2,16,both:tens,154,0.0,0.9935064911842346,12.137489548768139
B,units,2,16,both:units,154,0.012987012974917889,0.8701298832893372,61.812852760036904
B,units,2,16,both:random_orth,154,0.0,0.9805194735527039,63.165984031255114
B,units,2,18,full_swap,154,0.0,0.8766233921051025,129.69247436523438
B,units,2,18,helix:all,154,0.0,0.9545454382896423,53.4250756934137
B,units,2,18,helix:tens,154,0.0,0.9870129823684692,7.8472891772033275
B,units,2,18,helix:units,154,0.0,0.9545454382896423,52.86767997315203
B,units,2,18,helix:random_orth,154,0.0,0.9870129823684692,53.42507569341369
B,units,2,18,digit_1hot:all,154,0.0,0.9415584206581116,65.8926332185726
B,units,2,18,digit_1hot:tens,154,0.0,1.0,0.0
B,units,2,18,digit_1hot:units,154,0.0,0.9415584206581116,65.8926332185726
B,units,2,18,digit_1hot:random_orth,154,0.0,0.9610389471054077,65.8926332185726
B,units,2,18,digit_circ:all,154,0.0,0.9740259647369385,25.895569441037544
B,units,2,18,digit_circ:tens,154,0.0,1.0,0.0
B,units,2,18,digit_circ:units,154,0.0,0.9740259647369385,25.895569441037544
B,units,2,18,digit_circ:random_orth,154,0.0,0.9935064911842346,25.895569441037544
B,units,2,18,both:all,154,0.0,0.9415584206581116,67.17268566508132
B,units,2,18,both:tens,154,0.0,0.9740259647369385,12.861296483100979
B,units,2,18,both:units,154,0.0,0.9415584206581116,65.70923138367478
B,units,2,18,both:random_orth,154,0.0,0.9870129823684692,67.17268566508132
B,units,2,20,full_swap,154,0.0,0.91558438539505,139.1445770263672
B,units,2,20,helix:all,154,0.0,0.9545454382896423,56.96943624120109
B,units,2,20,helix:tens,154,0.0,0.9870129823684692,8.27705177242083
B,units,2,20,helix:units,154,0.0,0.9675324559211731,56.40436375388823
B,units,2,20,helix:random_orth,154,0.0,0.9805194735527039,56.96943624120109
B,units,2,20,digit_1hot:all,154,0.0,0.9610389471054077,70.03434720482335
B,units,2,20,digit_1hot:tens,154,0.0,1.0,0.0
B,units,2,20,digit_1hot:units,154,0.0,0.9610389471054077,70.03434720482335
B,units,2,20,digit_1hot:random_orth,154,0.0,0.9805194735527039,70.03434720482335
B,units,2,20,digit_circ:all,154,0.0,0.9610389471054077,27.121421547940738
B,units,2,20,digit_circ:tens,154,0.0,1.0,0.0
B,units,2,20,digit_circ:units,154,0.0,0.9610389471054077,27.121421547940738
B,units,2,20,digit_circ:random_orth,154,0.0,1.0,27.121421547940738
B,units,2,20,both:all,154,0.0,0.948051929473877,71.37356927903238
B,units,2,20,both:tens,154,0.0,0.9805194735527039,13.624126077238904
B,units,2,20,both:units,154,0.0,0.9610389471054077,69.80944807192652
B,units,2,20,both:random_orth,154,0.0,0.9935064911842346,71.37356927903238
B,units,3,0,full_swap,140,0.5214285850524902,0.1428571492433548,38.45964050292969
B,units,3,0,helix:all,140,0.13571429252624512,0.4928571581840515,20.482232834380042
B,units,3,0,helix:tens,140,0.0,0.9714285731315613,2.9905084752821716
B,units,3,0,helix:units,140,0.12857143580913544,0.5071428418159485,20.248219671517493
B,units,3,0,helix:random_orth,140,0.0,0.8999999761581421,20.482232834380042
B,units,3,0,digit_1hot:all,140,0.15714286267757416,0.4714285731315613,21.97372802487028
B,units,3,0,digit_1hot:tens,140,0.0,0.9928571581840515,0.0
B,units,3,0,digit_1hot:units,140,0.15714286267757416,0.4714285731315613,21.97372802487028
B,units,3,0,digit_1hot:random_orth,140,0.0,0.9071428775787354,21.97372802487028
B,units,3,0,digit_circ:all,140,0.0,0.8500000238418579,11.338954125797496
B,units,3,0,digit_circ:tens,140,0.0,0.9928571581840515,0.0
B,units,3,0,digit_circ:units,140,0.0,0.8500000238418579,11.338954125797496
B,units,3,0,digit_circ:random_orth,140,0.0,0.985714316368103,11.338954125797496
B,units,3,0,both:all,140,0.18571428954601288,0.4571428596973419,22.55615075565433
B,units,3,0,both:tens,140,0.0,0.985714316368103,5.243308313083413
B,units,3,0,both:units,140,0.15714286267757416,0.4642857313156128,22.004039944069955
B,units,3,0,both:random_orth,140,0.0,0.8714285492897034,22.55615075565433
B,units,3,2,full_swap,140,0.5571428537368774,0.15000000596046448,49.7391242980957
B,units,3,2,helix:all,140,0.15000000596046448,0.47857144474983215,26.515483055853462
B,units,3,2,helix:tens,140,0.0,0.9785714149475098,4.188585085634916
B,units,3,2,helix:units,140,0.13571429252624512,0.4714285731315613,26.12783884709221
B,units,3,2,helix:random_orth,140,0.0,0.9214285612106323,26.515483055853462
B,units,3,2,digit_1hot:all,140,0.17142857611179352,0.48571428656578064,28.421371402496284
B,units,3,2,digit_1hot:tens,140,0.0,0.9928571581840515,0.0
B,units,3,2,digit_1hot:units,140,0.17142857611179352,0.48571428656578064,28.421371402496284
B,units,3,2,digit_1hot:random_orth,140,0.0,0.9214285612106323,28.421371402496284
B,units,3,2,digit_circ:all,140,0.0,0.8285714387893677,14.62054143430908
B,units,3,2,digit_circ:tens,140,0.0,0.9928571581840515,0.0
B,units,3,2,digit_circ:units,140,0.0,0.8285714387893677,14.62054143430908
B,units,3,2,digit_circ:random_orth,140,0.0,0.9285714626312256,14.62054143430908
B,units,3,2,both:all,140,0.19285714626312256,0.4642857313156128,29.28775742471836
B,units,3,2,both:tens,140,0.0,0.9714285731315613,7.0195612217308625
B,units,3,2,both:units,140,0.15714286267757416,0.5071428418159485,28.431881803715555
B,units,3,2,both:random_orth,140,0.0,0.9142857193946838,29.287757424718354
B,units,3,4,full_swap,140,0.5714285969734192,0.15000000596046448,66.20455169677734
B,units,3,4,helix:all,140,0.17142857611179352,0.47857144474983215,36.03433780491902
B,units,3,4,helix:tens,140,0.0,0.985714316368103,6.070924433812389
B,units,3,4,helix:units,140,0.1428571492433548,0.5071428418159485,35.457843827694965
B,units,3,4,helix:random_orth,140,0.0,0.8785714507102966,36.03433780491902
B,units,3,4,digit_1hot:all,140,0.17142857611179352,0.48571428656578064,38.46743712387344
B,units,3,4,digit_1hot:tens,140,0.0,0.9928571581840515,0.0
B,units,3,4,digit_1hot:units,140,0.17142857611179352,0.48571428656578064,38.46743712387344
B,units,3,4,digit_1hot:random_orth,140,0.0,0.8928571343421936,38.46743712387344
B,units,3,4,digit_circ:all,140,0.0,0.8214285969734192,19.564079959289018
B,units,3,4,digit_circ:tens,140,0.0,0.9928571581840515,0.0
B,units,3,4,digit_circ:units,140,0.0,0.8214285969734192,19.564079959289018
B,units,3,4,digit_circ:random_orth,140,0.0,0.949999988079071,19.564079959289018
B,units,3,4,both:all,140,0.17142857611179352,0.4214285612106323,39.69248948855172
B,units,3,4,both:tens,140,0.0,0.9642857313156128,9.713815959122947
B,units,3,4,both:units,140,0.17142857611179352,0.48571428656578064,38.41649502065612
B,units,3,4,both:random_orth,140,0.0,0.8857142925262451,39.69248948855172
B,units,3,6,full_swap,140,0.5857142806053162,0.1428571492433548,79.32563781738281
B,units,3,6,helix:all,140,0.17142857611179352,0.4928571581840515,42.6860523038135
B,units,3,6,helix:tens,140,0.0,0.9714285731315613,7.354624783695478
B,units,3,6,helix:units,140,0.1428571492433548,0.4928571581840515,41.973186842248225
B,units,3,6,helix:random_orth,140,0.0,0.8857142925262451,42.6860523038135
B,units,3,6,digit_1hot:all,140,0.16428571939468384,0.47857144474983215,45.60482566271173
B,units,3,6,digit_1hot:tens,140,0.0,0.9928571581840515,0.0
B,units,3,6,digit_1hot:units,140,0.16428571939468384,0.47857144474983215,45.60482566271173
B,units,3,6,digit_1hot:random_orth,140,0.0,0.9357143044471741,45.60482566271173
B,units,3,6,digit_circ:all,140,0.0,0.8500000238418579,22.941687305911824
B,units,3,6,digit_circ:tens,140,0.0,0.9928571581840515,0.0
B,units,3,6,digit_circ:units,140,0.0,0.8500000238418579,22.941687305911824
B,units,3,6,digit_circ:random_orth,140,0.0,0.9571428894996643,22.941687305911824
B,units,3,6,both:all,140,0.20000000298023224,0.4357142746448517,47.032303257629756
B,units,3,6,both:tens,140,0.0,0.9642857313156128,11.58280627802926
B,units,3,6,both:units,140,0.16428571939468384,0.47857144474983215,45.50307215933047
B,units,3,6,both:random_orth,140,0.0,0.8857142925262451,47.032303257629756
B,units,3,8,full_swap,140,0.6000000238418579,0.15000000596046448,90.4544677734375
B,units,3,8,helix:all,140,0.1428571492433548,0.5142857432365417,47.61350213776508
B,units,3,8,helix:tens,140,0.0,0.9785714149475098,8.479014274820713
B,units,3,8,helix:units,140,0.12857143580913544,0.5,46.75885309110086
B,units,3,8,helix:random_orth,140,0.0,0.9428571462631226,47.61350213776508
B,units,3,8,digit_1hot:all,140,0.1428571492433548,0.4571428596973419,50.94817015310322
B,units,3,8,digit_1hot:tens,140,0.0,0.9928571581840515,0.0
B,units,3,8,digit_1hot:units,140,0.1428571492433548,0.4571428596973419,50.94817015310322
B,units,3,8,digit_1hot:random_orth,140,0.0,0.9428571462631226,50.94817015310321
B,units,3,8,digit_circ:all,140,0.0,0.8642857074737549,25.66881721603738
B,units,3,8,digit_circ:tens,140,0.0,0.9928571581840515,0.0
B,units,3,8,digit_circ:units,140,0.0,0.8642857074737549,25.66881721603738
B,units,3,8,digit_circ:random_orth,140,0.0,0.9571428894996643,25.66881721603738
B,units,3,8,both:all,140,0.20714285969734192,0.4571428596973419,52.65496394455255
B,units,3,8,both:tens,140,0.0,0.9714285731315613,13.269156486239389
B,units,3,8,both:units,140,0.13571429252624512,0.4714285731315613,50.78732949370097
B,units,3,8,both:random_orth,140,0.0,0.9214285612106323,52.65496394455255
B,units,3,10,full_swap,140,0.5928571224212646,0.15000000596046448,100.63633728027344
B,units,3,10,helix:all,140,0.15714286267757416,0.5,52.41920168024869
B,units,3,10,helix:tens,140,0.0,0.985714316368103,9.24613794891019
B,units,3,10,helix:units,140,0.12857143580913544,0.5214285850524902,51.5271055355303
B,units,3,10,helix:random_orth,140,0.0,0.9285714626312256,52.41920168024869
B,units,3,10,digit_1hot:all,140,0.13571429252624512,0.5,56.006150105353846
B,units,3,10,digit_1hot:tens,140,0.0,0.9928571581840515,0.0
B,units,3,10,digit_1hot:units,140,0.13571429252624512,0.5,56.006150105353846
B,units,3,10,digit_1hot:random_orth,140,0.0,0.9428571462631226,56.006150105353846
B,units,3,10,digit_circ:all,140,0.0071428571827709675,0.8285714387893677,28.255261839671043
B,units,3,10,digit_circ:tens,140,0.0,0.9928571581840515,0.0
B,units,3,10,digit_circ:units,140,0.0071428571827709675,0.8285714387893677,28.255261839671043
B,units,3,10,digit_circ:random_orth,140,0.0,0.985714316368103,28.255261839671043
B,units,3,10,both:all,140,0.19285714626312256,0.44285714626312256,57.877775082251254
B,units,3,10,both:tens,140,0.0,0.9571428894996643,14.647888554233363
B,units,3,10,both:units,140,0.13571429252624512,0.5,55.83169604616421
B,units,3,10,both:random_orth,140,0.0,0.9285714626312256,57.877775082251254
B,units,3,12,full_swap,140,0.44999998807907104,0.20000000298023224,110.70658874511719
B,units,3,12,helix:all,140,0.02857142873108387,0.6857143044471741,56.96972943987188
B,units,3,12,helix:tens,140,0.0,1.0,9.975360454910465
B,units,3,12,helix:units,140,0.02142857201397419,0.6571428775787354,56.02184346700539
B,units,3,12,helix:random_orth,140,0.0,0.9071428775787354,56.969729439871884
B,units,3,12,digit_1hot:all,140,0.0357142873108387,0.6357142925262451,60.91275434165485
B,units,3,12,digit_1hot:tens,140,0.0,0.9928571581840515,0.0
B,units,3,12,digit_1hot:units,140,0.0357142873108387,0.6357142925262451,60.91275434165485
B,units,3,12,digit_1hot:random_orth,140,0.0,0.9714285731315613,60.91275434165485
B,units,3,12,digit_circ:all,140,0.0,0.9142857193946838,30.323396818602994
B,units,3,12,digit_circ:tens,140,0.0,0.9928571581840515,0.0
B,units,3,12,digit_circ:units,140,0.0,0.9142857193946838,30.323396818602994
B,units,3,12,digit_circ:random_orth,140,0.0,0.985714316368103,30.323396818602994
B,units,3,12,both:all,140,0.0357142873108387,0.6642857193946838,63.03739478994521
B,units,3,12,both:tens,140,0.0,0.985714316368103,15.961940192966969
B,units,3,12,both:units,140,0.0357142873108387,0.6285714507102966,60.73665038980437
B,units,3,12,both:random_orth,140,0.0,0.9428571462631226,63.03739478994521
B,units,3,14,full_swap,140,0.02857142873108387,0.699999988079071,119.33080291748047
B,units,3,14,helix:all,140,0.0,0.8785714507102966,60.82930009301992
B,units,3,14,helix:tens,140,0.0,0.9928571581840515,10.56130599247477
B,units,3,14,helix:units,140,0.0,0.8785714507102966,59.8223504751175
B,units,3,14,helix:random_orth,140,0.0,0.9571428894996643,60.82930009301992
B,units,3,14,digit_1hot:all,140,0.0,0.8428571224212646,65.12654451888889
B,units,3,14,digit_1hot:tens,140,0.0,0.9928571581840515,0.0
B,units,3,14,digit_1hot:units,140,0.0,0.8428571224212646,65.12654451888889
B,units,3,14,digit_1hot:random_orth,140,0.0,0.9642857313156128,65.12654451888889
B,units,3,14,digit_circ:all,140,0.0,0.9714285731315613,32.05063501979673
B,units,3,14,digit_circ:tens,140,0.0,0.9928571581840515,0.0
B,units,3,14,digit_circ:units,140,0.0,0.9714285731315613,32.05063501979673
B,units,3,14,digit_circ:random_orth,140,0.0,0.985714316368103,32.05063501979673
B,units,3,14,both:all,140,0.0,0.8571428656578064,67.45156964067797
B,units,3,14,both:tens,140,0.0,0.985714316368103,17.149978647924776
B,units,3,14,both:units,140,0.0,0.8571428656578064,64.93393898297596
B,units,3,14,both:random_orth,140,0.0,0.985714316368103,67.45156964067797
B,units,3,16,full_swap,140,0.014285714365541935,0.7785714268684387,127.52458190917969
B,units,3,16,helix:all,140,0.0,0.8999999761581421,64.69852093722828
B,units,3,16,helix:tens,140,0.0,0.985714316368103,11.144393591829111
B,units,3,16,helix:units,140,0.0,0.8999999761581421,63.69905882865218
B,units,3,16,helix:random_orth,140,0.0,0.985714316368103,64.69852093722828
B,units,3,16,digit_1hot:all,140,0.0,0.8999999761581421,69.36021940762987
B,units,3,16,digit_1hot:tens,140,0.0,0.9928571581840515,0.0
B,units,3,16,digit_1hot:units,140,0.0,0.8999999761581421,69.36021940762987
B,units,3,16,digit_1hot:random_orth,140,0.0,0.9714285731315613,69.36021940762987
B,units,3,16,digit_circ:all,140,0.0,0.9714285731315613,33.809577359392314
B,units,3,16,digit_circ:tens,140,0.0,0.9928571581840515,0.0
B,units,3,16,digit_circ:units,140,0.0,0.9714285731315613,33.809577359392314
B,units,3,16,digit_circ:random_orth,140,0.0,0.9928571581840515,33.809577359392314
B,units,3,16,both:all,140,0.0,0.8785714507102966,71.79652466229761
B,units,3,16,both:tens,140,0.0,0.985714316368103,18.212852976479727
B,units,3,16,both:units,140,0.0,0.8999999761581421,69.16764543262065
B,units,3,16,both:random_orth,140,0.0,0.9714285731315613,71.79652466229761
B,units,3,18,full_swap,140,0.0,0.8785714507102966,136.646240234375
B,units,3,18,helix:all,140,0.0,0.9285714626312256,68.58889724823122
B,units,3,18,helix:tens,140,0.0,0.985714316368103,11.813045359681213
B,units,3,18,helix:units,140,0.0,0.9142857193946838,67.51692417665018
B,units,3,18,helix:random_orth,140,0.0,0.985714316368103,68.58889724823122
B,units,3,18,digit_1hot:all,140,0.0,0.8999999761581421,73.55031832579903
B,units,3,18,digit_1hot:tens,140,0.0,0.9928571581840515,0.0
B,units,3,18,digit_1hot:units,140,0.0,0.8999999761581421,73.55031832579903
B,units,3,18,digit_1hot:random_orth,140,0.0,0.9928571581840515,73.55031832579903
B,units,3,18,digit_circ:all,140,0.0,0.9571428894996643,35.532700742492956
B,units,3,18,digit_circ:tens,140,0.0,0.9928571581840515,0.0
B,units,3,18,digit_circ:units,140,0.0,0.9571428894996643,35.532700742492956
B,units,3,18,digit_circ:random_orth,140,0.0,0.9785714149475098,35.532700742492956
B,units,3,18,both:all,140,0.0,0.8999999761581421,76.13591089367826
B,units,3,18,both:tens,140,0.0,0.9714285731315613,19.301205603490875
B,units,3,18,both:units,140,0.0,0.9071428775787354,73.31627994082336
B,units,3,18,both:random_orth,140,0.0,0.9642857313156128,76.13591089367826
B,units,3,20,full_swap,140,0.0,0.8999999761581421,146.551025390625
B,units,3,20,helix:all,140,0.0,0.9428571462631226,73.04050165330949
B,units,3,20,helix:tens,140,0.0,0.985714316368103,12.460048727444734
B,units,3,20,helix:units,140,0.0,0.9285714626312256,71.94166029287248
B,units,3,20,helix:random_orth,140,0.0,0.985714316368103,73.04050165330949
B,units,3,20,digit_1hot:all,140,0.0,0.9285714626312256,78.34357313300747
B,units,3,20,digit_1hot:tens,140,0.0,0.9928571581840515,0.0
B,units,3,20,digit_1hot:units,140,0.0,0.9285714626312256,78.34357313300747
B,units,3,20,digit_1hot:random_orth,140,0.0,0.9928571581840515,78.34357313300747
B,units,3,20,digit_circ:all,140,0.0,0.949999988079071,37.20819841968937
B,units,3,20,digit_circ:tens,140,0.0,0.9928571581840515,0.0
B,units,3,20,digit_circ:units,140,0.0,0.949999988079071,37.20819841968937
B,units,3,20,digit_circ:random_orth,140,0.0,0.985714316368103,37.208198419689374
B,units,3,20,both:all,140,0.0,0.9285714626312256,81.0679908066219
B,units,3,20,both:tens,140,0.0,0.9785714149475098,20.447710312615552
B,units,3,20,both:units,140,0.0,0.9214285612106323,78.05788589769509
B,units,3,20,both:random_orth,140,0.0,0.985714316368103,81.0679908066219
B,tens,-30,0,full_swap,103,0.8058252334594727,0.0,41.50151824951172
B,tens,-30,0,helix:all,103,0.24271844327449799,0.09708738327026367,21.391053048562007
B,tens,-30,0,helix:tens,103,0.24271844327449799,0.09708738327026367,21.39105304856201
B,tens,-30,0,helix:units,103,0.0,1.0,3.5179078178714706e-14
B,tens,-30,0,helix:random_orth,103,0.0,0.9417476058006287,21.391053048562007
B,tens,-30,0,digit_1hot:all,103,0.3203883469104767,0.0,25.509638546624902
B,tens,-30,0,digit_1hot:tens,103,0.3203883469104767,0.0,25.509638546624902
B,tens,-30,0,digit_1hot:units,103,0.0,1.0,0.0
B,tens,-30,0,digit_1hot:random_orth,103,0.0,0.9126213788986206,25.509638546624902
B,tens,-30,0,digit_circ:all,103,0.10679611563682556,0.3300970792770386,19.624998796740982
B,tens,-30,0,digit_circ:tens,103,0.10679611563682556,0.3300970792770386,19.624998796740982
B,tens,-30,0,digit_circ:units,103,0.0,1.0,0.0
B,tens,-30,0,digit_circ:random_orth,103,0.0,0.9223300814628601,19.624998796740982
B,tens,-30,0,both:all,103,0.3980582654476166,0.009708737954497337,26.87362301059691
B,tens,-30,0,both:tens,103,0.3980582654476166,0.009708737954497337,26.87362301059691
B,tens,-30,0,both:units,103,0.0,1.0,2.9477639795283615e-14
B,tens,-30,0,both:random_orth,103,0.0,0.9223300814628601,26.873623010596912
B,tens,-30,2,full_swap,103,0.7864077687263489,0.0,53.2149543762207
B,tens,-30,2,helix:all,103,0.21359223127365112,0.10679611563682556,29.564678736077273
B,tens,-30,2,helix:tens,103,0.21359223127365112,0.10679611563682556,29.564678736077273
B,tens,-30,2,helix:units,103,0.0,1.0,4.5914657828660577e-14
B,tens,-30,2,helix:random_orth,103,0.0,0.8932039141654968,29.564678736077273
B,tens,-30,2,digit_1hot:all,103,0.3300970792770386,0.0,34.14665384134368
B,tens,-30,2,digit_1hot:tens,103,0.3300970792770386,0.0,34.14665384134368
B,tens,-30,2,digit_1hot:units,103,0.0,1.0,0.0
B,tens,-30,2,digit_1hot:random_orth,103,0.0,0.9126213788986206,34.14665384134368
B,tens,-30,2,digit_circ:all,103,0.09708738327026367,0.33980584144592285,27.362990043253163
B,tens,-30,2,digit_circ:tens,103,0.09708738327026367,0.33980584144592285,27.362990043253163
B,tens,-30,2,digit_circ:units,103,0.0,1.0,0.0
B,tens,-30,2,digit_circ:random_orth,103,0.0,0.9126213788986206,27.362990043253163
B,tens,-30,2,both:all,103,0.40776699781417847,0.0,36.03449271454512
B,tens,-30,2,both:tens,103,0.40776699781417847,0.0,36.03449271454511
B,tens,-30,2,both:units,103,0.0,1.0,3.841675963445698e-14
B,tens,-30,2,both:random_orth,103,0.0,0.8834951519966125,36.03449271454511
B,tens,-30,4,full_swap,103,0.8155339956283569,0.0,70.38077545166016
B,tens,-30,4,helix:all,103,0.2330097109079361,0.0776699036359787,42.691657952712966
B,tens,-30,4,helix:tens,103,0.2330097109079361,0.0776699036359787,42.691657952712966
B,tens,-30,4,helix:units,103,0.0,1.0,6.168556912664388e-14
B,tens,-30,4,helix:random_orth,103,0.0,0.8834951519966125,42.69165795271298
B,tens,-30,4,digit_1hot:all,103,0.28155338764190674,0.0,47.940092125322835
B,tens,-30,4,digit_1hot:tens,103,0.28155338764190674,0.0,47.940092125322835
B,tens,-30,4,digit_1hot:units,103,0.0,1.0,0.0
B,tens,-30,4,digit_1hot:random_orth,103,0.0,0.8349514603614807,47.940092125322835
B,tens,-30,4,digit_circ:all,103,0.09708738327026367,0.3300970792770386,40.40200729412964
B,tens,-30,4,digit_circ:tens,103,0.09708738327026367,0.3300970792770386,40.40200729412964
B,tens,-30,4,digit_circ:units,103,0.0,1.0,0.0
B,tens,-30,4,digit_circ:random_orth,103,0.0,0.9126213788986206,40.40200729412964
B,tens,-30,4,both:all,103,0.33980584144592285,0.0,50.57793775542229
B,tens,-30,4,both:tens,103,0.33980584144592285,0.0,50.57793775542229
B,tens,-30,4,both:units,103,0.0,1.0,5.152963492028345e-14
B,tens,-30,4,both:random_orth,103,0.0,0.9029126167297363,50.57793775542229
B,tens,-30,6,full_swap,103,0.8058252334594727,0.0,83.6927490234375
B,tens,-30,6,helix:all,103,0.21359223127365112,0.10679611563682556,51.616809687838966
B,tens,-30,6,helix:tens,103,0.21359223127365112,0.10679611563682556,51.61680968783897
B,tens,-30,6,helix:units,103,0.0,1.0,7.254215128547505e-14
B,tens,-30,6,helix:random_orth,103,0.0,0.8640776872634888,51.616809687838966
B,tens,-30,6,digit_1hot:all,103,0.24271844327449799,0.0,57.45692976417343
B,tens,-30,6,digit_1hot:tens,103,0.24271844327449799,0.0,57.45692976417343
B,tens,-30,6,digit_1hot:units,103,0.0,1.0,0.0
B,tens,-30,6,digit_1hot:random_orth,103,0.0,0.8932039141654968,57.45692976417343
B,tens,-30,6,digit_circ:all,103,0.09708738327026367,0.35922330617904663,49.50336565491526
B,tens,-30,6,digit_circ:tens,103,0.09708738327026367,0.35922330617904663,49.50336565491526
B,tens,-30,6,digit_circ:units,103,0.0,1.0,0.0
B,tens,-30,6,digit_circ:random_orth,103,0.0,0.8834951519966125,49.50336565491526
B,tens,-30,6,both:all,103,0.3009708821773529,0.0,60.61248325847219
B,tens,-30,6,both:tens,103,0.3009708821773529,0.0,60.61248325847219
B,tens,-30,6,both:units,103,0.0,1.0,6.05687052461887e-14
B,tens,-30,6,both:random_orth,103,0.0,0.8349514603614807,60.61248325847219
B,tens,-30,8,full_swap,103,0.7864077687263489,0.0,94.6686782836914
B,tens,-30,8,helix:all,103,0.1456310749053955,0.19417476654052734,58.67303336941429
B,tens,-30,8,helix:tens,103,0.1456310749053955,0.19417476654052734,58.67303336941429
B,tens,-30,8,helix:units,103,0.0,1.0,8.096045800180721e-14
B,tens,-30,8,helix:random_orth,103,0.0,0.9126213788986206,58.67303336941429
B,tens,-30,8,digit_1hot:all,103,0.2233009785413742,0.0,64.77392160990787
B,tens,-30,8,digit_1hot:tens,103,0.2233009785413742,0.0,64.77392160990787
B,tens,-30,8,digit_1hot:units,103,0.0,1.0,0.0
B,tens,-30,8,digit_1hot:random_orth,103,0.0,0.8252426981925964,64.77392160990787
B,tens,-30,8,digit_circ:all,103,0.058252427726984024,0.41747573018074036,56.36552320511009
B,tens,-30,8,digit_circ:tens,103,0.058252427726984024,0.41747573018074036,56.36552320511009
B,tens,-30,8,digit_circ:units,103,0.0,1.0,0.0
B,tens,-30,8,digit_circ:random_orth,103,0.0,0.8932039141654968,56.3655232051101
B,tens,-30,8,both:all,103,0.28155338764190674,0.009708737954497337,68.44861464127617
B,tens,-30,8,both:tens,103,0.28155338764190674,0.009708737954497337,68.44861464127617
B,tens,-30,8,both:units,103,0.0,1.0,6.747765877991103e-14
B,tens,-30,8,both:random_orth,103,0.0,0.8737863898277283,68.44861464127617
B,tens,-30,10,full_swap,103,0.7864077687263489,0.0,104.40206146240234
B,tens,-30,10,helix:all,103,0.10679611563682556,0.18446601927280426,63.84033364417239
B,tens,-30,10,helix:tens,103,0.10679611563682556,0.18446601927280426,63.84033364417239
B,tens,-30,10,helix:units,103,0.0,1.0,8.909071673304574e-14
B,tens,-30,10,helix:random_orth,103,0.0,0.8737863898277283,63.84033364417239
B,tens,-30,10,digit_1hot:all,103,0.19417476654052734,0.0,70.54302322738202
B,tens,-30,10,digit_1hot:tens,103,0.19417476654052734,0.0,70.54302322738202
B,tens,-30,10,digit_1hot:units,103,0.0,1.0,0.0
B,tens,-30,10,digit_1hot:random_orth,103,0.0,0.8640776872634888,70.54302322738202
B,tens,-30,10,digit_circ:all,103,0.06796116381883621,0.3980582654476166,61.080022410291605
B,tens,-30,10,digit_circ:tens,103,0.06796116381883621,0.3980582654476166,61.080022410291605
B,tens,-30,10,digit_circ:units,103,0.0,1.0,0.0
B,tens,-30,10,digit_circ:random_orth,103,0.0,0.9029126167297363,61.080022410291605
B,tens,-30,10,both:all,103,0.25242719054222107,0.009708737954497337,74.59597853902488
B,tens,-30,10,both:tens,103,0.25242719054222107,0.009708737954497337,74.59597853902488
B,tens,-30,10,both:units,103,0.0,1.0,7.414020642487592e-14
B,tens,-30,10,both:random_orth,103,0.0,0.8737863898277283,74.5959785390249
B,tens,-30,12,full_swap,103,0.5436893105506897,0.058252427726984024,113.8922348022461
B,tens,-30,12,helix:all,103,0.019417475908994675,0.6019417643547058,68.57114876242223
B,tens,-30,12,helix:tens,103,0.019417475908994675,0.6019417643547058,68.57114876242223
B,tens,-30,12,helix:units,103,0.0,1.0,9.719189760844904e-14
B,tens,-30,12,helix:random_orth,103,0.0,0.9417476058006287,68.57114876242223
B,tens,-30,12,digit_1hot:all,103,0.03883495181798935,0.35922330617904663,75.72327158962028
B,tens,-30,12,digit_1hot:tens,103,0.03883495181798935,0.35922330617904663,75.72327158962028
B,tens,-30,12,digit_1hot:units,103,0.0,1.0,0.0
B,tens,-30,12,digit_1hot:random_orth,103,0.0,0.9029126167297363,75.72327158962028
B,tens,-30,12,digit_circ:all,103,0.0,0.708737850189209,65.56419121316542
B,tens,-30,12,digit_circ:tens,103,0.0,0.708737850189209,65.56419121316542
B,tens,-30,12,digit_circ:units,103,0.0,1.0,0.0
B,tens,-30,12,digit_circ:random_orth,103,0.0,0.9126213788986206,65.56419121316542
B,tens,-30,12,both:all,103,0.048543691635131836,0.3300970792770386,80.20315328338918
B,tens,-30,12,both:tens,103,0.048543691635131836,0.3300970792770386,80.20315328338918
B,tens,-30,12,both:units,103,0.0,1.0,8.088101805694019e-14
B,tens,-30,12,both:random_orth,103,0.0,0.9029126167297363,80.20315328338918
B,tens,-30,14,full_swap,103,0.009708737954497337,0.8155339956283569,122.142578125
B,tens,-30,14,helix:all,103,0.0,0.9029126167297363,72.68528057596767
B,tens,-30,14,helix:tens,103,0.0,0.9029126167297363,72.68528057596767
B,tens,-30,14,helix:units,103,0.0,1.0,1.0394622273875236e-13
B,tens,-30,14,helix:random_orth,103,0.0,0.9611650705337524,72.68528057596767
B,tens,-30,14,digit_1hot:all,103,0.0,0.9223300814628601,80.3977555660152
B,tens,-30,14,digit_1hot:tens,103,0.0,0.9223300814628601,80.3977555660152
B,tens,-30,14,digit_1hot:units,103,0.0,1.0,0.0
B,tens,-30,14,digit_1hot:random_orth,103,0.0,0.9223300814628601,80.3977555660152
B,tens,-30,14,digit_circ:all,103,0.0,0.9417476058006287,69.75853060024207
B,tens,-30,14,digit_circ:tens,103,0.0,0.9417476058006287,69.75853060024207
B,tens,-30,14,digit_circ:units,103,0.0,1.0,0.0
B,tens,-30,14,digit_circ:random_orth,103,0.0,0.9514563083648682,69.75853060024207
B,tens,-30,14,both:all,103,0.0,0.8932039141654968,85.24517189699372
B,tens,-30,14,both:tens,103,0.0,0.8932039141654968,85.24517189699372
B,tens,-30,14,both:units,103,0.0,1.0,8.646468809423595e-14
B,tens,-30,14,both:random_orth,103,0.0,0.9223300814628601,85.24517189699372
B,tens,-30,16,full_swap,103,0.0,0.8640776872634888,129.8976593017578
B,tens,-30,16,helix:all,103,0.0,0.9223300814628601,76.7388065120159
B,tens,-30,16,helix:tens,103,0.0,0.9223300814628601,76.7388065120159
B,tens,-30,16,helix:units,103,0.0,1.0,1.1109873094572422e-13
B,tens,-30,16,helix:random_orth,103,0.0,0.9611650705337524,76.7388065120159
B,tens,-30,16,digit_1hot:all,103,0.0,0.9320388436317444,85.09764665135442
B,tens,-30,16,digit_1hot:tens,103,0.0,0.9320388436317444,85.09764665135442
B,tens,-30,16,digit_1hot:units,103,0.0,1.0,0.0
B,tens,-30,16,digit_1hot:random_orth,103,0.0,0.9514563083648682,85.09764665135442
B,tens,-30,16,digit_circ:all,103,0.0,0.9611650705337524,73.72079529003302
B,tens,-30,16,digit_circ:tens,103,0.0,0.9611650705337524,73.72079529003302
B,tens,-30,16,digit_circ:units,103,0.0,1.0,0.0
B,tens,-30,16,digit_circ:random_orth,103,0.0,0.9611650705337524,73.72079529003302
B,tens,-30,16,both:all,103,0.0,0.9514563083648682,90.2185295241801
B,tens,-30,16,both:tens,103,0.0,0.9514563083648682,90.21852952418011
B,tens,-30,16,both:units,103,0.0,1.0,9.223634561217589e-14
B,tens,-30,16,both:random_orth,103,0.0,0.9708737730979919,90.2185295241801
B,tens,-30,18,full_swap,103,0.0,0.9126213788986206,138.415283203125
B,tens,-30,18,helix:all,103,0.0,0.9805825352668762,81.1387818630217
B,tens,-30,18,helix:tens,103,0.0,0.9805825352668762,81.1387818630217
B,tens,-30,18,helix:units,103,0.0,1.0,1.1838947443466682e-13
B,tens,-30,18,helix:random_orth,103,0.0,0.9902912974357605,81.1387818630217
B,tens,-30,18,digit_1hot:all,103,0.0,0.9611650705337524,90.06816920981245
B,tens,-30,18,digit_1hot:tens,103,0.0,0.9611650705337524,90.06816920981245
B,tens,-30,18,digit_1hot:units,103,0.0,1.0,0.0
B,tens,-30,18,digit_1hot:random_orth,103,0.0,0.9514563083648682,90.06816920981245
B,tens,-30,18,digit_circ:all,103,0.0,0.9902912974357605,78.31255443683237
B,tens,-30,18,digit_circ:tens,103,0.0,0.9902912974357605,78.31255443683237
B,tens,-30,18,digit_circ:units,103,0.0,1.0,0.0
B,tens,-30,18,digit_circ:random_orth,103,0.0,0.9611650705337524,78.31255443683237
B,tens,-30,18,both:all,103,0.0,0.9611650705337524,95.45482200134454
B,tens,-30,18,both:tens,103,0.0,0.9611650705337524,95.45482200134454
B,tens,-30,18,both:units,103,0.0,1.0,9.818456802890154e-14
B,tens,-30,18,both:random_orth,103,0.0,0.9902912974357605,95.45482200134454
B,tens,-30,20,full_swap,103,0.0,0.9029126167297363,147.82518005371094
B,tens,-30,20,helix:all,103,0.0,0.9708737730979919,85.75851158965199
B,tens,-30,20,helix:tens,103,0.0,0.9708737730979919,85.75851158965199
B,tens,-30,20,helix:units,103,0.0,1.0,1.2636851443429734e-13
B,tens,-30,20,helix:random_orth,103,0.0,0.9708737730979919,85.75851158965199
B,tens,-30,20,digit_1hot:all,103,0.0,0.9514563083648682,95.33348980624845
B,tens,-30,20,digit_1hot:tens,103,0.0,0.9514563083648682,95.33348980624845
B,tens,-30,20,digit_1hot:units,103,0.0,1.0,0.0
B,tens,-30,20,digit_1hot:random_orth,103,0.0,0.9805825352668762,95.33348980624845
B,tens,-30,20,digit_circ:all,103,0.0,0.9805825352668762,82.74494770240817
B,tens,-30,20,digit_circ:tens,103,0.0,0.9805825352668762,82.74494770240817
B,tens,-30,20,digit_circ:units,103,0.0,1.0,0.0
B,tens,-30,20,digit_circ:random_orth,103,0.0,0.9514563083648682,82.74494770240817
B,tens,-30,20,both:all,103,0.0,0.9320388436317444,100.98140259333509
B,tens,-30,20,both:tens,103,0.0,0.9320388436317444,100.98140259333509
B,tens,-30,20,both:units,103,0.0,1.0,1.0456680821975627e-13
B,tens,-30,20,both:random_orth,103,0.0,0.9708737730979919,100.98140259333509
B,tens,-20,0,full_swap,120,0.7333333492279053,0.0,40.733028411865234
B,tens,-20,0,helix:all,120,0.05833333730697632,0.5750000476837158,16.126100906022238
B,tens,-20,0,helix:tens,120,0.05833333730697632,0.5750000476837158,16.126100906022238
B,tens,-20,0,helix:units,120,0.0,0.98333340883255,3.687705015521223e-14
B,tens,-20,0,helix:random_orth,120,0.0,0.9416667222976685,16.126100906022238
B,tens,-20,0,digit_1hot:all,120,0.30000001192092896,0.0416666679084301,23.970276238689884
B,tens,-20,0,digit_1hot:tens,120,0.30000001192092896,0.0416666679084301,23.970276238689884
B,tens,-20,0,digit_1hot:units,120,0.0,0.98333340883255,0.0
B,tens,-20,0,digit_1hot:random_orth,120,0.0,0.9250000715255737,23.970276238689884
B,tens,-20,0,digit_circ:all,120,0.008333333767950535,0.8250000476837158,14.264284105638975
B,tens,-20,0,digit_circ:tens,120,0.008333333767950535,0.8250000476837158,14.264284105638975
B,tens,-20,0,digit_circ:units,120,0.0,0.98333340883255,0.0
B,tens,-20,0,digit_circ:random_orth,120,0.0,0.9666666984558105,14.264284105638975
B,tens,-20,0,both:all,120,0.31666669249534607,0.05833333730697632,24.760747937909745
B,tens,-20,0,both:tens,120,0.31666669249534607,0.05833333730697632,24.760747937909745
B,tens,-20,0,both:units,120,0.0,0.98333340883255,3.08977858252357e-14
B,tens,-20,0,both:random_orth,120,0.0,0.9250000715255737,24.76074793790975
B,tens,-20,2,full_swap,120,0.7166666984558105,0.0,51.743064880371094
B,tens,-20,2,helix:all,120,0.05833333730697632,0.5250000357627869,22.32669760581208
B,tens,-20,2,helix:tens,120,0.05833333730697632,0.5250000357627869,22.32669760581208
B,tens,-20,2,helix:units,120,0.0,0.98333340883255,4.806331117218004e-14
B,tens,-20,2,helix:random_orth,120,0.0,0.9500000476837158,22.32669760581208
B,tens,-20,2,digit_1hot:all,120,0.2916666865348816,0.0416666679084301,31.65221584228809
B,tens,-20,2,digit_1hot:tens,120,0.2916666865348816,0.0416666679084301,31.65221584228809
B,tens,-20,2,digit_1hot:units,120,0.0,0.98333340883255,0.0
B,tens,-20,2,digit_1hot:random_orth,120,0.0,0.8750000596046448,31.652215842288083
B,tens,-20,2,digit_circ:all,120,0.01666666753590107,0.7833333611488342,19.88469496918555
B,tens,-20,2,digit_circ:tens,120,0.01666666753590107,0.7833333611488342,19.88469496918555
B,tens,-20,2,digit_circ:units,120,0.0,0.98333340883255,0.0
B,tens,-20,2,digit_circ:random_orth,120,0.0,0.9666666984558105,19.884694969185553
B,tens,-20,2,both:all,120,0.30000001192092896,0.05833333730697632,32.742697056379185
B,tens,-20,2,both:tens,120,0.30000001192092896,0.05833333730697632,32.742697056379185
B,tens,-20,2,both:units,120,0.0,0.98333340883255,4.0205142568853535e-14
B,tens,-20,2,both:random_orth,120,0.0,0.9000000357627869,32.742697056379185
B,tens,-20,4,full_swap,120,0.7333333492279053,0.0,67.6622543334961
B,tens,-20,4,helix:all,120,0.05000000447034836,0.4750000238418579,32.221476359512444
B,tens,-20,4,helix:tens,120,0.05000000447034836,0.4750000238418579,32.221476359512444
B,tens,-20,4,helix:units,120,0.0,0.98333340883255,6.451410791999216e-14
B,tens,-20,4,helix:random_orth,120,0.0,0.9166666865348816,32.22147635951244
B,tens,-20,4,digit_1hot:all,120,0.25833335518836975,0.0416666679084301,43.58812049756537
B,tens,-20,4,digit_1hot:tens,120,0.25833335518836975,0.0416666679084301,43.58812049756537
B,tens,-20,4,digit_1hot:units,120,0.0,0.98333340883255,0.0
B,tens,-20,4,digit_1hot:random_orth,120,0.0,0.9000000357627869,43.58812049756537
B,tens,-20,4,digit_circ:all,120,0.01666666753590107,0.7333333492279053,29.344290810289397
B,tens,-20,4,digit_circ:tens,120,0.01666666753590107,0.7333333492279053,29.344290810289397
B,tens,-20,4,digit_circ:units,120,0.0,0.98333340883255,0.0
B,tens,-20,4,digit_circ:random_orth,120,0.0,0.9333333969116211,29.344290810289397
B,tens,-20,4,both:all,120,0.2750000059604645,0.0416666679084301,45.13262724521418
B,tens,-20,4,both:tens,120,0.2750000059604645,0.0416666679084301,45.13262724521418
B,tens,-20,4,both:units,120,0.0,0.98333340883255,5.389633980711387e-14
B,tens,-20,4,both:random_orth,120,0.0,0.8916667103767395,45.13262724521418
B,tens,-20,6,full_swap,120,0.7500000596046448,0.0,80.01168823242188
B,tens,-20,6,helix:all,120,0.05000000447034836,0.5083333849906921,38.96683881996445
B,tens,-20,6,helix:tens,120,0.05000000447034836,0.5083333849906921,38.96683881996446
B,tens,-20,6,helix:units,120,0.0,0.98333340883255,7.57954818429178e-14
B,tens,-20,6,helix:random_orth,120,0.0,0.9250000715255737,38.96683881996445
B,tens,-20,6,digit_1hot:all,120,0.28333336114883423,0.0416666679084301,51.979874796687
B,tens,-20,6,digit_1hot:tens,120,0.28333336114883423,0.0416666679084301,51.979874796687
B,tens,-20,6,digit_1hot:units,120,0.0,0.98333340883255,0.0
B,tens,-20,6,digit_1hot:random_orth,120,0.0,0.8583333492279053,51.979874796687
B,tens,-20,6,digit_circ:all,120,0.01666666753590107,0.7500000596046448,35.937925879191106
B,tens,-20,6,digit_circ:tens,120,0.01666666753590107,0.7500000596046448,35.937925879191106
B,tens,-20,6,digit_circ:units,120,0.0,0.98333340883255,0.0
B,tens,-20,6,digit_circ:random_orth,120,0.0,0.9250000715255737,35.937925879191106
B,tens,-20,6,both:all,120,0.28333336114883423,0.02500000223517418,53.83158081939955
B,tens,-20,6,both:tens,120,0.28333336114883423,0.02500000223517418,53.83158081939955
B,tens,-20,6,both:units,120,0.0,0.98333340883255,6.32941956513277e-14
B,tens,-20,6,both:random_orth,120,0.0,0.9000000357627869,53.83158081939955
B,tens,-20,8,full_swap,120,0.7583333849906921,0.0,90.25509643554688
B,tens,-20,8,helix:all,120,0.03333333507180214,0.5416666865348816,44.42352017972712
B,tens,-20,8,helix:tens,120,0.03333333507180214,0.5416666865348816,44.42352017972712
B,tens,-20,8,helix:units,120,0.0,0.98333340883255,8.454795952482285e-14
B,tens,-20,8,helix:random_orth,120,0.0,0.9166666865348816,44.42352017972712
B,tens,-20,8,digit_1hot:all,120,0.23333334922790527,0.05833333730697632,58.453874760199746
B,tens,-20,8,digit_1hot:tens,120,0.23333334922790527,0.05833333730697632,58.453874760199746
B,tens,-20,8,digit_1hot:units,120,0.0,0.98333340883255,0.0
B,tens,-20,8,digit_1hot:random_orth,120,0.0,0.9250000715255737,58.453874760199746
B,tens,-20,8,digit_circ:all,120,0.0,0.7916666865348816,40.92198184791567
B,tens,-20,8,digit_circ:tens,120,0.0,0.7916666865348816,40.92198184791567
B,tens,-20,8,digit_circ:units,120,0.0,0.98333340883255,0.0
B,tens,-20,8,digit_circ:random_orth,120,0.0,0.9333333969116211,40.92198184791567
B,tens,-20,8,both:all,120,0.22500000894069672,0.0416666679084301,60.59907025833395
B,tens,-20,8,both:tens,120,0.22500000894069672,0.0416666679084301,60.59907025833395
B,tens,-20,8,both:units,120,0.0,0.98333340883255,7.048172732256075e-14
B,tens,-20,8,both:random_orth,120,0.0,0.8750000596046448,60.59907025833395
B,tens,-20,10,full_swap,120,0.7583333849906921,0.0,99.67672729492188
B,tens,-20,10,helix:all,120,0.03333333507180214,0.5333333611488342,48.37652602267092
B,tens,-20,10,helix:tens,120,0.03333333507180214,0.5333333611488342,48.37652602267092
B,tens,-20,10,helix:units,120,0.0,0.98333340883255,9.308679620132443e-14
B,tens,-20,10,helix:random_orth,120,0.0,0.9083333611488342,48.37652602267092
B,tens,-20,10,digit_1hot:all,120,0.23333334922790527,0.05000000447034836,63.718341232021075
B,tens,-20,10,digit_1hot:tens,120,0.23333334922790527,0.05000000447034836,63.718341232021075
B,tens,-20,10,digit_1hot:units,120,0.0,0.98333340883255,0.0
B,tens,-20,10,digit_1hot:random_orth,120,0.0,0.9083333611488342,63.71834123202107
B,tens,-20,10,digit_circ:all,120,0.0,0.7750000357627869,44.35296272153034
B,tens,-20,10,digit_circ:tens,120,0.0,0.7750000357627869,44.35296272153034
B,tens,-20,10,digit_circ:units,120,0.0,0.98333340883255,0.0
B,tens,-20,10,digit_circ:random_orth,120,0.0,0.9416667222976685,44.35296272153034
B,tens,-20,10,both:all,120,0.25,0.03333333507180214,66.07620769347426
B,tens,-20,10,both:tens,120,0.25,0.03333333507180214,66.07620769347426
B,tens,-20,10,both:units,120,0.0,0.98333340883255,7.748731471092334e-14
B,tens,-20,10,both:random_orth,120,0.0,0.8666667342185974,66.07620769347426
B,tens,-20,12,full_swap,120,0.5083333849906921,0.14166668057441711,108.58354949951172
B,tens,-20,12,helix:all,120,0.0,0.8166667222976685,52.011803426696666
B,tens,-20,12,helix:tens,120,0.0,0.8166667222976685,52.011803426696666
B,tens,-20,12,helix:units,120,0.0,0.98333340883255,1.0146672839324563e-13
B,tens,-20,12,helix:random_orth,120,0.0,0.9583333730697632,52.011803426696666
B,tens,-20,12,digit_1hot:all,120,0.0,0.5333333611488342,68.35479838449733
B,tens,-20,12,digit_1hot:tens,120,0.0,0.5333333611488342,68.35479838449733
B,tens,-20,12,digit_1hot:units,120,0.0,0.98333340883255,0.0
B,tens,-20,12,digit_1hot:random_orth,120,0.0,0.9333333969116211,68.35479838449733
B,tens,-20,12,digit_circ:all,120,0.0,0.9166666865348816,47.604519469006554
B,tens,-20,12,digit_circ:tens,120,0.0,0.9166666865348816,47.604519469006554
B,tens,-20,12,digit_circ:units,120,0.0,0.98333340883255,0.0
B,tens,-20,12,digit_circ:random_orth,120,0.0,0.9583333730697632,47.604519469006554
B,tens,-20,12,both:all,120,0.008333333767950535,0.5250000357627869,70.94396761517082
B,tens,-20,12,both:tens,120,0.008333333767950535,0.5250000357627869,70.94396761517082
B,tens,-20,12,both:units,120,0.0,0.98333340883255,8.444557673476227e-14
B,tens,-20,12,both:random_orth,120,0.0,0.9083333611488342,70.94396761517082
B,tens,-20,14,full_swap,120,0.008333333767950535,0.8416666984558105,116.29203796386719
B,tens,-20,14,helix:all,120,0.0,0.9500000476837158,55.08250081238348
B,tens,-20,14,helix:tens,120,0.0,0.9500000476837158,55.08250081238348
B,tens,-20,14,helix:units,120,0.0,0.98333340883255,1.0846927570377744e-13
B,tens,-20,14,helix:random_orth,120,0.0,0.9416667222976685,55.08250081238348
B,tens,-20,14,digit_1hot:all,120,0.0,0.9083333611488342,72.41195871408108
B,tens,-20,14,digit_1hot:tens,120,0.0,0.9083333611488342,72.41195871408108
B,tens,-20,14,digit_1hot:units,120,0.0,0.98333340883255,0.0
B,tens,-20,14,digit_1hot:random_orth,120,0.0,0.9666666984558105,72.41195871408108
B,tens,-20,14,digit_circ:all,120,0.0,0.9666666984558105,50.6507168020577
B,tens,-20,14,digit_circ:tens,120,0.0,0.9666666984558105,50.6507168020577
B,tens,-20,14,digit_circ:units,120,0.0,0.98333340883255,0.0
B,tens,-20,14,digit_circ:random_orth,120,0.0,0.98333340883255,50.6507168020577
B,tens,-20,14,both:all,120,0.0,0.8916667103767395,75.21260516540718
B,tens,-20,14,both:tens,120,0.0,0.8916667103767395,75.21260516540718
B,tens,-20,14,both:units,120,0.0,0.98333340883255,9.021467371965988e-14
B,tens,-20,14,both:random_orth,120,0.0,0.9583333730697632,75.21260516540718
B,tens,-20,16,full_swap,120,0.0,0.8833333849906921,123.60282135009766
B,tens,-20,16,helix:all,120,0.0,0.9583333730697632,58.165412540999455
B,tens,-20,16,helix:tens,120,0.0,0.9583333730697632,58.165412540999455
B,tens,-20,16,helix:units,120,0.0,0.98333340883255,1.158426318547221e-13
B,tens,-20,16,helix:random_orth,120,0.0,0.9583333730697632,58.16541254099945
B,tens,-20,16,digit_1hot:all,120,0.0,0.9333333969116211,76.62211099460504
B,tens,-20,16,digit_1hot:tens,120,0.0,0.9333333969116211,76.62211099460504
B,tens,-20,16,digit_1hot:units,120,0.0,0.98333340883255,0.0
B,tens,-20,16,digit_1hot:random_orth,120,0.0,0.98333340883255,76.62211099460504
B,tens,-20,16,digit_circ:all,120,0.0,0.9750000238418579,53.52861230691513
B,tens,-20,16,digit_circ:tens,120,0.0,0.9750000238418579,53.52861230691513
B,tens,-20,16,digit_circ:units,120,0.0,0.98333340883255,0.0
B,tens,-20,16,digit_circ:random_orth,120,0.0,0.98333340883255,53.52861230691513
B,tens,-20,16,both:all,120,0.0,0.9500000476837158,79.58718890608192
B,tens,-20,16,both:tens,120,0.0,0.9500000476837158,79.58718890608192
B,tens,-20,16,both:units,120,0.0,0.98333340883255,9.616751287856228e-14
B,tens,-20,16,both:random_orth,120,0.0,0.9666666984558105,79.58718890608192
B,tens,-20,18,full_swap,120,0.0,0.9166666865348816,131.75338745117188
B,tens,-20,18,helix:all,120,0.0,0.9916667342185974,61.50067353568257
B,tens,-20,18,helix:tens,120,0.0,0.9916667342185974,61.50067353568257
B,tens,-20,18,helix:units,120,0.0,0.98333340883255,1.2340341335211655e-13
B,tens,-20,18,helix:random_orth,120,0.0,0.9916667342185974,61.50067353568257
B,tens,-20,18,digit_1hot:all,120,0.0,0.9666666984558105,80.97540428137997
B,tens,-20,18,digit_1hot:tens,120,0.0,0.9666666984558105,80.97540428137997
B,tens,-20,18,digit_1hot:units,120,0.0,0.98333340883255,0.0
B,tens,-20,18,digit_1hot:random_orth,120,0.0,0.98333340883255,80.97540428137997
B,tens,-20,18,digit_circ:all,120,0.0,0.9916667342185974,56.862647384020015
B,tens,-20,18,digit_circ:tens,120,0.0,0.9916667342185974,56.862647384020015
B,tens,-20,18,digit_circ:units,120,0.0,0.98333340883255,0.0
B,tens,-20,18,digit_circ:random_orth,120,0.0,0.9916667342185974,56.862647384020015
B,tens,-20,18,both:all,120,0.0,0.9666666984558105,84.08057238278158
B,tens,-20,18,both:tens,120,0.0,0.9666666984558105,84.08057238278158
B,tens,-20,18,both:units,120,0.0,0.98333340883255,1.023434930664624e-13
B,tens,-20,18,both:random_orth,120,0.0,0.9916667342185974,84.08057238278158
B,tens,-20,20,full_swap,120,0.0,0.9166666865348816,140.71070861816406
B,tens,-20,20,helix:all,120,0.0,0.9916667342185974,64.94942359283561
B,tens,-20,20,helix:tens,120,0.0,0.9916667342185974,64.94942359283561
B,tens,-20,20,helix:units,120,0.0,0.98333340883255,1.317309051917207e-13
B,tens,-20,20,helix:random_orth,120,0.0,0.98333340883255,64.94942359283561
B,tens,-20,20,digit_1hot:all,120,0.0,0.9500000476837158,85.50548481518204
B,tens,-20,20,digit_1hot:tens,120,0.0,0.9500000476837158,85.50548481518204
B,tens,-20,20,digit_1hot:units,120,0.0,0.98333340883255,0.0
B,tens,-20,20,digit_1hot:random_orth,120,0.0,0.9916667342185974,85.50548481518207
B,tens,-20,20,digit_circ:all,120,0.0,1.0,60.09605414187261
B,tens,-20,20,digit_circ:tens,120,0.0,1.0,60.09605414187261
B,tens,-20,20,digit_circ:units,120,0.0,0.98333340883255,0.0
B,tens,-20,20,digit_circ:random_orth,120,0.0,0.9916667342185974,60.0960541418726
B,tens,-20,20,both:all,120,0.0,0.9500000476837158,88.76922295913242
B,tens,-20,20,both:tens,120,0.0,0.9500000476837158,88.76922295913242
B,tens,-20,20,both:units,120,0.0,0.98333340883255,1.0900895997360875e-13
B,tens,-20,20,both:random_orth,120,0.0,0.98333340883255,88.76922295913242
B,tens,-10,0,full_swap,146,0.732876718044281,0.006849315017461777,39.488014221191406
B,tens,-10,0,helix:all,146,0.013698630034923553,0.8150684833526611,9.017748758905897
B,tens,-10,0,helix:tens,146,0.013698630034923553,0.8150684833526611,9.017748758905897
B,tens,-10,0,helix:units,146,0.0,1.0,2.1313358564604642e-14
B,tens,-10,0,helix:random_orth,146,0.0,0.9794520735740662,9.017748758905897
B,tens,-10,0,digit_1hot:all,146,0.13013698160648346,0.36301368474960327,20.587822491489167
B,tens,-10,0,digit_1hot:tens,146,0.13013698160648346,0.36301368474960327,20.587822491489167
B,tens,-10,0,digit_1hot:units,146,0.0,1.0,0.0
B,tens,-10,0,digit_1hot:random_orth,146,0.006849315017461777,0.931506872177124,20.587822491489163
B,tens,-10,0,digit_circ:all,146,0.013698630034923553,0.9109588861465454,7.486560467478412
B,tens,-10,0,digit_circ:tens,146,0.013698630034923553,0.9109588861465454,7.486560467478412
B,tens,-10,0,digit_circ:units,146,0.0,1.0,0.0
B,tens,-10,0,digit_circ:random_orth,146,0.0,0.9726027250289917,7.486560467478412
B,tens,-10,0,both:all,146,0.1438356190919876,0.34246575832366943,20.83840511727692
B,tens,-10,0,both:tens,146,0.1438356190919876,0.34246575832366943,20.838405117276924
B,tens,-10,0,both:units,146,0.0,1.0,1.78548482584295e-14
B,tens,-10,0,both:random_orth,146,0.0,0.931506872177124,20.83840511727692
B,tens,-10,2,full_swap,146,0.732876718044281,0.006849315017461777,49.71864318847656
B,tens,-10,2,helix:all,146,0.013698630034923553,0.801369845867157,12.549626987837915
B,tens,-10,2,helix:tens,146,0.013698630034923553,0.801369845867157,12.549626987837915
B,tens,-10,2,helix:units,146,0.0,1.0,2.7764375312865142e-14
B,tens,-10,2,helix:random_orth,146,0.006849315017461777,0.965753436088562,12.549626987837915
B,tens,-10,2,digit_1hot:all,146,0.13013698160648346,0.3561643958091736,26.777604019495364
B,tens,-10,2,digit_1hot:tens,146,0.13013698160648346,0.3561643958091736,26.777604019495364
B,tens,-10,2,digit_1hot:units,146,0.0,1.0,0.0
B,tens,-10,2,digit_1hot:random_orth,146,0.0,0.9589040875434875,26.777604019495364
B,tens,-10,2,digit_circ:all,146,0.006849315017461777,0.8698630332946777,10.431032862812597
B,tens,-10,2,digit_circ:tens,146,0.006849315017461777,0.8698630332946777,10.431032862812597
B,tens,-10,2,digit_circ:units,146,0.0,1.0,0.0
B,tens,-10,2,digit_circ:random_orth,146,0.0,0.9520547986030579,10.431032862812597
B,tens,-10,2,both:all,146,0.13698630034923553,0.3287671208381653,27.13155035567325
B,tens,-10,2,both:tens,146,0.13698630034923553,0.3287671208381653,27.13155035567325
B,tens,-10,2,both:units,146,0.0,1.0,2.3232326831493025e-14
B,tens,-10,2,both:random_orth,146,0.006849315017461777,0.9041095972061157,27.13155035567325
B,tens,-10,4,full_swap,146,0.7191780805587769,0.006849315017461777,64.58216857910156
B,tens,-10,4,helix:all,146,0.013698630034923553,0.801369845867157,18.145619892342413
B,tens,-10,4,helix:tens,146,0.013698630034923553,0.801369845867157,18.145619892342413
B,tens,-10,4,helix:units,146,0.0,1.0,3.7242485410763844e-14
B,tens,-10,4,helix:random_orth,146,0.006849315017461777,0.9520547986030579,18.145619892342413
B,tens,-10,4,digit_1hot:all,146,0.13698630034923553,0.3219178020954132,36.300055022185326
B,tens,-10,4,digit_1hot:tens,146,0.13698630034923553,0.3219178020954132,36.300055022185326
B,tens,-10,4,digit_1hot:units,146,0.0,1.0,0.0
B,tens,-10,4,digit_1hot:random_orth,146,0.0,0.931506872177124,36.300055022185326
B,tens,-10,4,digit_circ:all,146,0.006849315017461777,0.8493150472640991,15.340148943067375
B,tens,-10,4,digit_circ:tens,146,0.006849315017461777,0.8493150472640991,15.340148943067375
B,tens,-10,4,digit_circ:units,146,0.0,1.0,0.0
B,tens,-10,4,digit_circ:random_orth,146,0.0,0.9794520735740662,15.340148943067371
B,tens,-10,4,both:all,146,0.1438356190919876,0.301369845867157,36.81236736556235
B,tens,-10,4,both:tens,146,0.1438356190919876,0.301369845867157,36.81236736556235
B,tens,-10,4,both:units,146,0.0,1.0,3.1116846769742436e-14
B,tens,-10,4,both:random_orth,146,0.006849315017461777,0.8972602486610413,36.81236736556235
B,tens,-10,6,full_swap,146,0.7397260069847107,0.006849315017461777,76.50236511230469
B,tens,-10,6,helix:all,146,0.013698630034923553,0.8219177722930908,21.964937046177877
B,tens,-10,6,helix:tens,146,0.013698630034923553,0.8219177722930908,21.96493704617788
B,tens,-10,6,helix:units,146,0.0,1.0,4.372109021121043e-14
B,tens,-10,6,helix:random_orth,146,0.006849315017461777,0.9520547986030579,21.964937046177877
B,tens,-10,6,digit_1hot:all,146,0.13698630034923553,0.30821916460990906,43.22779930586912
B,tens,-10,6,digit_1hot:tens,146,0.13698630034923553,0.30821916460990906,43.22779930586912
B,tens,-10,6,digit_1hot:units,146,0.0,1.0,0.0
B,tens,-10,6,digit_1hot:random_orth,146,0.0,0.9452054500579834,43.22779930586912
B,tens,-10,6,digit_circ:all,146,0.006849315017461777,0.8767123222351074,18.74889920558736
B,tens,-10,6,digit_circ:tens,146,0.006849315017461777,0.8767123222351074,18.74889920558736
B,tens,-10,6,digit_circ:units,146,0.0,1.0,0.0
B,tens,-10,6,digit_circ:random_orth,146,0.0,0.9794520735740662,18.74889920558736
B,tens,-10,6,both:all,146,0.1438356190919876,0.2945205569267273,43.844335305846606
B,tens,-10,6,both:tens,146,0.1438356190919876,0.2945205569267273,43.844335305846606
B,tens,-10,6,both:units,146,0.0,1.0,3.65127498809535e-14
B,tens,-10,6,both:random_orth,146,0.0,0.931506872177124,43.8443353058466
B,tens,-10,8,full_swap,146,0.7191780805587769,0.006849315017461777,86.67668914794922
B,tens,-10,8,helix:all,146,0.013698630034923553,0.8219177722930908,25.169415338183708
B,tens,-10,8,helix:tens,146,0.013698630034923553,0.8219177722930908,25.169415338183708
B,tens,-10,8,helix:units,146,0.0,1.0,4.8708773260046674e-14
B,tens,-10,8,helix:random_orth,146,0.0,0.965753436088562,25.169415338183708
B,tens,-10,8,digit_1hot:all,146,0.10958904027938843,0.3493150770664215,48.811847653839315
B,tens,-10,8,digit_1hot:tens,146,0.10958904027938843,0.3493150770664215,48.811847653839315
B,tens,-10,8,digit_1hot:units,146,0.0,1.0,0.0
B,tens,-10,8,digit_1hot:random_orth,146,0.0,0.9452054500579834,48.811847653839315
B,tens,-10,8,digit_circ:all,146,0.006849315017461777,0.8972602486610413,21.38071165730778
B,tens,-10,8,digit_circ:tens,146,0.006849315017461777,0.8972602486610413,21.38071165730778
B,tens,-10,8,digit_circ:units,146,0.0,1.0,0.0
B,tens,-10,8,digit_circ:random_orth,146,0.006849315017461777,0.9520547986030579,21.380711657307785
B,tens,-10,8,both:all,146,0.1164383590221405,0.3219178020954132,49.52629578045544
B,tens,-10,8,both:tens,146,0.1164383590221405,0.3219178020954132,49.52629578045544
B,tens,-10,8,both:units,146,0.0,1.0,4.0607390091173034e-14
B,tens,-10,8,both:random_orth,146,0.006849315017461777,0.9109588861465454,49.52629578045544
B,tens,-10,10,full_swap,146,0.732876718044281,0.006849315017461777,95.7615737915039
B,tens,-10,10,helix:all,146,0.006849315017461777,0.8082191944122314,27.426669738654123
B,tens,-10,10,helix:tens,146,0.006849315017461777,0.8082191944122314,27.42666973865412
B,tens,-10,10,helix:units,146,0.0,1.0,5.3618591921933805e-14
B,tens,-10,10,helix:random_orth,146,0.0,0.965753436088562,27.42666973865412
B,tens,-10,10,digit_1hot:all,146,0.10958904027938843,0.3493150770664215,53.353223096406545
B,tens,-10,10,digit_1hot:tens,146,0.10958904027938843,0.3493150770664215,53.353223096406545
B,tens,-10,10,digit_1hot:units,146,0.0,1.0,0.0
B,tens,-10,10,digit_1hot:random_orth,146,0.006849315017461777,0.9520547986030579,53.353223096406545
B,tens,-10,10,digit_circ:all,146,0.006849315017461777,0.8972602486610413,23.18576753171506
B,tens,-10,10,digit_circ:tens,146,0.006849315017461777,0.8972602486610413,23.18576753171506
B,tens,-10,10,digit_circ:units,146,0.0,1.0,0.0
B,tens,-10,10,digit_circ:random_orth,146,0.006849315017461777,0.965753436088562,23.18576753171506
B,tens,-10,10,both:all,146,0.12328767031431198,0.3219178020954132,54.12772772049323
B,tens,-10,10,both:tens,146,0.12328767031431198,0.3219178020954132,54.12772772049323
B,tens,-10,10,both:units,146,0.0,1.0,4.4641300532210234e-14
B,tens,-10,10,both:random_orth,146,0.006849315017461777,0.9041095972061157,54.12772772049323
B,tens,-10,12,full_swap,146,0.39726027846336365,0.28082191944122314,104.40316772460938
B,tens,-10,12,helix:all,146,0.013698630034923553,0.8835616111755371,29.535864693582706
B,tens,-10,12,helix:tens,146,0.013698630034923553,0.8835616111755371,29.535864693582706
B,tens,-10,12,helix:units,146,0.0,1.0,5.841832957287197e-14
B,tens,-10,12,helix:random_orth,146,0.0,0.9794520735740662,29.535864693582706
B,tens,-10,12,digit_1hot:all,146,0.006849315017461777,0.7397260069847107,57.18293215116069
B,tens,-10,12,digit_1hot:tens,146,0.006849315017461777,0.7397260069847107,57.18293215116069
B,tens,-10,12,digit_1hot:units,146,0.0,1.0,0.0
B,tens,-10,12,digit_1hot:random_orth,146,0.0,0.9726027250289917,57.18293215116069
B,tens,-10,12,digit_circ:all,146,0.006849315017461777,0.9589040875434875,24.89357719747501
B,tens,-10,12,digit_circ:tens,146,0.006849315017461777,0.9589040875434875,24.89357719747501
B,tens,-10,12,digit_circ:units,146,0.0,1.0,0.0
B,tens,-10,12,digit_circ:random_orth,146,0.0,0.9794520735740662,24.89357719747501
B,tens,-10,12,both:all,146,0.006849315017461777,0.732876718044281,58.039760151996894
B,tens,-10,12,both:tens,146,0.006849315017461777,0.732876718044281,58.039760151996894
B,tens,-10,12,both:units,146,0.0,1.0,4.8632729916203084e-14
B,tens,-10,12,both:random_orth,146,0.0,0.9383561611175537,58.039760151996894
B,tens,-10,14,full_swap,146,0.0,0.8493150472640991,111.95558166503906
B,tens,-10,14,helix:all,146,0.0,0.9589040875434875,31.271416360818428
B,tens,-10,14,helix:tens,146,0.0,0.9589040875434875,31.271416360818428
B,tens,-10,14,helix:units,146,0.0,1.0,6.241950791543677e-14
B,tens,-10,14,helix:random_orth,146,0.0,1.0,31.271416360818428
B,tens,-10,14,digit_1hot:all,146,0.006849315017461777,0.9178082346916199,60.67061846046492
B,tens,-10,14,digit_1hot:tens,146,0.006849315017461777,0.9178082346916199,60.67061846046492
B,tens,-10,14,digit_1hot:units,146,0.0,1.0,0.0
B,tens,-10,14,digit_1hot:random_orth,146,0.006849315017461777,0.965753436088562,60.670618460464915
B,tens,-10,14,digit_circ:all,146,0.0,0.9931506514549255,26.46972580716299
B,tens,-10,14,digit_circ:tens,146,0.0,0.9931506514549255,26.46972580716299
B,tens,-10,14,digit_circ:units,146,0.0,1.0,0.0
B,tens,-10,14,digit_circ:random_orth,146,0.0,0.9863013625144958,26.469725807162988
B,tens,-10,14,both:all,146,0.0,0.9246575236320496,61.598172259075525
B,tens,-10,14,both:tens,146,0.0,0.9246575236320496,61.59817225907555
B,tens,-10,14,both:units,146,0.0,1.0,5.1935964088742994e-14
B,tens,-10,14,both:random_orth,146,0.0,0.9726027250289917,61.59817225907553
B,tens,-10,16,full_swap,146,0.0,0.8972602486610413,119.16777801513672
B,tens,-10,16,helix:all,146,0.0,0.9863013625144958,33.01323209609983
B,tens,-10,16,helix:tens,146,0.0,0.9863013625144958,33.01323209609982
B,tens,-10,16,helix:units,146,0.0,1.0,6.66225819490016e-14
B,tens,-10,16,helix:random_orth,146,0.0,0.9863013625144958,33.01323209609982
B,tens,-10,16,digit_1hot:all,146,0.006849315017461777,0.9452054500579834,64.21286691650272
B,tens,-10,16,digit_1hot:tens,146,0.006849315017461777,0.9452054500579834,64.21286691650272
B,tens,-10,16,digit_1hot:units,146,0.0,1.0,0.0
B,tens,-10,16,digit_1hot:random_orth,146,0.006849315017461777,0.9726027250289917,64.21286691650272
B,tens,-10,16,digit_circ:all,146,0.0,0.9931506514549255,27.97212248786091
B,tens,-10,16,digit_circ:tens,146,0.0,0.9931506514549255,27.97212248786091
B,tens,-10,16,digit_circ:units,146,0.0,1.0,0.0
B,tens,-10,16,digit_circ:random_orth,146,0.0,0.9931506514549255,27.972122487860915
B,tens,-10,16,both:all,146,0.006849315017461777,0.9383561611175537,65.19452986955683
B,tens,-10,16,both:tens,146,0.006849315017461777,0.9383561611175537,65.19452986955683
B,tens,-10,16,both:units,146,0.0,1.0,5.533272717772978e-14
B,tens,-10,16,both:random_orth,146,0.0,0.9726027250289917,65.19452986955683
B,tens,-10,18,full_swap,146,0.006849315017461777,0.8972602486610413,127.07263946533203
B,tens,-10,18,helix:all,146,0.0,0.9863013625144958,34.94341758904849
B,tens,-10,18,helix:tens,146,0.0,0.9863013625144958,34.94341758904849
B,tens,-10,18,helix:units,146,0.0,1.0,7.0934416779071e-14
B,tens,-10,18,helix:random_orth,146,0.0,1.0,34.94341758904848
B,tens,-10,18,digit_1hot:all,146,0.006849315017461777,0.9520547986030579,67.86703720517893
B,tens,-10,18,digit_1hot:tens,146,0.006849315017461777,0.9520547986030579,67.86703720517893
B,tens,-10,18,digit_1hot:units,146,0.0,1.0,0.0
B,tens,-10,18,digit_1hot:random_orth,146,0.006849315017461777,0.9726027250289917,67.86703720517892
B,tens,-10,18,digit_circ:all,146,0.0,0.9931506514549255,29.708231916036024
B,tens,-10,18,digit_circ:tens,146,0.0,0.9931506514549255,29.708231916036024
B,tens,-10,18,digit_circ:units,146,0.0,1.0,0.0
B,tens,-10,18,digit_circ:random_orth,146,0.006849315017461777,0.9931506514549255,29.708231916036024
B,tens,-10,18,both:all,146,0.006849315017461777,0.9520547986030579,68.88547390751198
B,tens,-10,18,both:tens,146,0.006849315017461777,0.9520547986030579,68.88547390751198
B,tens,-10,18,both:units,146,0.0,1.0,5.885875855501632e-14
B,tens,-10,18,both:random_orth,146,0.0,0.965753436088562,68.885473907512
B,tens,-10,20,full_swap,146,0.006849315017461777,0.9041095972061157,135.79244995117188
B,tens,-10,20,helix:all,146,0.0,0.9863013625144958,36.87645405875425
B,tens,-10,20,helix:tens,146,0.0,0.9863013625144958,36.87645405875425
B,tens,-10,20,helix:units,146,0.0,1.0,7.570189559674224e-14
B,tens,-10,20,helix:random_orth,146,0.006849315017461777,0.9794520735740662,36.87645405875425
B,tens,-10,20,digit_1hot:all,146,0.006849315017461777,0.965753436088562,71.56257972448063
B,tens,-10,20,digit_1hot:tens,146,0.006849315017461777,0.965753436088562,71.56257972448063
B,tens,-10,20,digit_1hot:units,146,0.0,1.0,0.0
B,tens,-10,20,digit_1hot:random_orth,146,0.006849315017461777,0.9794520735740662,71.56257972448063
B,tens,-10,20,digit_circ:all,146,0.0,0.9931506514549255,31.436520228719417
B,tens,-10,20,digit_circ:tens,146,0.0,0.9931506514549255,31.436520228719417
B,tens,-10,20,digit_circ:units,146,0.0,1.0,0.0
B,tens,-10,20,digit_circ:random_orth,146,0.0,0.9794520735740662,31.436520228719417
B,tens,-10,20,both:all,146,0.006849315017461777,0.9589040875434875,72.63654428700386
B,tens,-10,20,both:tens,146,0.006849315017461777,0.9589040875434875,72.63654428700386
B,tens,-10,20,both:units,146,0.0,1.0,6.268027241276692e-14
B,tens,-10,20,both:random_orth,146,0.006849315017461777,0.9726027250289917,72.63654428700386
B,tens,10,0,full_swap,174,0.6149425506591797,0.10344827175140381,39.44573211669922
B,tens,10,0,helix:all,174,0.01149425283074379,0.8563218116760254,9.350906144137486
B,tens,10,0,helix:tens,174,0.01149425283074379,0.8563218116760254,9.350906144137486
B,tens,10,0,helix:units,174,0.0,1.0,2.0770810370876302e-14
B,tens,10,0,helix:random_orth,174,0.0,0.9942528605461121,9.350906144137484
B,tens,10,0,digit_1hot:all,174,0.16091954708099365,0.24712643027305603,20.580983241540732
B,tens,10,0,digit_1hot:tens,174,0.16091954708099365,0.24712643027305603,20.580983241540732
B,tens,10,0,digit_1hot:units,174,0.0,1.0,0.0
B,tens,10,0,digit_1hot:random_orth,174,0.0,0.9482758641242981,20.580983241540732
B,tens,10,0,digit_circ:all,174,0.0,0.8793103694915771,7.464391022520778
B,tens,10,0,digit_circ:tens,174,0.0,0.8793103694915771,7.464391022520778
B,tens,10,0,digit_circ:units,174,0.0,1.0,0.0
B,tens,10,0,digit_circ:random_orth,174,0.0,0.977011501789093,7.464391022520778
B,tens,10,0,both:all,174,0.18965516984462738,0.23563218116760254,20.88744730948172
B,tens,10,0,both:tens,174,0.18965516984462738,0.23563218116760254,20.88744730948172
B,tens,10,0,both:units,174,0.0,1.0,1.737690199072413e-14
B,tens,10,0,both:random_orth,174,0.0,0.9597700834274292,20.88744730948172
B,tens,10,2,full_swap,174,0.6321839094161987,0.10344827175140381,50.53089141845703
B,tens,10,2,helix:all,174,0.017241379246115685,0.8505747318267822,13.068365921934106
B,tens,10,2,helix:tens,174,0.017241379246115685,0.8505747318267822,13.068365921934106
B,tens,10,2,helix:units,174,0.0,1.0,2.6978334371155395e-14
B,tens,10,2,helix:random_orth,174,0.0,0.9712643623352051,13.068365921934106
B,tens,10,2,digit_1hot:all,174,0.17241379618644714,0.24712643027305603,26.88425964929249
B,tens,10,2,digit_1hot:tens,174,0.17241379618644714,0.24712643027305603,26.88425964929249
B,tens,10,2,digit_1hot:units,174,0.0,1.0,0.0
B,tens,10,2,digit_1hot:random_orth,174,0.0,0.9252873659133911,26.884259649292492
B,tens,10,2,digit_circ:all,174,0.01149425283074379,0.8735632300376892,10.400648415486778
B,tens,10,2,digit_circ:tens,174,0.01149425283074379,0.8735632300376892,10.400648415486778
B,tens,10,2,digit_circ:units,174,0.0,1.0,0.0
B,tens,10,2,digit_circ:random_orth,174,0.0,0.9655172228813171,10.400648415486778
B,tens,10,2,both:all,174,0.1781609207391739,0.2586206793785095,27.366902796130947
B,tens,10,2,both:tens,174,0.1781609207391739,0.2586206793785095,27.366902796130947
B,tens,10,2,both:units,174,0.0,1.0,2.2544274879854204e-14
B,tens,10,2,both:random_orth,174,0.0,0.9252873659133911,27.366902796130947
B,tens,10,4,full_swap,174,0.6379310488700867,0.10344827175140381,66.32610321044922
B,tens,10,4,helix:all,174,0.017241379246115685,0.8505747318267822,18.947681722290735
B,tens,10,4,helix:tens,174,0.017241379246115685,0.8505747318267822,18.947681722290735
B,tens,10,4,helix:units,174,0.0,1.0,3.611929986817762e-14
B,tens,10,4,helix:random_orth,174,0.0,0.9712643623352051,18.947681722290735
B,tens,10,4,digit_1hot:all,174,0.17241379618644714,0.2586206793785095,36.6255978783431
B,tens,10,4,digit_1hot:tens,174,0.17241379618644714,0.2586206793785095,36.6255978783431
B,tens,10,4,digit_1hot:units,174,0.0,1.0,0.0
B,tens,10,4,digit_1hot:random_orth,174,0.0,0.8965517282485962,36.6255978783431
B,tens,10,4,digit_circ:all,174,0.01149425283074379,0.8678160905838013,15.264841259708835
B,tens,10,4,digit_circ:tens,174,0.01149425283074379,0.8678160905838013,15.264841259708835
B,tens,10,4,digit_circ:units,174,0.0,1.0,0.0
B,tens,10,4,digit_circ:random_orth,174,0.0,0.9712643623352051,15.264841259708835
B,tens,10,4,both:all,174,0.20114941895008087,0.270114928483963,37.33831534359296
B,tens,10,4,both:tens,174,0.20114941895008087,0.270114928483963,37.33831534359296
B,tens,10,4,both:units,174,0.0,1.0,3.0144114159688724e-14
B,tens,10,4,both:random_orth,174,0.0,0.9022988677024841,37.33831534359296
B,tens,10,6,full_swap,174,0.6379310488700867,0.10344827175140381,78.7618179321289
B,tens,10,6,helix:all,174,0.017241379246115685,0.8390804529190063,22.96466016447425
B,tens,10,6,helix:tens,174,0.017241379246115685,0.8390804529190063,22.96466016447425
B,tens,10,6,helix:units,174,0.0,1.0,4.231819599026509e-14
B,tens,10,6,helix:random_orth,174,0.0,0.9425287246704102,22.96466016447425
B,tens,10,6,digit_1hot:all,174,0.18390804529190063,0.2586206793785095,43.70295621232122
B,tens,10,6,digit_1hot:tens,174,0.18390804529190063,0.2586206793785095,43.70295621232122
B,tens,10,6,digit_1hot:units,174,0.0,1.0,0.0
B,tens,10,6,digit_1hot:random_orth,174,0.0,0.9195402264595032,43.70295621232122
B,tens,10,6,digit_circ:all,174,0.01149425283074379,0.8505747318267822,18.64492103003783
B,tens,10,6,digit_circ:tens,174,0.01149425283074379,0.8505747318267822,18.64492103003783
B,tens,10,6,digit_circ:units,174,0.0,1.0,0.0
B,tens,10,6,digit_circ:random_orth,174,0.0,0.977011501789093,18.64492103003783
B,tens,10,6,both:all,174,0.20114941895008087,0.27586206793785095,44.53618073515254
B,tens,10,6,both:tens,174,0.20114941895008087,0.27586206793785095,44.53618073515254
B,tens,10,6,both:units,174,0.0,1.0,3.530278060848533e-14
B,tens,10,6,both:random_orth,174,0.0,0.8908045887947083,44.53618073515254
B,tens,10,8,full_swap,174,0.6264367699623108,0.10344827175140381,89.54985809326172
B,tens,10,8,helix:all,174,0.017241379246115685,0.8275861740112305,26.40283588199009
B,tens,10,8,helix:tens,174,0.017241379246115685,0.8275861740112305,26.40283588199009
B,tens,10,8,helix:units,174,0.0,1.0,4.711032655877118e-14
B,tens,10,8,helix:random_orth,174,0.0,0.9655172228813171,26.40283588199009
B,tens,10,8,digit_1hot:all,174,0.17241379618644714,0.2816092073917389,49.441963205102844
B,tens,10,8,digit_1hot:tens,174,0.17241379618644714,0.2816092073917389,49.441963205102844
B,tens,10,8,digit_1hot:units,174,0.0,1.0,0.0
B,tens,10,8,digit_1hot:random_orth,174,0.0,0.9137930870056152,49.441963205102844
B,tens,10,8,digit_circ:all,174,0.005747126415371895,0.8448275923728943,21.291070458183277
B,tens,10,8,digit_circ:tens,174,0.005747126415371895,0.8448275923728943,21.291070458183277
B,tens,10,8,digit_circ:units,174,0.0,1.0,0.0
B,tens,10,8,digit_circ:random_orth,174,0.0,0.9942528605461121,21.291070458183277
B,tens,10,8,both:all,174,0.19540229439735413,0.2816092073917389,50.40810287650566
B,tens,10,8,both:tens,174,0.19540229439735413,0.2816092073917389,50.40810287650566
B,tens,10,8,both:units,174,0.0,1.0,3.9239034256087665e-14
B,tens,10,8,both:random_orth,174,0.0,0.9425287246704102,50.40810287650566
B,tens,10,10,full_swap,174,0.6321839094161987,0.10344827175140381,99.11933898925781
B,tens,10,10,helix:all,174,0.017241379246115685,0.8448275923728943,28.770077765150244
B,tens,10,10,helix:tens,174,0.017241379246115685,0.8448275923728943,28.770077765150244
B,tens,10,10,helix:units,174,0.0,1.0,5.1850488917234703e-14
B,tens,10,10,helix:random_orth,174,0.0,0.9425287246704102,28.770077765150244
B,tens,10,10,digit_1hot:all,174,0.18965516984462738,0.27586206793785095,53.99329188572563
B,tens,10,10,digit_1hot:tens,174,0.18965516984462738,0.27586206793785095,53.99329188572563
B,tens,10,10,digit_1hot:units,174,0.0,1.0,0.0
B,tens,10,10,digit_1hot:random_orth,174,0.0,0.9195402264595032,53.99329188572563
B,tens,10,10,digit_circ:all,174,0.005747126415371895,0.8563218116760254,23.08808775948072
B,tens,10,10,digit_circ:tens,174,0.005747126415371895,0.8563218116760254,23.08808775948072
B,tens,10,10,digit_circ:units,174,0.0,1.0,0.0
B,tens,10,10,digit_circ:random_orth,174,0.0,0.9597700834274292,23.088087759480718
B,tens,10,10,both:all,174,0.20114941895008087,0.270114928483963,55.04922874611316
B,tens,10,10,both:tens,174,0.20114941895008087,0.270114928483963,55.04922874611316
B,tens,10,10,both:units,174,0.0,1.0,4.3138070861551484e-14
B,tens,10,10,both:random_orth,174,0.0,0.9022988677024841,55.04922874611316
B,tens,10,12,full_swap,174,0.545976996421814,0.1666666716337204,108.24337768554688
B,tens,10,12,helix:all,174,0.0,0.9425287246704102,31.01516102724423
B,tens,10,12,helix:tens,174,0.0,0.9425287246704102,31.01516102724423
B,tens,10,12,helix:units,174,0.0,1.0,5.643441914391642e-14
B,tens,10,12,helix:random_orth,174,0.0,0.9655172228813171,31.01516102724423
B,tens,10,12,digit_1hot:all,174,0.05747126415371895,0.6264367699623108,57.805473697147406
B,tens,10,12,digit_1hot:tens,174,0.05747126415371895,0.6264367699623108,57.805473697147406
B,tens,10,12,digit_1hot:units,174,0.0,1.0,0.0
B,tens,10,12,digit_1hot:random_orth,174,0.0,0.9367815852165222,57.805473697147406
B,tens,10,12,digit_circ:all,174,0.0,0.931034505367279,24.804417991573445
B,tens,10,12,digit_circ:tens,174,0.0,0.931034505367279,24.804417991573445
B,tens,10,12,digit_circ:units,174,0.0,1.0,0.0
B,tens,10,12,digit_circ:random_orth,174,0.0,0.982758641242981,24.804417991573445
B,tens,10,12,both:all,174,0.07471264153718948,0.6206896305084229,58.967058818745855
B,tens,10,12,both:tens,174,0.07471264153718948,0.6206896305084229,58.96705881874585
B,tens,10,12,both:units,174,0.0,1.0,4.6943412791147855e-14
B,tens,10,12,both:random_orth,174,0.0,0.954023003578186,58.967058818745855
B,tens,10,14,full_swap,174,0.01149425283074379,0.8390804529190063,116.23359680175781
B,tens,10,14,helix:all,174,0.0,0.9885057210922241,32.848232369889736
B,tens,10,14,helix:tens,174,0.0,0.9885057210922241,32.848232369889736
B,tens,10,14,helix:units,174,0.0,1.0,6.025522724692834e-14
B,tens,10,14,helix:random_orth,174,0.0,0.977011501789093,32.848232369889736
B,tens,10,14,digit_1hot:all,174,0.0,0.9367815852165222,61.32785622156828
B,tens,10,14,digit_1hot:tens,174,0.0,0.9367815852165222,61.32785622156828
B,tens,10,14,digit_1hot:units,174,0.0,1.0,0.0
B,tens,10,14,digit_1hot:random_orth,174,0.0,0.977011501789093,61.32785622156828
B,tens,10,14,digit_circ:all,174,0.0,0.9655172228813171,26.356367862410814
B,tens,10,14,digit_circ:tens,174,0.0,0.9655172228813171,26.356367862410814
B,tens,10,14,digit_circ:units,174,0.0,1.0,0.0
B,tens,10,14,digit_circ:random_orth,174,0.0,0.977011501789093,26.356367862410814
B,tens,10,14,both:all,174,0.0,0.9425287246704102,62.570899214239766
B,tens,10,14,both:tens,174,0.0,0.9425287246704102,62.570899214239766
B,tens,10,14,both:units,174,0.0,1.0,5.009052500387201e-14
B,tens,10,14,both:random_orth,174,0.0,0.9597700834274292,62.570899214239766
B,tens,10,16,full_swap,174,0.005747126415371895,0.8965517282485962,123.93904876708984
B,tens,10,16,helix:all,174,0.0,0.9655172228813171,34.66787088450247
B,tens,10,16,helix:tens,174,0.0,0.9655172228813171,34.66787088450247
B,tens,10,16,helix:units,174,0.0,1.0,6.425264342661558e-14
B,tens,10,16,helix:random_orth,174,0.0,0.9885057210922241,34.66787088450247
B,tens,10,16,digit_1hot:all,174,0.0,0.9597700834274292,64.9479732945258
B,tens,10,16,digit_1hot:tens,174,0.0,0.9597700834274292,64.9479732945258
B,tens,10,16,digit_1hot:units,174,0.0,1.0,0.0
B,tens,10,16,digit_1hot:random_orth,174,0.0,0.982758641242981,64.9479732945258
B,tens,10,16,digit_circ:all,174,0.0,0.954023003578186,27.849144424883857
B,tens,10,16,digit_circ:tens,174,0.0,0.954023003578186,27.849144424883857
B,tens,10,16,digit_circ:units,174,0.0,1.0,0.0
B,tens,10,16,digit_circ:random_orth,174,0.0,1.0,27.849144424883857
B,tens,10,16,both:all,174,0.0,0.9482758641242981,66.27714559816636
B,tens,10,16,both:tens,174,0.0,0.9482758641242981,66.27714559816636
B,tens,10,16,both:units,174,0.0,1.0,5.3324772240812816e-14
B,tens,10,16,both:random_orth,174,0.0,0.9655172228813171,66.27714559816636
B,tens,10,18,full_swap,174,0.0,0.9137930870056152,132.39529418945312
B,tens,10,18,helix:all,174,0.0,0.977011501789093,36.73667922709522
B,tens,10,18,helix:tens,174,0.0,0.977011501789093,36.736679227095216
B,tens,10,18,helix:units,174,0.0,1.0,6.837087906372098e-14
B,tens,10,18,helix:random_orth,174,0.0,0.9942528605461121,36.73667922709522
B,tens,10,18,digit_1hot:all,174,0.0,0.9482758641242981,68.65894013574221
B,tens,10,18,digit_1hot:tens,174,0.0,0.9482758641242981,68.65894013574221
B,tens,10,18,digit_1hot:units,174,0.0,1.0,0.0
B,tens,10,18,digit_1hot:random_orth,174,0.0,0.9885057210922241,68.65894013574221
B,tens,10,18,digit_circ:all,174,0.0,0.977011501789093,29.571291833617767
B,tens,10,18,digit_circ:tens,174,0.0,0.977011501789093,29.571291833617767
B,tens,10,18,digit_circ:units,174,0.0,1.0,0.0
B,tens,10,18,digit_circ:random_orth,174,0.0,0.982758641242981,29.571291833617767
B,tens,10,18,both:all,174,0.0,0.9482758641242981,70.05177143635467
B,tens,10,18,both:tens,174,0.0,0.9482758641242981,70.05177143635467
B,tens,10,18,both:units,174,0.0,1.0,5.67008478560284e-14
B,tens,10,18,both:random_orth,174,0.0,0.977011501789093,70.05177143635467
B,tens,10,20,full_swap,174,0.0,0.9195402264595032,141.4081573486328
B,tens,10,20,helix:all,174,0.0,0.9885057210922241,38.75794014173998
B,tens,10,20,helix:tens,174,0.0,0.9885057210922241,38.75794014173998
B,tens,10,20,helix:units,174,0.0,1.0,7.298237801310782e-14
B,tens,10,20,helix:random_orth,174,0.0,0.982758641242981,38.75794014173998
B,tens,10,20,digit_1hot:all,174,0.0,0.954023003578186,72.39549981364897
B,tens,10,20,digit_1hot:tens,174,0.0,0.954023003578186,72.39549981364897
B,tens,10,20,digit_1hot:units,174,0.0,1.0,0.0
B,tens,10,20,digit_1hot:random_orth,174,0.0,0.9942528605461121,72.39549981364898
B,tens,10,20,digit_circ:all,174,0.0,0.982758641242981,31.30764682841322
B,tens,10,20,digit_circ:tens,174,0.0,0.982758641242981,31.30764682841322
B,tens,10,20,digit_circ:units,174,0.0,1.0,0.0
B,tens,10,20,digit_circ:random_orth,174,0.0,0.9885057210922241,31.307646828413212
B,tens,10,20,both:all,174,0.0,0.9482758641242981,73.8595570928768
B,tens,10,20,both:tens,174,0.0,0.9482758641242981,73.8595570928768
B,tens,10,20,both:units,174,0.0,1.0,6.041685246103445e-14
B,tens,10,20,both:random_orth,174,0.0,0.977011501789093,73.8595570928768
B,tens,20,0,full_swap,156,0.5833333134651184,0.057692307978868484,40.69615936279297
B,tens,20,0,helix:all,156,0.03846153989434242,0.5192307829856873,16.70456359726625
B,tens,20,0,helix:tens,156,0.03846153989434242,0.5192307829856873,16.70456359726625
B,tens,20,0,helix:units,156,0.0,1.0,2.933437920006337e-14
B,tens,20,0,helix:random_orth,156,0.0,0.9166666865348816,16.70456359726625
B,tens,20,0,digit_1hot:all,156,0.16025641560554504,0.1666666716337204,24.037535482050504
B,tens,20,0,digit_1hot:tens,156,0.16025641560554504,0.1666666716337204,24.037535482050504
B,tens,20,0,digit_1hot:units,156,0.0,1.0,0.0
B,tens,20,0,digit_1hot:random_orth,156,0.0,0.8782051205635071,24.037535482050504
B,tens,20,0,digit_circ:all,156,0.006410256493836641,0.5897436141967773,14.192052967583713
B,tens,20,0,digit_circ:tens,156,0.006410256493836641,0.5897436141967773,14.192052967583713
B,tens,20,0,digit_circ:units,156,0.0,1.0,0.0
B,tens,20,0,digit_circ:random_orth,156,0.0,0.942307710647583,14.192052967583713
B,tens,20,0,both:all,156,0.1794871836900711,0.16025641560554504,24.899427186140645
B,tens,20,0,both:tens,156,0.1794871836900711,0.16025641560554504,24.89942718614065
B,tens,20,0,both:units,156,0.0,1.0,2.453922687288764e-14
B,tens,20,0,both:random_orth,156,0.0,0.8974359035491943,24.899427186140645
B,tens,20,2,full_swap,156,0.5833333134651184,0.06410256773233414,52.655174255371094
B,tens,20,2,helix:all,156,0.044871795922517776,0.5128205418586731,23.299516625159747
B,tens,20,2,helix:tens,156,0.044871795922517776,0.5128205418586731,23.299516625159747
B,tens,20,2,helix:units,156,0.0,1.0,3.810462767942323e-14
B,tens,20,2,helix:random_orth,156,0.0,0.9038461446762085,23.299516625159747
B,tens,20,2,digit_1hot:all,156,0.1794871836900711,0.1666666716337204,31.995572126718987
B,tens,20,2,digit_1hot:tens,156,0.1794871836900711,0.1666666716337204,31.995572126718987
B,tens,20,2,digit_1hot:units,156,0.0,1.0,0.0
B,tens,20,2,digit_1hot:random_orth,156,0.0,0.8910256624221802,31.995572126718987
B,tens,20,2,digit_circ:all,156,0.006410256493836641,0.5641025900840759,19.792068668114442
B,tens,20,2,digit_circ:tens,156,0.006410256493836641,0.5641025900840759,19.792068668114442
B,tens,20,2,digit_circ:units,156,0.0,1.0,0.0
B,tens,20,2,digit_circ:random_orth,156,0.0,0.9102564454078674,19.792068668114442
B,tens,20,2,both:all,156,0.19230769574642181,0.17307692766189575,33.29866788720689
B,tens,20,2,both:tens,156,0.19230769574642181,0.17307692766189575,33.29866788720689
B,tens,20,2,both:units,156,0.0,1.0,3.182384979659619e-14
B,tens,20,2,both:random_orth,156,0.0,0.8717948794364929,33.29866788720689
B,tens,20,4,full_swap,156,0.5897436141967773,0.057692307978868484,70.0761947631836
B,tens,20,4,helix:all,156,0.03205128386616707,0.49358975887298584,33.84432014371953
B,tens,20,4,helix:tens,156,0.03205128386616707,0.49358975887298584,33.84432014371953
B,tens,20,4,helix:units,156,0.0,1.0,5.101371111245519e-14
B,tens,20,4,helix:random_orth,156,0.0,0.9038461446762085,33.84432014371953
B,tens,20,4,digit_1hot:all,156,0.19230769574642181,0.19230769574642181,44.37576751500943
B,tens,20,4,digit_1hot:tens,156,0.19230769574642181,0.19230769574642181,44.37576751500943
B,tens,20,4,digit_1hot:units,156,0.0,1.0,0.0
B,tens,20,4,digit_1hot:random_orth,156,0.0,0.8974359035491943,44.37576751500943
B,tens,20,4,digit_circ:all,156,0.006410256493836641,0.5705128312110901,29.1480932256117
B,tens,20,4,digit_circ:tens,156,0.006410256493836641,0.5705128312110901,29.1480932256117
B,tens,20,4,digit_circ:units,156,0.0,1.0,0.0
B,tens,20,4,digit_circ:random_orth,156,0.0,0.9166666865348816,29.1480932256117
B,tens,20,4,both:all,156,0.21794871985912323,0.1794871836900711,46.28185885190707
B,tens,20,4,both:tens,156,0.21794871985912323,0.1794871836900711,46.28185885190707
B,tens,20,4,both:units,156,0.0,1.0,4.255640751234702e-14
B,tens,20,4,both:random_orth,156,0.0,0.8910256624221802,46.28185885190707
B,tens,20,6,full_swap,156,0.6089743375778198,0.06410256773233414,83.63472747802734
B,tens,20,6,helix:all,156,0.01923076994717121,0.5256410241127014,41.067197439531924
B,tens,20,6,helix:tens,156,0.01923076994717121,0.5256410241127014,41.067197439531924
B,tens,20,6,helix:units,156,0.0,1.0,5.982754837723267e-14
B,tens,20,6,helix:random_orth,156,0.0,0.9230769276618958,41.067197439531924
B,tens,20,6,digit_1hot:all,156,0.20512820780277252,0.19871795177459717,53.19373487991253
B,tens,20,6,digit_1hot:tens,156,0.20512820780277252,0.19871795177459717,53.19373487991253
B,tens,20,6,digit_1hot:units,156,0.0,1.0,0.0
B,tens,20,6,digit_1hot:random_orth,156,0.0,0.9038461446762085,53.19373487991253
B,tens,20,6,digit_circ:all,156,0.006410256493836641,0.5769230723381042,35.69522840354487
B,tens,20,6,digit_circ:tens,156,0.006410256493836641,0.5769230723381042,35.69522840354487
B,tens,20,6,digit_circ:units,156,0.0,1.0,0.0
B,tens,20,6,digit_circ:random_orth,156,0.0,0.9615384936332703,35.69522840354487
B,tens,20,6,both:all,156,0.22435897588729858,0.18589743971824646,55.41859883181221
B,tens,20,6,both:tens,156,0.22435897588729858,0.18589743971824646,55.41859883181221
B,tens,20,6,both:units,156,0.0,1.0,4.9891099692359696e-14
B,tens,20,6,both:random_orth,156,0.0,0.884615421295166,55.41859883181221
B,tens,20,8,full_swap,156,0.6217948794364929,0.06410256773233414,94.92269134521484
B,tens,20,8,helix:all,156,0.006410256493836641,0.5512820482254028,47.05363529901539
B,tens,20,8,helix:tens,156,0.006410256493836641,0.5512820482254028,47.05363529901539
B,tens,20,8,helix:units,156,0.0,1.0,6.664983538886796e-14
B,tens,20,8,helix:random_orth,156,0.0,0.9294871687889099,47.05363529901539
B,tens,20,8,digit_1hot:all,156,0.16025641560554504,0.20512820780277252,60.10615799208959
B,tens,20,8,digit_1hot:tens,156,0.16025641560554504,0.20512820780277252,60.10615799208959
B,tens,20,8,digit_1hot:units,156,0.0,1.0,0.0
B,tens,20,8,digit_1hot:random_orth,156,0.0,0.8910256624221802,60.10615799208958
B,tens,20,8,digit_circ:all,156,0.006410256493836641,0.6025640964508057,40.72284594645167
B,tens,20,8,digit_circ:tens,156,0.006410256493836641,0.6025640964508057,40.72284594645167
B,tens,20,8,digit_circ:units,156,0.0,1.0,0.0
B,tens,20,8,digit_circ:random_orth,156,0.0,0.942307710647583,40.72284594645167
B,tens,20,8,both:all,156,0.19871795177459717,0.19871795177459717,62.68955959713882
B,tens,20,8,both:tens,156,0.19871795177459717,0.19871795177459717,62.68955959713882
B,tens,20,8,both:units,156,0.0,1.0,5.549113224411276e-14
B,tens,20,8,both:random_orth,156,0.0,0.884615421295166,62.68955959713881
B,tens,20,10,full_swap,156,0.6089743375778198,0.07051282376050949,105.00811004638672
B,tens,20,10,helix:all,156,0.006410256493836641,0.5897436141967773,51.20816258942748
B,tens,20,10,helix:tens,156,0.006410256493836641,0.5897436141967773,51.20816258942748
B,tens,20,10,helix:units,156,0.0,1.0,7.332818788466596e-14
B,tens,20,10,helix:random_orth,156,0.0,0.9230769276618958,51.20816258942748
B,tens,20,10,digit_1hot:all,156,0.16025641560554504,0.21153846383094788,65.46469580220004
B,tens,20,10,digit_1hot:tens,156,0.16025641560554504,0.21153846383094788,65.46469580220004
B,tens,20,10,digit_1hot:units,156,0.0,1.0,0.0
B,tens,20,10,digit_1hot:random_orth,156,0.0,0.9615384936332703,65.46469580220004
B,tens,20,10,digit_circ:all,156,0.006410256493836641,0.6217948794364929,44.120661616780524
B,tens,20,10,digit_circ:tens,156,0.006410256493836641,0.6217948794364929,44.120661616780524
B,tens,20,10,digit_circ:units,156,0.0,1.0,0.0
B,tens,20,10,digit_circ:random_orth,156,0.0,0.9487179517745972,44.120661616780524
B,tens,20,10,both:all,156,0.21153846383094788,0.20512820780277252,68.32991999195335
B,tens,20,10,both:tens,156,0.21153846383094788,0.20512820780277252,68.32991999195335
B,tens,20,10,both:units,156,0.0,1.0,6.097498392945461e-14
B,tens,20,10,both:random_orth,156,0.0,0.9294871687889099,68.32991999195333
B,tens,20,12,full_swap,156,0.4871794879436493,0.16025641560554504,114.4893798828125
B,tens,20,12,helix:all,156,0.0,0.8333333730697632,55.145219127124314
B,tens,20,12,helix:tens,156,0.0,0.8333333730697632,55.145219127124314
B,tens,20,12,helix:units,156,0.0,1.0,7.98046073933127e-14
B,tens,20,12,helix:random_orth,156,0.0,0.9615384936332703,55.145219127124314
B,tens,20,12,digit_1hot:all,156,0.06410256773233414,0.5512820482254028,70.21271043477772
B,tens,20,12,digit_1hot:tens,156,0.06410256773233414,0.5512820482254028,70.21271043477772
B,tens,20,12,digit_1hot:units,156,0.0,1.0,0.0
B,tens,20,12,digit_1hot:random_orth,156,0.0,0.9487179517745972,70.21271043477772
B,tens,20,12,digit_circ:all,156,0.0,0.8205128312110901,47.4077930712076
B,tens,20,12,digit_circ:tens,156,0.0,0.8205128312110901,47.4077930712076
B,tens,20,12,digit_circ:units,156,0.0,1.0,0.0
B,tens,20,12,digit_circ:random_orth,156,0.0,0.9743589758872986,47.4077930712076
B,tens,20,12,both:all,156,0.07692307978868484,0.5641025900840759,73.38278245949427
B,tens,20,12,both:tens,156,0.07692307978868484,0.5641025900840759,73.38278245949428
B,tens,20,12,both:units,156,0.0,1.0,6.63468543418531e-14
B,tens,20,12,both:random_orth,156,0.0,0.9487179517745972,73.38278245949427
B,tens,20,14,full_swap,156,0.0,0.8461538553237915,122.74381256103516
B,tens,20,14,helix:all,156,0.0,0.9487179517745972,58.45779837010466
B,tens,20,14,helix:tens,156,0.0,0.9487179517745972,58.45779837010466
B,tens,20,14,helix:units,156,0.0,1.0,8.518956219919102e-14
B,tens,20,14,helix:random_orth,156,0.0,0.9871795177459717,58.45779837010466
B,tens,20,14,digit_1hot:all,156,0.0,0.942307710647583,74.3803244325574
B,tens,20,14,digit_1hot:tens,156,0.0,0.942307710647583,74.3803244325574
B,tens,20,14,digit_1hot:units,156,0.0,1.0,0.0
B,tens,20,14,digit_1hot:random_orth,156,0.0,0.9679487347602844,74.3803244325574
B,tens,20,14,digit_circ:all,156,0.0,0.9230769276618958,50.38778855214798
B,tens,20,14,digit_circ:tens,156,0.0,0.9230769276618958,50.38778855214798
B,tens,20,14,digit_circ:units,156,0.0,1.0,0.0
B,tens,20,14,digit_circ:random_orth,156,0.0,0.9743589758872986,50.38778855214798
B,tens,20,14,both:all,156,0.0,0.9358974695205688,77.79789983876337
B,tens,20,14,both:tens,156,0.0,0.9358974695205688,77.79789983876337
B,tens,20,14,both:units,156,0.0,1.0,7.076767693542129e-14
B,tens,20,14,both:random_orth,156,0.0,0.9551281929016113,77.79789983876337
B,tens,20,16,full_swap,156,0.0,0.8910256624221802,130.7851104736328
B,tens,20,16,helix:all,156,0.0,0.9102564454078674,61.706096218618534
B,tens,20,16,helix:tens,156,0.0,0.9102564454078674,61.70609621861855
B,tens,20,16,helix:units,156,0.0,1.0,9.090429853279695e-14
B,tens,20,16,helix:random_orth,156,0.0,0.9871795177459717,61.706096218618534
B,tens,20,16,digit_1hot:all,156,0.0,0.9230769276618958,78.70923074067056
B,tens,20,16,digit_1hot:tens,156,0.0,0.9230769276618958,78.70923074067056
B,tens,20,16,digit_1hot:units,156,0.0,1.0,0.0
B,tens,20,16,digit_1hot:random_orth,156,0.0,0.9615384936332703,78.70923074067056
B,tens,20,16,digit_circ:all,156,0.0,0.9102564454078674,53.239994621352636
B,tens,20,16,digit_circ:tens,156,0.0,0.9102564454078674,53.239994621352636
B,tens,20,16,digit_circ:units,156,0.0,1.0,0.0
B,tens,20,16,digit_circ:random_orth,156,0.0,0.9807692170143127,53.239994621352636
B,tens,20,16,both:all,156,0.0,0.9166666865348816,82.34728252208515
B,tens,20,16,both:tens,156,0.0,0.9166666865348816,82.34728252208515
B,tens,20,16,both:units,156,0.0,1.0,7.538400382071606e-14
B,tens,20,16,both:random_orth,156,0.0,0.9935897588729858,82.34728252208515
B,tens,20,18,full_swap,156,0.0,0.8910256624221802,139.64866638183594
B,tens,20,18,helix:all,156,0.0,0.9551281929016113,65.39218333153585
B,tens,20,18,helix:tens,156,0.0,0.9551281929016113,65.39218333153585
B,tens,20,18,helix:units,156,0.0,1.0,9.674568938497581e-14
B,tens,20,18,helix:random_orth,156,0.0,0.9743589758872986,65.39218333153585
B,tens,20,18,digit_1hot:all,156,0.0,0.9487179517745972,83.21895684485793
B,tens,20,18,digit_1hot:tens,156,0.0,0.9487179517745972,83.21895684485793
B,tens,20,18,digit_1hot:units,156,0.0,1.0,0.0
B,tens,20,18,digit_1hot:random_orth,156,0.0,0.9743589758872986,83.21895684485794
B,tens,20,18,digit_circ:all,156,0.0,0.9487179517745972,56.538223040664775
B,tens,20,18,digit_circ:tens,156,0.0,0.9487179517745972,56.538223040664775
B,tens,20,18,digit_circ:units,156,0.0,1.0,0.0
B,tens,20,18,digit_circ:random_orth,156,0.0,0.9743589758872986,56.538223040664775
B,tens,20,18,both:all,156,0.0,0.942307710647583,87.07866919406092
B,tens,20,18,both:tens,156,0.0,0.942307710647583,87.07866919406092
B,tens,20,18,both:units,156,0.0,1.0,8.017675576844679e-14
B,tens,20,18,both:random_orth,156,0.0,0.9807692170143127,87.07866919406092
B,tens,20,20,full_swap,156,0.0,0.9230769276618958,148.91082763671875
B,tens,20,20,helix:all,156,0.0,0.9615384936332703,69.02507444247807
B,tens,20,20,helix:tens,156,0.0,0.9615384936332703,69.02507444247804
B,tens,20,20,helix:units,156,0.0,1.0,1.0319790806820436e-13
B,tens,20,20,helix:random_orth,156,0.0,0.9743589758872986,69.02507444247807
B,tens,20,20,digit_1hot:all,156,0.0,0.9551281929016113,87.83858586269449
B,tens,20,20,digit_1hot:tens,156,0.0,0.9551281929016113,87.83858586269449
B,tens,20,20,digit_1hot:units,156,0.0,1.0,0.0
B,tens,20,20,digit_1hot:random_orth,156,0.0,1.0,87.83858586269449
B,tens,20,20,digit_circ:all,156,0.0,0.9679487347602844,59.77092296267556
B,tens,20,20,digit_circ:tens,156,0.0,0.9679487347602844,59.77092296267556
B,tens,20,20,digit_circ:units,156,0.0,1.0,0.0
B,tens,20,20,digit_circ:random_orth,156,0.0,0.9871795177459717,59.77092296267556
B,tens,20,20,both:all,156,0.0,0.9551281929016113,91.93117193875294
B,tens,20,20,both:tens,156,0.0,0.9551281929016113,91.93117193875294
B,tens,20,20,both:units,156,0.0,1.0,8.535894158838402e-14
B,tens,20,20,both:random_orth,156,0.0,0.9679487347602844,91.93117193875294
B,tens,30,0,full_swap,142,0.5985915660858154,0.06338027864694595,41.51118087768555
B,tens,30,0,helix:all,142,0.0422535203397274,0.23239436745643616,21.89277464252251
B,tens,30,0,helix:tens,142,0.0422535203397274,0.23239436745643616,21.89277464252251
B,tens,30,0,helix:units,142,0.0,0.9929577112197876,3.0369116117893453e-14
B,tens,30,0,helix:random_orth,142,0.0,0.9366196990013123,21.89277464252251
B,tens,30,0,digit_1hot:all,142,0.14084506034851074,0.13380281627178192,25.575245991509796
B,tens,30,0,digit_1hot:tens,142,0.14084506034851074,0.13380281627178192,25.575245991509796
B,tens,30,0,digit_1hot:units,142,0.0,0.9929577112197876,0.0
B,tens,30,0,digit_1hot:random_orth,142,0.0,0.9014084339141846,25.575245991509796
B,tens,30,0,digit_circ:all,142,0.0211267601698637,0.30281689763069153,19.58997995861459
B,tens,30,0,digit_circ:tens,142,0.0211267601698637,0.30281689763069153,19.58997995861459
B,tens,30,0,digit_circ:units,142,0.0,0.9929577112197876,0.0
B,tens,30,0,digit_circ:random_orth,142,0.0,0.9436619281768799,19.58997995861459
B,tens,30,0,both:all,142,0.19718310236930847,0.11971830576658249,26.919879204069492
B,tens,30,0,both:tens,142,0.19718310236930847,0.11971830576658249,26.919879204069492
B,tens,30,0,both:units,142,0.0,0.9929577112197876,2.54145030146468e-14
B,tens,30,0,both:random_orth,142,0.0,0.9507042169570923,26.919879204069492
B,tens,30,2,full_swap,142,0.6126760244369507,0.056338027119636536,54.153385162353516
B,tens,30,2,helix:all,142,0.04929577559232712,0.23943661153316498,30.434340141779703
B,tens,30,2,helix:tens,142,0.04929577559232712,0.23943661153316498,30.434340141779703
B,tens,30,2,helix:units,142,0.0,0.9929577112197876,3.949103497926592e-14
B,tens,30,2,helix:random_orth,142,0.0,0.9154929518699646,30.4343401417797
B,tens,30,2,digit_1hot:all,142,0.1619718223810196,0.14084506034851074,34.377473198042374
B,tens,30,2,digit_1hot:tens,142,0.1619718223810196,0.14084506034851074,34.377473198042374
B,tens,30,2,digit_1hot:units,142,0.0,0.9929577112197876,0.0
B,tens,30,2,digit_1hot:random_orth,142,0.0,0.9084506630897522,34.377473198042374
B,tens,30,2,digit_circ:all,142,0.0211267601698637,0.2887323796749115,27.323172790966165
B,tens,30,2,digit_circ:tens,142,0.0211267601698637,0.2887323796749115,27.323172790966165
B,tens,30,2,digit_circ:units,142,0.0,0.9929577112197876,0.0
B,tens,30,2,digit_circ:random_orth,142,0.0,0.9366196990013123,27.32317279096616
B,tens,30,2,both:all,142,0.21830984950065613,0.11971830576658249,36.367009475203
B,tens,30,2,both:tens,142,0.21830984950065613,0.11971830576658249,36.367009475203
B,tens,30,2,both:units,142,0.0,0.9929577112197876,3.2998311728139296e-14
B,tens,30,2,both:random_orth,142,0.0,0.9084506630897522,36.367009475203
B,tens,30,4,full_swap,142,0.6056337952613831,0.07042253017425537,72.70792388916016
B,tens,30,4,helix:all,142,0.04929577559232712,0.22535210847854614,44.21358378188555
B,tens,30,4,helix:tens,142,0.04929577559232712,0.22535210847854614,44.21358378188555
B,tens,30,4,helix:units,142,0.0,0.9929577112197876,5.290327734973991e-14
B,tens,30,4,helix:random_orth,142,0.0,0.8802816867828369,44.21358378188555
B,tens,30,4,digit_1hot:all,142,0.18309858441352844,0.15492957830429077,48.5710417474431
B,tens,30,4,digit_1hot:tens,142,0.18309858441352844,0.15492957830429077,48.5710417474431
B,tens,30,4,digit_1hot:units,142,0.0,0.9929577112197876,0.0
B,tens,30,4,digit_1hot:random_orth,142,0.0,0.8661971688270569,48.5710417474431
B,tens,30,4,digit_circ:all,142,0.0211267601698637,0.2957746386528015,40.34637144080436
B,tens,30,4,digit_circ:tens,142,0.0211267601698637,0.2957746386528015,40.34637144080436
B,tens,30,4,digit_circ:units,142,0.0,0.9929577112197876,0.0
B,tens,30,4,digit_circ:random_orth,142,0.0,0.9014084339141846,40.34637144080436
B,tens,30,4,both:all,142,0.21830984950065613,0.14084506034851074,51.52298144129306
B,tens,30,4,both:tens,142,0.21830984950065613,0.14084506034851074,51.52298144129306
B,tens,30,4,both:units,142,0.0,0.9929577112197876,4.414376416287759e-14
B,tens,30,4,both:random_orth,142,0.0,0.8591549396514893,51.52298144129306
B,tens,30,6,full_swap,142,0.6056337952613831,0.07042253017425537,87.149658203125
B,tens,30,6,helix:all,142,0.04929577559232712,0.246478870511055,53.63384522862435
B,tens,30,6,helix:tens,142,0.04929577559232712,0.246478870511055,53.63384522862435
B,tens,30,6,helix:units,142,0.0,0.9929577112197876,6.207835763352375e-14
B,tens,30,6,helix:random_orth,142,0.0,0.9295774698257446,53.63384522862435
B,tens,30,6,digit_1hot:all,142,0.19014084339141846,0.1619718223810196,58.46552315050397
B,tens,30,6,digit_1hot:tens,142,0.19014084339141846,0.1619718223810196,58.46552315050397
B,tens,30,6,digit_1hot:units,142,0.0,0.9929577112197876,0.0
B,tens,30,6,digit_1hot:random_orth,142,0.0,0.9295774698257446,58.46552315050397
B,tens,30,6,digit_circ:all,142,0.0211267601698637,0.31690141558647156,49.46236058437849
B,tens,30,6,digit_circ:tens,142,0.0211267601698637,0.31690141558647156,49.46236058437849
B,tens,30,6,digit_circ:units,142,0.0,0.9929577112197876,0.0
B,tens,30,6,digit_circ:random_orth,142,0.0,0.8943662047386169,49.46236058437848
B,tens,30,6,both:all,142,0.23239436745643616,0.13380281627178192,61.94517343584529
B,tens,30,6,both:tens,142,0.23239436745643616,0.13380281627178192,61.94517343584529
B,tens,30,6,both:units,142,0.0,0.9929577112197876,5.1778488326181024e-14
B,tens,30,6,both:random_orth,142,0.0,0.8661971688270569,61.94517343584529
B,tens,30,8,full_swap,142,0.6056337952613831,0.06338027864694595,99.34642028808594
B,tens,30,8,helix:all,142,0.056338027119636536,0.30281689763069153,61.18935079571717
B,tens,30,8,helix:tens,142,0.056338027119636536,0.30281689763069153,61.18935079571717
B,tens,30,8,helix:units,142,0.0,0.9929577112197876,6.915163300775822e-14
B,tens,30,8,helix:random_orth,142,0.0,0.9225351810455322,61.18935079571717
B,tens,30,8,digit_1hot:all,142,0.19718310236930847,0.1619718223810196,66.0961921509345
B,tens,30,8,digit_1hot:tens,142,0.19718310236930847,0.1619718223810196,66.0961921509345
B,tens,30,8,digit_1hot:units,142,0.0,0.9929577112197876,0.0
B,tens,30,8,digit_1hot:random_orth,142,0.0,0.8873239159584045,66.0961921509345
B,tens,30,8,digit_circ:all,142,0.0211267601698637,0.35211268067359924,56.342892419807086
B,tens,30,8,digit_circ:tens,142,0.0211267601698637,0.35211268067359924,56.342892419807086
B,tens,30,8,digit_circ:units,142,0.0,0.9929577112197876,0.0
B,tens,30,8,digit_circ:random_orth,142,0.0,0.9084506630897522,56.342892419807086
B,tens,30,8,both:all,142,0.23239436745643616,0.1619718223810196,70.14580144680035
B,tens,30,8,both:tens,142,0.23239436745643616,0.1619718223810196,70.14580144680035
B,tens,30,8,both:units,142,0.0,0.9929577112197876,5.758374479846099e-14
B,tens,30,8,both:random_orth,142,0.0,0.8943662047386169,70.14580144680035
B,tens,30,10,full_swap,142,0.6197183132171631,0.06338027864694595,109.86699676513672
B,tens,30,10,helix:all,142,0.06338027864694595,0.2957746386528015,66.54359812634779
B,tens,30,10,helix:tens,142,0.06338027864694595,0.2957746386528015,66.54359812634779
B,tens,30,10,helix:units,142,0.0,0.9929577112197876,7.60955032163323e-14
B,tens,30,10,helix:random_orth,142,0.0,0.9295774698257446,66.54359812634779
B,tens,30,10,digit_1hot:all,142,0.2042253464460373,0.1690140813589096,71.90269616672428
B,tens,30,10,digit_1hot:tens,142,0.2042253464460373,0.1690140813589096,71.90269616672428
B,tens,30,10,digit_1hot:units,142,0.0,0.9929577112197876,0.0
B,tens,30,10,digit_1hot:random_orth,142,0.0,0.9225351810455322,71.90269616672428
B,tens,30,10,digit_circ:all,142,0.0211267601698637,0.35915490984916687,61.035935943036286
B,tens,30,10,digit_circ:tens,142,0.0211267601698637,0.35915490984916687,61.035935943036286
B,tens,30,10,digit_circ:units,142,0.0,0.9929577112197876,0.0
B,tens,30,10,digit_circ:random_orth,142,0.0,0.9507042169570923,61.035935943036286
B,tens,30,10,both:all,142,0.23239436745643616,0.1619718223810196,76.34595369073787
B,tens,30,10,both:tens,142,0.23239436745643616,0.1619718223810196,76.34595369073787
B,tens,30,10,both:units,142,0.0,0.9929577112197876,6.328437167722049e-14
B,tens,30,10,both:random_orth,142,0.0,0.9154929518699646,76.34595369073787
B,tens,30,12,full_swap,142,0.4507042169570923,0.19014084339141846,120.11773681640625
B,tens,30,12,helix:all,142,0.007042253389954567,0.7323943376541138,71.55147044096758
B,tens,30,12,helix:tens,142,0.007042253389954567,0.7323943376541138,71.55147044096756
B,tens,30,12,helix:units,142,0.0,0.9929577112197876,8.286281495158432e-14
B,tens,30,12,helix:random_orth,142,0.0,0.9295774698257446,71.55147044096758
B,tens,30,12,digit_1hot:all,142,0.04929577559232712,0.5211267471313477,77.30096017190351
B,tens,30,12,digit_1hot:tens,142,0.04929577559232712,0.5211267471313477,77.30096017190351
B,tens,30,12,digit_1hot:units,142,0.0,0.9929577112197876,0.0
B,tens,30,12,digit_1hot:random_orth,142,0.0,0.9788731932640076,77.30096017190351
B,tens,30,12,digit_circ:all,142,0.0,0.7323943376541138,65.54336902806983
B,tens,30,12,digit_circ:tens,142,0.0,0.7323943376541138,65.54336902806983
B,tens,30,12,digit_circ:units,142,0.0,0.9929577112197876,0.0
B,tens,30,12,digit_circ:random_orth,142,0.0,0.9577464461326599,65.54336902806983
B,tens,30,12,both:all,142,0.0845070406794548,0.5352112650871277,82.23268850416785
B,tens,30,12,both:tens,142,0.0845070406794548,0.5352112650871277,82.23268850416785
B,tens,30,12,both:units,142,0.0,0.9929577112197876,6.891176119131487e-14
B,tens,30,12,both:random_orth,142,0.0,0.9647887349128723,82.23268850416785
B,tens,30,14,full_swap,142,0.0,0.8309859037399292,129.05767822265625
B,tens,30,14,helix:all,142,0.0,0.8873239159584045,75.92029767100104
B,tens,30,14,helix:tens,142,0.0,0.8873239159584045,75.92029767100104
B,tens,30,14,helix:units,142,0.0,0.9929577112197876,8.847592964553024e-14
B,tens,30,14,helix:random_orth,142,0.0,0.9507042169570923,75.92029767100104
B,tens,30,14,digit_1hot:all,142,0.0,0.9014084339141846,82.14630592953121
B,tens,30,14,digit_1hot:tens,142,0.0,0.9014084339141846,82.14630592953121
B,tens,30,14,digit_1hot:units,142,0.0,0.9929577112197876,0.0
B,tens,30,14,digit_1hot:random_orth,142,0.0,0.9647887349128723,82.14630592953121
B,tens,30,14,digit_circ:all,142,0.0,0.8873239159584045,69.71582852322241
B,tens,30,14,digit_circ:tens,142,0.0,0.8873239159584045,69.71582852322241
B,tens,30,14,digit_circ:units,142,0.0,0.9929577112197876,0.0
B,tens,30,14,digit_circ:random_orth,142,0.0,0.9788731932640076,69.71582852322241
B,tens,30,14,both:all,142,0.0,0.9084506630897522,87.43872887903503
B,tens,30,14,both:tens,142,0.0,0.9084506630897522,87.43872887903503
B,tens,30,14,both:units,142,0.0,0.9929577112197876,7.353180281050526e-14
B,tens,30,14,both:random_orth,142,0.0,0.9577464461326599,87.43872887903503
B,tens,30,16,full_swap,142,0.0,0.8732393980026245,137.5712890625
B,tens,30,16,helix:all,142,0.0,0.9014084339141846,80.14493567501383
B,tens,30,16,helix:tens,142,0.0,0.9014084339141846,80.14493567501383
B,tens,30,16,helix:units,142,0.0,0.9929577112197876,9.444705006355915e-14
B,tens,30,16,helix:random_orth,142,0.0,0.9718309640884399,80.14493567501383
B,tens,30,16,digit_1hot:all,142,0.0,0.9084506630897522,86.92583179038216
B,tens,30,16,digit_1hot:tens,142,0.0,0.9084506630897522,86.92583179038216
B,tens,30,16,digit_1hot:units,142,0.0,0.9929577112197876,0.0
B,tens,30,16,digit_1hot:random_orth,142,0.0,0.9788731932640076,86.92583179038216
B,tens,30,16,digit_circ:all,142,0.0,0.8943662047386169,73.67019629130283
B,tens,30,16,digit_circ:tens,142,0.0,0.8943662047386169,73.67019629130283
B,tens,30,16,digit_circ:units,142,0.0,0.9929577112197876,0.0
B,tens,30,16,digit_circ:random_orth,142,0.0,0.98591548204422,73.67019629130283
B,tens,30,16,both:all,142,0.0,0.9084506630897522,92.50145243238241
B,tens,30,16,both:tens,142,0.0,0.9084506630897522,92.50145243238241
B,tens,30,16,both:units,142,0.0,0.9929577112197876,7.83542232640503e-14
B,tens,30,16,both:random_orth,142,0.0,0.9647887349128723,92.50145243238241
B,tens,30,18,full_swap,142,0.0,0.9014084339141846,146.88629150390625
B,tens,30,18,helix:all,142,0.0,0.9507042169570923,84.90676403874728
B,tens,30,18,helix:tens,142,0.0,0.9507042169570923,84.90676403874728
B,tens,30,18,helix:units,142,0.0,0.9929577112197876,1.0053706490011557e-13
B,tens,30,18,helix:random_orth,142,0.0,0.9647887349128723,84.90676403874728
B,tens,30,18,digit_1hot:all,142,0.0,0.9366196990013123,92.13461401337295
B,tens,30,18,digit_1hot:tens,142,0.0,0.9366196990013123,92.13461401337295
B,tens,30,18,digit_1hot:units,142,0.0,0.9929577112197876,0.0
B,tens,30,18,digit_1hot:random_orth,142,0.0,0.9788731932640076,92.13461401337295
B,tens,30,18,digit_circ:all,142,0.0,0.9366196990013123,78.25238158427493
B,tens,30,18,digit_circ:tens,142,0.0,0.9366196990013123,78.25238158427493
B,tens,30,18,digit_circ:units,142,0.0,0.9929577112197876,0.0
B,tens,30,18,digit_circ:random_orth,142,0.0,0.9788731932640076,78.25238158427493
B,tens,30,18,both:all,142,0.0,0.9366196990013123,98.06000592723746
B,tens,30,18,both:tens,142,0.0,0.9366196990013123,98.06000592723746
B,tens,30,18,both:units,142,0.0,0.9929577112197876,8.335482073760828e-14
B,tens,30,18,both:random_orth,142,0.0,0.9718309640884399,98.06000592723746
B,tens,30,20,full_swap,142,0.0,0.9225351810455322,156.76441955566406
B,tens,30,20,helix:all,142,0.0,0.9507042169570923,89.68534967157262
B,tens,30,20,helix:tens,142,0.0,0.9507042169570923,89.68534967157262
B,tens,30,20,helix:units,142,0.0,0.9929577112197876,1.0726745882576034e-13
B,tens,30,20,helix:random_orth,142,0.0,0.9929577112197876,89.68534967157262
B,tens,30,20,digit_1hot:all,142,0.0,0.9436619281768799,97.51543133658866
B,tens,30,20,digit_1hot:tens,142,0.0,0.9436619281768799,97.51543133658866
B,tens,30,20,digit_1hot:units,142,0.0,0.9929577112197876,0.0
B,tens,30,20,digit_1hot:random_orth,142,0.0,0.9788731932640076,97.51543133658866
B,tens,30,20,digit_circ:all,142,0.0,0.9436619281768799,82.66305572110176
B,tens,30,20,digit_circ:tens,142,0.0,0.9436619281768799,82.66305572110176
B,tens,30,20,digit_circ:units,142,0.0,0.9929577112197876,0.0
B,tens,30,20,digit_circ:random_orth,142,0.0,0.9718309640884399,82.66305572110176
B,tens,30,20,both:all,142,0.0,0.9436619281768799,103.71023962901997
B,tens,30,20,both:tens,142,0.0,0.9436619281768799,103.71023962901998
B,tens,30,20,both:units,142,0.0,0.9929577112197876,8.875624250140806e-14
B,tens,30,20,both:random_orth,142,0.0,1.0,103.71023962901997
