slot,kind,delta,layer,cond,n,success,stay,edit_norm
A,units,-3,0,full_swap,200,0.85999995470047,0.0,3.8757476806640625
A,units,-3,0,helix:all,200,0.6800000071525574,0.0,2.136264593756179
A,units,-3,0,helix:tens,200,0.0,0.9549999833106995,0.27928233552613035
A,units,-3,0,helix:units,200,0.6899999976158142,0.0,2.120318440446323
A,units,-3,0,helix:random_orth,200,0.0,0.9699999690055847,2.136264593756179
A,units,-3,0,digit_1hot:all,200,0.7400000095367432,0.0,2.2901796849426335
A,units,-3,0,digit_1hot:tens,200,0.0,1.0,0.0
A,units,-3,0,digit_1hot:units,200,0.7400000095367432,0.0,2.2901796849426335
A,units,-3,0,digit_1hot:random_orth,200,0.0,0.98499995470047,2.2901796849426335
A,units,-3,0,digit_circ:all,200,0.0,0.675000011920929,1.1877714364409384
A,units,-3,0,digit_circ:tens,200,0.0,1.0,0.0
A,units,-3,0,digit_circ:units,200,0.0,0.675000011920929,1.1877714364409384
A,units,-3,0,digit_circ:random_orth,200,0.0,0.98499995470047,1.1877714364409384
A,units,-3,0,both:all,200,0.7400000095367432,0.0,2.3285091861902414
A,units,-3,0,both:tens,200,0.0,0.9599999785423279,0.5108919149418888
A,units,-3,0,both:units,200,0.7549999952316284,0.0,2.2927687823764007
A,units,-3,0,both:random_orth,200,0.0,0.9749999642372131,2.328509186190241
A,units,-3,2,full_swap,200,0.8549999594688416,0.0,3.974567174911499
A,units,-3,2,helix:all,200,0.6800000071525574,0.0,2.202741461858896
A,units,-3,2,helix:tens,200,0.0,0.9599999785423279,0.29769447264232374
A,units,-3,2,helix:units,200,0.675000011920929,0.0,2.1852147472539847
A,units,-3,2,helix:random_orth,200,0.0,0.9649999737739563,2.202741461858896
A,units,-3,2,digit_1hot:all,200,0.73499995470047,0.0,2.3506185437589746
A,units,-3,2,digit_1hot:tens,200,0.0,1.0,0.0
A,units,-3,2,digit_1hot:units,200,0.73499995470047,0.0,2.3506185437589746
A,units,-3,2,digit_1hot:random_orth,200,0.0,0.9649999737739563,2.3506185437589746
A,units,-3,2,digit_circ:all,200,0.0,0.6549999713897705,1.216854664352637
A,units,-3,2,digit_circ:tens,200,0.0,1.0,0.0
A,units,-3,2,digit_circ:units,200,0.0,0.6549999713897705,1.216854664352637
A,units,-3,2,digit_circ:random_orth,200,0.0,1.0,1.216854664352637
A,units,-3,2,both:all,200,0.7400000095367432,0.0,2.391449641660497
A,units,-3,2,both:tens,200,0.0,0.9649999737739563,0.5152249030916958
A,units,-3,2,both:units,200,0.7549999952316284,0.0,2.35246850739339
A,units,-3,2,both:random_orth,200,0.0,0.9599999785423279,2.3914496416604973
A,units,-3,4,full_swap,200,0.8650000095367432,0.0,4.457622051239014
A,units,-3,4,helix:all,200,0.6699999570846558,0.004999999888241291,2.5409012685659076
A,units,-3,4,helix:tens,200,0.0,0.9649999737739563,0.35111765470653566
A,units,-3,4,helix:units,200,0.6699999570846558,0.004999999888241291,2.518826269489428
A,units,-3,4,helix:random_orth,200,0.0,0.9649999737739563,2.5409012685659076
A,units,-3,4,digit_1hot:all,200,0.7149999737739563,0.004999999888241291,2.687550569554444
A,units,-3,4,digit_1hot:tens,200,0.0,1.0,0.0
A,units,-3,4,digit_1hot:units,200,0.7149999737739563,0.004999999888241291,2.687550569554444
A,units,-3,4,digit_1hot:random_orth,200,0.0,0.9749999642372131,2.687550569554444
A,units,-3,4,digit_circ:all,200,0.0,0.6549999713897705,1.3692631715451
A,units,-3,4,digit_circ:tens,200,0.0,1.0,0.0
A,units,-3,4,digit_circ:units,200,0.0,0.6549999713897705,1.3692631715451
A,units,-3,4,digit_circ:random_orth,200,0.0,0.98499995470047,1.3692631715451
A,units,-3,4,both:all,200,0.7249999642372131,0.004999999888241291,2.7354134165829156
A,units,-3,4,both:tens,200,0.0,0.9649999737739563,0.5721934507139375
A,units,-3,4,both:units,200,0.73499995470047,0.004999999888241291,2.6884307000806347
A,units,-3,4,both:random_orth,200,0.0,0.949999988079071,2.7354134165829156
A,units,-3,6,full_swap,200,0.8349999785423279,0.004999999888241291,5.005812168121338
A,units,-3,6,helix:all,200,0.6549999713897705,0.014999999664723873,2.900490285940391
A,units,-3,6,helix:tens,200,0.0,0.9599999785423279,0.3984793100375877
A,units,-3,6,helix:units,200,0.6599999666213989,0.009999999776482582,2.8733301023834428
A,units,-3,6,helix:random_orth,200,0.0,0.9899999499320984,2.900490285940391
A,units,-3,6,digit_1hot:all,200,0.7099999785423279,0.014999999664723873,3.0612463543554593
A,units,-3,6,digit_1hot:tens,200,0.0,1.0,0.0
A,units,-3,6,digit_1hot:units,200,0.7099999785423279,0.014999999664723873,3.0612463543554593
A,units,-3,6,digit_1hot:random_orth,200,0.0,0.9749999642372131,3.061246354355459
A,units,-3,6,digit_circ:all,200,0.0,0.6449999809265137,1.5514668377816212
A,units,-3,6,digit_circ:tens,200,0.0,1.0,0.0
A,units,-3,6,digit_circ:units,200,0.0,0.6449999809265137,1.5514668377816212
A,units,-3,6,digit_circ:random_orth,200,0.0,0.9799999594688416,1.5514668377816212
A,units,-3,6,both:all,200,0.7199999690055847,0.009999999776482582,3.1222503120596037
A,units,-3,6,both:tens,200,0.0,0.9649999737739563,0.6518226280854088
A,units,-3,6,both:units,200,0.7199999690055847,0.014999999664723873,3.0613637107563774
A,units,-3,6,both:random_orth,200,0.0,0.9799999594688416,3.1222503120596037
A,units,-3,8,full_swap,200,0.8399999737739563,0.009999999776482582,5.384573459625244
A,units,-3,8,helix:all,200,0.6599999666213989,0.014999999664723873,3.1236109413977946
A,units,-3,8,helix:tens,200,0.0,0.9649999737739563,0.4326624407811775
A,units,-3,8,helix:units,200,0.6649999618530273,0.014999999664723873,3.0913068276815987
A,units,-3,8,helix:random_orth,200,0.0,0.9799999594688416,3.1236109413977946
A,units,-3,8,digit_1hot:all,200,0.7099999785423279,0.014999999664723873,3.2890587423713087
A,units,-3,8,digit_1hot:tens,200,0.0,1.0,0.0
A,units,-3,8,digit_1hot:units,200,0.7099999785423279,0.014999999664723873,3.2890587423713087
A,units,-3,8,digit_1hot:random_orth,200,0.0,0.9899999499320984,3.2890587423713087
A,units,-3,8,digit_circ:all,200,0.0,0.625,1.6809065212970193
A,units,-3,8,digit_circ:tens,200,0.0,1.0,0.0
A,units,-3,8,digit_circ:units,200,0.0,0.625,1.6809065212970193
A,units,-3,8,digit_circ:random_orth,200,0.0,0.9950000047683716,1.6809065212970193
A,units,-3,8,both:all,200,0.7249999642372131,0.009999999776482582,3.3569195692794245
A,units,-3,8,both:tens,200,0.0,0.9749999642372131,0.7009798400749478
A,units,-3,8,both:units,200,0.7249999642372131,0.014999999664723873,3.2890185393511215
A,units,-3,8,both:random_orth,200,0.0,0.9599999785423279,3.3569195692794245
A,units,-3,10,full_swap,200,0.8449999690055847,0.009999999776482582,5.959103584289551
A,units,-3,10,helix:all,200,0.675000011920929,0.009999999776482582,3.482832275511805
A,units,-3,10,helix:tens,200,0.0,0.9599999785423279,0.48724595749826166
A,units,-3,10,helix:units,200,0.6899999976158142,0.009999999776482582,3.447614932725263
A,units,-3,10,helix:random_orth,200,0.0,0.9899999499320984,3.482832275511805
A,units,-3,10,digit_1hot:all,200,0.7299999594688416,0.014999999664723873,3.6522015441305853
A,units,-3,10,digit_1hot:tens,200,0.0,1.0,0.0
A,units,-3,10,digit_1hot:units,200,0.7299999594688416,0.014999999664723873,3.6522015441305853
A,units,-3,10,digit_1hot:random_orth,200,0.0,0.9649999737739563,3.6522015441305853
A,units,-3,10,digit_circ:all,200,0.0,0.625,1.8877780699871998
A,units,-3,10,digit_circ:tens,200,0.0,1.0,0.0
A,units,-3,10,digit_circ:units,200,0.0,0.625,1.8877780699871998
A,units,-3,10,digit_circ:random_orth,200,0.0,0.98499995470047,1.8877780699871998
A,units,-3,10,both:all,200,0.7299999594688416,0.009999999776482582,3.7245003218975192
A,units,-3,10,both:tens,200,0.0,0.9699999690055847,0.7593751904204964
A,units,-3,10,both:units,200,0.7400000095367432,0.014999999664723873,3.6528057246880135
A,units,-3,10,both:random_orth,200,0.0,0.9899999499320984,3.7245003218975192
A,units,-3,12,full_swap,200,0.8299999833106995,0.009999999776482582,7.172038555145264
A,units,-3,12,helix:all,200,0.675000011920929,0.019999999552965164,4.342299245870114
A,units,-3,12,helix:tens,200,0.0,0.9599999785423279,0.5546206483273193
A,units,-3,12,helix:units,200,0.6699999570846558,0.009999999776482582,4.3089683664700935
A,units,-3,12,helix:random_orth,200,0.0,0.9699999690055847,4.342299245870114
A,units,-3,12,digit_1hot:all,200,0.7199999690055847,0.014999999664723873,4.598859551764238
A,units,-3,12,digit_1hot:tens,200,0.0,1.0,0.0
A,units,-3,12,digit_1hot:units,200,0.7199999690055847,0.014999999664723873,4.598859551764238
A,units,-3,12,digit_1hot:random_orth,200,0.0,0.9549999833106995,4.598859551764238
A,units,-3,12,digit_circ:all,200,0.0,0.5699999928474426,2.361497887658789
A,units,-3,12,digit_circ:tens,200,0.0,1.0,0.0
A,units,-3,12,digit_circ:units,200,0.0,0.5699999928474426,2.361497887658789
A,units,-3,12,digit_circ:random_orth,200,0.0,0.9899999499320984,2.361497887658789
A,units,-3,12,both:all,200,0.7299999594688416,0.014999999664723873,4.675209734527202
A,units,-3,12,both:tens,200,0.0,0.9749999642372131,0.8523024668848207
A,units,-3,12,both:units,200,0.73499995470047,0.014999999664723873,4.601125580912355
A,units,-3,12,both:random_orth,200,0.0,0.949999988079071,4.675209734527202
A,units,-3,14,full_swap,200,0.5999999642372131,0.03500000014901161,8.095488548278809
A,units,-3,14,helix:all,200,0.4599999785423279,0.10999999940395355,4.877817636404143
A,units,-3,14,helix:tens,200,0.0,0.9749999642372131,0.636258881750446
A,units,-3,14,helix:units,200,0.44999998807907104,0.09999999403953552,4.834648237486103
A,units,-3,14,helix:random_orth,200,0.0,0.9899999499320984,4.877817636404143
A,units,-3,14,digit_1hot:all,200,0.5149999856948853,0.08500000089406967,5.145517662515219
A,units,-3,14,digit_1hot:tens,200,0.0,1.0,0.0
A,units,-3,14,digit_1hot:units,200,0.5149999856948853,0.08500000089406967,5.145517662515219
A,units,-3,14,digit_1hot:random_orth,200,0.0,0.9749999642372131,5.145517662515219
A,units,-3,14,digit_circ:all,200,0.0,0.699999988079071,2.64549362725221
A,units,-3,14,digit_circ:tens,200,0.0,1.0,0.0
A,units,-3,14,digit_circ:units,200,0.0,0.699999988079071,2.64549362725221
A,units,-3,14,digit_circ:random_orth,200,0.0,0.9899999499320984,2.64549362725221
A,units,-3,14,both:all,200,0.5099999904632568,0.08500000089406967,5.237571287160747
A,units,-3,14,both:tens,200,0.0,0.98499995470047,0.9588434906044534
A,units,-3,14,both:units,200,0.5149999856948853,0.07000000029802322,5.145939152812355
A,units,-3,14,both:random_orth,200,0.0,0.9699999690055847,5.237571287160747
A,units,-3,16,full_swap,200,0.5899999737739563,0.044999998062849045,10.481435775756836
A,units,-3,16,helix:all,200,0.5,0.12999999523162842,6.156971133965495
A,units,-3,16,helix:tens,200,0.0,0.9799999594688416,0.8868510401635287
A,units,-3,16,helix:units,200,0.4949999749660492,0.11999999731779099,6.091668479575508
A,units,-3,16,helix:random_orth,200,0.0,0.9749999642372131,6.156971133965495
A,units,-3,16,digit_1hot:all,200,0.5199999809265137,0.125,6.499022148010251
A,units,-3,16,digit_1hot:tens,200,0.0,1.0,0.0
A,units,-3,16,digit_1hot:units,200,0.5199999809265137,0.125,6.499022148010251
A,units,-3,16,digit_1hot:random_orth,200,0.0,0.98499995470047,6.499022148010251
A,units,-3,16,digit_circ:all,200,0.0,0.6449999809265137,3.29862328913928
A,units,-3,16,digit_circ:tens,200,0.0,1.0,0.0
A,units,-3,16,digit_circ:units,200,0.0,0.6449999809265137,3.29862328913928
A,units,-3,16,digit_circ:random_orth,200,0.0,0.9950000047683716,3.29862328913928
A,units,-3,16,both:all,200,0.5149999856948853,0.125,6.623762003994708
A,units,-3,16,both:tens,200,0.0,0.9699999690055847,1.2226894238358594
A,units,-3,16,both:units,200,0.5249999761581421,0.12999999523162842,6.498646761384889
A,units,-3,16,both:random_orth,200,0.0,0.9699999690055847,6.623762003994708
A,units,-3,18,full_swap,200,0.2800000011920929,0.2750000059604645,11.965570449829102
A,units,-3,18,helix:all,200,0.23999999463558197,0.375,6.91948454948875
A,units,-3,18,helix:tens,200,0.0,0.9950000047683716,1.0421812797458352
A,units,-3,18,helix:units,200,0.2449999898672104,0.3700000047683716,6.8424622232739
A,units,-3,18,helix:random_orth,200,0.0,0.9799999594688416,6.91948454948875
A,units,-3,18,digit_1hot:all,200,0.23999999463558197,0.375,7.281595218027189
A,units,-3,18,digit_1hot:tens,200,0.0,1.0,0.0
A,units,-3,18,digit_1hot:units,200,0.23999999463558197,0.375,7.281595218027189
A,units,-3,18,digit_1hot:random_orth,200,0.0,0.9799999594688416,7.281595218027187
A,units,-3,18,digit_circ:all,200,0.0,0.7249999642372131,3.7303579928037234
A,units,-3,18,digit_circ:tens,200,0.0,1.0,0.0
A,units,-3,18,digit_circ:units,200,0.0,0.7249999642372131,3.7303579928037234
A,units,-3,18,digit_circ:random_orth,200,0.0,0.9899999499320984,3.7303579928037234
A,units,-3,18,both:all,200,0.2449999898672104,0.375,7.438115191978864
A,units,-3,18,both:tens,200,0.0,0.9899999499320984,1.4545966483439274
A,units,-3,18,both:units,200,0.2449999898672104,0.375,7.280667700872599
A,units,-3,18,both:random_orth,200,0.0,0.9699999690055847,7.438115191978864
A,units,-3,20,full_swap,200,0.0,0.9799999594688416,13.941359519958496
A,units,-3,20,helix:all,200,0.0,0.9950000047683716,8.008234607553943
A,units,-3,20,helix:tens,200,0.0,1.0,1.253250004893409
A,units,-3,20,helix:units,200,0.0,0.9950000047683716,7.920946279084875
A,units,-3,20,helix:random_orth,200,0.0,0.9950000047683716,8.008234607553943
A,units,-3,20,digit_1hot:all,200,0.0,0.9899999499320984,8.406769029274235
A,units,-3,20,digit_1hot:tens,200,0.0,1.0,0.0
A,units,-3,20,digit_1hot:units,200,0.0,0.9899999499320984,8.406769029274235
A,units,-3,20,digit_1hot:random_orth,200,0.0,1.0,8.406769029274235
A,units,-3,20,digit_circ:all,200,0.0,0.9950000047683716,4.3277389340294805
A,units,-3,20,digit_circ:tens,200,0.0,1.0,0.0
A,units,-3,20,digit_circ:units,200,0.0,0.9950000047683716,4.3277389340294805
A,units,-3,20,digit_circ:random_orth,200,0.0,1.0,4.3277389340294805
A,units,-3,20,both:all,200,0.0,0.9899999499320984,8.594575132527293
A,units,-3,20,both:tens,200,0.0,1.0,1.720711101673298
A,units,-3,20,both:units,200,0.0,0.9899999499320984,8.405130608545967
A,units,-3,20,both:random_orth,200,0.0,0.9950000047683716,8.594575132527293
A,units,-2,0,full_swap,200,0.85999995470047,0.009999999776482582,3.824831008911133
A,units,-2,0,helix:all,200,0.6449999809265137,0.23999999463558197,1.6574888208979968
A,units,-2,0,helix:tens,200,0.0,0.9699999690055847,0.18205880325414975
A,units,-2,0,helix:units,200,0.6349999904632568,0.25999999046325684,1.6461777784238083
A,units,-2,0,helix:random_orth,200,0.004999999888241291,0.9699999690055847,1.6574888208979968
A,units,-2,0,digit_1hot:all,200,0.824999988079071,0.04999999701976776,2.082116964790331
A,units,-2,0,digit_1hot:tens,200,0.0,1.0,0.0
A,units,-2,0,digit_1hot:units,200,0.824999988079071,0.04999999701976776,2.082116964790331
A,units,-2,0,digit_1hot:random_orth,200,0.004999999888241291,0.9649999737739563,2.082116964790331
A,units,-2,0,digit_circ:all,200,0.044999998062849045,0.8549999594688416,0.8629682231304403
A,units,-2,0,digit_circ:tens,200,0.0,1.0,0.0
A,units,-2,0,digit_circ:units,200,0.044999998062849045,0.8549999594688416,0.8629682231304403
A,units,-2,0,digit_circ:random_orth,200,0.0,0.9899999499320984,0.8629682231304402
A,units,-2,0,both:all,200,0.8199999928474426,0.04999999701976776,2.104148320918491
A,units,-2,0,both:tens,200,0.0,0.9749999642372131,0.3373259966078654
A,units,-2,0,both:units,200,0.824999988079071,0.04999999701976776,2.08335696428186
A,units,-2,0,both:random_orth,200,0.0,0.9649999737739563,2.104148320918491
A,units,-2,2,full_swap,200,0.8499999642372131,0.014999999664723873,3.8803510665893555
A,units,-2,2,helix:all,200,0.6399999856948853,0.22999998927116394,1.7049110949390722
A,units,-2,2,helix:tens,200,0.0,0.9599999785423279,0.19286199496819362
A,units,-2,2,helix:units,200,0.6449999809265137,0.2449999898672104,1.6918519404676942
A,units,-2,2,helix:random_orth,200,0.004999999888241291,0.9799999594688416,1.7049110949390722
A,units,-2,2,digit_1hot:all,200,0.824999988079071,0.054999999701976776,2.1184157993411463
A,units,-2,2,digit_1hot:tens,200,0.0,1.0,0.0
A,units,-2,2,digit_1hot:units,200,0.824999988079071,0.054999999701976776,2.1184157993411463
A,units,-2,2,digit_1hot:random_orth,200,0.0,0.9799999594688416,2.1184157993411468
A,units,-2,2,digit_circ:all,200,0.044999998062849045,0.8399999737739563,0.8832671605065436
A,units,-2,2,digit_circ:tens,200,0.0,1.0,0.0
A,units,-2,2,digit_circ:units,200,0.044999998062849045,0.8399999737739563,0.8832671605065436
A,units,-2,2,digit_circ:random_orth,200,0.0,0.98499995470047,0.8832671605065436
A,units,-2,2,both:all,200,0.824999988079071,0.04999999701976776,2.141999386892357
A,units,-2,2,both:tens,200,0.0,0.9749999642372131,0.340049372019979
A,units,-2,2,both:units,200,0.8199999928474426,0.05999999865889549,2.119154049607059
A,units,-2,2,both:random_orth,200,0.004999999888241291,0.9699999690055847,2.141999386892357
A,units,-2,4,full_swap,200,0.8549999594688416,0.019999999552965164,4.28260612487793
A,units,-2,4,helix:all,200,0.6349999904632568,0.22499999403953552,1.9452579310318436
A,units,-2,4,helix:tens,200,0.0,0.9649999737739563,0.22681298583180062
A,units,-2,4,helix:units,200,0.6299999952316284,0.23499999940395355,1.9289326238008753
A,units,-2,4,helix:random_orth,200,0.0,0.98499995470047,1.9452579310318436
A,units,-2,4,digit_1hot:all,200,0.8199999928474426,0.05999999865889549,2.3751054010650154
A,units,-2,4,digit_1hot:tens,200,0.0,1.0,0.0
A,units,-2,4,digit_1hot:units,200,0.8199999928474426,0.05999999865889549,2.3751054010650154
A,units,-2,4,digit_1hot:random_orth,200,0.0,0.9549999833106995,2.3751054010650154
A,units,-2,4,digit_circ:all,200,0.04999999701976776,0.824999988079071,0.9920993883444487
A,units,-2,4,digit_circ:tens,200,0.0,1.0,0.0
A,units,-2,4,digit_circ:units,200,0.04999999701976776,0.824999988079071,0.9920993883444487
A,units,-2,4,digit_circ:random_orth,200,0.0,0.9799999594688416,0.9920993883444487
A,units,-2,4,both:all,200,0.8050000071525574,0.05999999865889549,2.4034692332036975
A,units,-2,4,both:tens,200,0.0,0.9799999594688416,0.3764917428529824
A,units,-2,4,both:units,200,0.824999988079071,0.05999999865889549,2.375393458379617
A,units,-2,4,both:random_orth,200,0.004999999888241291,0.9699999690055847,2.4034692332036975
A,units,-2,6,full_swap,200,0.875,0.019999999552965164,4.780882358551025
A,units,-2,6,helix:all,200,0.6449999809265137,0.22499999403953552,2.232975336226269
A,units,-2,6,helix:tens,200,0.0,0.9649999737739563,0.2573106665820284
A,units,-2,6,helix:units,200,0.6449999809265137,0.22499999403953552,2.213166464656706
A,units,-2,6,helix:random_orth,200,0.004999999888241291,0.9749999642372131,2.2329753362262688
A,units,-2,6,digit_1hot:all,200,0.824999988079071,0.05999999865889549,2.687465366115504
A,units,-2,6,digit_1hot:tens,200,0.0,1.0,0.0
A,units,-2,6,digit_1hot:units,200,0.824999988079071,0.05999999865889549,2.687465366115504
A,units,-2,6,digit_1hot:random_orth,200,0.0,0.9699999690055847,2.687465366115504
A,units,-2,6,digit_circ:all,200,0.04999999701976776,0.8199999928474426,1.1225698781549702
A,units,-2,6,digit_circ:tens,200,0.0,1.0,0.0
A,units,-2,6,digit_circ:units,200,0.04999999701976776,0.8199999928474426,1.1225698781549702
A,units,-2,6,digit_circ:random_orth,200,0.004999999888241291,0.98499995470047,1.1225698781549702
A,units,-2,6,both:all,200,0.8100000023841858,0.06499999761581421,2.7248532430752586
A,units,-2,6,both:tens,200,0.0,0.9749999642372131,0.42874182437374364
A,units,-2,6,both:units,200,0.824999988079071,0.05999999865889549,2.687416864855683
A,units,-2,6,both:random_orth,200,0.0,0.9699999690055847,2.7248532430752586
A,units,-2,8,full_swap,200,0.85999995470047,0.03500000014901161,5.152722358703613
A,units,-2,8,helix:all,200,0.6499999761581421,0.2199999988079071,2.423929952763785
A,units,-2,8,helix:tens,200,0.0,0.9549999833106995,0.27950554853798126
A,units,-2,8,helix:units,200,0.6399999856948853,0.22499999403953552,2.401274088292673
A,units,-2,8,helix:random_orth,200,0.009999999776482582,0.9649999737739563,2.423929952763785
A,units,-2,8,digit_1hot:all,200,0.824999988079071,0.054999999701976776,2.915152742191933
A,units,-2,8,digit_1hot:tens,200,0.0,1.0,0.0
A,units,-2,8,digit_1hot:units,200,0.824999988079071,0.054999999701976776,2.915152742191933
A,units,-2,8,digit_1hot:random_orth,200,0.0,0.9899999499320984,2.915152742191933
A,units,-2,8,digit_circ:all,200,0.04999999701976776,0.7999999523162842,1.2167474391669764
A,units,-2,8,digit_circ:tens,200,0.0,1.0,0.0
A,units,-2,8,digit_circ:units,200,0.04999999701976776,0.7999999523162842,1.2167474391669764
A,units,-2,8,digit_circ:random_orth,200,0.0,0.9950000047683716,1.2167474391669764
A,units,-2,8,both:all,200,0.8100000023841858,0.054999999701976776,2.9577188106251002
A,units,-2,8,both:tens,200,0.0,0.9799999594688416,0.46051638996821853
A,units,-2,8,both:units,200,0.824999988079071,0.054999999701976776,2.9149744312207333
A,units,-2,8,both:random_orth,200,0.004999999888241291,0.9599999785423279,2.9577188106251002
A,units,-2,10,full_swap,200,0.8650000095367432,0.029999999329447746,5.695855617523193
A,units,-2,10,helix:all,200,0.6649999618530273,0.20499999821186066,2.701390788401294
A,units,-2,10,helix:tens,200,0.0,0.9649999737739563,0.314705702845273
A,units,-2,10,helix:units,200,0.6599999666213989,0.20499999821186066,2.6766624604363547
A,units,-2,10,helix:random_orth,200,0.0,0.98499995470047,2.7013907884012944
A,units,-2,10,digit_1hot:all,200,0.8299999833106995,0.054999999701976776,3.2438234331664715
A,units,-2,10,digit_1hot:tens,200,0.0,1.0,0.0
A,units,-2,10,digit_1hot:units,200,0.8299999833106995,0.054999999701976776,3.2438234331664715
A,units,-2,10,digit_1hot:random_orth,200,0.0,0.98499995470047,3.2438234331664715
A,units,-2,10,digit_circ:all,200,0.04999999701976776,0.8050000071525574,1.3692402012867575
A,units,-2,10,digit_circ:tens,200,0.0,1.0,0.0
A,units,-2,10,digit_circ:units,200,0.04999999701976776,0.8050000071525574,1.3692402012867575
A,units,-2,10,digit_circ:random_orth,200,0.004999999888241291,0.98499995470047,1.3692402012867575
A,units,-2,10,both:all,200,0.8199999928474426,0.054999999701976776,3.289460202089456
A,units,-2,10,both:tens,200,0.0,0.9749999642372131,0.49960445762684924
A,units,-2,10,both:units,200,0.8349999785423279,0.054999999701976776,3.243990734019343
A,units,-2,10,both:random_orth,200,0.004999999888241291,0.9799999594688416,3.289460202089456
A,units,-2,12,full_swap,200,0.8700000047683716,0.029999999329447746,6.809495449066162
A,units,-2,12,helix:all,200,0.699999988079071,0.19499999284744263,3.370853748560876
A,units,-2,12,helix:tens,200,0.0,0.9599999785423279,0.35747266245593706
A,units,-2,12,helix:units,200,0.6949999928474426,0.19499999284744263,3.34613356472793
A,units,-2,12,helix:random_orth,200,0.004999999888241291,0.9749999642372131,3.370853748560876
A,units,-2,12,digit_1hot:all,200,0.8100000023841858,0.07499999552965164,4.145220687010656
A,units,-2,12,digit_1hot:tens,200,0.0,1.0,0.0
A,units,-2,12,digit_1hot:units,200,0.8100000023841858,0.07499999552965164,4.145220687010656
A,units,-2,12,digit_1hot:random_orth,200,0.004999999888241291,0.9749999642372131,4.145220687010656
A,units,-2,12,digit_circ:all,200,0.05999999865889549,0.7699999809265137,1.711499647391682
A,units,-2,12,digit_circ:tens,200,0.0,1.0,0.0
A,units,-2,12,digit_circ:units,200,0.05999999865889549,0.7699999809265137,1.711499647391682
A,units,-2,12,digit_circ:random_orth,200,0.0,0.98499995470047,1.711499647391682
A,units,-2,12,both:all,200,0.8149999976158142,0.06499999761581421,4.192202610869354
A,units,-2,12,both:tens,200,0.0,0.9799999594688416,0.5613556131315668
A,units,-2,12,both:units,200,0.8149999976158142,0.07499999552965164,4.146303250009175
A,units,-2,12,both:random_orth,200,0.004999999888241291,0.9649999737739563,4.192202610869354
A,units,-2,14,full_swap,200,0.7599999904632568,0.14000000059604645,7.610605239868164
A,units,-2,14,helix:all,200,0.5299999713897705,0.3700000047683716,3.813138041291951
A,units,-2,14,helix:tens,200,0.0,0.9699999690055847,0.41008973525726355
A,units,-2,14,helix:units,200,0.5399999618530273,0.3649999797344208,3.783949483712754
A,units,-2,14,helix:random_orth,200,0.0,0.9799999594688416,3.813138041291951
A,units,-2,14,digit_1hot:all,200,0.6349999904632568,0.2449999898672104,4.648777275087217
A,units,-2,14,digit_1hot:tens,200,0.0,1.0,0.0
A,units,-2,14,digit_1hot:units,200,0.6349999904632568,0.2449999898672104,4.648777275087217
A,units,-2,14,digit_1hot:random_orth,200,0.0,0.9699999690055847,4.648777275087217
A,units,-2,14,digit_circ:all,200,0.03500000014901161,0.85999995470047,1.914159339750067
A,units,-2,14,digit_circ:tens,200,0.0,1.0,0.0
A,units,-2,14,digit_circ:units,200,0.03500000014901161,0.85999995470047,1.914159339750067
A,units,-2,14,digit_circ:random_orth,200,0.0,0.9749999642372131,1.914159339750067
A,units,-2,14,both:all,200,0.6399999856948853,0.23999999463558197,4.703578359334903
A,units,-2,14,both:tens,200,0.0,0.9799999594688416,0.631744669443172
A,units,-2,14,both:units,200,0.6399999856948853,0.23999999463558197,4.6490441181386135
A,units,-2,14,both:random_orth,200,0.004999999888241291,0.9749999642372131,4.703578359334903
A,units,-2,16,full_swap,200,0.7549999952316284,0.14499999582767487,9.840900421142578
A,units,-2,16,helix:all,200,0.5649999976158142,0.3400000035762787,4.78280203015456
A,units,-2,16,helix:tens,200,0.0,0.9599999785423279,0.5712129465786403
A,units,-2,16,helix:units,200,0.5849999785423279,0.32499998807907104,4.741353325308834
A,units,-2,16,helix:random_orth,200,0.0,0.9799999594688416,4.78280203015456
A,units,-2,16,digit_1hot:all,200,0.6399999856948853,0.25,5.852094009111397
A,units,-2,16,digit_1hot:tens,200,0.0,1.0,0.0
A,units,-2,16,digit_1hot:units,200,0.6399999856948853,0.25,5.852094009111397
A,units,-2,16,digit_1hot:random_orth,200,0.004999999888241291,0.9599999785423279,5.852094009111397
A,units,-2,16,digit_circ:all,200,0.054999999701976776,0.8149999976158142,2.39064694320552
A,units,-2,16,digit_circ:tens,200,0.0,1.0,0.0
A,units,-2,16,digit_circ:units,200,0.054999999701976776,0.8149999976158142,2.39064694320552
A,units,-2,16,digit_circ:random_orth,200,0.0,0.9950000047683716,2.39064694320552
A,units,-2,16,both:all,200,0.6449999809265137,0.2549999952316284,5.922973318701554
A,units,-2,16,both:tens,200,0.004999999888241291,0.9749999642372131,0.8067736793777774
A,units,-2,16,both:units,200,0.6299999952316284,0.2549999952316284,5.852530788887243
A,units,-2,16,both:random_orth,200,0.0,0.9699999690055847,5.922973318701554
A,units,-2,18,full_swap,200,0.5,0.3999999761581421,11.22424030303955
A,units,-2,18,helix:all,200,0.3499999940395355,0.5299999713897705,5.36711700948801
A,units,-2,18,helix:tens,200,0.0,0.9699999690055847,0.6701209621455022
A,units,-2,18,helix:units,200,0.35499998927116394,0.5450000166893005,5.319653514329942
A,units,-2,18,helix:random_orth,200,0.0,0.9799999594688416,5.36711700948801
A,units,-2,18,digit_1hot:all,200,0.41499999165534973,0.4899999797344208,6.528331452098935
A,units,-2,18,digit_1hot:tens,200,0.0,1.0,0.0
A,units,-2,18,digit_1hot:units,200,0.41499999165534973,0.4899999797344208,6.528331452098935
A,units,-2,18,digit_1hot:random_orth,200,0.0,0.98499995470047,6.528331452098935
A,units,-2,18,digit_circ:all,200,0.029999999329447746,0.8899999856948853,2.7029326482775473
A,units,-2,18,digit_circ:tens,200,0.0,1.0,0.0
A,units,-2,18,digit_circ:units,200,0.029999999329447746,0.8899999856948853,2.7029326482775473
A,units,-2,18,digit_circ:random_orth,200,0.0,0.9899999499320984,2.7029326482775473
A,units,-2,18,both:all,200,0.429999977350235,0.4749999940395355,6.614900499060548
A,units,-2,18,both:tens,200,0.0,0.9799999594688416,0.9577866016722537
A,units,-2,18,both:units,200,0.41499999165534973,0.4899999797344208,6.528234718475372
A,units,-2,18,both:random_orth,200,0.004999999888241291,0.9749999642372131,6.614900499060546
A,units,-2,20,full_swap,200,0.0,0.9649999737739563,13.047036170959473
A,units,-2,20,helix:all,200,0.0,0.98499995470047,6.232205801947986
A,units,-2,20,helix:tens,200,0.0,1.0,0.8058438582709238
A,units,-2,20,helix:units,200,0.0,0.98499995470047,6.178573945477573
A,units,-2,20,helix:random_orth,200,0.0,0.98499995470047,6.232205801947986
A,units,-2,20,digit_1hot:all,200,0.0,0.98499995470047,7.534384413226226
A,units,-2,20,digit_1hot:tens,200,0.0,1.0,0.0
A,units,-2,20,digit_1hot:units,200,0.0,0.98499995470047,7.534384413226226
A,units,-2,20,digit_1hot:random_orth,200,0.0,0.9899999499320984,7.534384413226226
A,units,-2,20,digit_circ:all,200,0.004999999888241291,0.98499995470047,3.130730860156649
A,units,-2,20,digit_circ:tens,200,0.0,1.0,0.0
A,units,-2,20,digit_circ:units,200,0.004999999888241291,0.98499995470047,3.130730860156649
A,units,-2,20,digit_circ:random_orth,200,0.0,0.9950000047683716,3.130730860156649
A,units,-2,20,both:all,200,0.0,0.9799999594688416,7.636688331882136
A,units,-2,20,both:tens,200,0.0,1.0,1.1331954974825054
A,units,-2,20,both:units,200,0.0,0.98499995470047,7.534327188971588
A,units,-2,20,both:random_orth,200,0.0,0.9950000047683716,7.636688331882136
A,units,-1,0,full_swap,200,0.8799999952316284,0.009999999776482582,3.657428026199341
A,units,-1,0,helix:all,200,0.6150000095367432,0.17000000178813934,1.4725521089182743
A,units,-1,0,helix:tens,200,0.0,0.9799999594688416,0.09140543660954126
A,units,-1,0,helix:units,200,0.6200000047683716,0.16499999165534973,1.4695097133222526
A,units,-1,0,helix:random_orth,200,0.0,0.9699999690055847,1.4725521089182743
A,units,-1,0,digit_1hot:all,200,0.8499999642372131,0.029999999329447746,2.1152332294987817
A,units,-1,0,digit_1hot:tens,200,0.0,0.9899999499320984,0.0
A,units,-1,0,digit_1hot:units,200,0.8499999642372131,0.029999999329447746,2.1152332294987817
A,units,-1,0,digit_1hot:random_orth,200,0.0,0.9699999690055847,2.1152332294987817
A,units,-1,0,digit_circ:all,200,0.0,0.9699999690055847,0.4548218398784997
A,units,-1,0,digit_circ:tens,200,0.0,0.9899999499320984,0.0
A,units,-1,0,digit_circ:units,200,0.0,0.9699999690055847,0.4548218398784997
A,units,-1,0,digit_circ:random_orth,200,0.0,0.98499995470047,0.4548218398784997
A,units,-1,0,both:all,200,0.85999995470047,0.02499999850988388,2.1208503775213194
A,units,-1,0,both:tens,200,0.0,0.9799999594688416,0.16958101783238028
A,units,-1,0,both:units,200,0.8650000095367432,0.02499999850988388,2.115575575378017
A,units,-1,0,both:random_orth,200,0.0,0.9799999594688416,2.1208503775213194
A,units,-1,2,full_swap,200,0.8949999809265137,0.009999999776482582,3.6952123641967773
A,units,-1,2,helix:all,200,0.6150000095367432,0.16499999165534973,1.5260453657015132
A,units,-1,2,helix:tens,200,0.0,0.9649999737739563,0.09685435875527107
A,units,-1,2,helix:units,200,0.6100000143051147,0.17000000178813934,1.5225330498482907
A,units,-1,2,helix:random_orth,200,0.0,0.9749999642372131,1.5260453657015132
A,units,-1,2,digit_1hot:all,200,0.8650000095367432,0.029999999329447746,2.1507631039752364
A,units,-1,2,digit_1hot:tens,200,0.0,0.9899999499320984,0.0
A,units,-1,2,digit_1hot:units,200,0.8650000095367432,0.029999999329447746,2.1507631039752364
A,units,-1,2,digit_1hot:random_orth,200,0.0,0.949999988079071,2.1507631039752364
A,units,-1,2,digit_circ:all,200,0.0,0.9799999594688416,0.4655604317733936
A,units,-1,2,digit_circ:tens,200,0.0,0.9899999499320984,0.0
A,units,-1,2,digit_circ:units,200,0.0,0.9799999594688416,0.4655604317733936
A,units,-1,2,digit_circ:random_orth,200,0.0,0.98499995470047,0.4655604317733936
A,units,-1,2,both:all,200,0.8650000095367432,0.029999999329447746,2.156640615989719
A,units,-1,2,both:tens,200,0.0,0.98499995470047,0.1708518941117148
A,units,-1,2,both:units,200,0.8700000047683716,0.029999999329447746,2.1509878430302027
A,units,-1,2,both:random_orth,200,0.0,0.9799999594688416,2.156640615989719
A,units,-1,4,full_swap,200,0.8849999904632568,0.009999999776482582,4.066254615783691
A,units,-1,4,helix:all,200,0.6349999904632568,0.1599999964237213,1.7879380142668508
A,units,-1,4,helix:tens,200,0.0,0.98499995470047,0.11380719416028962
A,units,-1,4,helix:units,200,0.6399999856948853,0.1550000011920929,1.7837816512767148
A,units,-1,4,helix:random_orth,200,0.0,0.9549999833106995,1.7879380142668508
A,units,-1,4,digit_1hot:all,200,0.8700000047683716,0.02499999850988388,2.4373341412452145
A,units,-1,4,digit_1hot:tens,200,0.0,0.9899999499320984,0.0
A,units,-1,4,digit_1hot:units,200,0.8700000047683716,0.02499999850988388,2.4373341412452145
A,units,-1,4,digit_1hot:random_orth,200,0.0,0.9599999785423279,2.4373341412452145
A,units,-1,4,digit_circ:all,200,0.0,0.9649999737739563,0.5235092433259516
A,units,-1,4,digit_circ:tens,200,0.0,0.9899999499320984,0.0
A,units,-1,4,digit_circ:units,200,0.0,0.9649999737739563,0.5235092433259516
A,units,-1,4,digit_circ:random_orth,200,0.0,0.9899999499320984,0.5235092433259516
A,units,-1,4,both:all,200,0.8549999594688416,0.02499999850988388,2.444386395937437
A,units,-1,4,both:tens,200,0.0,0.9799999594688416,0.1891491275988756
A,units,-1,4,both:units,200,0.8700000047683716,0.02499999850988388,2.4375720684140334
A,units,-1,4,both:random_orth,200,0.0,0.9799999594688416,2.444386395937437
A,units,-1,6,full_swap,200,0.8799999952316284,0.014999999664723873,4.533486366271973
A,units,-1,6,helix:all,200,0.6499999761581421,0.1599999964237213,2.0463958284760664
A,units,-1,6,helix:tens,200,0.0,0.9749999642372131,0.128953330502409
A,units,-1,6,helix:units,200,0.6399999856948853,0.1599999964237213,2.0415618041788823
A,units,-1,6,helix:random_orth,200,0.0,0.9749999642372131,2.0463958284760664
A,units,-1,6,digit_1hot:all,200,0.875,0.02499999850988388,2.7435647630535502
A,units,-1,6,digit_1hot:tens,200,0.0,0.9899999499320984,0.0
A,units,-1,6,digit_1hot:units,200,0.875,0.02499999850988388,2.7435647630535502
A,units,-1,6,digit_1hot:random_orth,200,0.0,0.9749999642372131,2.7435647630535502
A,units,-1,6,digit_circ:all,200,0.0,0.9699999690055847,0.5934113013099728
A,units,-1,6,digit_circ:tens,200,0.0,0.9899999499320984,0.0
A,units,-1,6,digit_circ:units,200,0.0,0.9699999690055847,0.5934113013099728
A,units,-1,6,digit_circ:random_orth,200,0.0,0.9950000047683716,0.5934113013099728
A,units,-1,6,both:all,200,0.8650000095367432,0.02499999850988388,2.7529177799325364
A,units,-1,6,both:tens,200,0.0,0.9899999499320984,0.21529145486036783
A,units,-1,6,both:units,200,0.8700000047683716,0.02499999850988388,2.7438949723366544
A,units,-1,6,both:random_orth,200,0.0,0.98499995470047,2.7529177799325364
A,units,-1,8,full_swap,200,0.8700000047683716,0.02499999850988388,4.862290859222412
A,units,-1,8,helix:all,200,0.6599999666213989,0.16499999165534973,2.1869186409205477
A,units,-1,8,helix:tens,200,0.0,0.9799999594688416,0.13982707179266374
A,units,-1,8,helix:units,200,0.6499999761581421,0.16499999165534973,2.1811525982237896
A,units,-1,8,helix:random_orth,200,0.0,0.9899999499320984,2.1869186409205477
A,units,-1,8,digit_1hot:all,200,0.8799999952316284,0.02499999850988388,2.934036827980775
A,units,-1,8,digit_1hot:tens,200,0.0,0.9899999499320984,0.0
A,units,-1,8,digit_1hot:units,200,0.8799999952316284,0.02499999850988388,2.934036827980775
A,units,-1,8,digit_1hot:random_orth,200,0.0,0.9799999594688416,2.934036827980775
A,units,-1,8,digit_circ:all,200,0.0,0.9699999690055847,0.6422665020334197
A,units,-1,8,digit_circ:tens,200,0.0,0.9899999499320984,0.0
A,units,-1,8,digit_circ:units,200,0.0,0.9699999690055847,0.6422665020334197
A,units,-1,8,digit_circ:random_orth,200,0.0,0.9899999499320984,0.6422665020334197
A,units,-1,8,both:all,200,0.8700000047683716,0.02499999850988388,2.9449395071427515
A,units,-1,8,both:tens,200,0.0,0.9799999594688416,0.23132232223088117
A,units,-1,8,both:units,200,0.8799999952316284,0.02499999850988388,2.9343938407100882
A,units,-1,8,both:random_orth,200,0.0,0.98499995470047,2.9449395071427515
A,units,-1,10,full_swap,200,0.875,0.014999999664723873,5.383932113647461
A,units,-1,10,helix:all,200,0.6599999666213989,0.1550000011920929,2.4424646881061274
A,units,-1,10,helix:tens,200,0.0,0.9749999642372131,0.1570747420114388
A,units,-1,10,helix:units,200,0.6599999666213989,0.1550000011920929,2.435937985098881
A,units,-1,10,helix:random_orth,200,0.0,0.9799999594688416,2.4424646881061274
A,units,-1,10,digit_1hot:all,200,0.8849999904632568,0.02499999850988388,3.2568201173064244
A,units,-1,10,digit_1hot:tens,200,0.0,0.9899999499320984,0.0
A,units,-1,10,digit_1hot:units,200,0.8849999904632568,0.02499999850988388,3.2568201173064244
A,units,-1,10,digit_1hot:random_orth,200,0.0,0.9649999737739563,3.2568201173064244
A,units,-1,10,digit_circ:all,200,0.0,0.9649999737739563,0.721327212478067
A,units,-1,10,digit_circ:tens,200,0.0,0.9899999499320984,0.0
A,units,-1,10,digit_circ:units,200,0.0,0.9649999737739563,0.721327212478067
A,units,-1,10,digit_circ:random_orth,200,0.0,0.9950000047683716,0.7213272124780672
A,units,-1,10,both:all,200,0.875,0.02499999850988388,3.2689305264450423
A,units,-1,10,both:tens,200,0.0,0.98499995470047,0.25089087479629407
A,units,-1,10,both:units,200,0.8799999952316284,0.02499999850988388,3.2573340372550854
A,units,-1,10,both:random_orth,200,0.0,0.9699999690055847,3.268930526445043
A,units,-1,12,full_swap,200,0.8700000047683716,0.02499999850988388,6.414879322052002
A,units,-1,12,helix:all,200,0.7249999642372131,0.14999999105930328,3.0058200680333313
A,units,-1,12,helix:tens,200,0.0,0.9799999594688416,0.17831908739797853
A,units,-1,12,helix:units,200,0.7249999642372131,0.14999999105930328,2.9989195967987676
A,units,-1,12,helix:random_orth,200,0.0,0.9799999594688416,3.0058200680333313
A,units,-1,12,digit_1hot:all,200,0.8499999642372131,0.044999998062849045,4.085371732673852
A,units,-1,12,digit_1hot:tens,200,0.0,0.9899999499320984,0.0
A,units,-1,12,digit_1hot:units,200,0.8499999642372131,0.044999998062849045,4.085371732673852
A,units,-1,12,digit_1hot:random_orth,200,0.0,0.9649999737739563,4.085371732673852
A,units,-1,12,digit_circ:all,200,0.0,0.9549999833106995,0.9029167561341117
A,units,-1,12,digit_circ:tens,200,0.0,0.9899999499320984,0.0
A,units,-1,12,digit_circ:units,200,0.0,0.9549999833106995,0.9029167561341117
A,units,-1,12,digit_circ:random_orth,200,0.0,0.9899999499320984,0.9029167561341117
A,units,-1,12,both:all,200,0.8399999737739563,0.04999999701976776,4.098538645359252
A,units,-1,12,both:tens,200,0.0,0.9899999499320984,0.28177013529431
A,units,-1,12,both:units,200,0.8449999690055847,0.04999999701976776,4.08607717024204
A,units,-1,12,both:random_orth,200,0.0,0.9699999690055847,4.098538645359252
A,units,-1,14,full_swap,200,0.7949999570846558,0.07999999821186066,7.1470818519592285
A,units,-1,14,helix:all,200,0.5649999976158142,0.2750000059604645,3.363177317499336
A,units,-1,14,helix:tens,200,0.0,0.9799999594688416,0.20394789430786042
A,units,-1,14,helix:units,200,0.574999988079071,0.2750000059604645,3.354788287758877
A,units,-1,14,helix:random_orth,200,0.0,0.98499995470047,3.363177317499336
A,units,-1,14,digit_1hot:all,200,0.7149999737739563,0.1599999964237213,4.549817295600366
A,units,-1,14,digit_1hot:tens,200,0.0,0.9899999499320984,0.0
A,units,-1,14,digit_1hot:units,200,0.7149999737739563,0.1599999964237213,4.549817295600366
A,units,-1,14,digit_1hot:random_orth,200,0.0,0.9649999737739563,4.549817295600366
A,units,-1,14,digit_circ:all,200,0.0,0.9649999737739563,1.0099896543447626
A,units,-1,14,digit_circ:tens,200,0.0,0.9899999499320984,0.0
A,units,-1,14,digit_circ:units,200,0.0,0.9649999737739563,1.0099896543447626
A,units,-1,14,digit_circ:random_orth,200,0.0,0.9899999499320984,1.0099896543447626
A,units,-1,14,both:all,200,0.7249999642372131,0.1599999964237213,4.565550392350483
A,units,-1,14,both:tens,200,0.0,0.9899999499320984,0.31682367881778606
A,units,-1,14,both:units,200,0.7249999642372131,0.1550000011920929,4.550439078717942
A,units,-1,14,both:random_orth,200,0.0,0.9799999594688416,4.565550392350484
A,units,-1,16,full_swap,200,0.7899999618530273,0.07499999552965164,9.14798355102539
A,units,-1,16,helix:all,200,0.6499999761581421,0.23999999463558197,4.235911379833231
A,units,-1,16,helix:tens,200,0.0,0.9799999594688416,0.28455174851547954
A,units,-1,16,helix:units,200,0.6499999761581421,0.2449999898672104,4.223183462065744
A,units,-1,16,helix:random_orth,200,0.0,0.9699999690055847,4.235911379833231
A,units,-1,16,digit_1hot:all,200,0.699999988079071,0.17000000178813934,5.808369746949463
A,units,-1,16,digit_1hot:tens,200,0.0,0.9899999499320984,0.0
A,units,-1,16,digit_1hot:units,200,0.699999988079071,0.17000000178813934,5.808369746949463
A,units,-1,16,digit_1hot:random_orth,200,0.0,0.9649999737739563,5.808369746949463
A,units,-1,16,digit_circ:all,200,0.0,0.9649999737739563,1.2610562811202914
A,units,-1,16,digit_circ:tens,200,0.0,0.9899999499320984,0.0
A,units,-1,16,digit_circ:units,200,0.0,0.9649999737739563,1.2610562811202914
A,units,-1,16,digit_circ:random_orth,200,0.0,0.9899999499320984,1.2610562811202914
A,units,-1,16,both:all,200,0.699999988079071,0.17499999701976776,5.828029136816215
A,units,-1,16,both:tens,200,0.0,0.98499995470047,0.40404302544418047
A,units,-1,16,both:units,200,0.699999988079071,0.17499999701976776,5.809274216523708
A,units,-1,16,both:random_orth,200,0.0,0.9649999737739563,5.828029136816215
A,units,-1,18,full_swap,200,0.41999998688697815,0.44999998807907104,10.339795112609863
A,units,-1,18,helix:all,200,0.3499999940395355,0.4949999749660492,4.787578344082081
A,units,-1,18,helix:tens,200,0.0,0.9799999594688416,0.33380226464924945
A,units,-1,18,helix:units,200,0.35999998450279236,0.5,4.772620044392504
A,units,-1,18,helix:random_orth,200,0.0,0.9749999642372131,4.787578344082081
A,units,-1,18,digit_1hot:all,200,0.429999977350235,0.4599999785423279,6.513585644036489
A,units,-1,18,digit_1hot:tens,200,0.0,0.9899999499320984,0.0
A,units,-1,18,digit_1hot:units,200,0.429999977350235,0.4599999785423279,6.513585644036489
A,units,-1,18,digit_1hot:random_orth,200,0.0,0.9799999594688416,6.513585644036489
A,units,-1,18,digit_circ:all,200,0.0,0.9749999642372131,1.425550238248747
A,units,-1,18,digit_circ:tens,200,0.0,0.9899999499320984,0.0
A,units,-1,18,digit_circ:units,200,0.0,0.9749999642372131,1.425550238248747
A,units,-1,18,digit_circ:random_orth,200,0.0,0.9950000047683716,1.425550238248747
A,units,-1,18,both:all,200,0.429999977350235,0.4650000035762787,6.536598492177363
A,units,-1,18,both:tens,200,0.0,0.9950000047683716,0.47936500305939034
A,units,-1,18,both:units,200,0.4350000023841858,0.4599999785423279,6.5144330965530886
A,units,-1,18,both:random_orth,200,0.0,0.9699999690055847,6.536598492177363
A,units,-1,20,full_swap,200,0.004999999888241291,0.9799999594688416,11.990265846252441
A,units,-1,20,helix:all,200,0.0,0.98499995470047,5.568897616899978
A,units,-1,20,helix:tens,200,0.0,0.9899999499320984,0.40103864351939544
A,units,-1,20,helix:units,200,0.0,0.98499995470047,5.551379822822509
A,units,-1,20,helix:random_orth,200,0.0,0.9899999499320984,5.568897616899978
A,units,-1,20,digit_1hot:all,200,0.0,0.9899999499320984,7.5183632609416415
A,units,-1,20,digit_1hot:tens,200,0.0,0.9899999499320984,0.0
A,units,-1,20,digit_1hot:units,200,0.0,0.9899999499320984,7.5183632609416415
A,units,-1,20,digit_1hot:random_orth,200,0.0,0.98499995470047,7.5183632609416415
A,units,-1,20,digit_circ:all,200,0.0,0.98499995470047,1.6556867403484035
A,units,-1,20,digit_circ:tens,200,0.0,0.9899999499320984,0.0
A,units,-1,20,digit_circ:units,200,0.0,0.98499995470047,1.6556867403484035
A,units,-1,20,digit_circ:random_orth,200,0.0,0.9950000047683716,1.6556867403484035
A,units,-1,20,both:all,200,0.0,0.9899999499320984,7.545529540025875
A,units,-1,20,both:tens,200,0.0,0.9950000047683716,0.5662951465915623
A,units,-1,20,both:units,200,0.0,0.9899999499320984,7.519292868300206
A,units,-1,20,both:random_orth,200,0.0,0.9799999594688416,7.545529540025875
A,units,1,0,full_swap,200,0.85999995470047,0.004999999888241291,3.582444429397583
A,units,1,0,helix:all,200,0.7249999642372131,0.09999999403953552,1.4673002619800797
A,units,1,0,helix:tens,200,0.0,1.0,0.09069833634847994
A,units,1,0,helix:units,200,0.7149999737739563,0.09999999403953552,1.4641997035029723
A,units,1,0,helix:random_orth,200,0.0,0.9799999594688416,1.4673002619800797
A,units,1,0,digit_1hot:all,200,0.8650000095367432,0.009999999776482582,2.126591751705654
A,units,1,0,digit_1hot:tens,200,0.0,1.0,0.0
A,units,1,0,digit_1hot:units,200,0.8650000095367432,0.009999999776482582,2.126591751705654
A,units,1,0,digit_1hot:random_orth,200,0.0,0.9699999690055847,2.126591751705654
A,units,1,0,digit_circ:all,200,0.0,0.949999988079071,0.45524850516870075
A,units,1,0,digit_circ:tens,200,0.0,1.0,0.0
A,units,1,0,digit_circ:units,200,0.0,0.949999988079071,0.45524850516870075
A,units,1,0,digit_circ:random_orth,200,0.0,0.9950000047683716,0.45524850516870075
A,units,1,0,both:all,200,0.85999995470047,0.009999999776482582,2.1317664234409346
A,units,1,0,both:tens,200,0.0,0.9950000047683716,0.17074458539282134
A,units,1,0,both:units,200,0.8549999594688416,0.009999999776482582,2.1268589011011305
A,units,1,0,both:random_orth,200,0.0,0.949999988079071,2.1317664234409346
A,units,1,2,full_swap,200,0.8549999594688416,0.009999999776482582,3.630470037460327
A,units,1,2,helix:all,200,0.6850000023841858,0.11999999731779099,1.519899118695797
A,units,1,2,helix:tens,200,0.0,1.0,0.09686009884785761
A,units,1,2,helix:units,200,0.675000011920929,0.11999999731779099,1.5163213049654245
A,units,1,2,helix:random_orth,200,0.0,0.9799999594688416,1.519899118695797
A,units,1,2,digit_1hot:all,200,0.8549999594688416,0.009999999776482582,2.1639032915006977
A,units,1,2,digit_1hot:tens,200,0.0,1.0,0.0
A,units,1,2,digit_1hot:units,200,0.8549999594688416,0.009999999776482582,2.1639032915006977
A,units,1,2,digit_1hot:random_orth,200,0.0,0.98499995470047,2.1639032915006977
A,units,1,2,digit_circ:all,200,0.0,0.9449999928474426,0.4651652889525451
A,units,1,2,digit_circ:tens,200,0.0,1.0,0.0
A,units,1,2,digit_circ:units,200,0.0,0.9449999928474426,0.4651652889525451
A,units,1,2,digit_circ:random_orth,200,0.0,0.9950000047683716,0.4651652889525451
A,units,1,2,both:all,200,0.8549999594688416,0.009999999776482582,2.169373385222658
A,units,1,2,both:tens,200,0.0,1.0,0.17201854838508665
A,units,1,2,both:units,200,0.8549999594688416,0.009999999776482582,2.164048204890449
A,units,1,2,both:random_orth,200,0.0,0.9749999642372131,2.169373385222658
A,units,1,4,full_swap,200,0.8650000095367432,0.009999999776482582,3.995277166366577
A,units,1,4,helix:all,200,0.6800000071525574,0.11999999731779099,1.7786384605071817
A,units,1,4,helix:tens,200,0.0,1.0,0.11469613049030654
A,units,1,4,helix:units,200,0.6649999618530273,0.11999999731779099,1.7744755982832487
A,units,1,4,helix:random_orth,200,0.0,0.9599999785423279,1.7786384605071817
A,units,1,4,digit_1hot:all,200,0.8549999594688416,0.009999999776482582,2.4528997766423966
A,units,1,4,digit_1hot:tens,200,0.0,1.0,0.0
A,units,1,4,digit_1hot:units,200,0.8549999594688416,0.009999999776482582,2.4528997766423966
A,units,1,4,digit_1hot:random_orth,200,0.0,0.9799999594688416,2.4528997766423966
A,units,1,4,digit_circ:all,200,0.0,0.9449999928474426,0.5214687335509961
A,units,1,4,digit_circ:tens,200,0.0,1.0,0.0
A,units,1,4,digit_circ:units,200,0.0,0.9449999928474426,0.5214687335509961
A,units,1,4,digit_circ:random_orth,200,0.0,0.9950000047683716,0.521468733550996
A,units,1,4,both:all,200,0.85999995470047,0.009999999776482582,2.459143464024573
A,units,1,4,both:tens,200,0.0,1.0,0.19064815504479612
A,units,1,4,both:units,200,0.85999995470047,0.009999999776482582,2.4530408481825536
A,units,1,4,both:random_orth,200,0.0,0.9799999594688416,2.459143464024573
A,units,1,6,full_swap,200,0.8650000095367432,0.009999999776482582,4.443336009979248
A,units,1,6,helix:all,200,0.6899999976158142,0.13499999046325684,2.0342097346083983
A,units,1,6,helix:tens,200,0.0,1.0,0.13039839454279176
A,units,1,6,helix:units,200,0.6649999618530273,0.14000000059604645,2.029271544877612
A,units,1,6,helix:random_orth,200,0.0,0.9799999594688416,2.0342097346083983
A,units,1,6,digit_1hot:all,200,0.8549999594688416,0.009999999776482582,2.762579224952173
A,units,1,6,digit_1hot:tens,200,0.0,1.0,0.0
A,units,1,6,digit_1hot:units,200,0.8549999594688416,0.009999999776482582,2.762579224952173
A,units,1,6,digit_1hot:random_orth,200,0.0,0.9649999737739563,2.762579224952173
A,units,1,6,digit_circ:all,200,0.0,0.9399999976158142,0.5899431918123125
A,units,1,6,digit_circ:tens,200,0.0,1.0,0.0
A,units,1,6,digit_circ:units,200,0.0,0.9399999976158142,0.5899431918123125
A,units,1,6,digit_circ:random_orth,200,0.0,0.9950000047683716,0.5899431918123125
A,units,1,6,both:all,200,0.8549999594688416,0.009999999776482582,2.7706766393164735
A,units,1,6,both:tens,200,0.0,1.0,0.21724502330629314
A,units,1,6,both:units,200,0.8549999594688416,0.009999999776482582,2.7626834740218844
A,units,1,6,both:random_orth,200,0.0,0.9799999594688416,2.7706766393164735
A,units,1,8,full_swap,200,0.8499999642372131,0.009999999776482582,4.750763416290283
A,units,1,8,helix:all,200,0.6699999570846558,0.14000000059604645,2.1722580454304286
A,units,1,8,helix:tens,200,0.0,1.0,0.14189930453674704
A,units,1,8,helix:units,200,0.6549999713897705,0.14000000059604645,2.1666519798919377
A,units,1,8,helix:random_orth,200,0.0,0.9950000047683716,2.1722580454304286
A,units,1,8,digit_1hot:all,200,0.8499999642372131,0.009999999776482582,2.9614647056395995
A,units,1,8,digit_1hot:tens,200,0.0,1.0,0.0
A,units,1,8,digit_1hot:units,200,0.8499999642372131,0.009999999776482582,2.9614647056395995
A,units,1,8,digit_1hot:random_orth,200,0.004999999888241291,0.9649999737739563,2.9614647056396
A,units,1,8,digit_circ:all,200,0.0,0.9350000023841858,0.6386943761533571
A,units,1,8,digit_circ:tens,200,0.0,1.0,0.0
A,units,1,8,digit_circ:units,200,0.0,0.9350000023841858,0.6386943761533571
A,units,1,8,digit_circ:random_orth,200,0.0,1.0,0.6386943761533571
A,units,1,8,both:all,200,0.8549999594688416,0.009999999776482582,2.9705439606344113
A,units,1,8,both:tens,200,0.0,1.0,0.233783835004311
A,units,1,8,both:units,200,0.8549999594688416,0.009999999776482582,2.961609670771618
A,units,1,8,both:random_orth,200,0.0,0.9599999785423279,2.9705439606344113
A,units,1,10,full_swap,200,0.8499999642372131,0.009999999776482582,5.250538349151611
A,units,1,10,helix:all,200,0.699999988079071,0.13499999046325684,2.427255757910035
A,units,1,10,helix:tens,200,0.0,1.0,0.16003501714371243
A,units,1,10,helix:units,200,0.6699999570846558,0.13499999046325684,2.4210845920763986
A,units,1,10,helix:random_orth,200,0.0,0.9799999594688416,2.427255757910035
A,units,1,10,digit_1hot:all,200,0.8499999642372131,0.009999999776482582,3.279308542266207
A,units,1,10,digit_1hot:tens,200,0.0,1.0,0.0
A,units,1,10,digit_1hot:units,200,0.8499999642372131,0.009999999776482582,3.279308542266207
A,units,1,10,digit_1hot:random_orth,200,0.0,0.9799999594688416,3.279308542266207
A,units,1,10,digit_circ:all,200,0.0,0.9300000071525574,0.7195328652173032
A,units,1,10,digit_circ:tens,200,0.0,1.0,0.0
A,units,1,10,digit_circ:units,200,0.0,0.9300000071525574,0.7195328652173032
A,units,1,10,digit_circ:random_orth,200,0.0,1.0,0.7195328652173032
A,units,1,10,both:all,200,0.8499999642372131,0.009999999776482582,3.2891644901075394
A,units,1,10,both:tens,200,0.0,1.0,0.2537684309688414
A,units,1,10,both:units,200,0.8499999642372131,0.009999999776482582,3.279615123169026
A,units,1,10,both:random_orth,200,0.0,0.9649999737739563,3.2891644901075394
A,units,1,12,full_swap,200,0.8399999737739563,0.009999999776482582,6.331726551055908
A,units,1,12,helix:all,200,0.7049999833106995,0.08999999612569809,2.988104692282923
A,units,1,12,helix:tens,200,0.0,1.0,0.18234862072823554
A,units,1,12,helix:units,200,0.7049999833106995,0.08999999612569809,2.9818072883532416
A,units,1,12,helix:random_orth,200,0.0,0.9649999737739563,2.988104692282923
A,units,1,12,digit_1hot:all,200,0.8399999737739563,0.019999999552965164,4.136905119231905
A,units,1,12,digit_1hot:tens,200,0.0,1.0,0.0
A,units,1,12,digit_1hot:units,200,0.8399999737739563,0.019999999552965164,4.136905119231905
A,units,1,12,digit_1hot:random_orth,200,0.0,0.9749999642372131,4.136905119231905
A,units,1,12,digit_circ:all,200,0.0,0.9199999570846558,0.8998001534962142
A,units,1,12,digit_circ:tens,200,0.0,1.0,0.0
A,units,1,12,digit_circ:units,200,0.0,0.9199999570846558,0.8998001534962142
A,units,1,12,digit_circ:random_orth,200,0.0,1.0,0.8998001534962142
A,units,1,12,both:all,200,0.8449999690055847,0.019999999552965164,4.147039665469045
A,units,1,12,both:tens,200,0.0,1.0,0.28537556856769375
A,units,1,12,both:units,200,0.8399999737739563,0.019999999552965164,4.137444609048443
A,units,1,12,both:random_orth,200,0.0,0.9749999642372131,4.147039665469045
A,units,1,14,full_swap,200,0.7699999809265137,0.06499999761581421,7.021194934844971
A,units,1,14,helix:all,200,0.5099999904632568,0.2800000011920929,3.338752445451374
A,units,1,14,helix:tens,200,0.0,1.0,0.20867876237834537
A,units,1,14,helix:units,200,0.5,0.2849999964237213,3.3312883792734
A,units,1,14,helix:random_orth,200,0.0,0.9950000047683716,3.338752445451374
A,units,1,14,digit_1hot:all,200,0.6850000023841858,0.14000000059604645,4.6064634563100535
A,units,1,14,digit_1hot:tens,200,0.0,1.0,0.0
A,units,1,14,digit_1hot:units,200,0.6850000023841858,0.14000000059604645,4.6064634563100535
A,units,1,14,digit_1hot:random_orth,200,0.0,0.98499995470047,4.6064634563100535
A,units,1,14,digit_circ:all,200,0.0,0.9249999523162842,1.0034061456063446
A,units,1,14,digit_circ:tens,200,0.0,1.0,0.0
A,units,1,14,digit_circ:units,200,0.0,0.9249999523162842,1.0034061456063446
A,units,1,14,digit_circ:random_orth,200,0.0,0.9950000047683716,1.0034061456063446
A,units,1,14,both:all,200,0.6949999928474426,0.13499999046325684,4.6182556033928
A,units,1,14,both:tens,200,0.0,1.0,0.3207299046907214
A,units,1,14,both:units,200,0.6899999976158142,0.13499999046325684,4.606854481222713
A,units,1,14,both:random_orth,200,0.0,0.9649999737739563,4.6182556033928
A,units,1,16,full_swap,200,0.7549999952316284,0.07499999552965164,8.986066818237305
A,units,1,16,helix:all,200,0.550000011920929,0.20499999821186066,4.208259989637358
A,units,1,16,helix:tens,200,0.0,1.0,0.291243203133252
A,units,1,16,helix:units,200,0.550000011920929,0.20499999821186066,4.196902538019233
A,units,1,16,helix:random_orth,200,0.0,0.9899999499320984,4.208259989637358
A,units,1,16,digit_1hot:all,200,0.6549999713897705,0.16499999165534973,5.846217670102458
A,units,1,16,digit_1hot:tens,200,0.0,1.0,0.0
A,units,1,16,digit_1hot:units,200,0.6549999713897705,0.16499999165534973,5.846217670102458
A,units,1,16,digit_1hot:random_orth,200,0.0,0.9899999499320984,5.846217670102458
A,units,1,16,digit_circ:all,200,0.0,0.9249999523162842,1.2566124639152014
A,units,1,16,digit_circ:tens,200,0.0,1.0,0.0
A,units,1,16,digit_circ:units,200,0.0,0.9249999523162842,1.2566124639152014
A,units,1,16,digit_circ:random_orth,200,0.0,1.0,1.2566124639152014
A,units,1,16,both:all,200,0.6399999856948853,0.17499999701976776,5.862647875263447
A,units,1,16,both:tens,200,0.0,1.0,0.40901675374662616
A,units,1,16,both:units,200,0.6549999713897705,0.1599999964237213,5.8468626373087
A,units,1,16,both:random_orth,200,0.0,0.9749999642372131,5.862647875263447
A,units,1,18,full_swap,200,0.3499999940395355,0.4449999928474426,10.201355934143066
A,units,1,18,helix:all,200,0.2800000011920929,0.5149999856948853,4.753317432138324
A,units,1,18,helix:tens,200,0.0,1.0,0.3418827008576287
A,units,1,18,helix:units,200,0.2800000011920929,0.5199999809265137,4.740054825890235
A,units,1,18,helix:random_orth,200,0.0,0.9799999594688416,4.753317432138324
A,units,1,18,digit_1hot:all,200,0.3149999976158142,0.48499998450279236,6.569162278754122
A,units,1,18,digit_1hot:tens,200,0.0,1.0,0.0
A,units,1,18,digit_1hot:units,200,0.3149999976158142,0.48499998450279236,6.569162278754122
A,units,1,18,digit_1hot:random_orth,200,0.004999999888241291,0.9749999642372131,6.569162278754122
A,units,1,18,digit_circ:all,200,0.0,0.9399999976158142,1.419828019307677
A,units,1,18,digit_circ:tens,200,0.0,1.0,0.0
A,units,1,18,digit_circ:units,200,0.0,0.9399999976158142,1.419828019307677
A,units,1,18,digit_circ:random_orth,200,0.0,1.0,1.419828019307677
A,units,1,18,both:all,200,0.3050000071525574,0.48499998450279236,6.5895114436144615
A,units,1,18,both:tens,200,0.0,1.0,0.4850144929089078
A,units,1,18,both:units,200,0.3149999976158142,0.48499998450279236,6.569753638819376
A,units,1,18,both:random_orth,200,0.0,0.9699999690055847,6.5895114436144615
A,units,1,20,full_swap,200,0.0,0.9799999594688416,11.827569961547852
A,units,1,20,helix:all,200,0.0,0.9950000047683716,5.524517963712478
A,units,1,20,helix:tens,200,0.0,1.0,0.4109674991593781
A,units,1,20,helix:units,200,0.0,0.9950000047683716,5.508951579514469
A,units,1,20,helix:random_orth,200,0.0,1.0,5.524517963712477
A,units,1,20,digit_1hot:all,200,0.0,0.98499995470047,7.595433467604323
A,units,1,20,digit_1hot:tens,200,0.0,1.0,0.0
A,units,1,20,digit_1hot:units,200,0.0,0.98499995470047,7.595433467604323
A,units,1,20,digit_1hot:random_orth,200,0.0,0.9950000047683716,7.595433467604323
A,units,1,20,digit_circ:all,200,0.0,0.9950000047683716,1.645650213935669
A,units,1,20,digit_circ:tens,200,0.0,1.0,0.0
A,units,1,20,digit_circ:units,200,0.0,0.9950000047683716,1.645650213935669
A,units,1,20,digit_circ:random_orth,200,0.0,1.0,1.6456502139356686
A,units,1,20,both:all,200,0.0,0.9899999499320984,7.620093237477423
A,units,1,20,both:tens,200,0.0,1.0,0.5725275113139187
A,units,1,20,both:units,200,0.0,0.98499995470047,7.596287980495817
A,units,1,20,both:random_orth,200,0.0,1.0,7.620093237477423
A,units,2,0,full_swap,200,0.85999995470047,0.004999999888241291,3.8106939792633057
A,units,2,0,helix:all,200,0.5799999833106995,0.14499999582767487,1.6573487909955191
A,units,2,0,helix:tens,200,0.0,1.0,0.1845252235637206
A,units,2,0,helix:units,200,0.574999988079071,0.14000000059604645,1.6464009376050666
A,units,2,0,helix:random_orth,200,0.0,0.949999988079071,1.6573487909955191
A,units,2,0,digit_1hot:all,200,0.7299999594688416,0.02499999850988388,2.089262811498813
A,units,2,0,digit_1hot:tens,200,0.0,0.9950000047683716,0.0
A,units,2,0,digit_1hot:units,200,0.7299999594688416,0.02499999850988388,2.089262811498813
A,units,2,0,digit_1hot:random_orth,200,0.0,0.9249999523162842,2.0892628114988128
A,units,2,0,digit_circ:all,200,0.07000000029802322,0.7899999618530273,0.8640969092426648
A,units,2,0,digit_circ:tens,200,0.0,0.9950000047683716,0.0
A,units,2,0,digit_circ:units,200,0.07000000029802322,0.7899999618530273,0.8640969092426648
A,units,2,0,digit_circ:random_orth,200,0.0,0.9799999594688416,0.8640969092426647
A,units,2,0,both:all,200,0.7299999594688416,0.02499999850988388,2.1113916783659263
A,units,2,0,both:tens,200,0.0,0.9899999499320984,0.33827593455765
A,units,2,0,both:units,200,0.7199999690055847,0.02499999850988388,2.0904208325218256
A,units,2,0,both:random_orth,200,0.004999999888241291,0.9249999523162842,2.1113916783659263
A,units,2,2,full_swap,200,0.8650000095367432,0.004999999888241291,3.863626718521118
A,units,2,2,helix:all,200,0.5849999785423279,0.1599999964237213,1.705878165372943
A,units,2,2,helix:tens,200,0.0,1.0,0.1958946700692694
A,units,2,2,helix:units,200,0.5699999928474426,0.1599999964237213,1.693626414754541
A,units,2,2,helix:random_orth,200,0.0,0.9799999594688416,1.705878165372943
A,units,2,2,digit_1hot:all,200,0.7199999690055847,0.03500000014901161,2.1267296692001127
A,units,2,2,digit_1hot:tens,200,0.0,0.9950000047683716,0.0
A,units,2,2,digit_1hot:units,200,0.7199999690055847,0.03500000014901161,2.1267296692001127
A,units,2,2,digit_1hot:random_orth,200,0.004999999888241291,0.9599999785423279,2.1267296692001127
A,units,2,2,digit_circ:all,200,0.07499999552965164,0.7799999713897705,0.8839568611661747
A,units,2,2,digit_circ:tens,200,0.0,0.9950000047683716,0.0
A,units,2,2,digit_circ:units,200,0.07499999552965164,0.7799999713897705,0.8839568611661747
A,units,2,2,digit_circ:random_orth,200,0.0,0.9799999594688416,0.8839568611661747
A,units,2,2,both:all,200,0.7199999690055847,0.03500000014901161,2.1497964494991737
A,units,2,2,both:tens,200,0.0,0.98499995470047,0.3410451460143547
A,units,2,2,both:units,200,0.7149999737739563,0.03500000014901161,2.1274063301399786
A,units,2,2,both:random_orth,200,0.004999999888241291,0.9549999833106995,2.1497964494991737
A,units,2,4,full_swap,200,0.8499999642372131,0.009999999776482582,4.261598587036133
A,units,2,4,helix:all,200,0.5699999928474426,0.17000000178813934,1.9510307933887108
A,units,2,4,helix:tens,200,0.0,1.0,0.23037909393896314
A,units,2,4,helix:units,200,0.5550000071525574,0.17000000178813934,1.935956398340209
A,units,2,4,helix:random_orth,200,0.0,0.9549999833106995,1.9510307933887108
A,units,2,4,digit_1hot:all,200,0.7199999690055847,0.03500000014901161,2.3896042553898273
A,units,2,4,digit_1hot:tens,200,0.0,0.9950000047683716,0.0
A,units,2,4,digit_1hot:units,200,0.7199999690055847,0.03500000014901161,2.3896042553898273
A,units,2,4,digit_1hot:random_orth,200,0.0,0.9649999737739563,2.3896042553898273
A,units,2,4,digit_circ:all,200,0.05999999865889549,0.7899999618530273,0.9923787522204282
A,units,2,4,digit_circ:tens,200,0.0,0.9950000047683716,0.0
A,units,2,4,digit_circ:units,200,0.05999999865889549,0.7899999618530273,0.9923787522204282
A,units,2,4,digit_circ:random_orth,200,0.0,0.98499995470047,0.9923787522204282
A,units,2,4,both:all,200,0.7249999642372131,0.03999999910593033,2.4165077645787343
A,units,2,4,both:tens,200,0.0,0.9899999499320984,0.3784691821678677
A,units,2,4,both:units,200,0.7199999690055847,0.03500000014901161,2.3898922182761773
A,units,2,4,both:random_orth,200,0.0,0.9399999976158142,2.4165077645787347
A,units,2,6,full_swap,200,0.8499999642372131,0.009999999776482582,4.747537136077881
A,units,2,6,helix:all,200,0.5699999928474426,0.17499999701976776,2.2403802367479493
A,units,2,6,helix:tens,200,0.0,0.9950000047683716,0.2610411039740639
A,units,2,6,helix:units,200,0.5399999618530273,0.17000000178813934,2.2223329131267473
A,units,2,6,helix:random_orth,200,0.004999999888241291,0.9699999690055847,2.2403802367479493
A,units,2,6,digit_1hot:all,200,0.7299999594688416,0.044999998062849045,2.7029501502540514
A,units,2,6,digit_1hot:tens,200,0.0,0.9950000047683716,0.0
A,units,2,6,digit_1hot:units,200,0.7299999594688416,0.044999998062849045,2.7029501502540514
A,units,2,6,digit_1hot:random_orth,200,0.004999999888241291,0.9649999737739563,2.7029501502540514
A,units,2,6,digit_circ:all,200,0.07000000029802322,0.7699999809265137,1.1230071005184503
A,units,2,6,digit_circ:tens,200,0.0,0.9950000047683716,0.0
A,units,2,6,digit_circ:units,200,0.07000000029802322,0.7699999809265137,1.1230071005184503
A,units,2,6,digit_circ:random_orth,200,0.0,1.0,1.1230071005184503
A,units,2,6,both:all,200,0.7400000095367432,0.03999999910593033,2.737955958946648
A,units,2,6,both:tens,200,0.0,0.9950000047683716,0.4308666276712572
A,units,2,6,both:units,200,0.7199999690055847,0.044999998062849045,2.7028926400939794
A,units,2,6,both:random_orth,200,0.0,0.9749999642372131,2.737955958946648
A,units,2,8,full_swap,200,0.8499999642372131,0.009999999776482582,5.119831085205078
A,units,2,8,helix:all,200,0.5649999976158142,0.17499999701976776,2.4351818448842097
A,units,2,8,helix:tens,200,0.0,1.0,0.28291296663011756
A,units,2,8,helix:units,200,0.5450000166893005,0.17499999701976776,2.414184470366255
A,units,2,8,helix:random_orth,200,0.004999999888241291,0.9649999737739563,2.4351818448842097
A,units,2,8,digit_1hot:all,200,0.7249999642372131,0.03999999910593033,2.9351557121155754
A,units,2,8,digit_1hot:tens,200,0.0,0.9950000047683716,0.0
A,units,2,8,digit_1hot:units,200,0.7249999642372131,0.03999999910593033,2.9351557121155754
A,units,2,8,digit_1hot:random_orth,200,0.0,0.949999988079071,2.935155712115575
A,units,2,8,digit_circ:all,200,0.07499999552965164,0.7549999952316284,1.216631028060708
A,units,2,8,digit_circ:tens,200,0.0,0.9950000047683716,0.0
A,units,2,8,digit_circ:units,200,0.07499999552965164,0.7549999952316284,1.216631028060708
A,units,2,8,digit_circ:random_orth,200,0.004999999888241291,0.9749999642372131,1.216631028060708
A,units,2,8,both:all,200,0.7400000095367432,0.03999999910593033,2.9742665654044163
A,units,2,8,both:tens,200,0.0,0.9950000047683716,0.46319286229638285
A,units,2,8,both:units,200,0.7149999737739563,0.03999999910593033,2.93496157063928
A,units,2,8,both:random_orth,200,0.0,0.9799999594688416,2.9742665654044163
A,units,2,10,full_swap,200,0.8499999642372131,0.009999999776482582,5.678730487823486
A,units,2,10,helix:all,200,0.5899999737739563,0.14999999105930328,2.7173731545548776
A,units,2,10,helix:tens,200,0.0,1.0,0.3179554195639944
A,units,2,10,helix:units,200,0.574999988079071,0.14499999582767487,2.6942904146913986
A,units,2,10,helix:random_orth,200,0.0,0.9599999785423279,2.7173731545548776
A,units,2,10,digit_1hot:all,200,0.7400000095367432,0.03500000014901161,3.2729195720752617
A,units,2,10,digit_1hot:tens,200,0.0,0.9950000047683716,0.0
A,units,2,10,digit_1hot:units,200,0.7400000095367432,0.03500000014901161,3.2729195720752617
A,units,2,10,digit_1hot:random_orth,200,0.004999999888241291,0.9649999737739563,3.2729195720752617
A,units,2,10,digit_circ:all,200,0.07999999821186066,0.7299999594688416,1.3693169775817182
A,units,2,10,digit_circ:tens,200,0.0,0.9950000047683716,0.0
A,units,2,10,digit_circ:units,200,0.07999999821186066,0.7299999594688416,1.3693169775817182
A,units,2,10,digit_circ:random_orth,200,0.0,0.9799999594688416,1.3693169775817182
A,units,2,10,both:all,200,0.7450000047683716,0.044999998062849045,3.315000713724511
A,units,2,10,both:tens,200,0.0,0.9899999499320984,0.5018564898926906
A,units,2,10,both:units,200,0.7299999594688416,0.03999999910593033,3.2731071955747746
A,units,2,10,both:random_orth,200,0.0,0.9749999642372131,3.315000713724511
A,units,2,12,full_swap,200,0.8399999737739563,0.004999999888241291,6.792818546295166
A,units,2,12,helix:all,200,0.625,0.14000000059604645,3.3869541079401677
A,units,2,12,helix:tens,200,0.0,0.9950000047683716,0.3611401773604757
A,units,2,12,helix:units,200,0.5999999642372131,0.14000000059604645,3.364454259482504
A,units,2,12,helix:random_orth,200,0.0,0.9749999642372131,3.3869541079401677
A,units,2,12,digit_1hot:all,200,0.7049999833106995,0.07499999552965164,4.159050644831637
A,units,2,12,digit_1hot:tens,200,0.0,0.9950000047683716,0.0
A,units,2,12,digit_1hot:units,200,0.7049999833106995,0.07499999552965164,4.159050644831637
A,units,2,12,digit_1hot:random_orth,200,0.004999999888241291,0.9599999785423279,4.159050644831637
A,units,2,12,digit_circ:all,200,0.07999999821186066,0.675000011920929,1.7120626054319377
A,units,2,12,digit_circ:tens,200,0.0,0.9950000047683716,0.0
A,units,2,12,digit_circ:units,200,0.07999999821186066,0.675000011920929,1.7120626054319377
A,units,2,12,digit_circ:random_orth,200,0.0,0.98499995470047,1.7120626054319377
A,units,2,12,both:all,200,0.7099999785423279,0.07000000029802322,4.202677245202335
A,units,2,12,both:tens,200,0.0,0.9899999499320984,0.5630526661181926
A,units,2,12,both:units,200,0.6949999928474426,0.07499999552965164,4.160239986159776
A,units,2,12,both:random_orth,200,0.0,0.9599999785423279,4.202677245202335
A,units,2,14,full_swap,200,0.7049999833106995,0.17499999701976776,7.590658187866211
A,units,2,14,helix:all,200,0.4699999988079071,0.3199999928474426,3.8327422711830597
A,units,2,14,helix:tens,200,0.0,0.9950000047683716,0.4133513097491987
A,units,2,14,helix:units,200,0.45499998331069946,0.32999998331069946,3.805501067136055
A,units,2,14,helix:random_orth,200,0.0,0.9549999833106995,3.8327422711830597
A,units,2,14,digit_1hot:all,200,0.5600000023841858,0.2449999898672104,4.674411679600422
A,units,2,14,digit_1hot:tens,200,0.0,0.9950000047683716,0.0
A,units,2,14,digit_1hot:units,200,0.5600000023841858,0.2449999898672104,4.674411679600422
A,units,2,14,digit_1hot:random_orth,200,0.0,0.9649999737739563,4.674411679600422
A,units,2,14,digit_circ:all,200,0.05999999865889549,0.8050000071525574,1.913110455472449
A,units,2,14,digit_circ:tens,200,0.0,0.9950000047683716,0.0
A,units,2,14,digit_circ:units,200,0.05999999865889549,0.8050000071525574,1.913110455472449
A,units,2,14,digit_circ:random_orth,200,0.0,0.9950000047683716,1.9131104554724487
A,units,2,14,both:all,200,0.5649999976158142,0.2449999898672104,4.725885749846647
A,units,2,14,both:tens,200,0.0,0.9950000047683716,0.6333045628441965
A,units,2,14,both:units,200,0.5550000071525574,0.25,4.674575241926419
A,units,2,14,both:random_orth,200,0.0,0.9899999499320984,4.725885749846647
A,units,2,16,full_swap,200,0.6949999928474426,0.17499999701976776,9.863631248474121
A,units,2,16,helix:all,200,0.4949999749660492,0.3050000071525574,4.821765967229036
A,units,2,16,helix:tens,200,0.0,1.0,0.5776243011637257
A,units,2,16,helix:units,200,0.4749999940395355,0.3050000071525574,4.7816975032874804
A,units,2,16,helix:random_orth,200,0.004999999888241291,0.9699999690055847,4.821765967229036
A,units,2,16,digit_1hot:all,200,0.5049999952316284,0.2750000059604645,5.902498047176538
A,units,2,16,digit_1hot:tens,200,0.0,0.9950000047683716,0.0
A,units,2,16,digit_1hot:units,200,0.5049999952316284,0.2750000059604645,5.902498047176538
A,units,2,16,digit_1hot:random_orth,200,0.0,0.9599999785423279,5.902498047176538
A,units,2,16,digit_circ:all,200,0.06499999761581421,0.7749999761581421,2.391265908583834
A,units,2,16,digit_circ:tens,200,0.0,0.9950000047683716,0.0
A,units,2,16,digit_circ:units,200,0.06499999761581421,0.7749999761581421,2.391265908583834
A,units,2,16,digit_circ:random_orth,200,0.0,0.9950000047683716,2.391265908583834
A,units,2,16,both:all,200,0.5149999856948853,0.2800000011920929,5.970650104977274
A,units,2,16,both:tens,200,0.0,0.9899999499320984,0.8076646534463363
A,units,2,16,both:units,200,0.5049999952316284,0.2750000059604645,5.902847651689862
A,units,2,16,both:random_orth,200,0.0,0.9649999737739563,5.970650104977274
A,units,2,18,full_swap,200,0.4899999797344208,0.375,11.210280418395996
A,units,2,18,helix:all,200,0.32999998331069946,0.5049999952316284,5.410087767485464
A,units,2,18,helix:tens,200,0.0,0.9950000047683716,0.6781909712398465
A,units,2,18,helix:units,200,0.3149999976158142,0.5099999904632568,5.363751887297326
A,units,2,18,helix:random_orth,200,0.004999999888241291,0.9449999928474426,5.410087767485464
A,units,2,18,digit_1hot:all,200,0.3499999940395355,0.4650000035762787,6.579077796020986
A,units,2,18,digit_1hot:tens,200,0.0,0.9950000047683716,0.0
A,units,2,18,digit_1hot:units,200,0.3499999940395355,0.4650000035762787,6.579077796020986
A,units,2,18,digit_1hot:random_orth,200,0.004999999888241291,0.9599999785423279,6.579077796020986
A,units,2,18,digit_circ:all,200,0.044999998062849045,0.8399999737739563,2.703045687312907
A,units,2,18,digit_circ:tens,200,0.0,0.9950000047683716,0.0
A,units,2,18,digit_circ:units,200,0.044999998062849045,0.8399999737739563,2.703045687312907
A,units,2,18,digit_circ:random_orth,200,0.0,0.98499995470047,2.703045687312907
A,units,2,18,both:all,200,0.375,0.4650000035762787,6.662028992289528
A,units,2,18,both:tens,200,0.0,0.9950000047683716,0.9604076977333409
A,units,2,18,both:units,200,0.35499998927116394,0.4650000035762787,6.579145342335925
A,units,2,18,both:random_orth,200,0.0,0.9599999785423279,6.662028992289528
A,units,2,20,full_swap,200,0.009999999776482582,0.9549999833106995,13.040639877319336
A,units,2,20,helix:all,200,0.009999999776482582,0.9699999690055847,6.2790308058804065
A,units,2,20,helix:tens,200,0.0,0.9899999499320984,0.8151109431721194
A,units,2,20,helix:units,200,0.009999999776482582,0.9699999690055847,6.227254225193105
A,units,2,20,helix:random_orth,200,0.0,0.9950000047683716,6.2790308058804065
A,units,2,20,digit_1hot:all,200,0.009999999776482582,0.9599999785423279,7.600832768480789
A,units,2,20,digit_1hot:tens,200,0.0,0.9950000047683716,0.0
A,units,2,20,digit_1hot:units,200,0.009999999776482582,0.9599999785423279,7.600832768480789
A,units,2,20,digit_1hot:random_orth,200,0.0,0.98499995470047,7.600832768480789
A,units,2,20,digit_circ:all,200,0.004999999888241291,0.98499995470047,3.132280958784153
A,units,2,20,digit_circ:tens,200,0.0,0.9950000047683716,0.0
A,units,2,20,digit_circ:units,200,0.004999999888241291,0.98499995470047,3.132280958784153
A,units,2,20,digit_circ:random_orth,200,0.0,0.9899999499320984,3.1322809587841527
A,units,2,20,both:all,200,0.009999999776482582,0.9649999737739563,7.699161774726884
A,units,2,20,both:tens,200,0.0,0.9950000047683716,1.1356893459506348
A,units,2,20,both:units,200,0.009999999776482582,0.9649999737739563,7.6009666517720404
A,units,2,20,both:random_orth,200,0.0,0.98499995470047,7.699161774726884
A,units,3,0,full_swap,200,0.7999999523162842,0.0,4.113762378692627
A,units,3,0,helix:all,200,0.5999999642372131,0.0,2.1365602826222228
A,units,3,0,helix:tens,200,0.0,0.9899999499320984,0.26745268514765697
A,units,3,0,helix:units,200,0.550000011920929,0.0,2.120943813798954
A,units,3,0,helix:random_orth,200,0.0,0.9449999928474426,2.1365602826222228
A,units,3,0,digit_1hot:all,200,0.5699999928474426,0.0,2.2905275805757057
A,units,3,0,digit_1hot:tens,200,0.0,1.0,0.0
A,units,3,0,digit_1hot:units,200,0.5699999928474426,0.0,2.2905275805757057
A,units,3,0,digit_1hot:random_orth,200,0.0,0.9549999833106995,2.2905275805757057
A,units,3,0,digit_circ:all,200,0.0,0.5450000166893005,1.1893829463907006
A,units,3,0,digit_circ:tens,200,0.0,1.0,0.0
A,units,3,0,digit_circ:units,200,0.0,0.5450000166893005,1.1893829463907006
A,units,3,0,digit_circ:random_orth,200,0.0,0.9799999594688416,1.1893829463907006
A,units,3,0,both:all,200,0.6150000095367432,0.0,2.3360682247533187
A,units,3,0,both:tens,200,0.0,0.98499995470047,0.5103032931265254
A,units,3,0,both:units,200,0.5649999976158142,0.0,2.292717774330542
A,units,3,0,both:random_orth,200,0.0,0.9449999928474426,2.336068224753319
A,units,3,2,full_swap,200,0.8149999976158142,0.0,4.180668354034424
A,units,3,2,helix:all,200,0.6049999594688416,0.004999999888241291,2.2033887801617316
A,units,3,2,helix:tens,200,0.0,0.9899999499320984,0.28330078726096447
A,units,3,2,helix:units,200,0.5349999666213989,0.004999999888241291,2.1857509526403245
A,units,3,2,helix:random_orth,200,0.0,0.9350000023841858,2.2033887801617316
A,units,3,2,digit_1hot:all,200,0.5699999928474426,0.004999999888241291,2.3501724734558103
A,units,3,2,digit_1hot:tens,200,0.0,1.0,0.0
A,units,3,2,digit_1hot:units,200,0.5699999928474426,0.004999999888241291,2.3501724734558103
A,units,3,2,digit_1hot:random_orth,200,0.0,0.949999988079071,2.3501724734558103
A,units,3,2,digit_circ:all,200,0.0,0.5149999856948853,1.2166988303367057
A,units,3,2,digit_circ:tens,200,0.0,1.0,0.0
A,units,3,2,digit_circ:units,200,0.0,0.5149999856948853,1.2166988303367057
A,units,3,2,digit_circ:random_orth,200,0.0,0.9749999642372131,1.2166988303367057
A,units,3,2,both:all,200,0.5949999690055847,0.0,2.3975422578428396
A,units,3,2,both:tens,200,0.0,0.9950000047683716,0.5135485321368845
A,units,3,2,both:units,200,0.5450000166893005,0.004999999888241291,2.3514999499023492
A,units,3,2,both:random_orth,200,0.0,0.9449999928474426,2.3975422578428396
A,units,3,4,full_swap,200,0.7749999761581421,0.0,4.617496967315674
A,units,3,4,helix:all,200,0.5649999976158142,0.004999999888241291,2.544838885692875
A,units,3,4,helix:tens,200,0.0,0.9899999499320984,0.33357605387007666
A,units,3,4,helix:units,200,0.5149999856948853,0.004999999888241291,2.5229064969376083
A,units,3,4,helix:random_orth,200,0.0,0.9599999785423279,2.544838885692875
A,units,3,4,digit_1hot:all,200,0.5299999713897705,0.004999999888241291,2.6896397455702346
A,units,3,4,digit_1hot:tens,200,0.0,1.0,0.0
A,units,3,4,digit_1hot:units,200,0.5299999713897705,0.004999999888241291,2.6896397455702346
A,units,3,4,digit_1hot:random_orth,200,0.0,0.9399999976158142,2.6896397455702346
A,units,3,4,digit_circ:all,200,0.0,0.5099999904632568,1.3659351489528655
A,units,3,4,digit_circ:tens,200,0.0,1.0,0.0
A,units,3,4,digit_circ:units,200,0.0,0.5099999904632568,1.3659351489528655
A,units,3,4,digit_circ:random_orth,200,0.0,0.9749999642372131,1.3659351489528655
A,units,3,4,both:all,200,0.5550000071525574,0.0,2.74282173965223
A,units,3,4,both:tens,200,0.0,0.9950000047683716,0.5666918058033751
A,units,3,4,both:units,200,0.5099999904632568,0.004999999888241291,2.6901828310425926
A,units,3,4,both:random_orth,200,0.0,0.9549999833106995,2.74282173965223
A,units,3,6,full_swap,200,0.7949999570846558,0.0,5.148220062255859
A,units,3,6,helix:all,200,0.5699999928474426,0.004999999888241291,2.9066757754828685
A,units,3,6,helix:tens,200,0.0,0.9899999499320984,0.3785700219001899
A,units,3,6,helix:units,200,0.5349999666213989,0.004999999888241291,2.879756107135839
A,units,3,6,helix:random_orth,200,0.0,0.9350000023841858,2.9066757754828685
A,units,3,6,digit_1hot:all,200,0.5249999761581421,0.004999999888241291,3.066174657454162
A,units,3,6,digit_1hot:tens,200,0.0,1.0,0.0
A,units,3,6,digit_1hot:units,200,0.5249999761581421,0.004999999888241291,3.066174657454162
A,units,3,6,digit_1hot:random_orth,200,0.0,0.9599999785423279,3.066174657454162
A,units,3,6,digit_circ:all,200,0.0,0.5049999952316284,1.5457638593951588
A,units,3,6,digit_circ:tens,200,0.0,1.0,0.0
A,units,3,6,digit_circ:units,200,0.0,0.5049999952316284,1.5457638593951588
A,units,3,6,digit_circ:random_orth,200,0.0,0.9749999642372131,1.5457638593951588
A,units,3,6,both:all,200,0.5799999833106995,0.004999999888241291,3.1309186574741705
A,units,3,6,both:tens,200,0.0,0.98499995470047,0.645167440657056
A,units,3,6,both:units,200,0.5199999809265137,0.004999999888241291,3.0658327153728306
A,units,3,6,both:random_orth,200,0.0,0.9749999642372131,3.1309186574741705
A,units,3,8,full_swap,200,0.7949999570846558,0.0,5.533907413482666
A,units,3,8,helix:all,200,0.5799999833106995,0.004999999888241291,3.1318014184491756
A,units,3,8,helix:tens,200,0.0,0.9899999499320984,0.4115539274061263
A,units,3,8,helix:units,200,0.5249999761581421,0.009999999776482582,3.1011563551349433
A,units,3,8,helix:random_orth,200,0.0,0.9350000023841858,3.1318014184491756
A,units,3,8,digit_1hot:all,200,0.5349999666213989,0.004999999888241291,3.291581344229162
A,units,3,8,digit_1hot:tens,200,0.0,1.0,0.0
A,units,3,8,digit_1hot:units,200,0.5349999666213989,0.004999999888241291,3.291581344229162
A,units,3,8,digit_1hot:random_orth,200,0.0,0.9649999737739563,3.291581344229162
A,units,3,8,digit_circ:all,200,0.0,0.4899999797344208,1.6746223952673813
A,units,3,8,digit_circ:tens,200,0.0,1.0,0.0
A,units,3,8,digit_circ:units,200,0.0,0.4899999797344208,1.6746223952673813
A,units,3,8,digit_circ:random_orth,200,0.0,0.9899999499320984,1.6746223952673813
A,units,3,8,both:all,200,0.5799999833106995,0.004999999888241291,3.363908378701918
A,units,3,8,both:tens,200,0.0,0.9899999499320984,0.693227043661286
A,units,3,8,both:units,200,0.5249999761581421,0.004999999888241291,3.291073733836227
A,units,3,8,both:random_orth,200,0.0,0.9749999642372131,3.363908378701918
A,units,3,10,full_swap,200,0.7899999618530273,0.0,6.136603355407715
A,units,3,10,helix:all,200,0.5799999833106995,0.004999999888241291,3.5012625043248384
A,units,3,10,helix:tens,200,0.0,0.9899999499320984,0.46279682901271924
A,units,3,10,helix:units,200,0.5450000166893005,0.004999999888241291,3.4682128696441277
A,units,3,10,helix:random_orth,200,0.0,0.949999988079071,3.5012625043248384
A,units,3,10,digit_1hot:all,200,0.5550000071525574,0.004999999888241291,3.6639713527246833
A,units,3,10,digit_1hot:tens,200,0.0,1.0,0.0
A,units,3,10,digit_1hot:units,200,0.5550000071525574,0.004999999888241291,3.6639713527246833
A,units,3,10,digit_1hot:random_orth,200,0.0,0.9549999833106995,3.6639713527246833
A,units,3,10,digit_circ:all,200,0.0,0.4650000035762787,1.8847315968802585
A,units,3,10,digit_circ:tens,200,0.0,1.0,0.0
A,units,3,10,digit_circ:units,200,0.0,0.4650000035762787,1.8847315968802585
A,units,3,10,digit_circ:random_orth,200,0.0,0.9899999499320984,1.8847315968802585
A,units,3,10,both:all,200,0.6049999594688416,0.004999999888241291,3.7407701259642585
A,units,3,10,both:tens,200,0.0,0.98499995470047,0.7535568139725225
A,units,3,10,both:units,200,0.5299999713897705,0.004999999888241291,3.664293460447815
A,units,3,10,both:random_orth,200,0.0,0.949999988079071,3.7407701259642585
A,units,3,12,full_swap,200,0.7849999666213989,0.0,7.274471282958984
A,units,3,12,helix:all,200,0.5799999833106995,0.009999999776482582,4.374257885204376
A,units,3,12,helix:tens,200,0.0,0.9899999499320984,0.5257598199541182
A,units,3,12,helix:units,200,0.5399999618530273,0.009999999776482582,4.342456966832161
A,units,3,12,helix:random_orth,200,0.0,0.9549999833106995,4.374257885204376
A,units,3,12,digit_1hot:all,200,0.550000011920929,0.009999999776482582,4.626038237592243
A,units,3,12,digit_1hot:tens,200,0.0,1.0,0.0
A,units,3,12,digit_1hot:units,200,0.550000011920929,0.009999999776482582,4.626038237592243
A,units,3,12,digit_1hot:random_orth,200,0.0,0.9649999737739563,4.626038237592243
A,units,3,12,digit_circ:all,200,0.0,0.4099999964237213,2.35652015411024
A,units,3,12,digit_circ:tens,200,0.0,1.0,0.0
A,units,3,12,digit_circ:units,200,0.0,0.4099999964237213,2.35652015411024
A,units,3,12,digit_circ:random_orth,200,0.0,0.9749999642372131,2.35652015411024
A,units,3,12,both:all,200,0.5799999833106995,0.009999999776482582,4.707807131590149
A,units,3,12,both:tens,200,0.0,0.98499995470047,0.8483125129582402
A,units,3,12,both:units,200,0.5399999618530273,0.009999999776482582,4.627883780834093
A,units,3,12,both:random_orth,200,0.0,0.949999988079071,4.707807131590149
A,units,3,14,full_swap,200,0.6549999713897705,0.02499999850988388,8.124852180480957
A,units,3,14,helix:all,200,0.42499998211860657,0.11499999463558197,4.913439264143541
A,units,3,14,helix:tens,200,0.0,0.9899999499320984,0.6001460272172752
A,units,3,14,helix:units,200,0.3649999797344208,0.125,4.874198869044219
A,units,3,14,helix:random_orth,200,0.0,0.9599999785423279,4.913439264143541
A,units,3,14,digit_1hot:all,200,0.3999999761581421,0.08999999612569809,5.169849279444199
A,units,3,14,digit_1hot:tens,200,0.0,1.0,0.0
A,units,3,14,digit_1hot:units,200,0.3999999761581421,0.08999999612569809,5.169849279444199
A,units,3,14,digit_1hot:random_orth,200,0.0,0.98499995470047,5.1698492794441995
A,units,3,14,digit_circ:all,200,0.0,0.5649999976158142,2.633299575606228
A,units,3,14,digit_circ:tens,200,0.0,1.0,0.0
A,units,3,14,digit_circ:units,200,0.0,0.5649999976158142,2.633299575606228
A,units,3,14,digit_circ:random_orth,200,0.0,0.9749999642372131,2.633299575606228
A,units,3,14,both:all,200,0.429999977350235,0.09999999403953552,5.265165080850299
A,units,3,14,both:tens,200,0.0,0.9899999499320984,0.953052826090653
A,units,3,14,both:units,200,0.39499998092651367,0.09999999403953552,5.170067089633664
A,units,3,14,both:random_orth,200,0.0,0.98499995470047,5.265165080850299
A,units,3,16,full_swap,200,0.6449999809265137,0.02499999850988388,10.37971305847168
A,units,3,16,helix:all,200,0.42499998211860657,0.10999999940395355,6.20772649897615
A,units,3,16,helix:tens,200,0.0,0.9899999499320984,0.8359528643475125
A,units,3,16,helix:units,200,0.3649999797344208,0.11499999463558197,6.150483472706594
A,units,3,16,helix:random_orth,200,0.0,0.9599999785423279,6.20772649897615
A,units,3,16,digit_1hot:all,200,0.38999998569488525,0.0949999988079071,6.550786983107011
A,units,3,16,digit_1hot:tens,200,0.0,1.0,0.0
A,units,3,16,digit_1hot:units,200,0.38999998569488525,0.0949999988079071,6.550786983107011
A,units,3,16,digit_1hot:random_orth,200,0.0,0.9699999690055847,6.550786983107011
A,units,3,16,digit_circ:all,200,0.0,0.550000011920929,3.291388060721936
A,units,3,16,digit_circ:tens,200,0.0,1.0,0.0
A,units,3,16,digit_circ:units,200,0.0,0.550000011920929,3.291388060721936
A,units,3,16,digit_circ:random_orth,200,0.0,0.9899999499320984,3.291388060721936
A,units,3,16,both:all,200,0.4099999964237213,0.09999999403953552,6.676587655540149
A,units,3,16,both:tens,200,0.0,0.9899999499320984,1.2154911792288394
A,units,3,16,both:units,200,0.39499998092651367,0.0949999988079071,6.550483543282066
A,units,3,16,both:random_orth,200,0.0,0.949999988079071,6.676587655540149
A,units,3,18,full_swap,200,0.26499998569488525,0.25,11.86215591430664
A,units,3,18,helix:all,200,0.17000000178813934,0.29999998211860657,6.970716756877868
A,units,3,18,helix:tens,200,0.0,0.9899999499320984,0.9790812404474414
A,units,3,18,helix:units,200,0.14999999105930328,0.29999998211860657,6.904287334107842
A,units,3,18,helix:random_orth,200,0.0,0.9749999642372131,6.970716756877868
A,units,3,18,digit_1hot:all,200,0.1599999964237213,0.28999999165534973,7.330497926992519
A,units,3,18,digit_1hot:tens,200,0.0,1.0,0.0
A,units,3,18,digit_1hot:units,200,0.1599999964237213,0.28999999165534973,7.330497926992519
A,units,3,18,digit_1hot:random_orth,200,0.0,0.949999988079071,7.3304979269925195
A,units,3,18,digit_circ:all,200,0.0,0.6499999761581421,3.720526874322977
A,units,3,18,digit_circ:tens,200,0.0,1.0,0.0
A,units,3,18,digit_circ:units,200,0.0,0.6499999761581421,3.720526874322977
A,units,3,18,digit_circ:random_orth,200,0.0,0.9799999594688416,3.7205268743229767
A,units,3,18,both:all,200,0.1599999964237213,0.29999998211860657,7.488205943109328
A,units,3,18,both:tens,200,0.0,0.9899999499320984,1.4362656838767434
A,units,3,18,both:units,200,0.1599999964237213,0.28999999165534973,7.329664774725241
A,units,3,18,both:random_orth,200,0.0,0.9549999833106995,7.488205943109328
A,units,3,20,full_swap,200,0.0,0.9699999690055847,13.754002571105957
A,units,3,20,helix:all,200,0.0,0.9699999690055847,8.035526341547342
A,units,3,20,helix:tens,200,0.0,1.0,1.1756160585273434
A,units,3,20,helix:units,200,0.0,0.9699999690055847,7.957934456317321
A,units,3,20,helix:random_orth,200,0.0,0.9899999499320984,8.035526341547342
A,units,3,20,digit_1hot:all,200,0.0,0.9549999833106995,8.425260773524775
A,units,3,20,digit_1hot:tens,200,0.0,1.0,0.0
A,units,3,20,digit_1hot:units,200,0.0,0.9549999833106995,8.425260773524775
A,units,3,20,digit_1hot:random_orth,200,0.0,0.9950000047683716,8.425260773524775
A,units,3,20,digit_circ:all,200,0.0,0.98499995470047,4.311434838154213
A,units,3,20,digit_circ:tens,200,0.0,1.0,0.0
A,units,3,20,digit_circ:units,200,0.0,0.98499995470047,4.311434838154213
A,units,3,20,digit_circ:random_orth,200,0.0,0.9950000047683716,4.311434838154213
A,units,3,20,both:all,200,0.0,0.9649999737739563,8.61344865653357
A,units,3,20,both:tens,200,0.0,1.0,1.6931346447466862
A,units,3,20,both:units,200,0.0,0.9549999833106995,8.423446437770762
A,units,3,20,both:random_orth,200,0.0,0.9899999499320984,8.61344865653357
A,tens,-30,0,full_swap,200,0.8999999761581421,0.0,4.632901668548584
A,tens,-30,0,helix:all,200,0.20499999821186066,0.054999999701976776,2.1355123647110847
A,tens,-30,0,helix:tens,200,0.20499999821186066,0.054999999701976776,2.1355123647110847
A,tens,-30,0,helix:units,200,0.0,0.9950000047683716,3.2660597922785345e-15
A,tens,-30,0,helix:random_orth,200,0.004999999888241291,0.949999988079071,2.1355123647110847
A,tens,-30,0,digit_1hot:all,200,0.5899999737739563,0.0,2.7861873375155644
A,tens,-30,0,digit_1hot:tens,200,0.5899999737739563,0.0,2.7861873375155644
A,tens,-30,0,digit_1hot:units,200,0.0,0.9950000047683716,0.0
A,tens,-30,0,digit_1hot:random_orth,200,0.004999999888241291,0.9300000071525574,2.7861873375155644
A,tens,-30,0,digit_circ:all,200,0.125,0.13499999046325684,2.0503241275215287
A,tens,-30,0,digit_circ:tens,200,0.125,0.13499999046325684,2.0503241275215287
A,tens,-30,0,digit_circ:units,200,0.0,0.9950000047683716,0.0
A,tens,-30,0,digit_circ:random_orth,200,0.0,0.9449999928474426,2.0503241275215287
A,tens,-30,0,both:all,200,0.5899999737739563,0.0,2.8842641792943313
A,tens,-30,0,both:tens,200,0.5899999737739563,0.0,2.8842641792943313
A,tens,-30,0,both:units,200,0.0,0.9950000047683716,2.7344114188198723e-15
A,tens,-30,0,both:random_orth,200,0.004999999888241291,0.8700000047683716,2.8842641792943313
A,tens,-30,2,full_swap,200,0.8549999594688416,0.0,4.698949813842773
A,tens,-30,2,helix:all,200,0.20499999821186066,0.07499999552965164,2.265807237834422
A,tens,-30,2,helix:tens,200,0.20499999821186066,0.07499999552965164,2.2658072378344216
A,tens,-30,2,helix:units,200,0.0,0.9950000047683716,3.3713472246937638e-15
A,tens,-30,2,helix:random_orth,200,0.0,0.9599999785423279,2.265807237834422
A,tens,-30,2,digit_1hot:all,200,0.5799999833106995,0.004999999888241291,2.900259772908663
A,tens,-30,2,digit_1hot:tens,200,0.5799999833106995,0.004999999888241291,2.900259772908663
A,tens,-30,2,digit_1hot:units,200,0.0,0.9950000047683716,0.0
A,tens,-30,2,digit_1hot:random_orth,200,0.0,0.9350000023841858,2.900259772908663
A,tens,-30,2,digit_circ:all,200,0.14000000059604645,0.12999999523162842,2.1364899401039295
A,tens,-30,2,digit_circ:tens,200,0.14000000059604645,0.12999999523162842,2.1364899401039295
A,tens,-30,2,digit_circ:units,200,0.0,0.9950000047683716,0.0
A,tens,-30,2,digit_circ:random_orth,200,0.0,0.9399999976158142,2.1364899401039295
A,tens,-30,2,both:all,200,0.5999999642372131,0.0,2.9965634650330104
A,tens,-30,2,both:tens,200,0.5999999642372131,0.0,2.9965634650330104
A,tens,-30,2,both:units,200,0.0,0.9950000047683716,2.8241581740088208e-15
A,tens,-30,2,both:random_orth,200,0.0,0.9199999570846558,2.9965634650330104
A,tens,-30,4,full_swap,200,0.8449999690055847,0.009999999776482582,5.223632335662842
A,tens,-30,4,helix:all,200,0.2149999886751175,0.07499999552965164,2.6924218351650553
A,tens,-30,4,helix:tens,200,0.2149999886751175,0.07499999552965164,2.6924218351650553
A,tens,-30,4,helix:units,200,0.0,0.9950000047683716,3.879975267910232e-15
A,tens,-30,4,helix:random_orth,200,0.0,0.9449999928474426,2.6924218351650553
A,tens,-30,4,digit_1hot:all,200,0.5949999690055847,0.014999999664723873,3.365655739840706
A,tens,-30,4,digit_1hot:tens,200,0.5949999690055847,0.014999999664723873,3.365655739840706
A,tens,-30,4,digit_1hot:units,200,0.0,0.9950000047683716,0.0
A,tens,-30,4,digit_1hot:random_orth,200,0.0,0.9300000071525574,3.365655739840706
A,tens,-30,4,digit_circ:all,200,0.12999999523162842,0.14999999105930328,2.5076629932175623
A,tens,-30,4,digit_circ:tens,200,0.12999999523162842,0.14999999105930328,2.5076629932175623
A,tens,-30,4,digit_circ:units,200,0.0,0.9950000047683716,0.0
A,tens,-30,4,digit_circ:random_orth,200,0.004999999888241291,0.9699999690055847,2.5076629932175623
A,tens,-30,4,both:all,200,0.5949999690055847,0.019999999552965164,3.4680646784156517
A,tens,-30,4,both:tens,200,0.5949999690055847,0.019999999552965164,3.4680646784156517
A,tens,-30,4,both:units,200,0.0,0.9950000047683716,3.250302942601257e-15
A,tens,-30,4,both:random_orth,200,0.0,0.9449999928474426,3.4680646784156517
A,tens,-30,6,full_swap,200,0.824999988079071,0.014999999664723873,5.80607795715332
A,tens,-30,6,helix:all,200,0.2149999886751175,0.10499999672174454,3.0745827047900947
A,tens,-30,6,helix:tens,200,0.2149999886751175,0.10499999672174454,3.074582704790095
A,tens,-30,6,helix:units,200,0.0,0.9950000047683716,4.489532093601513e-15
A,tens,-30,6,helix:random_orth,200,0.0,0.9549999833106995,3.0745827047900947
A,tens,-30,6,digit_1hot:all,200,0.5849999785423279,0.019999999552965164,3.7965062808337064
A,tens,-30,6,digit_1hot:tens,200,0.5849999785423279,0.019999999552965164,3.7965062808337064
A,tens,-30,6,digit_1hot:units,200,0.0,0.9950000047683716,0.0
A,tens,-30,6,digit_1hot:random_orth,200,0.0,0.9399999976158142,3.7965062808337064
A,tens,-30,6,digit_circ:all,200,0.11499999463558197,0.19499999284744263,2.847768661748697
A,tens,-30,6,digit_circ:tens,200,0.11499999463558197,0.19499999284744263,2.847768661748697
A,tens,-30,6,digit_circ:units,200,0.0,0.9950000047683716,0.0
A,tens,-30,6,digit_circ:random_orth,200,0.0,0.949999988079071,2.8477686617486966
A,tens,-30,6,both:all,200,0.5849999785423279,0.019999999552965164,3.9135905340567416
A,tens,-30,6,both:tens,200,0.5849999785423279,0.019999999552965164,3.9135905340567416
A,tens,-30,6,both:units,200,0.0,0.9950000047683716,3.761720575304014e-15
A,tens,-30,6,both:random_orth,200,0.0,0.949999988079071,3.9135905340567416
A,tens,-30,8,full_swap,200,0.8100000023841858,0.014999999664723873,6.264318943023682
A,tens,-30,8,helix:all,200,0.19499999284744263,0.10499999672174454,3.362845633888081
A,tens,-30,8,helix:tens,200,0.19499999284744263,0.10499999672174454,3.362845633888081
A,tens,-30,8,helix:units,200,0.0,0.9950000047683716,4.9031406972984315e-15
A,tens,-30,8,helix:random_orth,200,0.0,0.9649999737739563,3.362845633888081
A,tens,-30,8,digit_1hot:all,200,0.5600000023841858,0.019999999552965164,4.129391265921766
A,tens,-30,8,digit_1hot:tens,200,0.5600000023841858,0.019999999552965164,4.129391265921766
A,tens,-30,8,digit_1hot:units,200,0.0,0.9950000047683716,0.0
A,tens,-30,8,digit_1hot:random_orth,200,0.0,0.9300000071525574,4.129391265921766
A,tens,-30,8,digit_circ:all,200,0.11499999463558197,0.2149999886751175,3.0998487972267528
A,tens,-30,8,digit_circ:tens,200,0.11499999463558197,0.2149999886751175,3.0998487972267528
A,tens,-30,8,digit_circ:units,200,0.0,0.9950000047683716,0.0
A,tens,-30,8,digit_circ:random_orth,200,0.0,0.9649999737739563,3.0998487972267528
A,tens,-30,8,both:all,200,0.5600000023841858,0.019999999552965164,4.2513464356468
A,tens,-30,8,both:tens,200,0.5600000023841858,0.019999999552965164,4.2513464356468
A,tens,-30,8,both:units,200,0.0,0.9950000047683716,4.112047568246757e-15
A,tens,-30,8,both:random_orth,200,0.004999999888241291,0.9549999833106995,4.2513464356468
A,tens,-30,10,full_swap,200,0.8100000023841858,0.014999999664723873,6.969644546508789
A,tens,-30,10,helix:all,200,0.1899999976158142,0.11499999463558197,3.794053257582573
A,tens,-30,10,helix:tens,200,0.1899999976158142,0.11499999463558197,3.794053257582573
A,tens,-30,10,helix:units,200,0.0,0.9950000047683716,5.493821068823743e-15
A,tens,-30,10,helix:random_orth,200,0.004999999888241291,0.949999988079071,3.794053257582573
A,tens,-30,10,digit_1hot:all,200,0.5450000166893005,0.019999999552965164,4.660780093819829
A,tens,-30,10,digit_1hot:tens,200,0.5450000166893005,0.019999999552965164,4.660780093819829
A,tens,-30,10,digit_1hot:units,200,0.0,0.9950000047683716,0.0
A,tens,-30,10,digit_1hot:random_orth,200,0.0,0.9699999690055847,4.660780093819829
A,tens,-30,10,digit_circ:all,200,0.11499999463558197,0.22999998927116394,3.462200428258436
A,tens,-30,10,digit_circ:tens,200,0.11499999463558197,0.22999998927116394,3.462200428258436
A,tens,-30,10,digit_circ:units,200,0.0,0.9950000047683716,0.0
A,tens,-30,10,digit_circ:random_orth,200,0.0,0.9300000071525574,3.462200428258436
A,tens,-30,10,both:all,200,0.5600000023841858,0.019999999552965164,4.786882850865948
A,tens,-30,10,both:tens,200,0.5600000023841858,0.019999999552965164,4.786882850865948
A,tens,-30,10,both:units,200,0.0,0.9950000047683716,4.6091383379230595e-15
A,tens,-30,10,both:random_orth,200,0.004999999888241291,0.9249999523162842,4.786882850865947
A,tens,-30,12,full_swap,200,0.8199999928474426,0.014999999664723873,7.899191379547119
A,tens,-30,12,helix:all,200,0.19499999284744263,0.13499999046325684,4.299512679665908
A,tens,-30,12,helix:tens,200,0.19499999284744263,0.13499999046325684,4.299512679665908
A,tens,-30,12,helix:units,200,0.0,0.9950000047683716,6.833936262218113e-15
A,tens,-30,12,helix:random_orth,200,0.004999999888241291,0.949999988079071,4.299512679665908
A,tens,-30,12,digit_1hot:all,200,0.5550000071525574,0.019999999552965164,5.306141824459428
A,tens,-30,12,digit_1hot:tens,200,0.5550000071525574,0.019999999552965164,5.306141824459428
A,tens,-30,12,digit_1hot:units,200,0.0,0.9950000047683716,0.0
A,tens,-30,12,digit_1hot:random_orth,200,0.004999999888241291,0.9350000023841858,5.306141824459428
A,tens,-30,12,digit_circ:all,200,0.10999999940395355,0.2449999898672104,3.8832631139138085
A,tens,-30,12,digit_circ:tens,200,0.10999999940395355,0.2449999898672104,3.8832631139138085
A,tens,-30,12,digit_circ:units,200,0.0,0.9950000047683716,0.0
A,tens,-30,12,digit_circ:random_orth,200,0.0,0.949999988079071,3.8832631139138085
A,tens,-30,12,both:all,200,0.5600000023841858,0.019999999552965164,5.438229042543554
A,tens,-30,12,both:tens,200,0.5600000023841858,0.019999999552965164,5.438229042543555
A,tens,-30,12,both:units,200,0.0,0.9950000047683716,5.728408754120471e-15
A,tens,-30,12,both:random_orth,200,0.0,0.949999988079071,5.438229042543554
A,tens,-30,14,full_swap,200,0.6699999570846558,0.03500000014901161,8.894941329956055
A,tens,-30,14,helix:all,200,0.14999999105930328,0.25,4.880414020240627
A,tens,-30,14,helix:tens,200,0.14999999105930328,0.25,4.880414020240627
A,tens,-30,14,helix:units,200,0.0,0.9950000047683716,7.783196762504248e-15
A,tens,-30,14,helix:random_orth,200,0.0,0.9699999690055847,4.880414020240626
A,tens,-30,14,digit_1hot:all,200,0.44999998807907104,0.044999998062849045,6.049070334234028
A,tens,-30,14,digit_1hot:tens,200,0.44999998807907104,0.044999998062849045,6.049070334234028
A,tens,-30,14,digit_1hot:units,200,0.0,0.9950000047683716,0.0
A,tens,-30,14,digit_1hot:random_orth,200,0.0,0.9649999737739563,6.049070334234028
A,tens,-30,14,digit_circ:all,200,0.07999999821186066,0.3349999785423279,4.341440404168128
A,tens,-30,14,digit_circ:tens,200,0.07999999821186066,0.3349999785423279,4.341440404168128
A,tens,-30,14,digit_circ:units,200,0.0,0.9950000047683716,0.0
A,tens,-30,14,digit_circ:random_orth,200,0.0,0.9799999594688416,4.341440404168128
A,tens,-30,14,both:all,200,0.4699999988079071,0.03500000014901161,6.198955924604478
A,tens,-30,14,both:tens,200,0.4699999988079071,0.03500000014901161,6.198955924604478
A,tens,-30,14,both:units,200,0.0,0.9950000047683716,6.5229212977285765e-15
A,tens,-30,14,both:random_orth,200,0.009999999776482582,0.9699999690055847,6.198955924604478
A,tens,-30,16,full_swap,200,0.6699999570846558,0.03500000014901161,11.6697359085083
A,tens,-30,16,helix:all,200,0.125,0.2750000059604645,6.83737499149375
A,tens,-30,16,helix:tens,200,0.125,0.2750000059604645,6.83737499149375
A,tens,-30,16,helix:units,200,0.0,0.9950000047683716,9.759295161812024e-15
A,tens,-30,16,helix:random_orth,200,0.0,0.9549999833106995,6.83737499149375
A,tens,-30,16,digit_1hot:all,200,0.4699999988079071,0.044999998062849045,8.264158520781798
A,tens,-30,16,digit_1hot:tens,200,0.4699999988079071,0.044999998062849045,8.264158520781798
A,tens,-30,16,digit_1hot:units,200,0.0,0.9950000047683716,0.0
A,tens,-30,16,digit_1hot:random_orth,200,0.004999999888241291,0.949999988079071,8.264158520781798
A,tens,-30,16,digit_circ:all,200,0.07999999821186066,0.3649999797344208,6.115418768821653
A,tens,-30,16,digit_circ:tens,200,0.07999999821186066,0.3649999797344208,6.115418768821653
A,tens,-30,16,digit_circ:units,200,0.0,0.9950000047683716,0.0
A,tens,-30,16,digit_circ:random_orth,200,0.0,0.949999988079071,6.115418768821653
A,tens,-30,16,both:all,200,0.48499998450279236,0.03500000014901161,8.451457296121548
A,tens,-30,16,both:tens,200,0.48499998450279236,0.03500000014901161,8.451457296121548
A,tens,-30,16,both:units,200,0.0,0.9950000047683716,8.182005467645684e-15
A,tens,-30,16,both:random_orth,200,0.004999999888241291,0.9049999713897705,8.451457296121548
A,tens,-30,18,full_swap,200,0.48499998450279236,0.08999999612569809,13.477758407592773
A,tens,-30,18,helix:all,200,0.08999999612569809,0.42499998211860657,7.9741310400045435
A,tens,-30,18,helix:tens,200,0.08999999612569809,0.42499998211860657,7.9741310400045435
A,tens,-30,18,helix:units,200,0.0,0.9950000047683716,1.0980743458984485e-14
A,tens,-30,18,helix:random_orth,200,0.004999999888241291,0.9549999833106995,7.9741310400045435
A,tens,-30,18,digit_1hot:all,200,0.3100000023841858,0.14499999582767487,9.630590627498668
A,tens,-30,18,digit_1hot:tens,200,0.3100000023841858,0.14499999582767487,9.630590627498668
A,tens,-30,18,digit_1hot:units,200,0.0,0.9950000047683716,0.0
A,tens,-30,18,digit_1hot:random_orth,200,0.004999999888241291,0.949999988079071,9.630590627498668
A,tens,-30,18,digit_circ:all,200,0.044999998062849045,0.5,7.078838362075171
A,tens,-30,18,digit_circ:tens,200,0.044999998062849045,0.5,7.078838362075171
A,tens,-30,18,digit_circ:units,200,0.0,0.9950000047683716,0.0
A,tens,-30,18,digit_circ:random_orth,200,0.004999999888241291,0.9350000023841858,7.078838362075171
A,tens,-30,18,both:all,200,0.3050000071525574,0.1550000011920929,9.85704699703137
A,tens,-30,18,both:tens,200,0.3050000071525574,0.1550000011920929,9.85704699703137
A,tens,-30,18,both:units,200,0.0,0.9950000047683716,9.200639904385198e-15
A,tens,-30,18,both:random_orth,200,0.0,0.9350000023841858,9.85704699703137
A,tens,-30,20,full_swap,200,0.004999999888241291,0.9350000023841858,15.885393142700195
A,tens,-30,20,helix:all,200,0.004999999888241291,0.9599999785423279,9.587967946343646
A,tens,-30,20,helix:tens,200,0.004999999888241291,0.9599999785423279,9.587967946343646
A,tens,-30,20,helix:units,200,0.0,0.9950000047683716,1.2767123634885162e-14
A,tens,-30,20,helix:random_orth,200,0.0,0.98499995470047,9.587967946343646
A,tens,-30,20,digit_1hot:all,200,0.009999999776482582,0.9449999928474426,11.454506718859374
A,tens,-30,20,digit_1hot:tens,200,0.009999999776482582,0.9449999928474426,11.454506718859374
A,tens,-30,20,digit_1hot:units,200,0.0,0.9950000047683716,0.0
A,tens,-30,20,digit_1hot:random_orth,200,0.0,0.9950000047683716,11.454506718859374
A,tens,-30,20,digit_circ:all,200,0.0,0.9749999642372131,8.47757652019378
A,tens,-30,20,digit_circ:tens,200,0.0,0.9749999642372131,8.47757652019378
A,tens,-30,20,digit_circ:units,200,0.0,0.9950000047683716,0.0
A,tens,-30,20,digit_circ:random_orth,200,0.0,0.98499995470047,8.47757652019378
A,tens,-30,20,both:all,200,0.004999999888241291,0.9449999928474426,11.728955863391636
A,tens,-30,20,both:tens,200,0.004999999888241291,0.9449999928474426,11.728955863391636
A,tens,-30,20,both:units,200,0.0,0.9950000047683716,1.068087828349315e-14
A,tens,-30,20,both:random_orth,200,0.0,0.9950000047683716,11.728955863391636
A,tens,-20,0,full_swap,200,0.875,0.0,4.448216438293457
A,tens,-20,0,helix:all,200,0.17499999701976776,0.22999998927116394,1.580843935968378
A,tens,-20,0,helix:tens,200,0.17499999701976776,0.22999998927116394,1.580843935968378
A,tens,-20,0,helix:units,200,0.0,0.9899999499320984,2.8242397208245134e-15
A,tens,-20,0,helix:random_orth,200,0.0,0.9649999737739563,1.580843935968378
A,tens,-20,0,digit_1hot:all,200,0.6599999666213989,0.009999999776482582,2.5759774965268947
A,tens,-20,0,digit_1hot:tens,200,0.6599999666213989,0.009999999776482582,2.5759774965268947
A,tens,-20,0,digit_1hot:units,200,0.0,0.9899999499320984,0.0
A,tens,-20,0,digit_1hot:random_orth,200,0.004999999888241291,0.9249999523162842,2.575977496526895
A,tens,-20,0,digit_circ:all,200,0.125,0.3400000035762787,1.5227575363224723
A,tens,-20,0,digit_circ:tens,200,0.125,0.3400000035762787,1.5227575363224723
A,tens,-20,0,digit_circ:units,200,0.0,0.9899999499320984,0.0
A,tens,-20,0,digit_circ:random_orth,200,0.004999999888241291,0.9699999690055847,1.5227575363224723
A,tens,-20,0,both:all,200,0.6899999976158142,0.009999999776482582,2.6327166874776156
A,tens,-20,0,both:tens,200,0.6899999976158142,0.009999999776482582,2.6327166874776156
A,tens,-20,0,both:units,200,0.0,0.9899999499320984,2.362429584748665e-15
A,tens,-20,0,both:random_orth,200,0.004999999888241291,0.9549999833106995,2.6327166874776156
A,tens,-20,2,full_swap,200,0.8449999690055847,0.0,4.508665084838867
A,tens,-20,2,helix:all,200,0.17999999225139618,0.2449999898672104,1.6733388770549393
A,tens,-20,2,helix:tens,200,0.17999999225139618,0.2449999898672104,1.6733388770549391
A,tens,-20,2,helix:units,200,0.0,0.9899999499320984,2.911187107928262e-15
A,tens,-20,2,helix:random_orth,200,0.004999999888241291,0.9549999833106995,1.6733388770549393
A,tens,-20,2,digit_1hot:all,200,0.6449999809265137,0.019999999552965164,2.6859529731738827
A,tens,-20,2,digit_1hot:tens,200,0.6449999809265137,0.019999999552965164,2.6859529731738827
A,tens,-20,2,digit_1hot:units,200,0.0,0.9899999499320984,0.0
A,tens,-20,2,digit_1hot:random_orth,200,0.004999999888241291,0.9300000071525574,2.6859529731738827
A,tens,-20,2,digit_circ:all,200,0.11999999731779099,0.3449999988079071,1.5853014998802746
A,tens,-20,2,digit_circ:tens,200,0.11999999731779099,0.3449999988079071,1.5853014998802746
A,tens,-20,2,digit_circ:units,200,0.0,0.9899999499320984,0.0
A,tens,-20,2,digit_circ:random_orth,200,0.004999999888241291,0.9549999833106995,1.5853014998802746
A,tens,-20,2,both:all,200,0.6800000071525574,0.014999999664723873,2.740913146720138
A,tens,-20,2,both:tens,200,0.6800000071525574,0.014999999664723873,2.740913146720138
A,tens,-20,2,both:units,200,0.0,0.9899999499320984,2.4363512287360397e-15
A,tens,-20,2,both:random_orth,200,0.004999999888241291,0.9549999833106995,2.740913146720138
A,tens,-20,4,full_swap,200,0.8199999928474426,0.009999999776482582,4.949872016906738
A,tens,-20,4,helix:all,200,0.17999999225139618,0.25999999046325684,1.9802502349118556
A,tens,-20,4,helix:tens,200,0.17999999225139618,0.25999999046325684,1.9802502349118556
A,tens,-20,4,helix:units,200,0.0,0.9899999499320984,3.342418515178339e-15
A,tens,-20,4,helix:random_orth,200,0.0,0.9649999737739563,1.9802502349118556
A,tens,-20,4,digit_1hot:all,200,0.6399999856948853,0.029999999329447746,3.060538778274974
A,tens,-20,4,digit_1hot:tens,200,0.6399999856948853,0.029999999329447746,3.060538778274974
A,tens,-20,4,digit_1hot:units,200,0.0,0.9899999499320984,0.0
A,tens,-20,4,digit_1hot:random_orth,200,0.014999999664723873,0.9049999713897705,3.060538778274974
A,tens,-20,4,digit_circ:all,200,0.11499999463558197,0.3799999952316284,1.853470669008744
A,tens,-20,4,digit_circ:tens,200,0.11499999463558197,0.3799999952316284,1.853470669008744
A,tens,-20,4,digit_circ:units,200,0.0,0.9899999499320984,0.0
A,tens,-20,4,digit_circ:random_orth,200,0.0,0.949999988079071,1.853470669008744
A,tens,-20,4,both:all,200,0.6399999856948853,0.029999999329447746,3.1203192038714906
A,tens,-20,4,both:tens,200,0.6399999856948853,0.029999999329447746,3.1203192038714906
A,tens,-20,4,both:units,200,0.0,0.9899999499320984,2.7974969839923733e-15
A,tens,-20,4,both:random_orth,200,0.009999999776482582,0.9399999976158142,3.1203192038714906
A,tens,-20,6,full_swap,200,0.8100000023841858,0.014999999664723873,5.491175651550293
A,tens,-20,6,helix:all,200,0.1599999964237213,0.29499998688697815,2.254180714156616
A,tens,-20,6,helix:tens,200,0.1599999964237213,0.29499998688697815,2.254180714156616
A,tens,-20,6,helix:units,200,0.0,0.9899999499320984,3.85785394939496e-15
A,tens,-20,6,helix:random_orth,200,0.0,0.9649999737739563,2.254180714156616
A,tens,-20,6,digit_1hot:all,200,0.6299999952316284,0.029999999329447746,3.435433448070478
A,tens,-20,6,digit_1hot:tens,200,0.6299999952316284,0.029999999329447746,3.435433448070478
A,tens,-20,6,digit_1hot:units,200,0.0,0.9899999499320984,0.0
A,tens,-20,6,digit_1hot:random_orth,200,0.014999999664723873,0.9249999523162842,3.435433448070478
A,tens,-20,6,digit_circ:all,200,0.0949999988079071,0.4099999964237213,2.1002391333216766
A,tens,-20,6,digit_circ:tens,200,0.0949999988079071,0.4099999964237213,2.1002391333216766
A,tens,-20,6,digit_circ:units,200,0.0,0.9899999499320984,0.0
A,tens,-20,6,digit_circ:random_orth,200,0.0,0.9449999928474426,2.1002391333216766
A,tens,-20,6,both:all,200,0.6549999713897705,0.029999999329447746,3.5068196769637767
A,tens,-20,6,both:tens,200,0.6549999713897705,0.029999999329447746,3.5068196769637767
A,tens,-20,6,both:units,200,0.0,0.9899999499320984,3.2297397460655128e-15
A,tens,-20,6,both:random_orth,200,0.004999999888241291,0.9549999833106995,3.5068196769637767
A,tens,-20,8,full_swap,200,0.7799999713897705,0.019999999552965164,5.908774375915527
A,tens,-20,8,helix:all,200,0.16499999165534973,0.29499998688697815,2.4577938849340235
A,tens,-20,8,helix:tens,200,0.16499999165534973,0.29499998688697815,2.4577938849340235
A,tens,-20,8,helix:units,200,0.0,0.9899999499320984,4.201203813379848e-15
A,tens,-20,8,helix:random_orth,200,0.0,0.9399999976158142,2.4577938849340235
A,tens,-20,8,digit_1hot:all,200,0.5999999642372131,0.029999999329447746,3.705537669173407
A,tens,-20,8,digit_1hot:tens,200,0.5999999642372131,0.029999999329447746,3.705537669173407
A,tens,-20,8,digit_1hot:units,200,0.0,0.9899999499320984,0.0
A,tens,-20,8,digit_1hot:random_orth,200,0.0,0.9399999976158142,3.705537669173407
A,tens,-20,8,digit_circ:all,200,0.08999999612569809,0.429999977350235,2.272655452852724
A,tens,-20,8,digit_circ:tens,200,0.08999999612569809,0.429999977350235,2.272655452852724
A,tens,-20,8,digit_circ:units,200,0.0,0.9899999499320984,0.0
A,tens,-20,8,digit_circ:random_orth,200,0.0,0.9649999737739563,2.272655452852724
A,tens,-20,8,both:all,200,0.6399999856948853,0.029999999329447746,3.7833538603896613
A,tens,-20,8,both:tens,200,0.6399999856948853,0.029999999329447746,3.7833538603896613
A,tens,-20,8,both:units,200,0.0,0.9899999499320984,3.5199730537044925e-15
A,tens,-20,8,both:random_orth,200,0.0,0.9549999833106995,3.7833538603896613
A,tens,-20,10,full_swap,200,0.7799999713897705,0.019999999552965164,6.589120864868164
A,tens,-20,10,helix:all,200,0.1550000011920929,0.2849999964237213,2.771088245380639
A,tens,-20,10,helix:tens,200,0.1550000011920929,0.2849999964237213,2.771088245380639
A,tens,-20,10,helix:units,200,0.0,0.9899999499320984,4.7018232105167975e-15
A,tens,-20,10,helix:random_orth,200,0.0,0.9649999737739563,2.771088245380639
A,tens,-20,10,digit_1hot:all,200,0.5999999642372131,0.029999999329447746,4.179410920232419
A,tens,-20,10,digit_1hot:tens,200,0.5999999642372131,0.029999999329447746,4.179410920232419
A,tens,-20,10,digit_1hot:units,200,0.0,0.9899999499320984,0.0
A,tens,-20,10,digit_1hot:random_orth,200,0.009999999776482582,0.9449999928474426,4.179410920232419
A,tens,-20,10,digit_circ:all,200,0.08500000089406967,0.4399999976158142,2.5255765408815485
A,tens,-20,10,digit_circ:tens,200,0.08500000089406967,0.4399999976158142,2.5255765408815485
A,tens,-20,10,digit_circ:units,200,0.0,0.9899999499320984,0.0
A,tens,-20,10,digit_circ:random_orth,200,0.004999999888241291,0.98499995470047,2.5255765408815485
A,tens,-20,10,both:all,200,0.625,0.029999999329447746,4.261820762989536
A,tens,-20,10,both:tens,200,0.625,0.029999999329447746,4.261820762989536
A,tens,-20,10,both:units,200,0.0,0.9899999499320984,3.940705298789359e-15
A,tens,-20,10,both:random_orth,200,0.004999999888241291,0.9449999928474426,4.261820762989536
A,tens,-20,12,full_swap,200,0.7899999618530273,0.019999999552965164,7.471280574798584
A,tens,-20,12,helix:all,200,0.1550000011920929,0.28999999165534973,3.1421773693197674
A,tens,-20,12,helix:tens,200,0.1550000011920929,0.28999999165534973,3.1421773693197665
A,tens,-20,12,helix:units,200,0.0,0.9899999499320984,5.853123138300002e-15
A,tens,-20,12,helix:random_orth,200,0.0,0.949999988079071,3.1421773693197674
A,tens,-20,12,digit_1hot:all,200,0.5999999642372131,0.029999999329447746,4.757062185274451
A,tens,-20,12,digit_1hot:tens,200,0.5999999642372131,0.029999999329447746,4.757062185274451
A,tens,-20,12,digit_1hot:units,200,0.0,0.9899999499320984,0.0
A,tens,-20,12,digit_1hot:random_orth,200,0.0,0.9549999833106995,4.757062185274451
A,tens,-20,12,digit_circ:all,200,0.09999999403953552,0.44999998807907104,2.815219119065002
A,tens,-20,12,digit_circ:tens,200,0.09999999403953552,0.44999998807907104,2.815219119065002
A,tens,-20,12,digit_circ:units,200,0.0,0.9899999499320984,0.0
A,tens,-20,12,digit_circ:random_orth,200,0.004999999888241291,0.9449999928474426,2.815219119065002
A,tens,-20,12,both:all,200,0.6200000047683716,0.029999999329447746,4.848479726359373
A,tens,-20,12,both:tens,200,0.6200000047683716,0.029999999329447746,4.848479726359373
A,tens,-20,12,both:units,200,0.0,0.9899999499320984,4.901933320161835e-15
A,tens,-20,12,both:random_orth,200,0.004999999888241291,0.9300000071525574,4.848479726359373
A,tens,-20,14,full_swap,200,0.7099999785423279,0.029999999329447746,8.467819213867188
A,tens,-20,14,helix:all,200,0.10999999940395355,0.4350000023841858,3.5771073108476297
A,tens,-20,14,helix:tens,200,0.10999999940395355,0.4350000023841858,3.5771073108476292
A,tens,-20,14,helix:units,200,0.0,0.9899999499320984,6.651790583703806e-15
A,tens,-20,14,helix:random_orth,200,0.0,0.9549999833106995,3.5771073108476297
A,tens,-20,14,digit_1hot:all,200,0.5299999713897705,0.044999998062849045,5.46238424056647
A,tens,-20,14,digit_1hot:tens,200,0.5299999713897705,0.044999998062849045,5.46238424056647
A,tens,-20,14,digit_1hot:units,200,0.0,0.9899999499320984,0.0
A,tens,-20,14,digit_1hot:random_orth,200,0.004999999888241291,0.949999988079071,5.46238424056647
A,tens,-20,14,digit_circ:all,200,0.07999999821186066,0.5600000023841858,3.1391824679916867
A,tens,-20,14,digit_circ:tens,200,0.07999999821186066,0.5600000023841858,3.1391824679916867
A,tens,-20,14,digit_circ:units,200,0.0,0.9899999499320984,0.0
A,tens,-20,14,digit_circ:random_orth,200,0.0,1.0,3.1391824679916867
A,tens,-20,14,both:all,200,0.550000011920929,0.044999998062849045,5.566930919436313
A,tens,-20,14,both:tens,200,0.550000011920929,0.044999998062849045,5.566930919436313
A,tens,-20,14,both:units,200,0.0,0.9899999499320984,5.5701570965427424e-15
A,tens,-20,14,both:random_orth,200,0.0,0.9649999737739563,5.566930919436313
A,tens,-20,16,full_swap,200,0.7049999833106995,0.029999999329447746,11.061966896057129
A,tens,-20,16,helix:all,200,0.10999999940395355,0.42499998211860657,5.014175917328293
A,tens,-20,16,helix:tens,200,0.10999999940395355,0.42499998211860657,5.014175917328293
A,tens,-20,16,helix:units,200,0.0,0.9899999499320984,8.364539061289231e-15
A,tens,-20,16,helix:random_orth,200,0.004999999888241291,0.9599999785423279,5.014175917328293
A,tens,-20,16,digit_1hot:all,200,0.5299999713897705,0.04999999701976776,7.425474627012854
A,tens,-20,16,digit_1hot:tens,200,0.5299999713897705,0.04999999701976776,7.425474627012854
A,tens,-20,16,digit_1hot:units,200,0.0,0.9899999499320984,0.0
A,tens,-20,16,digit_1hot:random_orth,200,0.014999999664723873,0.9249999523162842,7.425474627012854
A,tens,-20,16,digit_circ:all,200,0.07000000029802322,0.5649999976158142,4.465668192073334
A,tens,-20,16,digit_circ:tens,200,0.07000000029802322,0.5649999976158142,4.465668192073334
A,tens,-20,16,digit_circ:units,200,0.0,0.9899999499320984,0.0
A,tens,-20,16,digit_circ:random_orth,200,0.0,0.9699999690055847,4.465668192073335
A,tens,-20,16,both:all,200,0.5349999666213989,0.044999998062849045,7.553173927578289
A,tens,-20,16,both:tens,200,0.5349999666213989,0.044999998062849045,7.553173927578288
A,tens,-20,16,both:units,200,0.0,0.9899999499320984,7.0069419995199354e-15
A,tens,-20,16,both:random_orth,200,0.014999999664723873,0.9300000071525574,7.553173927578289
A,tens,-20,18,full_swap,200,0.5199999809265137,0.07499999552965164,12.8259859085083
A,tens,-20,18,helix:all,200,0.07999999821186066,0.5949999690055847,5.858565703112001
A,tens,-20,18,helix:tens,200,0.07999999821186066,0.5949999690055847,5.858565703112001
A,tens,-20,18,helix:units,200,0.0,0.9899999499320984,9.397438382735871e-15
A,tens,-20,18,helix:random_orth,200,0.0,0.9749999642372131,5.858565703112001
A,tens,-20,18,digit_1hot:all,200,0.4350000023841858,0.09999999403953552,8.69791452910901
A,tens,-20,18,digit_1hot:tens,200,0.4350000023841858,0.09999999403953552,8.69791452910901
A,tens,-20,18,digit_1hot:units,200,0.0,0.9899999499320984,0.0
A,tens,-20,18,digit_1hot:random_orth,200,0.004999999888241291,0.9549999833106995,8.69791452910901
A,tens,-20,18,digit_circ:all,200,0.04999999701976776,0.7049999833106995,5.173407798320983
A,tens,-20,18,digit_circ:tens,200,0.04999999701976776,0.7049999833106995,5.173407798320983
A,tens,-20,18,digit_circ:units,200,0.0,0.9899999499320984,0.0
A,tens,-20,18,digit_circ:random_orth,200,0.0,0.9699999690055847,5.173407798320983
A,tens,-20,18,both:all,200,0.4449999928474426,0.0949999988079071,8.851352054905519
A,tens,-20,18,both:tens,200,0.4449999928474426,0.0949999988079071,8.851352054905519
A,tens,-20,18,both:units,200,0.0,0.9899999499320984,7.86885705440072e-15
A,tens,-20,18,both:random_orth,200,0.004999999888241291,0.9599999785423279,8.851352054905519
A,tens,-20,20,full_swap,200,0.004999999888241291,0.9399999976158142,15.072176933288574
A,tens,-20,20,helix:all,200,0.0,0.9649999737739563,7.042036829685007
A,tens,-20,20,helix:tens,200,0.0,0.9649999737739563,7.042036829685007
A,tens,-20,20,helix:units,200,0.0,0.9899999499320984,1.0930027207908626e-14
A,tens,-20,20,helix:random_orth,200,0.0,0.98499995470047,7.042036829685007
A,tens,-20,20,digit_1hot:all,200,0.004999999888241291,0.9350000023841858,10.306638019539662
A,tens,-20,20,digit_1hot:tens,200,0.004999999888241291,0.9350000023841858,10.306638019539662
A,tens,-20,20,digit_1hot:units,200,0.0,0.9899999499320984,0.0
A,tens,-20,20,digit_1hot:random_orth,200,0.0,0.98499995470047,10.306638019539662
A,tens,-20,20,digit_circ:all,200,0.0,0.9599999785423279,6.2063900294635035
A,tens,-20,20,digit_circ:tens,200,0.0,0.9599999785423279,6.2063900294635035
A,tens,-20,20,digit_circ:units,200,0.0,0.9899999499320984,0.0
A,tens,-20,20,digit_circ:random_orth,200,0.0,0.9950000047683716,6.2063900294635035
A,tens,-20,20,both:all,200,0.004999999888241291,0.9300000071525574,10.490788391639434
A,tens,-20,20,both:tens,200,0.004999999888241291,0.9300000071525574,10.490788391639434
A,tens,-20,20,both:units,200,0.0,0.9899999499320984,9.140260081441056e-15
A,tens,-20,20,both:random_orth,200,0.0,0.9950000047683716,10.490788391639434
A,tens,-10,0,full_swap,200,0.8949999809265137,0.004999999888241291,4.1964945793151855
A,tens,-10,0,helix:all,200,0.14499999582767487,0.7049999833106995,0.8701953185130992
A,tens,-10,0,helix:tens,200,0.14499999582767487,0.7049999833106995,0.8701953185130992
A,tens,-10,0,helix:units,200,0.004999999888241291,0.9899999499320984,1.6940695084023737e-15
A,tens,-10,0,helix:random_orth,200,0.014999999664723873,0.9699999690055847,0.8701953185130992
A,tens,-10,0,digit_1hot:all,200,0.5899999737739563,0.08999999612569809,2.1366275727161836
A,tens,-10,0,digit_1hot:tens,200,0.5899999737739563,0.08999999612569809,2.1366275727161836
A,tens,-10,0,digit_1hot:units,200,0.004999999888241291,0.9899999499320984,0.0
A,tens,-10,0,digit_1hot:random_orth,200,0.004999999888241291,0.9549999833106995,2.1366275727161836
A,tens,-10,0,digit_circ:all,200,0.07000000029802322,0.7749999761581421,0.8104671251384505
A,tens,-10,0,digit_circ:tens,200,0.07000000029802322,0.7749999761581421,0.8104671251384505
A,tens,-10,0,digit_circ:units,200,0.004999999888241291,0.9899999499320984,0.0
A,tens,-10,0,digit_circ:random_orth,200,0.004999999888241291,0.9799999594688416,0.8104671251384505
A,tens,-10,0,both:all,200,0.5849999785423279,0.0949999988079071,2.1589632413565756
A,tens,-10,0,both:tens,200,0.5849999785423279,0.0949999988079071,2.1589632413565756
A,tens,-10,0,both:units,200,0.004999999888241291,0.9899999499320984,1.4207655821968745e-15
A,tens,-10,0,both:random_orth,200,0.009999999776482582,0.9599999785423279,2.1589632413565756
A,tens,-10,2,full_swap,200,0.8899999856948853,0.004999999888241291,4.28678035736084
A,tens,-10,2,helix:all,200,0.16499999165534973,0.6850000023841858,0.9252276764095169
A,tens,-10,2,helix:tens,200,0.16499999165534973,0.6850000023841858,0.9252276764095169
A,tens,-10,2,helix:units,200,0.004999999888241291,0.9899999499320984,1.7537491719783814e-15
A,tens,-10,2,helix:random_orth,200,0.004999999888241291,0.9899999499320984,0.9252276764095169
A,tens,-10,2,digit_1hot:all,200,0.5699999928474426,0.11999999731779099,2.255755419016415
A,tens,-10,2,digit_1hot:tens,200,0.5699999928474426,0.11999999731779099,2.255755419016415
A,tens,-10,2,digit_1hot:units,200,0.004999999888241291,0.9899999499320984,0.0
A,tens,-10,2,digit_1hot:random_orth,200,0.014999999664723873,0.9699999690055847,2.255755419016415
A,tens,-10,2,digit_circ:all,200,0.07499999552965164,0.7799999713897705,0.8421422109874156
A,tens,-10,2,digit_circ:tens,200,0.07499999552965164,0.7799999713897705,0.8421422109874156
A,tens,-10,2,digit_circ:units,200,0.004999999888241291,0.9899999499320984,0.0
A,tens,-10,2,digit_circ:random_orth,200,0.004999999888241291,0.9749999642372131,0.8421422109874157
A,tens,-10,2,both:all,200,0.5649999976158142,0.11999999731779099,2.2771836272755417
A,tens,-10,2,both:tens,200,0.5649999976158142,0.11999999731779099,2.2771836272755417
A,tens,-10,2,both:units,200,0.004999999888241291,0.9899999499320984,1.4717872021614407e-15
A,tens,-10,2,both:random_orth,200,0.03500000014901161,0.9350000023841858,2.2771836272755417
A,tens,-10,4,full_swap,200,0.875,0.009999999776482582,4.704160690307617
A,tens,-10,4,helix:all,200,0.17000000178813934,0.7099999785423279,1.0939970245436248
A,tens,-10,4,helix:tens,200,0.17000000178813934,0.7099999785423279,1.0939970245436248
A,tens,-10,4,helix:units,200,0.004999999888241291,0.9899999499320984,2.021928111861872e-15
A,tens,-10,4,helix:random_orth,200,0.004999999888241291,0.9749999642372131,1.0939970245436248
A,tens,-10,4,digit_1hot:all,200,0.5450000166893005,0.13499999046325684,2.566881013812108
A,tens,-10,4,digit_1hot:tens,200,0.5450000166893005,0.13499999046325684,2.566881013812108
A,tens,-10,4,digit_1hot:units,200,0.004999999888241291,0.9899999499320984,0.0
A,tens,-10,4,digit_1hot:random_orth,200,0.009999999776482582,0.9699999690055847,2.566881013812108
A,tens,-10,4,digit_circ:all,200,0.07999999821186066,0.8050000071525574,0.9805246350924267
A,tens,-10,4,digit_circ:tens,200,0.07999999821186066,0.8050000071525574,0.9805246350924267
A,tens,-10,4,digit_circ:units,200,0.004999999888241291,0.9899999499320984,0.0
A,tens,-10,4,digit_circ:random_orth,200,0.014999999664723873,0.9799999594688416,0.9805246350924267
A,tens,-10,4,both:all,200,0.5550000071525574,0.125,2.589867589950592
A,tens,-10,4,both:tens,200,0.5550000071525574,0.125,2.589867589950592
A,tens,-10,4,both:units,200,0.004999999888241291,0.9899999499320984,1.6966902951979385e-15
A,tens,-10,4,both:random_orth,200,0.009999999776482582,0.9799999594688416,2.589867589950592
A,tens,-10,6,full_swap,200,0.8499999642372131,0.019999999552965164,5.194594860076904
A,tens,-10,6,helix:all,200,0.1599999964237213,0.73499995470047,1.2432468252586306
A,tens,-10,6,helix:tens,200,0.1599999964237213,0.73499995470047,1.2432468252586306
A,tens,-10,6,helix:units,200,0.004999999888241291,0.9899999499320984,2.3417208077163553e-15
A,tens,-10,6,helix:random_orth,200,0.009999999776482582,0.98499995470047,1.2432468252586306
A,tens,-10,6,digit_1hot:all,200,0.5550000071525574,0.13499999046325684,2.867626117635029
A,tens,-10,6,digit_1hot:tens,200,0.5550000071525574,0.13499999046325684,2.867626117635029
A,tens,-10,6,digit_1hot:units,200,0.004999999888241291,0.9899999499320984,0.0
A,tens,-10,6,digit_1hot:random_orth,200,0.02499999850988388,0.949999988079071,2.867626117635029
A,tens,-10,6,digit_circ:all,200,0.06499999761581421,0.8199999928474426,1.107701474230733
A,tens,-10,6,digit_circ:tens,200,0.06499999761581421,0.8199999928474426,1.107701474230733
A,tens,-10,6,digit_circ:units,200,0.004999999888241291,0.9899999499320984,0.0
A,tens,-10,6,digit_circ:random_orth,200,0.004999999888241291,0.9799999594688416,1.107701474230733
A,tens,-10,6,both:all,200,0.5550000071525574,0.125,2.8941338174704523
A,tens,-10,6,both:tens,200,0.5550000071525574,0.125,2.8941338174704523
A,tens,-10,6,both:units,200,0.004999999888241291,0.9899999499320984,1.965280845185405e-15
A,tens,-10,6,both:random_orth,200,0.009999999776482582,0.9549999833106995,2.8941338174704523
A,tens,-10,8,full_swap,200,0.8100000023841858,0.029999999329447746,5.593897819519043
A,tens,-10,8,helix:all,200,0.14499999582767487,0.7549999952316284,1.352438279796717
A,tens,-10,8,helix:tens,200,0.14499999582767487,0.7549999952316284,1.3524382797967167
A,tens,-10,8,helix:units,200,0.004999999888241291,0.9899999499320984,2.5653861128486394e-15
A,tens,-10,8,helix:random_orth,200,0.004999999888241291,0.98499995470047,1.352438279796717
A,tens,-10,8,digit_1hot:all,200,0.550000011920929,0.14999999105930328,3.1067208125290837
A,tens,-10,8,digit_1hot:tens,200,0.550000011920929,0.14999999105930328,3.1067208125290837
A,tens,-10,8,digit_1hot:units,200,0.004999999888241291,0.9899999499320984,0.0
A,tens,-10,8,digit_1hot:random_orth,200,0.014999999664723873,0.9699999690055847,3.1067208125290837
A,tens,-10,8,digit_circ:all,200,0.07000000029802322,0.8199999928474426,1.1922158539184977
A,tens,-10,8,digit_circ:tens,200,0.07000000029802322,0.8199999928474426,1.1922158539184977
A,tens,-10,8,digit_circ:units,200,0.004999999888241291,0.9899999499320984,0.0
A,tens,-10,8,digit_circ:random_orth,200,0.0,0.98499995470047,1.1922158539184977
A,tens,-10,8,both:all,200,0.5450000166893005,0.1550000011920929,3.1347009336915734
A,tens,-10,8,both:tens,200,0.5450000166893005,0.1550000011920929,3.1347009336915734
A,tens,-10,8,both:units,200,0.004999999888241291,0.9899999499320984,2.1555705182506323e-15
A,tens,-10,8,both:random_orth,200,0.004999999888241291,0.9749999642372131,3.1347009336915734
A,tens,-10,10,full_swap,200,0.8199999928474426,0.029999999329447746,6.266169548034668
A,tens,-10,10,helix:all,200,0.14000000059604645,0.7599999904632568,1.5238358044523286
A,tens,-10,10,helix:tens,200,0.14000000059604645,0.7599999904632568,1.5238358044523286
A,tens,-10,10,helix:units,200,0.004999999888241291,0.9899999499320984,2.8764024717820663e-15
A,tens,-10,10,helix:random_orth,200,0.009999999776482582,0.9799999594688416,1.5238358044523286
A,tens,-10,10,digit_1hot:all,200,0.5550000071525574,0.1550000011920929,3.5173979620317897
A,tens,-10,10,digit_1hot:tens,200,0.5550000071525574,0.1550000011920929,3.5173979620317897
A,tens,-10,10,digit_1hot:units,200,0.004999999888241291,0.9899999499320984,0.0
A,tens,-10,10,digit_1hot:random_orth,200,0.014999999664723873,0.949999988079071,3.5173979620317892
A,tens,-10,10,digit_circ:all,200,0.07499999552965164,0.8149999976158142,1.3182001098809684
A,tens,-10,10,digit_circ:tens,200,0.07499999552965164,0.8149999976158142,1.3182001098809684
A,tens,-10,10,digit_circ:units,200,0.004999999888241291,0.9899999499320984,0.0
A,tens,-10,10,digit_circ:random_orth,200,0.004999999888241291,0.9799999594688416,1.3182001098809684
A,tens,-10,10,both:all,200,0.550000011920929,0.1599999964237213,3.5471619931407954
A,tens,-10,10,both:tens,200,0.550000011920929,0.1599999964237213,3.5471619931407954
A,tens,-10,10,both:units,200,0.004999999888241291,0.9899999499320984,2.4179640784491464e-15
A,tens,-10,10,both:random_orth,200,0.02499999850988388,0.949999988079071,3.5471619931407945
A,tens,-10,12,full_swap,200,0.8149999976158142,0.029999999329447746,7.171928882598877
A,tens,-10,12,helix:all,200,0.13499999046325684,0.7599999904632568,1.732425351023776
A,tens,-10,12,helix:tens,200,0.13499999046325684,0.7599999904632568,1.732425351023776
A,tens,-10,12,helix:units,200,0.004999999888241291,0.9899999499320984,3.561950772637405e-15
A,tens,-10,12,helix:random_orth,200,0.004999999888241291,0.98499995470047,1.732425351023776
A,tens,-10,12,digit_1hot:all,200,0.5450000166893005,0.16499999165534973,4.052117288585185
A,tens,-10,12,digit_1hot:tens,200,0.5450000166893005,0.16499999165534973,4.052117288585185
A,tens,-10,12,digit_1hot:units,200,0.004999999888241291,0.9899999499320984,0.0
A,tens,-10,12,digit_1hot:random_orth,200,0.019999999552965164,0.9599999785423279,4.052117288585185
A,tens,-10,12,digit_circ:all,200,0.07000000029802322,0.824999988079071,1.4633787404984002
A,tens,-10,12,digit_circ:tens,200,0.07000000029802322,0.824999988079071,1.4633787404984002
A,tens,-10,12,digit_circ:units,200,0.004999999888241291,0.9899999499320984,0.0
A,tens,-10,12,digit_circ:random_orth,200,0.009999999776482582,0.9649999737739563,1.4633787404984002
A,tens,-10,12,both:all,200,0.550000011920929,0.1599999964237213,4.083893428565559
A,tens,-10,12,both:tens,200,0.550000011920929,0.1599999964237213,4.083893428565559
A,tens,-10,12,both:units,200,0.004999999888241291,0.9899999499320984,2.990924825445784e-15
A,tens,-10,12,both:random_orth,200,0.014999999664723873,0.9649999737739563,4.083893428565559
A,tens,-10,14,full_swap,200,0.7450000047683716,0.08999999612569809,8.166753768920898
A,tens,-10,14,helix:all,200,0.08999999612569809,0.8149999976158142,1.9771922696659805
A,tens,-10,14,helix:tens,200,0.08999999612569809,0.8149999976158142,1.9771922696659803
A,tens,-10,14,helix:units,200,0.004999999888241291,0.9899999499320984,4.0662999867106455e-15
A,tens,-10,14,helix:random_orth,200,0.009999999776482582,0.98499995470047,1.97719226966598
A,tens,-10,14,digit_1hot:all,200,0.4599999785423279,0.25999999046325684,4.699986157341401
A,tens,-10,14,digit_1hot:tens,200,0.4599999785423279,0.25999999046325684,4.699986157341401
A,tens,-10,14,digit_1hot:units,200,0.004999999888241291,0.9899999499320984,0.0
A,tens,-10,14,digit_1hot:random_orth,200,0.009999999776482582,0.9799999594688416,4.699986157341401
A,tens,-10,14,digit_circ:all,200,0.054999999701976776,0.8549999594688416,1.6241825890481953
A,tens,-10,14,digit_circ:tens,200,0.054999999701976776,0.8549999594688416,1.6241825890481953
A,tens,-10,14,digit_circ:units,200,0.004999999888241291,0.9899999499320984,0.0
A,tens,-10,14,digit_circ:random_orth,200,0.004999999888241291,0.98499995470047,1.6241825890481953
A,tens,-10,14,both:all,200,0.4599999785423279,0.26499998569488525,4.736837826442825
A,tens,-10,14,both:tens,200,0.4599999785423279,0.26499998569488525,4.736837826442825
A,tens,-10,14,both:units,200,0.004999999888241291,0.9899999499320984,3.413623068688065e-15
A,tens,-10,14,both:random_orth,200,0.014999999664723873,0.9649999737739563,4.736837826442825
A,tens,-10,16,full_swap,200,0.7400000095367432,0.08999999612569809,10.605752944946289
A,tens,-10,16,helix:all,200,0.08500000089406967,0.8199999928474426,2.7671113493827706
A,tens,-10,16,helix:tens,200,0.08500000089406967,0.8199999928474426,2.7671113493827706
A,tens,-10,16,helix:units,200,0.004999999888241291,0.9899999499320984,5.092936056035172e-15
A,tens,-10,16,helix:random_orth,200,0.014999999664723873,0.9749999642372131,2.767111349382771
A,tens,-10,16,digit_1hot:all,200,0.44999998807907104,0.26499998569488525,6.294207767107752
A,tens,-10,16,digit_1hot:tens,200,0.44999998807907104,0.26499998569488525,6.294207767107752
A,tens,-10,16,digit_1hot:units,200,0.004999999888241291,0.9899999499320984,0.0
A,tens,-10,16,digit_1hot:random_orth,200,0.019999999552965164,0.9649999737739563,6.294207767107752
A,tens,-10,16,digit_circ:all,200,0.04999999701976776,0.8700000047683716,2.3286859673092972
A,tens,-10,16,digit_circ:tens,200,0.04999999701976776,0.8700000047683716,2.3286859673092972
A,tens,-10,16,digit_circ:units,200,0.004999999888241291,0.9899999499320984,0.0
A,tens,-10,16,digit_circ:random_orth,200,0.009999999776482582,0.9799999594688416,2.3286859673092972
A,tens,-10,16,both:all,200,0.4699999988079071,0.26999998092651367,6.3391966975178455
A,tens,-10,16,both:tens,200,0.4699999988079071,0.26999998092651367,6.3391966975178455
A,tens,-10,16,both:units,200,0.004999999888241291,0.9899999499320984,4.2775668066848e-15
A,tens,-10,16,both:random_orth,200,0.02499999850988388,0.9449999928474426,6.3391966975178455
A,tens,-10,18,full_swap,200,0.6299999952316284,0.19999998807907104,12.259657859802246
A,tens,-10,18,helix:all,200,0.06499999761581421,0.8449999690055847,3.2426351861786697
A,tens,-10,18,helix:tens,200,0.06499999761581421,0.8449999690055847,3.2426351861786697
A,tens,-10,18,helix:units,200,0.004999999888241291,0.9899999499320984,5.7486030399999635e-15
A,tens,-10,18,helix:random_orth,200,0.019999999552965164,0.9699999690055847,3.2426351861786697
A,tens,-10,18,digit_1hot:all,200,0.375,0.3799999952316284,7.350990342412797
A,tens,-10,18,digit_1hot:tens,200,0.375,0.3799999952316284,7.350990342412797
A,tens,-10,18,digit_1hot:units,200,0.004999999888241291,0.9899999499320984,0.0
A,tens,-10,18,digit_1hot:random_orth,200,0.009999999776482582,0.9699999690055847,7.350990342412797
A,tens,-10,18,digit_circ:all,200,0.04999999701976776,0.8849999904632568,2.6983909918027473
A,tens,-10,18,digit_circ:tens,200,0.04999999701976776,0.8849999904632568,2.6983909918027473
A,tens,-10,18,digit_circ:units,200,0.004999999888241291,0.9899999499320984,0.0
A,tens,-10,18,digit_circ:random_orth,200,0.009999999776482582,0.9799999594688416,2.6983909918027473
A,tens,-10,18,both:all,200,0.375,0.375,7.405467127354483
A,tens,-10,18,both:tens,200,0.375,0.375,7.405467127354481
A,tens,-10,18,both:units,200,0.004999999888241291,0.9899999499320984,4.824647673768368e-15
A,tens,-10,18,both:random_orth,200,0.014999999664723873,0.9599999785423279,7.405467127354483
A,tens,-10,20,full_swap,200,0.02499999850988388,0.949999988079071,14.348859786987305
A,tens,-10,20,helix:all,200,0.009999999776482582,0.98499995470047,3.896685574164091
A,tens,-10,20,helix:tens,200,0.009999999776482582,0.98499995470047,3.896685574164091
A,tens,-10,20,helix:units,200,0.004999999888241291,0.9899999499320984,6.701384015313872e-15
A,tens,-10,20,helix:random_orth,200,0.004999999888241291,0.9899999499320984,3.896685574164091
A,tens,-10,20,digit_1hot:all,200,0.019999999552965164,0.9549999833106995,8.68353641941396
A,tens,-10,20,digit_1hot:tens,200,0.019999999552965164,0.9549999833106995,8.68353641941396
A,tens,-10,20,digit_1hot:units,200,0.004999999888241291,0.9899999499320984,0.0
A,tens,-10,20,digit_1hot:random_orth,200,0.004999999888241291,0.9899999499320984,8.68353641941396
A,tens,-10,20,digit_circ:all,200,0.009999999776482582,0.9799999594688416,3.2365298290431928
A,tens,-10,20,digit_circ:tens,200,0.009999999776482582,0.9799999594688416,3.2365298290431928
A,tens,-10,20,digit_circ:units,200,0.004999999888241291,0.9899999499320984,0.0
A,tens,-10,20,digit_circ:random_orth,200,0.004999999888241291,0.9899999499320984,3.2365298290431936
A,tens,-10,20,both:all,200,0.019999999552965164,0.9599999785423279,8.748557467347636
A,tens,-10,20,both:tens,200,0.019999999552965164,0.9599999785423279,8.748557467347636
A,tens,-10,20,both:units,200,0.004999999888241291,0.9899999499320984,5.6122961090851075e-15
A,tens,-10,20,both:random_orth,200,0.0,0.9950000047683716,8.748557467347636
A,tens,10,0,full_swap,200,0.8399999737739563,0.07499999552965164,4.167515277862549
A,tens,10,0,helix:all,200,0.019999999552965164,0.9649999737739563,0.8805984633438677
A,tens,10,0,helix:tens,200,0.019999999552965164,0.9649999737739563,0.8805984633438677
A,tens,10,0,helix:units,200,0.0,0.9950000047683716,1.8156806467175054e-15
A,tens,10,0,helix:random_orth,200,0.004999999888241291,0.9749999642372131,0.8805984633438677
A,tens,10,0,digit_1hot:all,200,0.42499998211860657,0.38999998569488525,2.154461094206485
A,tens,10,0,digit_1hot:tens,200,0.42499998211860657,0.38999998569488525,2.154461094206485
A,tens,10,0,digit_1hot:units,200,0.0,0.9950000047683716,0.0
A,tens,10,0,digit_1hot:random_orth,200,0.0,0.9699999690055847,2.154461094206485
A,tens,10,0,digit_circ:all,200,0.004999999888241291,0.9549999833106995,0.8134387134777384
A,tens,10,0,digit_circ:tens,200,0.004999999888241291,0.9549999833106995,0.8134387134777384
A,tens,10,0,digit_circ:units,200,0.0,0.9950000047683716,0.0
A,tens,10,0,digit_circ:random_orth,200,0.0,0.9799999594688416,0.8134387134777384
A,tens,10,0,both:all,200,0.4449999928474426,0.38499999046325684,2.17598145735705
A,tens,10,0,both:tens,200,0.4449999928474426,0.38499999046325684,2.17598145735705
A,tens,10,0,both:units,200,0.0,0.9950000047683716,1.5200430651981697e-15
A,tens,10,0,both:random_orth,200,0.004999999888241291,0.9649999737739563,2.17598145735705
A,tens,10,2,full_swap,200,0.8199999928474426,0.0949999988079071,4.270033359527588
A,tens,10,2,helix:all,200,0.014999999664723873,0.9699999690055847,0.9373960280692581
A,tens,10,2,helix:tens,200,0.014999999664723873,0.9699999690055847,0.9373960280692581
A,tens,10,2,helix:units,200,0.0,0.9950000047683716,1.8744868713345247e-15
A,tens,10,2,helix:random_orth,200,0.0,0.9899999499320984,0.9373960280692581
A,tens,10,2,digit_1hot:all,200,0.39499998092651367,0.4350000023841858,2.2901010770512884
A,tens,10,2,digit_1hot:tens,200,0.39499998092651367,0.4350000023841858,2.2901010770512884
A,tens,10,2,digit_1hot:units,200,0.0,0.9950000047683716,0.0
A,tens,10,2,digit_1hot:random_orth,200,0.004999999888241291,0.9749999642372131,2.2901010770512884
A,tens,10,2,digit_circ:all,200,0.004999999888241291,0.9599999785423279,0.8444819154815952
A,tens,10,2,digit_circ:tens,200,0.004999999888241291,0.9599999785423279,0.8444819154815952
A,tens,10,2,digit_circ:units,200,0.0,0.9950000047683716,0.0
A,tens,10,2,digit_circ:random_orth,200,0.0,0.9799999594688416,0.8444819154815952
A,tens,10,2,both:all,200,0.39499998092651367,0.42499998211860657,2.3104006984758834
A,tens,10,2,both:tens,200,0.39499998092651367,0.42499998211860657,2.3104006984758834
A,tens,10,2,both:units,200,0.0,0.9950000047683716,1.569962860007165e-15
A,tens,10,2,both:random_orth,200,0.0,0.9549999833106995,2.3104006984758834
A,tens,10,4,full_swap,200,0.7949999570846558,0.10499999672174454,4.701545715332031
A,tens,10,4,helix:all,200,0.009999999776482582,0.9699999690055847,1.107756533761107
A,tens,10,4,helix:tens,200,0.009999999776482582,0.9699999690055847,1.107756533761107
A,tens,10,4,helix:units,200,0.0,0.9950000047683716,2.1584336454851913e-15
A,tens,10,4,helix:random_orth,200,0.0,0.9799999594688416,1.107756533761107
A,tens,10,4,digit_1hot:all,200,0.3449999988079071,0.4949999749660492,2.6091289285705903
A,tens,10,4,digit_1hot:tens,200,0.3449999988079071,0.4949999749660492,2.6091289285705903
A,tens,10,4,digit_1hot:units,200,0.0,0.9950000047683716,0.0
A,tens,10,4,digit_1hot:random_orth,200,0.0,0.9549999833106995,2.6091289285705908
A,tens,10,4,digit_circ:all,200,0.004999999888241291,0.9599999785423279,0.9816660391473611
A,tens,10,4,digit_circ:tens,200,0.004999999888241291,0.9599999785423279,0.9816660391473611
A,tens,10,4,digit_circ:units,200,0.0,0.9950000047683716,0.0
A,tens,10,4,digit_circ:random_orth,200,0.004999999888241291,0.9699999690055847,0.9816660391473612
A,tens,10,4,both:all,200,0.3349999785423279,0.5,2.630218801446588
A,tens,10,4,both:tens,200,0.3349999785423279,0.5,2.630218801446588
A,tens,10,4,both:units,200,0.0,0.9950000047683716,1.807677219109122e-15
A,tens,10,4,both:random_orth,200,0.0,0.9649999737739563,2.630218801446588
A,tens,10,6,full_swap,200,0.7749999761581421,0.11499999463558197,5.213495254516602
A,tens,10,6,helix:all,200,0.009999999776482582,0.9749999642372131,1.257902587623846
A,tens,10,6,helix:tens,200,0.009999999776482582,0.9749999642372131,1.257902587623846
A,tens,10,6,helix:units,200,0.0,0.9950000047683716,2.4944444351237273e-15
A,tens,10,6,helix:random_orth,200,0.0,0.9899999499320984,1.257902587623846
A,tens,10,6,digit_1hot:all,200,0.3349999785423279,0.5099999904632568,2.918497854312822
A,tens,10,6,digit_1hot:tens,200,0.3349999785423279,0.5099999904632568,2.918497854312822
A,tens,10,6,digit_1hot:units,200,0.0,0.9950000047683716,0.0
A,tens,10,6,digit_1hot:random_orth,200,0.0,0.9749999642372131,2.918497854312822
A,tens,10,6,digit_circ:all,200,0.004999999888241291,0.9749999642372131,1.10760306239072
A,tens,10,6,digit_circ:tens,200,0.004999999888241291,0.9749999642372131,1.10760306239072
A,tens,10,6,digit_circ:units,200,0.0,0.9950000047683716,0.0
A,tens,10,6,digit_circ:random_orth,200,0.004999999888241291,0.98499995470047,1.10760306239072
A,tens,10,6,both:all,200,0.3349999785423279,0.5099999904632568,2.9435964351651984
A,tens,10,6,both:tens,200,0.3349999785423279,0.5099999904632568,2.943596435165198
A,tens,10,6,both:units,200,0.0,0.9950000047683716,2.0892600955942844e-15
A,tens,10,6,both:random_orth,200,0.004999999888241291,0.9649999737739563,2.9435964351651984
A,tens,10,8,full_swap,200,0.7599999904632568,0.12999999523162842,5.632099151611328
A,tens,10,8,helix:all,200,0.009999999776482582,0.9749999642372131,1.3668882793102233
A,tens,10,8,helix:tens,200,0.009999999776482582,0.9749999642372131,1.3668882793102233
A,tens,10,8,helix:units,200,0.0,0.9950000047683716,2.721397315806882e-15
A,tens,10,8,helix:random_orth,200,0.0,0.9799999594688416,1.3668882793102233
A,tens,10,8,digit_1hot:all,200,0.3100000023841858,0.5399999618530273,3.1674842348807406
A,tens,10,8,digit_1hot:tens,200,0.3100000023841858,0.5399999618530273,3.1674842348807406
A,tens,10,8,digit_1hot:units,200,0.0,0.9950000047683716,0.0
A,tens,10,8,digit_1hot:random_orth,200,0.0,0.9649999737739563,3.1674842348807406
A,tens,10,8,digit_circ:all,200,0.004999999888241291,0.9749999642372131,1.18979233461961
A,tens,10,8,digit_circ:tens,200,0.004999999888241291,0.9749999642372131,1.18979233461961
A,tens,10,8,digit_circ:units,200,0.0,0.9950000047683716,0.0
A,tens,10,8,digit_circ:random_orth,200,0.0,0.98499995470047,1.18979233461961
A,tens,10,8,both:all,200,0.3050000071525574,0.5349999666213989,3.1943784090475327
A,tens,10,8,both:tens,200,0.3050000071525574,0.5349999666213989,3.1943784090475322
A,tens,10,8,both:units,200,0.0,0.9950000047683716,2.281489591676281e-15
A,tens,10,8,both:random_orth,200,0.0,0.9649999737739563,3.1943784090475322
A,tens,10,10,full_swap,200,0.7599999904632568,0.125,6.305361270904541
A,tens,10,10,helix:all,200,0.009999999776482582,0.9749999642372131,1.5373640130321755
A,tens,10,10,helix:tens,200,0.009999999776482582,0.9749999642372131,1.5373640130321755
A,tens,10,10,helix:units,200,0.0,0.9950000047683716,3.0483588071000676e-15
A,tens,10,10,helix:random_orth,200,0.0,0.9749999642372131,1.5373640130321755
A,tens,10,10,digit_1hot:all,200,0.32999998331069946,0.5149999856948853,3.5892353221187845
A,tens,10,10,digit_1hot:tens,200,0.32999998331069946,0.5149999856948853,3.5892353221187845
A,tens,10,10,digit_1hot:units,200,0.0,0.9950000047683716,0.0
A,tens,10,10,digit_1hot:random_orth,200,0.0,0.9599999785423279,3.5892353221187845
A,tens,10,10,digit_circ:all,200,0.004999999888241291,0.9749999642372131,1.3130233363212427
A,tens,10,10,digit_circ:tens,200,0.004999999888241291,0.9749999642372131,1.3130233363212427
A,tens,10,10,digit_circ:units,200,0.0,0.9950000047683716,0.0
A,tens,10,10,digit_circ:random_orth,200,0.0,1.0,1.3130233363212427
A,tens,10,10,both:all,200,0.32999998331069946,0.5099999904632568,3.617297626401261
A,tens,10,10,both:tens,200,0.32999998331069946,0.5099999904632568,3.617297626401261
A,tens,10,10,both:units,200,0.0,0.9950000047683716,2.556398574466699e-15
A,tens,10,10,both:random_orth,200,0.004999999888241291,0.9799999594688416,3.617297626401261
A,tens,10,12,full_swap,200,0.7599999904632568,0.11999999731779099,7.232214450836182
A,tens,10,12,helix:all,200,0.009999999776482582,0.9799999594688416,1.7482613054568805
A,tens,10,12,helix:tens,200,0.009999999776482582,0.9799999594688416,1.7482613054568805
A,tens,10,12,helix:units,200,0.0,0.9950000047683716,3.7940005146170455e-15
A,tens,10,12,helix:random_orth,200,0.004999999888241291,0.9749999642372131,1.7482613054568805
A,tens,10,12,digit_1hot:all,200,0.3349999785423279,0.5049999952316284,4.133808464184198
A,tens,10,12,digit_1hot:tens,200,0.3349999785423279,0.5049999952316284,4.133808464184198
A,tens,10,12,digit_1hot:units,200,0.0,0.9950000047683716,0.0
A,tens,10,12,digit_1hot:random_orth,200,0.004999999888241291,0.9649999737739563,4.133808464184198
A,tens,10,12,digit_circ:all,200,0.004999999888241291,0.9799999594688416,1.4556527387000386
A,tens,10,12,digit_circ:tens,200,0.004999999888241291,0.9799999594688416,1.4556527387000386
A,tens,10,12,digit_circ:units,200,0.0,0.9950000047683716,0.0
A,tens,10,12,digit_circ:random_orth,200,0.0,0.9899999499320984,1.4556527387000386
A,tens,10,12,both:all,200,0.3400000035762787,0.5049999952316284,4.166175487364282
A,tens,10,12,both:tens,200,0.3400000035762787,0.5049999952316284,4.166175487364282
A,tens,10,12,both:units,200,0.0,0.9950000047683716,3.1789644373174393e-15
A,tens,10,12,both:random_orth,200,0.009999999776482582,0.9599999785423279,4.166175487364282
A,tens,10,14,full_swap,200,0.5450000166893005,0.3349999785423279,8.297773361206055
A,tens,10,14,helix:all,200,0.009999999776482582,0.98499995470047,1.991351519778737
A,tens,10,14,helix:tens,200,0.009999999776482582,0.98499995470047,1.9913515197787373
A,tens,10,14,helix:units,200,0.0,0.9950000047683716,4.317229508075155e-15
A,tens,10,14,helix:random_orth,200,0.0,0.98499995470047,1.991351519778737
A,tens,10,14,digit_1hot:all,200,0.2149999886751175,0.6499999761581421,4.811101106510984
A,tens,10,14,digit_1hot:tens,200,0.2149999886751175,0.6499999761581421,4.811101106510984
A,tens,10,14,digit_1hot:units,200,0.0,0.9950000047683716,0.0
A,tens,10,14,digit_1hot:random_orth,200,0.004999999888241291,0.9699999690055847,4.811101106510984
A,tens,10,14,digit_circ:all,200,0.004999999888241291,0.9899999499320984,1.6125037387140688
A,tens,10,14,digit_circ:tens,200,0.004999999888241291,0.9899999499320984,1.6125037387140688
A,tens,10,14,digit_circ:units,200,0.0,0.9950000047683716,0.0
A,tens,10,14,digit_circ:random_orth,200,0.0,0.9950000047683716,1.6125037387140688
A,tens,10,14,both:all,200,0.2149999886751175,0.6499999761581421,4.8439360803420835
A,tens,10,14,both:tens,200,0.2149999886751175,0.6499999761581421,4.8439360803420835
A,tens,10,14,both:units,200,0.0,0.9950000047683716,3.616929761682316e-15
A,tens,10,14,both:random_orth,200,0.004999999888241291,0.9649999737739563,4.8439360803420835
A,tens,10,16,full_swap,200,0.5299999713897705,0.3499999940395355,10.781961441040039
A,tens,10,16,helix:all,200,0.009999999776482582,0.9799999594688416,2.7855813796689266
A,tens,10,16,helix:tens,200,0.009999999776482582,0.9799999594688416,2.7855813796689266
A,tens,10,16,helix:units,200,0.0,0.9950000047683716,5.4349383402937e-15
A,tens,10,16,helix:random_orth,200,0.0,0.9899999499320984,2.7855813796689266
A,tens,10,16,digit_1hot:all,200,0.22999998927116394,0.6349999904632568,6.4337070230577345
A,tens,10,16,digit_1hot:tens,200,0.22999998927116394,0.6349999904632568,6.4337070230577345
A,tens,10,16,digit_1hot:units,200,0.0,0.9950000047683716,0.0
A,tens,10,16,digit_1hot:random_orth,200,0.0,0.98499995470047,6.4337070230577345
A,tens,10,16,digit_circ:all,200,0.004999999888241291,0.98499995470047,2.318338612171181
A,tens,10,16,digit_circ:tens,200,0.004999999888241291,0.98499995470047,2.318338612171181
A,tens,10,16,digit_circ:units,200,0.0,0.9950000047683716,0.0
A,tens,10,16,digit_circ:random_orth,200,0.004999999888241291,0.9799999594688416,2.318338612171181
A,tens,10,16,both:all,200,0.23499999940395355,0.6299999952316284,6.474079382209959
A,tens,10,16,both:tens,200,0.23499999940395355,0.6299999952316284,6.474079382209959
A,tens,10,16,both:units,200,0.0,0.9950000047683716,4.554731039164388e-15
A,tens,10,16,both:random_orth,200,0.0,0.9749999642372131,6.474079382209959
A,tens,10,18,full_swap,200,0.29999998211860657,0.5600000023841858,12.53036880493164
A,tens,10,18,helix:all,200,0.004999999888241291,0.98499995470047,3.264988952374097
A,tens,10,18,helix:tens,200,0.004999999888241291,0.98499995470047,3.264988952374097
A,tens,10,18,helix:units,200,0.0,0.9950000047683716,6.107952017200184e-15
A,tens,10,18,helix:random_orth,200,0.0,0.9950000047683716,3.264988952374097
A,tens,10,18,digit_1hot:all,200,0.14000000059604645,0.7199999690055847,7.536260454957211
A,tens,10,18,digit_1hot:tens,200,0.14000000059604645,0.7199999690055847,7.536260454957211
A,tens,10,18,digit_1hot:units,200,0.0,0.9950000047683716,0.0
A,tens,10,18,digit_1hot:random_orth,200,0.0,0.98499995470047,7.536260454957211
A,tens,10,18,digit_circ:all,200,0.004999999888241291,0.9950000047683716,2.6864966651832436
A,tens,10,18,digit_circ:tens,200,0.004999999888241291,0.9950000047683716,2.6864966651832436
A,tens,10,18,digit_circ:units,200,0.0,0.9950000047683716,0.0
A,tens,10,18,digit_circ:random_orth,200,0.0,1.0,2.686496665183244
A,tens,10,18,both:all,200,0.14499999582767487,0.7149999737739563,7.58380373990261
A,tens,10,18,both:tens,200,0.14499999582767487,0.7149999737739563,7.58380373990261
A,tens,10,18,both:units,200,0.0,0.9950000047683716,5.116289412667419e-15
A,tens,10,18,both:random_orth,200,0.0,0.9699999690055847,7.58380373990261
A,tens,10,20,full_swap,200,0.004999999888241291,0.9599999785423279,14.708189964294434
A,tens,10,20,helix:all,200,0.0,1.0,3.9202187183681643
A,tens,10,20,helix:tens,200,0.0,1.0,3.9202187183681643
A,tens,10,20,helix:units,200,0.0,0.9950000047683716,7.0959315576741216e-15
A,tens,10,20,helix:random_orth,200,0.0,0.9950000047683716,3.9202187183681643
A,tens,10,20,digit_1hot:all,200,0.004999999888241291,0.9649999737739563,8.93201497776896
A,tens,10,20,digit_1hot:tens,200,0.004999999888241291,0.9649999737739563,8.93201497776896
A,tens,10,20,digit_1hot:units,200,0.0,0.9950000047683716,0.0
A,tens,10,20,digit_1hot:random_orth,200,0.0,0.9899999499320984,8.93201497776896
A,tens,10,20,digit_circ:all,200,0.0,1.0,3.2214697020506535
A,tens,10,20,digit_circ:tens,200,0.0,1.0,3.2214697020506535
A,tens,10,20,digit_circ:units,200,0.0,0.9950000047683716,0.0
A,tens,10,20,digit_circ:random_orth,200,0.0,0.9899999499320984,3.2214697020506535
A,tens,10,20,both:all,200,0.004999999888241291,0.9599999785423279,8.987799109427996
A,tens,10,20,both:tens,200,0.004999999888241291,0.9599999785423279,8.987799109427996
A,tens,10,20,both:units,200,0.0,0.9950000047683716,5.934419502573532e-15
A,tens,10,20,both:random_orth,200,0.0,0.9899999499320984,8.987799109427996
A,tens,20,0,full_swap,200,0.7699999809265137,0.04999999701976776,4.405444145202637
A,tens,20,0,helix:all,200,0.014999999664723873,0.824999988079071,1.6023739778282091
A,tens,20,0,helix:tens,200,0.014999999664723873,0.824999988079071,1.6023739778282096
A,tens,20,0,helix:units,200,0.0,0.9899999499320984,2.8091280247582476e-15
A,tens,20,0,helix:random_orth,200,0.0,0.9699999690055847,1.6023739778282091
A,tens,20,0,digit_1hot:all,200,0.5349999666213989,0.11499999463558197,2.5630393764276937
A,tens,20,0,digit_1hot:tens,200,0.5349999666213989,0.11499999463558197,2.5630393764276937
A,tens,20,0,digit_1hot:units,200,0.0,0.9899999499320984,0.0
A,tens,20,0,digit_1hot:random_orth,200,0.0,0.9249999523162842,2.563039376427694
A,tens,20,0,digit_circ:all,200,0.014999999664723873,0.875,1.5019607131717196
A,tens,20,0,digit_circ:tens,200,0.014999999664723873,0.875,1.5019607131717196
A,tens,20,0,digit_circ:units,200,0.0,0.9899999499320984,0.0
A,tens,20,0,digit_circ:random_orth,200,0.0,0.9699999690055847,1.5019607131717196
A,tens,20,0,both:all,200,0.5550000071525574,0.09999999403953552,2.618693532616702
A,tens,20,0,both:tens,200,0.5550000071525574,0.09999999403953552,2.618693532616702
A,tens,20,0,both:units,200,0.0,0.9899999499320984,2.35216079871579e-15
A,tens,20,0,both:random_orth,200,0.0,0.949999988079071,2.618693532616702
A,tens,20,2,full_swap,200,0.73499995470047,0.05999999865889549,4.493049144744873
A,tens,20,2,helix:all,200,0.014999999664723873,0.8449999690055847,1.7080840773285593
A,tens,20,2,helix:tens,200,0.014999999664723873,0.8449999690055847,1.7080840773285593
A,tens,20,2,helix:units,200,0.0,0.9899999499320984,2.8944025732940735e-15
A,tens,20,2,helix:random_orth,200,0.0,0.9599999785423279,1.7080840773285593
A,tens,20,2,digit_1hot:all,200,0.47999998927116394,0.17499999701976776,2.694992771964365
A,tens,20,2,digit_1hot:tens,200,0.47999998927116394,0.17499999701976776,2.694992771964365
A,tens,20,2,digit_1hot:units,200,0.0,0.9899999499320984,0.0
A,tens,20,2,digit_1hot:random_orth,200,0.0,0.9300000071525574,2.694992771964365
A,tens,20,2,digit_circ:all,200,0.014999999664723873,0.8700000047683716,1.56065398876889
A,tens,20,2,digit_circ:tens,200,0.014999999664723873,0.8700000047683716,1.56065398876889
A,tens,20,2,digit_circ:units,200,0.0,0.9899999499320984,0.0
A,tens,20,2,digit_circ:random_orth,200,0.0,0.9699999690055847,1.56065398876889
A,tens,20,2,both:all,200,0.47999998927116394,0.17499999701976776,2.7484898028987788
A,tens,20,2,both:tens,200,0.47999998927116394,0.17499999701976776,2.7484898028987788
A,tens,20,2,both:units,200,0.0,0.9899999499320984,2.4254917672249108e-15
A,tens,20,2,both:random_orth,200,0.0,0.9449999928474426,2.7484898028987788
A,tens,20,4,full_swap,200,0.6850000023841858,0.08999999612569809,4.9613142013549805
A,tens,20,4,helix:all,200,0.014999999664723873,0.8499999642372131,2.0301058815996473
A,tens,20,4,helix:tens,200,0.014999999664723873,0.8499999642372131,2.0301058815996473
A,tens,20,4,helix:units,200,0.0,0.9899999499320984,3.3108574496691856e-15
A,tens,20,4,helix:random_orth,200,0.0,0.9649999737739563,2.0301058815996473
A,tens,20,4,digit_1hot:all,200,0.4050000011920929,0.25,3.0856636649351983
A,tens,20,4,digit_1hot:tens,200,0.4050000011920929,0.25,3.0856636649351983
A,tens,20,4,digit_1hot:units,200,0.0,0.9899999499320984,0.0
A,tens,20,4,digit_1hot:random_orth,200,0.0,0.9599999785423279,3.0856636649351983
A,tens,20,4,digit_circ:all,200,0.014999999664723873,0.8799999952316284,1.8227655052376002
A,tens,20,4,digit_circ:tens,200,0.014999999664723873,0.8799999952316284,1.8227655052376002
A,tens,20,4,digit_circ:units,200,0.0,0.9899999499320984,0.0
A,tens,20,4,digit_circ:random_orth,200,0.0,0.9649999737739563,1.8227655052376002
A,tens,20,4,both:all,200,0.4449999928474426,0.23499999940395355,3.1420196115439523
A,tens,20,4,both:tens,200,0.4449999928474426,0.23499999940395355,3.1420196115439523
A,tens,20,4,both:units,200,0.0,0.9899999499320984,2.774919410368477e-15
A,tens,20,4,both:random_orth,200,0.0,0.949999988079071,3.1420196115439523
A,tens,20,6,full_swap,200,0.5949999690055847,0.1599999964237213,5.52296257019043
A,tens,20,6,helix:all,200,0.009999999776482582,0.8549999594688416,2.3145673002159257
A,tens,20,6,helix:tens,200,0.009999999776482582,0.8549999594688416,2.3145673002159257
A,tens,20,6,helix:units,200,0.0,0.9899999499320984,3.816154927771559e-15
A,tens,20,6,helix:random_orth,200,0.0,0.9699999690055847,2.3145673002159257
A,tens,20,6,digit_1hot:all,200,0.38999998569488525,0.26499998569488525,3.472561394619711
A,tens,20,6,digit_1hot:tens,200,0.38999998569488525,0.26499998569488525,3.472561394619711
A,tens,20,6,digit_1hot:units,200,0.0,0.9899999499320984,0.0
A,tens,20,6,digit_1hot:random_orth,200,0.0,0.9649999737739563,3.472561394619711
A,tens,20,6,digit_circ:all,200,0.014999999664723873,0.8700000047683716,2.061757854283846
A,tens,20,6,digit_circ:tens,200,0.014999999664723873,0.8700000047683716,2.061757854283846
A,tens,20,6,digit_circ:units,200,0.0,0.9899999499320984,0.0
A,tens,20,6,digit_circ:random_orth,200,0.0,0.98499995470047,2.061757854283846
A,tens,20,6,both:all,200,0.4050000011920929,0.26499998569488525,3.5382970900405906
A,tens,20,6,both:tens,200,0.4050000011920929,0.26499998569488525,3.53829709004059
A,tens,20,6,both:units,200,0.0,0.9899999499320984,3.199626408901747e-15
A,tens,20,6,both:random_orth,200,0.0,0.9799999594688416,3.53829709004059
A,tens,20,8,full_swap,200,0.5699999928474426,0.1599999964237213,5.954387664794922
A,tens,20,8,helix:all,200,0.014999999664723873,0.8499999642372131,2.5281098149633534
A,tens,20,8,helix:tens,200,0.014999999664723873,0.8499999642372131,2.5281098149633534
A,tens,20,8,helix:units,200,0.0,0.9899999499320984,4.145373656049087e-15
A,tens,20,8,helix:random_orth,200,0.0,0.9799999594688416,2.5281098149633534
A,tens,20,8,digit_1hot:all,200,0.3799999952316284,0.2800000011920929,3.7534956812193396
A,tens,20,8,digit_1hot:tens,200,0.3799999952316284,0.2800000011920929,3.7534956812193396
A,tens,20,8,digit_1hot:units,200,0.0,0.9899999499320984,0.0
A,tens,20,8,digit_1hot:random_orth,200,0.0,0.9599999785423279,3.7534956812193396
A,tens,20,8,digit_circ:all,200,0.009999999776482582,0.875,2.2314573487939824
A,tens,20,8,digit_circ:tens,200,0.009999999776482582,0.875,2.2314573487939824
A,tens,20,8,digit_circ:units,200,0.0,0.9899999499320984,0.0
A,tens,20,8,digit_circ:random_orth,200,0.0,0.9699999690055847,2.2314573487939824
A,tens,20,8,both:all,200,0.3999999761581421,0.26999998092651367,3.822681033317506
A,tens,20,8,both:tens,200,0.3999999761581421,0.26999998092651367,3.822681033317506
A,tens,20,8,both:units,200,0.0,0.9899999499320984,3.4791309280143267e-15
A,tens,20,8,both:random_orth,200,0.0,0.9699999690055847,3.822681033317506
A,tens,20,10,full_swap,200,0.5699999928474426,0.16499999165534973,6.653135776519775
A,tens,20,10,helix:all,200,0.014999999664723873,0.8499999642372131,2.8517119162245548
A,tens,20,10,helix:tens,200,0.014999999664723873,0.8499999642372131,2.8517119162245548
A,tens,20,10,helix:units,200,0.0,0.9899999499320984,4.624989043140817e-15
A,tens,20,10,helix:random_orth,200,0.0,0.9649999737739563,2.8517119162245548
A,tens,20,10,digit_1hot:all,200,0.3700000047683716,0.2800000011920929,4.2384413565206955
A,tens,20,10,digit_1hot:tens,200,0.3700000047683716,0.2800000011920929,4.2384413565206955
A,tens,20,10,digit_1hot:units,200,0.0,0.9899999499320984,0.0
A,tens,20,10,digit_1hot:random_orth,200,0.0,0.9699999690055847,4.2384413565206955
A,tens,20,10,digit_circ:all,200,0.014999999664723873,0.8799999952316284,2.478247391756859
A,tens,20,10,digit_circ:tens,200,0.014999999664723873,0.8799999952316284,2.478247391756859
A,tens,20,10,digit_circ:units,200,0.0,0.9899999499320984,0.0
A,tens,20,10,digit_circ:random_orth,200,0.0,0.9699999690055847,2.478247391756859
A,tens,20,10,both:all,200,0.3999999761581421,0.26999998092651367,4.310146534407553
A,tens,20,10,both:tens,200,0.3999999761581421,0.26999998092651367,4.310146534407553
A,tens,20,10,both:units,200,0.0,0.9899999499320984,3.883510874069559e-15
A,tens,20,10,both:random_orth,200,0.0,0.9449999928474426,4.310146534407554
A,tens,20,12,full_swap,200,0.5600000023841858,0.17000000178813934,7.562393665313721
A,tens,20,12,helix:all,200,0.014999999664723873,0.8399999737739563,3.2447886046541536
A,tens,20,12,helix:tens,200,0.014999999664723873,0.8399999737739563,3.2447886046541536
A,tens,20,12,helix:units,200,0.0,0.9899999499320984,5.7926902899748564e-15
A,tens,20,12,helix:random_orth,200,0.0,0.98499995470047,3.2447886046541536
A,tens,20,12,digit_1hot:all,200,0.375,0.2750000059604645,4.834637779192905
A,tens,20,12,digit_1hot:tens,200,0.375,0.2750000059604645,4.834637779192905
A,tens,20,12,digit_1hot:units,200,0.0,0.9899999499320984,0.0
A,tens,20,12,digit_1hot:random_orth,200,0.0,0.9649999737739563,4.834637779192905
A,tens,20,12,digit_circ:all,200,0.014999999664723873,0.85999995470047,2.770786295308168
A,tens,20,12,digit_circ:tens,200,0.014999999664723873,0.85999995470047,2.770786295308168
A,tens,20,12,digit_circ:units,200,0.0,0.9899999499320984,0.0
A,tens,20,12,digit_circ:random_orth,200,0.0,0.9649999737739563,2.770786295308168
A,tens,20,12,both:all,200,0.39499998092651367,0.26999998092651367,4.913420345781976
A,tens,20,12,both:tens,200,0.39499998092651367,0.26999998092651367,4.913420345781976
A,tens,20,12,both:units,200,0.0,0.9899999499320984,4.859515848875714e-15
A,tens,20,12,both:random_orth,200,0.0,0.9599999785423279,4.913420345781976
A,tens,20,14,full_swap,200,0.38999998569488525,0.29499998688697815,8.593916893005371
A,tens,20,14,helix:all,200,0.004999999888241291,0.8700000047683716,3.688125517869645
A,tens,20,14,helix:tens,200,0.004999999888241291,0.8700000047683716,3.688125517869645
A,tens,20,14,helix:units,200,0.0,0.9899999499320984,6.598093046086455e-15
A,tens,20,14,helix:random_orth,200,0.0,0.9899999499320984,3.688125517869645
A,tens,20,14,digit_1hot:all,200,0.2149999886751175,0.3999999761581421,5.59315968553891
A,tens,20,14,digit_1hot:tens,200,0.2149999886751175,0.3999999761581421,5.59315968553891
A,tens,20,14,digit_1hot:units,200,0.0,0.9899999499320984,0.0
A,tens,20,14,digit_1hot:random_orth,200,0.0,0.949999988079071,5.59315968553891
A,tens,20,14,digit_circ:all,200,0.004999999888241291,0.8899999856948853,3.078069390430201
A,tens,20,14,digit_circ:tens,200,0.004999999888241291,0.8899999856948853,3.078069390430201
A,tens,20,14,digit_circ:units,200,0.0,0.9899999499320984,0.0
A,tens,20,14,digit_circ:random_orth,200,0.0,0.98499995470047,3.078069390430201
A,tens,20,14,both:all,200,0.2199999988079071,0.38999998569488525,5.678098410539283
A,tens,20,14,both:tens,200,0.2199999988079071,0.38999998569488525,5.678098410539283
A,tens,20,14,both:units,200,0.0,0.9899999499320984,5.534109612034234e-15
A,tens,20,14,both:random_orth,200,0.0,0.9749999642372131,5.678098410539283
A,tens,20,16,full_swap,200,0.3799999952316284,0.29499998688697815,11.265149116516113
A,tens,20,16,helix:all,200,0.004999999888241291,0.85999995470047,5.152613589088406
A,tens,20,16,helix:tens,200,0.004999999888241291,0.85999995470047,5.152613589088406
A,tens,20,16,helix:units,200,0.0,0.9899999499320984,8.292593443065537e-15
A,tens,20,16,helix:random_orth,200,0.0,0.9649999737739563,5.152613589088406
A,tens,20,16,digit_1hot:all,200,0.2199999988079071,0.38999998569488525,7.602611171451104
A,tens,20,16,digit_1hot:tens,200,0.2199999988079071,0.38999998569488525,7.602611171451104
A,tens,20,16,digit_1hot:units,200,0.0,0.9899999499320984,0.0
A,tens,20,16,digit_1hot:random_orth,200,0.0,0.9449999928474426,7.602611171451104
A,tens,20,16,digit_circ:all,200,0.004999999888241291,0.8799999952316284,4.367812784316715
A,tens,20,16,digit_circ:tens,200,0.004999999888241291,0.8799999952316284,4.367812784316715
A,tens,20,16,digit_circ:units,200,0.0,0.9899999499320984,0.0
A,tens,20,16,digit_circ:random_orth,200,0.0,0.9699999690055847,4.3678127843167145
A,tens,20,16,both:all,200,0.22999998927116394,0.38499999046325684,7.706637064048047
A,tens,20,16,both:tens,200,0.22999998927116394,0.38499999046325684,7.706637064048046
A,tens,20,16,both:units,200,0.0,0.9899999499320984,6.960222548946078e-15
A,tens,20,16,both:random_orth,200,0.0,0.9749999642372131,7.706637064048047
A,tens,20,18,full_swap,200,0.2449999898672104,0.39499998092651367,13.082009315490723
A,tens,20,18,helix:all,200,0.0,0.9099999666213989,6.024301821496659
A,tens,20,18,helix:tens,200,0.0,0.9099999666213989,6.024301821496659
A,tens,20,18,helix:units,200,0.0,0.9899999499320984,9.301589634976996e-15
A,tens,20,18,helix:random_orth,200,0.0,0.9799999594688416,6.024301821496659
A,tens,20,18,digit_1hot:all,200,0.125,0.4599999785423279,8.92219504459604
A,tens,20,18,digit_1hot:tens,200,0.125,0.4599999785423279,8.92219504459604
A,tens,20,18,digit_1hot:units,200,0.0,0.9899999499320984,0.0
A,tens,20,18,digit_1hot:random_orth,200,0.0,0.9549999833106995,8.92219504459604
A,tens,20,18,digit_circ:all,200,0.0,0.9199999570846558,5.055479001929114
A,tens,20,18,digit_circ:tens,200,0.0,0.9199999570846558,5.055479001929114
A,tens,20,18,digit_circ:units,200,0.0,0.9899999499320984,0.0
A,tens,20,18,digit_circ:random_orth,200,0.0,0.9649999737739563,5.055479001929114
A,tens,20,18,both:all,200,0.13499999046325684,0.45499998331069946,9.04554671569368
A,tens,20,18,both:tens,200,0.13499999046325684,0.45499998331069946,9.045546715693682
A,tens,20,18,both:units,200,0.0,0.9899999499320984,7.803378691455244e-15
A,tens,20,18,both:random_orth,200,0.0,0.9699999690055847,9.04554671569368
A,tens,20,20,full_swap,200,0.0,0.9449999928474426,15.40766716003418
A,tens,20,20,helix:all,200,0.0,0.9799999594688416,7.234603267009538
A,tens,20,20,helix:tens,200,0.0,0.9799999594688416,7.234603267009538
A,tens,20,20,helix:units,200,0.0,0.9899999499320984,1.0779529584454195e-14
A,tens,20,20,helix:random_orth,200,0.0,0.9899999499320984,7.234603267009537
A,tens,20,20,digit_1hot:all,200,0.0,0.9350000023841858,10.627705098358833
A,tens,20,20,digit_1hot:tens,200,0.0,0.9350000023841858,10.627705098358833
A,tens,20,20,digit_1hot:units,200,0.0,0.9899999499320984,0.0
A,tens,20,20,digit_1hot:random_orth,200,0.0,0.98499995470047,10.627705098358833
A,tens,20,20,digit_circ:all,200,0.0,0.9749999642372131,6.046036424479667
A,tens,20,20,digit_circ:tens,200,0.0,0.9749999642372131,6.046036424479667
A,tens,20,20,digit_circ:units,200,0.0,0.9899999499320984,0.0
A,tens,20,20,digit_circ:random_orth,200,0.0,0.9899999499320984,6.046036424479669
A,tens,20,20,both:all,200,0.0,0.9350000023841858,10.773140713303814
A,tens,20,20,both:tens,200,0.0,0.9350000023841858,10.773140713303814
A,tens,20,20,both:units,200,0.0,0.9899999499320984,9.02858229898122e-15
A,tens,20,20,both:random_orth,200,0.0,0.9950000047683716,10.773140713303814
A,tens,30,0,full_swap,200,0.8349999785423279,0.02499999850988388,4.5164995193481445
A,tens,30,0,helix:all,200,0.17999999225139618,0.4350000023841858,2.146407403558709
A,tens,30,0,helix:tens,200,0.17999999225139618,0.4350000023841858,2.146407403558709
A,tens,30,0,helix:units,200,0.0,1.0,2.5609143627118305e-15
A,tens,30,0,helix:random_orth,200,0.0,0.9799999594688416,2.146407403558709
A,tens,30,0,digit_1hot:all,200,0.6100000143051147,0.07999999821186066,2.7623927623038087
A,tens,30,0,digit_1hot:tens,200,0.6100000143051147,0.07999999821186066,2.7623927623038087
A,tens,30,0,digit_1hot:units,200,0.0,1.0,0.0
A,tens,30,0,digit_1hot:random_orth,200,0.0,0.9649999737739563,2.7623927623038087
A,tens,30,0,digit_circ:all,200,0.054999999701976776,0.6150000095367432,2.0563068600706447
A,tens,30,0,digit_circ:tens,200,0.054999999701976776,0.6150000095367432,2.0563068600706447
A,tens,30,0,digit_circ:units,200,0.0,1.0,0.0
A,tens,30,0,digit_circ:random_orth,200,0.0,0.9749999642372131,2.0563068600706447
A,tens,30,0,both:all,200,0.6399999856948853,0.06499999761581421,2.8524775561575693
A,tens,30,0,both:tens,200,0.6399999856948853,0.06499999761581421,2.8524775561575693
A,tens,30,0,both:units,200,0.0,1.0,2.143335075875349e-15
A,tens,30,0,both:random_orth,200,0.0,0.9549999833106995,2.8524775561575693
A,tens,30,2,full_swap,200,0.8050000071525574,0.044999998062849045,4.61641788482666
A,tens,30,2,helix:all,200,0.14000000059604645,0.5,2.300717628973678
A,tens,30,2,helix:tens,200,0.14000000059604645,0.5,2.300717628973678
A,tens,30,2,helix:units,200,0.0,1.0,2.6396081254125106e-15
A,tens,30,2,helix:random_orth,200,0.0,0.9649999737739563,2.300717628973678
A,tens,30,2,digit_1hot:all,200,0.550000011920929,0.14000000059604645,2.9126803117049485
A,tens,30,2,digit_1hot:tens,200,0.550000011920929,0.14000000059604645,2.9126803117049485
A,tens,30,2,digit_1hot:units,200,0.0,1.0,0.0
A,tens,30,2,digit_1hot:random_orth,200,0.0,0.9649999737739563,2.9126803117049485
A,tens,30,2,digit_circ:all,200,0.044999998062849045,0.6299999952316284,2.1365063361785066
A,tens,30,2,digit_circ:tens,200,0.044999998062849045,0.6299999952316284,2.1365063361785066
A,tens,30,2,digit_circ:units,200,0.0,1.0,0.0
A,tens,30,2,digit_circ:random_orth,200,0.0,0.9699999690055847,2.1365063361785066
A,tens,30,2,both:all,200,0.5799999833106995,0.12999999523162842,3.0017840962577553
A,tens,30,2,both:tens,200,0.5799999833106995,0.12999999523162842,3.0017840962577553
A,tens,30,2,both:units,200,0.0,1.0,2.210322261746167e-15
A,tens,30,2,both:random_orth,200,0.0,0.9649999737739563,3.0017840962577553
A,tens,30,4,full_swap,200,0.7299999594688416,0.08999999612569809,5.165971279144287
A,tens,30,4,helix:all,200,0.125,0.5399999618530273,2.755132579648215
A,tens,30,4,helix:tens,200,0.125,0.5399999618530273,2.755132579648215
A,tens,30,4,helix:units,200,0.0,1.0,3.0222604782351066e-15
A,tens,30,4,helix:random_orth,200,0.0,0.9799999594688416,2.755132579648215
A,tens,30,4,digit_1hot:all,200,0.5,0.17999999225139618,3.4066701610343397
A,tens,30,4,digit_1hot:tens,200,0.5,0.17999999225139618,3.4066701610343397
A,tens,30,4,digit_1hot:units,200,0.0,1.0,0.0
A,tens,30,4,digit_1hot:random_orth,200,0.0,0.9649999737739563,3.4066701610343397
A,tens,30,4,digit_circ:all,200,0.03999999910593033,0.6449999809265137,2.4968736216664955
A,tens,30,4,digit_circ:tens,200,0.03999999910593033,0.6449999809265137,2.4968736216664955
A,tens,30,4,digit_circ:units,200,0.0,1.0,0.0
A,tens,30,4,digit_circ:random_orth,200,0.0,0.9599999785423279,2.4968736216664955
A,tens,30,4,both:all,200,0.5249999761581421,0.17499999701976776,3.503109311302318
A,tens,30,4,both:tens,200,0.5249999761581421,0.17499999701976776,3.503109311302318
A,tens,30,4,both:units,200,0.0,1.0,2.5311104864588536e-15
A,tens,30,4,both:random_orth,200,0.0,0.9649999737739563,3.503109311302318
A,tens,30,6,full_swap,200,0.6599999666213989,0.11999999731779099,5.768997669219971
A,tens,30,6,helix:all,200,0.0949999988079071,0.5699999928474426,3.1536075681026774
A,tens,30,6,helix:tens,200,0.0949999988079071,0.5699999928474426,3.1536075681026774
A,tens,30,6,helix:units,200,0.0,1.0,3.483964947020867e-15
A,tens,30,6,helix:random_orth,200,0.0,0.9649999737739563,3.1536075681026774
A,tens,30,6,digit_1hot:all,200,0.44999998807907104,0.2199999988079071,3.856415937444824
A,tens,30,6,digit_1hot:tens,200,0.44999998807907104,0.2199999988079071,3.856415937444824
A,tens,30,6,digit_1hot:units,200,0.0,1.0,0.0
A,tens,30,6,digit_1hot:random_orth,200,0.0,0.9649999737739563,3.856415937444824
A,tens,30,6,digit_circ:all,200,0.03999999910593033,0.6649999618530273,2.824883883432707
A,tens,30,6,digit_circ:tens,200,0.03999999910593033,0.6649999618530273,2.824883883432707
A,tens,30,6,digit_circ:units,200,0.0,1.0,0.0
A,tens,30,6,digit_circ:random_orth,200,0.0,0.9899999499320984,2.8248838834327064
A,tens,30,6,both:all,200,0.4699999988079071,0.2149999886751175,3.9734727461269896
A,tens,30,6,both:tens,200,0.4699999988079071,0.2149999886751175,3.9734727461269905
A,tens,30,6,both:units,200,0.0,1.0,2.9186506233445585e-15
A,tens,30,6,both:random_orth,200,0.0,0.9649999737739563,3.9734727461269896
A,tens,30,8,full_swap,200,0.5999999642372131,0.14999999105930328,6.254647254943848
A,tens,30,8,helix:all,200,0.08500000089406967,0.6150000095367432,3.4552806831262775
A,tens,30,8,helix:tens,200,0.08500000089406967,0.6150000095367432,3.4552806831262775
A,tens,30,8,helix:units,200,0.0,1.0,3.788834617432571e-15
A,tens,30,8,helix:random_orth,200,0.0,0.9699999690055847,3.4552806831262775
A,tens,30,8,digit_1hot:all,200,0.3999999761581421,0.23999999463558197,4.210339591888329
A,tens,30,8,digit_1hot:tens,200,0.3999999761581421,0.23999999463558197,4.210339591888329
A,tens,30,8,digit_1hot:units,200,0.0,1.0,0.0
A,tens,30,8,digit_1hot:random_orth,200,0.0,0.98499995470047,4.210339591888329
A,tens,30,8,digit_circ:all,200,0.029999999329447746,0.6949999928474426,3.061480721639835
A,tens,30,8,digit_circ:tens,200,0.029999999329447746,0.6949999928474426,3.061480721639835
A,tens,30,8,digit_circ:units,200,0.0,1.0,0.0
A,tens,30,8,digit_circ:random_orth,200,0.0,0.9899999499320984,3.061480721639835
A,tens,30,8,both:all,200,0.4350000023841858,0.25,4.336460264293675
A,tens,30,8,both:tens,200,0.4350000023841858,0.25,4.336460264293675
A,tens,30,8,both:units,200,0.0,1.0,3.177252428751085e-15
A,tens,30,8,both:random_orth,200,0.0,0.9549999833106995,4.336460264293675
A,tens,30,10,full_swap,200,0.5949999690055847,0.14499999582767487,7.000010967254639
A,tens,30,10,helix:all,200,0.08500000089406967,0.5949999690055847,3.909033315853194
A,tens,30,10,helix:tens,200,0.08500000089406967,0.5949999690055847,3.909033315853194
A,tens,30,10,helix:units,200,0.0,1.0,4.229225397180626e-15
A,tens,30,10,helix:random_orth,200,0.0,1.0,3.9090333158531947
A,tens,30,10,digit_1hot:all,200,0.41499999165534973,0.23999999463558197,4.769039314265251
A,tens,30,10,digit_1hot:tens,200,0.41499999165534973,0.23999999463558197,4.769039314265251
A,tens,30,10,digit_1hot:units,200,0.0,1.0,0.0
A,tens,30,10,digit_1hot:random_orth,200,0.0,0.9899999499320984,4.769039314265251
A,tens,30,10,digit_circ:all,200,0.02499999850988388,0.6850000023841858,3.4039706597180412
A,tens,30,10,digit_circ:tens,200,0.02499999850988388,0.6850000023841858,3.4039706597180412
A,tens,30,10,digit_circ:units,200,0.0,1.0,0.0
A,tens,30,10,digit_circ:random_orth,200,0.0,0.9799999594688416,3.4039706597180412
A,tens,30,10,both:all,200,0.42499998211860657,0.25,4.901031959778461
A,tens,30,10,both:tens,200,0.42499998211860657,0.25,4.901031959778461
A,tens,30,10,both:units,200,0.0,1.0,3.5479194932546783e-15
A,tens,30,10,both:random_orth,200,0.0,0.9749999642372131,4.901031959778461
A,tens,30,12,full_swap,200,0.574999988079071,0.17000000178813934,7.976222991943359
A,tens,30,12,helix:all,200,0.0949999988079071,0.6049999594688416,4.446685567364261
A,tens,30,12,helix:tens,200,0.0949999988079071,0.6049999594688416,4.446685567364261
A,tens,30,12,helix:units,200,0.0,1.0,5.2700567293055824e-15
A,tens,30,12,helix:random_orth,200,0.0,0.9749999642372131,4.446685567364261
A,tens,30,12,digit_1hot:all,200,0.41999998688697815,0.2449999898672104,5.441755322640166
A,tens,30,12,digit_1hot:tens,200,0.41999998688697815,0.2449999898672104,5.441755322640166
A,tens,30,12,digit_1hot:units,200,0.0,1.0,0.0
A,tens,30,12,digit_1hot:random_orth,200,0.0,0.9549999833106995,5.441755322640166
A,tens,30,12,digit_circ:all,200,0.029999999329447746,0.6599999666213989,3.812970340088541
A,tens,30,12,digit_circ:tens,200,0.029999999329447746,0.6599999666213989,3.812970340088541
A,tens,30,12,digit_circ:units,200,0.0,1.0,0.0
A,tens,30,12,digit_circ:random_orth,200,0.0,0.9749999642372131,3.812970340088541
A,tens,30,12,both:all,200,0.41999998688697815,0.25,5.589750307123328
A,tens,30,12,both:tens,200,0.41999998688697815,0.25,5.589750307123328
A,tens,30,12,both:units,200,0.0,1.0,4.4170873372557555e-15
A,tens,30,12,both:random_orth,200,0.0,0.9749999642372131,5.589750307123328
A,tens,30,14,full_swap,200,0.3700000047683716,0.3050000071525574,9.0130615234375
A,tens,30,14,helix:all,200,0.044999998062849045,0.7149999737739563,5.048120040510908
A,tens,30,14,helix:tens,200,0.044999998062849045,0.7149999737739563,5.048120040510908
A,tens,30,14,helix:units,200,0.0,1.0,5.990873255904137e-15
A,tens,30,14,helix:random_orth,200,0.0,0.9799999594688416,5.048120040510908
A,tens,30,14,digit_1hot:all,200,0.25,0.4099999964237213,6.1977705388372035
A,tens,30,14,digit_1hot:tens,200,0.25,0.4099999964237213,6.1977705388372035
A,tens,30,14,digit_1hot:units,200,0.0,1.0,0.0
A,tens,30,14,digit_1hot:random_orth,200,0.0,0.98499995470047,6.1977705388372035
A,tens,30,14,digit_circ:all,200,0.019999999552965164,0.8050000071525574,4.237578273109476
A,tens,30,14,digit_circ:tens,200,0.019999999552965164,0.8050000071525574,4.237578273109476
A,tens,30,14,digit_circ:units,200,0.0,1.0,0.0
A,tens,30,14,digit_circ:random_orth,200,0.0,0.9799999594688416,4.237578273109476
A,tens,30,14,both:all,200,0.23999999463558197,0.41499999165534973,6.360382835546085
A,tens,30,14,both:tens,200,0.23999999463558197,0.41499999165534973,6.360382835546085
A,tens,30,14,both:units,200,0.0,1.0,5.020930026260823e-15
A,tens,30,14,both:random_orth,200,0.0,0.98499995470047,6.360382835546085
A,tens,30,16,full_swap,200,0.38999998569488525,0.3050000071525574,11.949045181274414
A,tens,30,16,helix:all,200,0.04999999701976776,0.7400000095367432,7.086510472119585
A,tens,30,16,helix:tens,200,0.04999999701976776,0.7400000095367432,7.086510472119586
A,tens,30,16,helix:units,200,0.0,1.0,7.524878377326485e-15
A,tens,30,16,helix:random_orth,200,0.0,0.9950000047683716,7.086510472119585
A,tens,30,16,digit_1hot:all,200,0.2449999898672104,0.42499998211860657,8.469210938485274
A,tens,30,16,digit_1hot:tens,200,0.2449999898672104,0.42499998211860657,8.469210938485274
A,tens,30,16,digit_1hot:units,200,0.0,1.0,0.0
A,tens,30,16,digit_1hot:random_orth,200,0.0,0.9899999499320984,8.469210938485274
A,tens,30,16,digit_circ:all,200,0.029999999329447746,0.8299999833106995,5.995517121608604
A,tens,30,16,digit_circ:tens,200,0.029999999329447746,0.8299999833106995,5.995517121608604
A,tens,30,16,digit_circ:units,200,0.0,1.0,0.0
A,tens,30,16,digit_circ:random_orth,200,0.0,0.9950000047683716,5.995517121608604
A,tens,30,16,both:all,200,0.25,0.4050000011920929,8.67723644839125
A,tens,30,16,both:tens,200,0.25,0.4050000011920929,8.67723644839125
A,tens,30,16,both:units,200,0.0,1.0,6.309701794524869e-15
A,tens,30,16,both:random_orth,200,0.0,0.9799999594688416,8.67723644839125
A,tens,30,18,full_swap,200,0.22499999403953552,0.42499998211860657,13.849291801452637
A,tens,30,18,helix:all,200,0.019999999552965164,0.8650000095367432,8.279355477418463
A,tens,30,18,helix:tens,200,0.019999999552965164,0.8650000095367432,8.279355477418463
A,tens,30,18,helix:units,200,0.0,1.0,8.455822232390126e-15
A,tens,30,18,helix:random_orth,200,0.0,0.98499995470047,8.279355477418463
A,tens,30,18,digit_1hot:all,200,0.11499999463558197,0.550000011920929,9.873289932147074
A,tens,30,18,digit_1hot:tens,200,0.11499999463558197,0.550000011920929,9.873289932147074
A,tens,30,18,digit_1hot:units,200,0.0,1.0,0.0
A,tens,30,18,digit_1hot:random_orth,200,0.0,0.9799999594688416,9.873289932147074
A,tens,30,18,digit_circ:all,200,0.009999999776482582,0.8949999809265137,6.937191550310679
A,tens,30,18,digit_circ:tens,200,0.009999999776482582,0.8949999809265137,6.937191550310679
A,tens,30,18,digit_circ:units,200,0.0,1.0,0.0
A,tens,30,18,digit_circ:random_orth,200,0.0,0.98499995470047,6.937191550310679
A,tens,30,18,both:all,200,0.11499999463558197,0.5399999618530273,10.127052021052299
A,tens,30,18,both:tens,200,0.11499999463558197,0.5399999618530273,10.127052021052299
A,tens,30,18,both:units,200,0.0,1.0,7.0875995753304115e-15
A,tens,30,18,both:random_orth,200,0.0,0.98499995470047,10.127052021052299
A,tens,30,20,full_swap,200,0.0,0.9899999499320984,16.35338592529297
A,tens,30,20,helix:all,200,0.0,1.0,9.958118181902751
A,tens,30,20,helix:tens,200,0.0,1.0,9.958118181902751
A,tens,30,20,helix:units,200,0.0,1.0,9.858959420441976e-15
A,tens,30,20,helix:random_orth,200,0.0,1.0,9.958118181902751
A,tens,30,20,digit_1hot:all,200,0.0,0.9899999499320984,11.753138063850079
A,tens,30,20,digit_1hot:tens,200,0.0,0.9899999499320984,11.753138063850079
A,tens,30,20,digit_1hot:units,200,0.0,1.0,0.0
A,tens,30,20,digit_1hot:random_orth,200,0.0,1.0,11.753138063850079
A,tens,30,20,digit_circ:all,200,0.0,1.0,8.289062189266936
A,tens,30,20,digit_circ:tens,200,0.0,1.0,8.289062189266936
A,tens,30,20,digit_circ:units,200,0.0,1.0,0.0
A,tens,30,20,digit_circ:random_orth,200,0.0,0.9950000047683716,8.289062189266936
A,tens,30,20,both:all,200,0.0,0.9899999499320984,12.059796231207333
A,tens,30,20,both:tens,200,0.0,0.9899999499320984,12.059796231207333
A,tens,30,20,both:units,200,0.0,1.0,8.250099956732203e-15
A,tens,30,20,both:random_orth,200,0.0,0.9899999499320984,12.059796231207333
B,units,-3,0,full_swap,200,0.9199999570846558,0.0,4.067915439605713
B,units,-3,0,helix:all,200,0.7149999737739563,0.0,2.010681484131573
B,units,-3,0,helix:tens,200,0.0,0.9049999713897705,0.29359160234163
B,units,-3,0,helix:units,200,0.699999988079071,0.0,1.9899564945855308
B,units,-3,0,helix:random_orth,200,0.0,0.949999988079071,2.010681484131573
B,units,-3,0,digit_1hot:all,200,0.7599999904632568,0.0,2.1532576632920355
B,units,-3,0,digit_1hot:tens,200,0.0,1.0,0.0
B,units,-3,0,digit_1hot:units,200,0.7599999904632568,0.0,2.1532576632920355
B,units,-3,0,digit_1hot:random_orth,200,0.0,0.9799999594688416,2.1532576632920355
B,units,-3,0,digit_circ:all,200,0.0,0.625,1.104931509107376
B,units,-3,0,digit_circ:tens,200,0.0,1.0,0.0
B,units,-3,0,digit_circ:units,200,0.0,0.625,1.104931509107376
B,units,-3,0,digit_circ:random_orth,200,0.0,0.9950000047683716,1.104931509107376
B,units,-3,0,both:all,200,0.7899999618530273,0.0,2.212458281852788
B,units,-3,0,both:tens,200,0.0,0.9399999976158142,0.5389167400679902
B,units,-3,0,both:units,200,0.7649999856948853,0.0,2.163712373798767
B,units,-3,0,both:random_orth,200,0.0,0.9649999737739563,2.212458281852788
B,units,-3,2,full_swap,200,0.9249999523162842,0.0,4.192080497741699
B,units,-3,2,helix:all,200,0.7249999642372131,0.0,2.11388780585452
B,units,-3,2,helix:tens,200,0.0,0.8999999761581421,0.32418940784927053
B,units,-3,2,helix:units,200,0.7099999785423279,0.0,2.087615273240579
B,units,-3,2,helix:random_orth,200,0.0,0.9799999594688416,2.11388780585452
B,units,-3,2,digit_1hot:all,200,0.7649999856948853,0.0,2.250682239631883
B,units,-3,2,digit_1hot:tens,200,0.0,1.0,0.0
B,units,-3,2,digit_1hot:units,200,0.7649999856948853,0.0,2.250682239631883
B,units,-3,2,digit_1hot:random_orth,200,0.0,0.9599999785423279,2.250682239631883
B,units,-3,2,digit_circ:all,200,0.0,0.6049999594688416,1.1697634926987492
B,units,-3,2,digit_circ:tens,200,0.0,1.0,0.0
B,units,-3,2,digit_circ:units,200,0.0,0.6049999594688416,1.1697634926987492
B,units,-3,2,digit_circ:random_orth,200,0.0,0.9749999642372131,1.1697634926987492
B,units,-3,2,both:all,200,0.7949999570846558,0.0,2.315662839231002
B,units,-3,2,both:tens,200,0.0,0.9350000023841858,0.5734164093023932
B,units,-3,2,both:units,200,0.7749999761581421,0.0,2.2573120815329712
B,units,-3,2,both:random_orth,200,0.0,0.949999988079071,2.315662839231002
B,units,-3,4,full_swap,200,0.9199999570846558,0.0,4.801472187042236
B,units,-3,4,helix:all,200,0.7299999594688416,0.0,2.506951665406704
B,units,-3,4,helix:tens,200,0.0,0.8849999904632568,0.3912014215534258
B,units,-3,4,helix:units,200,0.7099999785423279,0.0,2.471915371541903
B,units,-3,4,helix:random_orth,200,0.0,0.9350000023841858,2.506951665406704
B,units,-3,4,digit_1hot:all,200,0.7549999952316284,0.0,2.6476794441539107
B,units,-3,4,digit_1hot:tens,200,0.0,1.0,0.0
B,units,-3,4,digit_1hot:units,200,0.7549999952316284,0.0,2.6476794441539107
B,units,-3,4,digit_1hot:random_orth,200,0.0,0.9599999785423279,2.6476794441539107
B,units,-3,4,digit_circ:all,200,0.0,0.5799999833106995,1.3814719890433447
B,units,-3,4,digit_circ:tens,200,0.0,1.0,0.0
B,units,-3,4,digit_circ:units,200,0.0,0.5799999833106995,1.3814719890433447
B,units,-3,4,digit_circ:random_orth,200,0.0,0.98499995470047,1.3814719890433447
B,units,-3,4,both:all,200,0.7699999809265137,0.0,2.720926674297263
B,units,-3,4,both:tens,200,0.0,0.9249999523162842,0.662214921849261
B,units,-3,4,both:units,200,0.7649999856948853,0.0,2.6502522505374855
B,units,-3,4,both:random_orth,200,0.0,0.9549999833106995,2.720926674297263
B,units,-3,6,full_swap,200,0.9249999523162842,0.0,5.5640482902526855
B,units,-3,6,helix:all,200,0.73499995470047,0.0,2.8998534564185308
B,units,-3,6,helix:tens,200,0.0,0.8899999856948853,0.4748292978443749
B,units,-3,6,helix:units,200,0.7099999785423279,0.0,2.8514729647754766
B,units,-3,6,helix:random_orth,200,0.0,0.9799999594688416,2.8998534564185308
B,units,-3,6,digit_1hot:all,200,0.7649999856948853,0.0,3.044903998313356
B,units,-3,6,digit_1hot:tens,200,0.0,1.0,0.0
B,units,-3,6,digit_1hot:units,200,0.7649999856948853,0.0,3.044903998313356
B,units,-3,6,digit_1hot:random_orth,200,0.0,0.9699999690055847,3.044903998313356
B,units,-3,6,digit_circ:all,200,0.0,0.574999988079071,1.6037606635211898
B,units,-3,6,digit_circ:tens,200,0.0,1.0,0.0
B,units,-3,6,digit_circ:units,200,0.0,0.574999988079071,1.6037606635211898
B,units,-3,6,digit_circ:random_orth,200,0.0,0.98499995470047,1.6037606635211898
B,units,-3,6,both:all,200,0.7899999618530273,0.0,3.1301791073676064
B,units,-3,6,both:tens,200,0.0,0.9099999666213989,0.7774393736761195
B,units,-3,6,both:units,200,0.7749999761581421,0.0,3.043133918819694
B,units,-3,6,both:random_orth,200,0.0,0.9699999690055847,3.1301791073676064
B,units,-3,8,full_swap,200,0.9099999666213989,0.0,6.189337253570557
B,units,-3,8,helix:all,200,0.7699999809265137,0.004999999888241291,3.197595879588909
B,units,-3,8,helix:tens,200,0.0,0.8849999904632568,0.5359947240169649
B,units,-3,8,helix:units,200,0.7249999642372131,0.0,3.1410774454706454
B,units,-3,8,helix:random_orth,200,0.0,0.9599999785423279,3.197595879588909
B,units,-3,8,digit_1hot:all,200,0.7949999570846558,0.0,3.353007134749414
B,units,-3,8,digit_1hot:tens,200,0.0,1.0,0.0
B,units,-3,8,digit_1hot:units,200,0.7949999570846558,0.0,3.353007134749414
B,units,-3,8,digit_1hot:random_orth,200,0.0,0.9799999594688416,3.353007134749414
B,units,-3,8,digit_circ:all,200,0.0,0.5649999976158142,1.7798007133822051
B,units,-3,8,digit_circ:tens,200,0.0,1.0,0.0
B,units,-3,8,digit_circ:units,200,0.0,0.5649999976158142,1.7798007133822051
B,units,-3,8,digit_circ:random_orth,200,0.0,0.9899999499320984,1.7798007133822051
B,units,-3,8,both:all,200,0.8050000071525574,0.0,3.4502471852710834
B,units,-3,8,both:tens,200,0.0,0.9149999618530273,0.8678107367427306
B,units,-3,8,both:units,200,0.7899999618530273,0.0,3.348654886602037
B,units,-3,8,both:random_orth,200,0.0,0.9549999833106995,3.4502471852710834
B,units,-3,10,full_swap,200,0.9149999618530273,0.0,6.706404209136963
B,units,-3,10,helix:all,200,0.7849999666213989,0.004999999888241291,3.5055983265099337
B,units,-3,10,helix:tens,200,0.0,0.8899999856948853,0.5718677759304146
B,units,-3,10,helix:units,200,0.75,0.004999999888241291,3.443976233611499
B,units,-3,10,helix:random_orth,200,0.0,0.9549999833106995,3.5055983265099337
B,units,-3,10,digit_1hot:all,200,0.7949999570846558,0.0,3.660978268882602
B,units,-3,10,digit_1hot:tens,200,0.0,1.0,0.0
B,units,-3,10,digit_1hot:units,200,0.7949999570846558,0.0,3.660978268882602
B,units,-3,10,digit_1hot:random_orth,200,0.0,0.9699999690055847,3.6609782688826016
B,units,-3,10,digit_circ:all,200,0.0,0.550000011920929,1.9777040447241412
B,units,-3,10,digit_circ:tens,200,0.0,1.0,0.0
B,units,-3,10,digit_circ:units,200,0.0,0.550000011920929,1.9777040447241412
B,units,-3,10,digit_circ:random_orth,200,0.0,0.9799999594688416,1.9777040447241412
B,units,-3,10,both:all,200,0.7899999618530273,0.0,3.7617793902706103
B,units,-3,10,both:tens,200,0.0,0.9249999523162842,0.9272507646046333
B,units,-3,10,both:units,200,0.7899999618530273,0.0,3.656226221629583
B,units,-3,10,both:random_orth,200,0.0,0.9749999642372131,3.7617793902706103
B,units,-3,12,full_swap,200,0.8050000071525574,0.0,7.746808052062988
B,units,-3,12,helix:all,200,0.574999988079071,0.009999999776482582,4.280117433093989
B,units,-3,12,helix:tens,200,0.0,0.9199999570846558,0.6237967461389665
B,units,-3,12,helix:units,200,0.5550000071525574,0.009999999776482582,4.2196950800963
B,units,-3,12,helix:random_orth,200,0.0,0.9699999690055847,4.280117433093989
B,units,-3,12,digit_1hot:all,200,0.6399999856948853,0.009999999776482582,4.515042476774423
B,units,-3,12,digit_1hot:tens,200,0.0,1.0,0.0
B,units,-3,12,digit_1hot:units,200,0.6399999856948853,0.009999999776482582,4.515042476774423
B,units,-3,12,digit_1hot:random_orth,200,0.0,0.9749999642372131,4.515042476774423
B,units,-3,12,digit_circ:all,200,0.0,0.6449999809265137,2.4244301923685563
B,units,-3,12,digit_circ:tens,200,0.0,1.0,0.0
B,units,-3,12,digit_circ:units,200,0.0,0.6449999809265137,2.4244301923685563
B,units,-3,12,digit_circ:random_orth,200,0.0,0.9899999499320984,2.4244301923685563
B,units,-3,12,both:all,200,0.6549999713897705,0.009999999776482582,4.612708519463328
B,units,-3,12,both:tens,200,0.0,0.949999988079071,1.0283806742451305
B,units,-3,12,both:units,200,0.625,0.009999999776482582,4.50875579850889
B,units,-3,12,both:random_orth,200,0.0,0.9799999594688416,4.612708519463328
B,units,-3,14,full_swap,200,0.38999998569488525,0.11999999731779099,8.64842414855957
B,units,-3,14,helix:all,200,0.2800000011920929,0.20999999344348907,4.834524423979948
B,units,-3,14,helix:tens,200,0.0,0.9549999833106995,0.6992270920524755
B,units,-3,14,helix:units,200,0.25,0.19499999284744263,4.766038279166981
B,units,-3,14,helix:random_orth,200,0.0,0.98499995470047,4.834524423979948
B,units,-3,14,digit_1hot:all,200,0.2849999964237213,0.1850000023841858,5.092954006116354
B,units,-3,14,digit_1hot:tens,200,0.0,1.0,0.0
B,units,-3,14,digit_1hot:units,200,0.2849999964237213,0.1850000023841858,5.092954006116354
B,units,-3,14,digit_1hot:random_orth,200,0.0,0.9649999737739563,5.092954006116354
B,units,-3,14,digit_circ:all,200,0.0,0.7699999809265137,2.789534553489139
B,units,-3,14,digit_circ:tens,200,0.0,1.0,0.0
B,units,-3,14,digit_circ:units,200,0.0,0.7699999809265137,2.789534553489139
B,units,-3,14,digit_circ:random_orth,200,0.0,0.9799999594688416,2.7895345534891387
B,units,-3,14,both:all,200,0.28999999165534973,0.1850000023841858,5.202258146097935
B,units,-3,14,both:tens,200,0.0,0.9649999737739563,1.1572576014191114
B,units,-3,14,both:units,200,0.28999999165534973,0.17499999701976776,5.082237285052367
B,units,-3,14,both:random_orth,200,0.0,0.9899999499320984,5.202258146097935
B,units,-3,16,full_swap,200,0.32999998331069946,0.1550000011920929,10.473649978637695
B,units,-3,16,helix:all,200,0.2449999898672104,0.22499999403953552,5.937037926449925
B,units,-3,16,helix:tens,200,0.0,0.949999988079071,0.8651860223621136
B,units,-3,16,helix:units,200,0.22499999403953552,0.2149999886751175,5.852163577219743
B,units,-3,16,helix:random_orth,200,0.0,0.9699999690055847,5.937037926449925
B,units,-3,16,digit_1hot:all,200,0.2449999898672104,0.2199999988079071,6.315021284305114
B,units,-3,16,digit_1hot:tens,200,0.0,1.0,0.0
B,units,-3,16,digit_1hot:units,200,0.2449999898672104,0.2199999988079071,6.315021284305114
B,units,-3,16,digit_1hot:random_orth,200,0.0,0.9749999642372131,6.3150212843051134
B,units,-3,16,digit_circ:all,200,0.0,0.75,3.3889917706100396
B,units,-3,16,digit_circ:tens,200,0.0,1.0,0.0
B,units,-3,16,digit_circ:units,200,0.0,0.75,3.3889917706100396
B,units,-3,16,digit_circ:random_orth,200,0.0,0.98499995470047,3.3889917706100396
B,units,-3,16,both:all,200,0.25999999046325684,0.2149999886751175,6.436284879419807
B,units,-3,16,both:tens,200,0.0,0.9599999785423279,1.385199904459778
B,units,-3,16,both:units,200,0.2449999898672104,0.20999999344348907,6.29442474106045
B,units,-3,16,both:random_orth,200,0.0,0.9799999594688416,6.436284879419807
B,units,-3,18,full_swap,200,0.0949999988079071,0.4449999928474426,11.841461181640625
B,units,-3,18,helix:all,200,0.04999999701976776,0.5049999952316284,6.646577133735045
B,units,-3,18,helix:tens,200,0.0,0.9699999690055847,0.9669270768415689
B,units,-3,18,helix:units,200,0.044999998062849045,0.5049999952316284,6.553983166230089
B,units,-3,18,helix:random_orth,200,0.0,0.98499995470047,6.646577133735045
B,units,-3,18,digit_1hot:all,200,0.044999998062849045,0.5149999856948853,7.070191027988489
B,units,-3,18,digit_1hot:tens,200,0.0,1.0,0.0
B,units,-3,18,digit_1hot:units,200,0.044999998062849045,0.5149999856948853,7.070191027988489
B,units,-3,18,digit_1hot:random_orth,200,0.0,0.9899999499320984,7.070191027988489
B,units,-3,18,digit_circ:all,200,0.0,0.85999995470047,3.8375292473864193
B,units,-3,18,digit_circ:tens,200,0.0,1.0,0.0
B,units,-3,18,digit_circ:units,200,0.0,0.85999995470047,3.8375292473864193
B,units,-3,18,digit_circ:random_orth,200,0.0,0.98499995470047,3.8375292473864193
B,units,-3,18,both:all,200,0.03999999910593033,0.5049999952316284,7.212811864371405
B,units,-3,18,both:tens,200,0.0,0.9799999594688416,1.5734917488862448
B,units,-3,18,both:units,200,0.044999998062849045,0.5199999809265137,7.044639752422971
B,units,-3,18,both:random_orth,200,0.0,0.98499995470047,7.212811864371406
B,units,-3,20,full_swap,200,0.0,0.9799999594688416,13.230917930603027
B,units,-3,20,helix:all,200,0.0,0.9649999737739563,7.412111374610444
B,units,-3,20,helix:tens,200,0.0,0.9950000047683716,1.0808074569430153
B,units,-3,20,helix:units,200,0.0,0.98499995470047,7.304947464613525
B,units,-3,20,helix:random_orth,200,0.0,0.9950000047683716,7.412111374610444
B,units,-3,20,digit_1hot:all,200,0.0,0.9799999594688416,7.878955172593667
B,units,-3,20,digit_1hot:tens,200,0.0,1.0,0.0
B,units,-3,20,digit_1hot:units,200,0.0,0.9799999594688416,7.878955172593667
B,units,-3,20,digit_1hot:random_orth,200,0.0,0.9950000047683716,7.878955172593667
B,units,-3,20,digit_circ:all,200,0.0,0.9899999499320984,4.284483088547919
B,units,-3,20,digit_circ:tens,200,0.0,1.0,0.0
B,units,-3,20,digit_circ:units,200,0.0,0.9899999499320984,4.284483088547919
B,units,-3,20,digit_circ:random_orth,200,0.0,1.0,4.284483088547919
B,units,-3,20,both:all,200,0.0,0.9749999642372131,8.039713827005798
B,units,-3,20,both:tens,200,0.0,0.9950000047683716,1.7552481614663562
B,units,-3,20,both:units,200,0.0,0.9749999642372131,7.84815516956848
B,units,-3,20,both:random_orth,200,0.0,0.9950000047683716,8.039713827005798
B,units,-2,0,full_swap,200,0.8899999856948853,0.004999999888241291,3.855691432952881
B,units,-2,0,helix:all,200,0.6349999904632568,0.2199999988079071,1.5400850473782646
B,units,-2,0,helix:tens,200,0.0,0.9699999690055847,0.19465957170939643
B,units,-2,0,helix:units,200,0.6549999713897705,0.2199999988079071,1.5281364864219609
B,units,-2,0,helix:random_orth,200,0.0,0.9899999499320984,1.5400850473782646
B,units,-2,0,digit_1hot:all,200,0.7899999618530273,0.08500000089406967,1.9504234804688922
B,units,-2,0,digit_1hot:tens,200,0.0,1.0,0.0
B,units,-2,0,digit_1hot:units,200,0.7899999618530273,0.08500000089406967,1.9504234804688922
B,units,-2,0,digit_1hot:random_orth,200,0.0,0.9899999499320984,1.9504234804688927
B,units,-2,0,digit_circ:all,200,0.05999999865889549,0.7999999523162842,0.8041526689350823
B,units,-2,0,digit_circ:tens,200,0.0,1.0,0.0
B,units,-2,0,digit_circ:units,200,0.05999999865889549,0.7999999523162842,0.8041526689350823
B,units,-2,0,digit_circ:random_orth,200,0.0,0.9950000047683716,0.8041526689350823
B,units,-2,0,both:all,200,0.7899999618530273,0.07000000029802322,1.9808069928940055
B,units,-2,0,both:tens,200,0.0,0.9799999594688416,0.3576812148247535
B,units,-2,0,both:units,200,0.8050000071525574,0.07999999821186066,1.9554708763060926
B,units,-2,0,both:random_orth,200,0.0,0.98499995470047,1.9808069928940057
B,units,-2,2,full_swap,200,0.8899999856948853,0.004999999888241291,3.954253911972046
B,units,-2,2,helix:all,200,0.6649999618530273,0.19499999284744263,1.611939242483153
B,units,-2,2,helix:tens,200,0.0,0.9599999785423279,0.21517559345989754
B,units,-2,2,helix:units,200,0.675000011920929,0.20499999821186066,1.5969958613610675
B,units,-2,2,helix:random_orth,200,0.0,0.9950000047683716,1.6119392424831525
B,units,-2,2,digit_1hot:all,200,0.7849999666213989,0.08500000089406967,2.0256526661213927
B,units,-2,2,digit_1hot:tens,200,0.0,1.0,0.0
B,units,-2,2,digit_1hot:units,200,0.7849999666213989,0.08500000089406967,2.0256526661213927
B,units,-2,2,digit_1hot:random_orth,200,0.0,0.98499995470047,2.0256526661213927
B,units,-2,2,digit_circ:all,200,0.05999999865889549,0.7899999618530273,0.8515880476139347
B,units,-2,2,digit_circ:tens,200,0.0,1.0,0.0
B,units,-2,2,digit_circ:units,200,0.05999999865889549,0.7899999618530273,0.8515880476139347
B,units,-2,2,digit_circ:random_orth,200,0.0,0.9950000047683716,0.8515880476139347
B,units,-2,2,both:all,200,0.7799999713897705,0.07000000029802322,2.0587301250581334
B,units,-2,2,both:tens,200,0.0,0.9899999499320984,0.3808953331362048
B,units,-2,2,both:units,200,0.7899999618530273,0.08500000089406967,2.0289534493020307
B,units,-2,2,both:random_orth,200,0.0,0.98499995470047,2.0587301250581334
B,units,-2,4,full_swap,200,0.8849999904632568,0.004999999888241291,4.510088920593262
B,units,-2,4,helix:all,200,0.6699999570846558,0.1899999976158142,1.8945873130268256
B,units,-2,4,helix:tens,200,0.0,0.9699999690055847,0.2598947991948177
B,units,-2,4,helix:units,200,0.6850000023841858,0.19999998807907104,1.8753804160617937
B,units,-2,4,helix:random_orth,200,0.0,0.98499995470047,1.8945873130268256
B,units,-2,4,digit_1hot:all,200,0.7749999761581421,0.07999999821186066,2.341834079732204
B,units,-2,4,digit_1hot:tens,200,0.0,1.0,0.0
B,units,-2,4,digit_1hot:units,200,0.7749999761581421,0.07999999821186066,2.341834079732204
B,units,-2,4,digit_1hot:random_orth,200,0.0,0.9950000047683716,2.3418340797322035
B,units,-2,4,digit_circ:all,200,0.06499999761581421,0.7799999713897705,1.0065611808760428
B,units,-2,4,digit_circ:tens,200,0.0,1.0,0.0
B,units,-2,4,digit_circ:units,200,0.06499999761581421,0.7799999713897705,1.0065611808760428
B,units,-2,4,digit_circ:random_orth,200,0.0,0.9899999499320984,1.0065611808760428
B,units,-2,4,both:all,200,0.7799999713897705,0.07999999821186066,2.379621666558716
B,units,-2,4,both:tens,200,0.0,0.98499995470047,0.4401226218216238
B,units,-2,4,both:units,200,0.7899999618530273,0.07499999552965164,2.3434626878044433
B,units,-2,4,both:random_orth,200,0.0,0.9649999737739563,2.379621666558716
B,units,-2,6,full_swap,200,0.8849999904632568,0.009999999776482582,5.262794017791748
B,units,-2,6,helix:all,200,0.6949999928474426,0.17999999225139618,2.1862729445752445
B,units,-2,6,helix:tens,200,0.0,0.9549999833106995,0.31577223925305187
B,units,-2,6,helix:units,200,0.6949999928474426,0.1899999976158142,2.1586533559752965
B,units,-2,6,helix:random_orth,200,0.0,0.98499995470047,2.1862729445752445
B,units,-2,6,digit_1hot:all,200,0.7949999570846558,0.07000000029802322,2.6830043094907814
B,units,-2,6,digit_1hot:tens,200,0.0,1.0,0.0
B,units,-2,6,digit_1hot:units,200,0.7949999570846558,0.07000000029802322,2.6830043094907814
B,units,-2,6,digit_1hot:random_orth,200,0.0,0.9749999642372131,2.6830043094907814
B,units,-2,6,digit_circ:all,200,0.07000000029802322,0.7599999904632568,1.1693228275955183
B,units,-2,6,digit_circ:tens,200,0.0,1.0,0.0
B,units,-2,6,digit_circ:units,200,0.07000000029802322,0.7599999904632568,1.1693228275955183
B,units,-2,6,digit_circ:random_orth,200,0.0,0.9899999499320984,1.1693228275955183
B,units,-2,6,both:all,200,0.7999999523162842,0.054999999701976776,2.7300018278821496
B,units,-2,6,both:tens,200,0.0,0.98499995470047,0.5173808991129925
B,units,-2,6,both:units,200,0.8100000023841858,0.07000000029802322,2.6823271377861397
B,units,-2,6,both:random_orth,200,0.0,0.98499995470047,2.7300018278821496
B,units,-2,8,full_swap,200,0.8799999952316284,0.009999999776482582,5.868903636932373
B,units,-2,8,helix:all,200,0.6850000023841858,0.17499999701976776,2.3986314123175947
B,units,-2,8,helix:tens,200,0.0,0.9549999833106995,0.356544144986991
B,units,-2,8,helix:units,200,0.7049999833106995,0.17999999225139618,2.3663899409103197
B,units,-2,8,helix:random_orth,200,0.0,0.9799999594688416,2.3986314123175947
B,units,-2,8,digit_1hot:all,200,0.7799999713897705,0.08999999612569809,2.94688057204748
B,units,-2,8,digit_1hot:tens,200,0.0,1.0,0.0
B,units,-2,8,digit_1hot:units,200,0.7799999713897705,0.08999999612569809,2.94688057204748
B,units,-2,8,digit_1hot:random_orth,200,0.0,0.9799999594688416,2.9468805720474798
B,units,-2,8,digit_circ:all,200,0.07499999552965164,0.7400000095367432,1.2971048468103528
B,units,-2,8,digit_circ:tens,200,0.0,1.0,0.0
B,units,-2,8,digit_circ:units,200,0.07499999552965164,0.7400000095367432,1.2971048468103528
B,units,-2,8,digit_circ:random_orth,200,0.0,0.9899999499320984,1.297104846810353
B,units,-2,8,both:all,200,0.8050000071525574,0.05999999865889549,3.0005644810798673
B,units,-2,8,both:tens,200,0.0,0.9749999642372131,0.5780005826475378
B,units,-2,8,both:units,200,0.7899999618530273,0.08999999612569809,2.9445485243061555
B,units,-2,8,both:random_orth,200,0.0,0.9950000047683716,3.000564481079868
B,units,-2,10,full_swap,200,0.875,0.009999999776482582,6.386591911315918
B,units,-2,10,helix:all,200,0.6949999928474426,0.17000000178813934,2.618074776093979
B,units,-2,10,helix:tens,200,0.0,0.9549999833106995,0.3804135921531651
B,units,-2,10,helix:units,200,0.7049999833106995,0.17499999701976776,2.5825845526552893
B,units,-2,10,helix:random_orth,200,0.0,0.98499995470047,2.618074776093979
B,units,-2,10,digit_1hot:all,200,0.8100000023841858,0.06499999761581421,3.2020599762168613
B,units,-2,10,digit_1hot:tens,200,0.0,1.0,0.0
B,units,-2,10,digit_1hot:units,200,0.8100000023841858,0.06499999761581421,3.2020599762168613
B,units,-2,10,digit_1hot:random_orth,200,0.0,0.9799999594688416,3.2020599762168613
B,units,-2,10,digit_circ:all,200,0.05999999865889549,0.7400000095367432,1.4427210346263986
B,units,-2,10,digit_circ:tens,200,0.0,1.0,0.0
B,units,-2,10,digit_circ:units,200,0.05999999865889549,0.7400000095367432,1.4427210346263986
B,units,-2,10,digit_circ:random_orth,200,0.0,0.9950000047683716,1.4427210346263986
B,units,-2,10,both:all,200,0.7949999570846558,0.054999999701976776,3.260236044797945
B,units,-2,10,both:tens,200,0.0,0.9799999594688416,0.6177446988881116
B,units,-2,10,both:units,200,0.8050000071525574,0.07000000029802322,3.1991901293953924
B,units,-2,10,both:random_orth,200,0.0,0.9749999642372131,3.2602360447979453
B,units,-2,12,full_swap,200,0.7749999761581421,0.10999999940395355,7.402990818023682
B,units,-2,12,helix:all,200,0.5550000071525574,0.29999998211860657,3.2082619929635054
B,units,-2,12,helix:tens,200,0.0,0.9699999690055847,0.4146673933593412
B,units,-2,12,helix:units,200,0.5550000071525574,0.3050000071525574,3.173874986653218
B,units,-2,12,helix:random_orth,200,0.0,0.9899999499320984,3.2082619929635046
B,units,-2,12,digit_1hot:all,200,0.675000011920929,0.1899999976158142,3.9838850042438954
B,units,-2,12,digit_1hot:tens,200,0.0,1.0,0.0
B,units,-2,12,digit_1hot:units,200,0.675000011920929,0.1899999976158142,3.9838850042438954
B,units,-2,12,digit_1hot:random_orth,200,0.0,0.9749999642372131,3.9838850042438954
B,units,-2,12,digit_circ:all,200,0.054999999701976776,0.7799999713897705,1.7691847521580015
B,units,-2,12,digit_circ:tens,200,0.0,1.0,0.0
B,units,-2,12,digit_circ:units,200,0.054999999701976776,0.7799999713897705,1.7691847521580015
B,units,-2,12,digit_circ:random_orth,200,0.0,0.9899999499320984,1.7691847521580015
B,units,-2,12,both:all,200,0.6899999976158142,0.17999999225139618,4.041061459279052
B,units,-2,12,both:tens,200,0.0,0.9799999594688416,0.6850956767582326
B,units,-2,12,both:units,200,0.675000011920929,0.1899999976158142,3.979547235479937
B,units,-2,12,both:random_orth,200,0.0,0.9799999594688416,4.041061459279052
B,units,-2,14,full_swap,200,0.5349999666213989,0.35499998927116394,8.201292991638184
B,units,-2,14,helix:all,200,0.3649999797344208,0.5199999809265137,3.617819813586658
B,units,-2,14,helix:tens,200,0.0,0.9899999499320984,0.4646225625857211
B,units,-2,14,helix:units,200,0.35999998450279236,0.5199999809265137,3.5780771778456604
B,units,-2,14,helix:random_orth,200,0.0,0.9899999499320984,3.617819813586658
B,units,-2,14,digit_1hot:all,200,0.4350000023841858,0.429999977350235,4.4507932276565665
B,units,-2,14,digit_1hot:tens,200,0.0,1.0,0.0
B,units,-2,14,digit_1hot:units,200,0.4350000023841858,0.429999977350235,4.4507932276565665
B,units,-2,14,digit_1hot:random_orth,200,0.0,0.9899999499320984,4.4507932276565665
B,units,-2,14,digit_circ:all,200,0.044999998062849045,0.8549999594688416,2.029884554275888
B,units,-2,14,digit_circ:tens,200,0.0,1.0,0.0
B,units,-2,14,digit_circ:units,200,0.044999998062849045,0.8549999594688416,2.029884554275888
B,units,-2,14,digit_circ:random_orth,200,0.0,0.9950000047683716,2.029884554275888
B,units,-2,14,both:all,200,0.4399999976158142,0.4099999964237213,4.515351386858745
B,units,-2,14,both:tens,200,0.0,0.98499995470047,0.7713466229628416
B,units,-2,14,both:units,200,0.4399999976158142,0.41999998688697815,4.444106794869208
B,units,-2,14,both:random_orth,200,0.0,0.9950000047683716,4.515351386858745
B,units,-2,16,full_swap,200,0.4949999749660492,0.38999998569488525,9.9714937210083
B,units,-2,16,helix:all,200,0.3700000047683716,0.5249999761581421,4.482947410513462
B,units,-2,16,helix:tens,200,0.0,0.98499995470047,0.5755051882292724
B,units,-2,16,helix:units,200,0.35999998450279236,0.5249999761581421,4.433991737309917
B,units,-2,16,helix:random_orth,200,0.0,0.9899999499320984,4.482947410513463
B,units,-2,16,digit_1hot:all,200,0.4050000011920929,0.4699999988079071,5.537037115584297
B,units,-2,16,digit_1hot:tens,200,0.0,1.0,0.0
B,units,-2,16,digit_1hot:units,200,0.4050000011920929,0.4699999988079071,5.537037115584297
B,units,-2,16,digit_1hot:random_orth,200,0.0,0.9899999499320984,5.537037115584297
B,units,-2,16,digit_circ:all,200,0.04999999701976776,0.8549999594688416,2.4667909641472705
B,units,-2,16,digit_circ:tens,200,0.0,1.0,0.0
B,units,-2,16,digit_circ:units,200,0.04999999701976776,0.8549999594688416,2.4667909641472705
B,units,-2,16,digit_circ:random_orth,200,0.0,1.0,2.4667909641472705
B,units,-2,16,both:all,200,0.4050000011920929,0.4650000035762787,5.612732708432516
B,units,-2,16,both:tens,200,0.0,0.98499995470047,0.92347279403094
B,units,-2,16,both:units,200,0.4050000011920929,0.4650000035762787,5.523945041591949
B,units,-2,16,both:random_orth,200,0.0,0.9799999594688416,5.612732708432516
B,units,-2,18,full_swap,200,0.25,0.6299999952316284,11.259971618652344
B,units,-2,18,helix:all,200,0.19999998807907104,0.6899999976158142,5.028987011748938
B,units,-2,18,helix:tens,200,0.0,0.9950000047683716,0.6431998101757097
B,units,-2,18,helix:units,200,0.19999998807907104,0.6899999976158142,4.976296219622229
B,units,-2,18,helix:random_orth,200,0.0,1.0,5.028987011748938
B,units,-2,18,digit_1hot:all,200,0.20999999344348907,0.675000011920929,6.177829883876598
B,units,-2,18,digit_1hot:tens,200,0.0,1.0,0.0
B,units,-2,18,digit_1hot:units,200,0.20999999344348907,0.675000011920929,6.177829883876598
B,units,-2,18,digit_1hot:random_orth,200,0.0,0.9899999499320984,6.177829883876598
B,units,-2,18,digit_circ:all,200,0.029999999329447746,0.9199999570846558,2.791194681752886
B,units,-2,18,digit_circ:tens,200,0.0,1.0,0.0
B,units,-2,18,digit_circ:units,200,0.029999999329447746,0.9199999570846558,2.791194681752886
B,units,-2,18,digit_circ:random_orth,200,0.0,1.0,2.791194681752886
B,units,-2,18,both:all,200,0.20999999344348907,0.675000011920929,6.263989929677032
B,units,-2,18,both:tens,200,0.0,0.9950000047683716,1.049077410241085
B,units,-2,18,both:units,200,0.2149999886751175,0.6800000071525574,6.161565569786728
B,units,-2,18,both:random_orth,200,0.0,0.9950000047683716,6.263989929677031
B,units,-2,20,full_swap,200,0.0,1.0,12.577436447143555
B,units,-2,20,helix:all,200,0.0,1.0,5.607703650526394
B,units,-2,20,helix:tens,200,0.0,1.0,0.71909072509092
B,units,-2,20,helix:units,200,0.0,1.0,5.547980138266423
B,units,-2,20,helix:random_orth,200,0.0,1.0,5.6077036505263935
B,units,-2,20,digit_1hot:all,200,0.0,1.0,6.829888248830996
B,units,-2,20,digit_1hot:tens,200,0.0,1.0,0.0
B,units,-2,20,digit_1hot:units,200,0.0,1.0,6.829888248830996
B,units,-2,20,digit_1hot:random_orth,200,0.0,1.0,6.829888248830996
B,units,-2,20,digit_circ:all,200,0.0,1.0,3.1155881925007374
B,units,-2,20,digit_circ:tens,200,0.0,1.0,0.0
B,units,-2,20,digit_circ:units,200,0.0,1.0,3.1155881925007374
B,units,-2,20,digit_circ:random_orth,200,0.0,1.0,3.1155881925007374
B,units,-2,20,both:all,200,0.0,1.0,6.926065704006235
B,units,-2,20,both:tens,200,0.0,1.0,1.170447873797264
B,units,-2,20,both:units,200,0.0,1.0,6.808902536584039
B,units,-2,20,both:random_orth,200,0.0,1.0,6.926065704006235
B,units,-1,0,full_swap,200,0.8849999904632568,0.0,3.5824313163757324
B,units,-1,0,helix:all,200,0.7099999785423279,0.07999999821186066,1.3905226218949553
B,units,-1,0,helix:tens,200,0.0,0.9699999690055847,0.0992243255425387
B,units,-1,0,helix:units,200,0.7249999642372131,0.07499999552965164,1.3865487224831314
B,units,-1,0,helix:random_orth,200,0.0,0.9649999737739563,1.3905226218949553
B,units,-1,0,digit_1hot:all,200,0.8799999952316284,0.004999999888241291,2.005541232883392
B,units,-1,0,digit_1hot:tens,200,0.0,1.0,0.0
B,units,-1,0,digit_1hot:units,200,0.8799999952316284,0.004999999888241291,2.005541232883392
B,units,-1,0,digit_1hot:random_orth,200,0.0,0.9699999690055847,2.005541232883392
B,units,-1,0,digit_circ:all,200,0.0,0.9300000071525574,0.4231020143627841
B,units,-1,0,digit_circ:tens,200,0.0,1.0,0.0
B,units,-1,0,digit_circ:units,200,0.0,0.9300000071525574,0.4231020143627841
B,units,-1,0,digit_circ:random_orth,200,0.0,0.9799999594688416,0.42310201436278416
B,units,-1,0,both:all,200,0.8799999952316284,0.004999999888241291,2.011583642958032
B,units,-1,0,both:tens,200,0.0,0.98499995470047,0.18096744091359185
B,units,-1,0,both:units,200,0.8849999904632568,0.004999999888241291,2.006420176656096
B,units,-1,0,both:random_orth,200,0.0,0.9399999976158142,2.0115836429580316
B,units,-1,2,full_swap,200,0.8849999904632568,0.0,3.682640314102173
B,units,-1,2,helix:all,200,0.7149999737739563,0.06499999761581421,1.4687830833493074
B,units,-1,2,helix:tens,200,0.0,0.9699999690055847,0.11028350147039898
B,units,-1,2,helix:units,200,0.73499995470047,0.07000000029802322,1.463909213153459
B,units,-1,2,helix:random_orth,200,0.0,0.9749999642372131,1.4687830833493074
B,units,-1,2,digit_1hot:all,200,0.8700000047683716,0.009999999776482582,2.091353689983453
B,units,-1,2,digit_1hot:tens,200,0.0,1.0,0.0
B,units,-1,2,digit_1hot:units,200,0.8700000047683716,0.009999999776482582,2.091353689983453
B,units,-1,2,digit_1hot:random_orth,200,0.0,0.9549999833106995,2.091353689983453
B,units,-1,2,digit_circ:all,200,0.0,0.9300000071525574,0.44863975399430345
B,units,-1,2,digit_circ:tens,200,0.0,1.0,0.0
B,units,-1,2,digit_circ:units,200,0.0,0.9300000071525574,0.44863975399430345
B,units,-1,2,digit_circ:random_orth,200,0.0,0.9950000047683716,0.44863975399430345
B,units,-1,2,both:all,200,0.8650000095367432,0.004999999888241291,2.0980334254527953
B,units,-1,2,both:tens,200,0.0,0.9799999594688416,0.19223004074907224
B,units,-1,2,both:units,200,0.875,0.009999999776482582,2.0912670275981493
B,units,-1,2,both:random_orth,200,0.0,0.9599999785423279,2.0980334254527953
B,units,-1,4,full_swap,200,0.8799999952316284,0.0,4.222761154174805
B,units,-1,4,helix:all,200,0.7599999904632568,0.044999998062849045,1.7679959141194346
B,units,-1,4,helix:tens,200,0.0,0.9649999737739563,0.1336361461630145
B,units,-1,4,helix:units,200,0.7649999856948853,0.04999999701976776,1.7617596763497891
B,units,-1,4,helix:random_orth,200,0.0,0.9699999690055847,1.7679959141194346
B,units,-1,4,digit_1hot:all,200,0.875,0.009999999776482582,2.4476110095542665
B,units,-1,4,digit_1hot:tens,200,0.0,1.0,0.0
B,units,-1,4,digit_1hot:units,200,0.875,0.009999999776482582,2.4476110095542665
B,units,-1,4,digit_1hot:random_orth,200,0.0,0.9950000047683716,2.4476110095542665
B,units,-1,4,digit_circ:all,200,0.0,0.9199999570846558,0.5310627181706126
B,units,-1,4,digit_circ:tens,200,0.0,1.0,0.0
B,units,-1,4,digit_circ:units,200,0.0,0.9199999570846558,0.5310627181706126
B,units,-1,4,digit_circ:random_orth,200,0.0,0.9950000047683716,0.5310627181706126
B,units,-1,4,both:all,200,0.8700000047683716,0.009999999776482582,2.455537282854044
B,units,-1,4,both:tens,200,0.0,0.9749999642372131,0.22159533586897937
B,units,-1,4,both:units,200,0.875,0.009999999776482582,2.447122073709269
B,units,-1,4,both:random_orth,200,0.0,0.9749999642372131,2.455537282854044
B,units,-1,6,full_swap,200,0.8899999856948853,0.0,4.954890727996826
B,units,-1,6,helix:all,200,0.7599999904632568,0.04999999701976776,2.0606259756175778
B,units,-1,6,helix:tens,200,0.0,0.9649999737739563,0.16262635280839682
B,units,-1,6,helix:units,200,0.7749999761581421,0.04999999701976776,2.0522528008506273
B,units,-1,6,helix:random_orth,200,0.0,0.9649999737739563,2.0606259756175778
B,units,-1,6,digit_1hot:all,200,0.875,0.009999999776482582,2.8212357476375955
B,units,-1,6,digit_1hot:tens,200,0.0,1.0,0.0
B,units,-1,6,digit_1hot:units,200,0.875,0.009999999776482582,2.8212357476375955
B,units,-1,6,digit_1hot:random_orth,200,0.0,0.9549999833106995,2.8212357476375955
B,units,-1,6,digit_circ:all,200,0.0,0.9149999618530273,0.6182491138288825
B,units,-1,6,digit_circ:tens,200,0.0,1.0,0.0
B,units,-1,6,digit_circ:units,200,0.0,0.9149999618530273,0.6182491138288825
B,units,-1,6,digit_circ:random_orth,200,0.0,0.9950000047683716,0.6182491138288825
B,units,-1,6,both:all,200,0.8849999904632568,0.009999999776482582,2.830469888406384
B,units,-1,6,both:tens,200,0.0,0.9799999594688416,0.26006981661596884
B,units,-1,6,both:units,200,0.8899999856948853,0.009999999776482582,2.819644165273998
B,units,-1,6,both:random_orth,200,0.0,0.9749999642372131,2.830469888406384
B,units,-1,8,full_swap,200,0.8949999809265137,0.0,5.531414985656738
B,units,-1,8,helix:all,200,0.7599999904632568,0.04999999701976776,2.273017664951003
B,units,-1,8,helix:tens,200,0.0,0.9649999737739563,0.18369574698209493
B,units,-1,8,helix:units,200,0.7799999713897705,0.03999999910593033,2.2629453588421544
B,units,-1,8,helix:random_orth,200,0.0,0.9799999594688416,2.273017664951003
B,units,-1,8,digit_1hot:all,200,0.8650000095367432,0.009999999776482582,3.1086249655067304
B,units,-1,8,digit_1hot:tens,200,0.0,1.0,0.0
B,units,-1,8,digit_1hot:units,200,0.8650000095367432,0.009999999776482582,3.1086249655067304
B,units,-1,8,digit_1hot:random_orth,200,0.0,0.949999988079071,3.1086249655067304
B,units,-1,8,digit_circ:all,200,0.0,0.9049999713897705,0.6855545635080874
B,units,-1,8,digit_circ:tens,200,0.0,1.0,0.0
B,units,-1,8,digit_circ:units,200,0.0,0.9049999713897705,0.6855545635080874
B,units,-1,8,digit_circ:random_orth,200,0.0,0.9899999499320984,0.6855545635080874
B,units,-1,8,both:all,200,0.8700000047683716,0.009999999776482582,3.1193709367228917
B,units,-1,8,both:tens,200,0.0,0.9799999594688416,0.2905716287436657
B,units,-1,8,both:units,200,0.8700000047683716,0.009999999776482582,3.1066953060021145
B,units,-1,8,both:random_orth,200,0.0,0.9599999785423279,3.1193709367228917
B,units,-1,10,full_swap,200,0.8799999952316284,0.0,6.029669284820557
B,units,-1,10,helix:all,200,0.7849999666213989,0.02499999850988388,2.495148244916127
B,units,-1,10,helix:tens,200,0.0,0.9599999785423279,0.19589468856728
B,units,-1,10,helix:units,200,0.7999999523162842,0.029999999329447746,2.4843317038332855
B,units,-1,10,helix:random_orth,200,0.0,0.9649999737739563,2.495148244916127
B,units,-1,10,digit_1hot:all,200,0.8949999809265137,0.004999999888241291,3.405317174946384
B,units,-1,10,digit_1hot:tens,200,0.0,1.0,0.0
B,units,-1,10,digit_1hot:units,200,0.8949999809265137,0.004999999888241291,3.405317174946384
B,units,-1,10,digit_1hot:random_orth,200,0.0,0.9549999833106995,3.405317174946384
B,units,-1,10,digit_circ:all,200,0.0,0.8949999809265137,0.7626632478801951
B,units,-1,10,digit_circ:tens,200,0.0,1.0,0.0
B,units,-1,10,digit_circ:units,200,0.0,0.8949999809265137,0.7626632478801951
B,units,-1,10,digit_circ:random_orth,200,0.0,0.9899999499320984,0.7626632478801951
B,units,-1,10,both:all,200,0.875,0.004999999888241291,3.4163126084664537
B,units,-1,10,both:tens,200,0.0,0.9749999642372131,0.31057499122509497
B,units,-1,10,both:units,200,0.8949999809265137,0.004999999888241291,3.40358819128673
B,units,-1,10,both:random_orth,200,0.0,0.9649999737739563,3.4163126084664537
B,units,-1,12,full_swap,200,0.8650000095367432,0.009999999776482582,6.9886579513549805
B,units,-1,12,helix:all,200,0.6649999618530273,0.1599999964237213,3.001487521707152
B,units,-1,12,helix:tens,200,0.0,0.9699999690055847,0.21371700209025185
B,units,-1,12,helix:units,200,0.6649999618530273,0.1599999964237213,2.9908027304205573
B,units,-1,12,helix:random_orth,200,0.0,0.9749999642372131,3.0014875217071517
B,units,-1,12,digit_1hot:all,200,0.8399999737739563,0.03500000014901161,4.157918759565694
B,units,-1,12,digit_1hot:tens,200,0.0,1.0,0.0
B,units,-1,12,digit_1hot:units,200,0.8399999737739563,0.03500000014901161,4.157918759565694
B,units,-1,12,digit_1hot:random_orth,200,0.0,0.9599999785423279,4.157918759565694
B,units,-1,12,digit_circ:all,200,0.0,0.9099999666213989,0.9339074222467099
B,units,-1,12,digit_circ:tens,200,0.0,1.0,0.0
B,units,-1,12,digit_circ:units,200,0.0,0.9099999666213989,0.9339074222467099
B,units,-1,12,digit_circ:random_orth,200,0.0,1.0,0.9339074222467099
B,units,-1,12,both:all,200,0.8349999785423279,0.03999999910593033,4.168301768649104
B,units,-1,12,both:tens,200,0.0,0.9749999642372131,0.3440648803266273
B,units,-1,12,both:units,200,0.8399999737739563,0.03999999910593033,4.156714563906512
B,units,-1,12,both:random_orth,200,0.0,0.9799999594688416,4.168301768649104
B,units,-1,14,full_swap,200,0.5999999642372131,0.25999999046325684,7.8029866218566895
B,units,-1,14,helix:all,200,0.35999998450279236,0.4350000023841858,3.371408091727562
B,units,-1,14,helix:tens,200,0.0,0.98499995470047,0.23949676233010095
B,units,-1,14,helix:units,200,0.35999998450279236,0.4350000023841858,3.359204539111577
B,units,-1,14,helix:random_orth,200,0.0,0.9950000047683716,3.371408091727562
B,units,-1,14,digit_1hot:all,200,0.5099999904632568,0.3100000023841858,4.673079723228273
B,units,-1,14,digit_1hot:tens,200,0.0,1.0,0.0
B,units,-1,14,digit_1hot:units,200,0.5099999904632568,0.3100000023841858,4.673079723228273
B,units,-1,14,digit_1hot:random_orth,200,0.0,0.9749999642372131,4.673079723228274
B,units,-1,14,digit_circ:all,200,0.0,0.9599999785423279,1.0683258445020243
B,units,-1,14,digit_circ:tens,200,0.0,1.0,0.0
B,units,-1,14,digit_circ:units,200,0.0,0.9599999785423279,1.0683258445020243
B,units,-1,14,digit_circ:random_orth,200,0.0,1.0,1.0683258445020243
B,units,-1,14,both:all,200,0.5149999856948853,0.3050000071525574,4.685324770167953
B,units,-1,14,both:tens,200,0.0,0.98499995470047,0.38702878491700615
B,units,-1,14,both:units,200,0.5149999856948853,0.3149999976158142,4.672150779781199
B,units,-1,14,both:random_orth,200,0.0,0.9699999690055847,4.685324770167953
B,units,-1,16,full_swap,200,0.4949999749660492,0.375,9.471419334411621
B,units,-1,16,helix:all,200,0.38499999046325684,0.429999977350235,4.107797313196454
B,units,-1,16,helix:tens,200,0.0,0.9799999594688416,0.29657450419404574
B,units,-1,16,helix:units,200,0.38999998569488525,0.429999977350235,4.0931415349935945
B,units,-1,16,helix:random_orth,200,0.0,0.98499995470047,4.107797313196454
B,units,-1,16,digit_1hot:all,200,0.4599999785423279,0.35999998450279236,5.805347042851593
B,units,-1,16,digit_1hot:tens,200,0.0,1.0,0.0
B,units,-1,16,digit_1hot:units,200,0.4599999785423279,0.35999998450279236,5.805347042851593
B,units,-1,16,digit_1hot:random_orth,200,0.0,0.9799999594688416,5.805347042851593
B,units,-1,16,digit_circ:all,200,0.0,0.9549999833106995,1.297551323092384
B,units,-1,16,digit_circ:tens,200,0.0,1.0,0.0
B,units,-1,16,digit_circ:units,200,0.0,0.9549999833106995,1.297551323092384
B,units,-1,16,digit_circ:random_orth,200,0.0,0.9950000047683716,1.297551323092384
B,units,-1,16,both:all,200,0.45499998331069946,0.3649999797344208,5.818473291353805
B,units,-1,16,both:tens,200,0.0,0.9899999499320984,0.4635426345675452
B,units,-1,16,both:units,200,0.4599999785423279,0.3649999797344208,5.803024205620987
B,units,-1,16,both:random_orth,200,0.0,0.98499995470047,5.818473291353805
B,units,-1,18,full_swap,200,0.11999999731779099,0.7249999642372131,10.669389724731445
B,units,-1,18,helix:all,200,0.10999999940395355,0.7450000047683716,4.578308496969147
B,units,-1,18,helix:tens,200,0.0,0.9899999499320984,0.33103867754679084
B,units,-1,18,helix:units,200,0.10999999940395355,0.7450000047683716,4.561902251624636
B,units,-1,18,helix:random_orth,200,0.0,0.9899999499320984,4.578308496969147
B,units,-1,18,digit_1hot:all,200,0.14999999105930328,0.699999988079071,6.47724525754162
B,units,-1,18,digit_1hot:tens,200,0.0,1.0,0.0
B,units,-1,18,digit_1hot:units,200,0.14999999105930328,0.699999988079071,6.47724525754162
B,units,-1,18,digit_1hot:random_orth,200,0.0,0.98499995470047,6.47724525754162
B,units,-1,18,digit_circ:all,200,0.0,0.9699999690055847,1.4657536773304702
B,units,-1,18,digit_circ:tens,200,0.0,1.0,0.0
B,units,-1,18,digit_circ:units,200,0.0,0.9699999690055847,1.4657536773304702
B,units,-1,18,digit_circ:random_orth,200,0.0,0.9950000047683716,1.4657536773304705
B,units,-1,18,both:all,200,0.1599999964237213,0.6949999928474426,6.4929561531743785
B,units,-1,18,both:tens,200,0.0,0.9899999499320984,0.525697715244925
B,units,-1,18,both:units,200,0.14999999105930328,0.699999988079071,6.474901988230284
B,units,-1,18,both:random_orth,200,0.0,0.98499995470047,6.4929561531743785
B,units,-1,20,full_swap,200,0.0,0.9799999594688416,11.976003646850586
B,units,-1,20,helix:all,200,0.0,0.9950000047683716,5.111664446668305
B,units,-1,20,helix:tens,200,0.0,1.0,0.3706977160020772
B,units,-1,20,helix:units,200,0.0,0.9950000047683716,5.0928825120933325
B,units,-1,20,helix:random_orth,200,0.0,0.9950000047683716,5.111664446668305
B,units,-1,20,digit_1hot:all,200,0.0,0.9899999499320984,7.199767416657299
B,units,-1,20,digit_1hot:tens,200,0.0,1.0,0.0
B,units,-1,20,digit_1hot:units,200,0.0,0.9899999499320984,7.199767416657299
B,units,-1,20,digit_1hot:random_orth,200,0.0,1.0,7.199767416657299
B,units,-1,20,digit_circ:all,200,0.0,1.0,1.6368257137143183
B,units,-1,20,digit_circ:tens,200,0.0,1.0,0.0
B,units,-1,20,digit_circ:units,200,0.0,1.0,1.6368257137143183
B,units,-1,20,digit_circ:random_orth,200,0.0,1.0,1.6368257137143183
B,units,-1,20,both:all,200,0.0,0.9899999499320984,7.21731024983213
B,units,-1,20,both:tens,200,0.0,1.0,0.5858341704506025
B,units,-1,20,both:units,200,0.0,0.9899999499320984,7.196724126759495
B,units,-1,20,both:random_orth,200,0.0,1.0,7.21731024983213
B,units,1,0,full_swap,200,0.8700000047683716,0.0,3.612832546234131
B,units,1,0,helix:all,200,0.6800000071525574,0.125,1.384202804281224
B,units,1,0,helix:tens,200,0.0,1.0,0.09684524675153865
B,units,1,0,helix:units,200,0.6699999570846558,0.12999999523162842,1.3803071897209997
B,units,1,0,helix:random_orth,200,0.004999999888241291,0.9799999594688416,1.384202804281224
B,units,1,0,digit_1hot:all,200,0.85999995470047,0.009999999776482582,2.002838252928582
B,units,1,0,digit_1hot:tens,200,0.0,1.0,0.0
B,units,1,0,digit_1hot:units,200,0.85999995470047,0.009999999776482582,2.002838252928582
B,units,1,0,digit_1hot:random_orth,200,0.004999999888241291,0.9549999833106995,2.002838252928582
B,units,1,0,digit_circ:all,200,0.0,0.9149999618530273,0.4228201797718266
B,units,1,0,digit_circ:tens,200,0.0,1.0,0.0
B,units,1,0,digit_circ:units,200,0.0,0.9149999618530273,0.4228201797718266
B,units,1,0,digit_circ:random_orth,200,0.0,0.9950000047683716,0.4228201797718266
B,units,1,0,both:all,200,0.8650000095367432,0.009999999776482582,2.0092858244360623
B,units,1,0,both:tens,200,0.0,1.0,0.17900301580818234
B,units,1,0,both:units,200,0.8499999642372131,0.009999999776482582,2.003840927819478
B,units,1,0,both:random_orth,200,0.0,0.9649999737739563,2.0092858244360623
B,units,1,2,full_swap,200,0.8650000095367432,0.0,3.7016632556915283
B,units,1,2,helix:all,200,0.6800000071525574,0.13499999046325684,1.461820923686827
B,units,1,2,helix:tens,200,0.0,1.0,0.10734904832137085
B,units,1,2,helix:units,200,0.6549999713897705,0.13499999046325684,1.4570419416777682
B,units,1,2,helix:random_orth,200,0.0,0.9799999594688416,1.461820923686827
B,units,1,2,digit_1hot:all,200,0.85999995470047,0.0,2.0880893850363185
B,units,1,2,digit_1hot:tens,200,0.0,1.0,0.0
B,units,1,2,digit_1hot:units,200,0.85999995470047,0.0,2.0880893850363185
B,units,1,2,digit_1hot:random_orth,200,0.0,0.9749999642372131,2.0880893850363185
B,units,1,2,digit_circ:all,200,0.0,0.9049999713897705,0.4481534902388054
B,units,1,2,digit_circ:tens,200,0.0,1.0,0.0
B,units,1,2,digit_circ:units,200,0.0,0.9049999713897705,0.4481534902388054
B,units,1,2,digit_circ:random_orth,200,0.0,0.9950000047683716,0.44815349023880535
B,units,1,2,both:all,200,0.8650000095367432,0.0,2.0951785550546984
B,units,1,2,both:tens,200,0.0,1.0,0.19008396990940948
B,units,1,2,both:units,200,0.85999995470047,0.0,2.088135004756456
B,units,1,2,both:random_orth,200,0.004999999888241291,0.9649999737739563,2.0951785550546984
B,units,1,4,full_swap,200,0.8700000047683716,0.0,4.236696243286133
B,units,1,4,helix:all,200,0.6899999976158142,0.125,1.7592597310267288
B,units,1,4,helix:tens,200,0.0,1.0,0.12994926144912824
B,units,1,4,helix:units,200,0.6699999570846558,0.12999999523162842,1.7531651275047548
B,units,1,4,helix:random_orth,200,0.004999999888241291,0.9749999642372131,1.7592597310267288
B,units,1,4,digit_1hot:all,200,0.8299999833106995,0.0,2.444211316324313
B,units,1,4,digit_1hot:tens,200,0.0,1.0,0.0
B,units,1,4,digit_1hot:units,200,0.8299999833106995,0.0,2.444211316324313
B,units,1,4,digit_1hot:random_orth,200,0.0,0.9599999785423279,2.444211316324313
B,units,1,4,digit_circ:all,200,0.0,0.8999999761581421,0.5301703316387913
B,units,1,4,digit_circ:tens,200,0.0,1.0,0.0
B,units,1,4,digit_circ:units,200,0.0,0.8999999761581421,0.5301703316387913
B,units,1,4,digit_circ:random_orth,200,0.0,0.9950000047683716,0.5301703316387915
B,units,1,4,both:all,200,0.8449999690055847,0.0,2.452296540454894
B,units,1,4,both:tens,200,0.0,1.0,0.21911514220125805
B,units,1,4,both:units,200,0.8399999737739563,0.0,2.4438691454866532
B,units,1,4,both:random_orth,200,0.004999999888241291,0.9449999928474426,2.452296540454894
B,units,1,6,full_swap,200,0.8650000095367432,0.0,4.928381443023682
B,units,1,6,helix:all,200,0.6949999928474426,0.11499999463558197,2.0471106320520707
B,units,1,6,helix:tens,200,0.0,1.0,0.15799522011326375
B,units,1,6,helix:units,200,0.6899999976158142,0.10999999940395355,2.0389490982383496
B,units,1,6,helix:random_orth,200,0.004999999888241291,0.9749999642372131,2.0471106320520707
B,units,1,6,digit_1hot:all,200,0.8299999833106995,0.0,2.8157978369262047
B,units,1,6,digit_1hot:tens,200,0.0,1.0,0.0
B,units,1,6,digit_1hot:units,200,0.8299999833106995,0.0,2.8157978369262047
B,units,1,6,digit_1hot:random_orth,200,0.0,0.98499995470047,2.8157978369262047
B,units,1,6,digit_circ:all,200,0.0,0.8999999761581421,0.6167850904454781
B,units,1,6,digit_circ:tens,200,0.0,1.0,0.0
B,units,1,6,digit_circ:units,200,0.0,0.8999999761581421,0.6167850904454781
B,units,1,6,digit_circ:random_orth,200,0.0,1.0,0.6167850904454781
B,units,1,6,both:all,200,0.8399999737739563,0.0,2.8253536892750644
B,units,1,6,both:tens,200,0.0,1.0,0.2570912080314664
B,units,1,6,both:units,200,0.8299999833106995,0.0,2.8140910206800855
B,units,1,6,both:random_orth,200,0.0,0.9950000047683716,2.8253536892750644
B,units,1,8,full_swap,200,0.8549999594688416,0.0,5.471302509307861
B,units,1,8,helix:all,200,0.7049999833106995,0.10499999672174454,2.2572216487978247
B,units,1,8,helix:tens,200,0.0,1.0,0.17838448772786644
B,units,1,8,helix:units,200,0.6899999976158142,0.10999999940395355,2.247502511928658
B,units,1,8,helix:random_orth,200,0.0,0.9799999594688416,2.2572216487978247
B,units,1,8,digit_1hot:all,200,0.8449999690055847,0.0,3.100629323810772
B,units,1,8,digit_1hot:tens,200,0.0,1.0,0.0
B,units,1,8,digit_1hot:units,200,0.8449999690055847,0.0,3.100629323810772
B,units,1,8,digit_1hot:random_orth,200,0.0,0.9649999737739563,3.100629323810771
B,units,1,8,digit_circ:all,200,0.0,0.8899999856948853,0.6840721113435876
B,units,1,8,digit_circ:tens,200,0.0,1.0,0.0
B,units,1,8,digit_circ:units,200,0.0,0.8899999856948853,0.6840721113435876
B,units,1,8,digit_circ:random_orth,200,0.0,1.0,0.6840721113435876
B,units,1,8,both:all,200,0.8399999737739563,0.0,3.111373812385051
B,units,1,8,both:tens,200,0.0,1.0,0.28718998595800854
B,units,1,8,both:units,200,0.8449999690055847,0.0,3.0983178835241425
B,units,1,8,both:random_orth,200,0.004999999888241291,0.98499995470047,3.111373812385051
B,units,1,10,full_swap,200,0.8449999690055847,0.0,5.951776027679443
B,units,1,10,helix:all,200,0.7249999642372131,0.08999999612569809,2.4792792974972304
B,units,1,10,helix:tens,200,0.0,1.0,0.19022108382188854
B,units,1,10,helix:units,200,0.7049999833106995,0.08999999612569809,2.46863681044636
B,units,1,10,helix:random_orth,200,0.0,0.9749999642372131,2.4792792974972304
B,units,1,10,digit_1hot:all,200,0.8449999690055847,0.0,3.397844638797003
B,units,1,10,digit_1hot:tens,200,0.0,1.0,0.0
B,units,1,10,digit_1hot:units,200,0.8449999690055847,0.0,3.397844638797003
B,units,1,10,digit_1hot:random_orth,200,0.004999999888241291,0.9649999737739563,3.397844638797003
B,units,1,10,digit_circ:all,200,0.0,0.8849999904632568,0.7607785200533584
B,units,1,10,digit_circ:tens,200,0.0,1.0,0.0
B,units,1,10,digit_circ:units,200,0.0,0.8849999904632568,0.7607785200533584
B,units,1,10,digit_circ:random_orth,200,0.0,0.9899999499320984,0.7607785200533584
B,units,1,10,both:all,200,0.8449999690055847,0.0,3.4090065771731712
B,units,1,10,both:tens,200,0.0,1.0,0.3070452042585818
B,units,1,10,both:units,200,0.8449999690055847,0.0,3.395522440351895
B,units,1,10,both:random_orth,200,0.0,0.9749999642372131,3.4090065771731712
B,units,1,12,full_swap,200,0.8650000095367432,0.0,6.901177406311035
B,units,1,12,helix:all,200,0.6699999570846558,0.1550000011920929,2.985747763229473
B,units,1,12,helix:tens,200,0.0,1.0,0.20731216212766712
B,units,1,12,helix:units,200,0.6599999666213989,0.14999999105930328,2.9753956905435053
B,units,1,12,helix:random_orth,200,0.0,0.9749999642372131,2.985747763229473
B,units,1,12,digit_1hot:all,200,0.7899999618530273,0.03500000014901161,4.153838269688804
B,units,1,12,digit_1hot:tens,200,0.0,1.0,0.0
B,units,1,12,digit_1hot:units,200,0.7899999618530273,0.03500000014901161,4.153838269688804
B,units,1,12,digit_1hot:random_orth,200,0.0,0.9799999594688416,4.153838269688804
B,units,1,12,digit_circ:all,200,0.004999999888241291,0.8899999856948853,0.931822217249173
B,units,1,12,digit_circ:tens,200,0.0,1.0,0.0
B,units,1,12,digit_circ:units,200,0.004999999888241291,0.8899999856948853,0.931822217249173
B,units,1,12,digit_circ:random_orth,200,0.0,0.9899999499320984,0.931822217249173
B,units,1,12,both:all,200,0.7849999666213989,0.03500000014901161,4.164954397244068
B,units,1,12,both:tens,200,0.0,1.0,0.34034700554100794
B,units,1,12,both:units,200,0.7849999666213989,0.03500000014901161,4.151858946489953
B,units,1,12,both:random_orth,200,0.0,0.9749999642372131,4.164954397244067
B,units,1,14,full_swap,200,0.6499999761581421,0.1850000023841858,7.675950527191162
B,units,1,14,helix:all,200,0.4350000023841858,0.38999998569488525,3.350547527764594
B,units,1,14,helix:tens,200,0.0,1.0,0.23212470421178683
B,units,1,14,helix:units,200,0.41999998688697815,0.39499998092651367,3.3390795661526282
B,units,1,14,helix:random_orth,200,0.0,0.9899999499320984,3.350547527764594
B,units,1,14,digit_1hot:all,200,0.574999988079071,0.25999999046325684,4.667842320119175
B,units,1,14,digit_1hot:tens,200,0.0,1.0,0.0
B,units,1,14,digit_1hot:units,200,0.574999988079071,0.25999999046325684,4.667842320119175
B,units,1,14,digit_1hot:random_orth,200,0.0,0.9699999690055847,4.667842320119175
B,units,1,14,digit_circ:all,200,0.004999999888241291,0.8999999761581421,1.0675742395730337
B,units,1,14,digit_circ:tens,200,0.0,1.0,0.0
B,units,1,14,digit_circ:units,200,0.004999999888241291,0.8999999761581421,1.0675742395730337
B,units,1,14,digit_circ:random_orth,200,0.0,0.9950000047683716,1.0675742395730337
B,units,1,14,both:all,200,0.5849999785423279,0.26499998569488525,4.6806911404599125
B,units,1,14,both:tens,200,0.0,1.0,0.3829631188589894
B,units,1,14,both:units,200,0.5649999976158142,0.26499998569488525,4.666085127881241
B,units,1,14,both:random_orth,200,0.0,0.9799999594688416,4.6806911404599125
B,units,1,16,full_swap,200,0.5699999928474426,0.25999999046325684,9.352718353271484
B,units,1,16,helix:all,200,0.429999977350235,0.4050000011920929,4.089618851337421
B,units,1,16,helix:tens,200,0.0,0.9950000047683716,0.287773683360064
B,units,1,16,helix:units,200,0.41499999165534973,0.4050000011920929,4.075713358553327
B,units,1,16,helix:random_orth,200,0.0,1.0,4.089618851337421
B,units,1,16,digit_1hot:all,200,0.5249999761581421,0.32999998331069946,5.810755966274173
B,units,1,16,digit_1hot:tens,200,0.0,1.0,0.0
B,units,1,16,digit_1hot:units,200,0.5249999761581421,0.32999998331069946,5.810755966274173
B,units,1,16,digit_1hot:random_orth,200,0.0,0.9899999499320984,5.810755966274173
B,units,1,16,digit_circ:all,200,0.004999999888241291,0.9049999713897705,1.2967306831695942
B,units,1,16,digit_circ:tens,200,0.0,1.0,0.0
B,units,1,16,digit_circ:units,200,0.004999999888241291,0.9049999713897705,1.2967306831695942
B,units,1,16,digit_circ:random_orth,200,0.0,0.9950000047683716,1.2967306831695942
B,units,1,16,both:all,200,0.5199999809265137,0.3349999785423279,5.8259789206071675
B,units,1,16,both:tens,200,0.0,1.0,0.4588625804914782
B,units,1,16,both:units,200,0.5199999809265137,0.3349999785423279,5.806888211622151
B,units,1,16,both:random_orth,200,0.0,0.9899999499320984,5.8259789206071675
B,units,1,18,full_swap,200,0.25,0.6349999904632568,10.538017272949219
B,units,1,18,helix:all,200,0.19999998807907104,0.6899999976158142,4.555355258363271
B,units,1,18,helix:tens,200,0.0,0.9950000047683716,0.3215267412702563
B,units,1,18,helix:units,200,0.19999998807907104,0.6850000023841858,4.5395376756603705
B,units,1,18,helix:random_orth,200,0.0,0.9950000047683716,4.555355258363271
B,units,1,18,digit_1hot:all,200,0.25,0.625,6.482992722878814
B,units,1,18,digit_1hot:tens,200,0.0,1.0,0.0
B,units,1,18,digit_1hot:units,200,0.25,0.625,6.482992722878814
B,units,1,18,digit_1hot:random_orth,200,0.0,0.9899999499320984,6.482992722878814
B,units,1,18,digit_circ:all,200,0.0,0.949999988079071,1.4657906176106819
B,units,1,18,digit_circ:tens,200,0.0,1.0,0.0
B,units,1,18,digit_circ:units,200,0.0,0.949999988079071,1.4657906176106819
B,units,1,18,digit_circ:random_orth,200,0.0,0.9950000047683716,1.4657906176106819
B,units,1,18,both:all,200,0.2549999952316284,0.6299999952316284,6.501650383086709
B,units,1,18,both:tens,200,0.0,1.0,0.5206960258350368
B,units,1,18,both:units,200,0.25,0.6299999952316284,6.4790918102485024
B,units,1,18,both:random_orth,200,0.0,0.9899999499320984,6.501650383086709
B,units,1,20,full_swap,200,0.0,0.9899999499320984,11.820701599121094
B,units,1,20,helix:all,200,0.0,0.9950000047683716,5.082740783424639
B,units,1,20,helix:tens,200,0.0,0.9950000047683716,0.3596665120182714
B,units,1,20,helix:units,200,0.0,0.9899999499320984,5.064382683623137
B,units,1,20,helix:random_orth,200,0.0,1.0,5.082740783424639
B,units,1,20,digit_1hot:all,200,0.0,0.9899999499320984,7.2124657238640895
B,units,1,20,digit_1hot:tens,200,0.0,1.0,0.0
B,units,1,20,digit_1hot:units,200,0.0,0.9899999499320984,7.2124657238640895
B,units,1,20,digit_1hot:random_orth,200,0.0,1.0,7.2124657238640895
B,units,1,20,digit_circ:all,200,0.0,0.9950000047683716,1.6367630585612312
B,units,1,20,digit_circ:tens,200,0.0,1.0,0.0
B,units,1,20,digit_circ:units,200,0.0,0.9950000047683716,1.6367630585612312
B,units,1,20,digit_circ:random_orth,200,0.0,0.9950000047683716,1.6367630585612312
B,units,1,20,both:all,200,0.0,0.9950000047683716,7.233723203754986
B,units,1,20,both:tens,200,0.0,0.9950000047683716,0.5803925361683269
B,units,1,20,both:units,200,0.0,0.9899999499320984,7.207515226308751
B,units,1,20,both:random_orth,200,0.0,0.9950000047683716,7.233723203754986
B,units,2,0,full_swap,200,0.875,0.019999999552965164,3.8193933963775635
B,units,2,0,helix:all,200,0.6200000047683716,0.1550000011920929,1.5408688751679136
B,units,2,0,helix:tens,200,0.0,1.0,0.19679874440619316
B,units,2,0,helix:units,200,0.6100000143051147,0.1550000011920929,1.5302986896801136
B,units,2,0,helix:random_orth,200,0.0,0.9699999690055847,1.5408688751679134
B,units,2,0,digit_1hot:all,200,0.73499995470047,0.054999999701976776,1.9565083076555612
B,units,2,0,digit_1hot:tens,200,0.0,1.0,0.0
B,units,2,0,digit_1hot:units,200,0.73499995470047,0.054999999701976776,1.9565083076555612
B,units,2,0,digit_1hot:random_orth,200,0.0,0.9749999642372131,1.9565083076555612
B,units,2,0,digit_circ:all,200,0.08500000089406967,0.7749999761581421,0.803811557192376
B,units,2,0,digit_circ:tens,200,0.0,1.0,0.0
B,units,2,0,digit_circ:units,200,0.08500000089406967,0.7749999761581421,0.803811557192376
B,units,2,0,digit_circ:random_orth,200,0.0,0.9899999499320984,0.8038115571923758
B,units,2,0,both:all,200,0.75,0.044999998062849045,1.9857681788888533
B,units,2,0,both:tens,200,0.0,0.9950000047683716,0.359564435074359
B,units,2,0,both:units,200,0.7199999690055847,0.04999999701976776,1.961659854263367
B,units,2,0,both:random_orth,200,0.0,0.9749999642372131,1.9857681788888533
B,units,2,2,full_swap,200,0.8700000047683716,0.019999999552965164,3.926521062850952
B,units,2,2,helix:all,200,0.6449999809265137,0.1550000011920929,1.6140296681015216
B,units,2,2,helix:tens,200,0.0,0.9899999499320984,0.21836232933668726
B,units,2,2,helix:units,200,0.5949999690055847,0.17000000178813934,1.6000784947959448
B,units,2,2,helix:random_orth,200,0.0,0.9649999737739563,1.6140296681015218
B,units,2,2,digit_1hot:all,200,0.75,0.04999999701976776,2.0330947224513327
B,units,2,2,digit_1hot:tens,200,0.0,1.0,0.0
B,units,2,2,digit_1hot:units,200,0.75,0.04999999701976776,2.0330947224513327
B,units,2,2,digit_1hot:random_orth,200,0.0,0.9649999737739563,2.0330947224513327
B,units,2,2,digit_circ:all,200,0.08999999612569809,0.7599999904632568,0.8515918259459326
B,units,2,2,digit_circ:tens,200,0.0,1.0,0.0
B,units,2,2,digit_circ:units,200,0.08999999612569809,0.7599999904632568,0.8515918259459326
B,units,2,2,digit_circ:random_orth,200,0.0,0.9950000047683716,0.8515918259459326
B,units,2,2,both:all,200,0.7400000095367432,0.03999999910593033,2.0657560742510563
B,units,2,2,both:tens,200,0.0,0.9950000047683716,0.38205106693100194
B,units,2,2,both:units,200,0.7299999594688416,0.044999998062849045,2.0364677062767047
B,units,2,2,both:random_orth,200,0.0,0.98499995470047,2.0657560742510563
B,units,2,4,full_swap,200,0.85999995470047,0.019999999552965164,4.473520278930664
B,units,2,4,helix:all,200,0.625,0.1599999964237213,1.899500659455712
B,units,2,4,helix:tens,200,0.0,0.9950000047683716,0.26424571321182033
B,units,2,4,helix:units,200,0.6049999594688416,0.1599999964237213,1.8805978513972352
B,units,2,4,helix:random_orth,200,0.0,0.9699999690055847,1.8995006594557122
B,units,2,4,digit_1hot:all,200,0.73499995470047,0.054999999701976776,2.3557861374464597
B,units,2,4,digit_1hot:tens,200,0.0,1.0,0.0
B,units,2,4,digit_1hot:units,200,0.73499995470047,0.054999999701976776,2.3557861374464597
B,units,2,4,digit_1hot:random_orth,200,0.004999999888241291,0.9799999594688416,2.3557861374464597
B,units,2,4,digit_circ:all,200,0.09999999403953552,0.7599999904632568,1.0068292556079046
B,units,2,4,digit_circ:tens,200,0.0,1.0,0.0
B,units,2,4,digit_circ:units,200,0.09999999403953552,0.7599999904632568,1.0068292556079046
B,units,2,4,digit_circ:random_orth,200,0.0,0.98499995470047,1.0068292556079046
B,units,2,4,both:all,200,0.7400000095367432,0.054999999701976776,2.3943423398151857
B,units,2,4,both:tens,200,0.0,0.9950000047683716,0.44058463951334587
B,units,2,4,both:units,200,0.7199999690055847,0.054999999701976776,2.3576308693318424
B,units,2,4,both:random_orth,200,0.0,0.9699999690055847,2.3943423398151857
B,units,2,6,full_swap,200,0.8499999642372131,0.019999999552965164,5.185897350311279
B,units,2,6,helix:all,200,0.625,0.1599999964237213,2.192545442926233
B,units,2,6,helix:tens,200,0.0,0.9950000047683716,0.32134895756562076
B,units,2,6,helix:units,200,0.6100000143051147,0.14999999105930328,2.166227922958181
B,units,2,6,helix:random_orth,200,0.0,0.9799999594688416,2.1925454429262325
B,units,2,6,digit_1hot:all,200,0.7099999785423279,0.07000000029802322,2.6988627202262445
B,units,2,6,digit_1hot:tens,200,0.0,1.0,0.0
B,units,2,6,digit_1hot:units,200,0.7099999785423279,0.07000000029802322,2.6988627202262445
B,units,2,6,digit_1hot:random_orth,200,0.0,0.98499995470047,2.6988627202262445
B,units,2,6,digit_circ:all,200,0.09999999403953552,0.75,1.1703658348384074
B,units,2,6,digit_circ:tens,200,0.0,1.0,0.0
B,units,2,6,digit_circ:units,200,0.09999999403953552,0.75,1.1703658348384074
B,units,2,6,digit_circ:random_orth,200,0.0,0.9899999499320984,1.1703658348384074
B,units,2,6,both:all,200,0.7450000047683716,0.04999999701976776,2.7450154990327347
B,units,2,6,both:tens,200,0.0,1.0,0.5174427991343833
B,units,2,6,both:units,200,0.7049999833106995,0.07000000029802322,2.698901859456892
B,units,2,6,both:random_orth,200,0.0,0.9699999690055847,2.7450154990327347
B,units,2,8,full_swap,200,0.8499999642372131,0.019999999552965164,5.755031585693359
B,units,2,8,helix:all,200,0.6499999761581421,0.1550000011920929,2.40477153485282
B,units,2,8,helix:tens,200,0.0,0.9899999499320984,0.36292257162763514
B,units,2,8,helix:units,200,0.6200000047683716,0.14999999105930328,2.374695442957054
B,units,2,8,helix:random_orth,200,0.0,0.9749999642372131,2.40477153485282
B,units,2,8,digit_1hot:all,200,0.7099999785423279,0.06499999761581421,2.963321051547912
B,units,2,8,digit_1hot:tens,200,0.0,1.0,0.0
B,units,2,8,digit_1hot:units,200,0.7099999785423279,0.06499999761581421,2.963321051547912
B,units,2,8,digit_1hot:random_orth,200,0.0,0.9749999642372131,2.963321051547912
B,units,2,8,digit_circ:all,200,0.09999999403953552,0.7400000095367432,1.2983033592031308
B,units,2,8,digit_circ:tens,200,0.0,1.0,0.0
B,units,2,8,digit_circ:units,200,0.09999999403953552,0.7400000095367432,1.2983033592031308
B,units,2,8,digit_circ:random_orth,200,0.0,0.9950000047683716,1.2983033592031308
B,units,2,8,both:all,200,0.7549999952316284,0.04999999701976776,3.0149890516884774
B,units,2,8,both:tens,200,0.0,0.9950000047683716,0.5782859703169816
B,units,2,8,both:units,200,0.7049999833106995,0.06499999761581421,2.9619066520993864
B,units,2,8,both:random_orth,200,0.0,0.9899999499320984,3.0149890516884774
B,units,2,10,full_swap,200,0.85999995470047,0.019999999552965164,6.257925987243652
B,units,2,10,helix:all,200,0.6599999666213989,0.125,2.6241824630870645
B,units,2,10,helix:tens,200,0.0,0.9899999499320984,0.3870774203231999
B,units,2,10,helix:units,200,0.6299999952316284,0.11999999731779099,2.5916870347221344
B,units,2,10,helix:random_orth,200,0.004999999888241291,0.9799999594688416,2.6241824630870645
B,units,2,10,digit_1hot:all,200,0.7099999785423279,0.05999999865889549,3.2232236757442383
B,units,2,10,digit_1hot:tens,200,0.0,1.0,0.0
B,units,2,10,digit_1hot:units,200,0.7099999785423279,0.05999999865889549,3.2232236757442383
B,units,2,10,digit_1hot:random_orth,200,0.0,0.9749999642372131,3.223223675744238
B,units,2,10,digit_circ:all,200,0.10499999672174454,0.7299999594688416,1.4435593355182033
B,units,2,10,digit_circ:tens,200,0.0,1.0,0.0
B,units,2,10,digit_circ:units,200,0.10499999672174454,0.7299999594688416,1.4435593355182033
B,units,2,10,digit_circ:random_orth,200,0.0,0.9950000047683716,1.4435593355182033
B,units,2,10,both:all,200,0.7299999594688416,0.05999999865889549,3.276895809614838
B,units,2,10,both:tens,200,0.0,0.9950000047683716,0.6181306149245526
B,units,2,10,both:units,200,0.699999988079071,0.06499999761581421,3.2210944921515594
B,units,2,10,both:random_orth,200,0.0,0.9749999642372131,3.276895809614838
B,units,2,12,full_swap,200,0.7999999523162842,0.07499999552965164,7.286429405212402
B,units,2,12,helix:all,200,0.5349999666213989,0.2849999964237213,3.2125531341810722
B,units,2,12,helix:tens,200,0.0,1.0,0.42219379180631705
B,units,2,12,helix:units,200,0.5149999856948853,0.2750000059604645,3.181396136534985
B,units,2,12,helix:random_orth,200,0.0,0.9799999594688416,3.2125531341810722
B,units,2,12,digit_1hot:all,200,0.6150000095367432,0.1850000023841858,3.9927110966484367
B,units,2,12,digit_1hot:tens,200,0.0,1.0,0.0
B,units,2,12,digit_1hot:units,200,0.6150000095367432,0.1850000023841858,3.9927110966484367
B,units,2,12,digit_1hot:random_orth,200,0.0,0.949999988079071,3.9927110966484367
B,units,2,12,digit_circ:all,200,0.0949999988079071,0.73499995470047,1.768847055663311
B,units,2,12,digit_circ:tens,200,0.0,1.0,0.0
B,units,2,12,digit_circ:units,200,0.0949999988079071,0.73499995470047,1.768847055663311
B,units,2,12,digit_circ:random_orth,200,0.0,0.9950000047683716,1.768847055663311
B,units,2,12,both:all,200,0.6150000095367432,0.17999999225139618,4.0456076224947
B,units,2,12,both:tens,200,0.0,0.9950000047683716,0.6849270347316557
B,units,2,12,both:units,200,0.6049999594688416,0.1850000023841858,3.9890345637896107
B,units,2,12,both:random_orth,200,0.0,0.98499995470047,4.045607622494701
B,units,2,14,full_swap,200,0.550000011920929,0.3100000023841858,8.135268211364746
B,units,2,14,helix:all,200,0.38999998569488525,0.4650000035762787,3.6209316208052935
B,units,2,14,helix:tens,200,0.0,1.0,0.4731245467057585
B,units,2,14,helix:units,200,0.375,0.4699999988079071,3.5849874157563284
B,units,2,14,helix:random_orth,200,0.0,0.9950000047683716,3.6209316208052935
B,units,2,14,digit_1hot:all,200,0.4350000023841858,0.41999998688697815,4.462495597690339
B,units,2,14,digit_1hot:tens,200,0.0,1.0,0.0
B,units,2,14,digit_1hot:units,200,0.4350000023841858,0.41999998688697815,4.462495597690339
B,units,2,14,digit_1hot:random_orth,200,0.0,0.9799999594688416,4.462495597690339
B,units,2,14,digit_circ:all,200,0.054999999701976776,0.8299999833106995,2.0294112384812455
B,units,2,14,digit_circ:tens,200,0.0,1.0,0.0
B,units,2,14,digit_circ:units,200,0.054999999701976776,0.8299999833106995,2.0294112384812455
B,units,2,14,digit_circ:random_orth,200,0.0,0.9950000047683716,2.0294112384812455
B,units,2,14,both:all,200,0.4449999928474426,0.3999999761581421,4.52349740222402
B,units,2,14,both:tens,200,0.0,1.0,0.7707920363532259
B,units,2,14,both:units,200,0.42499998211860657,0.41999998688697815,4.45653849114256
B,units,2,14,both:random_orth,200,0.0,0.9899999499320984,4.52349740222402
B,units,2,16,full_swap,200,0.4749999940395355,0.3799999952316284,9.94156551361084
B,units,2,16,helix:all,200,0.3799999952316284,0.4599999785423279,4.485804965768692
B,units,2,16,helix:tens,200,0.0,1.0,0.5861270980944766
B,units,2,16,helix:units,200,0.3499999940395355,0.4699999988079071,4.441517264925136
B,units,2,16,helix:random_orth,200,0.0,0.9749999642372131,4.4858049657686925
B,units,2,16,digit_1hot:all,200,0.4099999964237213,0.44999998807907104,5.556381726439638
B,units,2,16,digit_1hot:tens,200,0.0,1.0,0.0
B,units,2,16,digit_1hot:units,200,0.4099999964237213,0.44999998807907104,5.556381726439638
B,units,2,16,digit_1hot:random_orth,200,0.0,0.98499995470047,5.556381726439638
B,units,2,16,digit_circ:all,200,0.04999999701976776,0.824999988079071,2.46531385369501
B,units,2,16,digit_circ:tens,200,0.0,1.0,0.0
B,units,2,16,digit_circ:units,200,0.04999999701976776,0.824999988079071,2.46531385369501
B,units,2,16,digit_circ:random_orth,200,0.0,0.9950000047683716,2.46531385369501
B,units,2,16,both:all,200,0.42499998211860657,0.4399999976158142,5.6262122845087585
B,units,2,16,both:tens,200,0.0,0.9950000047683716,0.9230912558814165
B,units,2,16,both:units,200,0.41499999165534973,0.4350000023841858,5.544176642884284
B,units,2,16,both:random_orth,200,0.0,0.98499995470047,5.6262122845087585
B,units,2,18,full_swap,200,0.29499998688697815,0.5799999833106995,11.284911155700684
B,units,2,18,helix:all,200,0.20999999344348907,0.6399999856948853,5.032624641548449
B,units,2,18,helix:tens,200,0.0,1.0,0.6545089349291174
B,units,2,18,helix:units,200,0.20999999344348907,0.6399999856948853,4.985135579036669
B,units,2,18,helix:random_orth,200,0.0,1.0,5.032624641548449
B,units,2,18,digit_1hot:all,200,0.23999999463558197,0.6049999594688416,6.19894771228679
B,units,2,18,digit_1hot:tens,200,0.0,1.0,0.0
B,units,2,18,digit_1hot:units,200,0.23999999463558197,0.6049999594688416,6.19894771228679
B,units,2,18,digit_1hot:random_orth,200,0.0,0.9950000047683716,6.19894771228679
B,units,2,18,digit_circ:all,200,0.029999999329447746,0.8650000095367432,2.788452402344282
B,units,2,18,digit_circ:tens,200,0.0,1.0,0.0
B,units,2,18,digit_circ:units,200,0.029999999329447746,0.8650000095367432,2.788452402344282
B,units,2,18,digit_circ:random_orth,200,0.0,1.0,2.788452402344282
B,units,2,18,both:all,200,0.2549999952316284,0.6049999594688416,6.279334248425633
B,units,2,18,both:tens,200,0.0,1.0,1.0473229538118503
B,units,2,18,both:units,200,0.22999998927116394,0.6200000047683716,6.183738859449339
B,units,2,18,both:random_orth,200,0.0,0.9749999642372131,6.279334248425633
B,units,2,20,full_swap,200,0.0,0.9799999594688416,12.631414413452148
B,units,2,20,helix:all,200,0.0,0.98499995470047,5.61277543987316
B,units,2,20,helix:tens,200,0.0,1.0,0.7325756130281514
B,units,2,20,helix:units,200,0.0,0.98499995470047,5.5583756339479145
B,units,2,20,helix:random_orth,200,0.0,1.0,5.61277543987316
B,units,2,20,digit_1hot:all,200,0.0,0.9749999642372131,6.850907794262193
B,units,2,20,digit_1hot:tens,200,0.0,1.0,0.0
B,units,2,20,digit_1hot:units,200,0.0,0.9749999642372131,6.850907794262193
B,units,2,20,digit_1hot:random_orth,200,0.0,1.0,6.850907794262193
B,units,2,20,digit_circ:all,200,0.0,0.9950000047683716,3.113431628504529
B,units,2,20,digit_circ:tens,200,0.0,1.0,0.0
B,units,2,20,digit_circ:units,200,0.0,0.9950000047683716,3.113431628504529
B,units,2,20,digit_circ:random_orth,200,0.0,1.0,3.113431628504529
B,units,2,20,both:all,200,0.0,0.9749999642372131,6.9396243419665185
B,units,2,20,both:tens,200,0.0,1.0,1.1675454424573775
B,units,2,20,both:units,200,0.0,0.9799999594688416,6.831120978287528
B,units,2,20,both:random_orth,200,0.0,1.0,6.939624341966518
B,units,3,0,full_swap,200,0.824999988079071,0.0,3.991809129714966
B,units,3,0,helix:all,200,0.6299999952316284,0.004999999888241291,2.0089327954886578
B,units,3,0,helix:tens,200,0.0,0.98499995470047,0.2964492545902467
B,units,3,0,helix:units,200,0.5649999976158142,0.004999999888241291,1.9883929164777958
B,units,3,0,helix:random_orth,200,0.0,0.9699999690055847,2.0089327954886578
B,units,3,0,digit_1hot:all,200,0.6399999856948853,0.009999999776482582,2.1528430550238196
B,units,3,0,digit_1hot:tens,200,0.0,0.9899999499320984,0.0
B,units,3,0,digit_1hot:units,200,0.6399999856948853,0.009999999776482582,2.1528430550238196
B,units,3,0,digit_1hot:random_orth,200,0.0,0.9549999833106995,2.1528430550238196
B,units,3,0,digit_circ:all,200,0.0,0.550000011920929,1.104839750848706
B,units,3,0,digit_circ:tens,200,0.0,0.9899999499320984,0.0
B,units,3,0,digit_circ:units,200,0.0,0.550000011920929,1.104839750848706
B,units,3,0,digit_circ:random_orth,200,0.0,0.9699999690055847,1.104839750848706
B,units,3,0,both:all,200,0.6349999904632568,0.009999999776482582,2.2095934313122614
B,units,3,0,both:tens,200,0.0,0.98499995470047,0.5380307836101073
B,units,3,0,both:units,200,0.6200000047683716,0.014999999664723873,2.162780251419256
B,units,3,0,both:random_orth,200,0.0,0.949999988079071,2.2095934313122614
B,units,3,2,full_swap,200,0.824999988079071,0.0,4.133730888366699
B,units,3,2,helix:all,200,0.6499999761581421,0.004999999888241291,2.111349390507325
B,units,3,2,helix:tens,200,0.0,0.98499995470047,0.3285523747816267
B,units,3,2,helix:units,200,0.5450000166893005,0.014999999664723873,2.0856297021620622
B,units,3,2,helix:random_orth,200,0.0,0.9599999785423279,2.1113493905073244
B,units,3,2,digit_1hot:all,200,0.6399999856948853,0.009999999776482582,2.2503527596558337
B,units,3,2,digit_1hot:tens,200,0.0,0.9899999499320984,0.0
B,units,3,2,digit_1hot:units,200,0.6399999856948853,0.009999999776482582,2.2503527596558337
B,units,3,2,digit_1hot:random_orth,200,0.0,0.9350000023841858,2.2503527596558337
B,units,3,2,digit_circ:all,200,0.0,0.5450000166893005,1.168485245641604
B,units,3,2,digit_circ:tens,200,0.0,0.9899999499320984,0.0
B,units,3,2,digit_circ:units,200,0.0,0.5450000166893005,1.168485245641604
B,units,3,2,digit_circ:random_orth,200,0.0,0.9649999737739563,1.168485245641604
B,units,3,2,both:all,200,0.6549999713897705,0.009999999776482582,2.312563950479756
B,units,3,2,both:tens,200,0.0,0.9799999594688416,0.5731875381964638
B,units,3,2,both:units,200,0.6200000047683716,0.014999999664723873,2.256376149793232
B,units,3,2,both:random_orth,200,0.0,0.9399999976158142,2.312563950479756
B,units,3,4,full_swap,200,0.824999988079071,0.0,4.766934871673584
B,units,3,4,helix:all,200,0.6399999856948853,0.004999999888241291,2.5064655228829036
B,units,3,4,helix:tens,200,0.0,0.98499995470047,0.3970809042214681
B,units,3,4,helix:units,200,0.5450000166893005,0.009999999776482582,2.4729998975158365
B,units,3,4,helix:random_orth,200,0.0,0.9649999737739563,2.5064655228829036
B,units,3,4,digit_1hot:all,200,0.6299999952316284,0.004999999888241291,2.647966529975416
B,units,3,4,digit_1hot:tens,200,0.0,0.9899999499320984,0.0
B,units,3,4,digit_1hot:units,200,0.6299999952316284,0.004999999888241291,2.647966529975416
B,units,3,4,digit_1hot:random_orth,200,0.0,0.9549999833106995,2.647966529975415
B,units,3,4,digit_circ:all,200,0.0,0.5049999952316284,1.378606744491783
B,units,3,4,digit_circ:tens,200,0.0,0.9899999499320984,0.0
B,units,3,4,digit_circ:units,200,0.0,0.5049999952316284,1.378606744491783
B,units,3,4,digit_circ:random_orth,200,0.0,0.9699999690055847,1.3786067444917827
B,units,3,4,both:all,200,0.6499999761581421,0.009999999776482582,2.72034676043275
B,units,3,4,both:tens,200,0.0,0.98499995470047,0.66234458806846
B,units,3,4,both:units,200,0.6150000095367432,0.004999999888241291,2.6507490294297145
B,units,3,4,both:random_orth,200,0.0,0.9449999928474426,2.72034676043275
B,units,3,6,full_swap,200,0.8199999928474426,0.004999999888241291,5.575927734375
B,units,3,6,helix:all,200,0.625,0.004999999888241291,2.9034048470783618
B,units,3,6,helix:tens,200,0.0,0.98499995470047,0.48282749464467484
B,units,3,6,helix:units,200,0.5600000023841858,0.009999999776482582,2.85559547607669
B,units,3,6,helix:random_orth,200,0.0,0.9549999833106995,2.9034048470783627
B,units,3,6,digit_1hot:all,200,0.625,0.004999999888241291,3.0511507060258056
B,units,3,6,digit_1hot:tens,200,0.0,0.9899999499320984,0.0
B,units,3,6,digit_1hot:units,200,0.625,0.004999999888241291,3.0511507060258056
B,units,3,6,digit_1hot:random_orth,200,0.0,0.9649999737739563,3.0511507060258056
B,units,3,6,digit_circ:all,200,0.0,0.4899999797344208,1.597830236366342
B,units,3,6,digit_circ:tens,200,0.0,0.9899999499320984,0.0
B,units,3,6,digit_circ:units,200,0.0,0.4899999797344208,1.597830236366342
B,units,3,6,digit_circ:random_orth,200,0.0,0.9699999690055847,1.597830236366342
B,units,3,6,both:all,200,0.6549999713897705,0.004999999888241291,3.140055901456061
B,units,3,6,both:tens,200,0.0,0.9749999642372131,0.7794621877585055
B,units,3,6,both:units,200,0.6049999594688416,0.004999999888241291,3.0491788641227906
B,units,3,6,both:random_orth,200,0.0,0.9699999690055847,3.140055901456061
B,units,3,8,full_swap,200,0.8199999928474426,0.004999999888241291,6.220694541931152
B,units,3,8,helix:all,200,0.6200000047683716,0.004999999888241291,3.2001999755157935
B,units,3,8,helix:tens,200,0.0,0.98499995470047,0.5453719266049117
B,units,3,8,helix:units,200,0.5450000166893005,0.014999999664723873,3.1436772558733024
B,units,3,8,helix:random_orth,200,0.0,0.949999988079071,3.2001999755157935
B,units,3,8,digit_1hot:all,200,0.6449999809265137,0.004999999888241291,3.358231561010572
B,units,3,8,digit_1hot:tens,200,0.0,0.9899999499320984,0.0
B,units,3,8,digit_1hot:units,200,0.6449999809265137,0.004999999888241291,3.358231561010572
B,units,3,8,digit_1hot:random_orth,200,0.0,0.9649999737739563,3.358231561010572
B,units,3,8,digit_circ:all,200,0.0,0.4650000035762787,1.7735391738044688
B,units,3,8,digit_circ:tens,200,0.0,0.9899999499320984,0.0
B,units,3,8,digit_circ:units,200,0.0,0.4650000035762787,1.7735391738044688
B,units,3,8,digit_circ:random_orth,200,0.0,0.9799999594688416,1.7735391738044688
B,units,3,8,both:all,200,0.6599999666213989,0.004999999888241291,3.461087325587121
B,units,3,8,both:tens,200,0.0,0.9699999690055847,0.8715661239410852
B,units,3,8,both:units,200,0.6200000047683716,0.009999999776482582,3.353380686404281
B,units,3,8,both:random_orth,200,0.0,0.9749999642372131,3.46108732558712
B,units,3,10,full_swap,200,0.8050000071525574,0.004999999888241291,6.765503406524658
B,units,3,10,helix:all,200,0.625,0.009999999776482582,3.5099431984522824
B,units,3,10,helix:tens,200,0.0,0.9799999594688416,0.5818571825267593
B,units,3,10,helix:units,200,0.5450000166893005,0.009999999776482582,3.44791344387153
B,units,3,10,helix:random_orth,200,0.0,0.9449999928474426,3.5099431984522824
B,units,3,10,digit_1hot:all,200,0.6449999809265137,0.009999999776482582,3.6711981082250076
B,units,3,10,digit_1hot:tens,200,0.0,0.9899999499320984,0.0
B,units,3,10,digit_1hot:units,200,0.6449999809265137,0.009999999776482582,3.6711981082250076
B,units,3,10,digit_1hot:random_orth,200,0.0,0.949999988079071,3.671198108225007
B,units,3,10,digit_circ:all,200,0.0,0.42499998211860657,1.971049368333824
B,units,3,10,digit_circ:tens,200,0.0,0.9899999499320984,0.0
B,units,3,10,digit_circ:units,200,0.0,0.42499998211860657,1.971049368333824
B,units,3,10,digit_circ:random_orth,200,0.0,0.9799999594688416,1.971049368333824
B,units,3,10,both:all,200,0.6699999570846558,0.004999999888241291,3.77808915877023
B,units,3,10,both:tens,200,0.0,0.9649999737739563,0.9314819459304311
B,units,3,10,both:units,200,0.625,0.009999999776482582,3.665192341306273
B,units,3,10,both:random_orth,200,0.0,0.9549999833106995,3.77808915877023
B,units,3,12,full_swap,200,0.7400000095367432,0.004999999888241291,7.825786590576172
B,units,3,12,helix:all,200,0.4749999940395355,0.03500000014901161,4.285322560428758
B,units,3,12,helix:tens,200,0.0,0.9950000047683716,0.6346523254614028
B,units,3,12,helix:units,200,0.41999998688697815,0.03500000014901161,4.224434235251269
B,units,3,12,helix:random_orth,200,0.0,0.9749999642372131,4.285322560428758
B,units,3,12,digit_1hot:all,200,0.5249999761581421,0.029999999329447746,4.528239190600342
B,units,3,12,digit_1hot:tens,200,0.0,0.9899999499320984,0.0
B,units,3,12,digit_1hot:units,200,0.5249999761581421,0.029999999329447746,4.528239190600342
B,units,3,12,digit_1hot:random_orth,200,0.0,0.9549999833106995,4.528239190600342
B,units,3,12,digit_circ:all,200,0.0,0.5299999713897705,2.4195752138139763
B,units,3,12,digit_circ:tens,200,0.0,0.9899999499320984,0.0
B,units,3,12,digit_circ:units,200,0.0,0.5299999713897705,2.4195752138139763
B,units,3,12,digit_circ:random_orth,200,0.0,0.9799999594688416,2.4195752138139763
B,units,3,12,both:all,200,0.5199999809265137,0.02499999850988388,4.637124753974645
B,units,3,12,both:tens,200,0.0,0.9799999594688416,1.0323797120890108
B,units,3,12,both:units,200,0.4899999797344208,0.02499999850988388,4.520017460865368
B,units,3,12,both:random_orth,200,0.0,0.9449999928474426,4.637124753974645
B,units,3,14,full_swap,200,0.3799999952316284,0.11499999463558197,8.775888442993164
B,units,3,14,helix:all,200,0.26499998569488525,0.23999999463558197,4.846047123200749
B,units,3,14,helix:tens,200,0.0,0.9950000047683716,0.7114875409260876
B,units,3,14,helix:units,200,0.23999999463558197,0.25,4.775817984988595
B,units,3,14,helix:random_orth,200,0.0,0.9599999785423279,4.846047123200749
B,units,3,14,digit_1hot:all,200,0.2800000011920929,0.22999998927116394,5.116081926396365
B,units,3,14,digit_1hot:tens,200,0.0,0.9899999499320984,0.0
B,units,3,14,digit_1hot:units,200,0.2800000011920929,0.22999998927116394,5.116081926396365
B,units,3,14,digit_1hot:random_orth,200,0.0,0.9699999690055847,5.116081926396365
B,units,3,14,digit_circ:all,200,0.0,0.6349999904632568,2.7884684522121357
B,units,3,14,digit_circ:tens,200,0.0,0.9899999499320984,0.0
B,units,3,14,digit_circ:units,200,0.0,0.6349999904632568,2.7884684522121357
B,units,3,14,digit_circ:random_orth,200,0.0,0.9599999785423279,2.7884684522121357
B,units,3,14,both:all,200,0.29499998688697815,0.19999998807907104,5.2404364868193944
B,units,3,14,both:tens,200,0.0,0.9899999499320984,1.162586313935419
B,units,3,14,both:units,200,0.26499998569488525,0.23499999940395355,5.102729050950347
B,units,3,14,both:random_orth,200,0.0,0.9649999737739563,5.2404364868193944
B,units,3,16,full_swap,200,0.28999999165534973,0.1899999976158142,10.668108940124512
B,units,3,16,helix:all,200,0.22999998927116394,0.2800000011920929,5.963875903524041
B,units,3,16,helix:tens,200,0.0,0.9899999499320984,0.8815479651330237
B,units,3,16,helix:units,200,0.2199999988079071,0.2750000059604645,5.874510195430719
B,units,3,16,helix:random_orth,200,0.0,0.9799999594688416,5.963875903524042
B,units,3,16,digit_1hot:all,200,0.26499998569488525,0.25999999046325684,6.365695395646048
B,units,3,16,digit_1hot:tens,200,0.0,0.9899999499320984,0.0
B,units,3,16,digit_1hot:units,200,0.26499998569488525,0.25999999046325684,6.365695395646048
B,units,3,16,digit_1hot:random_orth,200,0.0,0.9799999594688416,6.365695395646048
B,units,3,16,digit_circ:all,200,0.0,0.6449999809265137,3.3896353231109435
B,units,3,16,digit_circ:tens,200,0.0,0.9899999499320984,0.0
B,units,3,16,digit_circ:units,200,0.0,0.6449999809265137,3.3896353231109435
B,units,3,16,digit_circ:random_orth,200,0.0,0.9799999594688416,3.3896353231109435
B,units,3,16,both:all,200,0.26499998569488525,0.2549999952316284,6.508767725766091
B,units,3,16,both:tens,200,0.0,0.9899999499320984,1.3915756448633767
B,units,3,16,both:units,200,0.26499998569488525,0.25999999046325684,6.340940814653809
B,units,3,16,both:random_orth,200,0.0,0.9649999737739563,6.508767725766091
B,units,3,18,full_swap,200,0.10999999940395355,0.41999998688697815,12.033039093017578
B,units,3,18,helix:all,200,0.08500000089406967,0.4899999797344208,6.67985301657006
B,units,3,18,helix:tens,200,0.0,0.9899999499320984,0.9844897866067979
B,units,3,18,helix:units,200,0.08500000089406967,0.48499998450279236,6.580839720598451
B,units,3,18,helix:random_orth,200,0.0,0.9599999785423279,6.67985301657006
B,units,3,18,digit_1hot:all,200,0.0949999988079071,0.4650000035762787,7.134990515353177
B,units,3,18,digit_1hot:tens,200,0.0,0.9899999499320984,0.0
B,units,3,18,digit_1hot:units,200,0.0949999988079071,0.4650000035762787,7.134990515353177
B,units,3,18,digit_1hot:random_orth,200,0.0,0.9749999642372131,7.134990515353178
B,units,3,18,digit_circ:all,200,0.0,0.7199999690055847,3.8427028821241276
B,units,3,18,digit_circ:tens,200,0.0,0.9899999499320984,0.0
B,units,3,18,digit_circ:units,200,0.0,0.7199999690055847,3.8427028821241276
B,units,3,18,digit_circ:random_orth,200,0.0,0.9799999594688416,3.8427028821241276
B,units,3,18,both:all,200,0.0949999988079071,0.45499998331069946,7.301739725304977
B,units,3,18,both:tens,200,0.0,0.9799999594688416,1.5799897350622247
B,units,3,18,both:units,200,0.0949999988079071,0.4699999988079071,7.105227562803211
B,units,3,18,both:random_orth,200,0.0,0.9749999642372131,7.301739725304977
B,units,3,20,full_swap,200,0.0,0.9699999690055847,13.476208686828613
B,units,3,20,helix:all,200,0.0,0.9749999642372131,7.448644258540103
B,units,3,20,helix:tens,200,0.0,0.9899999499320984,1.1018167493061894
B,units,3,20,helix:units,200,0.0,0.9749999642372131,7.333090087270076
B,units,3,20,helix:random_orth,200,0.0,0.9950000047683716,7.448644258540103
B,units,3,20,digit_1hot:all,200,0.0,0.98499995470047,7.954441632919249
B,units,3,20,digit_1hot:tens,200,0.0,0.9899999499320984,0.0
B,units,3,20,digit_1hot:units,200,0.0,0.98499995470047,7.954441632919249
B,units,3,20,digit_1hot:random_orth,200,0.0,0.98499995470047,7.9544416329192495
B,units,3,20,digit_circ:all,200,0.0,0.9749999642372131,4.288314511710956
B,units,3,20,digit_circ:tens,200,0.0,0.9899999499320984,0.0
B,units,3,20,digit_circ:units,200,0.0,0.9749999642372131,4.288314511710956
B,units,3,20,digit_circ:random_orth,200,0.0,0.9950000047683716,4.288314511710956
B,units,3,20,both:all,200,0.0,0.9799999594688416,8.1438532744751
B,units,3,20,both:tens,200,0.0,0.98499995470047,1.7625645713794529
B,units,3,20,both:units,200,0.0,0.98499995470047,7.917855337259885
B,units,3,20,both:random_orth,200,0.0,0.9950000047683716,8.1438532744751
B,tens,-30,0,full_swap,200,0.949999988079071,0.0,4.586430072784424
B,tens,-30,0,helix:all,200,0.3100000023841858,0.0949999988079071,2.2401808556053022
B,tens,-30,0,helix:tens,200,0.3100000023841858,0.0949999988079071,2.2401808556053022
B,tens,-30,0,helix:units,200,0.004999999888241291,0.9899999499320984,2.749150155520039e-15
B,tens,-30,0,helix:random_orth,200,0.0,0.949999988079071,2.2401808556053022
B,tens,-30,0,digit_1hot:all,200,0.7549999952316284,0.0,2.7986744816349676
B,tens,-30,0,digit_1hot:tens,200,0.7549999952316284,0.0,2.7986744816349676
B,tens,-30,0,digit_1hot:units,200,0.004999999888241291,0.9899999499320984,0.0
B,tens,-30,0,digit_1hot:random_orth,200,0.004999999888241291,0.9399999976158142,2.798674481634968
B,tens,-30,0,digit_circ:all,200,0.2149999886751175,0.1550000011920929,2.0685488475219267
B,tens,-30,0,digit_circ:tens,200,0.2149999886751175,0.1550000011920929,2.0685488475219267
B,tens,-30,0,digit_circ:units,200,0.004999999888241291,0.9899999499320984,0.0
B,tens,-30,0,digit_circ:random_orth,200,0.0,0.9649999737739563,2.0685488475219267
B,tens,-30,0,both:all,200,0.75,0.0,2.9144036415127914
B,tens,-30,0,both:tens,200,0.75,0.0,2.9144036415127914
B,tens,-30,0,both:units,200,0.004999999888241291,0.9899999499320984,2.3170600756527175e-15
B,tens,-30,0,both:random_orth,200,0.0,0.9549999833106995,2.9144036415127914
B,tens,-30,2,full_swap,200,0.9399999976158142,0.0,4.758799076080322
B,tens,-30,2,helix:all,200,0.32499998807907104,0.0949999988079071,2.4510869595600027
B,tens,-30,2,helix:tens,200,0.32499998807907104,0.0949999988079071,2.4510869595600027
B,tens,-30,2,helix:units,200,0.004999999888241291,0.9899999499320984,2.8834611612790393e-15
B,tens,-30,2,helix:random_orth,200,0.004999999888241291,0.98499995470047,2.4510869595600027
B,tens,-30,2,digit_1hot:all,200,0.75,0.004999999888241291,2.985167899619362
B,tens,-30,2,digit_1hot:tens,200,0.75,0.004999999888241291,2.985167899619362
B,tens,-30,2,digit_1hot:units,200,0.004999999888241291,0.9899999499320984,0.0
B,tens,-30,2,digit_1hot:random_orth,200,0.004999999888241291,0.9350000023841858,2.985167899619362
B,tens,-30,2,digit_circ:all,200,0.2199999988079071,0.1550000011920929,2.2736199421039753
B,tens,-30,2,digit_circ:tens,200,0.2199999988079071,0.1550000011920929,2.2736199421039753
B,tens,-30,2,digit_circ:units,200,0.004999999888241291,0.9899999499320984,0.0
B,tens,-30,2,digit_circ:random_orth,200,0.0,0.9350000023841858,2.2736199421039753
B,tens,-30,2,both:all,200,0.7400000095367432,0.004999999888241291,3.1122577384667722
B,tens,-30,2,both:tens,200,0.7400000095367432,0.004999999888241291,3.1122577384667722
B,tens,-30,2,both:units,200,0.004999999888241291,0.9899999499320984,2.4280265585274424e-15
B,tens,-30,2,both:random_orth,200,0.004999999888241291,0.9399999976158142,3.1122577384667727
B,tens,-30,4,full_swap,200,0.9449999928474426,0.0,5.51025390625
B,tens,-30,4,helix:all,200,0.3149999976158142,0.11999999731779099,2.9747764488908173
B,tens,-30,4,helix:tens,200,0.3149999976158142,0.11999999731779099,2.9747764488908173
B,tens,-30,4,helix:units,200,0.004999999888241291,0.9899999499320984,3.4008563071273122e-15
B,tens,-30,4,helix:random_orth,200,0.009999999776482582,0.9599999785423279,2.9747764488908173
B,tens,-30,4,digit_1hot:all,200,0.7199999690055847,0.004999999888241291,3.5473593923399824
B,tens,-30,4,digit_1hot:tens,200,0.7199999690055847,0.004999999888241291,3.5473593923399824
B,tens,-30,4,digit_1hot:units,200,0.004999999888241291,0.9899999499320984,0.0
B,tens,-30,4,digit_1hot:random_orth,200,0.004999999888241291,0.9399999976158142,3.5473593923399824
B,tens,-30,4,digit_circ:all,200,0.20999999344348907,0.1599999964237213,2.8066667732073434
B,tens,-30,4,digit_circ:tens,200,0.20999999344348907,0.1599999964237213,2.8066667732073434
B,tens,-30,4,digit_circ:units,200,0.004999999888241291,0.9899999499320984,0.0
B,tens,-30,4,digit_circ:random_orth,200,0.0,0.949999988079071,2.8066667732073434
B,tens,-30,4,both:all,200,0.7199999690055847,0.004999999888241291,3.6958202661586967
B,tens,-30,4,both:tens,200,0.7199999690055847,0.004999999888241291,3.6958202661586967
B,tens,-30,4,both:units,200,0.004999999888241291,0.9899999499320984,2.8623685354138004e-15
B,tens,-30,4,both:random_orth,200,0.0,0.9350000023841858,3.6958202661586967
B,tens,-30,6,full_swap,200,0.9350000023841858,0.0,6.485763072967529
B,tens,-30,6,helix:all,200,0.3199999928474426,0.10499999672174454,3.585500450770825
B,tens,-30,6,helix:tens,200,0.3199999928474426,0.10499999672174454,3.585500450770825
B,tens,-30,6,helix:units,200,0.004999999888241291,0.9899999499320984,3.933507235445355e-15
B,tens,-30,6,helix:random_orth,200,0.0,0.9599999785423279,3.585500450770825
B,tens,-30,6,digit_1hot:all,200,0.7099999785423279,0.004999999888241291,4.196004586037344
B,tens,-30,6,digit_1hot:tens,200,0.7099999785423279,0.004999999888241291,4.196004586037344
B,tens,-30,6,digit_1hot:units,200,0.004999999888241291,0.9899999499320984,0.0
B,tens,-30,6,digit_1hot:random_orth,200,0.004999999888241291,0.949999988079071,4.196004586037344
B,tens,-30,6,digit_circ:all,200,0.22499999403953552,0.14999999105930328,3.4083222617146096
B,tens,-30,6,digit_circ:tens,200,0.22499999403953552,0.14999999105930328,3.4083222617146096
B,tens,-30,6,digit_circ:units,200,0.004999999888241291,0.9899999499320984,0.0
B,tens,-30,6,digit_circ:random_orth,200,0.004999999888241291,0.9449999928474426,3.4083222617146096
B,tens,-30,6,both:all,200,0.6949999928474426,0.004999999888241291,4.375815312185719
B,tens,-30,6,both:tens,200,0.6949999928474426,0.004999999888241291,4.375815312185719
B,tens,-30,6,both:units,200,0.004999999888241291,0.9899999499320984,3.3130483379535043e-15
B,tens,-30,6,both:random_orth,200,0.004999999888241291,0.9399999976158142,4.37581531218572
B,tens,-30,8,full_swap,200,0.9249999523162842,0.0,7.328024387359619
B,tens,-30,8,helix:all,200,0.29999998211860657,0.10999999940395355,4.027008713717679
B,tens,-30,8,helix:tens,200,0.29999998211860657,0.10999999940395355,4.027008713717679
B,tens,-30,8,helix:units,200,0.004999999888241291,0.9899999499320984,4.307536757175836e-15
B,tens,-30,8,helix:random_orth,200,0.0,0.9549999833106995,4.027008713717679
B,tens,-30,8,digit_1hot:all,200,0.6850000023841858,0.004999999888241291,4.711749572740178
B,tens,-30,8,digit_1hot:tens,200,0.6850000023841858,0.004999999888241291,4.711749572740178
B,tens,-30,8,digit_1hot:units,200,0.004999999888241291,0.9899999499320984,0.0
B,tens,-30,8,digit_1hot:random_orth,200,0.004999999888241291,0.9399999976158142,4.711749572740177
B,tens,-30,8,digit_circ:all,200,0.22499999403953552,0.13499999046325684,3.8277850659699606
B,tens,-30,8,digit_circ:tens,200,0.22499999403953552,0.13499999046325684,3.8277850659699606
B,tens,-30,8,digit_circ:units,200,0.004999999888241291,0.9899999499320984,0.0
B,tens,-30,8,digit_circ:random_orth,200,0.004999999888241291,0.9699999690055847,3.8277850659699606
B,tens,-30,8,both:all,200,0.675000011920929,0.0,4.912034023788197
B,tens,-30,8,both:tens,200,0.675000011920929,0.0,4.912034023788197
B,tens,-30,8,both:units,200,0.004999999888241291,0.9899999499320984,3.627164001500022e-15
B,tens,-30,8,both:random_orth,200,0.0,0.9300000071525574,4.912034023788197
B,tens,-30,10,full_swap,200,0.9449999928474426,0.0,7.912621021270752
B,tens,-30,10,helix:all,200,0.29499998688697815,0.10999999940395355,4.281063468119658
B,tens,-30,10,helix:tens,200,0.29499998688697815,0.10999999940395355,4.281063468119658
B,tens,-30,10,helix:units,200,0.004999999888241291,0.9899999499320984,4.696280774895959e-15
B,tens,-30,10,helix:random_orth,200,0.004999999888241291,0.949999988079071,4.281063468119657
B,tens,-30,10,digit_1hot:all,200,0.6949999928474426,0.004999999888241291,5.043128297185535
B,tens,-30,10,digit_1hot:tens,200,0.6949999928474426,0.004999999888241291,5.043128297185535
B,tens,-30,10,digit_1hot:units,200,0.004999999888241291,0.9899999499320984,0.0
B,tens,-30,10,digit_1hot:random_orth,200,0.004999999888241291,0.9549999833106995,5.043128297185535
B,tens,-30,10,digit_circ:all,200,0.22499999403953552,0.11499999463558197,4.057381365748738
B,tens,-30,10,digit_circ:tens,200,0.22499999403953552,0.11499999463558197,4.057381365748738
B,tens,-30,10,digit_circ:units,200,0.004999999888241291,0.9899999499320984,0.0
B,tens,-30,10,digit_circ:random_orth,200,0.004999999888241291,0.9549999833106995,4.057381365748738
B,tens,-30,10,both:all,200,0.6800000071525574,0.004999999888241291,5.2556010045407335
B,tens,-30,10,both:tens,200,0.6800000071525574,0.004999999888241291,5.2556010045407335
B,tens,-30,10,both:units,200,0.004999999888241291,0.9899999499320984,3.95880462533211e-15
B,tens,-30,10,both:random_orth,200,0.004999999888241291,0.9599999785423279,5.2556010045407335
B,tens,-30,12,full_swap,200,0.8799999952316284,0.004999999888241291,8.768562316894531
B,tens,-30,12,helix:all,200,0.2549999952316284,0.17000000178813934,4.662238926159675
B,tens,-30,12,helix:tens,200,0.2549999952316284,0.17000000178813934,4.662238926159674
B,tens,-30,12,helix:units,200,0.004999999888241291,0.9899999499320984,5.731855681189227e-15
B,tens,-30,12,helix:random_orth,200,0.004999999888241291,0.9649999737739563,4.662238926159675
B,tens,-30,12,digit_1hot:all,200,0.6200000047683716,0.029999999329447746,5.556967811609354
B,tens,-30,12,digit_1hot:tens,200,0.6200000047683716,0.029999999329447746,5.556967811609354
B,tens,-30,12,digit_1hot:units,200,0.004999999888241291,0.9899999499320984,0.0
B,tens,-30,12,digit_1hot:random_orth,200,0.004999999888241291,0.9549999833106995,5.556967811609354
B,tens,-30,12,digit_circ:all,200,0.17999999225139618,0.23499999940395355,4.3904982029864845
B,tens,-30,12,digit_circ:tens,200,0.17999999225139618,0.23499999940395355,4.3904982029864845
B,tens,-30,12,digit_circ:units,200,0.004999999888241291,0.9899999499320984,0.0
B,tens,-30,12,digit_circ:random_orth,200,0.004999999888241291,0.949999988079071,4.390498202986484
B,tens,-30,12,both:all,200,0.6399999856948853,0.02499999850988388,5.789134527280448
B,tens,-30,12,both:tens,200,0.6399999856948853,0.02499999850988388,5.789134527280448
B,tens,-30,12,both:units,200,0.004999999888241291,0.9899999499320984,4.8188009868612155e-15
B,tens,-30,12,both:random_orth,200,0.0,0.9649999737739563,5.789134527280448
B,tens,-30,14,full_swap,200,0.7299999594688416,0.029999999329447746,9.702418327331543
B,tens,-30,14,helix:all,200,0.14999999105930328,0.3649999797344208,5.19771446417419
B,tens,-30,14,helix:tens,200,0.14999999105930328,0.3649999797344208,5.197714464174192
B,tens,-30,14,helix:units,200,0.004999999888241291,0.9899999499320984,6.430442569123261e-15
B,tens,-30,14,helix:random_orth,200,0.004999999888241291,0.9699999690055847,5.19771446417419
B,tens,-30,14,digit_1hot:all,200,0.4699999988079071,0.07499999552965164,6.1678377423014785
B,tens,-30,14,digit_1hot:tens,200,0.4699999988079071,0.07499999552965164,6.1678377423014785
B,tens,-30,14,digit_1hot:units,200,0.004999999888241291,0.9899999499320984,0.0
B,tens,-30,14,digit_1hot:random_orth,200,0.004999999888241291,0.9649999737739563,6.1678377423014785
B,tens,-30,14,digit_circ:all,200,0.11499999463558197,0.4350000023841858,4.865049128434227
B,tens,-30,14,digit_circ:tens,200,0.11499999463558197,0.4350000023841858,4.865049128434227
B,tens,-30,14,digit_circ:units,200,0.004999999888241291,0.9899999499320984,0.0
B,tens,-30,14,digit_circ:random_orth,200,0.0,0.9799999594688416,4.865049128434227
B,tens,-30,14,both:all,200,0.4749999940395355,0.07499999552965164,6.432407593746604
B,tens,-30,14,both:tens,200,0.4749999940395355,0.07499999552965164,6.432407593746604
B,tens,-30,14,both:units,200,0.004999999888241291,0.9899999499320984,5.403341453870047e-15
B,tens,-30,14,both:random_orth,200,0.0,0.9799999594688416,6.432407593746604
B,tens,-30,16,full_swap,200,0.6800000071525574,0.054999999701976776,11.68896484375
B,tens,-30,16,helix:all,200,0.14999999105930328,0.4350000023841858,6.457358701352218
B,tens,-30,16,helix:tens,200,0.14999999105930328,0.4350000023841858,6.457358701352218
B,tens,-30,16,helix:units,200,0.004999999888241291,0.9899999499320984,7.941857472044135e-15
B,tens,-30,16,helix:random_orth,200,0.0,0.9899999499320984,6.457358701352218
B,tens,-30,16,digit_1hot:all,200,0.4449999928474426,0.125,7.546510095176619
B,tens,-30,16,digit_1hot:tens,200,0.4449999928474426,0.125,7.546510095176619
B,tens,-30,16,digit_1hot:units,200,0.004999999888241291,0.9899999499320984,0.0
B,tens,-30,16,digit_1hot:random_orth,200,0.004999999888241291,0.9699999690055847,7.546510095176619
B,tens,-30,16,digit_circ:all,200,0.10499999672174454,0.5,6.0460960043812255
B,tens,-30,16,digit_circ:tens,200,0.10499999672174454,0.5,6.0460960043812255
B,tens,-30,16,digit_circ:units,200,0.004999999888241291,0.9899999499320984,0.0
B,tens,-30,16,digit_circ:random_orth,200,0.004999999888241291,0.9799999594688416,6.0460960043812255
B,tens,-30,16,both:all,200,0.4599999785423279,0.12999999523162842,7.857834843103924
B,tens,-30,16,both:tens,200,0.4599999785423279,0.12999999523162842,7.857834843103924
B,tens,-30,16,both:units,200,0.004999999888241291,0.9899999499320984,6.654957520711524e-15
B,tens,-30,16,both:random_orth,200,0.004999999888241291,0.9649999737739563,7.857834843103924
B,tens,-30,18,full_swap,200,0.42499998211860657,0.3149999976158142,13.140069961547852
B,tens,-30,18,helix:all,200,0.029999999329447746,0.7849999666213989,7.2636014736805645
B,tens,-30,18,helix:tens,200,0.029999999329447746,0.7849999666213989,7.263601473680565
B,tens,-30,18,helix:units,200,0.004999999888241291,0.9899999499320984,8.894715551524993e-15
B,tens,-30,18,helix:random_orth,200,0.004999999888241291,0.98499995470047,7.2636014736805645
B,tens,-30,18,digit_1hot:all,200,0.2549999952316284,0.41999998688697815,8.441137420777691
B,tens,-30,18,digit_1hot:tens,200,0.2549999952316284,0.41999998688697815,8.441137420777691
B,tens,-30,18,digit_1hot:units,200,0.004999999888241291,0.9899999499320984,0.0
B,tens,-30,18,digit_1hot:random_orth,200,0.0,0.9749999642372131,8.44113742077769
B,tens,-30,18,digit_circ:all,200,0.029999999329447746,0.8499999642372131,6.799639372878101
B,tens,-30,18,digit_circ:tens,200,0.029999999329447746,0.8499999642372131,6.799639372878101
B,tens,-30,18,digit_circ:units,200,0.004999999888241291,0.9899999499320984,0.0
B,tens,-30,18,digit_circ:random_orth,200,0.0,0.9899999499320984,6.799639372878101
B,tens,-30,18,both:all,200,0.25999999046325684,0.4099999964237213,8.806046085054732
B,tens,-30,18,both:tens,200,0.25999999046325684,0.4099999964237213,8.806046085054732
B,tens,-30,18,both:units,200,0.004999999888241291,0.9899999499320984,7.439855012930218e-15
B,tens,-30,18,both:random_orth,200,0.004999999888241291,0.9749999642372131,8.806046085054732
B,tens,-30,20,full_swap,200,0.009999999776482582,0.9649999737739563,14.589377403259277
B,tens,-30,20,helix:all,200,0.004999999888241291,0.98499995470047,8.077293399191984
B,tens,-30,20,helix:tens,200,0.004999999888241291,0.98499995470047,8.077293399191984
B,tens,-30,20,helix:units,200,0.004999999888241291,0.9899999499320984,9.906587646427425e-15
B,tens,-30,20,helix:random_orth,200,0.0,0.9950000047683716,8.077293399191984
B,tens,-30,20,digit_1hot:all,200,0.004999999888241291,0.9799999594688416,9.290553683012694
B,tens,-30,20,digit_1hot:tens,200,0.004999999888241291,0.9799999594688416,9.290553683012694
B,tens,-30,20,digit_1hot:units,200,0.004999999888241291,0.9899999499320984,0.0
B,tens,-30,20,digit_1hot:random_orth,200,0.004999999888241291,0.9899999499320984,9.290553683012694
B,tens,-30,20,digit_circ:all,200,0.004999999888241291,0.9749999642372131,7.53665912869481
B,tens,-30,20,digit_circ:tens,200,0.004999999888241291,0.9749999642372131,7.53665912869481
B,tens,-30,20,digit_circ:units,200,0.004999999888241291,0.9899999499320984,0.0
B,tens,-30,20,digit_circ:random_orth,200,0.004999999888241291,0.9899999499320984,7.53665912869481
B,tens,-30,20,both:all,200,0.004999999888241291,0.98499995470047,9.707338261620674
B,tens,-30,20,both:tens,200,0.004999999888241291,0.98499995470047,9.707338261620674
B,tens,-30,20,both:units,200,0.004999999888241291,0.9899999499320984,8.278619312047554e-15
B,tens,-30,20,both:random_orth,200,0.004999999888241291,0.98499995470047,9.707338261620674
B,tens,-20,0,full_swap,200,0.8799999952316284,0.0,4.34682559967041
B,tens,-20,0,helix:all,200,0.3100000023841858,0.2800000011920929,1.6920050574576997
B,tens,-20,0,helix:tens,200,0.3100000023841858,0.2800000011920929,1.6920050574577
B,tens,-20,0,helix:units,200,0.0,0.9899999499320984,2.7464231064661777e-15
B,tens,-20,0,helix:random_orth,200,0.004999999888241291,0.9649999737739563,1.6920050574577
B,tens,-20,0,digit_1hot:all,200,0.6349999904632568,0.004999999888241291,2.5516470050141535
B,tens,-20,0,digit_1hot:tens,200,0.6349999904632568,0.004999999888241291,2.5516470050141535
B,tens,-20,0,digit_1hot:units,200,0.0,0.9899999499320984,0.0
B,tens,-20,0,digit_1hot:random_orth,200,0.004999999888241291,0.9599999785423279,2.5516470050141535
B,tens,-20,0,digit_circ:all,200,0.14000000059604645,0.41999998688697815,1.5087100737650787
B,tens,-20,0,digit_circ:tens,200,0.14000000059604645,0.41999998688697815,1.5087100737650787
B,tens,-20,0,digit_circ:units,200,0.0,0.9899999499320984,0.0
B,tens,-20,0,digit_circ:random_orth,200,0.0,0.98499995470047,1.5087100737650787
B,tens,-20,0,both:all,200,0.6649999618530273,0.0,2.6329118503598483
B,tens,-20,0,both:tens,200,0.6649999618530273,0.0,2.6329118503598483
B,tens,-20,0,both:units,200,0.0,0.9899999499320984,2.3183114299544253e-15
B,tens,-20,0,both:random_orth,200,0.0,0.9549999833106995,2.6329118503598483
B,tens,-20,2,full_swap,200,0.8849999904632568,0.0,4.532243251800537
B,tens,-20,2,helix:all,200,0.3100000023841858,0.2849999964237213,1.8692564595471755
B,tens,-20,2,helix:tens,200,0.3100000023841858,0.2849999964237213,1.8692564595471755
B,tens,-20,2,helix:units,200,0.0,0.9899999499320984,2.8834842989493778e-15
B,tens,-20,2,helix:random_orth,200,0.0,0.9649999737739563,1.869256459547175
B,tens,-20,2,digit_1hot:all,200,0.6100000143051147,0.009999999776482582,2.7268906311319836
B,tens,-20,2,digit_1hot:tens,200,0.6100000143051147,0.009999999776482582,2.7268906311319836
B,tens,-20,2,digit_1hot:units,200,0.0,0.9899999499320984,0.0
B,tens,-20,2,digit_1hot:random_orth,200,0.009999999776482582,0.9449999928474426,2.7268906311319836
B,tens,-20,2,digit_circ:all,200,0.1550000011920929,0.41499999165534973,1.6545409740129842
B,tens,-20,2,digit_circ:tens,200,0.1550000011920929,0.41499999165534973,1.6545409740129842
B,tens,-20,2,digit_circ:units,200,0.0,0.9899999499320984,0.0
B,tens,-20,2,digit_circ:random_orth,200,0.0,0.9749999642372131,1.6545409740129842
B,tens,-20,2,both:all,200,0.6549999713897705,0.0,2.8146222006046253
B,tens,-20,2,both:tens,200,0.6549999713897705,0.0,2.8146222006046253
B,tens,-20,2,both:units,200,0.0,0.9899999499320984,2.431517787627199e-15
B,tens,-20,2,both:random_orth,200,0.0,0.949999988079071,2.8146222006046253
B,tens,-20,4,full_swap,200,0.8700000047683716,0.0,5.247794151306152
B,tens,-20,4,helix:all,200,0.3199999928474426,0.2750000059604645,2.272026989626477
B,tens,-20,4,helix:tens,200,0.3199999928474426,0.2750000059604645,2.272026989626477
B,tens,-20,4,helix:units,200,0.0,0.9899999499320984,3.409478903513625e-15
B,tens,-20,4,helix:random_orth,200,0.004999999888241291,0.9649999737739563,2.272026989626477
B,tens,-20,4,digit_1hot:all,200,0.5949999690055847,0.014999999664723873,3.1971252748913264
B,tens,-20,4,digit_1hot:tens,200,0.5949999690055847,0.014999999664723873,3.1971252748913264
B,tens,-20,4,digit_1hot:units,200,0.0,0.9899999499320984,0.0
B,tens,-20,4,digit_1hot:random_orth,200,0.0,0.9649999737739563,3.1971252748913264
B,tens,-20,4,digit_circ:all,200,0.1550000011920929,0.41999998688697815,2.0241951617021186
B,tens,-20,4,digit_circ:tens,200,0.1550000011920929,0.41999998688697815,2.0241951617021186
B,tens,-20,4,digit_circ:units,200,0.0,0.9899999499320984,0.0
B,tens,-20,4,digit_circ:random_orth,200,0.0,0.9749999642372131,2.0241951617021186
B,tens,-20,4,both:all,200,0.625,0.009999999776482582,3.29919712370929
B,tens,-20,4,both:tens,200,0.625,0.009999999776482582,3.29919712370929
B,tens,-20,4,both:units,200,0.0,0.9899999499320984,2.8731450440547074e-15
B,tens,-20,4,both:random_orth,200,0.004999999888241291,0.9449999928474426,3.29919712370929
B,tens,-20,6,full_swap,200,0.8799999952316284,0.0,6.218798637390137
B,tens,-20,6,helix:all,200,0.29999998211860657,0.3050000071525574,2.7556288538366887
B,tens,-20,6,helix:tens,200,0.29999998211860657,0.3050000071525574,2.7556288538366887
B,tens,-20,6,helix:units,200,0.0,0.9899999499320984,3.959858946358161e-15
B,tens,-20,6,helix:random_orth,200,0.0,0.9549999833106995,2.7556288538366887
B,tens,-20,6,digit_1hot:all,200,0.6150000095367432,0.009999999776482582,3.7779085971080404
B,tens,-20,6,digit_1hot:tens,200,0.6150000095367432,0.009999999776482582,3.7779085971080404
B,tens,-20,6,digit_1hot:units,200,0.0,0.9899999499320984,0.0
B,tens,-20,6,digit_1hot:random_orth,200,0.004999999888241291,0.9449999928474426,3.7779085971080404
B,tens,-20,6,digit_circ:all,200,0.1550000011920929,0.39499998092651367,2.4459011773768196
B,tens,-20,6,digit_circ:tens,200,0.1550000011920929,0.39499998092651367,2.4459011773768196
B,tens,-20,6,digit_circ:units,200,0.0,0.9899999499320984,0.0
B,tens,-20,6,digit_circ:random_orth,200,0.0,0.9799999594688416,2.4459011773768196
B,tens,-20,6,both:all,200,0.6349999904632568,0.009999999776482582,3.8988538740286187
B,tens,-20,6,both:tens,200,0.6349999904632568,0.009999999776482582,3.8988538740286187
B,tens,-20,6,both:units,200,0.0,0.9899999499320984,3.339840872869704e-15
B,tens,-20,6,both:random_orth,200,0.0,0.9399999976158142,3.8988538740286187
B,tens,-20,8,full_swap,200,0.8700000047683716,0.0,7.082902431488037
B,tens,-20,8,helix:all,200,0.29499998688697815,0.29999998211860657,3.104466665163664
B,tens,-20,8,helix:tens,200,0.29499998688697815,0.29999998211860657,3.104466665163664
B,tens,-20,8,helix:units,200,0.0,0.9899999499320984,4.340266366307357e-15
B,tens,-20,8,helix:random_orth,200,0.0,0.9749999642372131,3.104466665163664
B,tens,-20,8,digit_1hot:all,200,0.5899999737739563,0.014999999664723873,4.2318237112518355
B,tens,-20,8,digit_1hot:tens,200,0.5899999737739563,0.014999999664723873,4.2318237112518355
B,tens,-20,8,digit_1hot:units,200,0.0,0.9899999499320984,0.0
B,tens,-20,8,digit_1hot:random_orth,200,0.004999999888241291,0.9649999737739563,4.2318237112518355
B,tens,-20,8,digit_circ:all,200,0.1599999964237213,0.38999998569488525,2.744027385106631
B,tens,-20,8,digit_circ:tens,200,0.1599999964237213,0.38999998569488525,2.744027385106631
B,tens,-20,8,digit_circ:units,200,0.0,0.9899999499320984,0.0
B,tens,-20,8,digit_circ:random_orth,200,0.009999999776482582,0.9599999785423279,2.744027385106631
B,tens,-20,8,both:all,200,0.6200000047683716,0.009999999776482582,4.365958283253447
B,tens,-20,8,both:tens,200,0.6200000047683716,0.009999999776482582,4.365958283253447
B,tens,-20,8,both:units,200,0.0,0.9899999499320984,3.659747395252036e-15
B,tens,-20,8,both:random_orth,200,0.009999999776482582,0.9350000023841858,4.365958283253447
B,tens,-20,10,full_swap,200,0.8799999952316284,0.0,7.731346607208252
B,tens,-20,10,helix:all,200,0.29499998688697815,0.32999998331069946,3.3048691965654133
B,tens,-20,10,helix:tens,200,0.29499998688697815,0.32999998331069946,3.3048691965654133
B,tens,-20,10,helix:units,200,0.0,0.9899999499320984,4.74297545371677e-15
B,tens,-20,10,helix:random_orth,200,0.004999999888241291,0.949999988079071,3.3048691965654133
B,tens,-20,10,digit_1hot:all,200,0.6100000143051147,0.014999999664723873,4.558327636824719
B,tens,-20,10,digit_1hot:tens,200,0.6100000143051147,0.014999999664723873,4.558327636824719
B,tens,-20,10,digit_1hot:units,200,0.0,0.9899999499320984,0.0
B,tens,-20,10,digit_1hot:random_orth,200,0.0,0.9449999928474426,4.55832763682472
B,tens,-20,10,digit_circ:all,200,0.16499999165534973,0.38499999046325684,2.9053048719581818
B,tens,-20,10,digit_circ:tens,200,0.16499999165534973,0.38499999046325684,2.9053048719581818
B,tens,-20,10,digit_circ:units,200,0.0,0.9899999499320984,0.0
B,tens,-20,10,digit_circ:random_orth,200,0.0,0.9799999594688416,2.9053048719581818
B,tens,-20,10,both:all,200,0.625,0.009999999776482582,4.699713060599356
B,tens,-20,10,both:tens,200,0.625,0.009999999776482582,4.699713060599356
B,tens,-20,10,both:units,200,0.0,0.9899999499320984,4.003348432711751e-15
B,tens,-20,10,both:random_orth,200,0.009999999776482582,0.9300000071525574,4.699713060599356
B,tens,-20,12,full_swap,200,0.8449999690055847,0.0,8.626132011413574
B,tens,-20,12,helix:all,200,0.20999999344348907,0.42499998211860657,3.5959861873385943
B,tens,-20,12,helix:tens,200,0.20999999344348907,0.42499998211860657,3.5959861873385943
B,tens,-20,12,helix:units,200,0.0,0.9899999499320984,5.7591830905114864e-15
B,tens,-20,12,helix:random_orth,200,0.0,0.9699999690055847,3.5959861873385943
B,tens,-20,12,digit_1hot:all,200,0.574999988079071,0.044999998062849045,5.074985565671626
B,tens,-20,12,digit_1hot:tens,200,0.574999988079071,0.044999998062849045,5.074985565671626
B,tens,-20,12,digit_1hot:units,200,0.0,0.9899999499320984,0.0
B,tens,-20,12,digit_1hot:random_orth,200,0.0,0.9649999737739563,5.074985565671626
B,tens,-20,12,digit_circ:all,200,0.08500000089406967,0.5699999928474426,3.1431431588008074
B,tens,-20,12,digit_circ:tens,200,0.08500000089406967,0.5699999928474426,3.1431431588008074
B,tens,-20,12,digit_circ:units,200,0.0,0.9899999499320984,0.0
B,tens,-20,12,digit_circ:random_orth,200,0.0,0.9799999594688416,3.1431431588008074
B,tens,-20,12,both:all,200,0.5999999642372131,0.03500000014901161,5.229778291994571
B,tens,-20,12,both:tens,200,0.5999999642372131,0.03500000014901161,5.229778291994571
B,tens,-20,12,both:units,200,0.0,0.9899999499320984,4.84667748032966e-15
B,tens,-20,12,both:random_orth,200,0.0,0.9799999594688416,5.229778291994571
B,tens,-20,14,full_swap,200,0.6899999976158142,0.054999999701976776,9.649378776550293
B,tens,-20,14,helix:all,200,0.09999999403953552,0.5849999785423279,4.013334743266457
B,tens,-20,14,helix:tens,200,0.09999999403953552,0.5849999785423279,4.013334743266458
B,tens,-20,14,helix:units,200,0.0,0.9899999499320984,6.4603722035605435e-15
B,tens,-20,14,helix:random_orth,200,0.0,0.9749999642372131,4.013334743266457
B,tens,-20,14,digit_1hot:all,200,0.45499998331069946,0.125,5.7250373107654955
B,tens,-20,14,digit_1hot:tens,200,0.45499998331069946,0.125,5.7250373107654955
B,tens,-20,14,digit_1hot:units,200,0.0,0.9899999499320984,0.0
B,tens,-20,14,digit_1hot:random_orth,200,0.0,0.9799999594688416,5.725037310765497
B,tens,-20,14,digit_circ:all,200,0.04999999701976776,0.7199999690055847,3.476225156304327
B,tens,-20,14,digit_circ:tens,200,0.04999999701976776,0.7199999690055847,3.476225156304327
B,tens,-20,14,digit_circ:units,200,0.0,0.9899999499320984,0.0
B,tens,-20,14,digit_circ:random_orth,200,0.004999999888241291,0.9649999737739563,3.4762251563043263
B,tens,-20,14,both:all,200,0.4399999976158142,0.11999999731779099,5.8971780281669135
B,tens,-20,14,both:tens,200,0.4399999976158142,0.11999999731779099,5.8971780281669135
B,tens,-20,14,both:units,200,0.0,0.9899999499320984,5.432826018440904e-15
B,tens,-20,14,both:random_orth,200,0.0,0.9599999785423279,5.8971780281669135
B,tens,-20,16,full_swap,200,0.6200000047683716,0.06499999761581421,11.591164588928223
B,tens,-20,16,helix:all,200,0.08500000089406967,0.6549999713897705,4.983709402647799
B,tens,-20,16,helix:tens,200,0.08500000089406967,0.6549999713897705,4.983709402647799
B,tens,-20,16,helix:units,200,0.0,0.9899999499320984,8.008115517767601e-15
B,tens,-20,16,helix:random_orth,200,0.0,0.9950000047683716,4.983709402647799
B,tens,-20,16,digit_1hot:all,200,0.4050000011920929,0.1599999964237213,7.007030723337023
B,tens,-20,16,digit_1hot:tens,200,0.4050000011920929,0.1599999964237213,7.007030723337023
B,tens,-20,16,digit_1hot:units,200,0.0,0.9899999499320984,0.0
B,tens,-20,16,digit_1hot:random_orth,200,0.0,0.9599999785423279,7.007030723337023
B,tens,-20,16,digit_circ:all,200,0.044999998062849045,0.75,4.3585798597063565
B,tens,-20,16,digit_circ:tens,200,0.044999998062849045,0.75,4.3585798597063565
B,tens,-20,16,digit_circ:units,200,0.0,0.9899999499320984,0.0
B,tens,-20,16,digit_circ:random_orth,200,0.0,0.9699999690055847,4.3585798597063565
B,tens,-20,16,both:all,200,0.429999977350235,0.14499999582767487,7.210967161994149
B,tens,-20,16,both:tens,200,0.429999977350235,0.14499999582767487,7.210967161994149
B,tens,-20,16,both:units,200,0.0,0.9899999499320984,6.716137746440999e-15
B,tens,-20,16,both:random_orth,200,0.0,0.9649999737739563,7.210967161994149
B,tens,-20,18,full_swap,200,0.39499998092651367,0.29499998688697815,13.038037300109863
B,tens,-20,18,helix:all,200,0.03999999910593033,0.8299999833106995,5.584337333897404
B,tens,-20,18,helix:tens,200,0.03999999910593033,0.8299999833106995,5.584337333897404
B,tens,-20,18,helix:units,200,0.0,0.9899999499320984,8.983455098798426e-15
B,tens,-20,18,helix:random_orth,200,0.0,0.9899999499320984,5.584337333897405
B,tens,-20,18,digit_1hot:all,200,0.19499999284744263,0.4699999988079071,7.82207255191146
B,tens,-20,18,digit_1hot:tens,200,0.19499999284744263,0.4699999988079071,7.82207255191146
B,tens,-20,18,digit_1hot:units,200,0.0,0.9899999499320984,0.0
B,tens,-20,18,digit_1hot:random_orth,200,0.0,0.9549999833106995,7.82207255191146
B,tens,-20,18,digit_circ:all,200,0.014999999664723873,0.9149999618530273,4.898856224048194
B,tens,-20,18,digit_circ:tens,200,0.014999999664723873,0.9149999618530273,4.898856224048194
B,tens,-20,18,digit_circ:units,200,0.0,0.9899999499320984,0.0
B,tens,-20,18,digit_circ:random_orth,200,0.0,0.9799999594688416,4.898856224048194
B,tens,-20,18,both:all,200,0.1850000023841858,0.4699999988079071,8.061449548296956
B,tens,-20,18,both:tens,200,0.1850000023841858,0.4699999988079071,8.061449548296956
B,tens,-20,18,both:units,200,0.0,0.9899999499320984,7.520182008855881e-15
B,tens,-20,18,both:random_orth,200,0.0,0.9649999737739563,8.061449548296956
B,tens,-20,20,full_swap,200,0.004999999888241291,0.9599999785423279,14.521780967712402
B,tens,-20,20,helix:all,200,0.0,0.9899999499320984,6.23109544243809
B,tens,-20,20,helix:tens,200,0.0,0.9899999499320984,6.23109544243809
B,tens,-20,20,helix:units,200,0.0,0.9899999499320984,1.0043230718499364e-14
B,tens,-20,20,helix:random_orth,200,0.0,0.9899999499320984,6.23109544243809
B,tens,-20,20,digit_1hot:all,200,0.0,0.9749999642372131,8.623247408146103
B,tens,-20,20,digit_1hot:tens,200,0.0,0.9749999642372131,8.623247408146103
B,tens,-20,20,digit_1hot:units,200,0.0,0.9899999499320984,0.0
B,tens,-20,20,digit_1hot:random_orth,200,0.0,0.9899999499320984,8.623247408146103
B,tens,-20,20,digit_circ:all,200,0.0,0.9799999594688416,5.435886062644579
B,tens,-20,20,digit_circ:tens,200,0.0,0.9799999594688416,5.435886062644579
B,tens,-20,20,digit_circ:units,200,0.0,0.9899999499320984,0.0
B,tens,-20,20,digit_circ:random_orth,200,0.0,0.9899999499320984,5.435886062644579
B,tens,-20,20,both:all,200,0.0,0.9699999690055847,8.896729007458735
B,tens,-20,20,both:tens,200,0.0,0.9699999690055847,8.896729007458735
B,tens,-20,20,both:units,200,0.0,0.9899999499320984,8.400005693689076e-15
B,tens,-20,20,both:random_orth,200,0.0,0.9950000047683716,8.896729007458733
B,tens,-10,0,full_swap,200,0.8949999809265137,0.004999999888241291,4.212019443511963
B,tens,-10,0,helix:all,200,0.1899999976158142,0.6150000095367432,0.9267639996485206
B,tens,-10,0,helix:tens,200,0.1899999976158142,0.6150000095367432,0.9267639996485206
B,tens,-10,0,helix:units,200,0.0,1.0,2.1025527254839024e-15
B,tens,-10,0,helix:random_orth,200,0.009999999776482582,0.9799999594688416,0.9267639996485206
B,tens,-10,0,digit_1hot:all,200,0.5899999737739563,0.1599999964237213,2.1541164579219463
B,tens,-10,0,digit_1hot:tens,200,0.5899999737739563,0.1599999964237213,2.1541164579219463
B,tens,-10,0,digit_1hot:units,200,0.0,1.0,0.0
B,tens,-10,0,digit_1hot:random_orth,200,0.009999999776482582,0.9599999785423279,2.1541164579219463
B,tens,-10,0,digit_circ:all,200,0.10499999672174454,0.7549999952316284,0.793586634924146
B,tens,-10,0,digit_circ:tens,200,0.10499999672174454,0.7549999952316284,0.793586634924146
B,tens,-10,0,digit_circ:units,200,0.0,1.0,0.0
B,tens,-10,0,digit_circ:random_orth,200,0.009999999776482582,0.9649999737739563,0.7935866349241462
B,tens,-10,0,both:all,200,0.5999999642372131,0.14499999582767487,2.1803391446660894
B,tens,-10,0,both:tens,200,0.5999999642372131,0.14499999582767487,2.1803391446660894
B,tens,-10,0,both:units,200,0.0,1.0,1.7742842752879006e-15
B,tens,-10,0,both:random_orth,200,0.014999999664723873,0.9649999737739563,2.1803391446660894
B,tens,-10,2,full_swap,200,0.8949999809265137,0.0,4.359651565551758
B,tens,-10,2,helix:all,200,0.19999998807907104,0.5699999928474426,1.0257855704950056
B,tens,-10,2,helix:tens,200,0.19999998807907104,0.5699999928474426,1.0257855704950054
B,tens,-10,2,helix:units,200,0.0,1.0,2.2040820033155273e-15
B,tens,-10,2,helix:random_orth,200,0.004999999888241291,0.9899999499320984,1.0257855704950056
B,tens,-10,2,digit_1hot:all,200,0.5849999785423279,0.14499999582767487,2.280562326464026
B,tens,-10,2,digit_1hot:tens,200,0.5849999785423279,0.14499999582767487,2.280562326464026
B,tens,-10,2,digit_1hot:units,200,0.0,1.0,0.0
B,tens,-10,2,digit_1hot:random_orth,200,0.004999999888241291,0.9799999594688416,2.280562326464026
B,tens,-10,2,digit_circ:all,200,0.08999999612569809,0.7549999952316284,0.8701464761337994
B,tens,-10,2,digit_circ:tens,200,0.08999999612569809,0.7549999952316284,0.8701464761337994
B,tens,-10,2,digit_circ:units,200,0.0,1.0,0.0
B,tens,-10,2,digit_circ:random_orth,200,0.004999999888241291,0.9899999499320984,0.8701464761337993
B,tens,-10,2,both:all,200,0.5899999737739563,0.14000000059604645,2.3097432124974007
B,tens,-10,2,both:tens,200,0.5899999737739563,0.14000000059604645,2.3097432124974007
B,tens,-10,2,both:units,200,0.0,1.0,1.8587544373921644e-15
B,tens,-10,2,both:random_orth,200,0.019999999552965164,0.949999988079071,2.3097432124974007
B,tens,-10,4,full_swap,200,0.8899999856948853,0.0,4.9689459800720215
B,tens,-10,4,helix:all,200,0.20499999821186066,0.5649999976158142,1.2434181983679466
B,tens,-10,4,helix:tens,200,0.20499999821186066,0.5649999976158142,1.2434181983679466
B,tens,-10,4,helix:units,200,0.0,1.0,2.600930768134023e-15
B,tens,-10,4,helix:random_orth,200,0.004999999888241291,0.9749999642372131,1.2434181983679466
B,tens,-10,4,digit_1hot:all,200,0.5899999737739563,0.13499999046325684,2.654315836127698
B,tens,-10,4,digit_1hot:tens,200,0.5899999737739563,0.13499999046325684,2.654315836127698
B,tens,-10,4,digit_1hot:units,200,0.0,1.0,0.0
B,tens,-10,4,digit_1hot:random_orth,200,0.014999999664723873,0.949999988079071,2.654315836127698
B,tens,-10,4,digit_circ:all,200,0.10499999672174454,0.7299999594688416,1.0617996098439042
B,tens,-10,4,digit_circ:tens,200,0.10499999672174454,0.7299999594688416,1.0617996098439042
B,tens,-10,4,digit_circ:units,200,0.0,1.0,0.0
B,tens,-10,4,digit_circ:random_orth,200,0.009999999776482582,0.9749999642372131,1.0617996098439042
B,tens,-10,4,both:all,200,0.6150000095367432,0.12999999523162842,2.6889918614560564
B,tens,-10,4,both:tens,200,0.6150000095367432,0.12999999523162842,2.6889918614560564
B,tens,-10,4,both:units,200,0.0,1.0,2.191587903705622e-15
B,tens,-10,4,both:random_orth,200,0.004999999888241291,0.9399999976158142,2.6889918614560564
B,tens,-10,6,full_swap,200,0.8799999952316284,0.0,5.76500129699707
B,tens,-10,6,helix:all,200,0.2149999886751175,0.5550000071525574,1.5069762279193097
B,tens,-10,6,helix:tens,200,0.2149999886751175,0.5550000071525574,1.5069762279193097
B,tens,-10,6,helix:units,200,0.0,1.0,3.0114070701432586e-15
B,tens,-10,6,helix:random_orth,200,0.014999999664723873,0.9599999785423279,1.5069762279193097
B,tens,-10,6,digit_1hot:all,200,0.6049999594688416,0.14499999582767487,3.065127684254999
B,tens,-10,6,digit_1hot:tens,200,0.6049999594688416,0.14499999582767487,3.065127684254999
B,tens,-10,6,digit_1hot:units,200,0.0,1.0,0.0
B,tens,-10,6,digit_1hot:random_orth,200,0.004999999888241291,0.9549999833106995,3.065127684254999
B,tens,-10,6,digit_circ:all,200,0.10999999940395355,0.7149999737739563,1.2807582299988929
B,tens,-10,6,digit_circ:tens,200,0.10999999940395355,0.7149999737739563,1.2807582299988929
B,tens,-10,6,digit_circ:units,200,0.0,1.0,0.0
B,tens,-10,6,digit_circ:random_orth,200,0.0,0.9950000047683716,1.2807582299988929
B,tens,-10,6,both:all,200,0.6349999904632568,0.13499999046325684,3.108221724390437
B,tens,-10,6,both:tens,200,0.6349999904632568,0.13499999046325684,3.108221724390437
B,tens,-10,6,both:units,200,0.0,1.0,2.5405977143676632e-15
B,tens,-10,6,both:random_orth,200,0.02499999850988388,0.9350000023841858,3.108221724390437
B,tens,-10,8,full_swap,200,0.8799999952316284,0.0,6.44180965423584
B,tens,-10,8,helix:all,200,0.20999999344348907,0.5600000023841858,1.6982248653043595
B,tens,-10,8,helix:tens,200,0.20999999344348907,0.5600000023841858,1.69822486530436
B,tens,-10,8,helix:units,200,0.0,1.0,3.2980035234969353e-15
B,tens,-10,8,helix:random_orth,200,0.0,0.9749999642372131,1.6982248653043595
B,tens,-10,8,digit_1hot:all,200,0.5899999737739563,0.14499999582767487,3.4074608728907547
B,tens,-10,8,digit_1hot:tens,200,0.5899999737739563,0.14499999582767487,3.4074608728907547
B,tens,-10,8,digit_1hot:units,200,0.0,1.0,0.0
B,tens,-10,8,digit_1hot:random_orth,200,0.004999999888241291,0.9449999928474426,3.4074608728907547
B,tens,-10,8,digit_circ:all,200,0.11499999463558197,0.7049999833106995,1.4362096790600336
B,tens,-10,8,digit_circ:tens,200,0.11499999463558197,0.7049999833106995,1.4362096790600336
B,tens,-10,8,digit_circ:units,200,0.0,1.0,0.0
B,tens,-10,8,digit_circ:random_orth,200,0.0,0.9699999690055847,1.4362096790600336
B,tens,-10,8,both:all,200,0.6349999904632568,0.12999999523162842,3.455425519515543
B,tens,-10,8,both:tens,200,0.6349999904632568,0.12999999523162842,3.455425519515543
B,tens,-10,8,both:units,200,0.0,1.0,2.783125632740144e-15
B,tens,-10,8,both:random_orth,200,0.009999999776482582,0.9649999737739563,3.455425519515543
B,tens,-10,10,full_swap,200,0.8849999904632568,0.0,6.998990058898926
B,tens,-10,10,helix:all,200,0.2149999886751175,0.5699999928474426,1.807840147167164
B,tens,-10,10,helix:tens,200,0.2149999886751175,0.5699999928474426,1.807840147167164
B,tens,-10,10,helix:units,200,0.0,1.0,3.6065741897154545e-15
B,tens,-10,10,helix:random_orth,200,0.004999999888241291,0.9699999690055847,1.807840147167164
B,tens,-10,10,digit_1hot:all,200,0.6100000143051147,0.14999999105930328,3.6973598472394182
B,tens,-10,10,digit_1hot:tens,200,0.6100000143051147,0.14999999105930328,3.6973598472394182
B,tens,-10,10,digit_1hot:units,200,0.0,1.0,0.0
B,tens,-10,10,digit_1hot:random_orth,200,0.004999999888241291,0.9549999833106995,3.6973598472394182
B,tens,-10,10,digit_circ:all,200,0.11999999731779099,0.699999988079071,1.5198125150895094
B,tens,-10,10,digit_circ:tens,200,0.11999999731779099,0.699999988079071,1.5198125150895094
B,tens,-10,10,digit_circ:units,200,0.0,1.0,0.0
B,tens,-10,10,digit_circ:random_orth,200,0.009999999776482582,0.9749999642372131,1.5198125150895094
B,tens,-10,10,both:all,200,0.6449999809265137,0.125,3.7476276995120714
B,tens,-10,10,both:tens,200,0.6449999809265137,0.125,3.7476276995120714
B,tens,-10,10,both:units,200,0.0,1.0,3.0456293985607823e-15
B,tens,-10,10,both:random_orth,200,0.004999999888241291,0.9749999642372131,3.7476276995120714
B,tens,-10,12,full_swap,200,0.9149999618530273,0.009999999776482582,7.864686489105225
B,tens,-10,12,helix:all,200,0.1850000023841858,0.6599999666213989,1.9706101516092684
B,tens,-10,12,helix:tens,200,0.1850000023841858,0.6599999666213989,1.9706101516092687
B,tens,-10,12,helix:units,200,0.0,1.0,4.3916742522401566e-15
B,tens,-10,12,helix:random_orth,200,0.004999999888241291,0.9899999499320984,1.9706101516092684
B,tens,-10,12,digit_1hot:all,200,0.5849999785423279,0.17999999225139618,4.164052776164919
B,tens,-10,12,digit_1hot:tens,200,0.5849999785423279,0.17999999225139618,4.164052776164919
B,tens,-10,12,digit_1hot:units,200,0.0,1.0,0.0
B,tens,-10,12,digit_1hot:random_orth,200,0.009999999776482582,0.9749999642372131,4.164052776164919
B,tens,-10,12,digit_circ:all,200,0.08500000089406967,0.8100000023841858,1.644068271734813
B,tens,-10,12,digit_circ:tens,200,0.08500000089406967,0.8100000023841858,1.644068271734813
B,tens,-10,12,digit_circ:units,200,0.0,1.0,0.0
B,tens,-10,12,digit_circ:random_orth,200,0.004999999888241291,0.98499995470047,1.644068271734813
B,tens,-10,12,both:all,200,0.574999988079071,0.19499999284744263,4.2142395976446005
B,tens,-10,12,both:tens,200,0.574999988079071,0.19499999284744263,4.2142395976446005
B,tens,-10,12,both:units,200,0.0,1.0,3.696183005834307e-15
B,tens,-10,12,both:random_orth,200,0.009999999776482582,0.9749999642372131,4.2142395976446005
B,tens,-10,14,full_swap,200,0.7999999523162842,0.10999999940395355,8.779436111450195
B,tens,-10,14,helix:all,200,0.11499999463558197,0.7799999713897705,2.202003730539738
B,tens,-10,14,helix:tens,200,0.11499999463558197,0.7799999713897705,2.202003730539738
B,tens,-10,14,helix:units,200,0.0,1.0,4.934974294153744e-15
B,tens,-10,14,helix:random_orth,200,0.0,0.9950000047683716,2.202003730539738
B,tens,-10,14,digit_1hot:all,200,0.4749999940395355,0.32499998807907104,4.674563291732773
B,tens,-10,14,digit_1hot:tens,200,0.4749999940395355,0.32499998807907104,4.674563291732773
B,tens,-10,14,digit_1hot:units,200,0.0,1.0,0.0
B,tens,-10,14,digit_1hot:random_orth,200,0.004999999888241291,0.9799999594688416,4.674563291732773
B,tens,-10,14,digit_circ:all,200,0.044999998062849045,0.8700000047683716,1.8167377816311026
B,tens,-10,14,digit_circ:tens,200,0.044999998062849045,0.8700000047683716,1.8167377816311026
B,tens,-10,14,digit_circ:units,200,0.0,1.0,0.0
B,tens,-10,14,digit_circ:random_orth,200,0.0,0.98499995470047,1.8167377816311023
B,tens,-10,14,both:all,200,0.4949999749660492,0.29499998688697815,4.730300120434543
B,tens,-10,14,both:tens,200,0.4949999749660492,0.29499998688697815,4.730300120434543
B,tens,-10,14,both:units,200,0.0,1.0,4.145841999837804e-15
B,tens,-10,14,both:random_orth,200,0.004999999888241291,0.9599999785423279,4.730300120434543
B,tens,-10,16,full_swap,200,0.7599999904632568,0.13499999046325684,10.558563232421875
B,tens,-10,16,helix:all,200,0.0949999988079071,0.8149999976158142,2.732062710286174
B,tens,-10,16,helix:tens,200,0.0949999988079071,0.8149999976158142,2.7320627102861743
B,tens,-10,16,helix:units,200,0.0,1.0,6.1234152322858646e-15
B,tens,-10,16,helix:random_orth,200,0.0,0.9899999499320984,2.732062710286174
B,tens,-10,16,digit_1hot:all,200,0.4350000023841858,0.3649999797344208,5.6889551292130225
B,tens,-10,16,digit_1hot:tens,200,0.4350000023841858,0.3649999797344208,5.6889551292130225
B,tens,-10,16,digit_1hot:units,200,0.0,1.0,0.0
B,tens,-10,16,digit_1hot:random_orth,200,0.004999999888241291,0.9799999594688416,5.6889551292130225
B,tens,-10,16,digit_circ:all,200,0.044999998062849045,0.8849999904632568,2.2846842611923477
B,tens,-10,16,digit_circ:tens,200,0.044999998062849045,0.8849999904632568,2.2846842611923477
B,tens,-10,16,digit_circ:units,200,0.0,1.0,0.0
B,tens,-10,16,digit_circ:random_orth,200,0.004999999888241291,0.9799999594688416,2.2846842611923477
B,tens,-10,16,both:all,200,0.4350000023841858,0.35999998450279236,5.754793677547395
B,tens,-10,16,both:tens,200,0.4350000023841858,0.35999998450279236,5.754793677547395
B,tens,-10,16,both:units,200,0.0,1.0,5.130650520412685e-15
B,tens,-10,16,both:random_orth,200,0.004999999888241291,0.9799999594688416,5.754793677547395
B,tens,-10,18,full_swap,200,0.4650000035762787,0.41999998688697815,11.8417329788208
B,tens,-10,18,helix:all,200,0.044999998062849045,0.8949999809265137,3.0555279651147207
B,tens,-10,18,helix:tens,200,0.044999998062849045,0.8949999809265137,3.0555279651147207
B,tens,-10,18,helix:units,200,0.0,1.0,6.8637712721354935e-15
B,tens,-10,18,helix:random_orth,200,0.0,0.9950000047683716,3.0555279651147207
B,tens,-10,18,digit_1hot:all,200,0.23999999463558197,0.6349999904632568,6.343193609175557
B,tens,-10,18,digit_1hot:tens,200,0.23999999463558197,0.6349999904632568,6.343193609175557
B,tens,-10,18,digit_1hot:units,200,0.0,1.0,0.0
B,tens,-10,18,digit_1hot:random_orth,200,0.004999999888241291,0.98499995470047,6.343193609175557
B,tens,-10,18,digit_circ:all,200,0.014999999664723873,0.9350000023841858,2.567016489138546
B,tens,-10,18,digit_circ:tens,200,0.014999999664723873,0.9350000023841858,2.567016489138546
B,tens,-10,18,digit_circ:units,200,0.0,1.0,0.0
B,tens,-10,18,digit_circ:random_orth,200,0.009999999776482582,0.9799999594688416,2.567016489138546
B,tens,-10,18,both:all,200,0.23999999463558197,0.6349999904632568,6.418168683090641
B,tens,-10,18,both:tens,200,0.23999999463558197,0.6349999904632568,6.418168683090641
B,tens,-10,18,both:units,200,0.0,1.0,5.738438784203362e-15
B,tens,-10,18,both:random_orth,200,0.009999999776482582,0.9749999642372131,6.418168683090641
B,tens,-10,20,full_swap,200,0.0,0.9950000047683716,13.090755462646484
B,tens,-10,20,helix:all,200,0.004999999888241291,0.9950000047683716,3.4144267508578654
B,tens,-10,20,helix:tens,200,0.004999999888241291,0.9950000047683716,3.4144267508578654
B,tens,-10,20,helix:units,200,0.0,1.0,7.672193073346676e-15
B,tens,-10,20,helix:random_orth,200,0.0,1.0,3.4144267508578654
B,tens,-10,20,digit_1hot:all,200,0.0,0.9899999499320984,6.92426754829449
B,tens,-10,20,digit_1hot:tens,200,0.0,0.9899999499320984,6.92426754829449
B,tens,-10,20,digit_1hot:units,200,0.0,1.0,0.0
B,tens,-10,20,digit_1hot:random_orth,200,0.0,1.0,6.92426754829449
B,tens,-10,20,digit_circ:all,200,0.004999999888241291,0.9950000047683716,2.849636226991087
B,tens,-10,20,digit_circ:tens,200,0.004999999888241291,0.9950000047683716,2.849636226991087
B,tens,-10,20,digit_circ:units,200,0.0,1.0,0.0
B,tens,-10,20,digit_circ:random_orth,200,0.0,1.0,2.849636226991087
B,tens,-10,20,both:all,200,0.0,0.9899999499320984,7.009339377304655
B,tens,-10,20,both:tens,200,0.0,0.9899999499320984,7.009339377304652
B,tens,-10,20,both:units,200,0.0,1.0,6.40678304147399e-15
B,tens,-10,20,both:random_orth,200,0.0,1.0,7.009339377304655
B,tens,10,0,full_swap,200,0.7799999713897705,0.07499999552965164,4.110630989074707
B,tens,10,0,helix:all,200,0.04999999701976776,0.9249999523162842,0.9252402592003582
B,tens,10,0,helix:tens,200,0.04999999701976776,0.9249999523162842,0.9252402592003582
B,tens,10,0,helix:units,200,0.0,0.9950000047683716,1.3223751824488354e-15
B,tens,10,0,helix:random_orth,200,0.0,0.9699999690055847,0.9252402592003582
B,tens,10,0,digit_1hot:all,200,0.3799999952316284,0.44999998807907104,2.1336049193235334
B,tens,10,0,digit_1hot:tens,200,0.3799999952316284,0.44999998807907104,2.1336049193235334
B,tens,10,0,digit_1hot:units,200,0.0,0.9950000047683716,0.0
B,tens,10,0,digit_1hot:random_orth,200,0.004999999888241291,0.9599999785423279,2.1336049193235334
B,tens,10,0,digit_circ:all,200,0.03999999910593033,0.9350000023841858,0.7920738761398993
B,tens,10,0,digit_circ:tens,200,0.03999999910593033,0.9350000023841858,0.7920738761398993
B,tens,10,0,digit_circ:units,200,0.0,0.9950000047683716,0.0
B,tens,10,0,digit_circ:random_orth,200,0.004999999888241291,0.9950000047683716,0.7920738761398993
B,tens,10,0,both:all,200,0.4099999964237213,0.4399999976158142,2.162732345517222
B,tens,10,0,both:tens,200,0.4099999964237213,0.4399999976158142,2.162732345517222
B,tens,10,0,both:units,200,0.0,0.9950000047683716,1.1124347659797368e-15
B,tens,10,0,both:random_orth,200,0.004999999888241291,0.9599999785423279,2.162732345517222
B,tens,10,2,full_swap,200,0.7699999809265137,0.07999999821186066,4.277178764343262
B,tens,10,2,helix:all,200,0.04999999701976776,0.9199999570846558,1.0267669387482037
B,tens,10,2,helix:tens,200,0.04999999701976776,0.9199999570846558,1.026766938748204
B,tens,10,2,helix:units,200,0.0,0.9950000047683716,1.3860557518822985e-15
B,tens,10,2,helix:random_orth,200,0.004999999888241291,0.9799999594688416,1.026766938748204
B,tens,10,2,digit_1hot:all,200,0.3199999928474426,0.5,2.2764253787363966
B,tens,10,2,digit_1hot:tens,200,0.3199999928474426,0.5,2.2764253787363966
B,tens,10,2,digit_1hot:units,200,0.0,0.9950000047683716,0.0
B,tens,10,2,digit_1hot:random_orth,200,0.004999999888241291,0.9399999976158142,2.2764253787363966
B,tens,10,2,digit_circ:all,200,0.03999999910593033,0.9300000071525574,0.8699516182332533
B,tens,10,2,digit_circ:tens,200,0.03999999910593033,0.9300000071525574,0.8699516182332533
B,tens,10,2,digit_circ:units,200,0.0,0.9950000047683716,0.0
B,tens,10,2,digit_circ:random_orth,200,0.004999999888241291,0.9749999642372131,0.8699516182332533
B,tens,10,2,both:all,200,0.39499998092651367,0.45499998331069946,2.3088969967849766
B,tens,10,2,both:tens,200,0.39499998092651367,0.45499998331069946,2.3088969967849766
B,tens,10,2,both:units,200,0.0,0.9950000047683716,1.1653201679998338e-15
B,tens,10,2,both:random_orth,200,0.004999999888241291,0.949999988079071,2.3088969967849766
B,tens,10,4,full_swap,200,0.7699999809265137,0.07999999821186066,4.8915934562683105
B,tens,10,4,helix:all,200,0.054999999701976776,0.9199999570846558,1.2479597466300907
B,tens,10,4,helix:tens,200,0.054999999701976776,0.9199999570846558,1.2479597466300907
B,tens,10,4,helix:units,200,0.0,0.9950000047683716,1.6353055692784654e-15
B,tens,10,4,helix:random_orth,200,0.004999999888241291,0.9699999690055847,1.2479597466300907
B,tens,10,4,digit_1hot:all,200,0.3149999976158142,0.5249999761581421,2.6652404780177728
B,tens,10,4,digit_1hot:tens,200,0.3149999976158142,0.5249999761581421,2.6652404780177728
B,tens,10,4,digit_1hot:units,200,0.0,0.9950000047683716,0.0
B,tens,10,4,digit_1hot:random_orth,200,0.004999999888241291,0.949999988079071,2.665240478017773
B,tens,10,4,digit_circ:all,200,0.044999998062849045,0.9199999570846558,1.0601279755216746
B,tens,10,4,digit_circ:tens,200,0.044999998062849045,0.9199999570846558,1.0601279755216746
B,tens,10,4,digit_circ:units,200,0.0,0.9950000047683716,0.0
B,tens,10,4,digit_circ:random_orth,200,0.0,0.9899999499320984,1.0601279755216746
B,tens,10,4,both:all,200,0.3649999797344208,0.4699999988079071,2.705246818874823
B,tens,10,4,both:tens,200,0.3649999797344208,0.4699999988079071,2.705246818874823
B,tens,10,4,both:units,200,0.0,0.9950000047683716,1.3751061951543484e-15
B,tens,10,4,both:random_orth,200,0.004999999888241291,0.9699999690055847,2.705246818874823
B,tens,10,6,full_swap,200,0.7649999856948853,0.07499999552965164,5.703896522521973
B,tens,10,6,helix:all,200,0.04999999701976776,0.9199999570846558,1.5142763253213958
B,tens,10,6,helix:tens,200,0.04999999701976776,0.9199999570846558,1.5142763253213958
B,tens,10,6,helix:units,200,0.0,0.9950000047683716,1.8893905774317864e-15
B,tens,10,6,helix:random_orth,200,0.004999999888241291,0.9799999594688416,1.5142763253213958
B,tens,10,6,digit_1hot:all,200,0.3199999928474426,0.5199999809265137,3.088329721274202
B,tens,10,6,digit_1hot:tens,200,0.3199999928474426,0.5199999809265137,3.088329721274202
B,tens,10,6,digit_1hot:units,200,0.0,0.9950000047683716,0.0
B,tens,10,6,digit_1hot:random_orth,200,0.004999999888241291,0.98499995470047,3.0883297212742025
B,tens,10,6,digit_circ:all,200,0.044999998062849045,0.9199999570846558,1.2762621311657825
B,tens,10,6,digit_circ:tens,200,0.044999998062849045,0.9199999570846558,1.2762621311657825
B,tens,10,6,digit_circ:units,200,0.0,0.9950000047683716,0.0
B,tens,10,6,digit_circ:random_orth,200,0.004999999888241291,0.9899999499320984,1.2762621311657825
B,tens,10,6,both:all,200,0.3349999785423279,0.5049999952316284,3.1390932271035727
B,tens,10,6,both:tens,200,0.3349999785423279,0.5049999952316284,3.1390932271035727
B,tens,10,6,both:units,200,0.0,0.9950000047683716,1.5905505746626368e-15
B,tens,10,6,both:random_orth,200,0.004999999888241291,0.9649999737739563,3.1390932271035727
B,tens,10,8,full_swap,200,0.7599999904632568,0.07999999821186066,6.390455722808838
B,tens,10,8,helix:all,200,0.04999999701976776,0.9249999523162842,1.7066831711932775
B,tens,10,8,helix:tens,200,0.04999999701976776,0.9249999523162842,1.7066831711932775
B,tens,10,8,helix:units,200,0.0,0.9950000047683716,2.068766709560557e-15
B,tens,10,8,helix:random_orth,200,0.004999999888241291,0.98499995470047,1.7066831711932775
B,tens,10,8,digit_1hot:all,200,0.3050000071525574,0.5249999761581421,3.439880362167978
B,tens,10,8,digit_1hot:tens,200,0.3050000071525574,0.5249999761581421,3.439880362167978
B,tens,10,8,digit_1hot:units,200,0.0,0.9950000047683716,0.0
B,tens,10,8,digit_1hot:random_orth,200,0.004999999888241291,0.9549999833106995,3.439880362167978
B,tens,10,8,digit_circ:all,200,0.03999999910593033,0.9099999666213989,1.4299641405524428
B,tens,10,8,digit_circ:tens,200,0.03999999910593033,0.9099999666213989,1.4299641405524428
B,tens,10,8,digit_circ:units,200,0.0,0.9950000047683716,0.0
B,tens,10,8,digit_circ:random_orth,200,0.004999999888241291,0.9899999499320984,1.4299641405524428
B,tens,10,8,both:all,200,0.32999998331069946,0.5199999809265137,3.4979868920679773
B,tens,10,8,both:tens,200,0.32999998331069946,0.5199999809265137,3.4979868920679773
B,tens,10,8,both:units,200,0.0,0.9950000047683716,1.74146259580597e-15
B,tens,10,8,both:random_orth,200,0.004999999888241291,0.9699999690055847,3.4979868920679773
B,tens,10,10,full_swap,200,0.7599999904632568,0.08500000089406967,6.959438323974609
B,tens,10,10,helix:all,200,0.054999999701976776,0.9049999713897705,1.816222962233963
B,tens,10,10,helix:tens,200,0.054999999701976776,0.9049999713897705,1.816222962233963
B,tens,10,10,helix:units,200,0.0,0.9950000047683716,2.2623292863555265e-15
B,tens,10,10,helix:random_orth,200,0.004999999888241291,0.98499995470047,1.816222962233963
B,tens,10,10,digit_1hot:all,200,0.3499999940395355,0.5049999952316284,3.723114581635209
B,tens,10,10,digit_1hot:tens,200,0.3499999940395355,0.5049999952316284,3.723114581635209
B,tens,10,10,digit_1hot:units,200,0.0,0.9950000047683716,0.0
B,tens,10,10,digit_1hot:random_orth,200,0.0,0.9799999594688416,3.7231145816352087
B,tens,10,10,digit_circ:all,200,0.03999999910593033,0.9049999713897705,1.511486676641258
B,tens,10,10,digit_circ:tens,200,0.03999999910593033,0.9049999713897705,1.511486676641258
B,tens,10,10,digit_circ:units,200,0.0,0.9950000047683716,0.0
B,tens,10,10,digit_circ:random_orth,200,0.0,0.9899999499320984,1.511486676641258
B,tens,10,10,both:all,200,0.3499999940395355,0.5,3.7829115872732415
B,tens,10,10,both:tens,200,0.3499999940395355,0.5,3.7829115872732415
B,tens,10,10,both:units,200,0.0,0.9950000047683716,1.9050192659238382e-15
B,tens,10,10,both:random_orth,200,0.004999999888241291,0.9799999594688416,3.7829115872732415
B,tens,10,12,full_swap,200,0.5699999928474426,0.26499998569488525,7.836286544799805
B,tens,10,12,helix:all,200,0.044999998062849045,0.9300000071525574,1.9792485187760405
B,tens,10,12,helix:tens,200,0.044999998062849045,0.9300000071525574,1.9792485187760405
B,tens,10,12,helix:units,200,0.0,0.9950000047683716,2.7537086223151078e-15
B,tens,10,12,helix:random_orth,200,0.004999999888241291,0.9799999594688416,1.9792485187760405
B,tens,10,12,digit_1hot:all,200,0.2549999952316284,0.6150000095367432,4.185477382146725
B,tens,10,12,digit_1hot:tens,200,0.2549999952316284,0.6150000095367432,4.185477382146725
B,tens,10,12,digit_1hot:units,200,0.0,0.9950000047683716,0.0
B,tens,10,12,digit_1hot:random_orth,200,0.004999999888241291,0.949999988079071,4.185477382146725
B,tens,10,12,digit_circ:all,200,0.029999999329447746,0.9350000023841858,1.6347367771523051
B,tens,10,12,digit_circ:tens,200,0.029999999329447746,0.9350000023841858,1.6347367771523051
B,tens,10,12,digit_circ:units,200,0.0,0.9950000047683716,0.0
B,tens,10,12,digit_circ:random_orth,200,0.0,0.9899999499320984,1.6347367771523051
B,tens,10,12,both:all,200,0.26999998092651367,0.6150000095367432,4.2487225300946285
B,tens,10,12,both:tens,200,0.26999998092651367,0.6150000095367432,4.2487225300946285
B,tens,10,12,both:units,200,0.0,0.9950000047683716,2.312043469747474e-15
B,tens,10,12,both:random_orth,200,0.004999999888241291,0.9549999833106995,4.2487225300946285
B,tens,10,14,full_swap,200,0.4099999964237213,0.45499998331069946,8.821523666381836
B,tens,10,14,helix:all,200,0.019999999552965164,0.9699999690055847,2.210422417799923
B,tens,10,14,helix:tens,200,0.019999999552965164,0.9699999690055847,2.210422417799923
B,tens,10,14,helix:units,200,0.0,0.9950000047683716,3.094406418590756e-15
B,tens,10,14,helix:random_orth,200,0.004999999888241291,0.9799999594688416,2.2104224177999234
B,tens,10,14,digit_1hot:all,200,0.1550000011920929,0.7400000095367432,4.7038094843159435
B,tens,10,14,digit_1hot:tens,200,0.1550000011920929,0.7400000095367432,4.7038094843159435
B,tens,10,14,digit_1hot:units,200,0.0,0.9950000047683716,0.0
B,tens,10,14,digit_1hot:random_orth,200,0.0,0.98499995470047,4.7038094843159435
B,tens,10,14,digit_circ:all,200,0.014999999664723873,0.949999988079071,1.8031580209488425
B,tens,10,14,digit_circ:tens,200,0.014999999664723873,0.949999988079071,1.8031580209488425
B,tens,10,14,digit_circ:units,200,0.0,0.9950000047683716,0.0
B,tens,10,14,digit_circ:random_orth,200,0.0,1.0,1.8031580209488425
B,tens,10,14,both:all,200,0.16499999165534973,0.7299999594688416,4.773549784778763
B,tens,10,14,both:tens,200,0.16499999165534973,0.7299999594688416,4.773549784778763
B,tens,10,14,both:units,200,0.0,0.9950000047683716,2.5940702817836243e-15
B,tens,10,14,both:random_orth,200,0.004999999888241291,0.9699999690055847,4.773549784778763
B,tens,10,16,full_swap,200,0.38499999046325684,0.4749999940395355,10.598679542541504
B,tens,10,16,helix:all,200,0.029999999329447746,0.9599999785423279,2.7420715101805353
B,tens,10,16,helix:tens,200,0.029999999329447746,0.9599999785423279,2.7420715101805353
B,tens,10,16,helix:units,200,0.0,0.9950000047683716,3.824027740148477e-15
B,tens,10,16,helix:random_orth,200,0.0,1.0,2.7420715101805353
B,tens,10,16,digit_1hot:all,200,0.1550000011920929,0.75,5.716531718340918
B,tens,10,16,digit_1hot:tens,200,0.1550000011920929,0.75,5.716531718340918
B,tens,10,16,digit_1hot:units,200,0.0,0.9950000047683716,0.0
B,tens,10,16,digit_1hot:random_orth,200,0.0,0.9699999690055847,5.716531718340918
B,tens,10,16,digit_circ:all,200,0.014999999664723873,0.9549999833106995,2.274448119105818
B,tens,10,16,digit_circ:tens,200,0.014999999664723873,0.9549999833106995,2.274448119105818
B,tens,10,16,digit_circ:units,200,0.0,0.9950000047683716,0.0
B,tens,10,16,digit_circ:random_orth,200,0.004999999888241291,0.9899999499320984,2.274448119105818
B,tens,10,16,both:all,200,0.1550000011920929,0.7549999952316284,5.7961753048558196
B,tens,10,16,both:tens,200,0.1550000011920929,0.7549999952316284,5.7961753048558196
B,tens,10,16,both:units,200,0.0,0.9950000047683716,3.1975108463131296e-15
B,tens,10,16,both:random_orth,200,0.0,0.9799999594688416,5.7961753048558196
B,tens,10,18,full_swap,200,0.2800000011920929,0.5899999737739563,11.926671981811523
B,tens,10,18,helix:all,200,0.014999999664723873,0.9799999594688416,3.065809302239293
B,tens,10,18,helix:tens,200,0.014999999664723873,0.9799999594688416,3.065809302239293
B,tens,10,18,helix:units,200,0.0,0.9950000047683716,4.287408580775152e-15
B,tens,10,18,helix:random_orth,200,0.0,0.9899999499320984,3.065809302239293
B,tens,10,18,digit_1hot:all,200,0.10499999672174454,0.8149999976158142,6.381455348404424
B,tens,10,18,digit_1hot:tens,200,0.10499999672174454,0.8149999976158142,6.381455348404424
B,tens,10,18,digit_1hot:units,200,0.0,0.9950000047683716,0.0
B,tens,10,18,digit_1hot:random_orth,200,0.0,0.9950000047683716,6.381455348404424
B,tens,10,18,digit_circ:all,200,0.014999999664723873,0.9749999642372131,2.5531172279419345
B,tens,10,18,digit_circ:tens,200,0.014999999664723873,0.9749999642372131,2.5531172279419345
B,tens,10,18,digit_circ:units,200,0.0,0.9950000047683716,0.0
B,tens,10,18,digit_circ:random_orth,200,0.0,0.9950000047683716,2.5531172279419345
B,tens,10,18,both:all,200,0.11499999463558197,0.8100000023841858,6.474078520179182
B,tens,10,18,both:tens,200,0.11499999463558197,0.8100000023841858,6.474078520179182
B,tens,10,18,both:units,200,0.0,0.9950000047683716,3.576709850765859e-15
B,tens,10,18,both:random_orth,200,0.0,0.9899999499320984,6.474078520179182
B,tens,10,20,full_swap,200,0.014999999664723873,0.949999988079071,13.254912376403809
B,tens,10,20,helix:all,200,0.0,0.9950000047683716,3.427246489875016
B,tens,10,20,helix:tens,200,0.0,0.9950000047683716,3.427246489875016
B,tens,10,20,helix:units,200,0.0,0.9950000047683716,4.779785273958387e-15
B,tens,10,20,helix:random_orth,200,0.0,0.9950000047683716,3.427246489875016
B,tens,10,20,digit_1hot:all,200,0.0,0.9799999594688416,6.979384733080789
B,tens,10,20,digit_1hot:tens,200,0.0,0.9799999594688416,6.979384733080789
B,tens,10,20,digit_1hot:units,200,0.0,0.9950000047683716,0.0
B,tens,10,20,digit_1hot:random_orth,200,0.0,1.0,6.979384733080789
B,tens,10,20,digit_circ:all,200,0.0,0.9899999499320984,2.836187434443224
B,tens,10,20,digit_circ:tens,200,0.0,0.9899999499320984,2.836187434443224
B,tens,10,20,digit_circ:units,200,0.0,0.9950000047683716,0.0
B,tens,10,20,digit_circ:random_orth,200,0.0,1.0,2.8361874344432243
B,tens,10,20,both:all,200,0.0,0.98499995470047,7.084787385665904
B,tens,10,20,both:tens,200,0.0,0.98499995470047,7.084787385665904
B,tens,10,20,both:units,200,0.0,0.9950000047683716,3.982147705797293e-15
B,tens,10,20,both:random_orth,200,0.0,0.9950000047683716,7.084787385665904
B,tens,20,0,full_swap,200,0.824999988079071,0.019999999552965164,4.4188551902771
B,tens,20,0,helix:all,200,0.054999999701976776,0.6200000047683716,1.673010509032345
B,tens,20,0,helix:tens,200,0.054999999701976776,0.6200000047683716,1.673010509032345
B,tens,20,0,helix:units,200,0.0,0.9950000047683716,2.6552550637405388e-15
B,tens,20,0,helix:random_orth,200,0.0,0.9749999642372131,1.673010509032345
B,tens,20,0,digit_1hot:all,200,0.5399999618530273,0.11499999463558197,2.5688763621687007
B,tens,20,0,digit_1hot:tens,200,0.5399999618530273,0.11499999463558197,2.5688763621687007
B,tens,20,0,digit_1hot:units,200,0.0,0.9950000047683716,0.0
B,tens,20,0,digit_1hot:random_orth,200,0.0,0.9649999737739563,2.5688763621687007
B,tens,20,0,digit_circ:all,200,0.02499999850988388,0.7400000095367432,1.5036777652968716
B,tens,20,0,digit_circ:tens,200,0.02499999850988388,0.7400000095367432,1.5036777652968716
B,tens,20,0,digit_circ:units,200,0.0,0.9950000047683716,0.0
B,tens,20,0,digit_circ:random_orth,200,0.0,0.9749999642372131,1.5036777652968716
B,tens,20,0,both:all,200,0.550000011920929,0.09999999403953552,2.6417974138051954
B,tens,20,0,both:tens,200,0.550000011920929,0.09999999403953552,2.6417974138051954
B,tens,20,0,both:units,200,0.0,0.9950000047683716,2.24649460401747e-15
B,tens,20,0,both:random_orth,200,0.0,0.9599999785423279,2.6417974138051954
B,tens,20,2,full_swap,200,0.8100000023841858,0.02499999850988388,4.564111709594727
B,tens,20,2,helix:all,200,0.04999999701976776,0.6549999713897705,1.8380978936924157
B,tens,20,2,helix:tens,200,0.04999999701976776,0.6549999713897705,1.8380978936924157
B,tens,20,2,helix:units,200,0.0,0.9950000047683716,2.786010246409647e-15
B,tens,20,2,helix:random_orth,200,0.0,0.9749999642372131,1.8380978936924157
B,tens,20,2,digit_1hot:all,200,0.5199999809265137,0.13499999046325684,2.728520905596696
B,tens,20,2,digit_1hot:tens,200,0.5199999809265137,0.13499999046325684,2.728520905596696
B,tens,20,2,digit_1hot:units,200,0.0,0.9950000047683716,0.0
B,tens,20,2,digit_1hot:random_orth,200,0.0,0.9549999833106995,2.728520905596696
B,tens,20,2,digit_circ:all,200,0.014999999664723873,0.7149999737739563,1.652511839029477
B,tens,20,2,digit_circ:tens,200,0.014999999664723873,0.7149999737739563,1.652511839029477
B,tens,20,2,digit_circ:units,200,0.0,0.9950000047683716,0.0
B,tens,20,2,digit_circ:random_orth,200,0.0,0.9899999499320984,1.652511839029477
B,tens,20,2,both:all,200,0.5299999713897705,0.11999999731779099,2.8079723455898304
B,tens,20,2,both:tens,200,0.5299999713897705,0.11999999731779099,2.8079723455898304
B,tens,20,2,both:units,200,0.0,0.9950000047683716,2.355195958357843e-15
B,tens,20,2,both:random_orth,200,0.0,0.9699999690055847,2.8079723455898304
B,tens,20,4,full_swap,200,0.8149999976158142,0.03999999910593033,5.2240309715271
B,tens,20,4,helix:all,200,0.054999999701976776,0.6349999904632568,2.2288883602238156
B,tens,20,4,helix:tens,200,0.054999999701976776,0.6349999904632568,2.2288883602238156
B,tens,20,4,helix:units,200,0.0,0.9950000047683716,3.2855600560315603e-15
B,tens,20,4,helix:random_orth,200,0.0,0.9799999594688416,2.2288883602238156
B,tens,20,4,digit_1hot:all,200,0.4899999797344208,0.1599999964237213,3.186025311213258
B,tens,20,4,digit_1hot:tens,200,0.4899999797344208,0.1599999964237213,3.186025311213258
B,tens,20,4,digit_1hot:units,200,0.0,0.9950000047683716,0.0
B,tens,20,4,digit_1hot:random_orth,200,0.0,0.9549999833106995,3.186025311213258
B,tens,20,4,digit_circ:all,200,0.014999999664723873,0.6850000023841858,2.0339980847508343
B,tens,20,4,digit_circ:tens,200,0.014999999664723873,0.6850000023841858,2.0339980847508343
B,tens,20,4,digit_circ:units,200,0.0,0.9950000047683716,0.0
B,tens,20,4,digit_circ:random_orth,200,0.0,0.9749999642372131,2.0339980847508343
B,tens,20,4,both:all,200,0.5249999761581421,0.125,3.2788434899326298
B,tens,20,4,both:tens,200,0.5249999761581421,0.125,3.2788434899326298
B,tens,20,4,both:units,200,0.0,0.9950000047683716,2.7752733767975143e-15
B,tens,20,4,both:random_orth,200,0.0,0.9549999833106995,3.2788434899326298
B,tens,20,6,full_swap,200,0.8100000023841858,0.03999999910593033,6.114114761352539
B,tens,20,6,helix:all,200,0.044999998062849045,0.6349999904632568,2.6935847382252778
B,tens,20,6,helix:tens,200,0.044999998062849045,0.6349999904632568,2.6935847382252778
B,tens,20,6,helix:units,200,0.0,0.9950000047683716,3.8005932099314944e-15
B,tens,20,6,helix:random_orth,200,0.0,0.9799999594688416,2.6935847382252778
B,tens,20,6,digit_1hot:all,200,0.48499998450279236,0.1599999964237213,3.747674995041414
B,tens,20,6,digit_1hot:tens,200,0.48499998450279236,0.1599999964237213,3.747674995041414
B,tens,20,6,digit_1hot:units,200,0.0,0.9950000047683716,0.0
B,tens,20,6,digit_1hot:random_orth,200,0.0,0.9749999642372131,3.747674995041414
B,tens,20,6,digit_circ:all,200,0.014999999664723873,0.6800000071525574,2.4650700251598123
B,tens,20,6,digit_circ:tens,200,0.014999999664723873,0.6800000071525574,2.4650700251598123
B,tens,20,6,digit_circ:units,200,0.0,0.9950000047683716,0.0
B,tens,20,6,digit_circ:random_orth,200,0.0,0.949999988079071,2.4650700251598123
B,tens,20,6,both:all,200,0.4899999797344208,0.14499999582767487,3.8594349207752434
B,tens,20,6,both:tens,200,0.4899999797344208,0.14499999582767487,3.8594349207752434
B,tens,20,6,both:units,200,0.0,0.9950000047683716,3.2138899500420296e-15
B,tens,20,6,both:random_orth,200,0.0,0.9749999642372131,3.8594349207752443
B,tens,20,8,full_swap,200,0.8199999928474426,0.03500000014901161,6.922784805297852
B,tens,20,8,helix:all,200,0.04999999701976776,0.625,3.0301959192053016
B,tens,20,8,helix:tens,200,0.04999999701976776,0.625,3.0301959192053016
B,tens,20,8,helix:units,200,0.0,0.9950000047683716,4.160847118012123e-15
B,tens,20,8,helix:random_orth,200,0.0,0.9699999690055847,3.0301959192053016
B,tens,20,8,digit_1hot:all,200,0.47999998927116394,0.17000000178813934,4.194921175035022
B,tens,20,8,digit_1hot:tens,200,0.47999998927116394,0.17000000178813934,4.194921175035022
B,tens,20,8,digit_1hot:units,200,0.0,0.9950000047683716,0.0
B,tens,20,8,digit_1hot:random_orth,200,0.0,0.9350000023841858,4.194921175035022
B,tens,20,8,digit_circ:all,200,0.014999999664723873,0.6699999570846558,2.7668585011350797
B,tens,20,8,digit_circ:tens,200,0.014999999664723873,0.6699999570846558,2.7668585011350797
B,tens,20,8,digit_circ:units,200,0.0,0.9950000047683716,0.0
B,tens,20,8,digit_circ:random_orth,200,0.0,0.9699999690055847,2.7668585011350797
B,tens,20,8,both:all,200,0.47999998927116394,0.1550000011920929,4.3201724127315435
B,tens,20,8,both:tens,200,0.47999998927116394,0.1550000011920929,4.3201724127315435
B,tens,20,8,both:units,200,0.0,0.9950000047683716,3.5194277443497255e-15
B,tens,20,8,both:random_orth,200,0.0,0.9799999594688416,4.3201724127315435
B,tens,20,10,full_swap,200,0.8199999928474426,0.03999999910593033,7.526077747344971
B,tens,20,10,helix:all,200,0.05999999865889549,0.6399999856948853,3.2241817625120586
B,tens,20,10,helix:tens,200,0.05999999865889549,0.6399999856948853,3.2241817625120586
B,tens,20,10,helix:units,200,0.0,0.9950000047683716,4.5405954293751785e-15
B,tens,20,10,helix:random_orth,200,0.0,0.98499995470047,3.2241817625120586
B,tens,20,10,digit_1hot:all,200,0.4749999940395355,0.16499999165534973,4.51604951400879
B,tens,20,10,digit_1hot:tens,200,0.4749999940395355,0.16499999165534973,4.51604951400879
B,tens,20,10,digit_1hot:units,200,0.0,0.9950000047683716,0.0
B,tens,20,10,digit_1hot:random_orth,200,0.0,0.9549999833106995,4.51604951400879
B,tens,20,10,digit_circ:all,200,0.014999999664723873,0.6599999666213989,2.930766721525503
B,tens,20,10,digit_circ:tens,200,0.014999999664723873,0.6599999666213989,2.930766721525503
B,tens,20,10,digit_circ:units,200,0.0,0.9950000047683716,0.0
B,tens,20,10,digit_circ:random_orth,200,0.0,0.9799999594688416,2.930766721525503
B,tens,20,10,both:all,200,0.47999998927116394,0.16499999165534973,4.649966659138375
B,tens,20,10,both:tens,200,0.47999998927116394,0.16499999165534973,4.649966659138376
B,tens,20,10,both:units,200,0.0,0.9950000047683716,3.8448161761189116e-15
B,tens,20,10,both:random_orth,200,0.0,0.9449999928474426,4.649966659138375
B,tens,20,12,full_swap,200,0.6649999618530273,0.11999999731779099,8.409064292907715
B,tens,20,12,helix:all,200,0.03500000014901161,0.7149999737739563,3.5095841100236216
B,tens,20,12,helix:tens,200,0.03500000014901161,0.7149999737739563,3.5095841100236216
B,tens,20,12,helix:units,200,0.0,0.9950000047683716,5.541331060351749e-15
B,tens,20,12,helix:random_orth,200,0.0,0.98499995470047,3.5095841100236216
B,tens,20,12,digit_1hot:all,200,0.4099999964237213,0.2750000059604645,5.030635526688246
B,tens,20,12,digit_1hot:tens,200,0.4099999964237213,0.2750000059604645,5.030635526688246
B,tens,20,12,digit_1hot:units,200,0.0,0.9950000047683716,0.0
B,tens,20,12,digit_1hot:random_orth,200,0.0,0.9449999928474426,5.030635526688246
B,tens,20,12,digit_circ:all,200,0.014999999664723873,0.7799999713897705,3.1709798119161077
B,tens,20,12,digit_circ:tens,200,0.014999999664723873,0.7799999713897705,3.1709798119161077
B,tens,20,12,digit_circ:units,200,0.0,0.9950000047683716,0.0
B,tens,20,12,digit_circ:random_orth,200,0.0,0.98499995470047,3.1709798119161077
B,tens,20,12,both:all,200,0.41999998688697815,0.2849999964237213,5.179704269084754
B,tens,20,12,both:tens,200,0.41999998688697815,0.2849999964237213,5.179704269084754
B,tens,20,12,both:units,200,0.0,0.9950000047683716,4.675746677517032e-15
B,tens,20,12,both:random_orth,200,0.0,0.9749999642372131,5.179704269084754
B,tens,20,14,full_swap,200,0.4650000035762787,0.3149999976158142,9.38210678100586
B,tens,20,14,helix:all,200,0.019999999552965164,0.7999999523162842,3.914471165535109
B,tens,20,14,helix:tens,200,0.019999999552965164,0.7999999523162842,3.914471165535109
B,tens,20,14,helix:units,200,0.0,0.9950000047683716,6.2255939000022265e-15
B,tens,20,14,helix:random_orth,200,0.0,0.9899999499320984,3.914471165535109
B,tens,20,14,digit_1hot:all,200,0.29499998688697815,0.42499998211860657,5.658587726256583
B,tens,20,14,digit_1hot:tens,200,0.29499998688697815,0.42499998211860657,5.658587726256583
B,tens,20,14,digit_1hot:units,200,0.0,0.9950000047683716,0.0
B,tens,20,14,digit_1hot:random_orth,200,0.0,0.9699999690055847,5.658587726256583
B,tens,20,14,digit_circ:all,200,0.009999999776482582,0.8799999952316284,3.509690181638234
B,tens,20,14,digit_circ:tens,200,0.009999999776482582,0.8799999952316284,3.509690181638234
B,tens,20,14,digit_circ:units,200,0.0,0.9950000047683716,0.0
B,tens,20,14,digit_circ:random_orth,200,0.0,0.98499995470047,3.509690181638234
B,tens,20,14,both:all,200,0.29499998688697815,0.41999998688697815,5.827337812687051
B,tens,20,14,both:tens,200,0.29499998688697815,0.41999998688697815,5.827337812687051
B,tens,20,14,both:units,200,0.0,0.9950000047683716,5.246922608258423e-15
B,tens,20,14,both:random_orth,200,0.0,0.9749999642372131,5.827337812687051
B,tens,20,16,full_swap,200,0.4449999928474426,0.3499999940395355,11.263371467590332
B,tens,20,16,helix:all,200,0.019999999552965164,0.8050000071525574,4.854571055937876
B,tens,20,16,helix:tens,200,0.019999999552965164,0.8050000071525574,4.854571055937876
B,tens,20,16,helix:units,200,0.0,0.9950000047683716,7.696555206510543e-15
B,tens,20,16,helix:random_orth,200,0.0,0.9699999690055847,4.854571055937876
B,tens,20,16,digit_1hot:all,200,0.28999999165534973,0.41999998688697815,6.911567710958927
B,tens,20,16,digit_1hot:tens,200,0.28999999165534973,0.41999998688697815,6.911567710958927
B,tens,20,16,digit_1hot:units,200,0.0,0.9950000047683716,0.0
B,tens,20,16,digit_1hot:random_orth,200,0.0,0.9799999594688416,6.911567710958927
B,tens,20,16,digit_circ:all,200,0.009999999776482582,0.8849999904632568,4.376937112509301
B,tens,20,16,digit_circ:tens,200,0.009999999776482582,0.8849999904632568,4.376937112509301
B,tens,20,16,digit_circ:units,200,0.0,0.9950000047683716,0.0
B,tens,20,16,digit_circ:random_orth,200,0.0,0.9899999499320984,4.376937112509301
B,tens,20,16,both:all,200,0.29999998211860657,0.4350000023841858,7.113882705984588
B,tens,20,16,both:tens,200,0.29999998211860657,0.4350000023841858,7.113882705984588
B,tens,20,16,both:units,200,0.0,0.9950000047683716,6.466808809617504e-15
B,tens,20,16,both:random_orth,200,0.0,0.9799999594688416,7.113882705984588
B,tens,20,18,full_swap,200,0.3100000023841858,0.5149999856948853,12.6874361038208
B,tens,20,18,helix:all,200,0.009999999776482582,0.9099999666213989,5.445998523336389
B,tens,20,18,helix:tens,200,0.009999999776482582,0.9099999666213989,5.445998523336389
B,tens,20,18,helix:units,200,0.0,0.9950000047683716,8.615481260736338e-15
B,tens,20,18,helix:random_orth,200,0.0,0.9950000047683716,5.445998523336389
B,tens,20,18,digit_1hot:all,200,0.1550000011920929,0.5849999785423279,7.725682212257871
B,tens,20,18,digit_1hot:tens,200,0.1550000011920929,0.5849999785423279,7.725682212257871
B,tens,20,18,digit_1hot:units,200,0.0,0.9950000047683716,0.0
B,tens,20,18,digit_1hot:random_orth,200,0.0,0.9699999690055847,7.725682212257871
B,tens,20,18,digit_circ:all,200,0.004999999888241291,0.9549999833106995,4.920139921183891
B,tens,20,18,digit_circ:tens,200,0.004999999888241291,0.9549999833106995,4.920139921183891
B,tens,20,18,digit_circ:units,200,0.0,0.9950000047683716,0.0
B,tens,20,18,digit_circ:random_orth,200,0.0,0.98499995470047,4.920139921183891
B,tens,20,18,both:all,200,0.16499999165534973,0.5799999833106995,7.963162892352766
B,tens,20,18,both:tens,200,0.16499999165534973,0.5799999833106995,7.963162892352766
B,tens,20,18,both:units,200,0.0,0.9950000047683716,7.224554439636741e-15
B,tens,20,18,both:random_orth,200,0.0,0.9749999642372131,7.963162892352766
B,tens,20,20,full_swap,200,0.0,0.9899999499320984,14.122893333435059
B,tens,20,20,helix:all,200,0.0,1.0,6.065618993342763
B,tens,20,20,helix:tens,200,0.0,1.0,6.065618993342763
B,tens,20,20,helix:units,200,0.0,0.9950000047683716,9.602295877943004e-15
B,tens,20,20,helix:random_orth,200,0.0,0.9950000047683716,6.065618993342763
B,tens,20,20,digit_1hot:all,200,0.0,1.0,8.495002988877244
B,tens,20,20,digit_1hot:tens,200,0.0,1.0,8.495002988877244
B,tens,20,20,digit_1hot:units,200,0.0,0.9950000047683716,0.0
B,tens,20,20,digit_1hot:random_orth,200,0.0,0.98499995470047,8.495002988877244
B,tens,20,20,digit_circ:all,200,0.0,0.9950000047683716,5.456372385091516
B,tens,20,20,digit_circ:tens,200,0.0,0.9950000047683716,5.456372385091516
B,tens,20,20,digit_circ:units,200,0.0,0.9950000047683716,0.0
B,tens,20,20,digit_circ:random_orth,200,0.0,1.0,5.456372385091516
B,tens,20,20,both:all,200,0.0,1.0,8.768255806418663
B,tens,20,20,both:tens,200,0.0,1.0,8.768255806418663
B,tens,20,20,both:units,200,0.0,0.9950000047683716,8.045380258471093e-15
B,tens,20,20,both:random_orth,200,0.0,0.9950000047683716,8.768255806418663
B,tens,30,0,full_swap,200,0.8149999976158142,0.029999999329447746,4.584448337554932
B,tens,30,0,helix:all,200,0.2199999988079071,0.29999998211860657,2.230549414758922
B,tens,30,0,helix:tens,200,0.2199999988079071,0.29999998211860657,2.230549414758922
B,tens,30,0,helix:units,200,0.0,0.9950000047683716,3.016630493868042e-15
B,tens,30,0,helix:random_orth,200,0.0,0.9699999690055847,2.230549414758922
B,tens,30,0,digit_1hot:all,200,0.5149999856948853,0.10999999940395355,2.789236541370916
B,tens,30,0,digit_1hot:tens,200,0.5149999856948853,0.10999999940395355,2.789236541370916
B,tens,30,0,digit_1hot:units,200,0.0,0.9950000047683716,0.0
B,tens,30,0,digit_1hot:random_orth,200,0.0,0.9649999737739563,2.789236541370916
B,tens,30,0,digit_circ:all,200,0.07000000029802322,0.47999998927116394,2.061573452569797
B,tens,30,0,digit_circ:tens,200,0.07000000029802322,0.47999998927116394,2.061573452569797
B,tens,30,0,digit_circ:units,200,0.0,0.9950000047683716,0.0
B,tens,30,0,digit_circ:random_orth,200,0.0,0.98499995470047,2.061573452569797
B,tens,30,0,both:all,200,0.5450000166893005,0.07999999821186066,2.914787968637979
B,tens,30,0,both:tens,200,0.5450000166893005,0.07999999821186066,2.914787968637979
B,tens,30,0,both:units,200,0.0,0.9950000047683716,2.5580422415083656e-15
B,tens,30,0,both:random_orth,200,0.0,0.9599999785423279,2.914787968637979
B,tens,30,2,full_swap,200,0.8100000023841858,0.03999999910593033,4.773237705230713
B,tens,30,2,helix:all,200,0.2149999886751175,0.3349999785423279,2.4448935019448097
B,tens,30,2,helix:tens,200,0.2149999886751175,0.3349999785423279,2.4448935019448097
B,tens,30,2,helix:units,200,0.0,0.9950000047683716,3.1712826507101007e-15
B,tens,30,2,helix:random_orth,200,0.0,0.9799999594688416,2.4448935019448097
B,tens,30,2,digit_1hot:all,200,0.4899999797344208,0.125,2.9822554139685313
B,tens,30,2,digit_1hot:tens,200,0.4899999797344208,0.125,2.9822554139685313
B,tens,30,2,digit_1hot:units,200,0.0,0.9950000047683716,0.0
B,tens,30,2,digit_1hot:random_orth,200,0.0,0.9549999833106995,2.9822554139685313
B,tens,30,2,digit_circ:all,200,0.05999999865889549,0.4949999749660492,2.271746132721518
B,tens,30,2,digit_circ:tens,200,0.05999999865889549,0.4949999749660492,2.271746132721518
B,tens,30,2,digit_circ:units,200,0.0,0.9950000047683716,0.0
B,tens,30,2,digit_circ:random_orth,200,0.0,0.98499995470047,2.271746132721518
B,tens,30,2,both:all,200,0.5349999666213989,0.09999999403953552,3.1202353126873583
B,tens,30,2,both:tens,200,0.5349999666213989,0.09999999403953552,3.1202353126873583
B,tens,30,2,both:units,200,0.0,0.9950000047683716,2.6859853354340768e-15
B,tens,30,2,both:random_orth,200,0.0,0.9549999833106995,3.1202353126873583
B,tens,30,4,full_swap,200,0.8050000071525574,0.054999999701976776,5.576732158660889
B,tens,30,4,helix:all,200,0.20999999344348907,0.3499999940395355,2.9739043247038457
B,tens,30,4,helix:tens,200,0.20999999344348907,0.3499999940395355,2.9739043247038457
B,tens,30,4,helix:units,200,0.0,0.9950000047683716,3.7502262459755205e-15
B,tens,30,4,helix:random_orth,200,0.0,0.9549999833106995,2.973904324703846
B,tens,30,4,digit_1hot:all,200,0.4949999749660492,0.14000000059604645,3.5581515741518923
B,tens,30,4,digit_1hot:tens,200,0.4949999749660492,0.14000000059604645,3.5581515741518923
B,tens,30,4,digit_1hot:units,200,0.0,0.9950000047683716,0.0
B,tens,30,4,digit_1hot:random_orth,200,0.0,0.9249999523162842,3.5581515741518923
B,tens,30,4,digit_circ:all,200,0.07000000029802322,0.5199999809265137,2.8100004422274707
B,tens,30,4,digit_circ:tens,200,0.07000000029802322,0.5199999809265137,2.8100004422274707
B,tens,30,4,digit_circ:units,200,0.0,0.9950000047683716,0.0
B,tens,30,4,digit_circ:random_orth,200,0.0,0.9449999928474426,2.8100004422274707
B,tens,30,4,both:all,200,0.5199999809265137,0.10999999940395355,3.722786978485723
B,tens,30,4,both:tens,200,0.5199999809265137,0.10999999940395355,3.722786978485723
B,tens,30,4,both:units,200,0.0,0.9950000047683716,3.172396265740641e-15
B,tens,30,4,both:random_orth,200,0.0,0.9649999737739563,3.722786978485723
B,tens,30,6,full_swap,200,0.7799999713897705,0.05999999865889549,6.61472225189209
B,tens,30,6,helix:all,200,0.20499999821186066,0.35999998450279236,3.5867770510923838
B,tens,30,6,helix:tens,200,0.20499999821186066,0.35999998450279236,3.5867770510923838
B,tens,30,6,helix:units,200,0.0,0.9950000047683716,4.363016349997325e-15
B,tens,30,6,helix:random_orth,200,0.0,0.9549999833106995,3.5867770510923838
B,tens,30,6,digit_1hot:all,200,0.4399999976158142,0.17000000178813934,4.211440309536176
B,tens,30,6,digit_1hot:tens,200,0.4399999976158142,0.17000000178813934,4.211440309536176
B,tens,30,6,digit_1hot:units,200,0.0,0.9950000047683716,0.0
B,tens,30,6,digit_1hot:random_orth,200,0.0,0.949999988079071,4.211440309536176
B,tens,30,6,digit_circ:all,200,0.04999999701976776,0.5349999666213989,3.41218577380141
B,tens,30,6,digit_circ:tens,200,0.04999999701976776,0.5349999666213989,3.41218577380141
B,tens,30,6,digit_circ:units,200,0.0,0.9950000047683716,0.0
B,tens,30,6,digit_circ:random_orth,200,0.0,0.9649999737739563,3.41218577380141
B,tens,30,6,both:all,200,0.47999998927116394,0.12999999523162842,4.416348316262807
B,tens,30,6,both:tens,200,0.47999998927116394,0.12999999523162842,4.416348316262807
B,tens,30,6,both:units,200,0.0,0.9950000047683716,3.694026765578431e-15
B,tens,30,6,both:random_orth,200,0.0,0.9649999737739563,4.416348316262807
B,tens,30,8,full_swap,200,0.7849999666213989,0.06499999761581421,7.516292572021484
B,tens,30,8,helix:all,200,0.1850000023841858,0.4099999964237213,4.028072121565565
B,tens,30,8,helix:tens,200,0.1850000023841858,0.4099999964237213,4.028072121565565
B,tens,30,8,helix:units,200,0.0,0.9950000047683716,4.784110835116797e-15
B,tens,30,8,helix:random_orth,200,0.0,0.9749999642372131,4.028072121565565
B,tens,30,8,digit_1hot:all,200,0.41999998688697815,0.17000000178813934,4.726624117911331
B,tens,30,8,digit_1hot:tens,200,0.41999998688697815,0.17000000178813934,4.726624117911331
B,tens,30,8,digit_1hot:units,200,0.0,0.9950000047683716,0.0
B,tens,30,8,digit_1hot:random_orth,200,0.0,0.9649999737739563,4.726624117911331
B,tens,30,8,digit_circ:all,200,0.04999999701976776,0.5299999713897705,3.830310848886242
B,tens,30,8,digit_circ:tens,200,0.04999999701976776,0.5299999713897705,3.830310848886242
B,tens,30,8,digit_circ:units,200,0.0,0.9950000047683716,0.0
B,tens,30,8,digit_circ:random_orth,200,0.0,0.9549999833106995,3.830310848886242
B,tens,30,8,both:all,200,0.45499998331069946,0.13499999046325684,4.95916965934896
B,tens,30,8,both:tens,200,0.45499998331069946,0.13499999046325684,4.95916965934896
B,tens,30,8,both:units,200,0.0,0.9950000047683716,4.050494663278842e-15
B,tens,30,8,both:random_orth,200,0.0,0.949999988079071,4.95916965934896
B,tens,30,10,full_swap,200,0.7699999809265137,0.06499999761581421,8.155223846435547
B,tens,30,10,helix:all,200,0.1850000023841858,0.39499998092651367,4.280341374337736
B,tens,30,10,helix:tens,200,0.1850000023841858,0.39499998092651367,4.280341374337736
B,tens,30,10,helix:units,200,0.0,0.9950000047683716,5.223733390479683e-15
B,tens,30,10,helix:random_orth,200,0.0,0.9649999737739563,4.280341374337736
B,tens,30,10,digit_1hot:all,200,0.4350000023841858,0.16499999165534973,5.0564150846580045
B,tens,30,10,digit_1hot:tens,200,0.4350000023841858,0.16499999165534973,5.0564150846580045
B,tens,30,10,digit_1hot:units,200,0.0,0.9950000047683716,0.0
B,tens,30,10,digit_1hot:random_orth,200,0.0,0.9699999690055847,5.0564150846580045
B,tens,30,10,digit_circ:all,200,0.044999998062849045,0.5249999761581421,4.056970412093616
B,tens,30,10,digit_circ:tens,200,0.044999998062849045,0.5249999761581421,4.056970412093616
B,tens,30,10,digit_circ:units,200,0.0,0.9950000047683716,0.0
B,tens,30,10,digit_circ:random_orth,200,0.0,0.9350000023841858,4.056970412093616
B,tens,30,10,both:all,200,0.4599999785423279,0.14499999582767487,5.3093845081795985
B,tens,30,10,both:tens,200,0.4599999785423279,0.14499999582767487,5.3093845081795985
B,tens,30,10,both:units,200,0.0,0.9950000047683716,4.4289925032869804e-15
B,tens,30,10,both:random_orth,200,0.0,0.9649999737739563,5.3093845081795985
B,tens,30,12,full_swap,200,0.6150000095367432,0.12999999523162842,9.041772842407227
B,tens,30,12,helix:all,200,0.125,0.5299999713897705,4.660541796915769
B,tens,30,12,helix:tens,200,0.125,0.5299999713897705,4.660541796915769
B,tens,30,12,helix:units,200,0.0,0.9950000047683716,6.342247013444789e-15
B,tens,30,12,helix:random_orth,200,0.0,0.98499995470047,4.66054179691577
B,tens,30,12,digit_1hot:all,200,0.32499998807907104,0.2750000059604645,5.574583242477607
B,tens,30,12,digit_1hot:tens,200,0.32499998807907104,0.2750000059604645,5.574583242477607
B,tens,30,12,digit_1hot:units,200,0.0,0.9950000047683716,0.0
B,tens,30,12,digit_1hot:random_orth,200,0.0,0.9599999785423279,5.574583242477607
B,tens,30,12,digit_circ:all,200,0.029999999329447746,0.6299999952316284,4.389502547666006
B,tens,30,12,digit_circ:tens,200,0.029999999329447746,0.6299999952316284,4.389502547666006
B,tens,30,12,digit_circ:units,200,0.0,0.9950000047683716,0.0
B,tens,30,12,digit_circ:random_orth,200,0.0,0.9599999785423279,4.389502547666006
B,tens,30,12,both:all,200,0.35999998450279236,0.2549999952316284,5.854968050553096
B,tens,30,12,both:tens,200,0.35999998450279236,0.2549999952316284,5.854968050553096
B,tens,30,12,both:units,200,0.0,0.9950000047683716,5.358731379499536e-15
B,tens,30,12,both:random_orth,200,0.0,0.9799999594688416,5.854968050553096
B,tens,30,14,full_swap,200,0.48499998450279236,0.2449999898672104,10.008332252502441
B,tens,30,14,helix:all,200,0.07499999552965164,0.675000011920929,5.192413003505029
B,tens,30,14,helix:tens,200,0.07499999552965164,0.675000011920929,5.192413003505029
B,tens,30,14,helix:units,200,0.0,0.9950000047683716,7.125049708976289e-15
B,tens,30,14,helix:random_orth,200,0.0,0.9950000047683716,5.192413003505029
B,tens,30,14,digit_1hot:all,200,0.2449999898672104,0.3999999761581421,6.183461434724471
B,tens,30,14,digit_1hot:tens,200,0.2449999898672104,0.3999999761581421,6.183461434724471
B,tens,30,14,digit_1hot:units,200,0.0,0.9950000047683716,0.0
B,tens,30,14,digit_1hot:random_orth,200,0.0,0.98499995470047,6.183461434724471
B,tens,30,14,digit_circ:all,200,0.03500000014901161,0.675000011920929,4.858147546777547
B,tens,30,14,digit_circ:tens,200,0.03500000014901161,0.675000011920929,4.858147546777547
B,tens,30,14,digit_circ:units,200,0.0,0.9950000047683716,0.0
B,tens,30,14,digit_circ:random_orth,200,0.0,0.9899999499320984,4.858147546777547
B,tens,30,14,both:all,200,0.25999999046325684,0.3649999797344208,6.510228276347011
B,tens,30,14,both:tens,200,0.25999999046325684,0.3649999797344208,6.510228276347011
B,tens,30,14,both:units,200,0.0,0.9950000047683716,6.0165662585561e-15
B,tens,30,14,both:random_orth,200,0.0,0.9649999737739563,6.5102282763470125
B,tens,30,16,full_swap,200,0.3700000047683716,0.32999998331069946,11.988818168640137
B,tens,30,16,helix:all,200,0.07000000029802322,0.699999988079071,6.449884025366255
B,tens,30,16,helix:tens,200,0.07000000029802322,0.699999988079071,6.449884025366255
B,tens,30,16,helix:units,200,0.0,0.9950000047683716,8.828891768457639e-15
B,tens,30,16,helix:random_orth,200,0.0,0.98499995470047,6.449884025366255
B,tens,30,16,digit_1hot:all,200,0.22999998927116394,0.4099999964237213,7.566683451592912
B,tens,30,16,digit_1hot:tens,200,0.22999998927116394,0.4099999964237213,7.566683451592912
B,tens,30,16,digit_1hot:units,200,0.0,0.9950000047683716,0.0
B,tens,30,16,digit_1hot:random_orth,200,0.0,0.9749999642372131,7.566683451592912
B,tens,30,16,digit_circ:all,200,0.02499999850988388,0.75,6.035608579295103
B,tens,30,16,digit_circ:tens,200,0.02499999850988388,0.75,6.035608579295103
B,tens,30,16,digit_circ:units,200,0.0,0.9950000047683716,0.0
B,tens,30,16,digit_circ:random_orth,200,0.0,0.9899999499320984,6.035608579295103
B,tens,30,16,both:all,200,0.22499999403953552,0.4050000011920929,7.94021960212573
B,tens,30,16,both:tens,200,0.22499999403953552,0.4050000011920929,7.940219602125728
B,tens,30,16,both:units,200,0.0,0.9950000047683716,7.431835420607799e-15
B,tens,30,16,both:random_orth,200,0.0,0.9649999737739563,7.94021960212573
B,tens,30,18,full_swap,200,0.23999999463558197,0.48499998450279236,13.48953628540039
B,tens,30,18,helix:all,200,0.009999999776482582,0.8799999952316284,7.254498676334524
B,tens,30,18,helix:tens,200,0.009999999776482582,0.8799999952316284,7.254498676334524
B,tens,30,18,helix:units,200,0.0,0.9950000047683716,9.901385802300857e-15
B,tens,30,18,helix:random_orth,200,0.0,0.9899999499320984,7.254498676334524
B,tens,30,18,digit_1hot:all,200,0.10999999940395355,0.6200000047683716,8.470436773103707
B,tens,30,18,digit_1hot:tens,200,0.10999999940395355,0.6200000047683716,8.470436773103707
B,tens,30,18,digit_1hot:units,200,0.0,0.9950000047683716,0.0
B,tens,30,18,digit_1hot:random_orth,200,0.0,0.9699999690055847,8.470436773103707
B,tens,30,18,digit_circ:all,200,0.014999999664723873,0.9099999666213989,6.782602795272151
B,tens,30,18,digit_circ:tens,200,0.014999999664723873,0.9099999666213989,6.782602795272151
B,tens,30,18,digit_circ:units,200,0.0,0.9950000047683716,0.0
B,tens,30,18,digit_circ:random_orth,200,0.0,0.9799999594688416,6.782602795272149
B,tens,30,18,both:all,200,0.11499999463558197,0.5899999737739563,8.904051790690005
B,tens,30,18,both:tens,200,0.11499999463558197,0.5899999737739563,8.904051790690005
B,tens,30,18,both:units,200,0.0,0.9950000047683716,8.320344579284303e-15
B,tens,30,18,both:random_orth,200,0.0,0.98499995470047,8.904051790690005
B,tens,30,20,full_swap,200,0.0,0.9899999499320984,15.029747009277344
B,tens,30,20,helix:all,200,0.0,0.98499995470047,8.068192141357654
B,tens,30,20,helix:tens,200,0.0,0.98499995470047,8.068192141357654
B,tens,30,20,helix:units,200,0.0,0.9950000047683716,1.1076080241974018e-14
B,tens,30,20,helix:random_orth,200,0.0,1.0,8.068192141357654
B,tens,30,20,digit_1hot:all,200,0.0,0.9899999499320984,9.32286028833949
B,tens,30,20,digit_1hot:tens,200,0.0,0.9899999499320984,9.32286028833949
B,tens,30,20,digit_1hot:units,200,0.0,0.9950000047683716,0.0
B,tens,30,20,digit_1hot:random_orth,200,0.0,0.9950000047683716,9.32286028833949
B,tens,30,20,digit_circ:all,200,0.0,0.9899999499320984,7.520153875734719
B,tens,30,20,digit_circ:tens,200,0.0,0.9899999499320984,7.520153875734719
B,tens,30,20,digit_circ:units,200,0.0,0.9950000047683716,0.0
B,tens,30,20,digit_circ:random_orth,200,0.0,0.9899999499320984,7.520153875734719
B,tens,30,20,both:all,200,0.0,0.9899999499320984,9.819734016790086
B,tens,30,20,both:tens,200,0.0,0.9899999499320984,9.819734016790086
B,tens,30,20,both:units,200,0.0,0.9950000047683716,9.302247923980224e-15
B,tens,30,20,both:random_orth,200,0.0,0.9950000047683716,9.819734016790086
