slot,layer,delta,cond,n,success,stay,lp_target,lp_orig,edit_norm,state_norm
A,0,-20,helix,200,0.04999999701976776,0.5299999713897705,-5.0591654777526855,-2.3962302207946777,1.8299223854498319,5.337653160095215
A,0,-20,only_T2,200,0.0,1.0,-7.353655815124512,-0.6528503894805908,0.0,5.337653160095215
A,0,-20,only_T5,200,0.0,1.0,-7.353655815124512,-0.6528503894805908,3.090408778274016e-15,5.337653160095215
A,0,-20,only_T10,200,0.0,1.0,-7.353655815124512,-0.6528503894805908,1.5411449917272296e-15,5.337653160095215
A,0,-20,only_T100,200,0.014999999664723873,0.7199999690055847,-5.697902202606201,-1.5792080163955688,1.7676243188435559,5.337653160095215
A,0,-20,only_lin,200,0.0,0.8999999761581421,-6.895979881286621,-0.9723688960075378,0.9665243813048755,5.337653160095215
A,0,-20,random_orth,200,0.0,1.0,-7.294353008270264,-0.6760063171386719,1.8299223854498317,5.337653160095215
A,0,-20,real_diff_in_helix_subspace,200,0.05999999865889549,0.5,-5.210606575012207,-2.789099931716919,1.8552000429171727,5.337653160095215
A,0,-20,full_swap,200,0.9649999737739563,0.0,-0.7371224761009216,-8.213991165161133,4.853619575500488,5.337653160095215
A,1,-20,helix,200,0.054999999701976776,0.5099999904632568,-5.0605926513671875,-2.5191376209259033,1.8405301155200398,5.9201340675354
A,1,-20,only_T2,200,0.0,1.0,-7.353655815124512,-0.6528503894805908,0.0,5.9201340675354
A,1,-20,only_T5,200,0.0,1.0,-7.353655815124512,-0.6528503894805908,3.033711395826649e-15,5.9201340675354
A,1,-20,only_T10,200,0.0,1.0,-7.353655815124512,-0.6528503894805908,1.5148084368501409e-15,5.9201340675354
A,1,-20,only_T100,200,0.014999999664723873,0.7099999785423279,-5.715851783752441,-1.615084171295166,1.7411274070954148,5.9201340675354
A,1,-20,only_lin,200,0.0,0.8999999761581421,-6.960407733917236,-0.9805312752723694,0.9929006946244171,5.9201340675354
A,1,-20,random_orth,200,0.0,0.98499995470047,-7.310914039611816,-0.6709335446357727,1.8405301155200398,5.9201340675354
A,1,-20,real_diff_in_helix_subspace,200,0.06499999761581421,0.5099999904632568,-5.164147853851318,-2.6978676319122314,1.8635884311266535,5.9201340675354
A,1,-20,full_swap,200,0.9549999833106995,0.0,-0.7513415217399597,-8.1956148147583,4.740735054016113,5.9201340675354
A,2,-20,helix,200,0.05999999865889549,0.5049999952316284,-5.065454006195068,-2.534522533416748,1.915302175437339,6.621989727020264
A,2,-20,only_T2,200,0.0,1.0,-7.353655815124512,-0.6528503894805908,0.0,6.621989727020264
A,2,-20,only_T5,200,0.0,1.0,-7.353655815124512,-0.6528503894805908,3.1086976810836324e-15,6.621989727020264
A,2,-20,only_T10,200,0.0,1.0,-7.353655815124512,-0.6528503894805908,1.5548289453507799e-15,6.621989727020264
A,2,-20,only_T100,200,0.014999999664723873,0.7249999642372131,-5.711462497711182,-1.620969533920288,1.7960577240249385,6.621989727020264
A,2,-20,only_lin,200,0.0,0.8999999761581421,-6.9952850341796875,-0.9731200933456421,1.0515600643971947,6.621989727020264
A,2,-20,random_orth,200,0.0,0.9950000047683716,-7.333588600158691,-0.6655149459838867,1.915302175437339,6.621989727020264
A,2,-20,real_diff_in_helix_subspace,200,0.054999999701976776,0.5049999952316284,-5.140164852142334,-2.601585865020752,1.9405840060567163,6.621989727020264
A,2,-20,full_swap,200,0.9599999785423279,0.0,-0.743113100528717,-8.18270492553711,4.805508613586426,6.621989727020264
A,3,-20,helix,200,0.054999999701976776,0.4899999797344208,-5.004763603210449,-2.5772624015808105,2.1532465670191643,7.811722278594971
A,3,-20,only_T2,200,0.0,1.0,-7.353655815124512,-0.6528503894805908,0.0,7.811722278594971
A,3,-20,only_T5,200,0.0,1.0,-7.353655815124512,-0.6528503894805908,3.4364253240742537e-15,7.811722278594971
A,3,-20,only_T10,200,0.0,1.0,-7.353655815124512,-0.6528503894805908,1.753429360569078e-15,7.811722278594971
A,3,-20,only_T100,200,0.014999999664723873,0.699999988079071,-5.621735572814941,-1.6523919105529785,1.9977039784147288,7.811722278594971
A,3,-20,only_lin,200,0.0,0.9049999713897705,-6.942598819732666,-0.9719895124435425,1.155000211327034,7.811722278594971
A,3,-20,random_orth,200,0.0,0.9950000047683716,-7.349059104919434,-0.6498770117759705,2.1532465670191643,7.811722278594971
A,3,-20,real_diff_in_helix_subspace,200,0.06499999761581421,0.4899999797344208,-4.996614933013916,-2.606809139251709,2.2205499006135536,7.811722278594971
A,3,-20,full_swap,200,0.9549999833106995,0.004999999888241291,-0.7517725825309753,-8.153258323669434,5.206898212432861,7.811722278594971
A,4,-20,helix,200,0.054999999701976776,0.4949999749660492,-5.0567121505737305,-2.5300636291503906,2.3257412657530665,8.786208152770996
A,4,-20,only_T2,200,0.0,1.0,-7.353655815124512,-0.6528503894805908,0.0,8.786208152770996
A,4,-20,only_T5,200,0.0,1.0,-7.353655815124512,-0.6528503894805908,3.60221091606446e-15,8.786208152770996
A,4,-20,only_T10,200,0.0,1.0,-7.353655815124512,-0.6528503894805908,1.8250403149799737e-15,8.786208152770996
A,4,-20,only_T100,200,0.014999999664723873,0.6899999976158142,-5.648207664489746,-1.636165738105774,2.1294209994710833,8.786208152770996
A,4,-20,only_lin,200,0.0,0.9099999666213989,-6.9835076332092285,-0.9668941497802734,1.2636515394534507,8.786208152770996
A,4,-20,random_orth,200,0.0,0.9950000047683716,-7.346059322357178,-0.6613340377807617,2.3257412657530665,8.786208152770996
A,4,-20,real_diff_in_helix_subspace,200,0.06499999761581421,0.5099999904632568,-5.056267738342285,-2.507086992263794,2.422025350269979,8.786208152770996
A,4,-20,full_swap,200,0.949999988079071,0.004999999888241291,-0.7926040291786194,-8.073472023010254,5.499461650848389,8.786208152770996
A,5,-20,helix,200,0.044999998062849045,0.5049999952316284,-5.091523170471191,-2.4749655723571777,2.4986050734814906,9.782644271850586
A,5,-20,only_T2,200,0.0,1.0,-7.353655815124512,-0.6528503894805908,0.0,9.782644271850586
A,5,-20,only_T5,200,0.0,1.0,-7.353655815124512,-0.6528503894805908,3.8449731852791125e-15,9.782644271850586
A,5,-20,only_T10,200,0.0,1.0,-7.353655815124512,-0.6528503894805908,1.9066823279759506e-15,9.782644271850586
A,5,-20,only_T100,200,0.009999999776482582,0.699999988079071,-5.666813373565674,-1.6106986999511719,2.2630466606944872,9.782644271850586
A,5,-20,only_lin,200,0.0,0.8999999761581421,-7.00091028213501,-0.9641138911247253,1.379539452684077,9.782644271850586
A,5,-20,random_orth,200,0.0,0.9950000047683716,-7.353073596954346,-0.6686794757843018,2.4986050734814906,9.782644271850586
A,5,-20,real_diff_in_helix_subspace,200,0.04999999701976776,0.5149999856948853,-5.119973659515381,-2.471808671951294,2.637674265438042,9.782644271850586
A,5,-20,full_swap,200,0.9399999976158142,0.004999999888241291,-0.8000553846359253,-8.053268432617188,5.801390171051025,9.782644271850586
A,6,-20,helix,200,0.044999998062849045,0.4949999749660492,-5.125161170959473,-2.457552671432495,2.69866340042883,10.88751220703125
A,6,-20,only_T2,200,0.0,1.0,-7.353655815124512,-0.6528503894805908,0.0,10.88751220703125
A,6,-20,only_T5,200,0.0,1.0,-7.353655815124512,-0.6528503894805908,4.151286926040588e-15,10.88751220703125
A,6,-20,only_T10,200,0.0,1.0,-7.353655815124512,-0.6528503894805908,1.951138768931108e-15,10.88751220703125
A,6,-20,only_T100,200,0.009999999776482582,0.6899999976158142,-5.66655969619751,-1.617601752281189,2.4326784661307554,10.88751220703125
A,6,-20,only_lin,200,0.0,0.8949999809265137,-7.02422571182251,-0.9722649455070496,1.4605900098195974,10.88751220703125
A,6,-20,random_orth,200,0.0,0.98499995470047,-7.334054946899414,-0.6738306283950806,2.69866340042883,10.88751220703125
A,6,-20,real_diff_in_helix_subspace,200,0.044999998062849045,0.5199999809265137,-5.149909973144531,-2.505401611328125,2.9108744132674973,10.88751220703125
A,6,-20,full_swap,200,0.9350000023841858,0.009999999776482582,-0.8361675143241882,-8.021923065185547,6.114865303039551,10.88751220703125
A,7,-20,helix,200,0.044999998062849045,0.5099999904632568,-5.131465435028076,-2.455317258834839,2.8105407046872495,11.3456449508667
A,7,-20,only_T2,200,0.0,1.0,-7.353655815124512,-0.6528503894805908,0.0,11.3456449508667
A,7,-20,only_T5,200,0.0,1.0,-7.353655815124512,-0.6528503894805908,4.2604212049355766e-15,11.3456449508667
A,7,-20,only_T10,200,0.0,1.0,-7.353655815124512,-0.6528503894805908,1.974613027403109e-15,11.3456449508667
A,7,-20,only_T100,200,0.009999999776482582,0.675000011920929,-5.661893367767334,-1.6359977722167969,2.5465490753618445,11.3456449508667
A,7,-20,only_lin,200,0.0,0.9099999666213989,-7.012526512145996,-0.9792348742485046,1.4673577522370784,11.3456449508667
A,7,-20,random_orth,200,0.0,0.9950000047683716,-7.340369701385498,-0.6590045094490051,2.8105407046872495,11.3456449508667
A,7,-20,real_diff_in_helix_subspace,200,0.054999999701976776,0.5249999761581421,-5.117898464202881,-2.515584707260132,3.0636090017940774,11.3456449508667
A,7,-20,full_swap,200,0.9149999618530273,0.009999999776482582,-0.8972594738006592,-7.974971771240234,6.250547409057617,11.3456449508667
A,8,-20,helix,200,0.03999999910593033,0.5550000071525574,-5.27618932723999,-2.3240911960601807,2.9131279136091552,11.902409553527832
A,8,-20,only_T2,200,0.0,1.0,-7.353655815124512,-0.6528503894805908,0.0,11.902409553527832
A,8,-20,only_T5,200,0.0,1.0,-7.353655815124512,-0.6528503894805908,4.588819429909842e-15,11.902409553527832
A,8,-20,only_T10,200,0.0,1.0,-7.353655815124512,-0.6528503894805908,2.0389213277255245e-15,11.902409553527832
A,8,-20,only_T100,200,0.009999999776482582,0.7049999833106995,-5.763333797454834,-1.5650721788406372,2.6315813485132162,11.902409553527832
A,8,-20,only_lin,200,0.0,0.9099999666213989,-7.022226333618164,-0.9847840666770935,1.5208014680648319,11.902409553527832
A,8,-20,random_orth,200,0.0,0.9899999499320984,-7.334226131439209,-0.6657445430755615,2.9131279136091552,11.902409553527832
A,8,-20,real_diff_in_helix_subspace,200,0.029999999329447746,0.550000011920929,-5.325209140777588,-2.423987627029419,3.2179549506630702,11.902409553527832
A,8,-20,full_swap,200,0.9049999713897705,0.009999999776482582,-0.9992475509643555,-7.883057594299316,6.491808891296387,11.902409553527832
A,9,-20,helix,200,0.03500000014901161,0.550000011920929,-5.270722389221191,-2.3172872066497803,2.9151860717992806,12.1654634475708
A,9,-20,only_T2,200,0.0,1.0,-7.353655815124512,-0.6528503894805908,0.0,12.1654634475708
A,9,-20,only_T5,200,0.0,1.0,-7.353655815124512,-0.6528503894805908,4.78118118915536e-15,12.1654634475708
A,9,-20,only_T10,200,0.0,1.0,-7.353655815124512,-0.6528503894805908,2.0448826695815473e-15,12.1654634475708
A,9,-20,only_T100,200,0.009999999776482582,0.7049999833106995,-5.748486042022705,-1.5767637491226196,2.6329287523330227,12.1654634475708
A,9,-20,only_lin,200,0.0,0.9049999713897705,-7.005720138549805,-0.9920134544372559,1.4935012412741322,12.1654634475708
A,9,-20,random_orth,200,0.0,1.0,-7.33692741394043,-0.6620649695396423,2.9151860717992806,12.1654634475708
A,9,-20,real_diff_in_helix_subspace,200,0.03999999910593033,0.5149999856948853,-5.350335597991943,-2.5165319442749023,3.3238281343188167,12.1654634475708
A,9,-20,full_swap,200,0.8949999809265137,0.009999999776482582,-1.0082961320877075,-7.881145477294922,6.569983005523682,12.1654634475708
A,10,-20,helix,200,0.03999999910593033,0.550000011920929,-5.272572994232178,-2.3284270763397217,2.982177176646579,12.764678001403809
A,10,-20,only_T2,200,0.0,1.0,-7.353655815124512,-0.6528503894805908,0.0,12.764678001403809
A,10,-20,only_T5,200,0.0,1.0,-7.353655815124512,-0.6528503894805908,5.037123033848006e-15,12.764678001403809
A,10,-20,only_T10,200,0.0,1.0,-7.353655815124512,-0.6528503894805908,2.1324487313767425e-15,12.764678001403809
A,10,-20,only_T100,200,0.009999999776482582,0.7049999833106995,-5.743373870849609,-1.5934563875198364,2.6590597697182385,12.764678001403809
A,10,-20,only_lin,200,0.0,0.8999999761581421,-7.0108537673950195,-0.9890061616897583,1.531540742773149,12.764678001403809
A,10,-20,random_orth,200,0.0,0.9950000047683716,-7.3306193351745605,-0.6599701642990112,2.982177176646579,12.764678001403809
A,10,-20,real_diff_in_helix_subspace,200,0.03999999910593033,0.48499998450279236,-5.362948894500732,-2.6547834873199463,3.53799406877427,12.764678001403809
A,10,-20,full_swap,200,0.8999999761581421,0.009999999776482582,-1.0067744255065918,-7.891767501831055,6.791128635406494,12.764678001403809
A,11,-20,helix,200,0.03500000014901161,0.5550000071525574,-5.281977653503418,-2.326007127761841,3.0612951723493698,13.19417953491211
A,11,-20,only_T2,200,0.0,1.0,-7.353655815124512,-0.6528503894805908,0.0,13.19417953491211
A,11,-20,only_T5,200,0.0,1.0,-7.353655815124512,-0.6528503894805908,5.428328736327648e-15,13.19417953491211
A,11,-20,only_T10,200,0.0,1.0,-7.353655815124512,-0.6528503894805908,2.2661421694297172e-15,13.19417953491211
A,11,-20,only_T100,200,0.014999999664723873,0.7049999833106995,-5.735770225524902,-1.6131585836410522,2.7249334690081044,13.19417953491211
A,11,-20,only_lin,200,0.0,0.8999999761581421,-7.00967264175415,-0.986740231513977,1.5548941428955536,13.19417953491211
A,11,-20,random_orth,200,0.0,0.9950000047683716,-7.340394020080566,-0.6713767647743225,3.0612951723493698,13.19417953491211
A,11,-20,real_diff_in_helix_subspace,200,0.03999999910593033,0.4599999785423279,-5.398143291473389,-2.7450315952301025,3.7362479771827815,13.19417953491211
A,11,-20,full_swap,200,0.8899999856948853,0.009999999776482582,-1.001986026763916,-7.895877361297607,6.993454456329346,13.19417953491211
A,12,-20,helix,200,0.03500000014901161,0.5550000071525574,-5.30788516998291,-2.239367723464966,3.114611816404872,13.43615436553955
A,12,-20,only_T2,200,0.0,1.0,-7.353655815124512,-0.6528503894805908,0.0,13.43615436553955
A,12,-20,only_T5,200,0.0,1.0,-7.353655815124512,-0.6528503894805908,5.854706165797903e-15,13.43615436553955
A,12,-20,only_T10,200,0.0,1.0,-7.353655815124512,-0.6528503894805908,2.479148857222549e-15,13.43615436553955
A,12,-20,only_T100,200,0.014999999664723873,0.7049999833106995,-5.730166912078857,-1.602524995803833,2.78912505336052,13.43615436553955
A,12,-20,only_lin,200,0.0,0.9099999666213989,-7.00597620010376,-0.9566839337348938,1.5479258629939585,13.43615436553955
A,12,-20,random_orth,200,0.0,0.98499995470047,-7.329697608947754,-0.6724892854690552,3.114611816404872,13.43615436553955
A,12,-20,real_diff_in_helix_subspace,200,0.054999999701976776,0.45499998331069946,-5.409293174743652,-2.6717164516448975,3.8395233645572033,13.43615436553955
A,12,-20,full_swap,200,0.9049999713897705,0.009999999776482582,-0.9661306738853455,-7.868715763092041,7.200970649719238,13.43615436553955
A,13,-20,helix,200,0.03999999910593033,0.5949999690055847,-5.30334997177124,-2.254467487335205,3.3794521137427527,14.117130279541016
A,13,-20,only_T2,200,0.0,1.0,-7.353655815124512,-0.6528503894805908,0.0,14.117130279541016
A,13,-20,only_T5,200,0.0,1.0,-7.353655815124512,-0.6528503894805908,6.124816544929501e-15,14.117130279541016
A,13,-20,only_T10,200,0.0,1.0,-7.353655815124512,-0.6528503894805908,2.614089138520072e-15,14.117130279541016
A,13,-20,only_T100,200,0.014999999664723873,0.699999988079071,-5.697922706604004,-1.6457961797714233,3.00157239364479,14.117130279541016
A,13,-20,only_lin,200,0.0,0.9049999713897705,-6.98525857925415,-0.9829780459403992,1.661935213289266,14.117130279541016
A,13,-20,random_orth,200,0.0,0.9899999499320984,-7.323428630828857,-0.6779861450195312,3.3794521137427527,14.117130279541016
A,13,-20,real_diff_in_helix_subspace,200,0.054999999701976776,0.4650000035762787,-5.399846076965332,-2.8040666580200195,4.287751406648621,14.117130279541016
A,13,-20,full_swap,200,0.9049999713897705,0.009999999776482582,-0.9656508564949036,-7.8825812339782715,7.797385215759277,14.117130279541016
A,14,-20,helix,200,0.03500000014901161,0.5949999690055847,-5.308330059051514,-2.253761053085327,3.5298128703611487,15.102853775024414
A,14,-20,only_T2,200,0.0,1.0,-7.353655815124512,-0.6528503894805908,0.0,15.102853775024414
A,14,-20,only_T5,200,0.0,1.0,-7.353655815124512,-0.6528503894805908,6.1569006632891644e-15,15.102853775024414
A,14,-20,only_T10,200,0.0,1.0,-7.353655815124512,-0.6528503894805908,2.6663413254411085e-15,15.102853775024414
A,14,-20,only_T100,200,0.014999999664723873,0.6949999928474426,-5.693819522857666,-1.662502408027649,3.103966506600889,15.102853775024414
A,14,-20,only_lin,200,0.0,0.8949999809265137,-6.96953010559082,-0.9972354173660278,1.7179411528383426,15.102853775024414
A,14,-20,random_orth,200,0.0,0.9950000047683716,-7.330735206604004,-0.6528263688087463,3.529812870361149,15.102853775024414
A,14,-20,real_diff_in_helix_subspace,200,0.04999999701976776,0.4650000035762787,-5.41522216796875,-2.8264710903167725,4.557409408184182,15.102853775024414
A,14,-20,full_swap,200,0.8849999904632568,0.014999999664723873,-0.976226806640625,-7.842120170593262,8.103660583496094,15.102853775024414
A,15,-20,helix,200,0.03999999910593033,0.5999999642372131,-5.320817947387695,-2.231583595275879,3.977445685029472,16.167112350463867
A,15,-20,only_T2,200,0.0,1.0,-7.353655815124512,-0.6528503894805908,0.0,16.167112350463867
A,15,-20,only_T5,200,0.0,1.0,-7.353655815124512,-0.6528503894805908,6.367743071282381e-15,16.167112350463867
A,15,-20,only_T10,200,0.0,1.0,-7.353655815124512,-0.6528503894805908,2.782837929768432e-15,16.167112350463867
A,15,-20,only_T100,200,0.014999999664723873,0.6800000071525574,-5.641294956207275,-1.69158935546875,3.472390366334122,16.167112350463867
A,15,-20,only_lin,200,0.0,0.8849999904632568,-6.941650867462158,-1.0158312320709229,1.954057177846401,16.167112350463867
A,15,-20,random_orth,200,0.0,0.9899999499320984,-7.327583312988281,-0.6775568723678589,3.977445685029472,16.167112350463867
A,15,-20,real_diff_in_helix_subspace,200,0.05999999865889549,0.4599999785423279,-5.471824645996094,-2.7965164184570312,4.981199020963803,16.167112350463867
A,15,-20,full_swap,200,0.8899999856948853,0.014999999664723873,-0.9689236879348755,-7.846705913543701,8.683664321899414,16.167112350463867
A,16,-20,helix,200,0.029999999329447746,0.574999988079071,-5.455417156219482,-2.231320381164551,4.719642454021223,17.63197135925293
A,16,-20,only_T2,200,0.0,1.0,-7.353655815124512,-0.6528503894805908,0.0,17.63197135925293
A,16,-20,only_T5,200,0.0,1.0,-7.353655815124512,-0.6528503894805908,7.455213050187832e-15,17.63197135925293
A,16,-20,only_T10,200,0.0,1.0,-7.353655815124512,-0.6528503894805908,3.466251611863832e-15,17.63197135925293
A,16,-20,only_T100,200,0.019999999552965164,0.6449999809265137,-5.661550998687744,-1.7560235261917114,4.184052139915792,17.63197135925293
A,16,-20,only_lin,200,0.0,0.875,-6.9295244216918945,-1.0624479055404663,2.300183142431734,17.63197135925293
A,16,-20,random_orth,200,0.0,0.9899999499320984,-7.323129177093506,-0.6823843121528625,4.719642454021223,17.63197135925293
A,16,-20,real_diff_in_helix_subspace,200,0.04999999701976776,0.44999998807907104,-5.476490497589111,-2.7961137294769287,5.682500533129053,17.63197135925293
A,16,-20,full_swap,200,0.8899999856948853,0.014999999664723873,-0.965512752532959,-7.81962251663208,10.462139129638672,17.63197135925293
A,17,-20,helix,200,0.02499999850988388,0.6649999618530273,-5.833425045013428,-1.7871510982513428,5.2559714044964485,19.71920394897461
A,17,-20,only_T2,200,0.0,1.0,-7.353655815124512,-0.6528503894805908,0.0,19.71920394897461
A,17,-20,only_T5,200,0.0,1.0,-7.353655815124512,-0.6528503894805908,7.916240477678126e-15,19.71920394897461
A,17,-20,only_T10,200,0.0,1.0,-7.353655815124512,-0.6528503894805908,3.752855385552514e-15,19.71920394897461
A,17,-20,only_T100,200,0.009999999776482582,0.7450000047683716,-5.991610050201416,-1.4514089822769165,4.702480293235493,19.71920394897461
A,17,-20,only_lin,200,0.0,0.9099999666213989,-6.992179870605469,-0.955514669418335,2.5630861906717968,19.71920394897461
A,17,-20,random_orth,200,0.0,0.9950000047683716,-7.323909759521484,-0.6670864224433899,5.2559714044964485,19.71920394897461
A,17,-20,real_diff_in_helix_subspace,200,0.029999999329447746,0.5600000023841858,-5.817544937133789,-2.205562114715576,6.272998341655836,19.71920394897461
A,17,-20,full_swap,200,0.824999988079071,0.03500000014901161,-1.2213562726974487,-7.257311820983887,11.4628267288208,19.71920394897461
A,18,-20,helix,200,0.019999999552965164,0.7549999952316284,-6.073879718780518,-1.5081666707992554,5.563838843373627,21.599746704101562
A,18,-20,only_T2,200,0.0,1.0,-7.353655815124512,-0.6528503894805908,0.0,21.599746704101562
A,18,-20,only_T5,200,0.0,1.0,-7.353655815124512,-0.6528503894805908,8.429822892686004e-15,21.599746704101562
A,18,-20,only_T10,200,0.0,1.0,-7.353655815124512,-0.6528503894805908,3.949214074067721e-15,21.599746704101562
A,18,-20,only_T100,200,0.004999999888241291,0.8149999976158142,-6.162480354309082,-1.268045425415039,4.999619038489091,21.599746704101562
A,18,-20,only_lin,200,0.0,0.9199999570846558,-7.065561294555664,-0.9016677737236023,2.7103053180077596,21.599746704101562
A,18,-20,random_orth,200,0.0,0.9899999499320984,-7.342896461486816,-0.677108883857727,5.563838843373627,21.599746704101562
A,18,-20,real_diff_in_helix_subspace,200,0.019999999552965164,0.6449999809265137,-6.025454998016357,-1.891243577003479,6.7348363950869885,21.599746704101562
A,18,-20,full_swap,200,0.6949999928474426,0.13499999046325684,-1.8540308475494385,-6.524503707885742,12.273423194885254,21.599746704101562
A,19,-20,helix,200,0.0,0.9950000047683716,-7.236641883850098,-0.7019016742706299,6.286302032698002,23.407180786132812
A,19,-20,only_T2,200,0.0,1.0,-7.353655815124512,-0.6528503894805908,0.0,23.407180786132812
A,19,-20,only_T5,200,0.0,1.0,-7.353655815124512,-0.6528503894805908,9.290816782485076e-15,23.407180786132812
A,19,-20,only_T10,200,0.0,1.0,-7.353655815124512,-0.6528503894805908,4.321557507350301e-15,23.407180786132812
A,19,-20,only_T100,200,0.0,1.0,-7.307991981506348,-0.6653670072555542,5.585806872691798,23.407180786132812
A,19,-20,only_lin,200,0.0,0.9950000047683716,-7.272551536560059,-0.6891646385192871,3.150771416946888,23.407180786132812
A,19,-20,random_orth,200,0.0,0.9950000047683716,-7.343896865844727,-0.6546048521995544,6.286302032698002,23.407180786132812
A,19,-20,real_diff_in_helix_subspace,200,0.0,0.9899999499320984,-7.224461555480957,-0.7089301943778992,7.640934918397818,23.407180786132812
A,19,-20,full_swap,200,0.0,0.9749999642372131,-6.778012752532959,-0.7781558632850647,13.448271751403809,23.407180786132812
A,20,-20,helix,200,0.0,0.9950000047683716,-7.242188453674316,-0.7095947265625,6.998775626937104,25.062171936035156
A,20,-20,only_T2,200,0.0,1.0,-7.353655815124512,-0.6528503894805908,0.0,25.062171936035156
A,20,-20,only_T5,200,0.0,1.0,-7.353655815124512,-0.6528503894805908,1.0038880552662524e-14,25.062171936035156
A,20,-20,only_T10,200,0.0,1.0,-7.353655815124512,-0.6528503894805908,4.634694176431662e-15,25.062171936035156
A,20,-20,only_T100,200,0.0,1.0,-7.310110092163086,-0.6700828671455383,6.15146861726633,25.062171936035156
A,20,-20,only_lin,200,0.0,0.9950000047683716,-7.274200439453125,-0.6937430500984192,3.4686665260360754,25.062171936035156
A,20,-20,random_orth,200,0.0,0.9899999499320984,-7.353898048400879,-0.6581118106842041,6.998775626937104,25.062171936035156
A,20,-20,real_diff_in_helix_subspace,200,0.0,0.9899999499320984,-7.224380970001221,-0.7190331816673279,8.448128756388906,25.062171936035156
A,20,-20,full_swap,200,0.0,0.9699999690055847,-6.802599906921387,-0.7810593843460083,14.67177963256836,25.062171936035156
A,21,-20,helix,200,0.0,1.0,-7.323992729187012,-0.666803777217865,7.446677152601314,26.372804641723633
A,21,-20,only_T2,200,0.0,1.0,-7.353655815124512,-0.6528503894805908,0.0,26.372804641723633
A,21,-20,only_T5,200,0.0,1.0,-7.353655815124512,-0.6528503894805908,1.0380733406959476e-14,26.372804641723633
A,21,-20,only_T10,200,0.0,1.0,-7.353655815124512,-0.6528503894805908,4.796960404236146e-15,26.372804641723633
A,21,-20,only_T100,200,0.0,1.0,-7.364633560180664,-0.6440553665161133,6.557805258520302,26.372804641723633
A,21,-20,only_lin,200,0.0,1.0,-7.305751800537109,-0.6749512553215027,3.660330844397685,26.372804641723633
A,21,-20,random_orth,200,0.0,1.0,-7.357249736785889,-0.6522716879844666,7.446677152601314,26.372804641723633
A,21,-20,real_diff_in_helix_subspace,200,0.0,1.0,-7.310754299163818,-0.6663145422935486,9.066144218808867,26.372804641723633
A,21,-20,full_swap,200,0.0,1.0,-7.235393047332764,-0.6533502340316772,15.557856559753418,26.372804641723633
A,22,-20,helix,200,0.0,1.0,-7.313457012176514,-0.6647224426269531,8.018586763666228,28.17660140991211
A,22,-20,only_T2,200,0.0,1.0,-7.353655815124512,-0.6528503894805908,0.0,28.17660140991211
A,22,-20,only_T5,200,0.0,1.0,-7.353655815124512,-0.6528503894805908,1.0852064916141342e-14,28.17660140991211
A,22,-20,only_T10,200,0.0,1.0,-7.353655815124512,-0.6528503894805908,5.0104352609426165e-15,28.17660140991211
A,22,-20,only_T100,200,0.0,1.0,-7.369027614593506,-0.6470355987548828,7.041678352545587,28.17660140991211
A,22,-20,only_lin,200,0.0,1.0,-7.298494815826416,-0.6715248227119446,3.9630492343992136,28.17660140991211
A,22,-20,random_orth,200,0.0,1.0,-7.356459617614746,-0.6492868065834045,8.018586763666228,28.17660140991211
A,22,-20,real_diff_in_helix_subspace,200,0.0,1.0,-7.304430961608887,-0.6683774590492249,9.840961563949064,28.17660140991211
A,22,-20,full_swap,200,0.0,1.0,-7.227338790893555,-0.6530506610870361,16.598039627075195,28.17660140991211
A,23,-20,helix,200,0.0,1.0,-7.347218036651611,-0.6572247743606567,8.471469607184599,29.84436798095703
A,23,-20,only_T2,200,0.0,1.0,-7.353655815124512,-0.6528503894805908,0.0,29.84436798095703
A,23,-20,only_T5,200,0.0,1.0,-7.353655815124512,-0.6528503894805908,1.140774805336448e-14,29.84436798095703
A,23,-20,only_T10,200,0.0,1.0,-7.353655815124512,-0.6528503894805908,5.259881832408584e-15,29.84436798095703
A,23,-20,only_T100,200,0.0,1.0,-7.370331287384033,-0.6481854915618896,7.424928153211398,29.84436798095703
A,23,-20,only_lin,200,0.0,1.0,-7.335349082946777,-0.6612625122070312,4.216498208846325,29.84436798095703
A,23,-20,random_orth,200,0.0,0.9950000047683716,-7.360060691833496,-0.6525844931602478,8.471469607184599,29.84436798095703
A,23,-20,real_diff_in_helix_subspace,200,0.0,1.0,-7.337828159332275,-0.6576089262962341,10.496289728197485,29.84436798095703
A,23,-20,full_swap,200,0.0,1.0,-7.306719779968262,-0.6535922288894653,17.596345901489258,29.84436798095703
A,24,-20,helix,200,0.0,0.9950000047683716,-7.350606441497803,-0.6564399003982544,8.857368176303234,31.160202026367188
A,24,-20,only_T2,200,0.0,1.0,-7.353655815124512,-0.6528503894805908,0.0,31.160202026367188
A,24,-20,only_T5,200,0.0,1.0,-7.353655815124512,-0.6528503894805908,1.199312185383355e-14,31.160202026367188
A,24,-20,only_T10,200,0.0,1.0,-7.353655815124512,-0.6528503894805908,5.451693244202691e-15,31.160202026367188
A,24,-20,only_T100,200,0.0,1.0,-7.381060600280762,-0.6442549228668213,7.736507618990486,31.160202026367188
A,24,-20,only_lin,200,0.0,1.0,-7.327042102813721,-0.6644091010093689,4.4259276626106905,31.160202026367188
A,24,-20,random_orth,200,0.0,1.0,-7.361620903015137,-0.6510010957717896,8.857368176303234,31.160202026367188
A,24,-20,real_diff_in_helix_subspace,200,0.0,0.9950000047683716,-7.345431327819824,-0.6567301750183105,10.990909206577728,31.160202026367188
A,24,-20,full_swap,200,0.0,1.0,-7.332083702087402,-0.6513833403587341,18.445775985717773,31.160202026367188
A,25,-20,helix,200,0.0,0.9950000047683716,-7.343955993652344,-0.6583108305931091,9.339649672143892,32.84000015258789
A,25,-20,only_T2,200,0.0,1.0,-7.353655815124512,-0.6528503894805908,0.0,32.84000015258789
A,25,-20,only_T5,200,0.0,1.0,-7.353655815124512,-0.6528503894805908,1.2500073003426884e-14,32.84000015258789
A,25,-20,only_T10,200,0.0,1.0,-7.353655815124512,-0.6528503894805908,5.66740256258128e-15,32.84000015258789
A,25,-20,only_T100,200,0.0,0.9950000047683716,-7.374592304229736,-0.6464323997497559,8.151807745756953,32.84000015258789
A,25,-20,only_lin,200,0.0,1.0,-7.32525634765625,-0.6649655699729919,4.653429409377928,32.84000015258789
A,25,-20,random_orth,200,0.0,1.0,-7.360631942749023,-0.6512699723243713,9.339649672143892,32.84000015258789
A,25,-20,real_diff_in_helix_subspace,200,0.0,0.9950000047683716,-7.339393138885498,-0.6577876806259155,11.76153668309451,32.84000015258789
A,25,-20,full_swap,200,0.0,0.9950000047683716,-7.329329490661621,-0.6523361802101135,19.555044174194336,32.84000015258789
A,26,-20,helix,200,0.0,0.9950000047683716,-7.348959922790527,-0.6575494408607483,9.741845338993457,34.529823303222656
A,26,-20,only_T2,200,0.0,1.0,-7.353655815124512,-0.6528503894805908,0.0,34.529823303222656
A,26,-20,only_T5,200,0.0,1.0,-7.353655815124512,-0.6528503894805908,1.2938153657698887e-14,34.529823303222656
A,26,-20,only_T10,200,0.0,1.0,-7.353655815124512,-0.6528503894805908,5.8610970279665346e-15,34.529823303222656
A,26,-20,only_T100,200,0.0,1.0,-7.379233360290527,-0.6448367238044739,8.498221377348713,34.529823303222656
A,26,-20,only_lin,200,0.0,1.0,-7.3295207023620605,-0.6659377813339233,4.856453712229379,34.529823303222656
A,26,-20,random_orth,200,0.0,1.0,-7.3538641929626465,-0.6528633236885071,9.741845338993457,34.529823303222656
A,26,-20,real_diff_in_helix_subspace,200,0.0,0.9950000047683716,-7.344842433929443,-0.6578758358955383,12.320056755229578,34.529823303222656
A,26,-20,full_swap,200,0.0,0.9950000047683716,-7.340710163116455,-0.6497294306755066,20.40254783630371,34.529823303222656
A,27,-20,helix,200,0.0,1.0,-7.344870567321777,-0.6598777770996094,10.260466904903883,37.26430130004883
A,27,-20,only_T2,200,0.0,1.0,-7.353655815124512,-0.6528503894805908,0.0,37.26430130004883
A,27,-20,only_T5,200,0.0,1.0,-7.353655815124512,-0.6528503894805908,1.3515154548844054e-14,37.26430130004883
A,27,-20,only_T10,200,0.0,1.0,-7.353655815124512,-0.6528503894805908,6.118409760382509e-15,37.26430130004883
A,27,-20,only_T100,200,0.0,1.0,-7.366590976715088,-0.6506168842315674,8.916644307488804,37.26430130004883
A,27,-20,only_lin,200,0.0,1.0,-7.339212417602539,-0.6631194353103638,5.123843928949722,37.26430130004883
A,27,-20,random_orth,200,0.0,1.0,-7.357810020446777,-0.6540682911872864,10.260466904903883,37.26430130004883
A,27,-20,real_diff_in_helix_subspace,200,0.0,1.0,-7.345477104187012,-0.6620475649833679,13.043460263903416,37.26430130004883
A,27,-20,full_swap,200,0.0,1.0,-7.346014022827148,-0.6572089791297913,21.443166732788086,37.26430130004883
A,28,-20,helix,200,0.0,1.0,-7.349512577056885,-0.6609882116317749,10.586223442582195,39.803504943847656
A,28,-20,only_T2,200,0.0,1.0,-7.353655815124512,-0.6528503894805908,0.0,39.803504943847656
A,28,-20,only_T5,200,0.0,1.0,-7.353655815124512,-0.6528503894805908,1.3873452276519554e-14,39.803504943847656
A,28,-20,only_T10,200,0.0,1.0,-7.353655815124512,-0.6528503894805908,6.354955384989939e-15,39.803504943847656
A,28,-20,only_T100,200,0.0,1.0,-7.366384506225586,-0.6504132151603699,9.17433189477939,39.803504943847656
A,28,-20,only_lin,200,0.0,1.0,-7.344766139984131,-0.6633758544921875,5.301029878559097,39.803504943847656
A,28,-20,random_orth,200,0.0,1.0,-7.356504917144775,-0.6530189514160156,10.586223442582197,39.803504943847656
A,28,-20,real_diff_in_helix_subspace,200,0.0,1.0,-7.347922325134277,-0.6615334153175354,13.549427475849962,39.803504943847656
A,28,-20,full_swap,200,0.0,1.0,-7.350494861602783,-0.6560978293418884,22.24054718017578,39.803504943847656
A,29,-20,helix,200,0.0,1.0,-7.349843502044678,-0.6620094776153564,11.099112464850299,43.32273483276367
A,29,-20,only_T2,200,0.0,1.0,-7.353655815124512,-0.6528503894805908,0.0,43.32273483276367
A,29,-20,only_T5,200,0.0,1.0,-7.353655815124512,-0.6528503894805908,1.4367170239467268e-14,43.32273483276367
A,29,-20,only_T10,200,0.0,1.0,-7.353655815124512,-0.6528503894805908,6.589123457449114e-15,43.32273483276367
A,29,-20,only_T100,200,0.0,1.0,-7.3662109375,-0.6509226560592651,9.5901859137187,43.32273483276367
A,29,-20,only_lin,200,0.0,1.0,-7.343693733215332,-0.6639235615730286,5.5663502457520835,43.32273483276367
A,29,-20,random_orth,200,0.0,1.0,-7.3546462059021,-0.6534430384635925,11.099112464850299,43.32273483276367
A,29,-20,real_diff_in_helix_subspace,200,0.0,1.0,-7.352328777313232,-0.6623193025588989,14.391676983622364,43.32273483276367
A,29,-20,full_swap,200,0.0,1.0,-7.348330497741699,-0.6573892831802368,23.40377426147461,43.32273483276367
A,30,-20,helix,200,0.0,1.0,-7.348592758178711,-0.6592351198196411,11.70152747443112,54.93779754638672
A,30,-20,only_T2,200,0.0,1.0,-7.353655815124512,-0.6528503894805908,0.0,54.93779754638672
A,30,-20,only_T5,200,0.0,1.0,-7.353655815124512,-0.6528503894805908,1.5155065446327387e-14,54.93779754638672
A,30,-20,only_T10,200,0.0,1.0,-7.353655815124512,-0.6528503894805908,6.8955844071056495e-15,54.93779754638672
A,30,-20,only_T100,200,0.0,1.0,-7.363824367523193,-0.6526743173599243,10.0939236699696,54.93779754638672
A,30,-20,only_lin,200,0.0,1.0,-7.344339847564697,-0.6588519811630249,5.854374753974931,54.93779754638672
A,30,-20,random_orth,200,0.0,1.0,-7.356633186340332,-0.6524509191513062,11.701527474431122,54.93779754638672
A,30,-20,real_diff_in_helix_subspace,200,0.0,1.0,-7.345813274383545,-0.6588847041130066,15.442160290570403,54.93779754638672
A,30,-20,full_swap,200,0.0,1.0,-7.346724510192871,-0.6550077199935913,24.948095321655273,54.93779754638672
A,31,-20,helix,200,0.0,1.0,-7.353655815124512,-0.6528503894805908,12.516343721227008,74.67118835449219
A,31,-20,only_T2,200,0.0,1.0,-7.353655815124512,-0.6528503894805908,0.0,74.67118835449219
A,31,-20,only_T5,200,0.0,1.0,-7.353655815124512,-0.6528503894805908,1.6201300102191076e-14,74.67118835449219
A,31,-20,only_T10,200,0.0,1.0,-7.353655815124512,-0.6528503894805908,7.347329225216233e-15,74.67118835449219
A,31,-20,only_T100,200,0.0,1.0,-7.353655815124512,-0.6528503894805908,10.79262391263016,74.67118835449219
A,31,-20,only_lin,200,0.0,1.0,-7.353655815124512,-0.6528503894805908,6.3453926108882,74.67118835449219
A,31,-20,random_orth,200,0.0,1.0,-7.353655815124512,-0.6528503894805908,12.516343721227008,74.67118835449219
A,31,-20,real_diff_in_helix_subspace,200,0.0,1.0,-7.353655815124512,-0.6528503894805908,16.767444160573568,74.67118835449219
A,31,-20,full_swap,200,0.0,1.0,-7.353655815124512,-0.6528503894805908,26.915367126464844,74.67118835449219
A,0,-10,helix,200,0.07999999821186066,0.8799999952316284,-4.7765607833862305,-1.0079249143600464,0.9631383362276498,5.107699394226074
A,0,-10,only_T2,200,0.0,0.9950000047683716,-5.847163677215576,-0.6309514045715332,0.0,5.107699394226074
A,0,-10,only_T5,200,0.0,0.9950000047683716,-5.847163677215576,-0.6309514045715332,1.8234178724156384e-15,5.107699394226074
A,0,-10,only_T10,200,0.0,0.9950000047683716,-5.847163677215576,-0.6309514045715332,9.13593124702535e-16,5.107699394226074
A,0,-10,only_T100,200,0.03999999910593033,0.9350000023841858,-4.973021030426025,-0.8483946323394775,0.9364932758855171,5.107699394226074
A,0,-10,only_lin,200,0.0,0.9899999499320984,-5.644003868103027,-0.7282195687294006,0.4832621906524377,5.107699394226074
A,0,-10,random_orth,200,0.0,1.0,-5.817813396453857,-0.6372591257095337,0.9631383362276498,5.107699394226074
A,0,-10,real_diff_in_helix_subspace,200,0.08500000089406967,0.8499999642372131,-4.782824516296387,-1.15562903881073,1.0125958328990083,5.107699394226074
A,0,-10,full_swap,200,0.9899999499320984,0.0,-0.6885870099067688,-7.040385723114014,4.612879753112793,5.107699394226074
A,1,-10,helix,200,0.08500000089406967,0.8849999904632568,-4.747486591339111,-1.035200595855713,0.9664598249687486,5.7158589363098145
A,1,-10,only_T2,200,0.0,0.9950000047683716,-5.847163677215576,-0.6309514045715332,0.0,5.7158589363098145
A,1,-10,only_T5,200,0.0,0.9950000047683716,-5.847163677215576,-0.6309514045715332,1.7898427943037965e-15,5.7158589363098145
A,1,-10,only_T10,200,0.0,0.9950000047683716,-5.847163677215576,-0.6309514045715332,8.977400144834595e-16,5.7158589363098145
A,1,-10,only_T100,200,0.04999999701976776,0.9399999976158142,-4.94370174407959,-0.8628160953521729,0.9231400163717184,5.7158589363098145
A,1,-10,only_lin,200,0.0,0.9899999499320984,-5.66318416595459,-0.7255746126174927,0.4964503473122086,5.7158589363098145
A,1,-10,random_orth,200,0.0,0.9950000047683716,-5.845329284667969,-0.6255916357040405,0.9664598249687486,5.7158589363098145
A,1,-10,real_diff_in_helix_subspace,200,0.07000000029802322,0.8799999952316284,-4.7932000160217285,-1.1054816246032715,1.0154078367820403,5.7158589363098145
A,1,-10,full_swap,200,0.98499995470047,0.0,-0.6890179514884949,-7.038328647613525,4.4890456199646,5.7158589363098145
A,2,-10,helix,200,0.07999999821186066,0.8899999856948853,-4.74529504776001,-1.0324561595916748,1.0052993845899136,6.449538707733154
A,2,-10,only_T2,200,0.0,0.9950000047683716,-5.847163677215576,-0.6309514045715332,0.0,6.449538707733154
A,2,-10,only_T5,200,0.0,0.9950000047683716,-5.847163677215576,-0.6309514045715332,1.835373062481858e-15,6.449538707733154
A,2,-10,only_T10,200,0.0,0.9950000047683716,-5.847163677215576,-0.6309514045715332,9.213353622453906e-16,6.449538707733154
A,2,-10,only_T100,200,0.054999999701976776,0.9350000023841858,-4.950537204742432,-0.8602368235588074,0.9532011358871122,6.449538707733154
A,2,-10,only_lin,200,0.0,0.9899999499320984,-5.661473274230957,-0.7235971093177795,0.5257800321985973,6.449538707733154
A,2,-10,random_orth,200,0.0,0.9950000047683716,-5.837136745452881,-0.634604811668396,1.0052993845899136,6.449538707733154
A,2,-10,real_diff_in_helix_subspace,200,0.07499999552965164,0.8899999856948853,-4.789490222930908,-1.0831990242004395,1.0583855419726549,6.449538707733154
A,2,-10,full_swap,200,0.98499995470047,0.0,-0.6896681189537048,-7.059331893920898,4.530783176422119,6.449538707733154
A,3,-10,helix,200,0.0949999988079071,0.8700000047683716,-4.70802640914917,-1.0413137674331665,1.1278534069936503,7.672735691070557
A,3,-10,only_T2,200,0.0,0.9950000047683716,-5.847163677215576,-0.6309514045715332,0.0,7.672735691070557
A,3,-10,only_T5,200,0.0,0.9950000047683716,-5.847163677215576,-0.6309514045715332,2.0281641716465088e-15,7.672735691070557
A,3,-10,only_T10,200,0.0,0.9950000047683716,-5.847163677215576,-0.6309514045715332,1.038615442659103e-15,7.672735691070557
A,3,-10,only_T100,200,0.04999999701976776,0.9399999976158142,-4.9231133460998535,-0.8615925312042236,1.0594510476434378,7.672735691070557
A,3,-10,only_lin,200,0.004999999888241291,0.98499995470047,-5.6364426612854,-0.7256179451942444,0.577500105663517,7.672735691070557
A,3,-10,random_orth,200,0.0,1.0,-5.850296497344971,-0.627512514591217,1.1278534069936503,7.672735691070557
A,3,-10,real_diff_in_helix_subspace,200,0.07499999552965164,0.8949999809265137,-4.729503154754639,-1.067449927330017,1.2100281345960904,7.672735691070557
A,3,-10,full_swap,200,0.98499995470047,0.0,-0.6830289959907532,-7.034869194030762,4.851302623748779,7.672735691070557
A,4,-10,helix,200,0.0949999988079071,0.8799999952316284,-4.699780464172363,-1.0407615900039673,1.2164345285783258,8.661599159240723
A,4,-10,only_T2,200,0.0,0.9950000047683716,-5.847163677215576,-0.6309514045715332,0.0,8.661599159240723
A,4,-10,only_T5,200,0.0,0.9950000047683716,-5.847163677215576,-0.6309514045715332,2.125573646528876e-15,8.661599159240723
A,4,-10,only_T10,200,0.0,0.9950000047683716,-5.847163677215576,-0.6309514045715332,1.0807533434986875e-15,8.661599159240723
A,4,-10,only_T100,200,0.04999999701976776,0.9449999928474426,-4.917050838470459,-0.8671249747276306,1.129389323140438,8.661599159240723
A,4,-10,only_lin,200,0.004999999888241291,0.98499995470047,-5.6333231925964355,-0.7259995937347412,0.6318257697267253,8.661599159240723
A,4,-10,random_orth,200,0.0,1.0,-5.843643665313721,-0.6285790801048279,1.2164345285783258,8.661599159240723
A,4,-10,real_diff_in_helix_subspace,200,0.07000000029802322,0.8849999904632568,-4.7443108558654785,-1.0528700351715088,1.328947425871466,8.661599159240723
A,4,-10,full_swap,200,0.9799999594688416,0.0,-0.6929693222045898,-7.00363826751709,5.067319393157959,8.661599159240723
A,5,-10,helix,200,0.08500000089406967,0.8849999904632568,-4.7036542892456055,-1.0215317010879517,1.306307516606322,9.66847038269043
A,5,-10,only_T2,200,0.0,0.9950000047683716,-5.847163677215576,-0.6309514045715332,0.0,9.66847038269043
A,5,-10,only_T5,200,0.0,0.9950000047683716,-5.847163677215576,-0.6309514045715332,2.2679955999280273e-15,9.66847038269043
A,5,-10,only_T10,200,0.0,0.9950000047683716,-5.847163677215576,-0.6309514045715332,1.1290486096326962e-15,9.66847038269043
A,5,-10,only_T100,200,0.04999999701976776,0.9399999976158142,-4.90817928314209,-0.8594668507575989,1.2014535361877532,9.66847038269043
A,5,-10,only_lin,200,0.004999999888241291,0.98499995470047,-5.641345500946045,-0.7212490439414978,0.6897697263420385,9.66847038269043
A,5,-10,random_orth,200,0.0,1.0,-5.84617805480957,-0.6337642073631287,1.306307516606322,9.66847038269043
A,5,-10,real_diff_in_helix_subspace,200,0.07499999552965164,0.8799999952316284,-4.74191951751709,-1.052209734916687,1.4582910314838662,9.66847038269043
A,5,-10,full_swap,200,0.9799999594688416,0.0,-0.683967113494873,-6.964295387268066,5.288894176483154,9.66847038269043
A,6,-10,helix,200,0.08500000089406967,0.8849999904632568,-4.696967124938965,-1.0342344045639038,1.4116406425498624,10.780094146728516
A,6,-10,only_T2,200,0.0,0.9950000047683716,-5.847163677215576,-0.6309514045715332,0.0,10.780094146728516
A,6,-10,only_T5,200,0.0,0.9950000047683716,-5.847163677215576,-0.6309514045715332,2.447169217799453e-15,10.780094146728516
A,6,-10,only_T10,200,0.0,0.9950000047683716,-5.847163677215576,-0.6309514045715332,1.1547990123792768e-15,10.780094146728516
A,6,-10,only_T100,200,0.04999999701976776,0.9300000071525574,-4.897703647613525,-0.8703317642211914,1.2932688818935683,10.780094146728516
A,6,-10,only_lin,200,0.004999999888241291,0.9799999594688416,-5.650800704956055,-0.7249350547790527,0.7302950049097987,10.780094146728516
A,6,-10,random_orth,200,0.0,1.0,-5.83103609085083,-0.6347959637641907,1.4116406425498624,10.780094146728516
A,6,-10,real_diff_in_helix_subspace,200,0.05999999865889549,0.8849999904632568,-4.746228218078613,-1.0577062368392944,1.6468347921661681,10.780094146728516
A,6,-10,full_swap,200,0.9799999594688416,0.0,-0.6844725012779236,-6.949827671051025,5.49644660949707,10.780094146728516
A,7,-10,helix,200,0.08999999612569809,0.8799999952316284,-4.6992011070251465,-1.037970781326294,1.47070088847586,11.230164527893066
A,7,-10,only_T2,200,0.0,0.9950000047683716,-5.847163677215576,-0.6309514045715332,0.0,11.230164527893066
A,7,-10,only_T5,200,0.0,0.9950000047683716,-5.847163677215576,-0.6309514045715332,2.5087499224434974e-15,11.230164527893066
A,7,-10,only_T10,200,0.0,0.9950000047683716,-5.847163677215576,-0.6309514045715332,1.168640821623024e-15,11.230164527893066
A,7,-10,only_T100,200,0.054999999701976776,0.9300000071525574,-4.896595478057861,-0.865147054195404,1.3530592112668511,11.230164527893066
A,7,-10,only_lin,200,0.009999999776482582,0.9749999642372131,-5.641186237335205,-0.7295668125152588,0.7336788761185392,11.230164527893066
A,7,-10,random_orth,200,0.0,0.9950000047683716,-5.837436199188232,-0.6339084506034851,1.47070088847586,11.230164527893066
A,7,-10,real_diff_in_helix_subspace,200,0.06499999761581421,0.8849999904632568,-4.723227500915527,-1.056365966796875,1.743322106965523,11.230164527893066
A,7,-10,full_swap,200,0.9749999642372131,0.0,-0.6982212066650391,-6.937287330627441,5.566186428070068,11.230164527893066
A,8,-10,helix,200,0.07499999552965164,0.8949999809265137,-4.729677200317383,-1.0159080028533936,1.523604585912394,11.775778770446777
A,8,-10,only_T2,200,0.0,0.9950000047683716,-5.847163677215576,-0.6309514045715332,0.0,11.775778770446777
A,8,-10,only_T5,200,0.0,0.9950000047683716,-5.847163677215576,-0.6309514045715332,2.701748297935327e-15,11.775778770446777
A,8,-10,only_T10,200,0.0,0.9950000047683716,-5.847163677215576,-0.6309514045715332,1.2065205823799831e-15,11.775778770446777
A,8,-10,only_T100,200,0.054999999701976776,0.9399999976158142,-4.928898811340332,-0.846522331237793,1.39817608601238,11.775778770446777
A,8,-10,only_lin,200,0.004999999888241291,0.98499995470047,-5.635129928588867,-0.7314957976341248,0.7604007340324158,11.775778770446777
A,8,-10,random_orth,200,0.0,0.9950000047683716,-5.842301368713379,-0.6293540596961975,1.523604585912394,11.775778770446777
A,8,-10,real_diff_in_helix_subspace,200,0.05999999865889549,0.8949999809265137,-4.762518882751465,-1.038496494293213,1.8677797613355318,11.775778770446777
A,8,-10,full_swap,200,0.9799999594688416,0.0,-0.7332213521003723,-6.871266841888428,5.748805046081543,11.775778770446777
A,9,-10,helix,200,0.07999999821186066,0.8899999856948853,-4.734148979187012,-1.0174635648727417,1.525140219116858,12.056679725646973
A,9,-10,only_T2,200,0.0,0.9950000047683716,-5.847163677215576,-0.6309514045715332,0.0,12.056679725646973
A,9,-10,only_T5,200,0.0,0.9950000047683716,-5.847163677215576,-0.6309514045715332,2.817243181361709e-15,12.056679725646973
A,9,-10,only_T10,200,0.0,0.9950000047683716,-5.847163677215576,-0.6309514045715332,1.2097133233681101e-15,12.056679725646973
A,9,-10,only_T100,200,0.054999999701976776,0.9399999976158142,-4.926642894744873,-0.8474522233009338,1.399265907273879,12.056679725646973
A,9,-10,only_lin,200,0.004999999888241291,0.98499995470047,-5.633888244628906,-0.7327799797058105,0.7467506206370661,12.056679725646973
A,9,-10,random_orth,200,0.0,0.9899999499320984,-5.8431315422058105,-0.6359885334968567,1.525140219116858,12.056679725646973
A,9,-10,real_diff_in_helix_subspace,200,0.07000000029802322,0.875,-4.745257377624512,-1.069103717803955,1.9838643623078753,12.056679725646973
A,9,-10,full_swap,200,0.9799999594688416,0.0,-0.7439414858818054,-6.876122951507568,5.800914764404297,12.056679725646973
A,10,-10,helix,200,0.07999999821186066,0.8899999856948853,-4.720701694488525,-1.0194281339645386,1.558339566580367,12.662038803100586
A,10,-10,only_T2,200,0.0,0.9950000047683716,-5.847163677215576,-0.6309514045715332,0.0,12.662038803100586
A,10,-10,only_T5,200,0.0,0.9950000047683716,-5.847163677215576,-0.6309514045715332,2.9700658518516586e-15,12.662038803100586
A,10,-10,only_T10,200,0.0,0.9950000047683716,-5.847163677215576,-0.6309514045715332,1.2618511309643093e-15,12.662038803100586
A,10,-10,only_T100,200,0.054999999701976776,0.9399999976158142,-4.924238681793213,-0.8529568314552307,1.4129751756898077,12.662038803100586
A,10,-10,only_lin,200,0.004999999888241291,0.9799999594688416,-5.635112762451172,-0.7291203737258911,0.7657703713865746,12.662038803100586
A,10,-10,random_orth,200,0.0,0.9950000047683716,-5.834436416625977,-0.6352978348731995,1.5583395665803672,12.662038803100586
A,10,-10,real_diff_in_helix_subspace,200,0.07000000029802322,0.875,-4.738330364227295,-1.1024638414382935,2.162772047476922,12.662038803100586
A,10,-10,full_swap,200,0.9799999594688416,0.0,-0.7423098087310791,-6.879167556762695,5.978092193603516,12.662038803100586
A,11,-10,helix,200,0.07999999821186066,0.8849999904632568,-4.723110675811768,-1.017972707748413,1.6003642148508317,13.109274864196777
A,11,-10,only_T2,200,0.0,0.9950000047683716,-5.847163677215576,-0.6309514045715332,0.0,13.109274864196777
A,11,-10,only_T5,200,0.0,0.9950000047683716,-5.847163677215576,-0.6309514045715332,3.201152874084478e-15,13.109274864196777
A,11,-10,only_T10,200,0.0,0.9950000047683716,-5.847163677215576,-0.6309514045715332,1.3400783340062715e-15,13.109274864196777
A,11,-10,only_T100,200,0.054999999701976776,0.9399999976158142,-4.905822277069092,-0.861395001411438,1.4488802439284996,13.109274864196777
A,11,-10,only_lin,200,0.004999999888241291,0.98499995470047,-5.633641719818115,-0.7258118391036987,0.7774470714477768,13.109274864196777
A,11,-10,random_orth,200,0.0,1.0,-5.837152004241943,-0.6284393668174744,1.6003642148508317,13.109274864196777
A,11,-10,real_diff_in_helix_subspace,200,0.07499999552965164,0.85999995470047,-4.706679821014404,-1.1432054042816162,2.340061614570244,13.109274864196777
A,11,-10,full_swap,200,0.9799999594688416,0.0,-0.7429588437080383,-6.886336326599121,6.151024341583252,13.109274864196777
A,12,-10,helix,200,0.07999999821186066,0.8949999809265137,-4.735397815704346,-0.9962354898452759,1.6298429646396222,13.324052810668945
A,12,-10,only_T2,200,0.0,0.9950000047683716,-5.847163677215576,-0.6309514045715332,0.0,13.324052810668945
A,12,-10,only_T5,200,0.0,0.9950000047683716,-5.847163677215576,-0.6309514045715332,3.460376788147928e-15,13.324052810668945
A,12,-10,only_T10,200,0.0,0.9950000047683716,-5.847163677215576,-0.6309514045715332,1.4682988942238473e-15,13.324052810668945
A,12,-10,only_T100,200,0.05999999865889549,0.9350000023841858,-4.906689167022705,-0.8599789142608643,1.4829478485642613,13.324052810668945
A,12,-10,only_lin,200,0.004999999888241291,0.98499995470047,-5.647877216339111,-0.7168182730674744,0.7739629314969793,13.324052810668945
A,12,-10,random_orth,200,0.0,1.0,-5.845851898193359,-0.6311783790588379,1.6298429646396222,13.324052810668945
A,12,-10,real_diff_in_helix_subspace,200,0.07499999552965164,0.8799999952316284,-4.705170154571533,-1.1280591487884521,2.423357059742425,13.324052810668945
A,12,-10,full_swap,200,0.9799999594688416,0.0,-0.7267476320266724,-6.881601810455322,6.364473819732666,13.324052810668945
A,13,-10,helix,200,0.07499999552965164,0.8999999761581421,-4.71297025680542,-1.0106382369995117,1.7682259394512654,14.027949333190918
A,13,-10,only_T2,200,0.0,0.9950000047683716,-5.847163677215576,-0.6309514045715332,0.0,14.027949333190918
A,13,-10,only_T5,200,0.0,0.9950000047683716,-5.847163677215576,-0.6309514045715332,3.6240505550829946e-15,14.027949333190918
A,13,-10,only_T10,200,0.0,0.9950000047683716,-5.847163677215576,-0.6309514045715332,1.5478490143199844e-15,14.027949333190918
A,13,-10,only_T100,200,0.04999999701976776,0.9350000023841858,-4.878144264221191,-0.8747498989105225,1.5972792619261593,14.027949333190918
A,13,-10,only_lin,200,0.004999999888241291,0.98499995470047,-5.637984275817871,-0.7202805280685425,0.8309676066446329,14.027949333190918
A,13,-10,random_orth,200,0.0,1.0,-5.85472297668457,-0.6272428035736084,1.7682259394512656,14.027949333190918
A,13,-10,real_diff_in_helix_subspace,200,0.08500000089406967,0.8399999737739563,-4.640195369720459,-1.1824240684509277,2.718049064536324,14.027949333190918
A,13,-10,full_swap,200,0.9799999594688416,0.0,-0.7271458506584167,-6.888307571411133,6.8876118659973145,14.027949333190918
A,14,-10,helix,200,0.07499999552965164,0.8999999761581421,-4.713881492614746,-1.0085833072662354,1.845670004414364,14.975090026855469
A,14,-10,only_T2,200,0.0,0.9950000047683716,-5.847163677215576,-0.6309514045715332,0.0,14.975090026855469
A,14,-10,only_T5,200,0.0,0.9950000047683716,-5.847163677215576,-0.6309514045715332,3.645915070870985e-15,14.975090026855469
A,14,-10,only_T10,200,0.0,0.9950000047683716,-5.847163677215576,-0.6309514045715332,1.5791290225765643e-15,14.975090026855469
A,14,-10,only_T100,200,0.054999999701976776,0.9300000071525574,-4.87778902053833,-0.8718893527984619,1.6518169227424488,14.975090026855469
A,14,-10,only_lin,200,0.004999999888241291,0.98499995470047,-5.62446403503418,-0.7222697138786316,0.8589705764191713,14.975090026855469
A,14,-10,random_orth,200,0.0,0.9950000047683716,-5.838039398193359,-0.6310652494430542,1.8456700044143637,14.975090026855469
A,14,-10,real_diff_in_helix_subspace,200,0.09999999403953552,0.8199999928474426,-4.609919548034668,-1.2378692626953125,2.9553669461174756,14.975090026855469
A,14,-10,full_swap,200,0.9799999594688416,0.0,-0.7283375263214111,-6.864187240600586,7.161658763885498,14.975090026855469
A,15,-10,helix,200,0.07499999552965164,0.8999999761581421,-4.7050628662109375,-1.0121017694473267,2.078003741556225,16.068710327148438
A,15,-10,only_T2,200,0.0,0.9950000047683716,-5.847163677215576,-0.6309514045715332,0.0,16.068710327148438
A,15,-10,only_T5,200,0.0,0.9950000047683716,-5.847163677215576,-0.6309514045715332,3.771199167392637e-15,16.068710327148438
A,15,-10,only_T10,200,0.0,0.9950000047683716,-5.847163677215576,-0.6309514045715332,1.6482959494732308e-15,16.068710327148438
A,15,-10,only_T100,200,0.054999999701976776,0.9300000071525574,-4.861321926116943,-0.875081479549408,1.8486022428563564,16.068710327148438
A,15,-10,only_lin,200,0.004999999888241291,0.98499995470047,-5.61199951171875,-0.7289431691169739,0.9770285889232007,16.068710327148438
A,15,-10,random_orth,200,0.0,1.0,-5.83791446685791,-0.6324926018714905,2.078003741556225,16.068710327148438
A,15,-10,real_diff_in_helix_subspace,200,0.0949999988079071,0.8100000023841858,-4.614277362823486,-1.24836266040802,3.161626067926718,16.068710327148438
A,15,-10,full_swap,200,0.9749999642372131,0.0,-0.7267950773239136,-6.857254981994629,7.619816303253174,16.068710327148438
A,16,-10,helix,200,0.07999999821186066,0.8899999856948853,-4.676723957061768,-1.0719119310379028,2.4713663724602726,17.490943908691406
A,16,-10,only_T2,200,0.0,0.9950000047683716,-5.847163677215576,-0.6309514045715332,0.0,17.490943908691406
A,16,-10,only_T5,200,0.0,0.9950000047683716,-5.847163677215576,-0.6309514045715332,4.413601750235307e-15,17.490943908691406
A,16,-10,only_T10,200,0.0,0.9950000047683716,-5.847163677215576,-0.6309514045715332,2.054939416267134e-15,17.490943908691406
A,16,-10,only_T100,200,0.07000000029802322,0.9049999713897705,-4.812885761260986,-0.9429537653923035,2.227298839613563,17.490943908691406
A,16,-10,only_lin,200,0.004999999888241291,0.98499995470047,-5.60719633102417,-0.7410207986831665,1.150091571215867,17.490943908691406
A,16,-10,random_orth,200,0.0,1.0,-5.842488765716553,-0.6270813345909119,2.4713663724602726,17.490943908691406
A,16,-10,real_diff_in_helix_subspace,200,0.09999999403953552,0.8149999976158142,-4.527034759521484,-1.2952338457107544,3.4687122692954415,17.490943908691406
A,16,-10,full_swap,200,0.9699999690055847,0.0,-0.7304717898368835,-6.845577239990234,9.250865936279297,17.490943908691406
A,17,-10,helix,200,0.054999999701976776,0.9300000071525574,-4.881274700164795,-0.943162202835083,2.752904036543764,19.566722869873047
A,17,-10,only_T2,200,0.0,0.9950000047683716,-5.847163677215576,-0.6309514045715332,0.0,19.566722869873047
A,17,-10,only_T5,200,0.0,0.9950000047683716,-5.847163677215576,-0.6309514045715332,4.685313845747125e-15,19.566722869873047
A,17,-10,only_T10,200,0.0,0.9950000047683716,-5.847163677215576,-0.6309514045715332,2.224349766296073e-15,19.566722869873047
A,17,-10,only_T100,200,0.05999999865889549,0.9199999570846558,-4.972839832305908,-0.8631770610809326,2.5009277751182077,19.566722869873047
A,17,-10,only_lin,200,0.004999999888241291,0.98499995470047,-5.675257205963135,-0.7100288271903992,1.2815430953358986,19.566722869873047
A,17,-10,random_orth,200,0.0,0.9950000047683716,-5.857302188873291,-0.6292473077774048,2.752904036543764,19.566722869873047
A,17,-10,real_diff_in_helix_subspace,200,0.08999999612569809,0.8650000095367432,-4.7338409423828125,-1.089529275894165,3.835345273171186,19.566722869873047
A,17,-10,full_swap,200,0.9599999785423279,0.019999999552965164,-0.7579632997512817,-6.297098159790039,10.155656814575195,19.566722869873047
A,18,-10,helix,200,0.044999998062849045,0.9399999976158142,-5.062275409698486,-0.8617666959762573,2.9171233640008776,21.5417423248291
A,18,-10,only_T2,200,0.0,0.9950000047683716,-5.847163677215576,-0.6309514045715332,0.0,21.5417423248291
A,18,-10,only_T5,200,0.0,0.9950000047683716,-5.847163677215576,-0.6309514045715332,4.9891326936186306e-15,21.5417423248291
A,18,-10,only_T10,200,0.0,0.9950000047683716,-5.847163677215576,-0.6309514045715332,2.3410837070233934e-15,21.5417423248291
A,18,-10,only_T100,200,0.03500000014901161,0.9599999785423279,-5.116565227508545,-0.7974257469177246,2.660523908134819,21.5417423248291
A,18,-10,only_lin,200,0.004999999888241291,0.98499995470047,-5.708376884460449,-0.6950268149375916,1.3551526590038798,21.5417423248291
A,18,-10,random_orth,200,0.0,0.9950000047683716,-5.84865140914917,-0.6291064023971558,2.9171233640008776,21.5417423248291
A,18,-10,real_diff_in_helix_subspace,200,0.07000000029802322,0.8949999809265137,-4.9156904220581055,-0.99088054895401,4.123718686793239,21.5417423248291
A,18,-10,full_swap,200,0.8899999856948853,0.08500000089406967,-1.0135607719421387,-5.59219217300415,10.877833366394043,21.5417423248291
A,19,-10,helix,200,0.0,1.0,-5.73874568939209,-0.6521192193031311,3.2922699753032707,23.38522720336914
A,19,-10,only_T2,200,0.0,0.9950000047683716,-5.847163677215576,-0.6309514045715332,0.0,23.38522720336914
A,19,-10,only_T5,200,0.0,0.9950000047683716,-5.847163677215576,-0.6309514045715332,5.5130649954348316e-15,23.38522720336914
A,19,-10,only_T10,200,0.0,0.9950000047683716,-5.847163677215576,-0.6309514045715332,2.5646177236860633e-15,23.38522720336914
A,19,-10,only_T100,200,0.0,1.0,-5.7721076011657715,-0.6397053599357605,2.9762749160654822,23.38522720336914
A,19,-10,only_lin,200,0.0,0.9950000047683716,-5.809006690979004,-0.6433992385864258,1.5753857084734437,23.38522720336914
A,19,-10,random_orth,200,0.0,0.9899999499320984,-5.840120792388916,-0.632910430431366,3.2922699753032707,23.38522720336914
A,19,-10,real_diff_in_helix_subspace,200,0.0,1.0,-5.705638408660889,-0.6595963835716248,4.646999780370348,23.38522720336914
A,19,-10,full_swap,200,0.03999999910593033,0.9549999833106995,-4.9208221435546875,-0.807561457157135,11.76140022277832,23.38522720336914
A,20,-10,helix,200,0.0,0.9950000047683716,-5.741145610809326,-0.6541723608970642,3.6644579687504653,25.113718032836914
A,20,-10,only_T2,200,0.0,0.9950000047683716,-5.847163677215576,-0.6309514045715332,0.0,25.113718032836914
A,20,-10,only_T5,200,0.0,0.9950000047683716,-5.847163677215576,-0.6309514045715332,5.953825390281779e-15,25.113718032836914
A,20,-10,only_T10,200,0.0,0.9950000047683716,-5.847163677215576,-0.6309514045715332,2.7483977230549576e-15,25.113718032836914
A,20,-10,only_T100,200,0.0,1.0,-5.777045726776123,-0.6395400762557983,3.2789482598558948,25.113718032836914
A,20,-10,only_lin,200,0.0,0.9899999499320984,-5.812210559844971,-0.6453086137771606,1.7343332630180377,25.113718032836914
A,20,-10,random_orth,200,0.0,1.0,-5.840624809265137,-0.6324933767318726,3.664457968750466,25.113718032836914
A,20,-10,real_diff_in_helix_subspace,200,0.0,1.0,-5.704400539398193,-0.6649953126907349,5.122468831139725,25.113718032836914
A,20,-10,full_swap,200,0.03999999910593033,0.9549999833106995,-4.947785377502441,-0.80430006980896,12.801543235778809,25.113718032836914
A,21,-10,helix,200,0.0,1.0,-5.826020240783691,-0.6347067356109619,3.903494447815871,26.479970932006836
A,21,-10,only_T2,200,0.0,0.9950000047683716,-5.847163677215576,-0.6309514045715332,0.0,26.479970932006836
A,21,-10,only_T5,200,0.0,0.9950000047683716,-5.847163677215576,-0.6309514045715332,6.151501244098275e-15,26.479970932006836
A,21,-10,only_T10,200,0.0,0.9950000047683716,-5.847163677215576,-0.6309514045715332,2.844077600451491e-15,26.479970932006836
A,21,-10,only_T100,200,0.0,1.0,-5.847437381744385,-0.6282354593276978,3.499560772321769,26.479970932006836
A,21,-10,only_lin,200,0.0,0.9950000047683716,-5.823178768157959,-0.6379240155220032,1.8301654221988426,26.479970932006836
A,21,-10,random_orth,200,0.0,0.9950000047683716,-5.849315166473389,-0.6309784650802612,3.903494447815871,26.479970932006836
A,21,-10,real_diff_in_helix_subspace,200,0.0,1.0,-5.81048059463501,-0.6333811283111572,5.464635968440616,26.479970932006836
A,21,-10,full_swap,200,0.0,1.0,-5.6991448402404785,-0.6282651424407959,13.488581657409668,26.479970932006836
A,22,-10,helix,200,0.0,0.9950000047683716,-5.834584712982178,-0.6327376961708069,4.204795442365015,28.305849075317383
A,22,-10,only_T2,200,0.0,0.9950000047683716,-5.847163677215576,-0.6309514045715332,0.0,28.305849075317383
A,22,-10,only_T5,200,0.0,0.9950000047683716,-5.847163677215576,-0.6309514045715332,6.427558543374103e-15,28.305849075317383
A,22,-10,only_T10,200,0.0,0.9950000047683716,-5.847163677215576,-0.6309514045715332,2.970536229094468e-15,28.305849075317383
A,22,-10,only_T100,200,0.0,0.9950000047683716,-5.856398582458496,-0.6274736523628235,3.761349762816508,28.305849075317383
A,22,-10,only_lin,200,0.0,0.9950000047683716,-5.8233489990234375,-0.63637375831604,1.9815246171996066,28.305849075317383
A,22,-10,random_orth,200,0.0,0.9950000047683716,-5.848412990570068,-0.6294149160385132,4.204795442365015,28.305849075317383
A,22,-10,real_diff_in_helix_subspace,200,0.0,0.9950000047683716,-5.825716495513916,-0.6340364217758179,5.902057938360385,28.305849075317383
A,22,-10,full_swap,200,0.0,0.9950000047683716,-5.725756645202637,-0.6266461610794067,14.298842430114746,28.305849075317383
A,23,-10,helix,200,0.0,0.9950000047683716,-5.8465423583984375,-0.6303037405014038,4.444196167220133,29.998281478881836
A,23,-10,only_T2,200,0.0,0.9950000047683716,-5.847163677215576,-0.6309514045715332,0.0,29.998281478881836
A,23,-10,only_T5,200,0.0,0.9950000047683716,-5.847163677215576,-0.6309514045715332,6.7534375675833435e-15,29.998281478881836
A,23,-10,only_T10,200,0.0,0.9950000047683716,-5.847163677215576,-0.6309514045715332,3.1182963582423706e-15,29.998281478881836
A,23,-10,only_T100,200,0.0,0.9950000047683716,-5.854517459869385,-0.6277203559875488,3.969160053934217,29.998281478881836
A,23,-10,only_lin,200,0.0,0.9950000047683716,-5.840282917022705,-0.6337804198265076,2.108249104423163,29.998281478881836
A,23,-10,random_orth,200,0.0,0.9950000047683716,-5.849202632904053,-0.6300528645515442,4.444196167220133,29.998281478881836
A,23,-10,real_diff_in_helix_subspace,200,0.0,0.9950000047683716,-5.842599868774414,-0.6296664476394653,6.292385791514106,29.998281478881836
A,23,-10,full_swap,200,0.0,0.9950000047683716,-5.807168960571289,-0.6253855228424072,15.117696762084961,29.998281478881836
A,24,-10,helix,200,0.0,0.9950000047683716,-5.853226184844971,-0.6307560801506042,4.645405067412923,31.334854125976562
A,24,-10,only_T2,200,0.0,0.9950000047683716,-5.847163677215576,-0.6309514045715332,0.0,31.334854125976562
A,24,-10,only_T5,200,0.0,0.9950000047683716,-5.847163677215576,-0.6309514045715332,7.098857623541727e-15,31.334854125976562
A,24,-10,only_T10,200,0.0,0.9950000047683716,-5.847163677215576,-0.6309514045715332,3.2312851629224506e-15,31.334854125976562
A,24,-10,only_T100,200,0.0,0.9950000047683716,-5.862579345703125,-0.6263401508331299,4.136518452372286,31.334854125976562
A,24,-10,only_lin,200,0.0,0.9950000047683716,-5.838983058929443,-0.6351664066314697,2.2129638313053452,31.334854125976562
A,24,-10,random_orth,200,0.0,0.9950000047683716,-5.852770805358887,-0.6287542581558228,4.645405067412923,31.334854125976562
A,24,-10,real_diff_in_helix_subspace,200,0.0,0.9950000047683716,-5.852266311645508,-0.629901647567749,6.5869848812902365,31.334854125976562
A,24,-10,full_swap,200,0.0,0.9950000047683716,-5.84440803527832,-0.6236942410469055,15.850332260131836,31.334854125976562
A,25,-10,helix,200,0.0,0.9950000047683716,-5.853362083435059,-0.6316852569580078,4.901014651178527,33.0317497253418
A,25,-10,only_T2,200,0.0,0.9950000047683716,-5.847163677215576,-0.6309514045715332,0.0,33.0317497253418
A,25,-10,only_T5,200,0.0,0.9950000047683716,-5.847163677215576,-0.6309514045715332,7.398900411902429e-15,33.0317497253418
A,25,-10,only_T10,200,0.0,0.9950000047683716,-5.847163677215576,-0.6309514045715332,3.3593551394612608e-15,33.0317497253418
A,25,-10,only_T100,200,0.0,0.9950000047683716,-5.861599445343018,-0.6271657943725586,4.360946092367989,33.0317497253418
A,25,-10,only_lin,200,0.0,0.9950000047683716,-5.841463565826416,-0.6356045603752136,2.326714704688964,33.0317497253418
A,25,-10,random_orth,200,0.0,1.0,-5.848371505737305,-0.6321203112602234,4.901014651178527,33.0317497253418
A,25,-10,real_diff_in_helix_subspace,200,0.0,0.9950000047683716,-5.851885795593262,-0.63100665807724,7.038801978907023,33.0317497253418
A,25,-10,full_swap,200,0.0,0.9950000047683716,-5.8463029861450195,-0.6269574761390686,16.73921775817871,33.0317497253418
A,26,-10,helix,200,0.0,0.9950000047683716,-5.854176998138428,-0.6320484280586243,5.112647900369352,34.6641731262207
A,26,-10,only_T2,200,0.0,0.9950000047683716,-5.847163677215576,-0.6309514045715332,0.0,34.6641731262207
A,26,-10,only_T5,200,0.0,0.9950000047683716,-5.847163677215576,-0.6309514045715332,7.65828732243983e-15,34.6641731262207
A,26,-10,only_T10,200,0.0,0.9950000047683716,-5.847163677215576,-0.6309514045715332,3.473592704597328e-15,34.6641731262207
A,26,-10,only_T100,200,0.0,0.9950000047683716,-5.864184856414795,-0.627182126045227,4.547153119846256,34.6641731262207
A,26,-10,only_lin,200,0.0,0.9950000047683716,-5.84065580368042,-0.6360490918159485,2.4282268561146894,34.6641731262207
A,26,-10,random_orth,200,0.0,1.0,-5.846487522125244,-0.6305726766586304,5.112647900369352,34.6641731262207
A,26,-10,real_diff_in_helix_subspace,200,0.0,0.9899999499320984,-5.852906227111816,-0.632079541683197,7.376213921333751,34.6641731262207
A,26,-10,full_swap,200,0.0,0.9899999499320984,-5.840757846832275,-0.6312807202339172,17.424560546875,34.6641731262207
A,27,-10,helix,200,0.0,0.9950000047683716,-5.847090721130371,-0.6336925625801086,5.382600127892133,37.39216613769531
A,27,-10,only_T2,200,0.0,0.9950000047683716,-5.847163677215576,-0.6309514045715332,0.0,37.39216613769531
A,27,-10,only_T5,200,0.0,0.9950000047683716,-5.847163677215576,-0.6309514045715332,7.993833387598222e-15,37.39216613769531
A,27,-10,only_T10,200,0.0,0.9950000047683716,-5.847163677215576,-0.6309514045715332,3.626301241036086e-15,37.39216613769531
A,27,-10,only_T100,200,0.0,0.9950000047683716,-5.85123348236084,-0.6305097937583923,4.770634564589475,37.39216613769531
A,27,-10,only_lin,200,0.0,0.9950000047683716,-5.84415864944458,-0.6358404159545898,2.561921964474861,37.39216613769531
A,27,-10,random_orth,200,0.0,0.9950000047683716,-5.846691608428955,-0.6318812966346741,5.382600127892133,37.39216613769531
A,27,-10,real_diff_in_helix_subspace,200,0.0,0.9950000047683716,-5.846388339996338,-0.6346037983894348,7.798527607899677,37.39216613769531
A,27,-10,full_swap,200,0.0,0.9950000047683716,-5.8396806716918945,-0.6343352198600769,18.267431259155273,37.39216613769531
A,28,-10,helix,200,0.0,0.9950000047683716,-5.850250244140625,-0.6342861652374268,5.551358099299826,39.8856201171875
A,28,-10,only_T2,200,0.0,0.9950000047683716,-5.847163677215576,-0.6309514045715332,0.0,39.8856201171875
A,28,-10,only_T5,200,0.0,0.9950000047683716,-5.847163677215576,-0.6309514045715332,8.209661861755252e-15,39.8856201171875
A,28,-10,only_T10,200,0.0,0.9950000047683716,-5.847163677215576,-0.6309514045715332,3.767211980086383e-15,39.8856201171875
A,28,-10,only_T100,200,0.0,0.9950000047683716,-5.853121280670166,-0.6297792792320251,4.907769488719608,39.8856201171875
A,28,-10,only_lin,200,0.0,0.9950000047683716,-5.848067283630371,-0.6352856755256653,2.650514939279548,39.8856201171875
A,28,-10,random_orth,200,0.0,0.9950000047683716,-5.848123073577881,-0.6313324570655823,5.551358099299827,39.8856201171875
A,28,-10,real_diff_in_helix_subspace,200,0.0,0.9950000047683716,-5.850390434265137,-0.6351770162582397,8.127674974822378,39.8856201171875
A,28,-10,full_swap,200,0.0,0.9950000047683716,-5.847416877746582,-0.6348831057548523,18.9371395111084,39.8856201171875
A,29,-10,helix,200,0.0,0.9950000047683716,-5.850668430328369,-0.6344335675239563,5.8188397516168955,43.448856353759766
A,29,-10,only_T2,200,0.0,0.9950000047683716,-5.847163677215576,-0.6309514045715332,0.0,43.448856353759766
A,29,-10,only_T5,200,0.0,0.9950000047683716,-5.847163677215576,-0.6309514045715332,8.500583798772222e-15,43.448856353759766
A,29,-10,only_T10,200,0.0,0.9950000047683716,-5.847163677215576,-0.6309514045715332,3.905065664970358e-15,43.448856353759766
A,29,-10,only_T100,200,0.0,0.9950000047683716,-5.853997230529785,-0.6302663683891296,5.129897388363684,43.448856353759766
A,29,-10,only_lin,200,0.0,0.9950000047683716,-5.846712112426758,-0.6358665227890015,2.7831751228760417,43.448856353759766
A,29,-10,random_orth,200,0.0,0.9950000047683716,-5.849936485290527,-0.6312322020530701,5.818839751616895,43.448856353759766
A,29,-10,real_diff_in_helix_subspace,200,0.0,0.9950000047683716,-5.851337909698486,-0.6349394917488098,8.661436258536048,43.448856353759766
A,29,-10,full_swap,200,0.0,0.9950000047683716,-5.844264984130859,-0.6348286867141724,19.885164260864258,43.448856353759766
A,30,-10,helix,200,0.0,0.9950000047683716,-5.84956169128418,-0.6336498260498047,6.134861480600594,54.96861267089844
A,30,-10,only_T2,200,0.0,0.9950000047683716,-5.847163677215576,-0.6309514045715332,0.0,54.96861267089844
A,30,-10,only_T5,200,0.0,0.9950000047683716,-5.847163677215576,-0.6309514045715332,8.960627003721972e-15,54.96861267089844
A,30,-10,only_T10,200,0.0,0.9950000047683716,-5.847163677215576,-0.6309514045715332,4.085313952906981e-15,54.96861267089844
A,30,-10,only_T100,200,0.0,0.9950000047683716,-5.852456092834473,-0.6310859322547913,5.399144987703182,54.96861267089844
A,30,-10,only_lin,200,0.0,0.9950000047683716,-5.846528053283691,-0.6338070034980774,2.9271873769874652,54.96861267089844
A,30,-10,random_orth,200,0.0,0.9950000047683716,-5.847536087036133,-0.6312865614891052,6.134861480600594,54.96861267089844
A,30,-10,real_diff_in_helix_subspace,200,0.0,0.9950000047683716,-5.8479204177856445,-0.6339945793151855,9.410506941263789,54.96861267089844
A,30,-10,full_swap,200,0.0,0.9950000047683716,-5.845339298248291,-0.6328204870223999,21.150550842285156,54.96861267089844
A,31,-10,helix,200,0.0,0.9950000047683716,-5.847163677215576,-0.6309514045715332,6.566738280782593,74.60009002685547
A,31,-10,only_T2,200,0.0,0.9950000047683716,-5.847163677215576,-0.6309514045715332,0.0,74.60009002685547
A,31,-10,only_T5,200,0.0,0.9950000047683716,-5.847163677215576,-0.6309514045715332,9.577640815247292e-15,74.60009002685547
A,31,-10,only_T10,200,0.0,0.9950000047683716,-5.847163677215576,-0.6309514045715332,4.351593280611852e-15,74.60009002685547
A,31,-10,only_T100,200,0.0,0.9950000047683716,-5.847163677215576,-0.6309514045715332,5.778730732224437,74.60009002685547
A,31,-10,only_lin,200,0.0,0.9950000047683716,-5.847163677215576,-0.6309514045715332,3.1726963054441,74.60009002685547
A,31,-10,random_orth,200,0.0,0.9950000047683716,-5.847163677215576,-0.6309514045715332,6.566738280782593,74.60009002685547
A,31,-10,real_diff_in_helix_subspace,200,0.0,0.9950000047683716,-5.847163677215576,-0.6309514045715332,10.366598726086767,74.60009002685547
A,31,-10,full_swap,200,0.0,0.9950000047683716,-5.847163677215576,-0.6309514045715332,22.875215530395508,74.60009002685547
A,0,-5,helix,200,0.4749999940395355,0.02499999850988388,-2.380821704864502,-4.799394607543945,2.020922902184276,4.77841329574585
A,0,-5,only_T2,200,0.004999999888241291,0.3199999928474426,-6.22385835647583,-2.2123825550079346,1.1436653533655579,4.77841329574585
A,0,-5,only_T5,200,0.0,1.0,-7.3472900390625,-0.6577468514442444,1.976136335352227e-15,4.77841329574585
A,0,-5,only_T10,200,0.02499999850988388,0.4050000011920929,-5.061508655548096,-2.6764769554138184,1.5887523349472226,4.77841329574585
A,0,-5,only_T100,200,0.0,0.9899999499320984,-7.158952713012695,-0.6908018589019775,0.47930248238394,4.77841329574585
A,0,-5,only_lin,200,0.0,0.9899999499320984,-7.288814067840576,-0.6818518042564392,0.24163109532621888,4.77841329574585
A,0,-5,random_orth,200,0.0,0.9950000047683716,-7.307763576507568,-0.6815525889396667,2.020922902184276,4.77841329574585
A,0,-5,real_diff_in_helix_subspace,200,0.3799999952316284,0.16499999165534973,-3.281073570251465,-4.146121501922607,1.78895076709165,4.77841329574585
A,0,-5,full_swap,200,0.9799999594688416,0.0,-0.709143877029419,-7.902645111083984,4.442422389984131,4.77841329574585
A,1,-5,helix,200,0.47999998927116394,0.019999999552965164,-2.3429720401763916,-4.854724407196045,1.999216915770955,5.424961090087891
A,1,-5,only_T2,200,0.004999999888241291,0.29999998211860657,-6.215410232543945,-2.2452516555786133,1.141472010923508,5.424961090087891
A,1,-5,only_T5,200,0.0,1.0,-7.3472900390625,-0.6577468514442444,1.940286492576703e-15,5.424961090087891
A,1,-5,only_T10,200,0.02499999850988388,0.3999999761581421,-5.048555374145508,-2.7161877155303955,1.5609037527637781,5.424961090087891
A,1,-5,only_T100,200,0.0,0.98499995470047,-7.153514385223389,-0.6989111304283142,0.4738367323734059,5.424961090087891
A,1,-5,only_lin,200,0.0,0.9899999499320984,-7.295255661010742,-0.6864217519760132,0.24822517365610428,5.424961090087891
A,1,-5,random_orth,200,0.0,0.9950000047683716,-7.318334579467773,-0.6688960194587708,1.999216915770955,5.424961090087891
A,1,-5,real_diff_in_helix_subspace,200,0.38499999046325684,0.14000000059604645,-3.166563034057617,-4.232210636138916,1.81561114928473,5.424961090087891
A,1,-5,full_swap,200,0.98499995470047,0.0,-0.7070222496986389,-7.900462627410889,4.357000350952148,5.424961090087891
A,2,-5,helix,200,0.5099999904632568,0.019999999552965164,-2.306410074234009,-4.902922630310059,2.066142331353968,6.202946662902832
A,2,-5,only_T2,200,0.004999999888241291,0.28999999165534973,-6.202860355377197,-2.286569833755493,1.1886685679584,6.202946662902832
A,2,-5,only_T5,200,0.0,1.0,-7.3472900390625,-0.6577468514442444,1.9881499912043876e-15,6.202946662902832
A,2,-5,only_T10,200,0.02499999850988388,0.3799999952316284,-5.022061347961426,-2.759650707244873,1.6018051587410458,6.202946662902832
A,2,-5,only_T100,200,0.0,0.98499995470047,-7.160624027252197,-0.6945669651031494,0.4907987054015176,6.202946662902832
A,2,-5,only_lin,200,0.0,0.9950000047683716,-7.297762393951416,-0.6848092675209045,0.26289001609929863,6.202946662902832
A,2,-5,random_orth,200,0.0,0.9950000047683716,-7.273713111877441,-0.6807706952095032,2.066142331353968,6.202946662902832
A,2,-5,real_diff_in_helix_subspace,200,0.38999998569488525,0.10499999672174454,-3.0118041038513184,-4.35944938659668,1.910563920731684,6.202946662902832
A,2,-5,full_swap,200,0.98499995470047,0.0,-0.7026845216751099,-7.9144415855407715,4.462730884552002,6.202946662902832
A,3,-5,helix,200,0.5099999904632568,0.004999999888241291,-2.2739408016204834,-4.927224636077881,2.2986092581493414,7.489346504211426
A,3,-5,only_T2,200,0.004999999888241291,0.28999999165534973,-6.187315464019775,-2.2814695835113525,1.2885734128279431,7.489346504211426
A,3,-5,only_T5,200,0.0,1.0,-7.3472900390625,-0.6577468514442444,2.1993291770015156e-15,7.489346504211426
A,3,-5,only_T10,200,0.02499999850988388,0.375,-5.012759208679199,-2.8069756031036377,1.8052639637218766,7.489346504211426
A,3,-5,only_T100,200,0.0,0.98499995470047,-7.148144245147705,-0.6983330845832825,0.5450230651177829,7.489346504211426
A,3,-5,only_lin,200,0.0,0.9899999499320984,-7.287351131439209,-0.6860354542732239,0.28875005283175853,7.489346504211426
A,3,-5,random_orth,200,0.0,0.9950000047683716,-7.333773136138916,-0.6645969748497009,2.2986092581493414,7.489346504211426
A,3,-5,real_diff_in_helix_subspace,200,0.429999977350235,0.07499999552965164,-2.7415101528167725,-4.546143531799316,2.200645060996067,7.489346504211426
A,3,-5,full_swap,200,0.98499995470047,0.0,-0.6954229474067688,-7.911759376525879,4.8706374168396,7.489346504211426
A,4,-5,helix,200,0.48499998450279236,0.014999999664723873,-2.3081979751586914,-4.891607761383057,2.387844537959362,8.504476547241211
A,4,-5,only_T2,200,0.004999999888241291,0.29499998688697815,-6.195860385894775,-2.260040521621704,1.3231268665654792,8.504476547241211
A,4,-5,only_T5,200,0.0,1.0,-7.3472900390625,-0.6577468514442444,2.3070841605696294e-15,8.504476547241211
A,4,-5,only_T10,200,0.02499999850988388,0.375,-5.025589466094971,-2.7687063217163086,1.8781552823477476,8.504476547241211
A,4,-5,only_T100,200,0.0,0.9799999594688416,-7.148255348205566,-0.7019171118736267,0.5814290863184393,8.504476547241211
A,4,-5,only_lin,200,0.0,0.9899999499320984,-7.293393611907959,-0.685343325138092,0.31591288486336266,8.504476547241211
A,4,-5,random_orth,200,0.0,0.9950000047683716,-7.362329959869385,-0.6554573178291321,2.387844537959362,8.504476547241211
A,4,-5,real_diff_in_helix_subspace,200,0.4099999964237213,0.07999999821186066,-2.7574756145477295,-4.53517484664917,2.313881887846431,8.504476547241211
A,4,-5,full_swap,200,0.9749999642372131,0.0,-0.710576593875885,-7.865902423858643,5.094497203826904,8.504476547241211
A,5,-5,helix,200,0.4949999749660492,0.019999999552965164,-2.3412811756134033,-4.8267107009887695,2.506909513580018,9.485562324523926
A,5,-5,only_T2,200,0.004999999888241291,0.3149999976158142,-6.2103753089904785,-2.2136518955230713,1.393584229721053,9.485562324523926
A,5,-5,only_T5,200,0.0,1.0,-7.3472900390625,-0.6577468514442444,2.464181781391607e-15,9.485562324523926
A,5,-5,only_T10,200,0.02499999850988388,0.39499998092651367,-5.05060338973999,-2.7351086139678955,1.9620023398275657,9.485562324523926
A,5,-5,only_T100,200,0.0,0.98499995470047,-7.147023677825928,-0.7000805735588074,0.6197682234350524,9.485562324523926
A,5,-5,only_lin,200,0.0,0.9899999499320984,-7.292280197143555,-0.6852088570594788,0.34488486317101924,9.485562324523926
A,5,-5,random_orth,200,0.0,1.0,-7.320276260375977,-0.6798619627952576,2.506909513580018,9.485562324523926
A,5,-5,real_diff_in_helix_subspace,200,0.4350000023841858,0.07000000029802322,-2.7552928924560547,-4.530607223510742,2.4762856962129534,9.485562324523926
A,5,-5,full_swap,200,0.9799999594688416,0.0,-0.71235591173172,-7.824188232421875,5.342492580413818,9.485562324523926
A,6,-5,helix,200,0.5099999904632568,0.03500000014901161,-2.3213274478912354,-4.845661640167236,2.6528031494029727,10.59365463256836
A,6,-5,only_T2,200,0.004999999888241291,0.3349999785423279,-6.213925838470459,-2.2014291286468506,1.5610611271503814,10.59365463256836
A,6,-5,only_T5,200,0.0,1.0,-7.3472900390625,-0.6577468514442444,2.6627071281426573e-15,10.59365463256836
A,6,-5,only_T10,200,0.02499999850988388,0.3700000047683716,-5.012518882751465,-2.7809174060821533,2.0061030870593437,10.59365463256836
A,6,-5,only_T100,200,0.0,0.9899999499320984,-7.142990589141846,-0.7016985416412354,0.6693387306360379,10.59365463256836
A,6,-5,only_lin,200,0.0,0.9899999499320984,-7.296219825744629,-0.6845011711120605,0.36514750245489935,10.59365463256836
A,6,-5,random_orth,200,0.0,1.0,-7.335223197937012,-0.6553895473480225,2.6528031494029727,10.59365463256836
A,6,-5,real_diff_in_helix_subspace,200,0.4350000023841858,0.04999999701976776,-2.6889631748199463,-4.596395015716553,2.693585711383033,10.59365463256836
A,6,-5,full_swap,200,0.9699999690055847,0.0,-0.7253933548927307,-7.8226637840271,5.573586463928223,10.59365463256836
A,7,-5,helix,200,0.4949999749660492,0.029999999329447746,-2.3184335231781006,-4.862720012664795,2.691181548854802,11.083749771118164
A,7,-5,only_T2,200,0.004999999888241291,0.3400000035762787,-6.2162089347839355,-2.194321870803833,1.5831395144392644,11.083749771118164
A,7,-5,only_T5,200,0.0,1.0,-7.3472900390625,-0.6577468514442444,2.7350474089327886e-15,11.083749771118164
A,7,-5,only_T10,200,0.02499999850988388,0.35999998450279236,-5.007153511047363,-2.806304931640625,2.030048046189459,11.083749771118164
A,7,-5,only_T100,200,0.0,0.98499995470047,-7.1467413902282715,-0.6997851133346558,0.7000905116458556,11.083749771118164
A,7,-5,only_lin,200,0.0,0.9899999499320984,-7.293540954589844,-0.6878106594085693,0.3668394380592696,11.083749771118164
A,7,-5,random_orth,200,0.0,1.0,-7.349931240081787,-0.6560819745063782,2.691181548854802,11.083749771118164
A,7,-5,real_diff_in_helix_subspace,200,0.429999977350235,0.03500000014901161,-2.651047945022583,-4.641597747802734,2.772078090385227,11.083749771118164
A,7,-5,full_swap,200,0.9699999690055847,0.0,-0.752082347869873,-7.812256813049316,5.66583251953125,11.083749771118164
A,8,-5,helix,200,0.48499998450279236,0.03500000014901161,-2.341196060180664,-4.845523357391357,2.7891721480028595,11.64499282836914
A,8,-5,only_T2,200,0.004999999888241291,0.3400000035762787,-6.227017879486084,-2.1866934299468994,1.6493817478097401,11.64499282836914
A,8,-5,only_T5,200,0.0,1.0,-7.3472900390625,-0.6577468514442444,2.948761462817796e-15,11.64499282836914
A,8,-5,only_T10,200,0.02499999850988388,0.3700000047683716,-5.0160651206970215,-2.803870677947998,2.0955974834222406,11.64499282836914
A,8,-5,only_T100,200,0.0,0.9950000047683716,-7.156360149383545,-0.6961970925331116,0.723519720982991,11.64499282836914
A,8,-5,only_lin,200,0.0,0.9899999499320984,-7.295792102813721,-0.6883864998817444,0.3802003670162079,11.64499282836914
A,8,-5,random_orth,200,0.0,0.9899999499320984,-7.346126556396484,-0.6593438386917114,2.7891721480028595,11.64499282836914
A,8,-5,real_diff_in_helix_subspace,200,0.429999977350235,0.03500000014901161,-2.625962495803833,-4.650557994842529,2.9318492375189944,11.64499282836914
A,8,-5,full_swap,200,0.9699999690055847,0.0,-0.7746776342391968,-7.798885345458984,5.874454975128174,11.64499282836914
A,9,-5,helix,200,0.4949999749660492,0.029999999329447746,-2.3316376209259033,-4.862370014190674,2.8040369433866807,11.939823150634766
A,9,-5,only_T2,200,0.004999999888241291,0.32999998331069946,-6.2194132804870605,-2.1899378299713135,1.6665662967323938,11.939823150634766
A,9,-5,only_T5,200,0.0,1.0,-7.3472900390625,-0.6577468514442444,3.072931624390585e-15,11.939823150634766
A,9,-5,only_T10,200,0.02499999850988388,0.3649999797344208,-5.006486892700195,-2.8330955505371094,2.1007084637683353,11.939823150634766
A,9,-5,only_T100,200,0.0,0.98499995470047,-7.1550493240356445,-0.6980956196784973,0.7243884269662015,11.939823150634766
A,9,-5,only_lin,200,0.0,0.9899999499320984,-7.296123027801514,-0.6885378360748291,0.37337531031853305,11.939823150634766
A,9,-5,random_orth,200,0.0,0.9899999499320984,-7.328172206878662,-0.6689496636390686,2.8040369433866807,11.939823150634766
A,9,-5,real_diff_in_helix_subspace,200,0.4350000023841858,0.044999998062849045,-2.645829439163208,-4.648425579071045,3.0144140352954354,11.939823150634766
A,9,-5,full_swap,200,0.9599999785423279,0.0,-0.7782595753669739,-7.806905269622803,5.933654308319092,11.939823150634766
A,10,-5,helix,200,0.5,0.02499999850988388,-2.2965352535247803,-4.887516498565674,2.923049038713237,12.52277946472168
A,10,-5,only_T2,200,0.004999999888241291,0.32499998807907104,-6.213117599487305,-2.230412006378174,1.7451279813696556,12.52277946472168
A,10,-5,only_T5,200,0.0,1.0,-7.3472900390625,-0.6577468514442444,3.236797697915192e-15,12.52277946472168
A,10,-5,only_T10,200,0.02499999850988388,0.3649999797344208,-4.981838703155518,-2.8786675930023193,2.1917413534304173,12.52277946472168
A,10,-5,only_T100,200,0.0,0.9899999499320984,-7.151537895202637,-0.6996838450431824,0.7309213674503507,12.52277946472168
A,10,-5,only_lin,200,0.0,0.9899999499320984,-7.2922043800354,-0.6890789866447449,0.3828851856932873,12.52277946472168
A,10,-5,random_orth,200,0.0,0.9950000047683716,-7.335967063903809,-0.666398286819458,2.923049038713237,12.52277946472168
A,10,-5,real_diff_in_helix_subspace,200,0.41499999165534973,0.03999999910593033,-2.683767557144165,-4.653538703918457,3.2066397927384376,12.52277946472168
A,10,-5,full_swap,200,0.9699999690055847,0.0,-0.7786546349525452,-7.815933704376221,6.134608268737793,12.52277946472168
A,11,-5,helix,200,0.5299999713897705,0.019999999552965164,-2.271132230758667,-4.9186296463012695,3.095110177494051,12.959433555603027
A,11,-5,only_T2,200,0.004999999888241291,0.29499998688697815,-6.206145286560059,-2.2949211597442627,1.8576840815440017,12.959433555603027
A,11,-5,only_T5,200,0.0,1.0,-7.3472900390625,-0.6577468514442444,3.488700791243326e-15,12.959433555603027
A,11,-5,only_T10,200,0.02499999850988388,0.3349999785423279,-4.949928283691406,-2.9414432048797607,2.326688936117798,12.959433555603027
A,11,-5,only_T100,200,0.0,0.98499995470047,-7.144742488861084,-0.7007856369018555,0.7498205433201417,12.959433555603027
A,11,-5,only_lin,200,0.0,0.9899999499320984,-7.294904708862305,-0.6869885325431824,0.38872353572388846,12.959433555603027
A,11,-5,random_orth,200,0.0,0.9950000047683716,-7.332149505615234,-0.6638543009757996,3.095110177494051,12.959433555603027
A,11,-5,real_diff_in_helix_subspace,200,0.41499999165534973,0.05999999865889549,-2.679583787918091,-4.638812065124512,3.452685937062063,12.959433555603027
A,11,-5,full_swap,200,0.9649999737739563,0.0,-0.7811740636825562,-7.821204662322998,6.377757549285889,12.959433555603027
A,12,-5,helix,200,0.5550000071525574,0.014999999664723873,-2.221789598464966,-4.910846710205078,3.3751233979086606,13.186975479125977
A,12,-5,only_T2,200,0.004999999888241291,0.2800000011920929,-6.186750888824463,-2.304918050765991,2.026900507663388,13.186975479125977
A,12,-5,only_T5,200,0.0,1.0,-7.3472900390625,-0.6577468514442444,3.7588549077539014e-15,13.186975479125977
A,12,-5,only_T10,200,0.02499999850988388,0.3349999785423279,-4.867957592010498,-3.0305469036102295,2.5521897372926854,13.186975479125977
A,12,-5,only_T100,200,0.0,0.9899999499320984,-7.141467094421387,-0.7008018493652344,0.7664136871906453,13.186975479125977
A,12,-5,only_lin,200,0.0,0.9899999499320984,-7.299106121063232,-0.6825237274169922,0.38698146574848963,13.186975479125977
A,12,-5,random_orth,200,0.0,0.9899999499320984,-7.330019474029541,-0.6630668640136719,3.3751233979086606,13.186975479125977
A,12,-5,real_diff_in_helix_subspace,200,0.4599999785423279,0.04999999701976776,-2.5478639602661133,-4.751709938049316,3.7959044193810723,13.186975479125977
A,12,-5,full_swap,200,0.9699999690055847,0.0,-0.7712048292160034,-7.816720008850098,6.745197296142578,13.186975479125977
A,13,-5,helix,200,0.5450000166893005,0.014999999664723873,-2.2624056339263916,-4.873602390289307,3.542720351011988,13.874563217163086
A,13,-5,only_T2,200,0.004999999888241291,0.25999999046325684,-6.202377796173096,-2.3160760402679443,2.1034481205184115,13.874563217163086
A,13,-5,only_T5,200,0.0,1.0,-7.3472900390625,-0.6577468514442444,3.928211326002747e-15,13.874563217163086
A,13,-5,only_T10,200,0.02499999850988388,0.32499998807907104,-4.877923965454102,-3.057359457015991,2.689776642441335,13.874563217163086
A,13,-5,only_T100,200,0.0,0.9899999499320984,-7.135876178741455,-0.7047613263130188,0.8263002312967338,13.874563217163086
A,13,-5,only_lin,200,0.0,0.9899999499320984,-7.296048641204834,-0.6835403442382812,0.4154838033223165,13.874563217163086
A,13,-5,random_orth,200,0.0,0.9950000047683716,-7.323918342590332,-0.6656025648117065,3.542720351011988,13.874563217163086
A,13,-5,real_diff_in_helix_subspace,200,0.4599999785423279,0.054999999701976776,-2.6028876304626465,-4.766103267669678,4.106604968197656,13.874563217163086
A,13,-5,full_swap,200,0.9749999642372131,0.0,-0.7766401767730713,-7.822251796722412,7.203935623168945,13.874563217163086
A,14,-5,helix,200,0.5349999666213989,0.019999999552965164,-2.2602100372314453,-4.848827838897705,3.636181664362573,14.819128036499023
A,14,-5,only_T2,200,0.004999999888241291,0.2750000059604645,-6.208493709564209,-2.2714688777923584,2.1738805190989474,14.819128036499023
A,14,-5,only_T5,200,0.0,1.0,-7.3472900390625,-0.6577468514442444,3.9457827690604275e-15,14.819128036499023
A,14,-5,only_T10,200,0.029999999329447746,0.32499998807907104,-4.865323543548584,-3.0827887058258057,2.7445894250977316,14.819128036499023
A,14,-5,only_T100,200,0.0,0.98499995470047,-7.140572547912598,-0.7031078934669495,0.8536635145581195,14.819128036499023
A,14,-5,only_lin,200,0.0,0.9899999499320984,-7.289758682250977,-0.6837524771690369,0.4294852882095857,14.819128036499023
A,14,-5,random_orth,200,0.0,0.9899999499320984,-7.331708908081055,-0.6686421632766724,3.636181664362573,14.819128036499023
A,14,-5,real_diff_in_helix_subspace,200,0.4399999976158142,0.05999999865889549,-2.660858154296875,-4.820733070373535,4.418200481387427,14.819128036499023
A,14,-5,full_swap,200,0.9699999690055847,0.0,-0.7839797735214233,-7.796994686126709,7.5345001220703125,14.819128036499023
A,15,-5,helix,200,0.5600000023841858,0.019999999552965164,-2.2520670890808105,-4.825503349304199,3.7987023557112893,15.947373390197754
A,15,-5,only_T2,200,0.004999999888241291,0.2800000011920929,-6.203942775726318,-2.2552175521850586,2.233108934433169,15.947373390197754
A,15,-5,only_T5,200,0.0,1.0,-7.3472900390625,-0.6577468514442444,4.0793178111727054e-15,15.947373390197754
A,15,-5,only_T10,200,0.019999999552965164,0.3050000071525574,-4.856651782989502,-3.111130952835083,2.865005719633832,15.947373390197754
A,15,-5,only_T100,200,0.0,0.98499995470047,-7.136300086975098,-0.7062272429466248,0.9581471085992387,15.947373390197754
A,15,-5,only_lin,200,0.0,0.9899999499320984,-7.290866374969482,-0.6844967603683472,0.4885142944616003,15.947373390197754
A,15,-5,random_orth,200,0.0,0.9899999499320984,-7.333707332611084,-0.6657262444496155,3.7987023557112893,15.947373390197754
A,15,-5,real_diff_in_helix_subspace,200,0.4350000023841858,0.07999999821186066,-2.6883604526519775,-4.829067230224609,4.639959775496573,15.947373390197754
A,15,-5,full_swap,200,0.9649999737739563,0.0,-0.783625066280365,-7.791695594787598,7.987156867980957,15.947373390197754
A,16,-5,helix,200,0.6150000095367432,0.019999999552965164,-2.0558295249938965,-5.154667377471924,4.616019418777276,17.358478546142578
A,16,-5,only_T2,200,0.004999999888241291,0.1850000023841858,-6.183312892913818,-2.5156455039978027,2.6026737571621266,17.358478546142578
A,16,-5,only_T5,200,0.0,1.0,-7.3472900390625,-0.6577468514442444,4.7723385814577456e-15,17.358478546142578
A,16,-5,only_T10,200,0.029999999329447746,0.1850000023841858,-4.588364601135254,-3.7603816986083984,3.5740036458483058,17.358478546142578
A,16,-5,only_T100,200,0.0,0.9799999594688416,-7.124069690704346,-0.7187460660934448,1.1523320288303847,17.358478546142578
A,16,-5,only_lin,200,0.0,0.9899999499320984,-7.282873153686523,-0.6899463534355164,0.5750457856079335,17.358478546142578
A,16,-5,random_orth,200,0.0,0.9899999499320984,-7.312688827514648,-0.6690531969070435,4.616019418777276,17.358478546142578
A,16,-5,real_diff_in_helix_subspace,200,0.5,0.029999999329447746,-2.3023681640625,-5.185888767242432,5.3886268466389815,17.358478546142578
A,16,-5,full_swap,200,0.9649999737739563,0.0,-0.779719352722168,-7.792132377624512,9.722213745117188,17.358478546142578
A,17,-5,helix,200,0.5450000166893005,0.04999999701976776,-2.321693181991577,-4.642512321472168,4.985040980301574,19.407489776611328
A,17,-5,only_T2,200,0.004999999888241291,0.2800000011920929,-6.251986026763916,-2.2039971351623535,2.7784344895964947,19.407489776611328
A,17,-5,only_T5,200,0.0,1.0,-7.3472900390625,-0.6577468514442444,5.067310909709773e-15,19.407489776611328
A,17,-5,only_T10,200,0.029999999329447746,0.2549999952316284,-4.739302158355713,-3.3272860050201416,3.8680216274549752,19.407489776611328
A,17,-5,only_T100,200,0.0,0.98499995470047,-7.157514572143555,-0.7044828534126282,1.2906794862467061,19.407489776611328
A,17,-5,only_lin,200,0.0,0.9950000047683716,-7.303995132446289,-0.6800349950790405,0.6407715476679493,19.407489776611328
A,17,-5,random_orth,200,0.0,0.9899999499320984,-7.332629680633545,-0.6634127497673035,4.985040980301574,19.407489776611328
A,17,-5,real_diff_in_helix_subspace,200,0.4599999785423279,0.07499999552965164,-2.6404130458831787,-4.661819934844971,5.816998196075911,19.407489776611328
A,17,-5,full_swap,200,0.9449999928474426,0.0,-0.8939695358276367,-7.178225994110107,10.564974784851074,19.407489776611328
A,18,-5,helix,200,0.3999999761581421,0.17999999225139618,-2.94907283782959,-3.915632963180542,5.238540822594878,21.4185848236084
A,18,-5,only_T2,200,0.004999999888241291,0.429999977350235,-6.355750560760498,-1.902663230895996,2.894953340945762,21.4185848236084
A,18,-5,only_T5,200,0.0,1.0,-7.3472900390625,-0.6577468514442444,5.396508810903523e-15,21.4185848236084
A,18,-5,only_T10,200,0.02499999850988388,0.375,-5.04862117767334,-2.793771982192993,4.07140798216308,21.4185848236084
A,18,-5,only_T100,200,0.0,0.9950000047683716,-7.18902063369751,-0.6918758749961853,1.3739665454005752,21.4185848236084
A,18,-5,only_lin,200,0.0,0.9950000047683716,-7.310342311859131,-0.6772379875183105,0.6775763295019399,21.4185848236084
A,18,-5,random_orth,200,0.0,0.9950000047683716,-7.325078010559082,-0.6633741855621338,5.238540822594878,21.4185848236084
A,18,-5,real_diff_in_helix_subspace,200,0.3449999988079071,0.20999999344348907,-3.268357515335083,-3.9189066886901855,6.145475324195377,21.4185848236084
A,18,-5,full_swap,200,0.75,0.07000000029802322,-1.5520931482315063,-6.12900447845459,11.23248291015625,21.4185848236084
A,19,-5,helix,200,0.0,0.9899999499320984,-6.9111328125,-0.7549599409103394,5.737405753720932,23.30533218383789
A,19,-5,only_T2,200,0.0,1.0,-7.267154216766357,-0.6696151494979858,3.1240767052094647,23.30533218383789
A,19,-5,only_T5,200,0.0,1.0,-7.3472900390625,-0.6577468514442444,5.942899654168824e-15,23.30533218383789
A,19,-5,only_T10,200,0.0,0.98499995470047,-7.058409690856934,-0.7363115549087524,4.463448866586185,23.30533218383789
A,19,-5,only_T100,200,0.0,1.0,-7.331704139709473,-0.6591092348098755,1.542954802839028,23.30533218383789
A,19,-5,only_lin,200,0.0,1.0,-7.3323235511779785,-0.6614310145378113,0.787692854236722,23.30533218383789
A,19,-5,random_orth,200,0.0,0.9950000047683716,-7.349941730499268,-0.6595284342765808,5.737405753720932,23.30533218383789
A,19,-5,real_diff_in_helix_subspace,200,0.0,0.9899999499320984,-6.92373514175415,-0.7620041966438293,6.811614096628919,23.30533218383789
A,19,-5,full_swap,200,0.004999999888241291,0.949999988079071,-6.363371849060059,-0.8934376835823059,12.228996276855469,23.30533218383789
A,20,-5,helix,200,0.0,0.9899999499320984,-6.880391597747803,-0.7662278413772583,6.173366570328738,25.09807586669922
A,20,-5,only_T2,200,0.0,0.9950000047683716,-7.264787197113037,-0.6706935167312622,3.359893346941299,25.09807586669922
A,20,-5,only_T5,200,0.0,1.0,-7.3472900390625,-0.6577468514442444,6.423848033501901e-15,25.09807586669922
A,20,-5,only_T10,200,0.0,0.98499995470047,-7.0336127281188965,-0.7444438934326172,4.780974439593865,25.09807586669922
A,20,-5,only_T100,200,0.0,1.0,-7.3319993019104,-0.6587156057357788,1.7015993858192149,25.09807586669922
A,20,-5,only_lin,200,0.0,1.0,-7.335130214691162,-0.6623181104660034,0.8671666315090188,25.09807586669922
A,20,-5,random_orth,200,0.0,0.9950000047683716,-7.342854976654053,-0.6580244302749634,6.173366570328738,25.09807586669922
A,20,-5,real_diff_in_helix_subspace,200,0.0,0.9899999499320984,-6.885840892791748,-0.7798923850059509,7.289377787336628,25.09807586669922
A,20,-5,full_swap,200,0.004999999888241291,0.9399999976158142,-6.365162372589111,-0.9005382061004639,13.264942169189453,25.09807586669922
A,21,-5,helix,200,0.0,1.0,-7.30166482925415,-0.6575769186019897,6.415830834968985,26.505882263183594
A,21,-5,only_T2,200,0.0,1.0,-7.355077743530273,-0.655772864818573,3.481025922226728,26.505882263183594
A,21,-5,only_T5,200,0.0,1.0,-7.3472900390625,-0.6577468514442444,6.6468931483740855e-15,26.505882263183594
A,21,-5,only_T10,200,0.0,1.0,-7.305135250091553,-0.6597527861595154,4.946802087361498,26.505882263183594
A,21,-5,only_T100,200,0.0,1.0,-7.345187664031982,-0.6553972959518433,1.8211092586207753,26.505882263183594
A,21,-5,only_lin,200,0.0,1.0,-7.34144401550293,-0.6599289774894714,0.9150827110994214,26.505882263183594
A,21,-5,random_orth,200,0.0,1.0,-7.352521896362305,-0.6570429801940918,6.415830834968985,26.505882263183594
A,21,-5,real_diff_in_helix_subspace,200,0.0,1.0,-7.304471492767334,-0.6568277478218079,7.630534591076363,26.505882263183594
A,21,-5,full_swap,200,0.0,1.0,-7.14725399017334,-0.6624420285224915,13.955497741699219,26.505882263183594
A,22,-5,helix,200,0.0,1.0,-7.3051066398620605,-0.6570307612419128,6.728173226399271,28.36913299560547
A,22,-5,only_T2,200,0.0,1.0,-7.353371620178223,-0.654826819896698,3.637831315964429,28.36913299560547
A,22,-5,only_T5,200,0.0,1.0,-7.3472900390625,-0.6577468514442444,6.9516895429738455e-15,28.36913299560547
A,22,-5,only_T10,200,0.0,1.0,-7.306232929229736,-0.6614576578140259,5.166600415790578,28.36913299560547
A,22,-5,only_T100,200,0.0,1.0,-7.351970195770264,-0.6553195118904114,1.96159498487837,28.36913299560547
A,22,-5,only_lin,200,0.0,1.0,-7.342673301696777,-0.6594474911689758,0.9907623085998033,28.36913299560547
A,22,-5,random_orth,200,0.0,0.9950000047683716,-7.351878643035889,-0.6594676971435547,6.728173226399271,28.36913299560547
A,22,-5,real_diff_in_helix_subspace,200,0.0,1.0,-7.316596984863281,-0.6582676768302917,8.119810272201146,28.36913299560547
A,22,-5,full_swap,200,0.0,1.0,-7.182571887969971,-0.653784990310669,14.807575225830078,28.36913299560547
A,23,-5,helix,200,0.0,1.0,-7.339311122894287,-0.6543378829956055,7.112132265492539,30.065019607543945
A,23,-5,only_T2,200,0.0,1.0,-7.356150150299072,-0.6552481055259705,3.892219390509248,30.065019607543945
A,23,-5,only_T5,200,0.0,1.0,-7.3472900390625,-0.6577468514442444,7.309310949256059e-15,30.065019607543945
A,23,-5,only_T10,200,0.0,1.0,-7.3262619972229,-0.6579003930091858,5.423504276192851,30.065019607543945
A,23,-5,only_T100,200,0.0,1.0,-7.352224349975586,-0.6553778648376465,2.073287939140042,30.065019607543945
A,23,-5,only_lin,200,0.0,1.0,-7.344332218170166,-0.659332811832428,1.0541245522115814,30.065019607543945
A,23,-5,random_orth,200,0.0,1.0,-7.35054349899292,-0.6574298143386841,7.112132265492539,30.065019607543945
A,23,-5,real_diff_in_helix_subspace,200,0.0,1.0,-7.339404106140137,-0.654750645160675,8.641798088822505,30.065019607543945
A,23,-5,full_swap,200,0.0,1.0,-7.256425380706787,-0.6543386578559875,15.682280540466309,30.065019607543945
A,24,-5,helix,200,0.0,1.0,-7.355778694152832,-0.6535748243331909,7.376587955373336,31.399274826049805
A,24,-5,only_T2,200,0.0,1.0,-7.357437610626221,-0.6545506119728088,4.0325097881639484,31.399274826049805
A,24,-5,only_T5,200,0.0,1.0,-7.3472900390625,-0.6577468514442444,7.686145994844639e-15,31.399274826049805
A,24,-5,only_T10,200,0.0,1.0,-7.34429407119751,-0.657629132270813,5.6192328030236345,31.399274826049805
A,24,-5,only_T100,200,0.0,1.0,-7.354520320892334,-0.6552018523216248,2.162219404238901,31.399274826049805
A,24,-5,only_lin,200,0.0,1.0,-7.347661018371582,-0.6589410305023193,1.1064819156526726,31.399274826049805
A,24,-5,random_orth,200,0.0,1.0,-7.3527350425720215,-0.6572198271751404,7.376587955373336,31.399274826049805
A,24,-5,real_diff_in_helix_subspace,200,0.0,1.0,-7.358006477355957,-0.6529468297958374,9.011417538828573,31.399274826049805
A,24,-5,full_swap,200,0.0,1.0,-7.321560382843018,-0.6479572057723999,16.435644149780273,31.399274826049805
A,25,-5,helix,200,0.0,1.0,-7.353055477142334,-0.6537612676620483,7.700407465089775,33.04151916503906
A,25,-5,only_T2,200,0.0,1.0,-7.353280067443848,-0.6551612019538879,4.222865888577102,33.04151916503906
A,25,-5,only_T5,200,0.0,1.0,-7.3472900390625,-0.6577468514442444,8.0124309565416e-15,33.04151916503906
A,25,-5,only_T10,200,0.0,1.0,-7.341299057006836,-0.6575486660003662,5.8422684541308785,33.04151916503906
A,25,-5,only_T100,200,0.0,1.0,-7.34992790222168,-0.6559574604034424,2.2815921779696122,33.04151916503906
A,25,-5,only_lin,200,0.0,1.0,-7.350348949432373,-0.6596747636795044,1.1633573523444822,33.04151916503906
A,25,-5,random_orth,200,0.0,1.0,-7.354764938354492,-0.6557273864746094,7.700407465089775,33.04151916503906
A,25,-5,real_diff_in_helix_subspace,200,0.0,1.0,-7.351834774017334,-0.6531855463981628,9.481205593202528,33.04151916503906
A,25,-5,full_swap,200,0.0,1.0,-7.31553316116333,-0.6493441462516785,17.326597213745117,33.04151916503906
A,26,-5,helix,200,0.0,1.0,-7.351294994354248,-0.6562809348106384,7.969950186307894,34.646305084228516
A,26,-5,only_T2,200,0.0,1.0,-7.3557448387146,-0.6550865769386292,4.366397068033726,34.646305084228516
A,26,-5,only_T5,200,0.0,1.0,-7.3472900390625,-0.6577468514442444,8.294227621900001e-15,34.646305084228516
A,26,-5,only_T10,200,0.0,1.0,-7.341982364654541,-0.6576905846595764,6.040273623893499,34.646305084228516
A,26,-5,only_T100,200,0.0,1.0,-7.350545406341553,-0.6567685604095459,2.379554563709235,34.646305084228516
A,26,-5,only_lin,200,0.0,1.0,-7.344841003417969,-0.6598330736160278,1.2141134280573447,34.646305084228516
A,26,-5,random_orth,200,0.0,1.0,-7.35023832321167,-0.6571699380874634,7.969950186307894,34.646305084228516
A,26,-5,real_diff_in_helix_subspace,200,0.0,1.0,-7.353819847106934,-0.6571641564369202,9.864155400515171,34.646305084228516
A,26,-5,full_swap,200,0.0,1.0,-7.333974838256836,-0.6530023217201233,18.038616180419922,34.646305084228516
A,27,-5,helix,200,0.0,1.0,-7.3505988121032715,-0.6584603190422058,8.319280825961485,37.33470916748047
A,27,-5,only_T2,200,0.0,1.0,-7.351371765136719,-0.6565258502960205,4.54255598630251,37.33470916748047
A,27,-5,only_T5,200,0.0,1.0,-7.3472900390625,-0.6577468514442444,8.668187180419911e-15,37.33470916748047
A,27,-5,only_T10,200,0.0,1.0,-7.347767353057861,-0.6575411558151245,6.305938273285451,37.33470916748047
A,27,-5,only_T100,200,0.0,1.0,-7.348647117614746,-0.6576865315437317,2.4956693733394633,37.33470916748047
A,27,-5,only_lin,200,0.0,1.0,-7.345734596252441,-0.6591424345970154,1.2809609822374306,37.33470916748047
A,27,-5,random_orth,200,0.0,1.0,-7.3468017578125,-0.6589047312736511,8.319280825961485,37.33470916748047
A,27,-5,real_diff_in_helix_subspace,200,0.0,1.0,-7.349757671356201,-0.658286452293396,10.413767506788679,37.33470916748047
A,27,-5,full_swap,200,0.0,1.0,-7.33613395690918,-0.6570927500724792,18.94635772705078,37.33470916748047
A,28,-5,helix,200,0.0,1.0,-7.351489543914795,-0.6591622829437256,8.598852232491142,39.723873138427734
A,28,-5,only_T2,200,0.0,1.0,-7.350292682647705,-0.6566969156265259,4.654048427472162,39.723873138427734
A,28,-5,only_T5,200,0.0,1.0,-7.3472900390625,-0.6577468514442444,8.896850747192778e-15,39.723873138427734
A,28,-5,only_T10,200,0.0,1.0,-7.346870422363281,-0.6581629514694214,6.55189158296507,39.723873138427734
A,28,-5,only_T100,200,0.0,1.0,-7.348601341247559,-0.6579908132553101,2.566154128769991,39.723873138427734
A,28,-5,only_lin,200,0.0,1.0,-7.348245620727539,-0.660228431224823,1.325257469639774,39.723873138427734
A,28,-5,random_orth,200,0.0,1.0,-7.349423885345459,-0.6583529710769653,8.598852232491142,39.723873138427734
A,28,-5,real_diff_in_helix_subspace,200,0.0,1.0,-7.350894451141357,-0.6600876450538635,10.807922789798873,39.723873138427734
A,28,-5,full_swap,200,0.0,1.0,-7.340229511260986,-0.6590478420257568,19.637086868286133,39.723873138427734
A,29,-5,helix,200,0.0,1.0,-7.353124141693115,-0.6588966846466064,8.934691637735884,43.2751350402832
A,29,-5,only_T2,200,0.0,1.0,-7.350464820861816,-0.6565431952476501,4.844418196187268,43.2751350402832
A,29,-5,only_T5,200,0.0,1.0,-7.3472900390625,-0.6577468514442444,9.215603600682698e-15,43.2751350402832
A,29,-5,only_T10,200,0.0,1.0,-7.346075057983398,-0.6576514840126038,6.790577911038125,43.2751350402832
A,29,-5,only_T100,200,0.0,1.0,-7.348515033721924,-0.6579443216323853,2.680872652717667,43.2751350402832
A,29,-5,only_lin,200,0.0,1.0,-7.347225189208984,-0.6600114107131958,1.3915875614380213,43.2751350402832
A,29,-5,random_orth,200,0.0,1.0,-7.351459980010986,-0.658652663230896,8.934691637735884,43.2751350402832
A,29,-5,real_diff_in_helix_subspace,200,0.0,1.0,-7.349867820739746,-0.6600614190101624,11.349284648260323,43.2751350402832
A,29,-5,full_swap,200,0.0,1.0,-7.341512203216553,-0.659708559513092,20.551694869995117,43.2751350402832
A,30,-5,helix,200,0.0,1.0,-7.352067470550537,-0.657338559627533,9.381415825900994,54.79603576660156
A,30,-5,only_T2,200,0.0,1.0,-7.351072788238525,-0.6570119261741638,5.1171334062409315,54.79603576660156
A,30,-5,only_T5,200,0.0,1.0,-7.3472900390625,-0.6577468514442444,9.726753507904813e-15,54.79603576660156
A,30,-5,only_T10,200,0.0,1.0,-7.348570823669434,-0.6569263935089111,7.102675007767889,54.79603576660156
A,30,-5,only_T100,200,0.0,1.0,-7.347397327423096,-0.6572436094284058,2.8199145540222106,54.79603576660156
A,30,-5,only_lin,200,0.0,1.0,-7.347023963928223,-0.6591023802757263,1.4635936884937328,54.79603576660156
A,30,-5,random_orth,200,0.0,1.0,-7.346837997436523,-0.6582630276679993,9.381415825900994,54.79603576660156
A,30,-5,real_diff_in_helix_subspace,200,0.0,1.0,-7.351022720336914,-0.6579013466835022,12.159804990846446,54.79603576660156
A,30,-5,full_swap,200,0.0,1.0,-7.342350959777832,-0.6578882932662964,21.879985809326172,54.79603576660156
A,31,-5,helix,200,0.0,1.0,-7.3472900390625,-0.6577468514442444,10.0575354646517,74.5064926147461
A,31,-5,only_T2,200,0.0,1.0,-7.3472900390625,-0.6577468514442444,5.550718002991018,74.5064926147461
A,31,-5,only_T5,200,0.0,1.0,-7.3472900390625,-0.6577468514442444,1.0402005614274875e-14,74.5064926147461
A,31,-5,only_T10,200,0.0,1.0,-7.3472900390625,-0.6577468514442444,7.5640207713014505,74.5064926147461
A,31,-5,only_T100,200,0.0,1.0,-7.3472900390625,-0.6577468514442444,3.023882149265054,74.5064926147461
A,31,-5,only_lin,200,0.0,1.0,-7.3472900390625,-0.6577468514442444,1.58634815272205,74.5064926147461
A,31,-5,random_orth,200,0.0,1.0,-7.3472900390625,-0.6577468514442444,10.0575354646517,74.5064926147461
A,31,-5,real_diff_in_helix_subspace,200,0.0,1.0,-7.3472900390625,-0.6577468514442444,13.250735878372485,74.5064926147461
A,31,-5,full_swap,200,0.0,1.0,-7.3472900390625,-0.6577468514442444,23.657787322998047,74.5064926147461
A,0,-2,helix,200,0.7899999618530273,0.09999999403953552,-1.3633986711502075,-3.8164544105529785,1.7988585265091046,4.640539646148682
A,0,-2,only_T2,200,0.0,0.9950000047683716,-5.1097822189331055,-0.6745042204856873,0.0,4.640539646148682
A,0,-2,only_T5,200,0.3799999952316284,0.4749999940395355,-2.519649028778076,-2.273428440093994,1.5179334706348777,4.640539646148682
A,0,-2,only_T10,200,0.02499999850988388,0.9350000023841858,-4.300975322723389,-1.0085963010787964,0.9324491787467016,4.640539646148682
A,0,-2,only_T100,200,0.0,1.0,-5.064752101898193,-0.6805427670478821,0.19284686148103602,4.640539646148682
A,0,-2,only_lin,200,0.0,1.0,-5.0902862548828125,-0.6813514828681946,0.09665243813048756,4.640539646148682
A,0,-2,random_orth,200,0.0,1.0,-5.099921703338623,-0.6953728199005127,1.7988585265091046,4.640539646148682
A,0,-2,real_diff_in_helix_subspace,200,0.5999999642372131,0.3349999785423279,-2.097825527191162,-3.1245782375335693,1.5792094967389239,4.640539646148682
A,0,-2,full_swap,200,0.9899999499320984,0.0,-0.6536390781402588,-5.824934482574463,4.092245101928711,4.640539646148682
A,1,-2,helix,200,0.7899999618530273,0.09999999403953552,-1.3763949871063232,-3.8387064933776855,1.7672167451137222,5.299989223480225
A,1,-2,only_T2,200,0.0,0.9950000047683716,-5.1097822189331055,-0.6745042204856873,0.0,5.299989223480225
A,1,-2,only_T5,200,0.3700000047683716,0.48499998450279236,-2.52418851852417,-2.2860727310180664,1.4902014674195943,5.299989223480225
A,1,-2,only_T10,200,0.019999999552965164,0.9300000071525574,-4.289313793182373,-1.0115705728530884,0.9166427510625007,5.299989223480225
A,1,-2,only_T100,200,0.0,1.0,-5.060056209564209,-0.6852473020553589,0.19091123002088026,5.299989223480225
A,1,-2,only_lin,200,0.0,1.0,-5.093815326690674,-0.6848772764205933,0.09929006946244169,5.299989223480225
A,1,-2,random_orth,200,0.0,1.0,-5.077884197235107,-0.709036648273468,1.7672167451137222,5.299989223480225
A,1,-2,real_diff_in_helix_subspace,200,0.6049999594688416,0.3349999785423279,-2.0281147956848145,-3.1856625080108643,1.5902188984681727,5.299989223480225
A,1,-2,full_swap,200,0.9899999499320984,0.0,-0.6599050164222717,-5.813703536987305,4.004984378814697,5.299989223480225
A,2,-2,helix,200,0.7949999570846558,0.09999999403953552,-1.3707432746887207,-3.853545665740967,1.8149083612914618,6.085145473480225
A,2,-2,only_T2,200,0.0,0.9950000047683716,-5.1097822189331055,-0.6745042204856873,0.0,6.085145473480225
A,2,-2,only_T5,200,0.35499998927116394,0.4899999797344208,-2.5407602787017822,-2.2738606929779053,1.5295904644245844,6.085145473480225
A,2,-2,only_T10,200,0.019999999552965164,0.9350000023841858,-4.278311252593994,-1.0172502994537354,0.940797745860549,6.085145473480225
A,2,-2,only_T100,200,0.0,1.0,-5.064297199249268,-0.6835525631904602,0.19802388609563895,6.085145473480225
A,2,-2,only_lin,200,0.0,1.0,-5.092305660247803,-0.6804553866386414,0.10515600643971945,6.085145473480225
A,2,-2,random_orth,200,0.0,1.0,-5.065736293792725,-0.7019157409667969,1.814908361291462,6.085145473480225
A,2,-2,real_diff_in_helix_subspace,200,0.6150000095367432,0.3199999928474426,-1.9478566646575928,-3.240895986557007,1.6721481704334533,6.085145473480225
A,2,-2,full_swap,200,0.98499995470047,0.0,-0.6670135259628296,-5.8193817138671875,4.1028032302856445,6.085145473480225
A,3,-2,helix,200,0.8149999976158142,0.08999999612569809,-1.3746212720870972,-3.8637335300445557,2.017748479565468,7.3935418128967285
A,3,-2,only_T2,200,0.0,0.9950000047683716,-5.1097822189331055,-0.6745042204856873,0.0,7.3935418128967285
A,3,-2,only_T5,200,0.375,0.4699999988079071,-2.542555570602417,-2.2858667373657227,1.6908655868035833,7.3935418128967285
A,3,-2,only_T10,200,0.019999999552965164,0.9300000071525574,-4.261824607849121,-1.0222315788269043,1.0609906126995732,7.3935418128967285
A,3,-2,only_T100,200,0.0,1.0,-5.058625221252441,-0.6850112676620483,0.21988413957920325,7.3935418128967285
A,3,-2,only_lin,200,0.0,1.0,-5.092077732086182,-0.6838722825050354,0.11550002113270341,7.3935418128967285
A,3,-2,random_orth,200,0.0,1.0,-5.089937210083008,-0.6809689402580261,2.017748479565468,7.3935418128967285
A,3,-2,real_diff_in_helix_subspace,200,0.6599999666213989,0.25999999046325684,-1.7632137537002563,-3.4074292182922363,1.9360239971434714,7.3935418128967285
A,3,-2,full_swap,200,0.98499995470047,0.0,-0.665252149105072,-5.816893100738525,4.471414566040039,7.3935418128967285
A,4,-2,helix,200,0.7949999570846558,0.10499999672174454,-1.399547815322876,-3.8156559467315674,2.113283836079352,8.433313369750977
A,4,-2,only_T2,200,0.0,0.9950000047683716,-5.1097822189331055,-0.6745042204856873,0.0,8.433313369750977
A,4,-2,only_T5,200,0.3649999797344208,0.4949999749660492,-2.5562350749969482,-2.2720024585723877,1.7730875379805906,8.433313369750977
A,4,-2,only_T10,200,0.019999999552965164,0.9249999523162842,-4.268505573272705,-1.0152466297149658,1.1045091732157881,8.433313369750977
A,4,-2,only_T100,200,0.0,1.0,-5.0657806396484375,-0.6833595037460327,0.23467669045019263,8.433313369750977
A,4,-2,only_lin,200,0.0,1.0,-5.0948615074157715,-0.6818418502807617,0.12636515394534506,8.433313369750977
A,4,-2,random_orth,200,0.0,0.9950000047683716,-5.110072612762451,-0.6898434162139893,2.113283836079352,8.433313369750977
A,4,-2,real_diff_in_helix_subspace,200,0.6499999761581421,0.26499998569488525,-1.756056785583496,-3.398358106613159,2.0611575361352372,8.433313369750977
A,4,-2,full_swap,200,0.9749999642372131,0.0,-0.6838128566741943,-5.765213489532471,4.692972660064697,8.433313369750977
A,5,-2,helix,200,0.7899999618530273,0.11499999463558197,-1.4410775899887085,-3.712561845779419,2.2424835850804135,9.427796363830566
A,5,-2,only_T2,200,0.0,0.9950000047683716,-5.1097822189331055,-0.6745042204856873,0.0,9.427796363830566
A,5,-2,only_T5,200,0.3499999940395355,0.5349999666213989,-2.5980987548828125,-2.2199790477752686,1.8924203745952985,9.427796363830566
A,5,-2,only_T10,200,0.019999999552965164,0.9199999570846558,-4.272217273712158,-1.0145847797393799,1.154024306048328,9.427796363830566
A,5,-2,only_T100,200,0.0,1.0,-5.069875240325928,-0.6842626333236694,0.25031867794370655,9.427796363830566
A,5,-2,only_lin,200,0.0,1.0,-5.092063903808594,-0.6816981434822083,0.13795394526840768,9.427796363830566
A,5,-2,random_orth,200,0.0,1.0,-5.091468334197998,-0.6889649629592896,2.2424835850804135,9.427796363830566
A,5,-2,real_diff_in_helix_subspace,200,0.6599999666213989,0.25999999046325684,-1.7660882472991943,-3.3627071380615234,2.220568717196494,9.427796363830566
A,5,-2,full_swap,200,0.9799999594688416,0.0,-0.6859153509140015,-5.707282543182373,4.945618152618408,9.427796363830566
A,6,-2,helix,200,0.7949999570846558,0.11499999463558197,-1.441064715385437,-3.7013871669769287,2.3866363038055156,10.521171569824219
A,6,-2,only_T2,200,0.0,0.9950000047683716,-5.1097822189331055,-0.6745042204856873,0.0,10.521171569824219
A,6,-2,only_T5,200,0.3449999988079071,0.5249999761581421,-2.598696231842041,-2.2260489463806152,2.04221395026473,10.521171569824219
A,6,-2,only_T10,200,0.019999999552965164,0.9249999523162842,-4.263684272766113,-1.0225123167037964,1.180949476816517,10.521171569824219
A,6,-2,only_T100,200,0.0,1.0,-5.06358003616333,-0.685114324092865,0.2706985329962812,10.521171569824219
A,6,-2,only_lin,200,0.0,1.0,-5.095731258392334,-0.6824344992637634,0.14605900098195967,10.521171569824219
A,6,-2,random_orth,200,0.0,1.0,-5.100863456726074,-0.6726516485214233,2.3866363038055156,10.521171569824219
A,6,-2,real_diff_in_helix_subspace,200,0.675000011920929,0.2199999988079071,-1.6855018138885498,-3.4440367221832275,2.448849241680744,10.521171569824219
A,6,-2,full_swap,200,0.9799999594688416,0.0,-0.6862519979476929,-5.718565464019775,5.18419075012207,10.521171569824219
A,7,-2,helix,200,0.7949999570846558,0.11499999463558197,-1.4370367527008057,-3.714447021484375,2.4397137469982746,11.031795501708984
A,7,-2,only_T2,200,0.0,0.9950000047683716,-5.1097822189331055,-0.6745042204856873,0.0,11.031795501708984
A,7,-2,only_T5,200,0.3449999988079071,0.5299999713897705,-2.5894503593444824,-2.241414785385132,2.092504213928746,11.031795501708984
A,7,-2,only_T10,200,0.02499999850988388,0.9199999570846558,-4.257462501525879,-1.0225260257720947,1.1953151083353242,11.031795501708984
A,7,-2,only_T100,200,0.0,1.0,-5.068255424499512,-0.6822624206542969,0.2831989857232468,11.031795501708984
A,7,-2,only_lin,200,0.0,1.0,-5.094264030456543,-0.6832638382911682,0.14673577522370784,11.031795501708984
A,7,-2,random_orth,200,0.0,0.9950000047683716,-5.111060619354248,-0.6838505268096924,2.4397137469982746,11.031795501708984
A,7,-2,real_diff_in_helix_subspace,200,0.7049999833106995,0.17999999225139618,-1.6441748142242432,-3.4908034801483154,2.5321381518846664,11.031795501708984
A,7,-2,full_swap,200,0.9799999594688416,0.0,-0.6898179650306702,-5.707242488861084,5.255859375,11.031795501708984
A,8,-2,helix,200,0.7799999713897705,0.12999999523162842,-1.451351284980774,-3.6981682777404785,2.6014930779577194,11.607807159423828
A,8,-2,only_T2,200,0.0,0.9950000047683716,-5.1097822189331055,-0.6745042204856873,0.0,11.607807159423828
A,8,-2,only_T5,200,0.3499999940395355,0.5149999856948853,-2.593204975128174,-2.2360379695892334,2.255931105288173,11.607807159423828
A,8,-2,only_T10,200,0.02499999850988388,0.9249999523162842,-4.2583184242248535,-1.022385835647583,1.2344216518966582,11.607807159423828
A,8,-2,only_T100,200,0.0,1.0,-5.06516695022583,-0.6821027994155884,0.2927110409490537,11.607807159423828
A,8,-2,only_lin,200,0.0,1.0,-5.091972351074219,-0.6847414970397949,0.15208014680648316,11.607807159423828
A,8,-2,random_orth,200,0.0,1.0,-5.101318359375,-0.6817092895507812,2.6014930779577194,11.607807159423828
A,8,-2,real_diff_in_helix_subspace,200,0.7049999833106995,0.17000000178813934,-1.6593337059020996,-3.4885663986206055,2.75705512709213,11.607807159423828
A,8,-2,full_swap,200,0.9799999594688416,0.0,-0.6962081789970398,-5.689152240753174,5.516014575958252,11.607807159423828
A,9,-2,helix,200,0.7849999666213989,0.11499999463558197,-1.4422518014907837,-3.7253129482269287,2.690578884553158,11.942553520202637
A,9,-2,only_T2,200,0.0,0.9950000047683716,-5.1097822189331055,-0.6745042204856873,0.0,11.942553520202637
A,9,-2,only_T5,200,0.3449999988079071,0.5049999952316284,-2.5843756198883057,-2.253629207611084,2.355735605907297,11.942553520202637
A,9,-2,only_T10,200,0.02499999850988388,0.9249999523162842,-4.254652500152588,-1.0275262594223022,1.2382083635821628,11.942553520202637
A,9,-2,only_T100,200,0.0,1.0,-5.066122531890869,-0.6812308430671692,0.2930931355648861,11.942553520202637
A,9,-2,only_lin,200,0.0,1.0,-5.0952887535095215,-0.6843605637550354,0.14935012412741322,11.942553520202637
A,9,-2,random_orth,200,0.0,1.0,-5.101745128631592,-0.6711886525154114,2.690578884553158,11.942553520202637
A,9,-2,real_diff_in_helix_subspace,200,0.7049999833106995,0.1550000011920929,-1.6756315231323242,-3.5343780517578125,2.931442495478276,11.942553520202637
A,9,-2,full_swap,200,0.98499995470047,0.0,-0.6918634176254272,-5.695584774017334,5.665859222412109,11.942553520202637
A,10,-2,helix,200,0.7949999570846558,0.10499999672174454,-1.4083425998687744,-3.7814440727233887,2.82823049386017,12.5287446975708
A,10,-2,only_T2,200,0.0,0.9950000047683716,-5.1097822189331055,-0.6745042204856873,0.0,12.5287446975708
A,10,-2,only_T5,200,0.3799999952316284,0.48499998450279236,-2.5507593154907227,-2.301666736602783,2.4853712227327285,12.5287446975708
A,10,-2,only_T10,200,0.02499999850988388,0.9199999570846558,-4.232770919799805,-1.0481010675430298,1.2908337217463293,12.5287446975708
A,10,-2,only_T100,200,0.0,1.0,-5.066758632659912,-0.6830467581748962,0.29559956301324064,12.5287446975708
A,10,-2,only_lin,200,0.0,1.0,-5.094417095184326,-0.6849810481071472,0.15315407427731487,12.5287446975708
A,10,-2,random_orth,200,0.0,0.9950000047683716,-5.11176061630249,-0.6781327724456787,2.82823049386017,12.5287446975708
A,10,-2,real_diff_in_helix_subspace,200,0.7099999785423279,0.14999999105930328,-1.6798498630523682,-3.587132453918457,3.150615969049943,12.5287446975708
A,10,-2,full_swap,200,0.98499995470047,0.0,-0.6908212304115295,-5.695290565490723,5.886609077453613,12.5287446975708
A,11,-2,helix,200,0.7899999618530273,0.10999999940395355,-1.3703278303146362,-3.830512046813965,3.036513360931075,12.954118728637695
A,11,-2,only_T2,200,0.0,0.9950000047683716,-5.1097822189331055,-0.6745042204856873,0.0,12.954118728637695
A,11,-2,only_T5,200,0.39499998092651367,0.4449999928474426,-2.487734794616699,-2.3912858963012695,2.6797995422982672,12.954118728637695
A,11,-2,only_T10,200,0.02499999850988388,0.9099999666213989,-4.2016167640686035,-1.0779472589492798,1.3715278216553892,12.954118728637695
A,11,-2,only_T100,200,0.0,1.0,-5.068324565887451,-0.682148814201355,0.3031898980996555,12.954118728637695
A,11,-2,only_lin,200,0.0,1.0,-5.09684419631958,-0.681456446647644,0.15548941428955534,12.954118728637695
A,11,-2,random_orth,200,0.0,0.9950000047683716,-5.093500137329102,-0.6811864972114563,3.036513360931075,12.954118728637695
A,11,-2,real_diff_in_helix_subspace,200,0.7099999785423279,0.13499999046325684,-1.6753942966461182,-3.650214672088623,3.4729260550437373,12.954118728637695
A,11,-2,full_swap,200,0.98499995470047,0.0,-0.6905030012130737,-5.70025110244751,6.181607723236084,12.954118728637695
A,12,-2,helix,200,0.7949999570846558,0.10999999940395355,-1.33843195438385,-3.8520238399505615,3.290474474846748,13.157273292541504
A,12,-2,only_T2,200,0.0,0.9950000047683716,-5.1097822189331055,-0.6745042204856873,0.0,13.157273292541504
A,12,-2,only_T5,200,0.4050000011920929,0.41499999165534973,-2.436695098876953,-2.4440903663635254,2.9023888158302573,13.157273292541504
A,12,-2,only_T10,200,0.029999999329447746,0.8949999809265137,-4.158333778381348,-1.1108729839324951,1.499266739587866,13.157273292541504
A,12,-2,only_T100,200,0.0,1.0,-5.066471576690674,-0.682252049446106,0.30960028278065954,13.157273292541504
A,12,-2,only_lin,200,0.0,1.0,-5.097842693328857,-0.6810376048088074,0.15479258629939582,13.157273292541504
A,12,-2,random_orth,200,0.0,0.9950000047683716,-5.110598564147949,-0.6841111779212952,3.290474474846747,13.157273292541504
A,12,-2,real_diff_in_helix_subspace,200,0.7649999856948853,0.125,-1.5480575561523438,-3.783224105834961,3.7518656888855615,13.157273292541504
A,12,-2,full_swap,200,0.98499995470047,0.0,-0.6856714487075806,-5.697010517120361,6.528042793273926,13.157273292541504
A,13,-2,helix,200,0.7849999666213989,0.12999999523162842,-1.3578003644943237,-3.841439723968506,3.450088024242187,13.818907737731934
A,13,-2,only_T2,200,0.0,0.9950000047683716,-5.1097822189331055,-0.6745042204856873,0.0,13.818907737731934
A,13,-2,only_T5,200,0.41499999165534973,0.429999977350235,-2.4385712146759033,-2.453575611114502,3.0404641272121014,13.818907737731934
A,13,-2,only_T10,200,0.03500000014901161,0.8949999809265137,-4.121252059936523,-1.1319208145141602,1.5817666678151374,13.818907737731934
A,13,-2,only_T100,200,0.0,1.0,-5.062387943267822,-0.6837066411972046,0.33377906650713485,13.818907737731934
A,13,-2,only_lin,200,0.0,1.0,-5.097203731536865,-0.6813507080078125,0.16619352132892662,13.818907737731934
A,13,-2,random_orth,200,0.0,1.0,-5.098461151123047,-0.687101423740387,3.450088024242187,13.818907737731934
A,13,-2,real_diff_in_helix_subspace,200,0.73499995470047,0.1550000011920929,-1.5791878700256348,-3.752415180206299,3.9765736542660175,13.818907737731934
A,13,-2,full_swap,200,0.98499995470047,0.0,-0.6862689852714539,-5.693411827087402,6.85591983795166,13.818907737731934
A,14,-2,helix,200,0.7649999856948853,0.14499999582767487,-1.3762519359588623,-3.8049981594085693,3.4793236326075974,14.746049880981445
A,14,-2,only_T2,200,0.0,0.9950000047683716,-5.1097822189331055,-0.6745042204856873,0.0,14.746049880981445
A,14,-2,only_T5,200,0.3999999761581421,0.4449999928474426,-2.4569222927093506,-2.4387385845184326,3.05930446708375,14.746049880981445
A,14,-2,only_T10,200,0.03500000014901161,0.8899999856948853,-4.120125770568848,-1.1341383457183838,1.613077874333008,14.746049880981445
A,14,-2,only_T100,200,0.0,1.0,-5.065057754516602,-0.6829568147659302,0.34456273019896,14.746049880981445
A,14,-2,only_lin,200,0.0,1.0,-5.098187446594238,-0.6817775368690491,0.1717941152838343,14.746049880981445
A,14,-2,random_orth,200,0.0,0.9899999499320984,-5.095760345458984,-0.6927880048751831,3.4793236326075974,14.746049880981445
A,14,-2,real_diff_in_helix_subspace,200,0.7249999642372131,0.14999999105930328,-1.60626220703125,-3.7454607486724854,4.140383498124586,14.746049880981445
A,14,-2,full_swap,200,0.9799999594688416,0.0,-0.6932997107505798,-5.669864177703857,7.068378925323486,14.746049880981445
A,15,-2,helix,200,0.7749999761581421,0.13499999046325684,-1.3689181804656982,-3.822075128555298,3.6115162671989163,15.8829984664917
A,15,-2,only_T2,200,0.0,0.9950000047683716,-5.1097822189331055,-0.6745042204856873,0.0,15.8829984664917
A,15,-2,only_T5,200,0.41999998688697815,0.4099999964237213,-2.4361932277679443,-2.4731483459472656,3.1634053114298406,15.8829984664917
A,15,-2,only_T10,200,0.029999999329447746,0.8949999809265137,-4.114360809326172,-1.1474676132202148,1.6834920255989811,15.8829984664917
A,15,-2,only_T100,200,0.0,1.0,-5.059755802154541,-0.681787371635437,0.3874569683128348,15.8829984664917
A,15,-2,only_lin,200,0.0,1.0,-5.1006760597229,-0.6829147934913635,0.1954057177846401,15.8829984664917
A,15,-2,random_orth,200,0.0,0.9950000047683716,-5.105199337005615,-0.686102569103241,3.6115162671989163,15.8829984664917
A,15,-2,real_diff_in_helix_subspace,200,0.7149999737739563,0.17000000178813934,-1.6246209144592285,-3.7384533882141113,4.271780012939409,15.8829984664917
A,15,-2,full_swap,200,0.9799999594688416,0.0,-0.6960970759391785,-5.659590244293213,7.418982982635498,15.8829984664917
A,16,-2,helix,200,0.8050000071525574,0.10499999672174454,-1.229402780532837,-4.12230920791626,4.277351153061351,17.29413414001465
A,16,-2,only_T2,200,0.0,0.9950000047683716,-5.1097822189331055,-0.6745042204856873,0.0,17.29413414001465
A,16,-2,only_T5,200,0.5,0.3149999976158142,-2.2531981468200684,-2.7897109985351562,3.6968602821353627,17.29413414001465
A,16,-2,only_T10,200,0.054999999701976776,0.8399999737739563,-3.9418652057647705,-1.347223162651062,2.0959609310667955,17.29413414001465
A,16,-2,only_T100,200,0.0,1.0,-5.065626621246338,-0.686257004737854,0.46536197485059716,17.29413414001465
A,16,-2,only_lin,200,0.0,1.0,-5.1001081466674805,-0.6832669973373413,0.23001831424317334,17.29413414001465
A,16,-2,random_orth,200,0.0,0.9950000047683716,-5.103989601135254,-0.6951725482940674,4.277351153061351,17.29413414001465
A,16,-2,real_diff_in_helix_subspace,200,0.8050000071525574,0.0949999988079071,-1.379556655883789,-4.094069004058838,4.910838935650082,17.29413414001465
A,16,-2,full_swap,200,0.9799999594688416,0.0,-0.6974398493766785,-5.667810916900635,8.926281929016113,17.29413414001465
A,17,-2,helix,200,0.7400000095367432,0.1899999976158142,-1.4205574989318848,-3.70410418510437,4.569368850477698,19.325416564941406
A,17,-2,only_T2,200,0.0,0.9950000047683716,-5.1097822189331055,-0.6745042204856873,0.0,19.325416564941406
A,17,-2,only_T5,200,0.3999999761581421,0.4399999976158142,-2.4497523307800293,-2.4373977184295654,3.922849923127245,19.325416564941406
A,17,-2,only_T10,200,0.04999999701976776,0.85999995470047,-4.018107891082764,-1.2241334915161133,2.269675921586237,19.325416564941406
A,17,-2,only_T100,200,0.0,1.0,-5.07227087020874,-0.6826279163360596,0.5207098967636358,19.325416564941406
A,17,-2,only_lin,200,0.0,1.0,-5.100804328918457,-0.6795243620872498,0.2563086190671797,19.325416564941406
A,17,-2,random_orth,200,0.0,0.9950000047683716,-5.0899224281311035,-0.6841195821762085,4.569368850477698,19.325416564941406
A,17,-2,real_diff_in_helix_subspace,200,0.6899999976158142,0.2149999886751175,-1.5514847040176392,-3.6775407791137695,5.256435935972897,19.325416564941406
A,17,-2,full_swap,200,0.9399999976158142,0.014999999664723873,-0.8134368658065796,-5.150959491729736,9.610304832458496,19.325416564941406
A,18,-2,helix,200,0.5899999737739563,0.3400000035762787,-1.8828660249710083,-3.1032121181488037,4.849856680974558,21.34272003173828
A,18,-2,only_T2,200,0.0,0.9950000047683716,-5.1097822189331055,-0.6745042204856873,0.0,21.34272003173828
A,18,-2,only_T5,200,0.3349999785423279,0.5550000071525574,-2.8169612884521484,-2.0646872520446777,4.177466680807303,21.34272003173828
A,18,-2,only_T10,200,0.044999998062849045,0.8899999856948853,-4.150007724761963,-1.0869536399841309,2.388291535311432,21.34272003173828
A,18,-2,only_T100,200,0.0,1.0,-5.08131742477417,-0.6805208921432495,0.5542859808279067,21.34272003173828
A,18,-2,only_lin,200,0.0,1.0,-5.100024223327637,-0.6798044443130493,0.27103053180077596,21.34272003173828
A,18,-2,random_orth,200,0.0,1.0,-5.1102776527404785,-0.6717991232872009,4.849856680974558,21.34272003173828
A,18,-2,real_diff_in_helix_subspace,200,0.5649999976158142,0.3499999940395355,-2.036688804626465,-3.0870885848999023,5.547616355945596,21.34272003173828
A,18,-2,full_swap,200,0.8050000071525574,0.125,-1.2156102657318115,-4.269769668579102,10.210379600524902,21.34272003173828
A,19,-2,helix,200,0.004999999888241291,0.98499995470047,-4.557595252990723,-0.7831295728683472,5.3826109533347655,23.218507766723633
A,19,-2,only_T2,200,0.0,0.9950000047683716,-5.1097822189331055,-0.6745042204856873,0.0,23.218507766723633
A,19,-2,only_T5,200,0.004999999888241291,0.9899999499320984,-4.773398399353027,-0.7314209342002869,4.628673654246166,23.218507766723633
A,19,-2,only_T10,200,0.0,0.9899999499320984,-4.939048767089844,-0.7156086564064026,2.6115915566403647,23.218507766723633
A,19,-2,only_T100,200,0.0,1.0,-5.109321117401123,-0.6743518710136414,0.6235260438282817,23.218507766723633
A,19,-2,only_lin,200,0.0,1.0,-5.10964822769165,-0.6746222376823425,0.3150771416946887,23.218507766723633
A,19,-2,random_orth,200,0.0,0.9950000047683716,-5.107693195343018,-0.672584056854248,5.3826109533347655,23.218507766723633
A,19,-2,real_diff_in_helix_subspace,200,0.004999999888241291,0.9899999499320984,-4.550792694091797,-0.7795990109443665,6.1822295682452975,23.218507766723633
A,19,-2,full_swap,200,0.029999999329447746,0.9449999928474426,-4.159887790679932,-0.9014517664909363,11.139881134033203,23.218507766723633
A,20,-2,helix,200,0.004999999888241291,0.9799999594688416,-4.532679557800293,-0.7915120720863342,5.805621426196591,25.02252960205078
A,20,-2,only_T2,200,0.0,0.9950000047683716,-5.1097822189331055,-0.6745042204856873,0.0,25.02252960205078
A,20,-2,only_T5,200,0.004999999888241291,0.98499995470047,-4.7578840255737305,-0.7347256541252136,4.997341075149588,25.02252960205078
A,20,-2,only_T10,200,0.0,0.98499995470047,-4.9293622970581055,-0.7189362645149231,2.8020135433177877,25.02252960205078
A,20,-2,only_T100,200,0.0,1.0,-5.109783172607422,-0.6741881370544434,0.6879235145837355,25.02252960205078
A,20,-2,only_lin,200,0.0,0.9950000047683716,-5.111582279205322,-0.6751156449317932,0.34686665260360755,25.02252960205078
A,20,-2,random_orth,200,0.0,1.0,-5.103134632110596,-0.6786741018295288,5.805621426196591,25.02252960205078
A,20,-2,real_diff_in_helix_subspace,200,0.004999999888241291,0.9899999499320984,-4.532993793487549,-0.784907341003418,6.624903665907401,25.02252960205078
A,20,-2,full_swap,200,0.029999999329447746,0.9449999928474426,-4.157126426696777,-0.9028634428977966,12.097044944763184,25.02252960205078
A,21,-2,helix,200,0.0,1.0,-5.025352478027344,-0.6805711388587952,6.001601982994182,26.442543029785156
A,21,-2,only_T2,200,0.0,0.9950000047683716,-5.1097822189331055,-0.6745042204856873,0.0,26.442543029785156
A,21,-2,only_T5,200,0.0,0.9950000047683716,-5.067873001098633,-0.6789681315422058,5.161339531108849,26.442543029785156
A,21,-2,only_T10,200,0.0,1.0,-5.072001934051514,-0.6758421659469604,2.9003758721504873,26.442543029785156
A,21,-2,only_T100,200,0.0,0.9950000047683716,-5.109724044799805,-0.6741769909858704,0.7370109230528483,26.442543029785156
A,21,-2,only_lin,200,0.0,0.9950000047683716,-5.109721660614014,-0.6753824949264526,0.36603308443976856,26.442543029785156
A,21,-2,random_orth,200,0.0,1.0,-5.112174987792969,-0.673381507396698,6.001601982994182,26.442543029785156
A,21,-2,real_diff_in_helix_subspace,200,0.0,0.9950000047683716,-5.0248260498046875,-0.6763959527015686,6.87680688148367,26.442543029785156
A,21,-2,full_swap,200,0.0,1.0,-4.936671257019043,-0.6843981742858887,12.698163986206055,26.442543029785156
A,22,-2,helix,200,0.0,0.9950000047683716,-5.03474760055542,-0.6811883449554443,6.272278520091373,28.321889877319336
A,22,-2,only_T2,200,0.0,0.9950000047683716,-5.1097822189331055,-0.6745042204856873,0.0,28.321889877319336
A,22,-2,only_T5,200,0.0,0.9950000047683716,-5.0700602531433105,-0.676922619342804,5.391976105384071,28.321889877319336
A,22,-2,only_T10,200,0.0,1.0,-5.077937602996826,-0.6765845417976379,3.0295990756226776,28.321889877319336
A,22,-2,only_T100,200,0.0,1.0,-5.11177921295166,-0.674142599105835,0.7944896994768483,28.321889877319336
A,22,-2,only_lin,200,0.0,0.9950000047683716,-5.109410762786865,-0.6749142408370972,0.39630492343992124,28.321889877319336
A,22,-2,random_orth,200,0.0,0.9950000047683716,-5.11113166809082,-0.6726444959640503,6.272278520091373,28.321889877319336
A,22,-2,real_diff_in_helix_subspace,200,0.0,0.9950000047683716,-5.033449172973633,-0.6802887320518494,7.238938527452162,28.321889877319336
A,22,-2,full_swap,200,0.0,0.9950000047683716,-4.960536003112793,-0.6829060912132263,13.438634872436523,28.321889877319336
A,23,-2,helix,200,0.0,0.9950000047683716,-5.078494548797607,-0.6777872443199158,6.586014347757878,30.005653381347656
A,23,-2,only_T2,200,0.0,0.9950000047683716,-5.1097822189331055,-0.6745042204856873,0.0,30.005653381347656
A,23,-2,only_T5,200,0.0,0.9950000047683716,-5.097087383270264,-0.6753966212272644,5.663079643306678,30.005653381347656
A,23,-2,only_T10,200,0.0,0.9950000047683716,-5.0952863693237305,-0.6759724020957947,3.180328203955642,30.005653381347656
A,23,-2,only_T100,200,0.0,1.0,-5.111880779266357,-0.6735902428627014,0.8401336430321023,30.005653381347656
A,23,-2,only_lin,200,0.0,0.9950000047683716,-5.108492851257324,-0.6740189790725708,0.42164982088463254,30.005653381347656
A,23,-2,random_orth,200,0.0,0.9950000047683716,-5.112721920013428,-0.6726969480514526,6.586014347757878,30.005653381347656
A,23,-2,real_diff_in_helix_subspace,200,0.0,0.9950000047683716,-5.076601028442383,-0.6770579218864441,7.626420008284489,30.005653381347656
A,23,-2,full_swap,200,0.0,0.9950000047683716,-5.026554584503174,-0.677754282951355,14.19211196899414,30.005653381347656
A,24,-2,helix,200,0.0,0.9950000047683716,-5.098565101623535,-0.6740546226501465,6.900345502329189,31.32394027709961
A,24,-2,only_T2,200,0.0,0.9950000047683716,-5.1097822189331055,-0.6745042204856873,0.0,31.32394027709961
A,24,-2,only_T5,200,0.0,0.9950000047683716,-5.10065221786499,-0.674172580242157,5.953100417275684,31.32394027709961
A,24,-2,only_T10,200,0.0,0.9950000047683716,-5.106513977050781,-0.6749046444892883,3.2965265903782557,31.32394027709961
A,24,-2,only_T100,200,0.0,0.9950000047683716,-5.110213279724121,-0.6736896634101868,0.8765234858495754,31.32394027709961
A,24,-2,only_lin,200,0.0,0.9950000047683716,-5.107845783233643,-0.6749098896980286,0.4425927662610691,31.32394027709961
A,24,-2,random_orth,200,0.0,1.0,-5.116887092590332,-0.6718197464942932,6.900345502329189,31.32394027709961
A,24,-2,real_diff_in_helix_subspace,200,0.0,0.9950000047683716,-5.097762107849121,-0.6728526949882507,7.985363047075791,31.32394027709961
A,24,-2,full_swap,200,0.0,0.9950000047683716,-5.073130130767822,-0.668995201587677,14.919203758239746,31.32394027709961
A,25,-2,helix,200,0.0,0.9950000047683716,-5.099058151245117,-0.675677478313446,7.189704822195124,32.95869064331055
A,25,-2,only_T2,200,0.0,0.9950000047683716,-5.1097822189331055,-0.6745042204856873,0.0,32.95869064331055
A,25,-2,only_T5,200,0.0,0.9950000047683716,-5.1022515296936035,-0.67552649974823,6.206039321356557,32.95869064331055
A,25,-2,only_T10,200,0.0,0.9950000047683716,-5.107351779937744,-0.6745901107788086,3.42665167845988,32.95869064331055
A,25,-2,only_T100,200,0.0,0.9950000047683716,-5.110901832580566,-0.6743808388710022,0.925038754653534,32.95869064331055
A,25,-2,only_lin,200,0.0,0.9950000047683716,-5.109872341156006,-0.6746494770050049,0.4653429409377929,32.95869064331055
A,25,-2,random_orth,200,0.0,0.9950000047683716,-5.111119747161865,-0.6740166544914246,7.1897048221951225,32.95869064331055
A,25,-2,real_diff_in_helix_subspace,200,0.0,0.9950000047683716,-5.09857177734375,-0.6742474436759949,8.342287384536316,32.95869064331055
A,25,-2,full_swap,200,0.0,1.0,-5.077969074249268,-0.6708586812019348,15.701149940490723,32.95869064331055
A,26,-2,helix,200,0.0,0.9950000047683716,-5.098176956176758,-0.67593914270401,7.44259019746849,34.546226501464844
A,26,-2,only_T2,200,0.0,0.9950000047683716,-5.1097822189331055,-0.6745042204856873,0.0,34.546226501464844
A,26,-2,only_T5,200,0.0,0.9950000047683716,-5.099765300750732,-0.6759918332099915,6.424677297607452,34.546226501464844
A,26,-2,only_T10,200,0.0,0.9950000047683716,-5.1071319580078125,-0.674233615398407,3.544045492808751,34.546226501464844
A,26,-2,only_T100,200,0.0,0.9950000047683716,-5.1120147705078125,-0.6741915941238403,0.9647090313808139,34.546226501464844
A,26,-2,only_lin,200,0.0,0.9950000047683716,-5.109777927398682,-0.6752451658248901,0.4856453712229378,34.546226501464844
A,26,-2,random_orth,200,0.0,0.9950000047683716,-5.1108222007751465,-0.6729434132575989,7.4425901974684905,34.546226501464844
A,26,-2,real_diff_in_helix_subspace,200,0.0,0.9950000047683716,-5.097454071044922,-0.6750059127807617,8.673539286880537,34.546226501464844
A,26,-2,full_swap,200,0.0,1.0,-5.0940022468566895,-0.6711704730987549,16.353410720825195,34.546226501464844
A,27,-2,helix,200,0.0,0.9950000047683716,-5.10576057434082,-0.674955427646637,7.773335373586817,37.2256965637207
A,27,-2,only_T2,200,0.0,0.9950000047683716,-5.1097822189331055,-0.6745042204856873,0.0,37.2256965637207
A,27,-2,only_T5,200,0.0,0.9950000047683716,-5.105811595916748,-0.6749235987663269,6.702979778197576,37.2256965637207
A,27,-2,only_T10,200,0.0,0.9950000047683716,-5.109099388122559,-0.6740409731864929,3.6999063717172476,37.2256965637207
A,27,-2,only_T100,200,0.0,0.9950000047683716,-5.111582279205322,-0.674130916595459,1.0115756060309828,37.2256965637207
A,27,-2,only_lin,200,0.0,0.9950000047683716,-5.108945369720459,-0.6751936674118042,0.5123843928949724,37.2256965637207
A,27,-2,random_orth,200,0.0,1.0,-5.112549781799316,-0.6750335693359375,7.773335373586817,37.2256965637207
A,27,-2,real_diff_in_helix_subspace,200,0.0,0.9950000047683716,-5.105706214904785,-0.6747251152992249,9.107343335853932,37.2256965637207
A,27,-2,full_swap,200,0.0,1.0,-5.103547096252441,-0.6713957190513611,17.149730682373047,37.2256965637207
A,28,-2,helix,200,0.0,0.9950000047683716,-5.105964660644531,-0.6745366454124451,8.00890647715027,39.58086395263672
A,28,-2,only_T2,200,0.0,0.9950000047683716,-5.1097822189331055,-0.6745042204856873,0.0,39.58086395263672
A,28,-2,only_T5,200,0.0,0.9950000047683716,-5.105350971221924,-0.6745545864105225,6.887532031461217,39.58086395263672
A,28,-2,only_T10,200,0.0,0.9950000047683716,-5.10990047454834,-0.6736276149749756,3.842320263066711,39.58086395263672
A,28,-2,only_T100,200,0.0,0.9950000047683716,-5.110807418823242,-0.6744855642318726,1.039871957564863,39.58086395263672
A,28,-2,only_lin,200,0.0,0.9950000047683716,-5.110970497131348,-0.6750613451004028,0.5301029878559096,39.58086395263672
A,28,-2,random_orth,200,0.0,0.9950000047683716,-5.109508037567139,-0.6745567321777344,8.00890647715027,39.58086395263672
A,28,-2,real_diff_in_helix_subspace,200,0.0,1.0,-5.106241226196289,-0.6744737029075623,9.441473556794561,39.58086395263672
A,28,-2,full_swap,200,0.0,1.0,-5.104015350341797,-0.6724600195884705,17.78533172607422,39.58086395263672
A,29,-2,helix,200,0.0,0.9950000047683716,-5.105905532836914,-0.6751851439476013,8.298254961211299,43.12775421142578
A,29,-2,only_T2,200,0.0,0.9950000047683716,-5.1097822189331055,-0.6745042204856873,0.0,43.12775421142578
A,29,-2,only_T5,200,0.0,0.9950000047683716,-5.104673862457275,-0.6746572852134705,7.132235083588877,43.12775421142578
A,29,-2,only_T10,200,0.0,0.9950000047683716,-5.109618186950684,-0.6736602783203125,3.984251208112928,43.12775421142578
A,29,-2,only_T100,200,0.0,0.9950000047683716,-5.109676361083984,-0.6745957732200623,1.085905207846543,43.12775421142578
A,29,-2,only_lin,200,0.0,0.9950000047683716,-5.109114646911621,-0.6753077507019043,0.5566350245752085,43.12775421142578
A,29,-2,random_orth,200,0.0,0.9950000047683716,-5.11194372177124,-0.6741911172866821,8.298254961211299,43.12775421142578
A,29,-2,real_diff_in_helix_subspace,200,0.0,1.0,-5.1060051918029785,-0.6751706600189209,9.857491258854276,43.12775421142578
A,29,-2,full_swap,200,0.0,1.0,-5.104681015014648,-0.6722897887229919,18.614622116088867,43.12775421142578
A,30,-2,helix,200,0.0,0.9950000047683716,-5.1071457862854,-0.6747586131095886,8.725093171964712,54.68183517456055
A,30,-2,only_T2,200,0.0,0.9950000047683716,-5.1097822189331055,-0.6745042204856873,0.0,54.68183517456055
A,30,-2,only_T5,200,0.0,0.9950000047683716,-5.107109546661377,-0.6749227046966553,7.5166007644812955,54.68183517456055
A,30,-2,only_T10,200,0.0,0.9950000047683716,-5.1109724044799805,-0.6738517880439758,4.169467592848927,54.68183517456055
A,30,-2,only_T100,200,0.0,0.9950000047683716,-5.1106672286987305,-0.6741708517074585,1.1416488089691492,54.68183517456055
A,30,-2,only_lin,200,0.0,0.9950000047683716,-5.109737873077393,-0.6746901273727417,0.585437475397493,54.68183517456055
A,30,-2,random_orth,200,0.0,0.9950000047683716,-5.1105170249938965,-0.674119234085083,8.725093171964714,54.68183517456055
A,30,-2,real_diff_in_helix_subspace,200,0.0,0.9950000047683716,-5.106864929199219,-0.6752933859825134,10.477039429742735,54.68183517456055
A,30,-2,full_swap,200,0.0,0.9950000047683716,-5.107410430908203,-0.6731959581375122,19.78948402404785,54.68183517456055
A,31,-2,helix,200,0.0,0.9950000047683716,-5.1097822189331055,-0.6745042204856873,9.317574876057403,74.39836120605469
A,31,-2,only_T2,200,0.0,0.9950000047683716,-5.1097822189331055,-0.6745042204856873,0.0,74.39836120605469
A,31,-2,only_T5,200,0.0,0.9950000047683716,-5.1097822189331055,-0.6745042204856873,8.03606908694497,74.39836120605469
A,31,-2,only_T10,200,0.0,0.9950000047683716,-5.1097822189331055,-0.6745042204856873,4.443216434015269,74.39836120605469
A,31,-2,only_T100,200,0.0,0.9950000047683716,-5.1097822189331055,-0.6745042204856873,1.2246586344339436,74.39836120605469
A,31,-2,only_lin,200,0.0,0.9950000047683716,-5.1097822189331055,-0.6745042204856873,0.6345392610888202,74.39836120605469
A,31,-2,random_orth,200,0.0,0.9950000047683716,-5.1097822189331055,-0.6745042204856873,9.317574876057403,74.39836120605469
A,31,-2,real_diff_in_helix_subspace,200,0.0,0.9950000047683716,-5.1097822189331055,-0.6745042204856873,11.281299830900608,74.39836120605469
A,31,-2,full_swap,200,0.0,0.9950000047683716,-5.1097822189331055,-0.6745042204856873,21.347057342529297,74.39836120605469
A,0,-1,helix,200,0.7949999570846558,0.10499999672174454,-1.400942087173462,-3.567972421646118,1.5551620500432228,4.645543098449707
A,0,-1,only_T2,200,0.41999998688697815,0.3100000023841858,-2.2819387912750244,-2.244450569152832,1.1436653533655579,4.645543098449707
A,0,-1,only_T5,200,0.004999999888241291,0.8650000095367432,-4.038397312164307,-1.1425025463104248,0.9327899582077519,4.645543098449707
A,0,-1,only_T10,200,0.0,0.98499995470047,-4.345580577850342,-0.8170454502105713,0.49085119221470414,4.645543098449707
A,0,-1,only_T100,200,0.0,0.9950000047683716,-4.504290580749512,-0.7433780431747437,0.09601940208479663,4.645543098449707
A,0,-1,only_lin,200,0.0,0.9950000047683716,-4.505556106567383,-0.7388573288917542,0.048326219065243786,4.645543098449707
A,0,-1,random_orth,200,0.0,0.9950000047683716,-4.500438213348389,-0.7354620099067688,1.555162050043223,4.645543098449707
A,0,-1,real_diff_in_helix_subspace,200,0.6649999618530273,0.2199999988079071,-1.864518642425537,-3.0349767208099365,1.4234874992425295,4.645543098449707
A,0,-1,full_swap,200,0.9799999594688416,0.0,-0.7127057313919067,-4.980665683746338,3.873760461807251,4.645543098449707
A,1,-1,helix,200,0.8050000071525574,0.08500000089406967,-1.371764898300171,-3.590402126312256,1.5397590920405813,5.302778244018555
A,1,-1,only_T2,200,0.4350000023841858,0.3100000023841858,-2.257824659347534,-2.271904468536377,1.141472010923508,5.302778244018555
A,1,-1,only_T5,200,0.004999999888241291,0.8650000095367432,-4.036940574645996,-1.1393707990646362,0.9153519667548383,5.302778244018555
A,1,-1,only_T10,200,0.0,0.98499995470047,-4.342437267303467,-0.8145194053649902,0.4822935634095312,5.302778244018555
A,1,-1,only_T100,200,0.0,1.0,-4.503135681152344,-0.7422223687171936,0.09483631617731379,5.302778244018555
A,1,-1,only_lin,200,0.0,0.9950000047683716,-4.504336357116699,-0.743417501449585,0.04964503473122085,5.302778244018555
A,1,-1,random_orth,200,0.0,0.9899999499320984,-4.512118816375732,-0.7275055646896362,1.5397590920405813,5.302778244018555
A,1,-1,real_diff_in_helix_subspace,200,0.675000011920929,0.1899999976158142,-1.801015853881836,-3.1344082355499268,1.4340455863268378,5.302778244018555
A,1,-1,full_swap,200,0.98499995470047,0.0,-0.7098022103309631,-4.973326206207275,3.776256799697876,5.302778244018555
A,2,-1,helix,200,0.8100000023841858,0.08500000089406967,-1.355352759361267,-3.613489866256714,1.5930609959123252,6.088308334350586
A,2,-1,only_T2,200,0.4350000023841858,0.2800000011920929,-2.235086679458618,-2.309786558151245,1.1886685679584,6.088308334350586
A,2,-1,only_T5,200,0.004999999888241291,0.85999995470047,-4.0343852043151855,-1.1376670598983765,0.9395725843999831,6.088308334350586
A,2,-1,only_T10,200,0.0,0.98499995470047,-4.339300155639648,-0.814240574836731,0.4949584266534051,6.088308334350586
A,2,-1,only_T100,200,0.0,0.9950000047683716,-4.4988694190979,-0.7461825609207153,0.09813726945995374,6.088308334350586
A,2,-1,only_lin,200,0.0,0.9899999499320984,-4.507496356964111,-0.7429896593093872,0.05257800321985973,6.088308334350586
A,2,-1,random_orth,200,0.0,0.9950000047683716,-4.516021728515625,-0.7486670017242432,1.5930609959123252,6.088308334350586
A,2,-1,real_diff_in_helix_subspace,200,0.7049999833106995,0.16499999165534973,-1.7094366550445557,-3.2173304557800293,1.5116428425584314,6.088308334350586
A,2,-1,full_swap,200,0.98499995470047,0.0,-0.7117985486984253,-4.97414493560791,3.8589928150177,6.088308334350586
A,3,-1,helix,200,0.8050000071525574,0.08999999612569809,-1.3536999225616455,-3.6051690578460693,1.7459502133552725,7.402865409851074
A,3,-1,only_T2,200,0.4350000023841858,0.28999999165534973,-2.2364821434020996,-2.3080825805664062,1.2885734128279431,7.402865409851074
A,3,-1,only_T5,200,0.004999999888241291,0.875,-4.021796703338623,-1.1437113285064697,1.03710740666222,7.402865409851074
A,3,-1,only_T10,200,0.0,0.98499995470047,-4.332936763763428,-0.818730890750885,0.5578970912864906,7.402865409851074
A,3,-1,only_T100,200,0.0,0.9950000047683716,-4.503989219665527,-0.7436709403991699,0.10899809589186188,7.402865409851074
A,3,-1,only_lin,200,0.0,0.9950000047683716,-4.50393533706665,-0.7405003309249878,0.057750010566351706,7.402865409851074
A,3,-1,random_orth,200,0.0,0.9950000047683716,-4.521119117736816,-0.7232722043991089,1.7459502133552725,7.402865409851074
A,3,-1,real_diff_in_helix_subspace,200,0.7149999737739563,0.14000000059604645,-1.6255522966384888,-3.328587770462036,1.7148892440724206,7.402865409851074
A,3,-1,full_swap,200,0.9799999594688416,0.0,-0.708634614944458,-4.961639881134033,4.177165508270264,7.402865409851074
A,4,-1,helix,200,0.8100000023841858,0.08999999612569809,-1.3607085943222046,-3.5780599117279053,1.8084675352999948,8.434803009033203
A,4,-1,only_T2,200,0.4399999976158142,0.29999998211860657,-2.249959945678711,-2.2828755378723145,1.3231268665654792,8.434803009033203
A,4,-1,only_T5,200,0.004999999888241291,0.875,-4.019969463348389,-1.130542278289795,1.0859309722503512,8.434803009033203
A,4,-1,only_T10,200,0.0,0.98499995470047,-4.335371494293213,-0.8173857927322388,0.5804754905462164,8.434803009033203
A,4,-1,only_T100,200,0.0,0.9950000047683716,-4.50691032409668,-0.7445439100265503,0.11624858610097209,8.434803009033203
A,4,-1,only_lin,200,0.0,0.9950000047683716,-4.507359504699707,-0.7414471507072449,0.06318257697267254,8.434803009033203
A,4,-1,random_orth,200,0.0,0.9950000047683716,-4.5258941650390625,-0.7374733686447144,1.8084675352999948,8.434803009033203
A,4,-1,real_diff_in_helix_subspace,200,0.7249999642372131,0.13499999046325684,-1.6232043504714966,-3.329256772994995,1.8031847034974964,8.434803009033203
A,4,-1,full_swap,200,0.98499995470047,0.0,-0.7049593925476074,-4.9448418617248535,4.3718156814575195,8.434803009033203
A,5,-1,helix,200,0.7899999618530273,0.10999999940395355,-1.3951047658920288,-3.5138401985168457,1.9115685908458175,9.425875663757324
A,5,-1,only_T2,200,0.429999977350235,0.32499998807907104,-2.2878072261810303,-2.2295727729797363,1.393584229721053,9.425875663757324
A,5,-1,only_T5,200,0.0,0.8899999856948853,-4.027232646942139,-1.1124087572097778,1.1574605064934782,9.425875663757324
A,5,-1,only_T10,200,0.0,0.9799999594688416,-4.337303161621094,-0.8212360739707947,0.6064032339734672,9.425875663757324
A,5,-1,only_T100,200,0.0,0.9950000047683716,-4.501073360443115,-0.7464340329170227,0.12384902412665427,9.425875663757324
A,5,-1,only_lin,200,0.0,1.0,-4.504530429840088,-0.7419007420539856,0.06897697263420385,9.425875663757324
A,5,-1,random_orth,200,0.0,0.9950000047683716,-4.505098342895508,-0.7388477921485901,1.9115685908458175,9.425875663757324
A,5,-1,real_diff_in_helix_subspace,200,0.7099999785423279,0.13499999046325684,-1.643089771270752,-3.29146671295166,1.9489208834258998,9.425875663757324
A,5,-1,full_swap,200,0.98499995470047,0.0,-0.70656418800354,-4.89703369140625,4.600383758544922,9.425875663757324
A,6,-1,helix,200,0.7849999666213989,0.10499999672174454,-1.398524284362793,-3.497304916381836,2.095298314251289,10.526093482971191
A,6,-1,only_T2,200,0.41999998688697815,0.32499998807907104,-2.2969772815704346,-2.2060482501983643,1.5610611271503814,10.526093482971191
A,6,-1,only_T5,200,0.0,0.8849999904632568,-4.020114898681641,-1.1230967044830322,1.2469611506274327,10.526093482971191
A,6,-1,only_T10,200,0.0,0.98499995470047,-4.33396577835083,-0.8213292360305786,0.6201190672753847,10.526093482971191
A,6,-1,only_T100,200,0.0,0.9950000047683716,-4.504796028137207,-0.7456439733505249,0.13363108743095828,10.526093482971191
A,6,-1,only_lin,200,0.0,1.0,-4.505253791809082,-0.7429142594337463,0.07302950049097987,10.526093482971191
A,6,-1,random_orth,200,0.0,0.9899999499320984,-4.520748615264893,-0.7367339134216309,2.095298314251289,10.526093482971191
A,6,-1,real_diff_in_helix_subspace,200,0.6899999976158142,0.125,-1.6340992450714111,-3.417619466781616,2.2316495687699778,10.526093482971191
A,6,-1,full_swap,200,0.9799999594688416,0.0,-0.7067880034446716,-4.904192924499512,4.850407123565674,10.526093482971191
A,7,-1,helix,200,0.7899999618530273,0.10499999672174454,-1.3983449935913086,-3.505620002746582,2.1309290911495906,11.035931587219238
A,7,-1,only_T2,200,0.41999998688697815,0.32499998807907104,-2.3030812740325928,-2.203622817993164,1.5831395144392644,11.035931587219238
A,7,-1,only_T5,200,0.0,0.8799999952316284,-4.019290447235107,-1.1290056705474854,1.2754574694013368,11.035931587219238
A,7,-1,only_T10,200,0.0,0.9799999594688416,-4.333132266998291,-0.8222338557243347,0.6275422521085611,11.035931587219238
A,7,-1,only_T100,200,0.0,1.0,-4.506277084350586,-0.7425965666770935,0.13976783059480755,11.035931587219238
A,7,-1,only_lin,200,0.0,1.0,-4.506974220275879,-0.744657576084137,0.07336788761185394,11.035931587219238
A,7,-1,random_orth,200,0.0,0.9950000047683716,-4.513943195343018,-0.7405301332473755,2.1309290911495906,11.035931587219238
A,7,-1,real_diff_in_helix_subspace,200,0.6899999976158142,0.11999999731779099,-1.6493465900421143,-3.4173779487609863,2.2756430696747354,11.035931587219238
A,7,-1,full_swap,200,0.9799999594688416,0.0,-0.7070759534835815,-4.902544021606445,4.874197006225586,11.035931587219238
A,8,-1,helix,200,0.7849999666213989,0.10499999672174454,-1.4010647535324097,-3.506533622741699,2.2439594012564124,11.606069564819336
A,8,-1,only_T2,200,0.41999998688697815,0.32499998807907104,-2.2987546920776367,-2.2026894092559814,1.6493817478097401,11.606069564819336
A,8,-1,only_T5,200,0.0,0.8849999904632568,-4.018303871154785,-1.1276042461395264,1.372261457542177,11.606069564819336
A,8,-1,only_T10,200,0.0,0.98499995470047,-4.33509635925293,-0.8183932304382324,0.6478470605477946,11.606069564819336
A,8,-1,only_T100,200,0.0,1.0,-4.505401611328125,-0.7421581149101257,0.14443751960385073,11.606069564819336
A,8,-1,only_lin,200,0.0,1.0,-4.504737377166748,-0.7420474290847778,0.07604007340324158,11.606069564819336
A,8,-1,random_orth,200,0.0,0.9899999499320984,-4.512478828430176,-0.7436744570732117,2.243959401256413,11.606069564819336
A,8,-1,real_diff_in_helix_subspace,200,0.6800000071525574,0.11999999731779099,-1.6822240352630615,-3.4376275539398193,2.4562657944896555,11.606069564819336
A,8,-1,full_swap,200,0.98499995470047,0.0,-0.7139723300933838,-4.893631458282471,5.07029914855957,11.606069564819336
A,9,-1,helix,200,0.7849999666213989,0.11499999463558197,-1.4018012285232544,-3.50288987159729,2.2944510423790088,11.925310134887695
A,9,-1,only_T2,200,0.42499998211860657,0.3349999785423279,-2.3059401512145996,-2.2040481567382812,1.6665662967323938,11.925310134887695
A,9,-1,only_T5,200,0.0,0.8799999952316284,-4.019550800323486,-1.1280378103256226,1.4324017645859386,11.925310134887695
A,9,-1,only_T10,200,0.0,0.98499995470047,-4.332521438598633,-0.8225337266921997,0.6494922073120668,11.925310134887695
A,9,-1,only_T100,200,0.0,0.9950000047683716,-4.503825664520264,-0.7409272789955139,0.1445971244908986,11.925310134887695
A,9,-1,only_lin,200,0.0,1.0,-4.507378578186035,-0.7427223324775696,0.07467506206370661,11.925310134887695
A,9,-1,random_orth,200,0.0,0.9899999499320984,-4.515871047973633,-0.7471092343330383,2.2944510423790088,11.925310134887695
A,9,-1,real_diff_in_helix_subspace,200,0.6599999666213989,0.12999999523162842,-1.7199070453643799,-3.450909376144409,2.6053130819172154,11.925310134887695
A,9,-1,full_swap,200,0.98499995470047,0.0,-0.7129241824150085,-4.901222229003906,5.1804327964782715,11.925310134887695
A,10,-1,helix,200,0.7999999523162842,0.09999999403953552,-1.3902959823608398,-3.530956983566284,2.4087158371208246,12.525066375732422
A,10,-1,only_T2,200,0.4350000023841858,0.3199999928474426,-2.277250051498413,-2.2486138343811035,1.7451279813696556,12.525066375732422
A,10,-1,only_T5,200,0.004999999888241291,0.8700000047683716,-4.01042366027832,-1.1494084596633911,1.511813521148569,12.525066375732422
A,10,-1,only_T10,200,0.0,0.9899999499320984,-4.329738616943359,-0.821074903011322,0.6775507628891309,12.525066375732422
A,10,-1,only_T100,200,0.0,0.9950000047683716,-4.504745006561279,-0.7446894645690918,0.14593870368126732,12.525066375732422
A,10,-1,only_lin,200,0.0,1.0,-4.505918979644775,-0.7442442178726196,0.07657703713865745,12.525066375732422
A,10,-1,random_orth,200,0.0,0.9950000047683716,-4.519856929779053,-0.7296220064163208,2.4087158371208246,12.525066375732422
A,10,-1,real_diff_in_helix_subspace,200,0.6549999713897705,0.125,-1.7262905836105347,-3.4208812713623047,2.7847988255043408,12.525066375732422
A,10,-1,full_swap,200,0.98499995470047,0.0,-0.7115552425384521,-4.900232315063477,5.360380172729492,12.525066375732422
A,11,-1,helix,200,0.7999999523162842,0.09999999403953552,-1.3518449068069458,-3.5424389839172363,2.573497737877578,12.963825225830078
A,11,-1,only_T2,200,0.4350000023841858,0.29999998211860657,-2.2355728149414062,-2.296097993850708,1.8576840815440017,12.963825225830078
A,11,-1,only_T5,200,0.004999999888241291,0.8650000095367432,-3.98209810256958,-1.1815861463546753,1.6295801719846026,12.963825225830078
A,11,-1,only_T10,200,0.0,0.98499995470047,-4.315268516540527,-0.825829267501831,0.7193338524829209,12.963825225830078
A,11,-1,only_T100,200,0.0,0.9950000047683716,-4.503978252410889,-0.7444424033164978,0.14970841280229125,12.963825225830078
A,11,-1,only_lin,200,0.0,0.9950000047683716,-4.506969928741455,-0.7430671453475952,0.0777447071447777,12.963825225830078
A,11,-1,random_orth,200,0.0,0.9950000047683716,-4.504855632781982,-0.7387229204177856,2.573497737877578,12.963825225830078
A,11,-1,real_diff_in_helix_subspace,200,0.6649999618530273,0.11999999731779099,-1.725763201713562,-3.480541229248047,3.076581753823596,12.963825225830078
A,11,-1,full_swap,200,0.98499995470047,0.0,-0.7117310166358948,-4.909109592437744,5.616960525512695,12.963825225830078
A,12,-1,helix,200,0.7999999523162842,0.10499999672174454,-1.3316709995269775,-3.574530601501465,2.7973084774431514,13.168392181396484
A,12,-1,only_T2,200,0.45499998331069946,0.2800000011920929,-2.208740472793579,-2.322080135345459,2.026900507663388,13.168392181396484
A,12,-1,only_T5,200,0.004999999888241291,0.8499999642372131,-3.934230327606201,-1.2315664291381836,1.7685758286446782,13.168392181396484
A,12,-1,only_T10,200,0.0,0.9799999594688416,-4.298698425292969,-0.8400256037712097,0.7886902034098802,13.168392181396484
A,12,-1,only_T100,200,0.0,0.9950000047683716,-4.506196975708008,-0.7438550591468811,0.15309596970001607,13.168392181396484
A,12,-1,only_lin,200,0.0,0.9950000047683716,-4.506279945373535,-0.7412562370300293,0.07739629314969793,13.168392181396484
A,12,-1,random_orth,200,0.0,0.9899999499320984,-4.516484260559082,-0.7378271818161011,2.7973084774431514,13.168392181396484
A,12,-1,real_diff_in_helix_subspace,200,0.6800000071525574,0.11999999731779099,-1.638127088546753,-3.539858818054199,3.299628950236138,13.168392181396484
A,12,-1,full_swap,200,0.9799999594688416,0.0,-0.7143546342849731,-4.914881229400635,5.9396586418151855,13.168392181396484
A,13,-1,helix,200,0.7999999523162842,0.10499999672174454,-1.3269675970077515,-3.5637176036834717,2.9143677648359176,13.8550386428833
A,13,-1,only_T2,200,0.4599999785423279,0.2800000011920929,-2.186889410018921,-2.32600474357605,2.1034481205184115,13.8550386428833
A,13,-1,only_T5,200,0.009999999776482582,0.8349999785423279,-3.9321441650390625,-1.2555043697357178,1.8565345055147935,13.8550386428833
A,13,-1,only_T10,200,0.0,0.9799999594688416,-4.287465572357178,-0.8395251035690308,0.8313268927672752,13.8550386428833
A,13,-1,only_T100,200,0.0,0.9950000047683716,-4.501406192779541,-0.744361400604248,0.1650289977063248,13.8550386428833
A,13,-1,only_lin,200,0.0,0.9950000047683716,-4.5075178146362305,-0.7418686747550964,0.08309676066446332,13.8550386428833
A,13,-1,random_orth,200,0.0,0.9899999499320984,-4.507286548614502,-0.7489844560623169,2.9143677648359176,13.8550386428833
A,13,-1,real_diff_in_helix_subspace,200,0.6549999713897705,0.11499999463558197,-1.6441435813903809,-3.5067925453186035,3.457719649600565,13.8550386428833
A,13,-1,full_swap,200,0.9749999642372131,0.0,-0.716381847858429,-4.911568641662598,6.220458984375,13.8550386428833
A,14,-1,helix,200,0.7849999666213989,0.11999999731779099,-1.3424618244171143,-3.504544258117676,2.9794247340281106,14.7492094039917
A,14,-1,only_T2,200,0.45499998331069946,0.3199999928474426,-2.2109742164611816,-2.2677485942840576,2.1738805190989474,14.7492094039917
A,14,-1,only_T5,200,0.009999999776482582,0.8399999737739563,-3.9350357055664062,-1.256093144416809,1.8708578507667561,14.7492094039917
A,14,-1,only_T10,200,0.0,0.98499995470047,-4.289366245269775,-0.8380491733551025,0.8482012128020435,14.7492094039917
A,14,-1,only_T100,200,0.0,0.9950000047683716,-4.504049777984619,-0.7433187961578369,0.17055665165193154,14.7492094039917
A,14,-1,only_lin,200,0.0,0.9950000047683716,-4.506406307220459,-0.7416411638259888,0.08589705764191717,14.7492094039917
A,14,-1,random_orth,200,0.0,0.98499995470047,-4.510312557220459,-0.7430145144462585,2.9794247340281106,14.7492094039917
A,14,-1,real_diff_in_helix_subspace,200,0.6699999570846558,0.125,-1.6820003986358643,-3.527278423309326,3.6233114397492314,14.7492094039917
A,14,-1,full_swap,200,0.9799999594688416,0.0,-0.7170576453208923,-4.896608829498291,6.398586273193359,14.7492094039917
A,15,-1,helix,200,0.7849999666213989,0.11999999731779099,-1.3523333072662354,-3.490084648132324,3.077537889946709,15.905549049377441
A,15,-1,only_T2,200,0.4449999928474426,0.3149999976158142,-2.2229950428009033,-2.261570453643799,2.233108934433169,15.905549049377441
A,15,-1,only_T5,200,0.009999999776482582,0.8299999833106995,-3.9273529052734375,-1.2770166397094727,1.9360254309981542,15.905549049377441
A,15,-1,only_T10,200,0.0,0.9749999642372131,-4.28773307800293,-0.8393786549568176,0.885388834843233,15.905549049377441
A,15,-1,only_T100,200,0.0,0.9950000047683716,-4.503469944000244,-0.7438058257102966,0.19124449208782235,15.905549049377441
A,15,-1,only_lin,200,0.0,0.9950000047683716,-4.509063243865967,-0.7418106198310852,0.09770285889232007,15.905549049377441
A,15,-1,random_orth,200,0.0,0.9950000047683716,-4.517322063446045,-0.7408232688903809,3.077537889946709,15.905549049377441
A,15,-1,real_diff_in_helix_subspace,200,0.675000011920929,0.11999999731779099,-1.705613613128662,-3.49410080909729,3.70665130891231,15.905549049377441
A,15,-1,full_swap,200,0.98499995470047,0.0,-0.7224470376968384,-4.883044719696045,6.706376552581787,15.905549049377441
A,16,-1,helix,200,0.8449999690055847,0.08500000089406967,-1.2246487140655518,-3.775341749191284,3.6191119091767803,17.289155960083008
A,16,-1,only_T2,200,0.5,0.20999999344348907,-2.0582211017608643,-2.5717616081237793,2.6026737571621266,17.289155960083008
A,16,-1,only_T5,200,0.009999999776482582,0.7799999713897705,-3.835648775100708,-1.4678051471710205,2.266032953385777,17.289155960083008
A,16,-1,only_T10,200,0.0,0.9549999833106995,-4.227488994598389,-0.9020187258720398,1.1042083940116039,17.289155960083008
A,16,-1,only_T100,200,0.0,0.9950000047683716,-4.509096145629883,-0.7474344968795776,0.2301513546428799,17.289155960083008
A,16,-1,only_lin,200,0.0,0.9950000047683716,-4.508288860321045,-0.7432693243026733,0.11500915712158669,17.289155960083008
A,16,-1,random_orth,200,0.0,0.98499995470047,-4.519181251525879,-0.7574305534362793,3.6191119091767803,17.289155960083008
A,16,-1,real_diff_in_helix_subspace,200,0.7450000047683716,0.09999999403953552,-1.5107027292251587,-3.7073259353637695,4.197878245963869,17.289155960083008
A,16,-1,full_swap,200,0.98499995470047,0.0,-0.7248404026031494,-4.884945392608643,8.010358810424805,17.289155960083008
A,17,-1,helix,200,0.7899999618530273,0.14000000059604645,-1.343855619430542,-3.3469324111938477,3.8629618677598883,19.325220108032227
A,17,-1,only_T2,200,0.4449999928474426,0.3050000071525574,-2.211789846420288,-2.2391984462738037,2.7784344895964947,19.325220108032227
A,17,-1,only_T5,200,0.004999999888241291,0.8199999928474426,-3.883894681930542,-1.323071002960205,2.404736124371523,19.325220108032227
A,17,-1,only_T10,200,0.0,0.9549999833106995,-4.252461910247803,-0.8759089708328247,1.1951244889549621,19.325220108032227
A,17,-1,only_T100,200,0.0,0.9950000047683716,-4.506710052490234,-0.7454373240470886,0.2579701346914905,19.325220108032227
A,17,-1,only_lin,200,0.0,0.9950000047683716,-4.508830547332764,-0.7419630885124207,0.12815430953358986,19.325220108032227
A,17,-1,random_orth,200,0.0,0.9899999499320984,-4.5093560218811035,-0.7542232871055603,3.8629618677598883,19.325220108032227
A,17,-1,real_diff_in_helix_subspace,200,0.7099999785423279,0.14000000059604645,-1.6153030395507812,-3.319103240966797,4.484978993855663,19.325220108032227
A,17,-1,full_swap,200,0.9399999976158142,0.02499999850988388,-0.8102279305458069,-4.429224014282227,8.602397918701172,19.325220108032227
A,18,-1,helix,200,0.6599999666213989,0.2750000059604645,-1.6705732345581055,-2.7855119705200195,4.060480376369466,21.367172241210938
A,18,-1,only_T2,200,0.38999998569488525,0.4350000023841858,-2.483694314956665,-1.8893375396728516,2.894953340945762,21.367172241210938
A,18,-1,only_T5,200,0.004999999888241291,0.875,-3.947697162628174,-1.1773957014083862,2.560392423675124,21.367172241210938
A,18,-1,only_T10,200,0.0,0.9699999690055847,-4.285184383392334,-0.8415801525115967,1.257913223589954,21.367172241210938
A,18,-1,only_T100,200,0.0,0.9950000047683716,-4.508174419403076,-0.7428781986236572,0.2745807608217275,21.367172241210938
A,18,-1,only_lin,200,0.0,0.9950000047683716,-4.506974220275879,-0.7406733632087708,0.135515265900388,21.367172241210938
A,18,-1,random_orth,200,0.0,0.9950000047683716,-4.507579326629639,-0.7452711462974548,4.060480376369466,21.367172241210938
A,18,-1,real_diff_in_helix_subspace,200,0.625,0.26499998569488525,-1.884695291519165,-2.8045623302459717,4.701816096435444,21.367172241210938
A,18,-1,full_swap,200,0.8549999594688416,0.08500000089406967,-1.0737987756729126,-3.7457685470581055,9.117162704467773,21.367172241210938
A,19,-1,helix,200,0.004999999888241291,0.9799999594688416,-4.145186901092529,-0.8239011168479919,4.438742737269959,23.278242111206055
A,19,-1,only_T2,200,0.004999999888241291,0.9950000047683716,-4.328299522399902,-0.7546223998069763,3.1240767052094647,23.278242111206055
A,19,-1,only_T5,200,0.0,0.9899999499320984,-4.39399528503418,-0.7762153744697571,2.8411262642062796,23.278242111206055
A,19,-1,only_T10,200,0.0,1.0,-4.468814373016357,-0.7535035610198975,1.3786696095889857,23.278242111206055
A,19,-1,only_T100,200,0.0,0.9950000047683716,-4.511226654052734,-0.7367587089538574,0.3079975689496133,23.278242111206055
A,19,-1,only_lin,200,0.0,0.9950000047683716,-4.507752418518066,-0.7371736168861389,0.15753857084734438,23.278242111206055
A,19,-1,random_orth,200,0.0,0.9950000047683716,-4.507482051849365,-0.7362626194953918,4.438742737269959,23.278242111206055
A,19,-1,real_diff_in_helix_subspace,200,0.009999999776482582,0.9749999642372131,-4.130927562713623,-0.8233171105384827,5.185704297473325,23.278242111206055
A,19,-1,full_swap,200,0.02499999850988388,0.949999988079071,-3.829209804534912,-0.9242808818817139,9.892882347106934,23.278242111206055
A,20,-1,helix,200,0.004999999888241291,0.9799999594688416,-4.127112865447998,-0.8267157077789307,4.77893569642433,25.08053970336914
A,20,-1,only_T2,200,0.004999999888241291,0.9899999499320984,-4.314106464385986,-0.7554359436035156,3.359893346941299,25.08053970336914
A,20,-1,only_T5,200,0.0,0.9899999499320984,-4.388558864593506,-0.7778326869010925,3.06516762619564,25.08053970336914
A,20,-1,only_T10,200,0.0,1.0,-4.467445373535156,-0.7548370957374573,1.4770014306288926,25.08053970336914
A,20,-1,only_T100,200,0.0,0.9950000047683716,-4.509194850921631,-0.7363293170928955,0.33956557762632883,25.08053970336914
A,20,-1,only_lin,200,0.0,0.9950000047683716,-4.509786128997803,-0.7373619675636292,0.17343332630180386,25.08053970336914
A,20,-1,random_orth,200,0.0,0.9899999499320984,-4.507210731506348,-0.7338340878486633,4.77893569642433,25.08053970336914
A,20,-1,real_diff_in_helix_subspace,200,0.009999999776482582,0.9749999642372131,-4.112011432647705,-0.827666699886322,5.557771149884769,25.08053970336914
A,20,-1,full_swap,200,0.019999999552965164,0.949999988079071,-3.8330960273742676,-0.9247755408287048,10.72427749633789,25.08053970336914
A,21,-1,helix,200,0.0,1.0,-4.487226963043213,-0.7396613955497742,4.943710460561797,26.50809097290039
A,21,-1,only_T2,200,0.0,0.9950000047683716,-4.506572723388672,-0.7382882237434387,3.481025922226728,26.50809097290039
A,21,-1,only_T5,200,0.0,0.9950000047683716,-4.497409343719482,-0.7345638275146484,3.1617847491051463,26.50809097290039
A,21,-1,only_T10,200,0.0,1.0,-4.501437187194824,-0.7358891367912292,1.528306204810206,26.50809097290039
A,21,-1,only_T100,200,0.0,0.9950000047683716,-4.51284646987915,-0.7359856367111206,0.36313211572896154,26.50809097290039
A,21,-1,only_lin,200,0.0,0.9950000047683716,-4.509445667266846,-0.7365691065788269,0.18301654221988428,26.50809097290039
A,21,-1,random_orth,200,0.0,1.0,-4.512828350067139,-0.7334043979644775,4.943710460561797,26.50809097290039
A,21,-1,real_diff_in_helix_subspace,200,0.0,1.0,-4.4831695556640625,-0.736449122428894,5.769572773245341,26.50809097290039
A,21,-1,full_swap,200,0.0,0.9950000047683716,-4.444175720214844,-0.7463354468345642,11.256604194641113,26.50809097290039
A,22,-1,helix,200,0.0,0.9950000047683716,-4.482530117034912,-0.7395766973495483,5.164036304654433,28.38217544555664
A,22,-1,only_T2,200,0.0,0.9950000047683716,-4.50344181060791,-0.73905348777771,3.637831315964429,28.38217544555664
A,22,-1,only_T5,200,0.0,0.9950000047683716,-4.49681282043457,-0.7363767623901367,3.300280650875895,28.38217544555664
A,22,-1,only_T10,200,0.0,0.9950000047683716,-4.500240802764893,-0.7369007468223572,1.5962295768441663,28.38217544555664
A,22,-1,only_T100,200,0.0,0.9950000047683716,-4.511081218719482,-0.7352935075759888,0.39090989244853774,28.38217544555664
A,22,-1,only_lin,200,0.0,0.9950000047683716,-4.511810302734375,-0.7363693118095398,0.19815246171996065,28.38217544555664
A,22,-1,random_orth,200,0.0,0.9950000047683716,-4.513530731201172,-0.7332115173339844,5.164036304654433,28.38217544555664
A,22,-1,real_diff_in_helix_subspace,200,0.0,0.9950000047683716,-4.481856822967529,-0.7398927211761475,6.05796697013998,28.38217544555664
A,22,-1,full_swap,200,0.0,0.9950000047683716,-4.449448585510254,-0.7453022599220276,11.906913757324219,28.38217544555664
A,23,-1,helix,200,0.0,0.9950000047683716,-4.503507614135742,-0.7377265095710754,5.476228911008759,30.083974838256836
A,23,-1,only_T2,200,0.0,0.9950000047683716,-4.508483409881592,-0.7380655407905579,3.892219390509248,30.083974838256836
A,23,-1,only_T5,200,0.0,0.9950000047683716,-4.508406162261963,-0.7352206110954285,3.464700769671843,30.083974838256836
A,23,-1,only_T10,200,0.0,0.9950000047683716,-4.5076775550842285,-0.7351192235946655,1.6756153678752748,30.083974838256836
A,23,-1,only_T100,200,0.0,0.9950000047683716,-4.511025905609131,-0.73492032289505,0.4129902261368892,30.083974838256836
A,23,-1,only_lin,200,0.0,0.9950000047683716,-4.511056900024414,-0.736120343208313,0.21082491044231638,30.083974838256836
A,23,-1,random_orth,200,0.0,0.9950000047683716,-4.508710861206055,-0.7348628044128418,5.476228911008759,30.083974838256836
A,23,-1,real_diff_in_helix_subspace,200,0.0,0.9950000047683716,-4.505373477935791,-0.7364124655723572,6.43128418962169,30.083974838256836
A,23,-1,full_swap,200,0.0,0.9950000047683716,-4.480193614959717,-0.7409307956695557,12.6014404296875,30.083974838256836
A,24,-1,helix,200,0.0,0.9950000047683716,-4.511733055114746,-0.7344052195549011,5.707009430770309,31.4211368560791
A,24,-1,only_T2,200,0.0,0.9950000047683716,-4.513161659240723,-0.7349017858505249,4.0325097881639484,31.4211368560791
A,24,-1,only_T5,200,0.0,0.9950000047683716,-4.512238025665283,-0.7356952428817749,3.640470015932733,31.4211368560791
A,24,-1,only_T10,200,0.0,0.9950000047683716,-4.509376049041748,-0.7349789142608643,1.7361849617251677,31.4211368560791
A,24,-1,only_T100,200,0.0,0.9950000047683716,-4.512631416320801,-0.7358707189559937,0.4306144432208186,31.4211368560791
A,24,-1,only_lin,200,0.0,0.9950000047683716,-4.511908054351807,-0.7358244061470032,0.22129638313053462,31.4211368560791
A,24,-1,random_orth,200,0.0,0.9950000047683716,-4.516478061676025,-0.7347573637962341,5.707009430770309,31.4211368560791
A,24,-1,real_diff_in_helix_subspace,200,0.0,0.9950000047683716,-4.513288497924805,-0.7352268695831299,6.7336357698738425,31.4211368560791
A,24,-1,full_swap,200,0.0,0.9950000047683716,-4.506580829620361,-0.731685996055603,13.240608215332031,31.4211368560791
A,25,-1,helix,200,0.0,0.9950000047683716,-4.511937141418457,-0.7344914078712463,5.962746686708233,33.05596923828125
A,25,-1,only_T2,200,0.0,0.9950000047683716,-4.512966632843018,-0.7352567911148071,4.222865888577102,33.05596923828125
A,25,-1,only_T5,200,0.0,0.9950000047683716,-4.510948657989502,-0.7355848550796509,3.793820594318067,33.05596923828125
A,25,-1,only_T10,200,0.0,0.9950000047683716,-4.5109124183654785,-0.7347877621650696,1.8050576085278935,33.05596923828125
A,25,-1,only_T100,200,0.0,0.9950000047683716,-4.511719703674316,-0.7357518672943115,0.4542843059076682,33.05596923828125
A,25,-1,only_lin,200,0.0,0.9950000047683716,-4.511521339416504,-0.7364993691444397,0.23267147046889647,33.05596923828125
A,25,-1,random_orth,200,0.0,1.0,-4.5134453773498535,-0.735579788684845,5.962746686708233,33.05596923828125
A,25,-1,real_diff_in_helix_subspace,200,0.0,0.9950000047683716,-4.513868808746338,-0.7355755567550659,7.046090150180231,33.05596923828125
A,25,-1,full_swap,200,0.0,0.9950000047683716,-4.504475116729736,-0.7316186428070068,13.947674751281738,33.05596923828125
A,26,-1,helix,200,0.0,0.9950000047683716,-4.514781475067139,-0.7350767254829407,6.165695042016121,34.63676452636719
A,26,-1,only_T2,200,0.0,0.9950000047683716,-4.514624118804932,-0.7347793579101562,4.366397068033726,34.63676452636719
A,26,-1,only_T5,200,0.0,0.9950000047683716,-4.510043144226074,-0.7365589737892151,3.9265292802760725,34.63676452636719
A,26,-1,only_T10,200,0.0,0.9950000047683716,-4.509862422943115,-0.7359932065010071,1.8663148750627028,34.63676452636719
A,26,-1,only_T100,200,0.0,0.9950000047683716,-4.512000560760498,-0.7359325289726257,0.47376593029628067,34.63676452636719
A,26,-1,only_lin,200,0.0,0.9950000047683716,-4.51148796081543,-0.7361116409301758,0.242822685611469,34.63676452636719
A,26,-1,random_orth,200,0.0,0.9950000047683716,-4.513306140899658,-0.7373238205909729,6.165695042016121,34.63676452636719
A,26,-1,real_diff_in_helix_subspace,200,0.0,0.9950000047683716,-4.515592575073242,-0.7364237904548645,7.331403250030872,34.63676452636719
A,26,-1,full_swap,200,0.0,0.9950000047683716,-4.515796184539795,-0.7332679033279419,14.533652305603027,34.63676452636719
A,27,-1,helix,200,0.0,0.9950000047683716,-4.511590480804443,-0.7361946105957031,6.425829213113222,37.311214447021484
A,27,-1,only_T2,200,0.0,0.9950000047683716,-4.51247501373291,-0.7352833151817322,4.54255598630251,37.311214447021484
A,27,-1,only_T5,200,0.0,0.9950000047683716,-4.510738372802734,-0.736324667930603,4.0928399858589595,37.311214447021484
A,27,-1,only_T10,200,0.0,0.9950000047683716,-4.510354042053223,-0.7359600067138672,1.9483861767547825,37.311214447021484
A,27,-1,only_T100,200,0.0,0.9950000047683716,-4.511841773986816,-0.7366556525230408,0.4969345784680904,37.311214447021484
A,27,-1,only_lin,200,0.0,0.9950000047683716,-4.510920524597168,-0.7371591925621033,0.2561921964474862,37.311214447021484
A,27,-1,random_orth,200,0.0,0.9950000047683716,-4.511291027069092,-0.7357577085494995,6.425829213113222,37.311214447021484
A,27,-1,real_diff_in_helix_subspace,200,0.0,0.9950000047683716,-4.513056755065918,-0.7361882328987122,7.704271319567629,37.311214447021484
A,27,-1,full_swap,200,0.0,0.9950000047683716,-4.510899543762207,-0.7344653010368347,15.254124641418457,37.311214447021484
A,28,-1,helix,200,0.0,0.9950000047683716,-4.512328624725342,-0.7357878684997559,6.601757662752544,39.67789840698242
A,28,-1,only_T2,200,0.0,0.9950000047683716,-4.511997699737549,-0.7358713150024414,4.654048427472162,39.67789840698242
A,28,-1,only_T5,200,0.0,0.9950000047683716,-4.510958194732666,-0.7361610531806946,4.206553454672564,39.67789840698242
A,28,-1,only_T10,200,0.0,0.9950000047683716,-4.510636806488037,-0.7363569736480713,2.024267973095567,39.67789840698242
A,28,-1,only_T100,200,0.0,0.9950000047683716,-4.511168956756592,-0.736426055431366,0.51104347559481,39.67789840698242
A,28,-1,only_lin,200,0.0,0.9950000047683716,-4.511749267578125,-0.736723005771637,0.2650514939279549,39.67789840698242
A,28,-1,random_orth,200,0.0,0.9950000047683716,-4.511509895324707,-0.7375407218933105,6.601757662752544,39.67789840698242
A,28,-1,real_diff_in_helix_subspace,200,0.0,0.9950000047683716,-4.512546062469482,-0.7365147471427917,7.978515936697716,39.67789840698242
A,28,-1,full_swap,200,0.0,0.9950000047683716,-4.510392665863037,-0.7355208992958069,15.8271484375,39.67789840698242
A,29,-1,helix,200,0.0,0.9950000047683716,-4.512205123901367,-0.7364996671676636,6.853856517124109,43.260658264160156
A,29,-1,only_T2,200,0.0,0.9950000047683716,-4.512450695037842,-0.7358728647232056,4.844418196187268,43.260658264160156
A,29,-1,only_T5,200,0.0,0.9950000047683716,-4.511950492858887,-0.7367396950721741,4.353986541591103,43.260658264160156
A,29,-1,only_T10,200,0.0,0.9950000047683716,-4.511505126953125,-0.7361487150192261,2.098141423805408,43.260658264160156
A,29,-1,only_T100,200,0.0,0.9950000047683716,-4.512109279632568,-0.7366310954093933,0.5339814164625655,43.260658264160156
A,29,-1,only_lin,200,0.0,0.9950000047683716,-4.512190341949463,-0.7369210720062256,0.2783175122876043,43.260658264160156
A,29,-1,random_orth,200,0.0,0.9950000047683716,-4.510856628417969,-0.7366793155670166,6.853856517124109,43.260658264160156
A,29,-1,real_diff_in_helix_subspace,200,0.0,0.9950000047683716,-4.5128302574157715,-0.7369056344032288,8.359332852856678,43.260658264160156
A,29,-1,full_swap,200,0.0,0.9950000047683716,-4.511404514312744,-0.735187828540802,16.60883331298828,43.260658264160156
A,30,-1,helix,200,0.0,0.9950000047683716,-4.5129313468933105,-0.7364020943641663,7.224018990699681,54.886573791503906
A,30,-1,only_T2,200,0.0,0.9950000047683716,-4.513340473175049,-0.735767662525177,5.1171334062409315,54.886573791503906
A,30,-1,only_T5,200,0.0,0.9950000047683716,-4.511397361755371,-0.7371655106544495,4.583214853291349,54.886573791503906
A,30,-1,only_T10,200,0.0,0.9950000047683716,-4.511457443237305,-0.7358758449554443,2.194714527223925,54.886573791503906
A,30,-1,only_T100,200,0.0,0.9950000047683716,-4.511083126068115,-0.7365272641181946,0.5617867862900261,54.886573791503906
A,30,-1,only_lin,200,0.0,0.9950000047683716,-4.511294841766357,-0.7367819547653198,0.29271873769874657,54.886573791503906
A,30,-1,random_orth,200,0.0,0.9950000047683716,-4.511629581451416,-0.7366949319839478,7.224018990699681,54.886573791503906
A,30,-1,real_diff_in_helix_subspace,200,0.0,0.9950000047683716,-4.513932228088379,-0.7364304661750793,8.916756157444599,54.886573791503906
A,30,-1,full_swap,200,0.0,0.9950000047683716,-4.5129241943359375,-0.735169529914856,17.724695205688477,54.886573791503906
A,31,-1,helix,200,0.0,0.9950000047683716,-4.512106895446777,-0.736139178276062,7.774595470233219,74.72704315185547
A,31,-1,only_T2,200,0.0,0.9950000047683716,-4.512106895446777,-0.736139178276062,5.550718002991018,74.72704315185547
A,31,-1,only_T5,200,0.0,0.9950000047683716,-4.512106895446777,-0.736139178276062,4.896395484892697,74.72704315185547
A,31,-1,only_T10,200,0.0,0.9950000047683716,-4.512106895446777,-0.736139178276062,2.337455966587101,74.72704315185547
A,31,-1,only_T100,200,0.0,0.9950000047683716,-4.512106895446777,-0.736139178276062,0.6021178116753083,74.72704315185547
A,31,-1,only_lin,200,0.0,0.9950000047683716,-4.512106895446777,-0.736139178276062,0.31726963054441015,74.72704315185547
A,31,-1,random_orth,200,0.0,0.9950000047683716,-4.512106895446777,-0.736139178276062,7.774595470233219,74.72704315185547
A,31,-1,real_diff_in_helix_subspace,200,0.0,0.9950000047683716,-4.512106895446777,-0.736139178276062,9.68600224215888,74.72704315185547
A,31,-1,full_swap,200,0.0,0.9950000047683716,-4.512106895446777,-0.736139178276062,19.176471710205078,74.72704315185547
A,0,1,helix,200,0.7199999690055847,0.09999999403953552,-1.6036216020584106,-3.1136059761047363,1.5549985562291189,4.560991287231445
A,0,1,only_T2,200,0.14499999582767487,0.42499998211860657,-3.0752758979797363,-2.047152280807495,1.1436653533655579,4.560991287231445
A,0,1,only_T5,200,0.0,0.9699999690055847,-4.514211177825928,-0.8749513030052185,0.9281870690318615,4.560991287231445
A,0,1,only_T10,200,0.0,1.0,-4.828134536743164,-0.7238965630531311,0.49019243095152676,4.560991287231445
A,0,1,only_T100,200,0.0,1.0,-4.959414482116699,-0.7085636258125305,0.09745929390107289,4.560991287231445
A,0,1,only_lin,200,0.0,1.0,-4.968957901000977,-0.7101260423660278,0.04832621906524378,4.560991287231445
A,0,1,random_orth,200,0.0,0.9950000047683716,-4.958804607391357,-0.7143031358718872,1.5549985562291189,4.560991287231445
A,0,1,real_diff_in_helix_subspace,200,0.4449999928474426,0.3799999952316284,-2.388359785079956,-2.6240077018737793,1.4149205923686652,4.560991287231445
A,0,1,full_swap,200,1.0,0.0,-0.7065762877464294,-4.705273151397705,3.878586530685425,4.560991287231445
A,1,1,helix,200,0.7199999690055847,0.09999999403953552,-1.6059452295303345,-3.124690532684326,1.5414148833297,5.212665557861328
A,1,1,only_T2,200,0.1550000011920929,0.41999998688697815,-3.057525634765625,-2.07190203666687,1.141472010923508,5.212665557861328
A,1,1,only_T5,200,0.0,0.9749999642372131,-4.5057830810546875,-0.8794270753860474,0.9105689413965203,5.212665557861328
A,1,1,only_T10,200,0.0,1.0,-4.826192855834961,-0.721863329410553,0.48173753691851623,5.212665557861328
A,1,1,only_T100,200,0.0,1.0,-4.956202507019043,-0.7069656252861023,0.09635015194372705,5.212665557861328
A,1,1,only_lin,200,0.0,1.0,-4.9683308601379395,-0.7074482440948486,0.04964503473122085,5.212665557861328
A,1,1,random_orth,200,0.0,0.9950000047683716,-4.962127685546875,-0.7247254252433777,1.5414148833297,5.212665557861328
A,1,1,real_diff_in_helix_subspace,200,0.48499998450279236,0.3449999988079071,-2.292046546936035,-2.671588182449341,1.4260390536239138,5.212665557861328
A,1,1,full_swap,200,1.0,0.0,-0.7053356766700745,-4.705456256866455,3.7761011123657227,5.212665557861328
A,2,1,helix,200,0.7099999785423279,0.10999999940395355,-1.6060335636138916,-3.11592960357666,1.5949527966059451,6.001083850860596
A,2,1,only_T2,200,0.1550000011920929,0.4099999964237213,-3.0399858951568604,-2.1020543575286865,1.1886685679584,6.001083850860596
A,2,1,only_T5,200,0.0,0.9649999737739563,-4.507108211517334,-0.87120121717453,0.9334301507150657,6.001083850860596
A,2,1,only_T10,200,0.0,1.0,-4.820466041564941,-0.7204306125640869,0.4940826378017354,6.001083850860596
A,2,1,only_T100,200,0.0,1.0,-4.957386493682861,-0.7093424797058105,0.0998430716689286,6.001083850860596
A,2,1,only_lin,200,0.0,1.0,-4.972653865814209,-0.7076256275177002,0.052578003219859726,6.001083850860596
A,2,1,random_orth,200,0.0,0.9950000047683716,-4.968984127044678,-0.7209503650665283,1.5949527966059451,6.001083850860596
A,2,1,real_diff_in_helix_subspace,200,0.5049999952316284,0.3149999976158142,-2.160609006881714,-2.741349458694458,1.507452655896144,6.001083850860596
A,2,1,full_swap,200,1.0,0.0,-0.7019105553627014,-4.696326732635498,3.862877130508423,6.001083850860596
A,3,1,helix,200,0.699999988079071,0.12999999523162842,-1.6387765407562256,-3.098963499069214,1.7455384277556225,7.33049201965332
A,3,1,only_T2,200,0.14499999582767487,0.4050000011920929,-3.059739828109741,-2.097043991088867,1.2885734128279431,7.33049201965332
A,3,1,only_T5,200,0.0,0.9599999785423279,-4.495989799499512,-0.8811292052268982,1.029509312489632,7.33049201965332
A,3,1,only_T10,200,0.0,1.0,-4.814426898956299,-0.7208120822906494,0.5566227101680364,7.33049201965332
A,3,1,only_T100,200,0.0,1.0,-4.956179141998291,-0.7092700600624084,0.11073125496362665,7.33049201965332
A,3,1,only_lin,200,0.0,1.0,-4.970987319946289,-0.7071155905723572,0.057750010566351706,7.33049201965332
A,3,1,random_orth,200,0.0,1.0,-4.9770002365112305,-0.7193204164505005,1.7455384277556225,7.33049201965332
A,3,1,real_diff_in_helix_subspace,200,0.550000011920929,0.26999998092651367,-2.0438907146453857,-2.8331477642059326,1.7026725858411726,7.33049201965332
A,3,1,full_swap,200,0.9899999499320984,0.0,-0.7115533351898193,-4.673318386077881,4.177707672119141,7.33049201965332
A,4,1,helix,200,0.699999988079071,0.12999999523162842,-1.6601650714874268,-3.0686099529266357,1.8071011551019607,8.379526138305664
A,4,1,only_T2,200,0.1550000011920929,0.429999977350235,-3.087838649749756,-2.0633013248443604,1.3231268665654792,8.379526138305664
A,4,1,only_T5,200,0.0,0.9649999737739563,-4.504877090454102,-0.883530855178833,1.0768123920096553,8.379526138305664
A,4,1,only_T10,200,0.0,1.0,-4.818909645080566,-0.7234364748001099,0.5793718599414852,8.379526138305664
A,4,1,only_T100,200,0.0,1.0,-4.956231594085693,-0.7073498368263245,0.11808979882250821,8.379526138305664
A,4,1,only_lin,200,0.0,1.0,-4.974695682525635,-0.7074377536773682,0.06318257697267254,8.379526138305664
A,4,1,random_orth,200,0.0,1.0,-4.973996639251709,-0.7178751826286316,1.8071011551019607,8.379526138305664
A,4,1,real_diff_in_helix_subspace,200,0.5600000023841858,0.2449999898672104,-2.0750298500061035,-2.830772638320923,1.7922078517861224,8.379526138305664
A,4,1,full_swap,200,0.9950000047683716,0.0,-0.713368833065033,-4.634068489074707,4.378048896789551,8.379526138305664
A,5,1,helix,200,0.6899999976158142,0.1550000011920929,-1.7052154541015625,-2.9811367988586426,1.9094149129379963,9.366565704345703
A,5,1,only_T2,200,0.14000000059604645,0.4449999928474426,-3.132312536239624,-2.0117039680480957,1.393584229721053,9.366565704345703
A,5,1,only_T5,200,0.0,0.9699999690055847,-4.516244888305664,-0.8808746933937073,1.146998217159556,9.366565704345703
A,5,1,only_T10,200,0.0,1.0,-4.820285797119141,-0.7207719087600708,0.6054518863389204,9.366565704345703
A,5,1,only_T100,200,0.0,1.0,-4.956545829772949,-0.7081005573272705,0.12602910567607062,9.366565704345703
A,5,1,only_lin,200,0.0,1.0,-4.97385311126709,-0.7058247327804565,0.06897697263420384,9.366565704345703
A,5,1,random_orth,200,0.0,1.0,-4.974050521850586,-0.7186271548271179,1.9094149129379963,9.366565704345703
A,5,1,real_diff_in_helix_subspace,200,0.5249999761581421,0.2750000059604645,-2.134707450866699,-2.7869927883148193,1.9414599497071903,9.366565704345703
A,5,1,full_swap,200,0.9899999499320984,0.0,-0.7218372821807861,-4.575270175933838,4.619576454162598,9.366565704345703
A,6,1,helix,200,0.6800000071525574,0.17499999701976776,-1.722978949546814,-2.933976411819458,2.0848331272630656,10.446109771728516
A,6,1,only_T2,200,0.14000000059604645,0.4350000023841858,-3.16036319732666,-1.9998857975006104,1.5610611271503814,10.446109771728516
A,6,1,only_T5,200,0.0,0.9699999690055847,-4.511767864227295,-0.8813773393630981,1.2350415093310816,10.446109771728516
A,6,1,only_T10,200,0.0,1.0,-4.818522930145264,-0.7220414280891418,0.6187899217657553,10.446109771728516
A,6,1,only_T100,200,0.0,1.0,-4.957695007324219,-0.707281768321991,0.13627771001649855,10.446109771728516
A,6,1,only_lin,200,0.0,1.0,-4.971868991851807,-0.7083290815353394,0.07302950049097985,10.446109771728516
A,6,1,random_orth,200,0.0,1.0,-4.970821857452393,-0.7206001877784729,2.0848331272630656,10.446109771728516
A,6,1,real_diff_in_helix_subspace,200,0.5299999713897705,0.25,-2.1031415462493896,-2.882106065750122,2.2183503679963508,10.446109771728516
A,6,1,full_swap,200,0.98499995470047,0.0,-0.720210075378418,-4.577328205108643,4.878422737121582,10.446109771728516
A,7,1,helix,200,0.6800000071525574,0.17999999225139618,-1.7322998046875,-2.9281532764434814,2.124416612900411,10.980786323547363
A,7,1,only_T2,200,0.14000000059604645,0.4399999976158142,-3.1625866889953613,-1.9972972869873047,1.5831395144392644,10.980786323547363
A,7,1,only_T5,200,0.0,0.9649999737739563,-4.512270450592041,-0.8859310746192932,1.263740929984222,10.980786323547363
A,7,1,only_T10,200,0.0,1.0,-4.818877220153809,-0.720914900302887,0.6264848381867469,10.980786323547363
A,7,1,only_T100,200,0.0,1.0,-4.957503318786621,-0.7088446021080017,0.14235455695090965,10.980786323547363
A,7,1,only_lin,200,0.0,1.0,-4.973799228668213,-0.7058438062667847,0.07336788761185392,10.980786323547363
A,7,1,random_orth,200,0.0,1.0,-4.9819440841674805,-0.7260087132453918,2.124416612900411,10.980786323547363
A,7,1,real_diff_in_helix_subspace,200,0.5249999761581421,0.25999999046325684,-2.1306211948394775,-2.8370823860168457,2.2671813921998094,10.980786323547363
A,7,1,full_swap,200,0.9799999594688416,0.0,-0.7271865010261536,-4.5787248611450195,4.90821647644043,10.980786323547363
A,8,1,helix,200,0.6649999618530273,0.1899999976158142,-1.7302483320236206,-2.92111873626709,2.2415123529910033,11.579150199890137
A,8,1,only_T2,200,0.14000000059604645,0.4449999928474426,-3.1623473167419434,-1.9948678016662598,1.6493817478097401,11.579150199890137
A,8,1,only_T5,200,0.0,0.9649999737739563,-4.509545803070068,-0.8864421844482422,1.357145126923463,11.579150199890137
A,8,1,only_T10,200,0.0,1.0,-4.8177032470703125,-0.7215170860290527,0.646999168342201,11.579150199890137
A,8,1,only_T100,200,0.0,1.0,-4.95563268661499,-0.7087001800537109,0.14708719742621382,11.579150199890137
A,8,1,only_lin,200,0.0,1.0,-4.971619606018066,-0.703499972820282,0.07604007340324158,11.579150199890137
A,8,1,random_orth,200,0.0,1.0,-4.969912528991699,-0.7083012461662292,2.2415123529910033,11.579150199890137
A,8,1,real_diff_in_helix_subspace,200,0.5099999904632568,0.26499998569488525,-2.1581718921661377,-2.8655807971954346,2.473501374804004,11.579150199890137
A,8,1,full_swap,200,0.9799999594688416,0.0,-0.7309586405754089,-4.55398416519165,5.1410932540893555,11.579150199890137
A,9,1,helix,200,0.675000011920929,0.1850000023841858,-1.7249325513839722,-2.933713912963867,2.2919725502634813,11.91405963897705
A,9,1,only_T2,200,0.14000000059604645,0.4399999976158142,-3.161282777786255,-1.9976073503494263,1.6665662967323938,11.91405963897705
A,9,1,only_T5,200,0.0,0.9649999737739563,-4.508853435516357,-0.8852928876876831,1.4138017848996902,11.91405963897705
A,9,1,only_T10,200,0.0,1.0,-4.816176414489746,-0.7201558351516724,0.6487754222941635,11.91405963897705
A,9,1,only_T100,200,0.0,1.0,-4.955458641052246,-0.7084004878997803,0.14732424977112876,11.91405963897705
A,9,1,only_lin,200,0.0,1.0,-4.974174976348877,-0.7052331566810608,0.07467506206370661,11.91405963897705
A,9,1,random_orth,200,0.0,1.0,-4.966144561767578,-0.7167121171951294,2.2919725502634813,11.91405963897705
A,9,1,real_diff_in_helix_subspace,200,0.4699999988079071,0.25999999046325684,-2.2274467945098877,-2.91119122505188,2.6391288027575466,11.91405963897705
A,9,1,full_swap,200,0.9699999690055847,0.0,-0.7267470955848694,-4.561714172363281,5.263681411743164,11.91405963897705
A,10,1,helix,200,0.6800000071525574,0.17999999225139618,-1.6983824968338013,-2.9599688053131104,2.4059894753129525,12.499018669128418
A,10,1,only_T2,200,0.13499999046325684,0.429999977350235,-3.1401562690734863,-2.0272984504699707,1.7451279813696556,12.499018669128418
A,10,1,only_T5,200,0.0,0.9649999737739563,-4.493459701538086,-0.8908816576004028,1.4907967000648206,12.499018669128418
A,10,1,only_T10,200,0.0,1.0,-4.807216167449951,-0.72298663854599,0.6762329888533154,12.499018669128418
A,10,1,only_T100,200,0.0,1.0,-4.955042839050293,-0.707286536693573,0.14868868048403033,12.499018669128418
A,10,1,only_lin,200,0.0,1.0,-4.973189830780029,-0.7058533430099487,0.07657703713865745,12.499018669128418
A,10,1,random_orth,200,0.0,0.9950000047683716,-4.9748969078063965,-0.7141135931015015,2.4059894753129525,12.499018669128418
A,10,1,real_diff_in_helix_subspace,200,0.48499998450279236,0.2750000059604645,-2.254420042037964,-2.8945140838623047,2.828982696506066,12.499018669128418
A,10,1,full_swap,200,0.9699999690055847,0.0,-0.7279968857765198,-4.563016414642334,5.450121879577637,12.499018669128418
A,11,1,helix,200,0.6949999928474426,0.16499999165534973,-1.6527183055877686,-3.0057928562164307,2.5812149716094717,12.941362380981445
A,11,1,only_T2,200,0.14999999105930328,0.4099999964237213,-3.086751699447632,-2.0847268104553223,1.8576840815440017,12.941362380981445
A,11,1,only_T5,200,0.0,0.9549999833106995,-4.462399482727051,-0.9169819355010986,1.6059901759655504,12.941362380981445
A,11,1,only_T10,200,0.0,1.0,-4.803865909576416,-0.7253827452659607,0.7170967686057085,12.941362380981445
A,11,1,only_T100,200,0.0,1.0,-4.956833839416504,-0.7085683941841125,0.15274137865617676,12.941362380981445
A,11,1,only_lin,200,0.0,1.0,-4.972823143005371,-0.7066648602485657,0.0777447071447777,12.941362380981445
A,11,1,random_orth,200,0.0,1.0,-4.980112075805664,-0.7184426188468933,2.581214971609471,12.941362380981445
A,11,1,real_diff_in_helix_subspace,200,0.47999998927116394,0.26999998092651367,-2.2746434211730957,-2.926530122756958,3.1370045077395594,12.941362380981445
A,11,1,full_swap,200,0.9749999642372131,0.0,-0.727283775806427,-4.569672584533691,5.7135396003723145,12.941362380981445
A,12,1,helix,200,0.7099999785423279,0.1599999964237213,-1.6271981000900269,-3.004120349884033,2.811767170153648,13.157876014709473
A,12,1,only_T2,200,0.16499999165534973,0.38999998569488525,-3.0498929023742676,-2.1213696002960205,2.026900507663388,13.157876014709473
A,12,1,only_T5,200,0.0,0.949999988079071,-4.40501070022583,-0.939874529838562,1.739093363530923,13.157876014709473
A,12,1,only_T10,200,0.0,1.0,-4.787137985229492,-0.7276487350463867,0.7849427131967388,13.157876014709473
A,12,1,only_T100,200,0.0,1.0,-4.957911968231201,-0.7094899415969849,0.1562567584990063,13.157876014709473
A,12,1,only_lin,200,0.0,1.0,-4.971999168395996,-0.7057049870491028,0.07739629314969793,13.157876014709473
A,12,1,random_orth,200,0.0,0.9950000047683716,-4.9827117919921875,-0.7167347073554993,2.811767170153648,13.157876014709473
A,12,1,real_diff_in_helix_subspace,200,0.5349999666213989,0.22499999403953552,-2.1023950576782227,-2.9553985595703125,3.3718060456196044,13.157876014709473
A,12,1,full_swap,200,0.9799999594688416,0.0,-0.7315496802330017,-4.56954288482666,6.049263954162598,13.157876014709473
A,13,1,helix,200,0.7149999737739563,0.14999999105930328,-1.6113559007644653,-3.0182621479034424,2.9358151118436444,13.779973983764648
A,13,1,only_T2,200,0.1850000023841858,0.375,-3.016026496887207,-2.144256114959717,2.1034481205184115,13.779973983764648
A,13,1,only_T5,200,0.0,0.9649999737739563,-4.382898330688477,-0.9418416619300842,1.8256069334786291,13.779973983764648
A,13,1,only_T10,200,0.0,1.0,-4.780725002288818,-0.7308567762374878,0.829037789454334,13.779973983764648
A,13,1,only_T100,200,0.0,1.0,-4.955482482910156,-0.7075536847114563,0.16873682231449208,13.779973983764648
A,13,1,only_lin,200,0.0,1.0,-4.97337532043457,-0.705696702003479,0.08309676066446331,13.779973983764648
A,13,1,random_orth,200,0.0,1.0,-4.975460052490234,-0.7237556576728821,2.9358151118436444,13.779973983764648
A,13,1,real_diff_in_helix_subspace,200,0.5399999618530273,0.2199999988079071,-2.105347156524658,-2.9521801471710205,3.5162957142681717,13.779973983764648
A,13,1,full_swap,200,0.9799999594688416,0.0,-0.7317560911178589,-4.565385818481445,6.322369575500488,13.779973983764648
A,14,1,helix,200,0.7049999833106995,0.17499999701976776,-1.6177716255187988,-2.9975945949554443,2.998750782253742,14.72998332977295
A,14,1,only_T2,200,0.16499999165534973,0.3700000047683716,-3.0257036685943604,-2.1255319118499756,2.1738805190989474,14.72998332977295
A,14,1,only_T5,200,0.0,0.9599999785423279,-4.38476037979126,-0.9467992782592773,1.8397854473905908,14.72998332977295
A,14,1,only_T10,200,0.0,1.0,-4.778995037078857,-0.7330681681632996,0.8454106072684112,14.72998332977295
A,14,1,only_T100,200,0.0,1.0,-4.954413414001465,-0.7076703310012817,0.17445717566602523,14.72998332977295
A,14,1,only_lin,200,0.0,1.0,-4.973460674285889,-0.7061888575553894,0.08589705764191714,14.72998332977295
A,14,1,random_orth,200,0.0,0.9950000047683716,-4.975188732147217,-0.7263813614845276,2.998750782253742,14.72998332977295
A,14,1,real_diff_in_helix_subspace,200,0.5399999618530273,0.20999999344348907,-2.1544454097747803,-2.9923930168151855,3.6741418499322034,14.72998332977295
A,14,1,full_swap,200,0.98499995470047,0.0,-0.7355061173439026,-4.546325206756592,6.501471996307373,14.72998332977295
A,15,1,helix,200,0.7049999833106995,0.16499999165534973,-1.613777995109558,-2.9990017414093018,3.0928014276731997,15.850940704345703
A,15,1,only_T2,200,0.16499999165534973,0.3799999952316284,-3.0175065994262695,-2.119328260421753,2.233108934433169,15.850940704345703
A,15,1,only_T5,200,0.0,0.9549999833106995,-4.372626781463623,-0.9555904865264893,1.9049813089883412,15.850940704345703
A,15,1,only_T10,200,0.0,1.0,-4.7744140625,-0.737309455871582,0.882437057934982,15.850940704345703
A,15,1,only_T100,200,0.0,1.0,-4.954615592956543,-0.707595944404602,0.1956128764090726,15.850940704345703
A,15,1,only_lin,200,0.0,1.0,-4.973077774047852,-0.7048746943473816,0.09770285889232005,15.850940704345703
A,15,1,random_orth,200,0.0,1.0,-4.966455459594727,-0.7209761738777161,3.0928014276731997,15.850940704345703
A,15,1,real_diff_in_helix_subspace,200,0.5199999809265137,0.22499999403953552,-2.1690051555633545,-2.9585063457489014,3.752778955421614,15.850940704345703
A,15,1,full_swap,200,0.9749999642372131,0.0,-0.7358363270759583,-4.532961368560791,6.819055080413818,15.850940704345703
A,16,1,helix,200,0.7749999761581421,0.10499999672174454,-1.4452462196350098,-3.3248860836029053,3.6293136760716878,17.27802848815918
A,16,1,only_T2,200,0.22499999403953552,0.26499998569488525,-2.8210415840148926,-2.4080278873443604,2.6026737571621266,17.27802848815918
A,16,1,only_T5,200,0.0,0.8949999809265137,-4.2270355224609375,-1.117802381515503,2.234804227928894,17.27802848815918
A,16,1,only_T10,200,0.0,1.0,-4.708481311798096,-0.7562280297279358,1.0993940347704017,17.27802848815918
A,16,1,only_T100,200,0.0,1.0,-4.953609466552734,-0.707650363445282,0.2355126703090807,17.27802848815918
A,16,1,only_lin,200,0.0,1.0,-4.973051071166992,-0.7049296498298645,0.11500915712158669,17.27802848815918
A,16,1,random_orth,200,0.0,0.9950000047683716,-4.967335224151611,-0.7157140970230103,3.6293136760716886,17.27802848815918
A,16,1,real_diff_in_helix_subspace,200,0.6399999856948853,0.14499999582767487,-1.8696725368499756,-3.2326693534851074,4.2454721997563345,17.27802848815918
A,16,1,full_swap,200,0.98499995470047,0.0,-0.7347360253334045,-4.5461530685424805,8.192614555358887,17.27802848815918
A,17,1,helix,200,0.6449999809265137,0.20999999344348907,-1.6628140211105347,-2.867727041244507,3.8668359389755085,19.28815460205078
A,17,1,only_T2,200,0.1899999976158142,0.3799999952316284,-2.9879846572875977,-2.0830202102661133,2.7784344895964947,19.28815460205078
A,17,1,only_T5,200,0.0,0.9300000071525574,-4.297482967376709,-1.0264464616775513,2.3729496458138857,19.28815460205078
A,17,1,only_T10,200,0.0,1.0,-4.733302593231201,-0.7466343641281128,1.190611906249457,19.28815460205078
A,17,1,only_T100,200,0.0,1.0,-4.955512046813965,-0.707811176776886,0.26358734813926255,19.28815460205078
A,17,1,only_lin,200,0.0,1.0,-4.9694647789001465,-0.705634593963623,0.12815430953358986,19.28815460205078
A,17,1,random_orth,200,0.0,1.0,-4.969753742218018,-0.7153137922286987,3.8668359389755085,19.28815460205078
A,17,1,real_diff_in_helix_subspace,200,0.5600000023841858,0.25,-2.0589582920074463,-2.8463661670684814,4.532210477436295,19.28815460205078
A,17,1,full_swap,200,0.9399999976158142,0.03500000014901161,-0.8699241280555725,-3.97477650642395,8.744511604309082,19.28815460205078
A,18,1,helix,200,0.4899999797344208,0.3999999761581421,-2.129303216934204,-2.390054702758789,4.070310231324101,21.2695255279541
A,18,1,only_T2,200,0.1550000011920929,0.5399999618530273,-3.2487573623657227,-1.7644234895706177,2.894953340945762,21.2695255279541
A,18,1,only_T5,200,0.0,0.9549999833106995,-4.392759323120117,-0.9724636077880859,2.5262695922326657,21.2695255279541
A,18,1,only_T10,200,0.0,1.0,-4.7717976570129395,-0.7392077445983887,1.2530540559773344,21.2695255279541
A,18,1,only_T100,200,0.0,1.0,-4.956897258758545,-0.7074847221374512,0.2808986546060817,21.2695255279541
A,18,1,only_lin,200,0.0,1.0,-4.970516681671143,-0.7073895931243896,0.135515265900388,21.2695255279541
A,18,1,random_orth,200,0.0,1.0,-4.97341251373291,-0.718873143196106,4.070310231324101,21.2695255279541
A,18,1,real_diff_in_helix_subspace,200,0.41499999165534973,0.45499998331069946,-2.4818997383117676,-2.3929247856140137,4.747958171766357,21.2695255279541
A,18,1,full_swap,200,0.7699999809265137,0.17999999225139618,-1.3079392910003662,-3.220158338546753,9.264690399169922,21.2695255279541
A,19,1,helix,200,0.0,1.0,-4.624624729156494,-0.7442344427108765,4.4540763282556055,23.13534164428711
A,19,1,only_T2,200,0.0,1.0,-4.796142578125,-0.7241664528846741,3.1240767052094647,23.13534164428711
A,19,1,only_T5,200,0.0,0.9950000047683716,-4.873901844024658,-0.7296417951583862,2.793683729057966,23.13534164428711
A,19,1,only_T10,200,0.0,1.0,-4.927616596221924,-0.7109151482582092,1.3701288692209055,23.13534164428711
A,19,1,only_T100,200,0.0,1.0,-4.96718692779541,-0.7101303935050964,0.31568218679615834,23.13534164428711
A,19,1,only_lin,200,0.0,1.0,-4.9716339111328125,-0.7101156711578369,0.15753857084734438,23.13534164428711
A,19,1,random_orth,200,0.0,1.0,-4.969422340393066,-0.7160978317260742,4.4540763282556055,23.13534164428711
A,19,1,real_diff_in_helix_subspace,200,0.0,0.9950000047683716,-4.646875381469727,-0.7439839243888855,5.2684604444114775,23.13534164428711
A,19,1,full_swap,200,0.004999999888241291,0.9749999642372131,-4.308442115783691,-0.8005369305610657,10.077527046203613,23.13534164428711
A,20,1,helix,200,0.0,0.9950000047683716,-4.609067440032959,-0.7477515935897827,4.796502555885445,24.929170608520508
A,20,1,only_T2,200,0.0,1.0,-4.785402774810791,-0.7264094352722168,3.359893346941299,24.929170608520508
A,20,1,only_T5,200,0.0,0.9950000047683716,-4.86887788772583,-0.7320075631141663,3.014715774406627,24.929170608520508
A,20,1,only_T10,200,0.0,1.0,-4.926362037658691,-0.7113828659057617,1.4698224757584142,24.929170608520508
A,20,1,only_T100,200,0.0,1.0,-4.967745304107666,-0.7106263041496277,0.348249850873712,24.929170608520508
A,20,1,only_lin,200,0.0,1.0,-4.969688415527344,-0.709940493106842,0.17343332630180386,24.929170608520508
A,20,1,random_orth,200,0.0,1.0,-4.9685797691345215,-0.7156551480293274,4.796502555885444,24.929170608520508
A,20,1,real_diff_in_helix_subspace,200,0.0,0.9950000047683716,-4.63153076171875,-0.7484976649284363,5.634250909329251,24.929170608520508
A,20,1,full_swap,200,0.004999999888241291,0.9749999642372131,-4.3048601150512695,-0.8025617599487305,10.910959243774414,24.929170608520508
A,21,1,helix,200,0.0,1.0,-4.945400714874268,-0.7167012095451355,4.961260683633074,26.344213485717773
A,21,1,only_T2,200,0.0,1.0,-4.961432456970215,-0.710674524307251,3.481025922226728,26.344213485717773
A,21,1,only_T5,200,0.0,1.0,-4.963779926300049,-0.7153277397155762,3.110597698099026,26.344213485717773
A,21,1,only_T10,200,0.0,1.0,-4.96333122253418,-0.7108288407325745,1.5212066250128526,26.344213485717773
A,21,1,only_T100,200,0.0,1.0,-4.969563961029053,-0.7110691666603088,0.37311923154652965,26.344213485717773
A,21,1,only_lin,200,0.0,1.0,-4.970004081726074,-0.709481954574585,0.18301654221988428,26.344213485717773
A,21,1,random_orth,200,0.0,1.0,-4.975274562835693,-0.7114481329917908,4.961260683633074,26.344213485717773
A,21,1,real_diff_in_helix_subspace,200,0.0,1.0,-4.938042163848877,-0.7114949822425842,5.841568506072613,26.344213485717773
A,21,1,full_swap,200,0.0,1.0,-4.899591445922852,-0.7146024703979492,11.440234184265137,26.344213485717773
A,22,1,helix,200,0.0,1.0,-4.950650691986084,-0.7149200439453125,5.184091671604245,28.270469665527344
A,22,1,only_T2,200,0.0,1.0,-4.962745189666748,-0.7097154259681702,3.637831315964429,28.270469665527344
A,22,1,only_T5,200,0.0,1.0,-4.964908123016357,-0.7156127691268921,3.2471545766869134,28.270469665527344
A,22,1,only_T10,200,0.0,1.0,-4.964090347290039,-0.7096893191337585,1.589123955782817,28.270469665527344
A,22,1,only_T100,200,0.0,1.0,-4.968343257904053,-0.7099610567092896,0.40229697640195605,28.270469665527344
A,22,1,only_lin,200,0.0,1.0,-4.96816349029541,-0.7100805640220642,0.19815246171996065,28.270469665527344
A,22,1,random_orth,200,0.0,1.0,-4.972989559173584,-0.7100666165351868,5.184091671604245,28.270469665527344
A,22,1,real_diff_in_helix_subspace,200,0.0,1.0,-4.943403720855713,-0.7119424343109131,6.157462364843238,28.270469665527344
A,22,1,full_swap,200,0.0,1.0,-4.903314113616943,-0.7174950838088989,12.12255859375,28.270469665527344
A,23,1,helix,200,0.0,1.0,-4.961159706115723,-0.7133704423904419,5.4913381380195565,29.953022003173828
A,23,1,only_T2,200,0.0,1.0,-4.967624187469482,-0.7103631496429443,3.892219390509248,29.953022003173828
A,23,1,only_T5,200,0.0,1.0,-4.9703216552734375,-0.7132554650306702,3.410514973401848,29.953022003173828
A,23,1,only_T10,200,0.0,1.0,-4.966982841491699,-0.7101525068283081,1.6678284492879631,29.953022003173828
A,23,1,only_T100,200,0.0,1.0,-4.9682230949401855,-0.709881603717804,0.42560478753564945,29.953022003173828
A,23,1,only_lin,200,0.0,1.0,-4.968702793121338,-0.7094312906265259,0.2108249104423163,29.953022003173828
A,23,1,random_orth,200,0.0,1.0,-4.970854759216309,-0.7080166339874268,5.4913381380195565,29.953022003173828
A,23,1,real_diff_in_helix_subspace,200,0.0,1.0,-4.957697868347168,-0.7097809910774231,6.529360424825274,29.953022003173828
A,23,1,full_swap,200,0.0,1.0,-4.91878604888916,-0.7184658646583557,12.820448875427246,29.953022003173828
A,24,1,helix,200,0.0,1.0,-4.963987350463867,-0.7116574048995972,5.720719189764189,31.286508560180664
A,24,1,only_T2,200,0.0,1.0,-4.969126224517822,-0.7104666233062744,4.0325097881639484,31.286508560180664
A,24,1,only_T5,200,0.0,1.0,-4.967790603637695,-0.7113833427429199,3.5829316680452887,31.286508560180664
A,24,1,only_T10,200,0.0,1.0,-4.97068977355957,-0.7105395197868347,1.7282387030303834,31.286508560180664
A,24,1,only_T100,200,0.0,1.0,-4.969175338745117,-0.7109059691429138,0.4438567017745923,31.286508560180664
A,24,1,only_lin,200,0.0,1.0,-4.9688849449157715,-0.7095956206321716,0.22129638313053454,31.286508560180664
A,24,1,random_orth,200,0.0,1.0,-4.971578121185303,-0.7097779512405396,5.720719189764188,31.286508560180664
A,24,1,real_diff_in_helix_subspace,200,0.0,1.0,-4.960696220397949,-0.7098467946052551,6.840148342768618,31.286508560180664
A,24,1,full_swap,200,0.0,1.0,-4.946382522583008,-0.7140969634056091,13.468497276306152,31.286508560180664
A,25,1,helix,200,0.0,1.0,-4.965915679931641,-0.71031653881073,5.975835700309731,32.915985107421875
A,25,1,only_T2,200,0.0,1.0,-4.9665446281433105,-0.710378885269165,4.222865888577102,32.915985107421875
A,25,1,only_T5,200,0.0,1.0,-4.966310501098633,-0.7105610966682434,3.732538675071848,32.915985107421875
A,25,1,only_T10,200,0.0,1.0,-4.970503807067871,-0.7102224826812744,1.7961866519549756,32.915985107421875
A,25,1,only_T100,200,0.0,1.0,-4.9674482345581055,-0.7105578184127808,0.4687503616157849,32.915985107421875
A,25,1,only_lin,200,0.0,1.0,-4.968216419219971,-0.7093482613563538,0.23267147046889644,32.915985107421875
A,25,1,random_orth,200,0.0,1.0,-4.96992301940918,-0.7100199460983276,5.975835700309731,32.915985107421875
A,25,1,real_diff_in_helix_subspace,200,0.0,1.0,-4.9608259201049805,-0.7093539237976074,7.160344765652246,32.915985107421875
A,25,1,full_swap,200,0.0,1.0,-4.948976039886475,-0.7122671604156494,14.186515808105469,32.915985107421875
A,26,1,helix,200,0.0,1.0,-4.9661736488342285,-0.7111761569976807,6.18409606592778,34.541412353515625
A,26,1,only_T2,200,0.0,1.0,-4.965842247009277,-0.7108833193778992,4.366397068033726,34.541412353515625
A,26,1,only_T5,200,0.0,1.0,-4.9695258140563965,-0.7100727558135986,3.8620614024832127,34.541412353515625
A,26,1,only_T10,200,0.0,1.0,-4.970546245574951,-0.7105556130409241,1.8574987176470348,34.541412353515625
A,26,1,only_T100,200,0.0,1.0,-4.96848201751709,-0.7101241946220398,0.4890603986612054,34.541412353515625
A,26,1,only_lin,200,0.0,1.0,-4.968692779541016,-0.7097476124763489,0.24282268561146897,34.541412353515625
A,26,1,random_orth,200,0.0,1.0,-4.968165874481201,-0.7110332250595093,6.18409606592778,34.541412353515625
A,26,1,real_diff_in_helix_subspace,200,0.0,1.0,-4.96177339553833,-0.7090123295783997,7.454533125742696,34.541412353515625
A,26,1,full_swap,200,0.0,1.0,-4.951924800872803,-0.7106841802597046,14.766934394836426,34.541412353515625
A,27,1,helix,200,0.0,1.0,-4.970160484313965,-0.7095112204551697,6.438554060924328,37.22065734863281
A,27,1,only_T2,200,0.0,1.0,-4.970218181610107,-0.7107337713241577,4.54255598630251,37.22065734863281
A,27,1,only_T5,200,0.0,1.0,-4.969148635864258,-0.7097697257995605,4.027572482167962,37.22065734863281
A,27,1,only_T10,200,0.0,1.0,-4.970123291015625,-0.7104136347770691,1.939922887173325,37.22065734863281
A,27,1,only_T100,200,0.0,1.0,-4.96962833404541,-0.7098835706710815,0.5129379605980396,37.22065734863281
A,27,1,only_lin,200,0.0,1.0,-4.968942642211914,-0.709698498249054,0.2561921964474862,37.22065734863281
A,27,1,random_orth,200,0.0,1.0,-4.970592021942139,-0.7118653655052185,6.438554060924328,37.22065734863281
A,27,1,real_diff_in_helix_subspace,200,0.0,1.0,-4.96832275390625,-0.7078218460083008,7.820098119697337,37.22065734863281
A,27,1,full_swap,200,0.0,1.0,-4.962655067443848,-0.7079250812530518,15.4854154586792,37.22065734863281
A,28,1,helix,200,0.0,1.0,-4.968072891235352,-0.7101916074752808,6.610796500287034,39.55630111694336
A,28,1,only_T2,200,0.0,1.0,-4.970851898193359,-0.710887610912323,4.654048427472162,39.55630111694336
A,28,1,only_T5,200,0.0,1.0,-4.969430923461914,-0.7093391418457031,4.136741173471146,39.55630111694336
A,28,1,only_T10,200,0.0,1.0,-4.970668315887451,-0.7104997634887695,2.0143797576226152,39.55630111694336
A,28,1,only_T100,200,0.0,1.0,-4.969026565551758,-0.7100973129272461,0.5274043640320576,39.55630111694336
A,28,1,only_lin,200,0.0,1.0,-4.969305992126465,-0.7099290490150452,0.2650514939279549,39.55630111694336
A,28,1,random_orth,200,0.0,1.0,-4.967817306518555,-0.7097416520118713,6.610796500287034,39.55630111694336
A,28,1,real_diff_in_helix_subspace,200,0.0,1.0,-4.968644618988037,-0.7087118625640869,8.095301082483672,39.55630111694336
A,28,1,full_swap,200,0.0,1.0,-4.963284969329834,-0.7077113389968872,16.053485870361328,39.55630111694336
A,29,1,helix,200,0.0,1.0,-4.967113971710205,-0.709857165813446,6.863371512319307,43.098445892333984
A,29,1,only_T2,200,0.0,1.0,-4.969478607177734,-0.7107661962509155,4.844418196187268,43.098445892333984
A,29,1,only_T5,200,0.0,1.0,-4.968179225921631,-0.7092174887657166,4.280858259657209,43.098445892333984
A,29,1,only_T10,200,0.0,1.0,-4.969200611114502,-0.7103489637374878,2.088206093499306,43.098445892333984
A,29,1,only_T100,200,0.0,1.0,-4.969738006591797,-0.7103223204612732,0.5511093305224645,43.098445892333984
A,29,1,only_lin,200,0.0,1.0,-4.969862461090088,-0.7097604274749756,0.27831751228760426,43.098445892333984
A,29,1,random_orth,200,0.0,1.0,-4.969418048858643,-0.7100367546081543,6.863371512319307,43.098445892333984
A,29,1,real_diff_in_helix_subspace,200,0.0,1.0,-4.966859817504883,-0.7081572413444519,8.477978859234106,43.098445892333984
A,29,1,full_swap,200,0.0,1.0,-4.959253311157227,-0.7080479264259338,16.825605392456055,43.098445892333984
A,30,1,helix,200,0.0,1.0,-4.968718528747559,-0.709985077381134,7.22989596201551,54.716800689697266
A,30,1,only_T2,200,0.0,1.0,-4.969208717346191,-0.7102081775665283,5.1171334062409315,54.716800689697266
A,30,1,only_T5,200,0.0,1.0,-4.969536304473877,-0.7104977369308472,4.5066110409549625,54.716800689697266
A,30,1,only_T10,200,0.0,1.0,-4.969711780548096,-0.7100445628166199,2.1835070290085663,54.716800689697266
A,30,1,only_T100,200,0.0,1.0,-4.969176292419434,-0.7101722359657288,0.5798902016225831,54.716800689697266
A,30,1,only_lin,200,0.0,1.0,-4.969558238983154,-0.7094378471374512,0.29271873769874657,54.716800689697266
A,30,1,random_orth,200,0.0,1.0,-4.9697465896606445,-0.7099015712738037,7.22989596201551,54.716800689697266
A,30,1,real_diff_in_helix_subspace,200,0.0,1.0,-4.9692816734313965,-0.7091981172561646,9.057257347036773,54.716800689697266
A,30,1,full_swap,200,0.0,1.0,-4.9623637199401855,-0.7104101181030273,17.93958282470703,54.716800689697266
A,31,1,helix,200,0.0,1.0,-4.969307899475098,-0.7099214196205139,7.793463209145931,74.4908218383789
A,31,1,only_T2,200,0.0,1.0,-4.969307899475098,-0.7099214196205139,5.550718002991018,74.4908218383789
A,31,1,only_T5,200,0.0,1.0,-4.969307899475098,-0.7099214196205139,4.812417233682952,74.4908218383789
A,31,1,only_T10,200,0.0,1.0,-4.969307899475098,-0.7099214196205139,2.326206021806471,74.4908218383789
A,31,1,only_T100,200,0.0,1.0,-4.969307899475098,-0.7099214196205139,0.6227109180055096,74.4908218383789
A,31,1,only_lin,200,0.0,1.0,-4.969307899475098,-0.7099214196205139,0.3172696305444101,74.4908218383789
A,31,1,random_orth,200,0.0,1.0,-4.969307899475098,-0.7099214196205139,7.79346320914593,74.4908218383789
A,31,1,real_diff_in_helix_subspace,200,0.0,1.0,-4.969307899475098,-0.7099214196205139,9.852714166977519,74.4908218383789
A,31,1,full_swap,200,0.0,1.0,-4.969307899475098,-0.7099214196205139,19.427427291870117,74.4908218383789
A,0,2,helix,200,0.625,0.19999998807907104,-1.811729073524475,-3.107064962387085,1.7788139908033866,4.637814521789551
A,0,2,only_T2,200,0.0,1.0,-5.631794452667236,-0.705082356929779,0.0,4.637814521789551
A,0,2,only_T5,200,0.17999999225139618,0.4899999797344208,-3.4632365703582764,-2.0503530502319336,1.5066197262038639,4.637814521789551
A,0,2,only_T10,200,0.004999999888241291,0.9649999737739563,-5.001398086547852,-0.8922529220581055,0.9337187178888238,4.637814521789551
A,0,2,only_T100,200,0.0,1.0,-5.596630096435547,-0.6969346404075623,0.1946932828799223,4.637814521789551
A,0,2,only_lin,200,0.0,1.0,-5.634354114532471,-0.6954842805862427,0.09665243813048754,4.637814521789551
A,0,2,random_orth,200,0.0,1.0,-5.631577014923096,-0.7044165134429932,1.7788139908033866,4.637814521789551
A,0,2,real_diff_in_helix_subspace,200,0.5049999952316284,0.38499999046325684,-2.610029935836792,-2.6729280948638916,1.5864962719346203,4.637814521789551
A,0,2,full_swap,200,0.9799999594688416,0.004999999888241291,-0.7224513292312622,-5.063310146331787,4.180484771728516,4.637814521789551
A,1,2,helix,200,0.6499999761581421,0.17999999225139618,-1.8359018564224243,-3.1026909351348877,1.7460939559795607,5.291583061218262
A,1,2,only_T2,200,0.0,1.0,-5.631794452667236,-0.705082356929779,0.0,5.291583061218262
A,1,2,only_T5,200,0.17499999701976776,0.4949999749660492,-3.4514424800872803,-2.0560250282287598,1.4782831855677516,5.291583061218262
A,1,2,only_T10,200,0.004999999888241291,0.949999988079071,-4.993828773498535,-0.8980108499526978,0.9173688203258865,5.291583061218262
A,1,2,only_T100,200,0.0,1.0,-5.596085071563721,-0.6938877105712891,0.19225156148297792,5.291583061218262
A,1,2,only_lin,200,0.0,1.0,-5.635315418243408,-0.694953441619873,0.09929006946244166,5.291583061218262
A,1,2,random_orth,200,0.0,1.0,-5.610255718231201,-0.7205298542976379,1.7460939559795607,5.291583061218262
A,1,2,real_diff_in_helix_subspace,200,0.5149999856948853,0.3799999952316284,-2.5400314331054688,-2.709125518798828,1.58821475855477,5.291583061218262
A,1,2,full_swap,200,0.9799999594688416,0.004999999888241291,-0.725971519947052,-5.061679363250732,4.067084312438965,5.291583061218262
A,2,2,helix,200,0.6499999761581421,0.1850000023841858,-1.8402351140975952,-3.1081316471099854,1.7919313381617559,6.075369834899902
A,2,2,only_T2,200,0.0,1.0,-5.631794452667236,-0.705082356929779,0.0,6.075369834899902
A,2,2,only_T5,200,0.1850000023841858,0.5049999952316284,-3.4379308223724365,-2.0533759593963623,1.5168814064985827,6.075369834899902
A,2,2,only_T10,200,0.004999999888241291,0.9549999833106995,-4.986884593963623,-0.9037811160087585,0.9413471329990447,6.075369834899902
A,2,2,only_T100,200,0.0,1.0,-5.597359657287598,-0.6952308416366577,0.19899001090768526,6.075369834899902
A,2,2,only_lin,200,0.0,1.0,-5.635895729064941,-0.6954498291015625,0.10515600643971941,6.075369834899902
A,2,2,random_orth,200,0.0,0.9950000047683716,-5.61485481262207,-0.7251923084259033,1.7919313381617559,6.075369834899902
A,2,2,real_diff_in_helix_subspace,200,0.5299999713897705,0.35499998927116394,-2.4531209468841553,-2.7393059730529785,1.6616674694438984,6.075369834899902
A,2,2,full_swap,200,0.9799999594688416,0.004999999888241291,-0.7240030765533447,-5.053744316101074,4.144257068634033,6.075369834899902
A,3,2,helix,200,0.6599999666213989,0.17999999225139618,-1.8589624166488647,-3.117579221725464,1.989279039925147,7.390411376953125
A,3,2,only_T2,200,0.0,1.0,-5.631794452667236,-0.705082356929779,0.0,7.390411376953125
A,3,2,only_T5,200,0.17999999225139618,0.5049999952316284,-3.442218780517578,-2.0564332008361816,1.673761794582579,7.390411376953125
A,3,2,only_T10,200,0.004999999888241291,0.9449999928474426,-4.964733123779297,-0.9175325036048889,1.0608406391256682,7.390411376953125
A,3,2,only_T100,200,0.0,1.0,-5.593905925750732,-0.6968328952789307,0.2206672782306061,7.390411376953125
A,3,2,only_lin,200,0.0,1.0,-5.638583660125732,-0.6997084021568298,0.11550002113270338,7.390411376953125
A,3,2,random_orth,200,0.0,0.9950000047683716,-5.633913516998291,-0.7088916897773743,1.989279039925147,7.390411376953125
A,3,2,real_diff_in_helix_subspace,200,0.5649999976158142,0.29499998688697815,-2.301058530807495,-2.870372772216797,1.905392254452599,7.390411376953125
A,3,2,full_swap,200,0.9799999594688416,0.004999999888241291,-0.7192868590354919,-5.044347286224365,4.48715353012085,7.390411376953125
A,4,2,helix,200,0.6549999713897705,0.17999999225139618,-1.8907314538955688,-3.084369421005249,2.0788157808888683,8.42361831665039
A,4,2,only_T2,200,0.0,1.0,-5.631794452667236,-0.705082356929779,0.0,8.42361831665039
A,4,2,only_T5,200,0.17000000178813934,0.5249999761581421,-3.469233989715576,-2.0365848541259766,1.7518102821965595,8.42361831665039
A,4,2,only_T10,200,0.004999999888241291,0.949999988079071,-4.970484733581543,-0.9111571907997131,1.1037162148458954,8.42361831665039
A,4,2,only_T100,200,0.0,1.0,-5.592179298400879,-0.6966838836669922,0.23522741129433725,8.42361831665039
A,4,2,only_lin,200,0.0,1.0,-5.638184547424316,-0.6961413621902466,0.12636515394534503,8.42361831665039
A,4,2,random_orth,200,0.0,0.9899999499320984,-5.626601219177246,-0.7111013531684875,2.0788157808888683,8.42361831665039
A,4,2,real_diff_in_helix_subspace,200,0.5550000071525574,0.3149999976158142,-2.3267107009887695,-2.8474745750427246,2.013347849528437,8.42361831665039
A,4,2,full_swap,200,0.9799999594688416,0.004999999888241291,-0.7426832318305969,-4.980433940887451,4.692770481109619,8.42361831665039
A,5,2,helix,200,0.6100000143051147,0.2149999886751175,-1.963065505027771,-3.030910015106201,2.2021288609214507,9.414460182189941
A,5,2,only_T2,200,0.0,1.0,-5.631794452667236,-0.705082356929779,0.0,9.414460182189941
A,5,2,only_T5,200,0.16499999165534973,0.5249999761581421,-3.522778034210205,-2.000518560409546,1.8666461196583406,9.414460182189941
A,5,2,only_T10,200,0.004999999888241291,0.9549999833106995,-4.973504066467285,-0.9069511294364929,1.1530365095492792,9.414460182189941
A,5,2,only_T100,200,0.0,1.0,-5.593747615814209,-0.6984409689903259,0.25093726542481753,9.414460182189941
A,5,2,only_lin,200,0.0,1.0,-5.638284206390381,-0.695277214050293,0.13795394526840762,9.414460182189941
A,5,2,random_orth,200,0.0,1.0,-5.632147312164307,-0.7168508768081665,2.2021288609214507,9.414460182189941
A,5,2,real_diff_in_helix_subspace,200,0.5349999666213989,0.32999998331069946,-2.3864424228668213,-2.8089659214019775,2.1586368558129023,9.414460182189941
A,5,2,full_swap,200,0.9799999594688416,0.004999999888241291,-0.7512592077255249,-4.9276885986328125,4.924343109130859,9.414460182189941
A,6,2,helix,200,0.6049999594688416,0.20999999344348907,-1.9641149044036865,-3.0392019748687744,2.3408539857044737,10.497810363769531
A,6,2,only_T2,200,0.0,1.0,-5.631794452667236,-0.705082356929779,0.0,10.497810363769531
A,6,2,only_T5,200,0.17000000178813934,0.5149999856948853,-3.5117578506469727,-2.0100972652435303,2.0103975280855155,10.497810363769531
A,6,2,only_T10,200,0.004999999888241291,0.949999988079071,-4.962318420410156,-0.9113971590995789,1.1788394977138916,10.497810363769531
A,6,2,only_T100,200,0.0,1.0,-5.590556621551514,-0.6955114603042603,0.2710759020015312,10.497810363769531
A,6,2,only_lin,200,0.0,1.0,-5.637144565582275,-0.6968467831611633,0.14605900098195965,10.497810363769531
A,6,2,random_orth,200,0.0,1.0,-5.626069068908691,-0.710982620716095,2.3408539857044737,10.497810363769531
A,6,2,real_diff_in_helix_subspace,200,0.550000011920929,0.3100000023841858,-2.3420846462249756,-2.871392250061035,2.3563367302350526,10.497810363769531
A,6,2,full_swap,200,0.9799999594688416,0.004999999888241291,-0.7558203935623169,-4.929774761199951,5.131692886352539,10.497810363769531
A,7,2,helix,200,0.6150000095367432,0.20499999821186066,-1.9547983407974243,-3.054046869277954,2.3879537009546272,11.022222518920898
A,7,2,only_T2,200,0.0,1.0,-5.631794452667236,-0.705082356929779,0.0,11.022222518920898
A,7,2,only_T5,200,0.17499999701976776,0.5249999761581421,-3.5068016052246094,-2.027939796447754,2.0562655747523024,11.022222518920898
A,7,2,only_T10,200,0.004999999888241291,0.949999988079071,-4.961635112762451,-0.9136273264884949,1.1929861847588308,11.022222518920898
A,7,2,only_T100,200,0.0,1.0,-5.593544960021973,-0.6971672177314758,0.28304728776454596,11.022222518920898
A,7,2,only_lin,200,0.0,1.0,-5.634205341339111,-0.695612907409668,0.1467357752237078,11.022222518920898
A,7,2,random_orth,200,0.0,0.9950000047683716,-5.619515419006348,-0.7048274874687195,2.3879537009546272,11.022222518920898
A,7,2,real_diff_in_helix_subspace,200,0.5450000166893005,0.3149999976158142,-2.3019537925720215,-2.883319139480591,2.432865904819777,11.022222518920898
A,7,2,full_swap,200,0.9749999642372131,0.004999999888241291,-0.7596817016601562,-4.926054954528809,5.18447732925415,11.022222518920898
A,8,2,helix,200,0.6299999952316284,0.19999998807907104,-1.948232889175415,-3.045269012451172,2.539258519711833,11.613822937011719
A,8,2,only_T2,200,0.0,1.0,-5.631794452667236,-0.705082356929779,0.0,11.613822937011719
A,8,2,only_T5,200,0.1850000023841858,0.5149999856948853,-3.5059585571289062,-2.024207592010498,2.2108082515719945,11.613822937011719
A,8,2,only_T10,200,0.004999999888241291,0.9449999928474426,-4.959737300872803,-0.9083440899848938,1.231566921983275,11.613822937011719
A,8,2,only_T100,200,0.0,1.0,-5.592182636260986,-0.6962513327598572,0.2924155745779542,11.613822937011719
A,8,2,only_lin,200,0.0,1.0,-5.636977195739746,-0.6938642859458923,0.1520801468064831,11.613822937011719
A,8,2,random_orth,200,0.0,1.0,-5.6333231925964355,-0.7007505893707275,2.539258519711833,11.613822937011719
A,8,2,real_diff_in_helix_subspace,200,0.5149999856948853,0.3100000023841858,-2.3174185752868652,-2.914125919342041,2.644818312261869,11.613822937011719
A,8,2,full_swap,200,0.9749999642372131,0.004999999888241291,-0.768497884273529,-4.90470027923584,5.426253795623779,11.613822937011719
A,9,2,helix,200,0.625,0.20499999821186066,-1.9320536851882935,-3.0735766887664795,2.619723643973689,11.939251899719238
A,9,2,only_T2,200,0.0,1.0,-5.631794452667236,-0.705082356929779,0.0,11.939251899719238
A,9,2,only_T5,200,0.17499999701976776,0.5299999713897705,-3.48529052734375,-2.039132595062256,2.306284399109765,11.939251899719238
A,9,2,only_T10,200,0.004999999888241291,0.9449999928474426,-4.950508117675781,-0.9129624962806702,1.2345972191000825,11.939251899719238
A,9,2,only_T100,200,0.0,1.0,-5.590993404388428,-0.6970117688179016,0.2928793255118779,11.939251899719238
A,9,2,only_lin,200,0.0,1.0,-5.636523246765137,-0.692531406879425,0.14935012412741316,11.939251899719238
A,9,2,random_orth,200,0.0,0.9950000047683716,-5.621636390686035,-0.710102379322052,2.619723643973689,11.939251899719238
A,9,2,real_diff_in_helix_subspace,200,0.5049999952316284,0.28999999165534973,-2.3552050590515137,-2.9563183784484863,2.814840246990792,11.939251899719238
A,9,2,full_swap,200,0.9749999642372131,0.004999999888241291,-0.7650301456451416,-4.909789085388184,5.563158988952637,11.939251899719238
A,10,2,helix,200,0.6399999856948853,0.19499999284744263,-1.904409408569336,-3.116460084915161,2.753139710555281,12.519637107849121
A,10,2,only_T2,200,0.0,1.0,-5.631794452667236,-0.705082356929779,0.0,12.519637107849121
A,10,2,only_T5,200,0.17999999225139618,0.5149999856948853,-3.463578462600708,-2.065272808074951,2.4335522887680456,12.519637107849121
A,10,2,only_T10,200,0.004999999888241291,0.9399999976158142,-4.933346271514893,-0.937517523765564,1.2879495940315444,12.519637107849121
A,10,2,only_T100,200,0.0,1.0,-5.590025424957275,-0.6958033442497253,0.2957268182555675,12.519637107849121
A,10,2,only_lin,200,0.0,1.0,-5.634820938110352,-0.6936872005462646,0.15315407427731484,12.519637107849121
A,10,2,random_orth,200,0.0,1.0,-5.613504409790039,-0.7120155096054077,2.753139710555281,12.519637107849121
A,10,2,real_diff_in_helix_subspace,200,0.5,0.2849999964237213,-2.3873045444488525,-3.0200188159942627,3.0436341407320255,12.519637107849121
A,10,2,full_swap,200,0.9699999690055847,0.004999999888241291,-0.7673704624176025,-4.906188488006592,5.783289909362793,12.519637107849121
A,11,2,helix,200,0.6349999904632568,0.20499999821186066,-1.8706421852111816,-3.156559467315674,2.962695811659484,12.96645736694336
A,11,2,only_T2,200,0.0,1.0,-5.631794452667236,-0.705082356929779,0.0,12.96645736694336
A,11,2,only_T5,200,0.20999999344348907,0.48499998450279236,-3.404238224029541,-2.142256259918213,2.622600196695822,12.96645736694336
A,11,2,only_T10,200,0.004999999888241291,0.9399999976158142,-4.906017303466797,-0.9501055479049683,1.3669258174637002,12.96645736694336
A,11,2,only_T100,200,0.0,1.0,-5.592941761016846,-0.6954476833343506,0.30389948236848435,12.96645736694336
A,11,2,only_lin,200,0.0,1.0,-5.63750696182251,-0.6950880289077759,0.15548941428955534,12.96645736694336
A,11,2,random_orth,200,0.0,1.0,-5.632208824157715,-0.708461582660675,2.9626958116594846,12.96645736694336
A,11,2,real_diff_in_helix_subspace,200,0.4949999749660492,0.29499998688697815,-2.3396356105804443,-3.144449472427368,3.3853400446630895,12.96645736694336
A,11,2,full_swap,200,0.9699999690055847,0.004999999888241291,-0.7702832818031311,-4.9074387550354,6.084824085235596,12.96645736694336
A,12,2,helix,200,0.6549999713897705,0.19999998807907104,-1.8486018180847168,-3.241962432861328,3.2211274180652354,13.184715270996094
A,12,2,only_T2,200,0.0,1.0,-5.631794452667236,-0.705082356929779,0.0,13.184715270996094
A,12,2,only_T5,200,0.22499999403953552,0.4749999940395355,-3.3078830242156982,-2.230628252029419,2.844896095505534,13.184715270996094
A,12,2,only_T10,200,0.004999999888241291,0.9399999976158142,-4.856836318969727,-0.972940981388092,1.4992485261288389,13.184715270996094
A,12,2,only_T100,200,0.0,1.0,-5.588113784790039,-0.6952307224273682,0.3111937379613811,13.184715270996094
A,12,2,only_lin,200,0.0,1.0,-5.636023998260498,-0.6972684264183044,0.1547925862993958,13.184715270996094
A,12,2,random_orth,200,0.0,1.0,-5.632388591766357,-0.7100242376327515,3.2211274180652354,13.184715270996094
A,12,2,real_diff_in_helix_subspace,200,0.5349999666213989,0.2449999898672104,-2.206176280975342,-3.2740306854248047,3.670532338972401,13.184715270996094
A,12,2,full_swap,200,0.9749999642372131,0.004999999888241291,-0.7661631107330322,-4.899360656738281,6.436882495880127,13.184715270996094
A,13,2,helix,200,0.6649999618530273,0.19499999284744263,-1.8145745992660522,-3.2622833251953125,3.3838382535032396,13.830982208251953
A,13,2,only_T2,200,0.0,1.0,-5.631794452667236,-0.705082356929779,0.0,13.830982208251953
A,13,2,only_T5,200,0.22499999403953552,0.45499998331069946,-3.264158248901367,-2.25510573387146,2.9869578701910973,13.830982208251953
A,13,2,only_T10,200,0.004999999888241291,0.9300000071525574,-4.819014549255371,-0.9963077902793884,1.5804875511375764,13.830982208251953
A,13,2,only_T100,200,0.0,1.0,-5.589075565338135,-0.6960691809654236,0.3361322194730384,13.830982208251953
A,13,2,only_lin,200,0.0,1.0,-5.634555339813232,-0.6966543197631836,0.1661935213289266,13.830982208251953
A,13,2,random_orth,200,0.0,1.0,-5.621194839477539,-0.7180396318435669,3.3838382535032396,13.830982208251953
A,13,2,real_diff_in_helix_subspace,200,0.5450000166893005,0.23999999463558197,-2.1541879177093506,-3.2953460216522217,3.913431378843391,13.830982208251953
A,13,2,full_swap,200,0.9749999642372131,0.004999999888241291,-0.7664201259613037,-4.895811557769775,6.785691738128662,13.830982208251953
A,14,2,helix,200,0.6499999761581421,0.19999998807907104,-1.8402783870697021,-3.2543187141418457,3.4238103765793735,14.766382217407227
A,14,2,only_T2,200,0.0,1.0,-5.631794452667236,-0.705082356929779,0.0,14.766382217407227
A,14,2,only_T5,200,0.22499999403953552,0.4650000035762787,-3.2821404933929443,-2.2465109825134277,3.010482875090842,14.766382217407227
A,14,2,only_T10,200,0.004999999888241291,0.9300000071525574,-4.817140579223633,-1.0057744979858398,1.6126004210081422,14.766382217407227
A,14,2,only_T100,200,0.0,1.0,-5.591575622558594,-0.6957894563674927,0.3477865375818062,14.766382217407227
A,14,2,only_lin,200,0.0,1.0,-5.633426189422607,-0.6977645754814148,0.17179411528383426,14.766382217407227
A,14,2,random_orth,200,0.0,1.0,-5.6315178871154785,-0.7034465670585632,3.4238103765793735,14.766382217407227
A,14,2,real_diff_in_helix_subspace,200,0.5399999618530273,0.26499998569488525,-2.199692726135254,-3.263633966445923,4.089220321574029,14.766382217407227
A,14,2,full_swap,200,0.9699999690055847,0.004999999888241291,-0.776576817035675,-4.873515605926514,6.999078273773193,14.766382217407227
A,15,2,helix,200,0.6499999761581421,0.20499999821186066,-1.8409430980682373,-3.277153968811035,3.5531154434692906,15.884812355041504
A,15,2,only_T2,200,0.0,1.0,-5.631794452667236,-0.705082356929779,0.0,15.884812355041504
A,15,2,only_T5,200,0.22999998927116394,0.44999998807907104,-3.2590115070343018,-2.284942150115967,3.1161230249997742,15.884812355041504
A,15,2,only_T10,200,0.004999999888241291,0.9199999570846558,-4.8024115562438965,-1.0259170532226562,1.6833545559138974,15.884812355041504
A,15,2,only_T100,200,0.0,1.0,-5.591922283172607,-0.6967988610267639,0.38930071416027884,15.884812355041504
A,15,2,only_lin,200,0.0,1.0,-5.63336181640625,-0.6964397430419922,0.19540571778464003,15.884812355041504
A,15,2,random_orth,200,0.0,1.0,-5.6561126708984375,-0.7176230549812317,3.5531154434692906,15.884812355041504
A,15,2,real_diff_in_helix_subspace,200,0.5349999666213989,0.25,-2.1995296478271484,-3.3016273975372314,4.228893606416184,15.884812355041504
A,15,2,full_swap,200,0.9699999690055847,0.004999999888241291,-0.773667573928833,-4.857628345489502,7.365689754486084,15.884812355041504
A,16,2,helix,200,0.7249999642372131,0.1550000011920929,-1.6432698965072632,-3.6665098667144775,4.236492535705782,17.298128128051758
A,16,2,only_T2,200,0.0,1.0,-5.631794452667236,-0.705082356929779,0.0,17.298128128051758
A,16,2,only_T5,200,0.3050000071525574,0.32499998807907104,-2.970195770263672,-2.6618120670318604,3.6502761408361097,17.298128128051758
A,16,2,only_T10,200,0.009999999776482582,0.8700000047683716,-4.578455448150635,-1.1839654445648193,2.099810657670319,17.298128128051758
A,16,2,only_T100,200,0.0,1.0,-5.590927600860596,-0.6952806115150452,0.4693007356013333,17.298128128051758
A,16,2,only_lin,200,0.0,1.0,-5.634681224822998,-0.6956565976142883,0.23001831424317332,17.298128128051758
A,16,2,random_orth,200,0.0,0.9950000047683716,-5.635168552398682,-0.7260271310806274,4.236492535705782,17.298128128051758
A,16,2,real_diff_in_helix_subspace,200,0.6399999856948853,0.1599999964237213,-1.8968414068222046,-3.642836809158325,4.838305571110986,17.298128128051758
A,16,2,full_swap,200,0.9699999690055847,0.004999999888241291,-0.76983243227005,-4.86957311630249,8.826992988586426,17.298128128051758
A,17,2,helix,200,0.675000011920929,0.1899999976158142,-1.8391259908676147,-3.2917418479919434,4.516831339419048,19.30615234375
A,17,2,only_T2,200,0.0,1.0,-5.631794452667236,-0.705082356929779,0.0,19.30615234375
A,17,2,only_T5,200,0.22499999403953552,0.4350000023841858,-3.1734936237335205,-2.3558919429779053,3.874368033216385,19.30615234375
A,17,2,only_T10,200,0.009999999776482582,0.8949999809265137,-4.6498332023620605,-1.085041880607605,2.2726686077991856,19.30615234375
A,17,2,only_T100,200,0.0,1.0,-5.593133449554443,-0.6973369717597961,0.5256319671361619,19.30615234375
A,17,2,only_lin,200,0.0,1.0,-5.635970115661621,-0.6987373232841492,0.25630861906717967,19.30615234375
A,17,2,random_orth,200,0.0,1.0,-5.62431526184082,-0.7152867913246155,4.516831339419047,19.30615234375
A,17,2,real_diff_in_helix_subspace,200,0.5849999785423279,0.22999998927116394,-2.087883710861206,-3.2450883388519287,5.147017146333654,19.30615234375
A,17,2,full_swap,200,0.9099999666213989,0.05999999865889549,-0.9576937556266785,-4.301189422607422,9.467453002929688,19.30615234375
A,18,2,helix,200,0.5600000023841858,0.3149999976158142,-2.259474515914917,-2.8830339908599854,4.790600622931845,21.271841049194336
A,18,2,only_T2,200,0.0,1.0,-5.631794452667236,-0.705082356929779,0.0,21.271841049194336
A,18,2,only_T5,200,0.19999998807907104,0.5249999761581421,-3.4557344913482666,-2.079547882080078,4.1249543408088245,21.271841049194336
A,18,2,only_T10,200,0.009999999776482582,0.9249999523162842,-4.773360252380371,-1.0045602321624756,2.392170528498627,21.271841049194336
A,18,2,only_T100,200,0.0,1.0,-5.590311050415039,-0.6974160671234131,0.5602432956989232,21.271841049194336
A,18,2,only_lin,200,0.0,1.0,-5.6355180740356445,-0.6983000636100769,0.2710305318007759,21.271841049194336
A,18,2,random_orth,200,0.0,1.0,-5.6355438232421875,-0.7160171270370483,4.790600622931846,21.271841049194336
A,18,2,real_diff_in_helix_subspace,200,0.4749999940395355,0.3499999940395355,-2.508324146270752,-2.822585105895996,5.450433401713062,21.271841049194336
A,18,2,full_swap,200,0.7699999809265137,0.17999999225139618,-1.4446755647659302,-3.6672749519348145,10.064043998718262,21.271841049194336
A,19,2,helix,200,0.004999999888241291,0.98499995470047,-5.16938591003418,-0.7743423581123352,5.284495743596505,23.1253604888916
A,19,2,only_T2,200,0.0,1.0,-5.631794452667236,-0.705082356929779,0.0,23.1253604888916
A,19,2,only_T5,200,0.0,1.0,-5.374351501464844,-0.755449116230011,4.573407306503217,23.1253604888916
A,19,2,only_T10,200,0.004999999888241291,0.9950000047683716,-5.490229606628418,-0.7176397442817688,2.6221154623370113,23.1253604888916
A,19,2,only_T100,200,0.0,1.0,-5.627925872802734,-0.7041113376617432,0.6287927638046508,23.1253604888916
A,19,2,only_lin,200,0.0,1.0,-5.62852668762207,-0.7033896446228027,0.31507714169468864,23.1253604888916
A,19,2,random_orth,200,0.0,1.0,-5.635181903839111,-0.7069159746170044,5.284495743596505,23.1253604888916
A,19,2,real_diff_in_helix_subspace,200,0.004999999888241291,0.98499995470047,-5.17612361907959,-0.772753119468689,6.039316651378636,23.1253604888916
A,19,2,full_swap,200,0.014999999664723873,0.9649999737739563,-4.810173034667969,-0.8538298010826111,10.963314056396484,23.1253604888916
A,20,2,helix,200,0.004999999888241291,0.98499995470047,-5.144920349121094,-0.7800374627113342,5.6899915566954435,24.911827087402344
A,20,2,only_T2,200,0.0,1.0,-5.631794452667236,-0.705082356929779,0.0,24.911827087402344
A,20,2,only_T5,200,0.0,0.9950000047683716,-5.363244533538818,-0.7582793831825256,4.934016100528713,24.911827087402344
A,20,2,only_T10,200,0.004999999888241291,0.9950000047683716,-5.481599807739258,-0.719306468963623,2.8088411301212046,24.911827087402344
A,20,2,only_T100,200,0.0,1.0,-5.627466678619385,-0.7039324641227722,0.6934526814882378,24.911827087402344
A,20,2,only_lin,200,0.0,1.0,-5.630268573760986,-0.7027572989463806,0.34686665260360755,24.911827087402344
A,20,2,random_orth,200,0.0,1.0,-5.634621620178223,-0.7044726610183716,5.6899915566954435,24.911827087402344
A,20,2,real_diff_in_helix_subspace,200,0.004999999888241291,0.9799999594688416,-5.155140399932861,-0.7812604904174805,6.445756311171452,24.911827087402344
A,20,2,full_swap,200,0.014999999664723873,0.9699999690055847,-4.797663688659668,-0.8626784086227417,11.862936973571777,24.911827087402344
A,21,2,helix,200,0.0,1.0,-5.587250709533691,-0.7112893462181091,5.8766906389273394,26.315046310424805
A,21,2,only_T2,200,0.0,1.0,-5.631794452667236,-0.705082356929779,0.0,26.315046310424805
A,21,2,only_T5,200,0.0,1.0,-5.616646766662598,-0.7126381397247314,5.089290832253873,26.315046310424805
A,21,2,only_T10,200,0.0,1.0,-5.614882469177246,-0.7027876973152161,2.9062863134255834,26.315046310424805
A,21,2,only_T100,200,0.0,1.0,-5.631430625915527,-0.7055748105049133,0.7424440588032359,26.315046310424805
A,21,2,only_lin,200,0.0,1.0,-5.631441116333008,-0.7036840915679932,0.3660330844397685,26.315046310424805
A,21,2,random_orth,200,0.0,1.0,-5.63491678237915,-0.7012516856193542,5.8766906389273394,26.315046310424805
A,21,2,real_diff_in_helix_subspace,200,0.0,1.0,-5.585599422454834,-0.7104862332344055,6.685360500328864,26.315046310424805
A,21,2,full_swap,200,0.0,1.0,-5.540324687957764,-0.714244544506073,12.437085151672363,26.315046310424805
A,22,2,helix,200,0.0,1.0,-5.58834171295166,-0.713600754737854,6.138419756798997,28.2166805267334
A,22,2,only_T2,200,0.0,1.0,-5.631794452667236,-0.705082356929779,0.0,28.2166805267334
A,22,2,only_T5,200,0.0,1.0,-5.618258953094482,-0.7135362029075623,5.31191253308493,28.2166805267334
A,22,2,only_T10,200,0.0,1.0,-5.615916728973389,-0.7050365805625916,3.035478339828761,28.2166805267334
A,22,2,only_T100,200,0.0,1.0,-5.631866455078125,-0.7049555778503418,0.8000979950360053,28.2166805267334
A,22,2,only_lin,200,0.0,1.0,-5.629998207092285,-0.7033670544624329,0.3963049234399212,28.2166805267334
A,22,2,random_orth,200,0.0,1.0,-5.635986328125,-0.7030116319656372,6.138419756798997,28.2166805267334
A,22,2,real_diff_in_helix_subspace,200,0.0,1.0,-5.5893425941467285,-0.7120451331138611,7.033495387256079,28.2166805267334
A,22,2,full_swap,200,0.0,1.0,-5.549670219421387,-0.7111414074897766,13.131584167480469,28.2166805267334
A,23,2,helix,200,0.0,1.0,-5.6204094886779785,-0.7080889940261841,6.4456415139070256,29.906450271606445
A,23,2,only_T2,200,0.0,1.0,-5.631794452667236,-0.705082356929779,0.0,29.906450271606445
A,23,2,only_T5,200,0.0,1.0,-5.630367755889893,-0.7076285481452942,5.577076012096166,29.906450271606445
A,23,2,only_T10,200,0.0,1.0,-5.624892234802246,-0.7051141262054443,3.1863292787733384,29.906450271606445
A,23,2,only_T100,200,0.0,1.0,-5.632763385772705,-0.7055492401123047,0.8462344149493604,29.906450271606445
A,23,2,only_lin,200,0.0,1.0,-5.632800102233887,-0.7048666477203369,0.4216498208846325,29.906450271606445
A,23,2,random_orth,200,0.0,1.0,-5.640303611755371,-0.7040232419967651,6.4456415139070256,29.906450271606445
A,23,2,real_diff_in_helix_subspace,200,0.0,1.0,-5.616291522979736,-0.7069692611694336,7.409615569683719,29.906450271606445
A,23,2,full_swap,200,0.0,1.0,-5.596133232116699,-0.7089274525642395,13.856310844421387,29.906450271606445
A,24,2,helix,200,0.0,1.0,-5.632458209991455,-0.7061434984207153,6.749599218440792,31.249038696289062
A,24,2,only_T2,200,0.0,1.0,-5.631794452667236,-0.705082356929779,0.0,31.249038696289062
A,24,2,only_T5,200,0.0,1.0,-5.633677959442139,-0.7054007649421692,5.859457980475019,31.249038696289062
A,24,2,only_T10,200,0.0,1.0,-5.6336259841918945,-0.7050825357437134,3.301279709558598,31.249038696289062
A,24,2,only_T100,200,0.0,1.0,-5.633752346038818,-0.7055051326751709,0.8822340452362673,31.249038696289062
A,24,2,only_lin,200,0.0,1.0,-5.631772518157959,-0.7049264311790466,0.44259276626106897,31.249038696289062
A,24,2,random_orth,200,0.0,1.0,-5.640555381774902,-0.703682541847229,6.749599218440792,31.249038696289062
A,24,2,real_diff_in_helix_subspace,200,0.0,1.0,-5.6331400871276855,-0.7049383521080017,7.750979549797625,31.249038696289062
A,24,2,full_swap,200,0.0,1.0,-5.637917518615723,-0.7038520574569702,14.548569679260254,31.249038696289062
A,25,2,helix,200,0.0,1.0,-5.633639812469482,-0.706109881401062,7.034868288824499,32.89341735839844
A,25,2,only_T2,200,0.0,1.0,-5.631794452667236,-0.705082356929779,0.0,32.89341735839844
A,25,2,only_T5,200,0.0,1.0,-5.635775566101074,-0.7051228284835815,6.105436849321247,32.89341735839844
A,25,2,only_T10,200,0.0,1.0,-5.634140968322754,-0.7059385776519775,3.4321890328718547,32.89341735839844
A,25,2,only_T100,200,0.0,1.0,-5.632481098175049,-0.7060087323188782,0.9317273291205196,32.89341735839844
A,25,2,only_lin,200,0.0,1.0,-5.630433082580566,-0.7045231461524963,0.4653429409377927,32.89341735839844
A,25,2,random_orth,200,0.0,1.0,-5.6309967041015625,-0.704174280166626,7.034868288824499,32.89341735839844
A,25,2,real_diff_in_helix_subspace,200,0.0,1.0,-5.635092735290527,-0.705623984336853,8.115626632746574,32.89341735839844
A,25,2,full_swap,200,0.0,1.0,-5.639023303985596,-0.7020891308784485,15.316546440124512,32.89341735839844
A,26,2,helix,200,0.0,1.0,-5.632880687713623,-0.7048314213752747,7.277425736167868,34.540035247802734
A,26,2,only_T2,200,0.0,1.0,-5.631794452667236,-0.705082356929779,0.0,34.540035247802734
A,26,2,only_T5,200,0.0,1.0,-5.6343231201171875,-0.7048421502113342,6.318354037381235,34.540035247802734
A,26,2,only_T10,200,0.0,1.0,-5.632331848144531,-0.706421971321106,3.548538829694314,34.540035247802734
A,26,2,only_T100,200,0.0,1.0,-5.632810115814209,-0.7054256200790405,0.9721889068918756,34.540035247802734
A,26,2,only_lin,200,0.0,1.0,-5.6323394775390625,-0.7042517066001892,0.48564537122293777,34.540035247802734
A,26,2,random_orth,200,0.0,1.0,-5.63598108291626,-0.7036330103874207,7.277425736167868,34.540035247802734
A,26,2,real_diff_in_helix_subspace,200,0.0,1.0,-5.63013219833374,-0.7044612765312195,8.449926913251609,34.540035247802734
A,26,2,full_swap,200,0.0,1.0,-5.637507915496826,-0.7007859349250793,15.95124626159668,34.540035247802734
A,27,2,helix,200,0.0,1.0,-5.633785247802734,-0.7036994695663452,7.588778812847218,37.229915618896484
A,27,2,only_T2,200,0.0,1.0,-5.631794452667236,-0.705082356929779,0.0,37.229915618896484
A,27,2,only_T5,200,0.0,1.0,-5.632095813751221,-0.70413738489151,6.586336652325943,37.229915618896484
A,27,2,only_T10,200,0.0,1.0,-5.633312702178955,-0.7051687240600586,3.7048095347125387,37.229915618896484
A,27,2,only_T100,200,0.0,1.0,-5.632111549377441,-0.7056054472923279,1.0198265184346016,37.229915618896484
A,27,2,only_lin,200,0.0,1.0,-5.633059501647949,-0.7050603032112122,0.5123843928949722,37.229915618896484
A,27,2,random_orth,200,0.0,1.0,-5.635359764099121,-0.7056443691253662,7.588778812847218,37.229915618896484
A,27,2,real_diff_in_helix_subspace,200,0.0,1.0,-5.630661964416504,-0.7035984396934509,8.854134178638372,37.229915618896484
A,27,2,full_swap,200,0.0,1.0,-5.631977558135986,-0.6997166275978088,16.729297637939453,37.229915618896484
A,28,2,helix,200,0.0,1.0,-5.633359909057617,-0.7043216824531555,7.818471417710214,39.59907150268555
A,28,2,only_T2,200,0.0,1.0,-5.631794452667236,-0.705082356929779,0.0,39.59907150268555
A,28,2,only_T5,200,0.0,1.0,-5.632164001464844,-0.7045274376869202,6.768152498298791,39.59907150268555
A,28,2,only_T10,200,0.0,1.0,-5.63428258895874,-0.7054950594902039,3.8491214210251394,39.59907150268555
A,28,2,only_T100,200,0.0,1.0,-5.633220672607422,-0.7053436040878296,1.0488035884624427,39.59907150268555
A,28,2,only_lin,200,0.0,1.0,-5.631330490112305,-0.7045415043830872,0.5301029878559096,39.59907150268555
A,28,2,random_orth,200,0.0,1.0,-5.634696006774902,-0.7063071131706238,7.818471417710214,39.59907150268555
A,28,2,real_diff_in_helix_subspace,200,0.0,1.0,-5.631105422973633,-0.7038035988807678,9.177878692910609,39.59907150268555
A,28,2,full_swap,200,0.0,1.0,-5.629443645477295,-0.7002179622650146,17.3507022857666,39.59907150268555
A,29,2,helix,200,0.0,1.0,-5.632668495178223,-0.703272819519043,8.095282311619846,43.168968200683594
A,29,2,only_T2,200,0.0,1.0,-5.631794452667236,-0.705082356929779,0.0,43.168968200683594
A,29,2,only_T5,200,0.0,1.0,-5.6315507888793945,-0.7039457559585571,7.004635184870009,43.168968200683594
A,29,2,only_T10,200,0.0,1.0,-5.634048938751221,-0.7052481174468994,3.989322222237418,43.168968200683594
A,29,2,only_T100,200,0.0,1.0,-5.632015228271484,-0.7054126858711243,1.0963426555614602,43.168968200683594
A,29,2,only_lin,200,0.0,1.0,-5.631412029266357,-0.7039704918861389,0.5566350245752083,43.168968200683594
A,29,2,random_orth,200,0.0,1.0,-5.631921291351318,-0.7048330307006836,8.095282311619844,43.168968200683594
A,29,2,real_diff_in_helix_subspace,200,0.0,1.0,-5.628171920776367,-0.7037091851234436,9.599188252408613,43.168968200683594
A,29,2,full_swap,200,0.0,1.0,-5.628977298736572,-0.7002347111701965,18.149648666381836,43.168968200683594
A,30,2,helix,200,0.0,1.0,-5.632375240325928,-0.7042716145515442,8.507961272509677,54.819339752197266
A,30,2,only_T2,200,0.0,1.0,-5.631794452667236,-0.705082356929779,0.0,54.819339752197266
A,30,2,only_T5,200,0.0,1.0,-5.63245964050293,-0.7048182487487793,7.372797625318911,54.819339752197266
A,30,2,only_T10,200,0.0,1.0,-5.634103775024414,-0.7054743766784668,4.172311334019349,54.819339752197266
A,30,2,only_T100,200,0.0,1.0,-5.632492542266846,-0.705028772354126,1.1541077601229892,54.819339752197266
A,30,2,only_lin,200,0.0,1.0,-5.631616592407227,-0.7045927047729492,0.5854374753974929,54.819339752197266
A,30,2,random_orth,200,0.0,1.0,-5.633059024810791,-0.7048975825309753,8.507961272509677,54.819339752197266
A,30,2,real_diff_in_helix_subspace,200,0.0,1.0,-5.631175994873047,-0.7045403718948364,10.256404388645697,54.819339752197266
A,30,2,full_swap,200,0.0,1.0,-5.63114595413208,-0.7015863656997681,19.30303192138672,54.819339752197266
A,31,2,helix,200,0.0,1.0,-5.631794452667236,-0.705082356929779,9.09089622116732,74.62588500976562
A,31,2,only_T2,200,0.0,1.0,-5.631794452667236,-0.705082356929779,0.0,74.62588500976562
A,31,2,only_T5,200,0.0,1.0,-5.631794452667236,-0.705082356929779,7.875024473163026,74.62588500976562
A,31,2,only_T10,200,0.0,1.0,-5.631794452667236,-0.705082356929779,4.44334720933937,74.62588500976562
A,31,2,only_T100,200,0.0,1.0,-5.631794452667236,-0.705082356929779,1.239209269134852,74.62588500976562
A,31,2,only_lin,200,0.0,1.0,-5.631794452667236,-0.705082356929779,0.63453926108882,74.62588500976562
A,31,2,random_orth,200,0.0,1.0,-5.631794452667236,-0.705082356929779,9.09089622116732,74.62588500976562
A,31,2,real_diff_in_helix_subspace,200,0.0,1.0,-5.631794452667236,-0.705082356929779,11.137872334344188,74.62588500976562
A,31,2,full_swap,200,0.0,1.0,-5.631794452667236,-0.705082356929779,20.86288833618164,74.62588500976562
A,0,5,helix,200,0.23999999463558197,0.054999999701976776,-3.3799612522125244,-4.830302715301514,2.021909704333126,4.592755317687988
A,0,5,only_T2,200,0.0,0.3449999988079071,-7.035851955413818,-2.3073575496673584,1.1436653533655579,4.592755317687988
A,0,5,only_T5,200,0.0,1.0,-7.946481704711914,-0.6911004781723022,2.183393078911033e-15,4.592755317687988
A,0,5,only_T10,200,0.009999999776482582,0.35499998927116394,-6.109871864318848,-2.8817834854125977,1.589213930003237,4.592755317687988
A,0,5,only_T100,200,0.0,0.9950000047683716,-7.764559268951416,-0.6889891624450684,0.4786373743015482,4.592755317687988
A,0,5,only_lin,200,0.0,0.9950000047683716,-7.963738441467285,-0.675688624382019,0.24163109532621893,4.592755317687988
A,0,5,random_orth,200,0.0,0.9950000047683716,-7.861894130706787,-0.703623354434967,2.021909704333126,4.592755317687988
A,0,5,real_diff_in_helix_subspace,200,0.16499999165534973,0.23499999940395355,-4.1372880935668945,-4.009700775146484,1.8371891716381064,4.592755317687988
A,0,5,full_swap,200,0.9599999785423279,0.0,-0.7919350862503052,-7.134605407714844,4.5306806564331055,4.592755317687988
A,1,5,helix,200,0.25999999046325684,0.054999999701976776,-3.3838939666748047,-4.816136837005615,1.999689765483765,5.246136665344238
A,1,5,only_T2,200,0.0,0.32999998331069946,-7.033152103424072,-2.3323264122009277,1.141472010923508,5.246136665344238
A,1,5,only_T5,200,0.0,1.0,-7.946481704711914,-0.6911004781723022,2.143960974890725e-15,5.246136665344238
A,1,5,only_T10,200,0.004999999888241291,0.3349999785423279,-6.113638877868652,-2.901691436767578,1.5614728411680658,5.246136665344238
A,1,5,only_T100,200,0.0,0.9950000047683716,-7.762048721313477,-0.6856561899185181,0.4720725726565243,5.246136665344238
A,1,5,only_lin,200,0.0,0.9950000047683716,-7.954964637756348,-0.6708150506019592,0.2482251736561043,5.246136665344238
A,1,5,random_orth,200,0.0,0.9950000047683716,-7.906014442443848,-0.7059435844421387,1.999689765483765,5.246136665344238
A,1,5,real_diff_in_helix_subspace,200,0.17499999701976776,0.19499999284744263,-3.9679365158081055,-4.103857040405273,1.8555559339801737,5.246136665344238
A,1,5,full_swap,200,0.9599999785423279,0.0,-0.7774694561958313,-7.118467807769775,4.435944080352783,5.246136665344238
A,2,5,helix,200,0.25999999046325684,0.04999999701976776,-3.3872625827789307,-4.827637672424316,2.0631915832319425,6.041229248046875
A,2,5,only_T2,200,0.0,0.3199999928474426,-7.025486946105957,-2.371537208557129,1.1886685679584,6.041229248046875
A,2,5,only_T5,200,0.0,1.0,-7.946481704711914,-0.6911004781723022,2.1996937975560653e-15,6.041229248046875
A,2,5,only_T10,200,0.0,0.3400000035762787,-6.122676849365234,-2.9193458557128906,1.6030106181430812,6.041229248046875
A,2,5,only_T100,200,0.0,0.9950000047683716,-7.761899471282959,-0.6889926195144653,0.4878562764317047,6.041229248046875
A,2,5,only_lin,200,0.0,1.0,-7.956210613250732,-0.671800971031189,0.26289001609929863,6.041229248046875
A,2,5,random_orth,200,0.0,0.9799999594688416,-7.8975653648376465,-0.7223214507102966,2.0631915832319425,6.041229248046875
A,2,5,real_diff_in_helix_subspace,200,0.19999998807907104,0.14000000059604645,-3.8326845169067383,-4.251133441925049,1.9465938952335478,6.041229248046875
A,2,5,full_swap,200,0.9799999594688416,0.0,-0.7730699181556702,-7.115067005157471,4.524878978729248,6.041229248046875
A,3,5,helix,200,0.25,0.06499999761581421,-3.4206066131591797,-4.793452262878418,2.2963509278694914,7.366057872772217
A,3,5,only_T2,200,0.0,0.3349999785423279,-7.020168304443359,-2.3602452278137207,1.2885734128279431,7.366057872772217
A,3,5,only_T5,200,0.0,1.0,-7.946481704711914,-0.6911004781723022,2.433558727663935e-15,7.366057872772217
A,3,5,only_T10,200,0.0,0.3400000035762787,-6.117186069488525,-2.9387218952178955,1.8075091723968963,7.366057872772217
A,3,5,only_T100,200,0.0,0.9950000047683716,-7.754161357879639,-0.6895712614059448,0.5417119863895645,7.366057872772217
A,3,5,only_lin,200,0.0,1.0,-7.959231376647949,-0.6734786629676819,0.28875005283175853,7.366057872772217
A,3,5,random_orth,200,0.0,0.9950000047683716,-7.965176105499268,-0.7000399827957153,2.296350927869491,7.366057872772217
A,3,5,real_diff_in_helix_subspace,200,0.23499999940395355,0.0949999988079071,-3.6582493782043457,-4.448541641235352,2.2349731793133394,7.366057872772217
A,3,5,full_swap,200,0.9699999690055847,0.0,-0.7685719728469849,-7.102199554443359,4.919433116912842,7.366057872772217
A,4,5,helix,200,0.25999999046325684,0.06499999761581421,-3.441624402999878,-4.747387886047363,2.385563288451063,8.392297744750977
A,4,5,only_T2,200,0.0,0.3349999785423279,-7.032011032104492,-2.3385441303253174,1.3231268665654792,8.392297744750977
A,4,5,only_T5,200,0.0,1.0,-7.946481704711914,-0.6911004781723022,2.5537181854398936e-15,8.392297744750977
A,4,5,only_T10,200,0.0,0.3499999940395355,-6.1386590003967285,-2.9066836833953857,1.8804505926946695,8.392297744750977
A,4,5,only_T100,200,0.0,0.9950000047683716,-7.762650966644287,-0.686482846736908,0.5774339310235541,8.392297744750977
A,4,5,only_lin,200,0.0,0.9950000047683716,-7.960307598114014,-0.6707690954208374,0.31591288486336266,8.392297744750977
A,4,5,random_orth,200,0.0,0.9950000047683716,-7.934998512268066,-0.7002133131027222,2.385563288451063,8.392297744750977
A,4,5,real_diff_in_helix_subspace,200,0.2449999898672104,0.09999999403953552,-3.669072151184082,-4.43557071685791,2.3536088264261323,8.392297744750977
A,4,5,full_swap,200,0.9649999737739563,0.0,-0.7762144207954407,-7.042532920837402,5.1469197273254395,8.392297744750977
A,5,5,helix,200,0.2449999898672104,0.07499999552965164,-3.473708391189575,-4.69230318069458,2.503426175509044,9.376290321350098
A,5,5,only_T2,200,0.0,0.35999998450279236,-7.053248882293701,-2.283149003982544,1.393584229721053,9.376290321350098
A,5,5,only_T5,200,0.0,1.0,-7.946481704711914,-0.6911004781723022,2.7276244274056707e-15,9.376290321350098
A,5,5,only_T10,200,0.0,0.3649999797344208,-6.161052703857422,-2.8787713050842285,1.9641443534105292,9.376290321350098
A,5,5,only_T100,200,0.0,0.9950000047683716,-7.7584147453308105,-0.6884124875068665,0.6149610264662616,9.376290321350098
A,5,5,only_lin,200,0.0,1.0,-7.956984519958496,-0.6720478534698486,0.34488486317101924,9.376290321350098
A,5,5,random_orth,200,0.0,0.9950000047683716,-7.9283127784729,-0.6941112875938416,2.503426175509044,9.376290321350098
A,5,5,real_diff_in_helix_subspace,200,0.2149999886751175,0.10499999672174454,-3.7114107608795166,-4.41705322265625,2.5177849241821146,9.376290321350098
A,5,5,full_swap,200,0.9599999785423279,0.0,-0.7931584119796753,-6.990567684173584,5.3978495597839355,9.376290321350098
A,6,5,helix,200,0.2549999952316284,0.07000000029802322,-3.457249164581299,-4.709478855133057,2.6482931005903456,10.486738204956055
A,6,5,only_T2,200,0.0,0.3649999797344208,-7.054369926452637,-2.2629892826080322,1.5610611271503814,10.486738204956055
A,6,5,only_T5,200,0.0,1.0,-7.946481704711914,-0.6911004781723022,2.9465451108890484e-15,10.486738204956055
A,6,5,only_T10,200,0.0,0.35999998450279236,-6.140596389770508,-2.920133352279663,2.009472600624027,10.486738204956055
A,6,5,only_T100,200,0.0,0.9950000047683716,-7.755454063415527,-0.6904281377792358,0.6628513918053938,10.486738204956055
A,6,5,only_lin,200,0.0,1.0,-7.952488899230957,-0.6724218726158142,0.36514750245489935,10.486738204956055
A,6,5,random_orth,200,0.0,1.0,-7.929249286651611,-0.6906623840332031,2.6482931005903465,10.486738204956055
A,6,5,real_diff_in_helix_subspace,200,0.2199999988079071,0.10999999940395355,-3.6964824199676514,-4.46122407913208,2.746406189071506,10.486738204956055
A,6,5,full_swap,200,0.9599999785423279,0.0,-0.7948710322380066,-6.99141788482666,5.649943828582764,10.486738204956055
A,7,5,helix,200,0.25,0.07000000029802322,-3.4674253463745117,-4.700112819671631,2.6847783441326807,11.003438949584961
A,7,5,only_T2,200,0.0,0.3799999952316284,-7.055065155029297,-2.253199815750122,1.5831395144392644,11.003438949584961
A,7,5,only_T5,200,0.0,1.0,-7.946481704711914,-0.6911004781723022,3.0230273165769872e-15,11.003438949584961
A,7,5,only_T10,200,0.0,0.3449999988079071,-6.129173278808594,-2.938636302947998,2.0330789235025377,11.003438949584961
A,7,5,only_T100,200,0.0,1.0,-7.755671977996826,-0.6886156797409058,0.6928996062441212,11.003438949584961
A,7,5,only_lin,200,0.0,1.0,-7.95606803894043,-0.6701487302780151,0.3668394380592696,11.003438949584961
A,7,5,random_orth,200,0.0,0.9950000047683716,-7.934372901916504,-0.6980946063995361,2.6847783441326807,11.003438949584961
A,7,5,real_diff_in_helix_subspace,200,0.23499999940395355,0.08500000089406967,-3.6643929481506348,-4.4610371589660645,2.8053105751910175,11.003438949584961
A,7,5,full_swap,200,0.9599999785423279,0.0,-0.8053044676780701,-6.977030277252197,5.7270121574401855,11.003438949584961
A,8,5,helix,200,0.23499999940395355,0.07499999552965164,-3.4817235469818115,-4.696653842926025,2.7807014589617656,11.589181900024414
A,8,5,only_T2,200,0.0,0.375,-7.055655479431152,-2.257887601852417,1.6493817478097401,11.589181900024414
A,8,5,only_T5,200,0.0,1.0,-7.946481704711914,-0.6911004781723022,3.2620022223079595e-15,11.589181900024414
A,8,5,only_T10,200,0.0,0.3499999940395355,-6.129573822021484,-2.9402403831481934,2.0985573358738434,11.589181900024414
A,8,5,only_T100,200,0.0,1.0,-7.752623081207275,-0.6887682676315308,0.7159232861178689,11.589181900024414
A,8,5,only_lin,200,0.0,1.0,-7.954946517944336,-0.6672230362892151,0.3802003670162078,11.589181900024414
A,8,5,random_orth,200,0.0,0.9899999499320984,-7.922516822814941,-0.6954618692398071,2.7807014589617656,11.589181900024414
A,8,5,real_diff_in_helix_subspace,200,0.2199999988079071,0.08999999612569809,-3.665297269821167,-4.50212287902832,2.9619438777196865,11.589181900024414
A,8,5,full_swap,200,0.9599999785423279,0.0,-0.8309779763221741,-6.932606220245361,5.940397262573242,11.589181900024414
A,9,5,helix,200,0.23499999940395355,0.07000000029802322,-3.4848523139953613,-4.70337438583374,2.793457785091615,11.920992851257324
A,9,5,only_T2,200,0.0,0.3700000047683716,-7.059415817260742,-2.2580816745758057,1.6665662967323938,11.920992851257324
A,9,5,only_T5,200,0.0,1.0,-7.946481704711914,-0.6911004781723022,3.4053878417372665e-15,11.920992851257324
A,9,5,only_T10,200,0.0,0.3449999988079071,-6.12788200378418,-2.978107213973999,2.1038529743894903,11.920992851257324
A,9,5,only_T100,200,0.0,0.9950000047683716,-7.748155117034912,-0.6892654895782471,0.7167158369681794,11.920992851257324
A,9,5,only_lin,200,0.0,1.0,-7.952736854553223,-0.666274905204773,0.37337531031853305,11.920992851257324
A,9,5,random_orth,200,0.0,0.9899999499320984,-7.92471170425415,-0.7041492462158203,2.793457785091615,11.920992851257324
A,9,5,real_diff_in_helix_subspace,200,0.22499999403953552,0.08999999612569809,-3.741654634475708,-4.505340099334717,3.0473875519163958,11.920992851257324
A,9,5,full_swap,200,0.9549999833106995,0.0,-0.8268261551856995,-6.93486213684082,6.011077880859375,11.920992851257324
A,10,5,helix,200,0.25,0.08500000089406967,-3.465275526046753,-4.721278667449951,2.91470154199073,12.503308296203613
A,10,5,only_T2,200,0.0,0.3649999797344208,-7.055113315582275,-2.298466920852661,1.7451279813696556,12.503308296203613
A,10,5,only_T5,200,0.0,1.0,-7.946481704711914,-0.6911004781723022,3.590928582075968e-15,12.503308296203613
A,10,5,only_T10,200,0.0,0.32999998331069946,-6.110604286193848,-3.0359818935394287,2.195504492037986,12.503308296203613
A,10,5,only_T100,200,0.0,0.9950000047683716,-7.748716354370117,-0.6891643404960632,0.7237516670743986,12.503308296203613
A,10,5,only_lin,200,0.0,1.0,-7.954143047332764,-0.6682788729667664,0.3828851856932873,12.503308296203613
A,10,5,random_orth,200,0.0,0.9950000047683716,-7.92920446395874,-0.6965672373771667,2.91470154199073,12.503308296203613
A,10,5,real_diff_in_helix_subspace,200,0.22499999403953552,0.0949999988079071,-3.8084514141082764,-4.530123710632324,3.258188228257434,12.503308296203613
A,10,5,full_swap,200,0.949999988079071,0.0,-0.8330869674682617,-6.933866024017334,6.233382701873779,12.503308296203613
A,11,5,helix,200,0.22999998927116394,0.07999999821186066,-3.444300651550293,-4.725160598754883,3.0948796235815066,12.946598052978516
A,11,5,only_T2,200,0.0,0.35499998927116394,-7.045110702514648,-2.344785451889038,1.8576840815440017,12.946598052978516
A,11,5,only_T5,200,0.0,1.0,-7.946481704711914,-0.6911004781723022,3.872057562435255e-15,12.946598052978516
A,11,5,only_T10,200,0.0,0.3100000023841858,-6.073948860168457,-3.111156940460205,2.3328883583691713,12.946598052978516
A,11,5,only_T100,200,0.0,0.9950000047683716,-7.74730920791626,-0.689307689666748,0.7428397354968009,12.946598052978516
A,11,5,only_lin,200,0.0,1.0,-7.954688549041748,-0.6689760684967041,0.3887235357238884,12.946598052978516
A,11,5,random_orth,200,0.0,1.0,-7.930509090423584,-0.7022234797477722,3.0948796235815066,12.946598052978516
A,11,5,real_diff_in_helix_subspace,200,0.2149999886751175,0.09999999403953552,-3.788039445877075,-4.526183605194092,3.541219483814185,12.946598052978516
A,11,5,full_swap,200,0.9549999833106995,0.0,-0.8355214595794678,-6.93700647354126,6.507987022399902,12.946598052978516
A,12,5,helix,200,0.25999999046325684,0.07999999821186066,-3.379916191101074,-4.7434000968933105,3.3623761818701006,13.1592378616333
A,12,5,only_T2,200,0.0,0.2800000011920929,-7.031347274780273,-2.3666319847106934,2.026900507663388,13.1592378616333
A,12,5,only_T5,200,0.0,1.0,-7.946481704711914,-0.6911004781723022,4.1852161214407106e-15,13.1592378616333
A,12,5,only_T10,200,0.0,0.2750000059604645,-6.002693176269531,-3.2279772758483887,2.558508583488603,13.1592378616333
A,12,5,only_T100,200,0.0,0.9950000047683716,-7.747375965118408,-0.6895246505737305,0.7605577213510623,13.1592378616333
A,12,5,only_lin,200,0.0,0.9950000047683716,-7.95377779006958,-0.6727080941200256,0.3869814657484897,13.1592378616333
A,12,5,random_orth,200,0.0,0.9899999499320984,-7.933993339538574,-0.6977872848510742,3.3623761818701006,13.1592378616333
A,12,5,real_diff_in_helix_subspace,200,0.22499999403953552,0.08999999612569809,-3.6686172485351562,-4.611705303192139,3.841446831318757,13.1592378616333
A,12,5,full_swap,200,0.9549999833106995,0.0,-0.834682285785675,-6.940859317779541,6.8512725830078125,13.1592378616333
A,13,5,helix,200,0.26999998092651367,0.07000000029802322,-3.371873140335083,-4.730936050415039,3.5315838550235163,13.826372146606445
A,13,5,only_T2,200,0.0,0.2750000059604645,-7.025958061218262,-2.3775386810302734,2.1034481205184115,13.826372146606445
A,13,5,only_T5,200,0.0,1.0,-7.946481704711914,-0.6911004781723022,4.378007869397569e-15,13.826372146606445
A,13,5,only_T10,200,0.0,0.2849999964237213,-5.985851287841797,-3.2214622497558594,2.694327946219685,13.826372146606445
A,13,5,only_T100,200,0.0,0.9899999499320984,-7.74043083190918,-0.6911376714706421,0.8201952137175639,13.826372146606445
A,13,5,only_lin,200,0.0,1.0,-7.953954696655273,-0.6724486351013184,0.4154838033223165,13.826372146606445
A,13,5,random_orth,200,0.0,0.9950000047683716,-7.927190780639648,-0.7040212750434875,3.5315838550235163,13.826372146606445
A,13,5,real_diff_in_helix_subspace,200,0.2149999886751175,0.08999999612569809,-3.654674530029297,-4.637767314910889,4.142929927072466,13.826372146606445
A,13,5,full_swap,200,0.9599999785423279,0.0,-0.8365653157234192,-6.937995910644531,7.302008628845215,13.826372146606445
A,14,5,helix,200,0.2549999952316284,0.07499999552965164,-3.385748863220215,-4.7158989906311035,3.6264881144064702,14.740179061889648
A,14,5,only_T2,200,0.0,0.2750000059604645,-7.043067932128906,-2.3204519748687744,2.1738805190989474,14.740179061889648
A,14,5,only_T5,200,0.0,1.0,-7.946481704711914,-0.6911004781723022,4.400509346032683e-15,14.740179061889648
A,14,5,only_T10,200,0.0,0.28999999165534973,-5.980954647064209,-3.240460157394409,2.749562621474787,14.740179061889648
A,14,5,only_T100,200,0.0,0.9899999499320984,-7.737486839294434,-0.6934537887573242,0.8484930805418286,14.740179061889648
A,14,5,only_lin,200,0.0,1.0,-7.954397201538086,-0.6718630790710449,0.42948528820958565,14.740179061889648
A,14,5,random_orth,200,0.0,1.0,-7.93792200088501,-0.693314790725708,3.6264881144064707,14.740179061889648
A,14,5,real_diff_in_helix_subspace,200,0.19999998807907104,0.08999999612569809,-3.6911168098449707,-4.715707778930664,4.4313477082202875,14.740179061889648
A,14,5,full_swap,200,0.949999988079071,0.004999999888241291,-0.8490040302276611,-6.909570693969727,7.608951568603516,14.740179061889648
A,15,5,helix,200,0.26999998092651367,0.07499999552965164,-3.353825330734253,-4.722375392913818,3.7841072472513555,15.890159606933594
A,15,5,only_T2,200,0.0,0.29499998688697815,-7.040175437927246,-2.314945936203003,2.233108934433169,15.890159606933594
A,15,5,only_T5,200,0.0,1.0,-7.946481704711914,-0.6911004781723022,4.548459437562951e-15,15.890159606933594
A,15,5,only_T10,200,0.0,0.26499998569488525,-5.964799880981445,-3.2738614082336426,2.8700749241538235,15.890159606933594
A,15,5,only_T100,200,0.0,0.9950000047683716,-7.729573726654053,-0.6965169310569763,0.94939299212718,15.890159606933594
A,15,5,only_lin,200,0.0,0.9950000047683716,-7.945334434509277,-0.6740406155586243,0.4885142944616003,15.890159606933594
A,15,5,random_orth,200,0.0,1.0,-7.9239501953125,-0.7037010192871094,3.7841072472513546,15.890159606933594
A,15,5,real_diff_in_helix_subspace,200,0.2199999988079071,0.07999999821186066,-3.6907036304473877,-4.750347137451172,4.641809168691045,15.890159606933594
A,15,5,full_swap,200,0.9399999976158142,0.004999999888241291,-0.8451632261276245,-6.896976947784424,8.054045677185059,15.890159606933594
A,16,5,helix,200,0.2800000011920929,0.07000000029802322,-3.20485520362854,-4.903685569763184,4.59989727798457,17.291669845581055
A,16,5,only_T2,200,0.0,0.20499999821186066,-7.031803607940674,-2.576678514480591,2.6026737571621266,17.291669845581055
A,16,5,only_T5,200,0.0,1.0,-7.946481704711914,-0.6911004781723022,5.312976611258971e-15,17.291669845581055
A,16,5,only_T10,200,0.0,0.16499999165534973,-5.730424880981445,-3.844536066055298,3.5801638158358013,17.291669845581055
A,16,5,only_T100,200,0.0,0.9899999499320984,-7.724271297454834,-0.6965199112892151,1.1443719285968073,17.291669845581055
A,16,5,only_lin,200,0.0,1.0,-7.944637298583984,-0.6706710457801819,0.5750457856079335,17.291669845581055
A,16,5,random_orth,200,0.0,1.0,-7.933749675750732,-0.6958895921707153,4.59989727798457,17.291669845581055
A,16,5,real_diff_in_helix_subspace,200,0.2549999952316284,0.07499999552965164,-3.41747784614563,-4.90214204788208,5.340725613283113,17.291669845581055
A,16,5,full_swap,200,0.9399999976158142,0.004999999888241291,-0.838948667049408,-6.907164096832275,9.700652122497559,17.291669845581055
A,17,5,helix,200,0.2199999988079071,0.0949999988079071,-3.4237561225891113,-4.488058090209961,4.968053677954364,19.30739974975586
A,17,5,only_T2,200,0.0,0.2849999964237213,-7.078726768493652,-2.267942190170288,2.7784344895964947,19.30739974975586
A,17,5,only_T5,200,0.0,1.0,-7.946481704711914,-0.6911004781723022,5.6383711016257e-15,19.30739974975586
A,17,5,only_T10,200,0.0,0.22999998927116394,-5.820005416870117,-3.4340593814849854,3.8741162983998594,19.30739974975586
A,17,5,only_T100,200,0.0,0.9899999499320984,-7.744473934173584,-0.6947217583656311,1.2837641750954083,19.30739974975586
A,17,5,only_lin,200,0.0,0.9950000047683716,-7.953169345855713,-0.6773104071617126,0.6407715476679493,19.30739974975586
A,17,5,random_orth,200,0.0,0.9950000047683716,-7.924683570861816,-0.7057746648788452,4.968053677954364,19.30739974975586
A,17,5,real_diff_in_helix_subspace,200,0.22499999403953552,0.11499999463558197,-3.713850736618042,-4.459090709686279,5.775062532199303,19.30739974975586
A,17,5,full_swap,200,0.875,0.03999999910593033,-1.135803461074829,-6.260749340057373,10.561534881591797,19.30739974975586
A,18,5,helix,200,0.16499999165534973,0.19499999284744263,-4.023941993713379,-3.807209014892578,5.214232871536694,21.335203170776367
A,18,5,only_T2,200,0.0,0.41999998688697815,-7.182375907897949,-1.9389148950576782,2.894953340945762,21.335203170776367
A,18,5,only_T5,200,0.0,1.0,-7.946481704711914,-0.6911004781723022,6.004856475185757e-15,21.335203170776367
A,18,5,only_T10,200,0.004999999888241291,0.38999998569488525,-6.118973255157471,-2.849475860595703,4.077635842761845,21.335203170776367
A,18,5,only_T100,200,0.0,0.9899999499320984,-7.755454063415527,-0.6948049068450928,1.3668385404536445,21.335203170776367
A,18,5,only_lin,200,0.0,0.9950000047683716,-7.951634407043457,-0.6780404448509216,0.6775763295019399,21.335203170776367
A,18,5,random_orth,200,0.0,1.0,-7.916712284088135,-0.7035081386566162,5.214232871536694,21.335203170776367
A,18,5,real_diff_in_helix_subspace,200,0.14999999105930328,0.2449999898672104,-4.312990188598633,-3.8177103996276855,6.124082851058232,21.335203170776367
A,18,5,full_swap,200,0.7249999642372131,0.09999999403953552,-1.934798240661621,-5.31728458404541,11.233556747436523,21.335203170776367
A,19,5,helix,200,0.0,0.98499995470047,-7.520782470703125,-0.7912834286689758,5.707687659291282,23.235239028930664
A,19,5,only_T2,200,0.0,1.0,-7.872654914855957,-0.7069841027259827,3.1240767052094647,23.235239028930664
A,19,5,only_T5,200,0.0,1.0,-7.946481704711914,-0.6911004781723022,6.6400499622818554e-15,23.235239028930664
A,19,5,only_T10,200,0.0,0.98499995470047,-7.68070125579834,-0.7759695053100586,4.472523217643089,23.235239028930664
A,19,5,only_T100,200,0.0,0.9950000047683716,-7.913814544677734,-0.6920855641365051,1.5308038263006958,23.235239028930664
A,19,5,only_lin,200,0.0,1.0,-7.933884143829346,-0.6875807642936707,0.787692854236722,23.235239028930664
A,19,5,random_orth,200,0.0,1.0,-7.936631679534912,-0.6926906704902649,5.707687659291282,23.235239028930664
A,19,5,real_diff_in_helix_subspace,200,0.0,0.9799999594688416,-7.538653373718262,-0.7921623587608337,6.75690358344852,23.235239028930664
A,19,5,full_swap,200,0.009999999776482582,0.9549999833106995,-6.990827560424805,-0.8881844878196716,12.19472885131836,23.235239028930664
A,20,5,helix,200,0.0,0.98499995470047,-7.497109413146973,-0.796848714351654,6.142784762841252,25.04562759399414
A,20,5,only_T2,200,0.0,0.9950000047683716,-7.865969181060791,-0.7096959352493286,3.359893346941299,25.04562759399414
A,20,5,only_T5,200,0.0,1.0,-7.946481704711914,-0.6911004781723022,7.173188395039544e-15,25.04562759399414
A,20,5,only_T10,200,0.0,0.98499995470047,-7.66881799697876,-0.7818605899810791,4.789606003419658,25.04562759399414
A,20,5,only_T100,200,0.0,0.9950000047683716,-7.913474082946777,-0.689155638217926,1.687119673067353,25.04562759399414
A,20,5,only_lin,200,0.0,1.0,-7.934988021850586,-0.6872941255569458,0.8671666315090188,25.04562759399414
A,20,5,random_orth,200,0.0,0.9950000047683716,-7.952280044555664,-0.6936424374580383,6.142784762841253,25.04562759399414
A,20,5,real_diff_in_helix_subspace,200,0.0,0.9799999594688416,-7.506308555603027,-0.802987813949585,7.236410112855883,25.04562759399414
A,20,5,full_swap,200,0.009999999776482582,0.9599999785423279,-6.9926347732543945,-0.8921645879745483,13.207347869873047,25.04562759399414
A,21,5,helix,200,0.0,0.9950000047683716,-7.900814056396484,-0.6967798471450806,6.378190599092116,26.477313995361328
A,21,5,only_T2,200,0.0,1.0,-7.949293613433838,-0.6968858242034912,3.481025922226728,26.477313995361328
A,21,5,only_T5,200,0.0,1.0,-7.946481704711914,-0.6911004781723022,7.415814654045977e-15,26.477313995361328
A,21,5,only_T10,200,0.0,0.9950000047683716,-7.91972017288208,-0.6943836808204651,4.95576310689372,26.477313995361328
A,21,5,only_T100,200,0.0,1.0,-7.933233261108398,-0.6922885179519653,1.8027832109480664,26.477313995361328
A,21,5,only_lin,200,0.0,1.0,-7.936077117919922,-0.688292920589447,0.9150827110994214,26.477313995361328
A,21,5,random_orth,200,0.0,1.0,-7.9485697746276855,-0.6881226897239685,6.378190599092116,26.477313995361328
A,21,5,real_diff_in_helix_subspace,200,0.0,1.0,-7.8961310386657715,-0.6946834921836853,7.564965566774688,26.477313995361328
A,21,5,full_swap,200,0.0,0.9950000047683716,-7.799957275390625,-0.6940545439720154,13.885285377502441,26.477313995361328
A,22,5,helix,200,0.0,0.9950000047683716,-7.906126499176025,-0.69429612159729,6.687428969687374,28.379467010498047
A,22,5,only_T2,200,0.0,1.0,-7.949696063995361,-0.695513129234314,3.637831315964429,28.379467010498047
A,22,5,only_T5,200,0.0,1.0,-7.946481704711914,-0.6911004781723022,7.752053007874182e-15,28.379467010498047
A,22,5,only_T10,200,0.0,0.9950000047683716,-7.927692890167236,-0.6938340663909912,5.175591087917378,28.379467010498047
A,22,5,only_T100,200,0.0,1.0,-7.934806823730469,-0.6902123093605042,1.9396118541076734,28.379467010498047
A,22,5,only_lin,200,0.0,1.0,-7.9356536865234375,-0.6890569925308228,0.9907623085998033,28.379467010498047
A,22,5,random_orth,200,0.0,1.0,-7.953367710113525,-0.6891792416572571,6.6874289696873745,28.379467010498047
A,22,5,real_diff_in_helix_subspace,200,0.0,0.9950000047683716,-7.905416011810303,-0.6922372579574585,8.02232098639868,28.379467010498047
A,22,5,full_swap,200,0.0,0.9950000047683716,-7.822521686553955,-0.6881415247917175,14.698779106140137,28.379467010498047
A,23,5,helix,200,0.0,0.9950000047683716,-7.930490493774414,-0.696476399898529,7.067682340451943,30.0904541015625
A,23,5,only_T2,200,0.0,1.0,-7.948300838470459,-0.6950758099555969,3.892219390509248,30.0904541015625
A,23,5,only_T5,200,0.0,1.0,-7.946481704711914,-0.6911004781723022,8.145383118725155e-15,30.0904541015625
A,23,5,only_T10,200,0.0,0.9950000047683716,-7.937173366546631,-0.6930407285690308,5.433574735559253,30.0904541015625
A,23,5,only_T100,200,0.0,1.0,-7.93920373916626,-0.6933007836341858,2.048628121045925,30.0904541015625
A,23,5,only_lin,200,0.0,1.0,-7.942259788513184,-0.6903035044670105,1.0541245522115814,30.0904541015625
A,23,5,random_orth,200,0.0,1.0,-7.950636863708496,-0.6900719404220581,7.067682340451942,30.0904541015625
A,23,5,real_diff_in_helix_subspace,200,0.0,0.9950000047683716,-7.930685043334961,-0.6960321068763733,8.517683241156995,30.0904541015625
A,23,5,full_swap,200,0.0,0.9950000047683716,-7.881688594818115,-0.6916100978851318,15.561347961425781,30.0904541015625
A,24,5,helix,200,0.0,0.9950000047683716,-7.93944787979126,-0.6908153295516968,7.332727725464692,31.439857482910156
A,24,5,only_T2,200,0.0,1.0,-7.948658466339111,-0.69240802526474,4.0325097881639484,31.439857482910156
A,24,5,only_T5,200,0.0,1.0,-7.946481704711914,-0.6911004781723022,8.56490794543186e-15,31.439857482910156
A,24,5,only_T10,200,0.0,1.0,-7.948626518249512,-0.6900559663772583,5.630202381620149,31.439857482910156
A,24,5,only_T100,200,0.0,1.0,-7.941616058349609,-0.6923153400421143,2.1352045154627364,31.439857482910156
A,24,5,only_lin,200,0.0,0.9950000047683716,-7.941762924194336,-0.6896942257881165,1.1064819156526726,31.439857482910156
A,24,5,random_orth,200,0.0,0.9950000047683716,-7.952844142913818,-0.6919360160827637,7.332727725464692,31.439857482910156
A,24,5,real_diff_in_helix_subspace,200,0.0,0.9950000047683716,-7.939625263214111,-0.6898000836372375,8.877974443351441,31.439857482910156
A,24,5,full_swap,200,0.0,1.0,-7.919578552246094,-0.6826052665710449,16.308162689208984,31.439857482910156
A,25,5,helix,200,0.0,1.0,-7.934930324554443,-0.6902620792388916,7.656171061204457,33.08671569824219
A,25,5,only_T2,200,0.0,1.0,-7.944698333740234,-0.6929512619972229,4.222865888577102,33.08671569824219
A,25,5,only_T5,200,0.0,1.0,-7.946481704711914,-0.6911004781723022,8.930167144455924e-15,33.08671569824219
A,25,5,only_T10,200,0.0,1.0,-7.948781967163086,-0.6902393698692322,5.854385905906188,33.08671569824219
A,25,5,only_T100,200,0.0,0.9950000047683716,-7.943395614624023,-0.691945493221283,2.252689832258442,33.08671569824219
A,25,5,only_lin,200,0.0,0.9950000047683716,-7.939725399017334,-0.6902586221694946,1.1633573523444822,33.08671569824219
A,25,5,random_orth,200,0.0,1.0,-7.951236248016357,-0.6911558508872986,7.656171061204458,33.08671569824219
A,25,5,real_diff_in_helix_subspace,200,0.0,1.0,-7.940007209777832,-0.6883633136749268,9.338665418892644,33.08671569824219
A,25,5,full_swap,200,0.0,0.9950000047683716,-7.919770240783691,-0.68365478515625,17.188833236694336,33.08671569824219
A,26,5,helix,200,0.0,1.0,-7.936927795410156,-0.6879788041114807,7.9231261535457,34.70619583129883
A,26,5,only_T2,200,0.0,1.0,-7.943005084991455,-0.6921002268791199,4.366397068033726,34.70619583129883
A,26,5,only_T5,200,0.0,1.0,-7.946481704711914,-0.6911004781723022,9.245674116654092e-15,34.70619583129883
A,26,5,only_T10,200,0.0,1.0,-7.948451995849609,-0.6897167563438416,6.052832900843821,34.70619583129883
A,26,5,only_T100,200,0.0,1.0,-7.942121505737305,-0.6908251643180847,2.349597909369562,34.70619583129883
A,26,5,only_lin,200,0.0,1.0,-7.941678524017334,-0.6902207732200623,1.2141134280573447,34.70619583129883
A,26,5,random_orth,200,0.0,1.0,-7.947072505950928,-0.6900831460952759,7.9231261535457,34.70619583129883
A,26,5,real_diff_in_helix_subspace,200,0.0,1.0,-7.937714099884033,-0.6858245730400085,9.714192263964176,34.70619583129883
A,26,5,full_swap,200,0.0,1.0,-7.925237655639648,-0.6842510104179382,17.898082733154297,34.70619583129883
A,27,5,helix,200,0.0,1.0,-7.943831443786621,-0.6877309083938599,8.270577302767313,37.382694244384766
A,27,5,only_T2,200,0.0,1.0,-7.947405815124512,-0.6919565200805664,4.54255598630251,37.382694244384766
A,27,5,only_T5,200,0.0,1.0,-7.946481704711914,-0.6911004781723022,9.653697471935347e-15,37.382694244384766
A,27,5,only_T10,200,0.0,1.0,-7.946182727813721,-0.6909034848213196,6.317710326777789,37.382694244384766
A,27,5,only_T100,200,0.0,0.9950000047683716,-7.943439960479736,-0.6912351846694946,2.465008429467834,37.382694244384766
A,27,5,only_lin,200,0.0,1.0,-7.945845603942871,-0.6894545555114746,1.2809609822374306,37.382694244384766
A,27,5,random_orth,200,0.0,0.9950000047683716,-7.948434352874756,-0.6929757595062256,8.270577302767313,37.382694244384766
A,27,5,real_diff_in_helix_subspace,200,0.0,1.0,-7.941890716552734,-0.6867629885673523,10.223128212705555,37.382694244384766
A,27,5,full_swap,200,0.0,1.0,-7.935952186584473,-0.6846224665641785,18.7784481048584,37.382694244384766
A,28,5,helix,200,0.0,1.0,-7.939615249633789,-0.6882439255714417,8.549853423567159,39.749298095703125
A,28,5,only_T2,200,0.0,1.0,-7.94598913192749,-0.6918299794197083,4.654048427472162,39.749298095703125
A,28,5,only_T5,200,0.0,1.0,-7.946481704711914,-0.6911004781723022,9.916024387637661e-15,39.749298095703125
A,28,5,only_T10,200,0.0,1.0,-7.94526481628418,-0.6903190612792969,6.5650834299557905,39.749298095703125
A,28,5,only_T100,200,0.0,1.0,-7.943819999694824,-0.6911513209342957,2.535624141923721,39.749298095703125
A,28,5,only_lin,200,0.0,1.0,-7.943307399749756,-0.6898187398910522,1.325257469639774,39.749298095703125
A,28,5,random_orth,200,0.0,0.9950000047683716,-7.94875955581665,-0.691437840461731,8.549853423567159,39.749298095703125
A,28,5,real_diff_in_helix_subspace,200,0.0,1.0,-7.940539360046387,-0.6863946914672852,10.613292066012173,39.749298095703125
A,28,5,full_swap,200,0.0,1.0,-7.9351372718811035,-0.685201108455658,19.475296020507812,39.749298095703125
A,29,5,helix,200,0.0,1.0,-7.939056873321533,-0.6882368326187134,8.886045970227041,43.2978515625
A,29,5,only_T2,200,0.0,1.0,-7.945976257324219,-0.691293478012085,4.844418196187268,43.2978515625
A,29,5,only_T5,200,0.0,1.0,-7.946481704711914,-0.6911004781723022,1.0271115784552367e-14,43.2978515625
A,29,5,only_T10,200,0.0,1.0,-7.946863174438477,-0.6903523802757263,6.804727340258311,43.2978515625
A,29,5,only_T100,200,0.0,1.0,-7.941495418548584,-0.6907896995544434,2.650646602789382,43.2978515625
A,29,5,only_lin,200,0.0,1.0,-7.945250034332275,-0.6893733143806458,1.3915875614380213,43.2978515625
A,29,5,random_orth,200,0.0,1.0,-7.946359634399414,-0.6920444965362549,8.886045970227041,43.2978515625
A,29,5,real_diff_in_helix_subspace,200,0.0,1.0,-7.941585540771484,-0.6866539716720581,11.143754270407477,43.2978515625
A,29,5,full_swap,200,0.0,1.0,-7.933282852172852,-0.6850935220718384,20.408605575561523,43.2978515625
A,30,5,helix,200,0.0,1.0,-7.941710472106934,-0.6893552541732788,9.325917304560116,54.82179260253906
A,30,5,only_T2,200,0.0,1.0,-7.946826457977295,-0.6915386915206909,5.1171334062409315,54.82179260253906
A,30,5,only_T5,200,0.0,1.0,-7.946481704711914,-0.6911004781723022,1.0833845542950827e-14,54.82179260253906
A,30,5,only_T10,200,0.0,1.0,-7.946469783782959,-0.6905297636985779,7.120071566124057,54.82179260253906
A,30,5,only_T100,200,0.0,1.0,-7.943120956420898,-0.6914515495300293,2.7902477359337876,54.82179260253906
A,30,5,only_lin,200,0.0,0.9950000047683716,-7.945866584777832,-0.6902733445167542,1.4635936884937328,54.82179260253906
A,30,5,random_orth,200,0.0,1.0,-7.946329593658447,-0.6920515298843384,9.325917304560116,54.82179260253906
A,30,5,real_diff_in_helix_subspace,200,0.0,1.0,-7.940310478210449,-0.689231276512146,11.916001494789644,54.82179260253906
A,30,5,full_swap,200,0.0,1.0,-7.933330059051514,-0.689043402671814,21.729799270629883,54.82179260253906
A,31,5,helix,200,0.0,1.0,-7.946481704711914,-0.6911004781723022,10.000718276556789,74.52713012695312
A,31,5,only_T2,200,0.0,1.0,-7.946481704711914,-0.6911004781723022,5.550718002991018,74.52713012695312
A,31,5,only_T5,200,0.0,1.0,-7.946481704711914,-0.6911004781723022,1.1587089813358046e-14,74.52713012695312
A,31,5,only_T10,200,0.0,1.0,-7.946481704711914,-0.6911004781723022,7.582890477329119,74.52713012695312
A,31,5,only_T100,200,0.0,1.0,-7.946481704711914,-0.6911004781723022,2.99037431837736,74.52713012695312
A,31,5,only_lin,200,0.0,1.0,-7.946481704711914,-0.6911004781723022,1.58634815272205,74.52713012695312
A,31,5,random_orth,200,0.0,1.0,-7.946481704711914,-0.6911004781723022,10.000718276556789,74.52713012695312
A,31,5,real_diff_in_helix_subspace,200,0.0,1.0,-7.946481704711914,-0.6911004781723022,12.953582538455358,74.52713012695312
A,31,5,full_swap,200,0.0,1.0,-7.946481704711914,-0.6911004781723022,23.489723205566406,74.52713012695312
A,0,10,helix,200,0.0,0.9950000047683716,-6.235912799835205,-0.6708065867424011,0.9961428779171828,4.514942646026611
A,0,10,only_T2,200,0.0,1.0,-6.968915939331055,-0.6739216446876526,0.0,4.514942646026611
A,0,10,only_T5,200,0.0,1.0,-6.968915939331055,-0.6739216446876526,1.995751503146519e-15,4.514942646026611
A,0,10,only_T10,200,0.0,1.0,-6.968915939331055,-0.6739216446876526,1.0065930267758504e-15,4.514942646026611
A,0,10,only_T100,200,0.004999999888241291,0.9899999499320984,-6.228696346282959,-0.707010805606842,0.9458749268052986,4.514942646026611
A,0,10,only_lin,200,0.0,1.0,-6.95543098449707,-0.6452192068099976,0.48326219065243775,4.514942646026611
A,0,10,random_orth,200,0.0,1.0,-6.94578742980957,-0.6863725185394287,0.9961428779171829,4.514942646026611
A,0,10,real_diff_in_helix_subspace,200,0.004999999888241291,0.9899999499320984,-6.18242073059082,-0.6499525308609009,1.0083169307625957,4.514942646026611
A,0,10,full_swap,200,0.9699999690055847,0.0,-0.6957359313964844,-5.985734939575195,4.539919853210449,4.514942646026611
A,1,10,helix,200,0.0,0.9899999499320984,-6.234907150268555,-0.6634615659713745,0.9992617229549097,5.175691604614258
A,1,10,only_T2,200,0.0,1.0,-6.968915939331055,-0.6739216446876526,0.0,5.175691604614258
A,1,10,only_T5,200,0.0,1.0,-6.968915939331055,-0.6739216446876526,1.957276805256735e-15,5.175691604614258
A,1,10,only_T10,200,0.0,1.0,-6.968915939331055,-0.6739216446876526,9.911913731522732e-16,5.175691604614258
A,1,10,only_T100,200,0.004999999888241291,0.9899999499320984,-6.224449157714844,-0.7017483115196228,0.9317195814861233,5.175691604614258
A,1,10,only_lin,200,0.0,1.0,-6.935597896575928,-0.6440865993499756,0.4964503473122086,5.175691604614258
A,1,10,random_orth,200,0.0,1.0,-6.9592204093933105,-0.6776573061943054,0.9992617229549097,5.175691604614258
A,1,10,real_diff_in_helix_subspace,200,0.004999999888241291,0.98499995470047,-6.15350866317749,-0.6687605381011963,1.0492574637217242,5.175691604614258
A,1,10,full_swap,200,0.9599999785423279,0.0,-0.6831298470497131,-5.988926410675049,4.448545932769775,5.175691604614258
A,2,10,helix,200,0.0,0.9950000047683716,-6.229228496551514,-0.6681748032569885,1.0396289197717212,5.980928897857666
A,2,10,only_T2,200,0.0,1.0,-6.968915939331055,-0.6739216446876526,0.0,5.980928897857666
A,2,10,only_T5,200,0.0,1.0,-6.968915939331055,-0.6739216446876526,2.005062152644893e-15,5.980928897857666
A,2,10,only_T10,200,0.0,1.0,-6.968915939331055,-0.6739216446876526,1.018642138100127e-15,5.980928897857666
A,2,10,only_T100,200,0.004999999888241291,0.9899999499320984,-6.224771022796631,-0.7058959007263184,0.961694698376522,5.980928897857666
A,2,10,only_lin,200,0.0,1.0,-6.92957878112793,-0.6425302028656006,0.5257800321985973,5.980928897857666
A,2,10,random_orth,200,0.0,0.9950000047683716,-6.9611124992370605,-0.6782148480415344,1.0396289197717212,5.980928897857666
A,2,10,real_diff_in_helix_subspace,200,0.0,0.98499995470047,-6.128530979156494,-0.6856645345687866,1.1119004508438284,5.980928897857666
A,2,10,full_swap,200,0.9699999690055847,0.0,-0.6966404318809509,-5.925321578979492,4.517286777496338,5.980928897857666
A,3,10,helix,200,0.0,0.9899999499320984,-6.231672286987305,-0.6665410995483398,1.1639097364613442,7.320528507232666
A,3,10,only_T2,200,0.0,1.0,-6.968915939331055,-0.6739216446876526,0.0,7.320528507232666
A,3,10,only_T5,200,0.0,1.0,-6.968915939331055,-0.6739216446876526,2.209441939289934e-15,7.320528507232666
A,3,10,only_T10,200,0.0,1.0,-6.968915939331055,-0.6739216446876526,1.1520620480634597e-15,7.320528507232666
A,3,10,only_T100,200,0.004999999888241291,0.9899999499320984,-6.216263294219971,-0.7040634155273438,1.0676258260336013,7.320528507232666
A,3,10,only_lin,200,0.0,1.0,-6.942023754119873,-0.6433485150337219,0.5775001056635171,7.320528507232666
A,3,10,random_orth,200,0.0,1.0,-6.967987060546875,-0.6768984198570251,1.1639097364613442,7.320528507232666
A,3,10,real_diff_in_helix_subspace,200,0.0,0.98499995470047,-6.11721658706665,-0.6882428526878357,1.2859821663164552,7.320528507232666
A,3,10,full_swap,200,0.9699999690055847,0.0,-0.6925550699234009,-5.903627872467041,4.877532958984375,7.320528507232666
A,4,10,helix,200,0.0,0.9899999499320984,-6.249237060546875,-0.6601565480232239,1.254149250418779,8.359705924987793
A,4,10,only_T2,200,0.0,1.0,-6.968915939331055,-0.6739216446876526,0.0,8.359705924987793
A,4,10,only_T5,200,0.0,1.0,-6.968915939331055,-0.6739216446876526,2.3086076446633535e-15,8.359705924987793
A,4,10,only_T10,200,0.0,1.0,-6.968915939331055,-0.6739216446876526,1.2010055462678217e-15,8.359705924987793
A,4,10,only_T100,200,0.004999999888241291,0.9899999499320984,-6.240710258483887,-0.6995728015899658,1.1374631678431164,8.359705924987793
A,4,10,only_lin,200,0.0,1.0,-6.941888809204102,-0.6457444429397583,0.6318257697267253,8.359705924987793
A,4,10,random_orth,200,0.0,1.0,-6.97698450088501,-0.675086498260498,1.254149250418779,8.359705924987793
A,4,10,real_diff_in_helix_subspace,200,0.0,0.98499995470047,-6.107387542724609,-0.7000740170478821,1.4353509679898095,8.359705924987793
A,4,10,full_swap,200,0.9649999737739563,0.004999999888241291,-0.7316069602966309,-5.7991862297058105,5.1343841552734375,8.359705924987793
A,5,10,helix,200,0.0,0.9950000047683716,-6.250491619110107,-0.6658303737640381,1.3475343752145692,9.34475326538086
A,5,10,only_T2,200,0.0,1.0,-6.968915939331055,-0.6739216446876526,0.0,9.34475326538086
A,5,10,only_T5,200,0.0,1.0,-6.968915939331055,-0.6739216446876526,2.4573325164354247e-15,9.34475326538086
A,5,10,only_T10,200,0.0,1.0,-6.968915939331055,-0.6739216446876526,1.2549593649958574e-15,9.34475326538086
A,5,10,only_T100,200,0.004999999888241291,0.9899999499320984,-6.246565818786621,-0.7040144205093384,1.210939308245858,9.34475326538086
A,5,10,only_lin,200,0.0,1.0,-6.937846660614014,-0.6467738151550293,0.6897697263420385,9.34475326538086
A,5,10,random_orth,200,0.0,0.9950000047683716,-6.974220275878906,-0.6766610741615295,1.3475343752145692,9.34475326538086
A,5,10,real_diff_in_helix_subspace,200,0.0,0.9749999642372131,-6.104602336883545,-0.7137908935546875,1.5863574325434662,9.34475326538086
A,5,10,full_swap,200,0.9549999833106995,0.004999999888241291,-0.7532679438591003,-5.729250431060791,5.39126443862915,9.34475326538086
A,6,10,helix,200,0.0,0.9950000047683716,-6.241823673248291,-0.6653847098350525,1.4554712132439434,10.453020095825195
A,6,10,only_T2,200,0.0,1.0,-6.968915939331055,-0.6739216446876526,0.0,10.453020095825195
A,6,10,only_T5,200,0.0,1.0,-6.968915939331055,-0.6739216446876526,2.644122590128434e-15,10.453020095825195
A,6,10,only_T10,200,0.0,1.0,-6.968915939331055,-0.6739216446876526,1.2886481770929193e-15,10.453020095825195
A,6,10,only_T100,200,0.004999999888241291,0.9899999499320984,-6.234063625335693,-0.7099675536155701,1.3039280406135731,10.453020095825195
A,6,10,only_lin,200,0.0,1.0,-6.926254749298096,-0.6462475657463074,0.7302950049097987,10.453020095825195
A,6,10,random_orth,200,0.0,0.9950000047683716,-6.976931095123291,-0.6766573786735535,1.4554712132439434,10.453020095825195
A,6,10,real_diff_in_helix_subspace,200,0.0,0.9799999594688416,-6.061744213104248,-0.7324020862579346,1.8041059070327088,10.453020095825195
A,6,10,full_swap,200,0.949999988079071,0.009999999776482582,-0.7693946957588196,-5.707408428192139,5.641017913818359,10.453020095825195
A,7,10,helix,200,0.0,0.9950000047683716,-6.244991779327393,-0.6654596328735352,1.51243581815265,10.978174209594727
A,7,10,only_T2,200,0.0,1.0,-6.968915939331055,-0.6739216446876526,0.0,10.978174209594727
A,7,10,only_T5,200,0.0,1.0,-6.968915939331055,-0.6739216446876526,2.7050655025865728e-15,10.978174209594727
A,7,10,only_T10,200,0.0,1.0,-6.968915939331055,-0.6739216446876526,1.304350774587545e-15,10.978174209594727
A,7,10,only_T100,200,0.004999999888241291,0.9899999499320984,-6.228579998016357,-0.7137269973754883,1.3623360578379518,10.978174209594727
A,7,10,only_lin,200,0.0,1.0,-6.94066047668457,-0.6416627168655396,0.7336788761185392,10.978174209594727
A,7,10,random_orth,200,0.0,0.9950000047683716,-6.963576316833496,-0.6732107400894165,1.51243581815265,10.978174209594727
A,7,10,real_diff_in_helix_subspace,200,0.0,0.9749999642372131,-6.078085899353027,-0.7204287648200989,1.8995538271318333,10.978174209594727
A,7,10,full_swap,200,0.9449999928474426,0.009999999776482582,-0.7828688621520996,-5.6761393547058105,5.749731540679932,10.978174209594727
A,8,10,helix,200,0.0,0.9950000047683716,-6.240049362182617,-0.6626935601234436,1.566616119647297,11.571148872375488
A,8,10,only_T2,200,0.0,1.0,-6.968915939331055,-0.6739216446876526,0.0,11.571148872375488
A,8,10,only_T5,200,0.0,1.0,-6.968915939331055,-0.6739216446876526,2.9011588134404013e-15,11.571148872375488
A,8,10,only_T10,200,0.0,1.0,-6.968915939331055,-0.6739216446876526,1.3479868574245137e-15,11.571148872375488
A,8,10,only_T100,200,0.004999999888241291,0.9899999499320984,-6.226340293884277,-0.7186241745948792,1.407373990565083,11.571148872375488
A,8,10,only_lin,200,0.0,1.0,-6.930707931518555,-0.6358482837677002,0.7604007340324159,11.571148872375488
A,8,10,random_orth,200,0.0,0.9950000047683716,-6.952029705047607,-0.6773054599761963,1.566616119647297,11.571148872375488
A,8,10,real_diff_in_helix_subspace,200,0.0,0.9649999737739563,-6.06592321395874,-0.74785977602005,2.053411819633583,11.571148872375488
A,8,10,full_swap,200,0.9350000023841858,0.009999999776482582,-0.8123984932899475,-5.603361129760742,5.969296455383301,11.571148872375488
A,9,10,helix,200,0.0,0.9950000047683716,-6.237756252288818,-0.664709210395813,1.5672980770734706,11.901741981506348
A,9,10,only_T2,200,0.0,1.0,-6.968915939331055,-0.6739216446876526,0.0,11.901741981506348
A,9,10,only_T5,200,0.0,1.0,-6.968915939331055,-0.6739216446876526,3.0189482348708897e-15,11.901741981506348
A,9,10,only_T10,200,0.0,1.0,-6.968915939331055,-0.6739216446876526,1.354259643862011e-15,11.901741981506348
A,9,10,only_T100,200,0.004999999888241291,0.9899999499320984,-6.215548038482666,-0.7221020460128784,1.4089154776426125,11.901741981506348
A,9,10,only_lin,200,0.0,1.0,-6.938262939453125,-0.6363139748573303,0.7467506206370661,11.901741981506348
A,9,10,random_orth,200,0.0,1.0,-6.963959693908691,-0.6750651597976685,1.5672980770734706,11.901741981506348
A,9,10,real_diff_in_helix_subspace,200,0.0,0.9599999785423279,-6.03687047958374,-0.7999840974807739,2.189900527211594,11.901741981506348
A,9,10,full_swap,200,0.9399999976158142,0.009999999776482582,-0.8102155327796936,-5.614754676818848,6.036679744720459,11.901741981506348
A,10,10,helix,200,0.0,0.9950000047683716,-6.234275817871094,-0.6661922335624695,1.5994390392346056,12.480703353881836
A,10,10,only_T2,200,0.0,1.0,-6.968915939331055,-0.6739216446876526,0.0,12.480703353881836
A,10,10,only_T5,200,0.0,1.0,-6.968915939331055,-0.6739216446876526,3.1819345475029827e-15,12.480703353881836
A,10,10,only_T10,200,0.0,1.0,-6.968915939331055,-0.6739216446876526,1.4101554839674931e-15,12.480703353881836
A,10,10,only_T100,200,0.004999999888241291,0.9899999499320984,-6.209587097167969,-0.7196909189224243,1.4234710054262514,12.480703353881836
A,10,10,only_lin,200,0.0,1.0,-6.937507152557373,-0.6388172507286072,0.7657703713865746,12.480703353881836
A,10,10,random_orth,200,0.0,1.0,-6.96464729309082,-0.6739521622657776,1.5994390392346056,12.480703353881836
A,10,10,real_diff_in_helix_subspace,200,0.004999999888241291,0.9300000071525574,-6.041337966918945,-0.8740640878677368,2.357572173114547,12.480703353881836
A,10,10,full_swap,200,0.9350000023841858,0.009999999776482582,-0.811469554901123,-5.618269920349121,6.212026596069336,12.480703353881836
A,11,10,helix,200,0.0,0.9950000047683716,-6.216436862945557,-0.6678735017776489,1.6433627104955506,12.922974586486816
A,11,10,only_T2,200,0.0,1.0,-6.968915939331055,-0.6739216446876526,0.0,12.922974586486816
A,11,10,only_T5,200,0.0,1.0,-6.968915939331055,-0.6739216446876526,3.4265676757465997e-15,12.922974586486816
A,11,10,only_T10,200,0.0,1.0,-6.968915939331055,-0.6739216446876526,1.5050450345100552e-15,12.922974586486816
A,11,10,only_T100,200,0.004999999888241291,0.9799999594688416,-6.189529895782471,-0.7240740060806274,1.4617236568255396,12.922974586486816
A,11,10,only_lin,200,0.0,1.0,-6.93458366394043,-0.6424139142036438,0.7774470714477768,12.922974586486816
A,11,10,random_orth,200,0.0,1.0,-6.963619709014893,-0.6806163787841797,1.6433627104955506,12.922974586486816
A,11,10,real_diff_in_helix_subspace,200,0.014999999664723873,0.9249999523162842,-6.032931804656982,-0.8938113451004028,2.507733850623232,12.922974586486816
A,11,10,full_swap,200,0.9300000071525574,0.009999999776482582,-0.8119267225265503,-5.621397972106934,6.363976001739502,12.922974586486816
A,12,10,helix,200,0.0,0.9950000047683716,-6.211522579193115,-0.677270770072937,1.673777490770228,13.141454696655273
A,12,10,only_T2,200,0.0,1.0,-6.968915939331055,-0.6739216446876526,0.0,13.141454696655273
A,12,10,only_T5,200,0.0,1.0,-6.968915939331055,-0.6739216446876526,3.706801291700995e-15,13.141454696655273
A,12,10,only_T10,200,0.0,1.0,-6.968915939331055,-0.6739216446876526,1.631755080667724e-15,13.141454696655273
A,12,10,only_T100,200,0.004999999888241291,0.9749999642372131,-6.175459861755371,-0.7258282899856567,1.4983138074907194,13.141454696655273
A,12,10,only_lin,200,0.0,1.0,-6.939686298370361,-0.6482719779014587,0.7739629314969793,13.141454696655273
A,12,10,random_orth,200,0.0,1.0,-6.9655351638793945,-0.6702064871788025,1.6737774907702276,13.141454696655273
A,12,10,real_diff_in_helix_subspace,200,0.014999999664723873,0.9249999523162842,-6.016551971435547,-0.8920397758483887,2.5465364445576104,13.141454696655273
A,12,10,full_swap,200,0.9300000071525574,0.009999999776482582,-0.8179457783699036,-5.634880065917969,6.548529148101807,13.141454696655273
A,13,10,helix,200,0.0,0.98499995470047,-6.176992893218994,-0.6873923540115356,1.8163454415401936,13.790005683898926
A,13,10,only_T2,200,0.0,1.0,-6.968915939331055,-0.6739216446876526,0.0,13.790005683898926
A,13,10,only_T5,200,0.0,1.0,-6.968915939331055,-0.6739216446876526,3.892437551533531e-15,13.790005683898926
A,13,10,only_T10,200,0.0,1.0,-6.968915939331055,-0.6739216446876526,1.721976417854085e-15,13.790005683898926
A,13,10,only_T100,200,0.004999999888241291,0.9749999642372131,-6.144201755523682,-0.7397099137306213,1.6165105835768543,13.790005683898926
A,13,10,only_lin,200,0.0,1.0,-6.935606002807617,-0.6470938920974731,0.8309676066446329,13.790005683898926
A,13,10,random_orth,200,0.0,0.9899999499320984,-6.970703601837158,-0.6737737655639648,1.8163454415401936,13.790005683898926
A,13,10,real_diff_in_helix_subspace,200,0.014999999664723873,0.9099999666213989,-5.98513650894165,-0.9416161775588989,2.8092093954810538,13.790005683898926
A,13,10,full_swap,200,0.9350000023841858,0.009999999776482582,-0.8171416521072388,-5.635080337524414,7.032610893249512,13.790005683898926
A,14,10,helix,200,0.0,0.98499995470047,-6.175830364227295,-0.6936076283454895,1.8937198124722823,14.7129487991333
A,14,10,only_T2,200,0.0,1.0,-6.968915939331055,-0.6739216446876526,0.0,14.7129487991333
A,14,10,only_T5,200,0.0,1.0,-6.968915939331055,-0.6739216446876526,3.923856039187898e-15,14.7129487991333
A,14,10,only_T10,200,0.0,1.0,-6.968915939331055,-0.6739216446876526,1.754281406636259e-15,14.7129487991333
A,14,10,only_T100,200,0.004999999888241291,0.9749999642372131,-6.137744426727295,-0.7462800145149231,1.673887697066433,14.7129487991333
A,14,10,only_lin,200,0.0,1.0,-6.93095588684082,-0.6500079035758972,0.8589705764191713,14.7129487991333
A,14,10,random_orth,200,0.0,1.0,-6.960381984710693,-0.6764904856681824,1.8937198124722823,14.7129487991333
A,14,10,real_diff_in_helix_subspace,200,0.009999999776482582,0.9149999618530273,-5.969844341278076,-0.9794839024543762,3.0199677639791638,14.7129487991333
A,14,10,full_swap,200,0.9249999523162842,0.009999999776482582,-0.8338814973831177,-5.605127811431885,7.310174942016602,14.7129487991333
A,15,10,helix,200,0.0,0.98499995470047,-6.121662616729736,-0.7024790644645691,2.129756742790346,15.849906921386719
A,15,10,only_T2,200,0.0,1.0,-6.968915939331055,-0.6739216446876526,0.0,15.849906921386719
A,15,10,only_T5,200,0.0,1.0,-6.968915939331055,-0.6739216446876526,4.065043752798108e-15,15.849906921386719
A,15,10,only_T10,200,0.0,1.0,-6.968915939331055,-0.6739216446876526,1.82971559445213e-15,15.849906921386719
A,15,10,only_T100,200,0.004999999888241291,0.9749999642372131,-6.091223239898682,-0.7568261027336121,1.8690353261823198,15.849906921386719
A,15,10,only_lin,200,0.0,1.0,-6.91508674621582,-0.6509445309638977,0.9770285889232007,15.849906921386719
A,15,10,random_orth,200,0.0,0.9950000047683716,-6.987139701843262,-0.6735391020774841,2.129756742790346,15.849906921386719
A,15,10,real_diff_in_helix_subspace,200,0.019999999552965164,0.8949999809265137,-5.947289943695068,-1.0300854444503784,3.28072713629611,15.849906921386719
A,15,10,full_swap,200,0.9300000071525574,0.009999999776482582,-0.829651951789856,-5.608423233032227,7.789301872253418,15.849906921386719
A,16,10,helix,200,0.0,0.9749999642372131,-6.090527057647705,-0.7318906188011169,2.5350116855802995,17.253952026367188
A,16,10,only_T2,200,0.0,1.0,-6.968915939331055,-0.6739216446876526,0.0,17.253952026367188
A,16,10,only_T5,200,0.0,1.0,-6.968915939331055,-0.6739216446876526,4.777407344491753e-15,17.253952026367188
A,16,10,only_T10,200,0.0,1.0,-6.968915939331055,-0.6739216446876526,2.2665618004377353e-15,17.253952026367188
A,16,10,only_T100,200,0.0,0.9699999690055847,-6.059631824493408,-0.7857986092567444,2.25646546224425,17.253952026367188
A,16,10,only_lin,200,0.0,1.0,-6.896672248840332,-0.6504078507423401,1.150091571215867,17.253952026367188
A,16,10,random_orth,200,0.0,1.0,-6.975181579589844,-0.6733410358428955,2.5350116855803,17.253952026367188
A,16,10,real_diff_in_helix_subspace,200,0.014999999664723873,0.8999999761581421,-5.929862022399902,-1.0210837125778198,3.5865205970215652,17.253952026367188
A,16,10,full_swap,200,0.9350000023841858,0.009999999776482582,-0.8228741884231567,-5.629275321960449,9.483952522277832,17.253952026367188
A,17,10,helix,200,0.0,0.98499995470047,-6.228796482086182,-0.7100721597671509,2.825230866416273,19.2777156829834
A,17,10,only_T2,200,0.0,1.0,-6.968915939331055,-0.6739216446876526,0.0,19.2777156829834
A,17,10,only_T5,200,0.0,1.0,-6.968915939331055,-0.6739216446876526,5.074591193807538e-15,19.2777156829834
A,17,10,only_T10,200,0.0,1.0,-6.968915939331055,-0.6739216446876526,2.4569582850381622e-15,19.2777156829834
A,17,10,only_T100,200,0.0,0.9749999642372131,-6.1743974685668945,-0.7533097863197327,2.533277688255001,19.2777156829834
A,17,10,only_lin,200,0.0,1.0,-6.931401252746582,-0.6566126942634583,1.2815430953358986,19.2777156829834
A,17,10,random_orth,200,0.0,0.9899999499320984,-6.94956636428833,-0.6730747818946838,2.825230866416273,19.2777156829834
A,17,10,real_diff_in_helix_subspace,200,0.009999999776482582,0.9249999523162842,-6.110837459564209,-0.9127549529075623,3.946494497347918,19.2777156829834
A,17,10,full_swap,200,0.8549999594688416,0.04999999701976776,-1.063486099243164,-4.852659702301025,10.363447189331055,19.2777156829834
A,18,10,helix,200,0.0,0.9899999499320984,-6.297898292541504,-0.6959261894226074,2.9973661280142334,21.303743362426758
A,18,10,only_T2,200,0.0,1.0,-6.968915939331055,-0.6739216446876526,0.0,21.303743362426758
A,18,10,only_T5,200,0.0,1.0,-6.968915939331055,-0.6739216446876526,5.401872021297921e-15,21.303743362426758
A,18,10,only_T10,200,0.0,1.0,-6.968915939331055,-0.6739216446876526,2.5830203991539465e-15,21.303743362426758
A,18,10,only_T100,200,0.0,0.9950000047683716,-6.257370471954346,-0.7315696477890015,2.6980961980113536,21.303743362426758
A,18,10,only_lin,200,0.0,1.0,-6.934038162231445,-0.6591108441352844,1.3551526590038798,21.303743362426758
A,18,10,random_orth,200,0.0,1.0,-6.946822166442871,-0.6815037131309509,2.997366128014234,21.303743362426758
A,18,10,real_diff_in_helix_subspace,200,0.014999999664723873,0.9300000071525574,-6.202526569366455,-0.8723551630973816,4.2621493909337005,21.303743362426758
A,18,10,full_swap,200,0.6899999976158142,0.2199999988079071,-1.6915923357009888,-4.069915294647217,11.09435749053955,21.303743362426758
A,19,10,helix,200,0.0,1.0,-6.820900917053223,-0.6665039658546448,3.390579019132663,23.199769973754883
A,19,10,only_T2,200,0.0,1.0,-6.968915939331055,-0.6739216446876526,0.0,23.199769973754883
A,19,10,only_T5,200,0.0,1.0,-6.968915939331055,-0.6739216446876526,5.9629103315389844e-15,23.199769973754883
A,19,10,only_T10,200,0.0,1.0,-6.968915939331055,-0.6739216446876526,2.8094014734604326e-15,23.199769973754883
A,19,10,only_T100,200,0.0,1.0,-6.872673034667969,-0.6703593134880066,3.0173100619095083,23.199769973754883
A,19,10,only_lin,200,0.0,1.0,-6.923685550689697,-0.6674174070358276,1.575385708473444,23.199769973754883
A,19,10,random_orth,200,0.0,1.0,-6.971880912780762,-0.6757733225822449,3.390579019132663,23.199769973754883
A,19,10,real_diff_in_helix_subspace,200,0.0,0.9899999499320984,-6.797178745269775,-0.6790035963058472,4.895716570588988,23.199769973754883
A,19,10,full_swap,200,0.014999999664723873,0.9649999737739563,-6.106465816497803,-0.7717922329902649,12.088922500610352,23.199769973754883
A,20,10,helix,200,0.0,1.0,-6.811709880828857,-0.6619759798049927,3.763368920428531,25.015697479248047
A,20,10,only_T2,200,0.0,1.0,-6.968915939331055,-0.6739216446876526,0.0,25.015697479248047
A,20,10,only_T5,200,0.0,1.0,-6.968915939331055,-0.6739216446876526,6.434544715615818e-15,25.015697479248047
A,20,10,only_T10,200,0.0,1.0,-6.968915939331055,-0.6739216446876526,3.02580334226205e-15,25.015697479248047
A,20,10,only_T100,200,0.0,1.0,-6.865090847015381,-0.6692763566970825,3.324320540737287,25.015697479248047
A,20,10,only_lin,200,0.0,1.0,-6.9195451736450195,-0.6675030589103699,1.7343332630180377,25.015697479248047
A,20,10,random_orth,200,0.0,1.0,-6.969131946563721,-0.67255699634552,3.763368920428531,25.015697479248047
A,20,10,real_diff_in_helix_subspace,200,0.0,0.9899999499320984,-6.787219047546387,-0.673233687877655,5.4170772025525356,25.015697479248047
A,20,10,full_swap,200,0.014999999664723873,0.9599999785423279,-6.109819412231445,-0.7754341959953308,13.21363639831543,25.015697479248047
A,21,10,helix,200,0.0,1.0,-6.886936664581299,-0.6731869578361511,4.010391772604023,26.461524963378906
A,21,10,only_T2,200,0.0,1.0,-6.968915939331055,-0.6739216446876526,0.0,26.461524963378906
A,21,10,only_T5,200,0.0,1.0,-6.968915939331055,-0.6739216446876526,6.6384244565664335e-15,26.461524963378906
A,21,10,only_T10,200,0.0,1.0,-6.968915939331055,-0.6739216446876526,3.135407577607489e-15,26.461524963378906
A,21,10,only_T100,200,0.0,1.0,-6.931318759918213,-0.6764822006225586,3.549547537896302,26.461524963378906
A,21,10,only_lin,200,0.0,1.0,-6.932155132293701,-0.6703436374664307,1.8301654221988426,26.461524963378906
A,21,10,random_orth,200,0.0,1.0,-6.969692230224609,-0.67374587059021,4.010391772604023,26.461524963378906
A,21,10,real_diff_in_helix_subspace,200,0.0,0.9899999499320984,-6.880309104919434,-0.6768306493759155,5.82543663706613,26.461524963378906
A,21,10,full_swap,200,0.0,0.9899999499320984,-6.753357887268066,-0.6810435056686401,13.97671127319336,26.461524963378906
A,22,10,helix,200,0.0,1.0,-6.895360946655273,-0.6725285053253174,4.32320080935323,28.379961013793945
A,22,10,only_T2,200,0.0,1.0,-6.968915939331055,-0.6739216446876526,0.0,28.379961013793945
A,22,10,only_T5,200,0.0,1.0,-6.968915939331055,-0.6739216446876526,6.9289886608175605e-15,28.379961013793945
A,22,10,only_T10,200,0.0,1.0,-6.968915939331055,-0.6739216446876526,3.275414120092798e-15,28.379961013793945
A,22,10,only_T100,200,0.0,1.0,-6.935774803161621,-0.6740850806236267,3.81692727759907,28.379961013793945
A,22,10,only_lin,200,0.0,1.0,-6.932497501373291,-0.6724051237106323,1.9815246171996066,28.379961013793945
A,22,10,random_orth,200,0.0,1.0,-6.974499225616455,-0.6723181009292603,4.32320080935323,28.379961013793945
A,22,10,real_diff_in_helix_subspace,200,0.0,1.0,-6.90062952041626,-0.6673851013183594,6.378642302463105,28.379961013793945
A,22,10,full_swap,200,0.0,1.0,-6.784371376037598,-0.6668359041213989,14.887598037719727,28.379961013793945
A,23,10,helix,200,0.0,1.0,-6.940068244934082,-0.6776975989341736,4.572466568781582,30.08466148376465
A,23,10,only_T2,200,0.0,1.0,-6.968915939331055,-0.6739216446876526,0.0,30.08466148376465
A,23,10,only_T5,200,0.0,1.0,-6.968915939331055,-0.6739216446876526,7.279041600159944e-15,30.08466148376465
A,23,10,only_T10,200,0.0,1.0,-6.968915939331055,-0.6739216446876526,3.4397789645702805e-15,30.08466148376465
A,23,10,only_T100,200,0.0,1.0,-6.962777137756348,-0.6786927580833435,4.0305164403105795,30.08466148376465
A,23,10,only_lin,200,0.0,1.0,-6.948343276977539,-0.6732759475708008,2.108249104423163,30.08466148376465
A,23,10,random_orth,200,0.0,1.0,-6.972951412200928,-0.6736910939216614,4.572466568781582,30.08466148376465
A,23,10,real_diff_in_helix_subspace,200,0.0,1.0,-6.948574542999268,-0.6748712062835693,6.865515102269748,30.08466148376465
A,23,10,full_swap,200,0.0,1.0,-6.900295734405518,-0.6784374713897705,15.8056058883667,30.08466148376465
A,24,10,helix,200,0.0,1.0,-6.946109294891357,-0.6745613217353821,4.778107254926644,31.439281463623047
A,24,10,only_T2,200,0.0,1.0,-6.968915939331055,-0.6739216446876526,0.0,31.439281463623047
A,24,10,only_T5,200,0.0,1.0,-6.968915939331055,-0.6739216446876526,7.64551103689848e-15,31.439281463623047
A,24,10,only_T10,200,0.0,1.0,-6.968915939331055,-0.6739216446876526,3.5703985416339535e-15,31.439281463623047
A,24,10,only_T100,200,0.0,1.0,-6.962986946105957,-0.6765685677528381,4.1990778975577205,31.439281463623047
A,24,10,only_lin,200,0.0,1.0,-6.950840950012207,-0.671392560005188,2.2129638313053452,31.439281463623047
A,24,10,random_orth,200,0.0,1.0,-6.971597194671631,-0.6743832230567932,4.778107254926644,31.439281463623047
A,24,10,real_diff_in_helix_subspace,200,0.0,1.0,-6.951878070831299,-0.6713036894798279,7.1954304215758205,31.439281463623047
A,24,10,full_swap,200,0.0,1.0,-6.920415878295898,-0.667160153388977,16.583721160888672,31.439281463623047
A,25,10,helix,200,0.0,1.0,-6.946099281311035,-0.6728544235229492,5.041535692572803,33.09465789794922
A,25,10,only_T2,200,0.0,1.0,-6.968915939331055,-0.6739216446876526,0.0,33.09465789794922
A,25,10,only_T5,200,0.0,1.0,-6.968915939331055,-0.6739216446876526,7.962453656680626e-15,33.09465789794922
A,25,10,only_T10,200,0.0,1.0,-6.968915939331055,-0.6739216446876526,3.71069464470399e-15,33.09465789794922
A,25,10,only_T100,200,0.0,1.0,-6.961955547332764,-0.676967442035675,4.430553318641517,33.09465789794922
A,25,10,only_lin,200,0.0,1.0,-6.949853420257568,-0.671498715877533,2.326714704688964,33.09465789794922
A,25,10,random_orth,200,0.0,1.0,-6.96926736831665,-0.6746711730957031,5.041535692572803,33.09465789794922
A,25,10,real_diff_in_helix_subspace,200,0.0,1.0,-6.948054790496826,-0.6706581115722656,7.723497838282483,33.09465789794922
A,25,10,full_swap,200,0.0,1.0,-6.916326522827148,-0.6681320667266846,17.536237716674805,33.09465789794922
A,26,10,helix,200,0.0,1.0,-6.948022842407227,-0.6719878911972046,5.261028857328057,34.72801208496094
A,26,10,only_T2,200,0.0,1.0,-6.968915939331055,-0.6739216446876526,0.0,34.72801208496094
A,26,10,only_T5,200,0.0,1.0,-6.968915939331055,-0.6739216446876526,8.236996886161426e-15,34.72801208496094
A,26,10,only_T10,200,0.0,1.0,-6.968915939331055,-0.6739216446876526,3.841329072769276e-15,34.72801208496094
A,26,10,only_T100,200,0.0,1.0,-6.961003303527832,-0.6751869916915894,4.621890804920313,34.72801208496094
A,26,10,only_lin,200,0.0,1.0,-6.953993320465088,-0.6713336706161499,2.42822685611469,34.72801208496094
A,26,10,random_orth,200,0.0,1.0,-6.973164081573486,-0.6735607981681824,5.261028857328056,34.72801208496094
A,26,10,real_diff_in_helix_subspace,200,0.0,1.0,-6.946279048919678,-0.6702843904495239,8.104186080476602,34.72801208496094
A,26,10,full_swap,200,0.0,1.0,-6.922935485839844,-0.6632819771766663,18.277427673339844,34.72801208496094
A,27,10,helix,200,0.0,1.0,-6.954972267150879,-0.670116662979126,5.536998244425643,37.418235778808594
A,27,10,only_T2,200,0.0,1.0,-6.968915939331055,-0.6739216446876526,0.0,37.418235778808594
A,27,10,only_T5,200,0.0,1.0,-6.968915939331055,-0.6739216446876526,8.591125042586038e-15,37.418235778808594
A,27,10,only_T10,200,0.0,1.0,-6.968915939331055,-0.6739216446876526,4.007729824759787e-15,37.418235778808594
A,27,10,only_T100,200,0.0,1.0,-6.9625139236450195,-0.672809362411499,4.8499956818375916,37.418235778808594
A,27,10,only_lin,200,0.0,1.0,-6.960944652557373,-0.6710875630378723,2.561921964474861,37.418235778808594
A,27,10,random_orth,200,0.0,1.0,-6.969864368438721,-0.6739687919616699,5.536998244425643,37.418235778808594
A,27,10,real_diff_in_helix_subspace,200,0.0,1.0,-6.954819679260254,-0.6679372787475586,8.605352565992163,37.418235778808594
A,27,10,full_swap,200,0.0,1.0,-6.94089937210083,-0.662749171257019,19.209644317626953,37.418235778808594
A,28,10,helix,200,0.0,1.0,-6.950245380401611,-0.6688474416732788,5.709754111412891,39.76237487792969
A,28,10,only_T2,200,0.0,1.0,-6.968915939331055,-0.6739216446876526,0.0,39.76237487792969
A,28,10,only_T5,200,0.0,1.0,-6.968915939331055,-0.6739216446876526,8.820775734763192e-15,39.76237487792969
A,28,10,only_T10,200,0.0,1.0,-6.968915939331055,-0.6739216446876526,4.158557955583072e-15,39.76237487792969
A,28,10,only_T100,200,0.0,1.0,-6.95999813079834,-0.6719073057174683,4.990248095804106,39.76237487792969
A,28,10,only_lin,200,0.0,1.0,-6.958292007446289,-0.6710171103477478,2.650514939279548,39.76237487792969
A,28,10,random_orth,200,0.0,1.0,-6.966501235961914,-0.6740180850028992,5.709754111412891,39.76237487792969
A,28,10,real_diff_in_helix_subspace,200,0.0,1.0,-6.95159912109375,-0.6667190194129944,8.973606399639554,39.76237487792969
A,28,10,full_swap,200,0.0,1.0,-6.938074588775635,-0.663765013217926,19.914501190185547,39.76237487792969
A,29,10,helix,200,0.0,1.0,-6.951608180999756,-0.6688346862792969,5.984390758989921,43.26370620727539
A,29,10,only_T2,200,0.0,1.0,-6.968915939331055,-0.6739216446876526,0.0,43.26370620727539
A,29,10,only_T5,200,0.0,1.0,-6.968915939331055,-0.6739216446876526,9.12622122984609e-15,43.26370620727539
A,29,10,only_T10,200,0.0,1.0,-6.968915939331055,-0.6739216446876526,4.318449675152021e-15,43.26370620727539
A,29,10,only_T100,200,0.0,1.0,-6.957936763763428,-0.6732277274131775,5.219243572596232,43.26370620727539
A,29,10,only_lin,200,0.0,1.0,-6.961698055267334,-0.670096755027771,2.7831751228760426,43.26370620727539
A,29,10,random_orth,200,0.0,1.0,-6.969400405883789,-0.6743778586387634,5.984390758989921,43.26370620727539
A,29,10,real_diff_in_helix_subspace,200,0.0,1.0,-6.950782775878906,-0.6677775382995605,9.550123612412614,43.26370620727539
A,29,10,full_swap,200,0.0,1.0,-6.940835952758789,-0.6627247333526611,20.891220092773438,43.26370620727539
A,30,10,helix,200,0.0,1.0,-6.961447715759277,-0.6713927984237671,6.307597717869958,54.66697311401367
A,30,10,only_T2,200,0.0,1.0,-6.968915939331055,-0.6739216446876526,0.0,54.66697311401367
A,30,10,only_T5,200,0.0,1.0,-6.968915939331055,-0.6739216446876526,9.60625056470451e-15,54.66697311401367
A,30,10,only_T10,200,0.0,1.0,-6.968915939331055,-0.6739216446876526,4.529832186552287e-15,54.66697311401367
A,30,10,only_T100,200,0.0,1.0,-6.962664604187012,-0.673633337020874,5.497560324836976,54.66697311401367
A,30,10,only_lin,200,0.0,1.0,-6.966819763183594,-0.6722081899642944,2.9271873769874657,54.66697311401367
A,30,10,random_orth,200,0.0,1.0,-6.967767715454102,-0.6733843088150024,6.3075977178699585,54.66697311401367
A,30,10,real_diff_in_helix_subspace,200,0.0,1.0,-6.960805416107178,-0.6711939573287964,10.374944462453563,54.66697311401367
A,30,10,full_swap,200,0.0,1.0,-6.95579719543457,-0.6692200899124146,22.246999740600586,54.66697311401367
A,31,10,helix,200,0.0,1.0,-6.968915939331055,-0.6739216446876526,6.763970257181207,74.2594223022461
A,31,10,only_T2,200,0.0,1.0,-6.968915939331055,-0.6739216446876526,0.0,74.2594223022461
A,31,10,only_T5,200,0.0,1.0,-6.968915939331055,-0.6739216446876526,1.0254324905561838e-14,74.2594223022461
A,31,10,only_T10,200,0.0,1.0,-6.968915939331055,-0.6739216446876526,4.835573227449899e-15,74.2594223022461
A,31,10,only_T100,200,0.0,1.0,-6.968915939331055,-0.6739216446876526,5.892251258500887,74.2594223022461
A,31,10,only_lin,200,0.0,1.0,-6.968915939331055,-0.6739216446876526,3.1726963054441,74.2594223022461
A,31,10,random_orth,200,0.0,1.0,-6.968915939331055,-0.6739216446876526,6.763970257181207,74.2594223022461
A,31,10,real_diff_in_helix_subspace,200,0.0,1.0,-6.968915939331055,-0.6739216446876526,11.444624327637198,74.2594223022461
A,31,10,full_swap,200,0.0,1.0,-6.968915939331055,-0.6739216446876526,24.0743408203125,74.2594223022461
A,0,20,helix,200,0.009999999776482582,0.8199999928474426,-6.0022172927856445,-1.1901757717132568,1.82332910415936,4.438286304473877
A,0,20,only_T2,200,0.0,0.9950000047683716,-8.161067008972168,-0.637100100517273,0.0,4.438286304473877
A,0,20,only_T5,200,0.0,0.9950000047683716,-8.161067008972168,-0.637100100517273,3.0959664866934666e-15,4.438286304473877
A,0,20,only_T10,200,0.0,0.9950000047683716,-8.161067008972168,-0.637100100517273,1.549885887788681e-15,4.438286304473877
A,0,20,only_T100,200,0.019999999552965164,0.7849999666213989,-6.348808288574219,-1.3242565393447876,1.7878834554402545,4.438286304473877
A,0,20,only_lin,200,0.0,1.0,-8.017313957214355,-0.5944617390632629,0.9665243813048754,4.438286304473877
A,0,20,random_orth,200,0.0,0.9899999499320984,-8.091019630432129,-0.6473454833030701,1.82332910415936,4.438286304473877
A,0,20,real_diff_in_helix_subspace,200,0.014999999664723873,0.8149999976158142,-5.909081935882568,-1.2915180921554565,1.857818177390472,4.438286304473877
A,0,20,full_swap,200,0.9799999594688416,0.0,-0.6536893248558044,-7.293354511260986,4.8555684089660645,4.438286304473877
A,1,20,helix,200,0.009999999776482582,0.8449999690055847,-6.08259391784668,-1.114044189453125,1.8304317688352074,5.122218132019043
A,1,20,only_T2,200,0.0,0.9950000047683716,-8.161067008972168,-0.637100100517273,0.0,5.122218132019043
A,1,20,only_T5,200,0.0,0.9950000047683716,-8.161067008972168,-0.637100100517273,3.039244696902021e-15,5.122218132019043
A,1,20,only_T10,200,0.0,0.9950000047683716,-8.161067008972168,-0.637100100517273,1.521689335268774e-15,5.122218132019043
A,1,20,only_T100,200,0.014999999664723873,0.7999999523162842,-6.415988445281982,-1.294434905052185,1.7642134178763667,5.122218132019043
A,1,20,only_lin,200,0.0,1.0,-7.972865581512451,-0.5923089981079102,0.9929006946244172,5.122218132019043
A,1,20,random_orth,200,0.0,0.9950000047683716,-8.114375114440918,-0.6481396555900574,1.8304317688352074,5.122218132019043
A,1,20,real_diff_in_helix_subspace,200,0.014999999664723873,0.8299999833106995,-6.002882957458496,-1.2551127672195435,1.8651827609213831,5.122218132019043
A,1,20,full_swap,200,0.9899999499320984,0.0,-0.6479237079620361,-7.257476806640625,4.738638401031494,5.122218132019043
A,2,20,helix,200,0.004999999888241291,0.875,-6.1037278175354,-1.0975700616836548,1.9050140709081476,5.929140090942383
A,2,20,only_T2,200,0.0,0.9950000047683716,-8.161067008972168,-0.637100100517273,0.0,5.929140090942383
A,2,20,only_T5,200,0.0,0.9950000047683716,-8.161067008972168,-0.637100100517273,3.1153236561541935e-15,5.929140090942383
A,2,20,only_T10,200,0.0,0.9950000047683716,-8.161067008972168,-0.637100100517273,1.5627561513316854e-15,5.929140090942383
A,2,20,only_T100,200,0.009999999776482582,0.7999999523162842,-6.450582504272461,-1.279869794845581,1.8236741802015997,5.929140090942383
A,2,20,only_lin,200,0.0,1.0,-7.963854789733887,-0.5933984518051147,1.0515600643971945,5.929140090942383
A,2,20,random_orth,200,0.0,0.9950000047683716,-8.115987777709961,-0.6575974225997925,1.9050140709081476,5.929140090942383
A,2,20,real_diff_in_helix_subspace,200,0.009999999776482582,0.8399999737739563,-6.024504661560059,-1.2198392152786255,1.9338493418482983,5.929140090942383
A,2,20,full_swap,200,0.98499995470047,0.0,-0.6822423934936523,-7.194329261779785,4.802483081817627,5.929140090942383
A,3,20,helix,200,0.0,0.875,-6.115147590637207,-1.0925472974777222,2.1371450902462765,7.280609130859375
A,3,20,only_T2,200,0.0,0.9950000047683716,-8.161067008972168,-0.637100100517273,0.0,7.280609130859375
A,3,20,only_T5,200,0.0,0.9950000047683716,-8.161067008972168,-0.637100100517273,3.4438539934236786e-15,7.280609130859375
A,3,20,only_T10,200,0.0,0.9950000047683716,-8.161067008972168,-0.637100100517273,1.7617793011187102e-15,7.280609130859375
A,3,20,only_T100,200,0.014999999664723873,0.8149999976158142,-6.414289474487305,-1.274518609046936,2.026313842940813,7.280609130859375
A,3,20,only_lin,200,0.0,1.0,-7.967774868011475,-0.5939574241638184,1.155000211327034,7.280609130859375
A,3,20,random_orth,200,0.0,0.9950000047683716,-8.12094783782959,-0.6411253809928894,2.1371450902462765,7.280609130859375
A,3,20,real_diff_in_helix_subspace,200,0.009999999776482582,0.85999995470047,-6.039071083068848,-1.1785621643066406,2.1877546305533566,7.280609130859375
A,3,20,full_swap,200,0.98499995470047,0.0,-0.6840627789497375,-7.164516448974609,5.183474063873291,7.280609130859375
A,4,20,helix,200,0.004999999888241291,0.8899999856948853,-6.142665386199951,-1.0755367279052734,2.306755094736918,8.31970500946045
A,4,20,only_T2,200,0.0,0.9950000047683716,-8.161067008972168,-0.637100100517273,0.0,8.31970500946045
A,4,20,only_T5,200,0.0,0.9950000047683716,-8.161067008972168,-0.637100100517273,3.610269722684587e-15,8.31970500946045
A,4,20,only_T10,200,0.0,0.9950000047683716,-8.161067008972168,-0.637100100517273,1.8311909493204925e-15,8.31970500946045
A,4,20,only_T100,200,0.009999999776482582,0.824999988079071,-6.44351053237915,-1.260689616203308,2.160626142929645,8.31970500946045
A,4,20,only_lin,200,0.0,1.0,-7.9613356590271,-0.5952385067939758,1.2636515394534507,8.31970500946045
A,4,20,random_orth,200,0.0,1.0,-8.155561447143555,-0.627778947353363,2.3067550947369178,8.31970500946045
A,4,20,real_diff_in_helix_subspace,200,0.009999999776482582,0.875,-6.099939823150635,-1.145843505859375,2.3670248785743384,8.31970500946045
A,4,20,full_swap,200,0.9649999737739563,0.0,-0.7421293258666992,-7.073783874511719,5.461008071899414,8.31970500946045
A,5,20,helix,200,0.004999999888241291,0.8849999904632568,-6.1812591552734375,-1.0579323768615723,2.479304971882205,9.296184539794922
A,5,20,only_T2,200,0.0,0.9950000047683716,-8.161067008972168,-0.637100100517273,0.0,9.296184539794922
A,5,20,only_T5,200,0.0,0.9950000047683716,-8.161067008972168,-0.637100100517273,3.853455948852014e-15,9.296184539794922
A,5,20,only_T10,200,0.0,0.9950000047683716,-8.161067008972168,-0.637100100517273,1.911807053960266e-15,9.296184539794922
A,5,20,only_T100,200,0.014999999664723873,0.8299999833106995,-6.48399019241333,-1.2558908462524414,2.3001107884026637,9.296184539794922
A,5,20,only_lin,200,0.0,1.0,-7.940700531005859,-0.6018067002296448,1.379539452684077,9.296184539794922
A,5,20,random_orth,200,0.0,1.0,-8.157565116882324,-0.6460846066474915,2.479304971882205,9.296184539794922
A,5,20,real_diff_in_helix_subspace,200,0.004999999888241291,0.8949999809265137,-6.141696453094482,-1.1098659038543701,2.5647678440141806,9.296184539794922
A,5,20,full_swap,200,0.9599999785423279,0.0,-0.7743690609931946,-7.038327693939209,5.751416206359863,9.296184539794922
A,6,20,helix,200,0.004999999888241291,0.8949999809265137,-6.182190895080566,-1.0561022758483887,2.681697808752963,10.414843559265137
A,6,20,only_T2,200,0.0,0.9950000047683716,-8.161067008972168,-0.637100100517273,0.0,10.414843559265137
A,6,20,only_T5,200,0.0,0.9950000047683716,-8.161067008972168,-0.637100100517273,4.159879443441472e-15,10.414843559265137
A,6,20,only_T10,200,0.0,0.9950000047683716,-8.161067008972168,-0.637100100517273,1.9554125540356663e-15,10.414843559265137
A,6,20,only_T100,200,0.014999999664723873,0.824999988079071,-6.488659381866455,-1.2647819519042969,2.4787559397978205,10.414843559265137
A,6,20,only_lin,200,0.0,1.0,-7.924530029296875,-0.5976529717445374,1.4605900098195974,10.414843559265137
A,6,20,random_orth,200,0.0,1.0,-8.144681930541992,-0.6424887180328369,2.681697808752963,10.414843559265137
A,6,20,real_diff_in_helix_subspace,200,0.014999999664723873,0.875,-6.128983497619629,-1.1356420516967773,2.8181690755746547,10.414843559265137
A,6,20,full_swap,200,0.9599999785423279,0.0,-0.7943760752677917,-7.000547885894775,6.051603317260742,10.414843559265137
A,7,20,helix,200,0.004999999888241291,0.8999999761581421,-6.18920373916626,-1.042982578277588,2.7953077755953433,10.947813987731934
A,7,20,only_T2,200,0.0,0.9950000047683716,-8.161067008972168,-0.637100100517273,0.0,10.947813987731934
A,7,20,only_T5,200,0.0,0.9950000047683716,-8.161067008972168,-0.637100100517273,4.2676190801171e-15,10.947813987731934
A,7,20,only_T10,200,0.0,0.9950000047683716,-8.161067008972168,-0.637100100517273,1.9771472836789336e-15,10.947813987731934
A,7,20,only_T100,200,0.019999999552965164,0.8199999928474426,-6.480782508850098,-1.2715976238250732,2.5930512463687263,10.947813987731934
A,7,20,only_lin,200,0.0,1.0,-7.929760456085205,-0.590746283531189,1.4673577522370784,10.947813987731934
A,7,20,random_orth,200,0.0,1.0,-8.139044761657715,-0.6439498662948608,2.7953077755953433,10.947813987731934
A,7,20,real_diff_in_helix_subspace,200,0.014999999664723873,0.8799999952316284,-6.104991436004639,-1.1398459672927856,2.9600527477166874,10.947813987731934
A,7,20,full_swap,200,0.9449999928474426,0.0,-0.8104205131530762,-6.960935115814209,6.178580284118652,10.947813987731934
A,8,20,helix,200,0.009999999776482582,0.8999999761581421,-6.250676155090332,-0.9799333214759827,2.8954808352759813,11.546512603759766
A,8,20,only_T2,200,0.0,0.9950000047683716,-8.161067008972168,-0.637100100517273,0.0,11.546512603759766
A,8,20,only_T5,200,0.0,0.9950000047683716,-8.161067008972168,-0.637100100517273,4.596777209891297e-15,11.546512603759766
A,8,20,only_T10,200,0.0,0.9950000047683716,-8.161067008972168,-0.637100100517273,2.0393441790917866e-15,11.546512603759766
A,8,20,only_T100,200,0.014999999664723873,0.8299999833106995,-6.527663230895996,-1.2387763261795044,2.6796125479403208,11.546512603759766
A,8,20,only_lin,200,0.0,1.0,-7.923065185546875,-0.5733559727668762,1.5208014680648319,11.546512603759766
A,8,20,random_orth,200,0.0,0.9950000047683716,-8.149469375610352,-0.6513787508010864,2.8954808352759813,11.546512603759766
A,8,20,real_diff_in_helix_subspace,200,0.014999999664723873,0.9049999713897705,-6.178035259246826,-1.1072756052017212,3.0952247161771935,11.546512603759766
A,8,20,full_swap,200,0.9399999976158142,0.0,-0.8877019882202148,-6.798777103424072,6.403573989868164,11.546512603759766
A,9,20,helix,200,0.004999999888241291,0.9099999666213989,-6.25550651550293,-0.9814257621765137,2.8996724193300336,11.884773254394531
A,9,20,only_T2,200,0.0,0.9950000047683716,-8.161067008972168,-0.637100100517273,0.0,11.884773254394531
A,9,20,only_T5,200,0.0,0.9950000047683716,-8.161067008972168,-0.637100100517273,4.791359557559439e-15,11.884773254394531
A,9,20,only_T10,200,0.0,0.9950000047683716,-8.161067008972168,-0.637100100517273,2.042928957325247e-15,11.884773254394531
A,9,20,only_T100,200,0.014999999664723873,0.8199999928474426,-6.518748760223389,-1.2413806915283203,2.6821065412774896,11.884773254394531
A,9,20,only_lin,200,0.0,1.0,-7.929478645324707,-0.5759415030479431,1.4935012412741318,11.884773254394531
A,9,20,random_orth,200,0.0,1.0,-8.142596244812012,-0.6433525085449219,2.8996724193300336,11.884773254394531
A,9,20,real_diff_in_helix_subspace,200,0.014999999664723873,0.8849999904632568,-6.193100452423096,-1.140946626663208,3.174654145230339,11.884773254394531
A,9,20,full_swap,200,0.9300000071525574,0.004999999888241291,-0.8832429051399231,-6.792474746704102,6.463588714599609,11.884773254394531
A,10,20,helix,200,0.009999999776482582,0.9049999713897705,-6.238992691040039,-0.9865086674690247,2.9665480331183254,12.463373184204102
A,10,20,only_T2,200,0.0,0.9950000047683716,-8.161067008972168,-0.637100100517273,0.0,12.463373184204102
A,10,20,only_T5,200,0.0,0.9950000047683716,-8.161067008972168,-0.637100100517273,5.049424746695491e-15,12.463373184204102
A,10,20,only_T10,200,0.0,0.9950000047683716,-8.161067008972168,-0.637100100517273,2.135142714272849e-15,12.463373184204102
A,10,20,only_T100,200,0.014999999664723873,0.8149999976158142,-6.4914140701293945,-1.2351624965667725,2.7076799842452304,12.463373184204102
A,10,20,only_lin,200,0.0,1.0,-7.931443691253662,-0.577704131603241,1.531540742773149,12.463373184204102
A,10,20,random_orth,200,0.0,0.9950000047683716,-8.149809837341309,-0.645788848400116,2.9665480331183254,12.463373184204102
A,10,20,real_diff_in_helix_subspace,200,0.009999999776482582,0.875,-6.195487976074219,-1.1882747411727905,3.354874348628883,12.463373184204102
A,10,20,full_swap,200,0.9350000023841858,0.004999999888241291,-0.8803218603134155,-6.792646884918213,6.658541202545166,12.463373184204102
A,11,20,helix,200,0.009999999776482582,0.9099999666213989,-6.237590312957764,-0.9852764010429382,3.0479166638296293,12.91773796081543
A,11,20,only_T2,200,0.0,0.9950000047683716,-8.161067008972168,-0.637100100517273,0.0,12.91773796081543
A,11,20,only_T5,200,0.0,0.9950000047683716,-8.161067008972168,-0.637100100517273,5.4420317291673e-15,12.91773796081543
A,11,20,only_T10,200,0.0,0.9950000047683716,-8.161067008972168,-0.637100100517273,2.2694752773824976e-15,12.91773796081543
A,11,20,only_T100,200,0.019999999552965164,0.8149999976158142,-6.474578857421875,-1.2386397123336792,2.7769614192627987,12.91773796081543
A,11,20,only_lin,200,0.0,1.0,-7.923667907714844,-0.5823103785514832,1.5548941428955532,12.91773796081543
A,11,20,random_orth,200,0.0,0.9950000047683716,-8.132047653198242,-0.641327977180481,3.0479166638296293,12.91773796081543
A,11,20,real_diff_in_helix_subspace,200,0.014999999664723873,0.8449999690055847,-6.1879563331604,-1.2430217266082764,3.539648662406591,12.91773796081543
A,11,20,full_swap,200,0.9300000071525574,0.004999999888241291,-0.8909706473350525,-6.782244682312012,6.848015785217285,12.91773796081543
A,12,20,helix,200,0.009999999776482582,0.8799999952316284,-6.230741024017334,-1.0049211978912354,3.105133246264369,13.150583267211914
A,12,20,only_T2,200,0.0,0.9950000047683716,-8.161067008972168,-0.637100100517273,0.0,13.150583267211914
A,12,20,only_T5,200,0.0,0.9950000047683716,-8.161067008972168,-0.637100100517273,5.875592468229179e-15,13.150583267211914
A,12,20,only_T10,200,0.0,0.9950000047683716,-8.161067008972168,-0.637100100517273,2.5002523345364952e-15,13.150583267211914
A,12,20,only_T100,200,0.019999999552965164,0.8149999976158142,-6.448660850524902,-1.2444435358047485,2.840949414639864,13.150583267211914
A,12,20,only_lin,200,0.0,1.0,-7.944055080413818,-0.5958611965179443,1.5479258629939585,13.150583267211914
A,12,20,random_orth,200,0.0,0.9899999499320984,-8.14980411529541,-0.6437245011329651,3.105133246264369,13.150583267211914
A,12,20,real_diff_in_helix_subspace,200,0.014999999664723873,0.8399999737739563,-6.190918922424316,-1.2871737480163574,3.6285541632107585,13.150583267211914
A,12,20,full_swap,200,0.9249999523162842,0.004999999888241291,-0.914377748966217,-6.794486999511719,7.04829216003418,13.150583267211914
A,13,20,helix,200,0.009999999776482582,0.875,-6.186927795410156,-1.0387638807296753,3.371564192237575,13.789587020874023
A,13,20,only_T2,200,0.0,0.9950000047683716,-8.161067008972168,-0.637100100517273,0.0,13.789587020874023
A,13,20,only_T5,200,0.0,0.9950000047683716,-8.161067008972168,-0.637100100517273,6.1492258221417415e-15,13.789587020874023
A,13,20,only_T10,200,0.0,0.9950000047683716,-8.161067008972168,-0.637100100517273,2.6257938121363865e-15,13.789587020874023
A,13,20,only_T100,200,0.019999999552965164,0.8199999928474426,-6.431936264038086,-1.290798306465149,3.0610731940364246,13.789587020874023
A,13,20,only_lin,200,0.0,1.0,-7.921750545501709,-0.595119059085846,1.661935213289266,13.789587020874023
A,13,20,random_orth,200,0.0,1.0,-8.146881103515625,-0.6456204056739807,3.371564192237575,13.789587020874023
A,13,20,real_diff_in_helix_subspace,200,0.014999999664723873,0.7999999523162842,-6.160845756530762,-1.399727463722229,4.029891788606959,13.789587020874023
A,13,20,full_swap,200,0.9249999523162842,0.004999999888241291,-0.9214604496955872,-6.790417194366455,7.604250431060791,13.789587020874023
A,14,20,helix,200,0.009999999776482582,0.8799999952316284,-6.19736909866333,-1.0502642393112183,3.523826697218917,14.719791412353516
A,14,20,only_T2,200,0.0,0.9950000047683716,-8.161067008972168,-0.637100100517273,0.0,14.719791412353516
A,14,20,only_T5,200,0.0,0.9950000047683716,-8.161067008972168,-0.637100100517273,6.1830985058699764e-15,14.719791412353516
A,14,20,only_T10,200,0.0,0.9950000047683716,-8.161067008972168,-0.637100100517273,2.682312064530079e-15,14.719791412353516
A,14,20,only_T100,200,0.019999999552965164,0.8149999976158142,-6.430231094360352,-1.3104467391967773,3.1644862071082995,14.719791412353516
A,14,20,only_lin,200,0.0,1.0,-7.915093898773193,-0.5996469855308533,1.7179411528383426,14.719791412353516
A,14,20,random_orth,200,0.0,0.9899999499320984,-8.150313377380371,-0.6427508592605591,3.523826697218917,14.719791412353516
A,14,20,real_diff_in_helix_subspace,200,0.019999999552965164,0.7799999713897705,-6.23347282409668,-1.4912890195846558,4.273441260486658,14.719791412353516
A,14,20,full_swap,200,0.9099999666213989,0.009999999776482582,-0.9448454976081848,-6.756035804748535,7.885967254638672,14.719791412353516
A,15,20,helix,200,0.009999999776482582,0.8849999904632568,-6.116035461425781,-1.0751172304153442,3.967899349121475,15.855341911315918
A,15,20,only_T2,200,0.0,0.9950000047683716,-8.161067008972168,-0.637100100517273,0.0,15.855341911315918
A,15,20,only_T5,200,0.0,0.9950000047683716,-8.161067008972168,-0.637100100517273,6.3945995099487575e-15,15.855341911315918
A,15,20,only_T10,200,0.0,0.9950000047683716,-8.161067008972168,-0.637100100517273,2.800537053359614e-15,15.855341911315918
A,15,20,only_T100,200,0.019999999552965164,0.7999999523162842,-6.368227005004883,-1.3467137813568115,3.545091375362081,15.855341911315918
A,15,20,only_lin,200,0.0,1.0,-7.881633758544922,-0.5955476760864258,1.9540571778464013,15.855341911315918
A,15,20,random_orth,200,0.0,0.9899999499320984,-8.137027740478516,-0.6524941921234131,3.967899349121475,15.855341911315918
A,15,20,real_diff_in_helix_subspace,200,0.019999999552965164,0.7749999761581421,-6.271303653717041,-1.4909286499023438,4.660925245217856,15.855341911315918
A,15,20,full_swap,200,0.9149999618530273,0.009999999776482582,-0.9526591300964355,-6.757697105407715,8.429469108581543,15.855341911315918
A,16,20,helix,200,0.004999999888241291,0.8899999856948853,-6.092631816864014,-1.1114544868469238,4.721232950948153,17.25399398803711
A,16,20,only_T2,200,0.0,0.9950000047683716,-8.161067008972168,-0.637100100517273,0.0,17.25399398803711
A,16,20,only_T5,200,0.0,0.9950000047683716,-8.161067008972168,-0.637100100517273,7.483485671400142e-15,17.25399398803711
A,16,20,only_T10,200,0.0,0.9950000047683716,-8.161067008972168,-0.637100100517273,3.5029955904353482e-15,17.25399398803711
A,16,20,only_T100,200,0.014999999664723873,0.8149999976158142,-6.328337669372559,-1.3514717817306519,4.26864346635201,17.25399398803711
A,16,20,only_lin,200,0.0,0.9950000047683716,-7.836197376251221,-0.5999638438224792,2.300183142431734,17.25399398803711
A,16,20,random_orth,200,0.0,1.0,-8.139928817749023,-0.6498288512229919,4.721232950948153,17.25399398803711
A,16,20,real_diff_in_helix_subspace,200,0.014999999664723873,0.7949999570846558,-6.121497631072998,-1.526589274406433,5.393959504152021,17.25399398803711
A,16,20,full_swap,200,0.9149999618530273,0.009999999776482582,-0.9507803916931152,-6.792945861816406,10.240065574645996,17.25399398803711
A,17,20,helix,200,0.0,0.9549999833106995,-6.408525466918945,-0.923374593257904,5.254023854434438,19.25731658935547
A,17,20,only_T2,200,0.0,0.9950000047683716,-8.161067008972168,-0.637100100517273,0.0,19.25731658935547
A,17,20,only_T5,200,0.0,0.9950000047683716,-8.161067008972168,-0.637100100517273,7.945054724554193e-15,19.25731658935547
A,17,20,only_T10,200,0.0,0.9950000047683716,-8.161067008972168,-0.637100100517273,3.786704451257896e-15,19.25731658935547
A,17,20,only_T100,200,0.004999999888241291,0.875,-6.54088020324707,-1.1427804231643677,4.788759731118072,19.25731658935547
A,17,20,only_lin,200,0.0,1.0,-7.910881042480469,-0.6138843297958374,2.563086190671797,19.25731658935547
A,17,20,random_orth,200,0.0,0.9899999499320984,-8.13672924041748,-0.6532111763954163,5.254023854434438,19.25731658935547
A,17,20,real_diff_in_helix_subspace,200,0.009999999776482582,0.8650000095367432,-6.390347957611084,-1.2508305311203003,5.96412062862275,19.25731658935547
A,17,20,full_swap,200,0.75,0.03999999910593033,-1.3729124069213867,-6.091920852661133,11.233124732971191,19.25731658935547
A,18,20,helix,200,0.0,0.9599999785423279,-6.572869777679443,-0.8734332919120789,5.567610201440962,21.296445846557617
A,18,20,only_T2,200,0.0,0.9950000047683716,-8.161067008972168,-0.637100100517273,0.0,21.296445846557617
A,18,20,only_T5,200,0.0,0.9950000047683716,-8.161067008972168,-0.637100100517273,8.460568491826437e-15,21.296445846557617
A,18,20,only_T10,200,0.0,0.9950000047683716,-8.161067008972168,-0.637100100517273,3.987088121099459e-15,21.296445846557617
A,18,20,only_T100,200,0.009999999776482582,0.8799999952316284,-6.6468071937561035,-1.1135765314102173,5.095596753929118,21.296445846557617
A,18,20,only_lin,200,0.0,1.0,-7.947159290313721,-0.6192144751548767,2.7103053180077596,21.296445846557617
A,18,20,random_orth,200,0.0,0.9950000047683716,-8.142966270446777,-0.643758237361908,5.567610201440962,21.296445846557617
A,18,20,real_diff_in_helix_subspace,200,0.004999999888241291,0.8999999761581421,-6.554315090179443,-1.136942744255066,6.376905579394147,21.296445846557617
A,18,20,full_swap,200,0.5849999785423279,0.17000000178813934,-2.330355405807495,-5.312376976013184,12.021445274353027,21.296445846557617
A,19,20,helix,200,0.0,0.9950000047683716,-7.799055099487305,-0.6226779818534851,6.276590844998805,23.196016311645508
A,19,20,only_T2,200,0.0,0.9950000047683716,-8.161067008972168,-0.637100100517273,0.0,23.196016311645508
A,19,20,only_T5,200,0.0,0.9950000047683716,-8.161067008972168,-0.637100100517273,9.336315397475543e-15,23.196016311645508
A,19,20,only_T10,200,0.0,0.9950000047683716,-8.161067008972168,-0.637100100517273,4.392308836104662e-15,23.196016311645508
A,19,20,only_T100,200,0.0,0.9950000047683716,-7.958156585693359,-0.6339747309684753,5.708262072124519,23.196016311645508
A,19,20,only_lin,200,0.0,0.9950000047683716,-8.022719383239746,-0.6271647810935974,3.150771416946888,23.196016311645508
A,19,20,random_orth,200,0.0,0.9950000047683716,-8.165258407592773,-0.6396937370300293,6.276590844998805,23.196016311645508
A,19,20,real_diff_in_helix_subspace,200,0.0,1.0,-7.750926494598389,-0.6347489356994629,7.217821982138881,23.196016311645508
A,19,20,full_swap,200,0.004999999888241291,0.9799999594688416,-7.218947410583496,-0.7310500741004944,13.175642013549805,23.196016311645508
A,20,20,helix,200,0.0,0.9950000047683716,-7.785959243774414,-0.6164173483848572,7.002824651162097,25.02570343017578
A,20,20,only_T2,200,0.0,0.9950000047683716,-8.161067008972168,-0.637100100517273,0.0,25.02570343017578
A,20,20,only_T5,200,0.0,0.9950000047683716,-8.161067008972168,-0.637100100517273,1.0086161133938508e-14,25.02570343017578
A,20,20,only_T10,200,0.0,0.9950000047683716,-8.161067008972168,-0.637100100517273,4.691145227136375e-15,25.02570343017578
A,20,20,only_T100,200,0.0,0.9950000047683716,-7.9599289894104,-0.6287424564361572,6.291075551175757,25.02570343017578
A,20,20,only_lin,200,0.0,0.9950000047683716,-8.006377220153809,-0.6264246702194214,3.4686665260360754,25.02570343017578
A,20,20,random_orth,200,0.0,0.9950000047683716,-8.167586326599121,-0.6395034790039062,7.002824651162097,25.02570343017578
A,20,20,real_diff_in_helix_subspace,200,0.0,1.0,-7.745738506317139,-0.6311408281326294,7.967169117088606,25.02570343017578
A,20,20,full_swap,200,0.004999999888241291,0.9799999594688416,-7.2256951332092285,-0.7341141104698181,14.3695068359375,25.02570343017578
A,21,20,helix,200,0.0,0.9950000047683716,-7.924549579620361,-0.6254472732543945,7.463613947750365,26.48456573486328
A,21,20,only_T2,200,0.0,0.9950000047683716,-8.161067008972168,-0.637100100517273,0.0,26.48456573486328
A,21,20,only_T5,200,0.0,0.9950000047683716,-8.161067008972168,-0.637100100517273,1.0426669739998592e-14,26.48456573486328
A,21,20,only_T10,200,0.0,0.9950000047683716,-8.161067008972168,-0.637100100517273,4.851142372641586e-15,26.48456573486328
A,21,20,only_T100,200,0.0,0.9950000047683716,-8.05366039276123,-0.6316570043563843,6.721064141552688,26.48456573486328
A,21,20,only_lin,200,0.0,0.9950000047683716,-8.044662475585938,-0.6324869394302368,3.660330844397685,26.48456573486328
A,21,20,random_orth,200,0.0,1.0,-8.17170238494873,-0.6317973136901855,7.463613947750365,26.48456573486328
A,21,20,real_diff_in_helix_subspace,200,0.0,1.0,-7.908731937408447,-0.6268275380134583,8.53414136718382,26.48456573486328
A,21,20,full_swap,200,0.0,1.0,-7.7458062171936035,-0.635235071182251,15.222281455993652,26.48456573486328
A,22,20,helix,200,0.0,0.9950000047683716,-7.953681945800781,-0.6265764236450195,8.041688284491379,28.40650177001953
A,22,20,only_T2,200,0.0,0.9950000047683716,-8.161067008972168,-0.637100100517273,0.0,28.40650177001953
A,22,20,only_T5,200,0.0,0.9950000047683716,-8.161067008972168,-0.637100100517273,1.0898241820490672e-14,28.40650177001953
A,22,20,only_T10,200,0.0,0.9950000047683716,-8.161067008972168,-0.637100100517273,5.064953516533581e-15,28.40650177001953
A,22,20,only_T100,200,0.0,0.9950000047683716,-8.07015323638916,-0.631578266620636,7.229551309468453,28.40650177001953
A,22,20,only_lin,200,0.0,0.9950000047683716,-8.056258201599121,-0.6345863342285156,3.963049234399213,28.40650177001953
A,22,20,random_orth,200,0.0,1.0,-8.163863182067871,-0.6370026469230652,8.041688284491379,28.40650177001953
A,22,20,real_diff_in_helix_subspace,200,0.0,1.0,-7.949980735778809,-0.6282006502151489,9.230740287386991,28.40650177001953
A,22,20,full_swap,200,0.0,1.0,-7.809305667877197,-0.6342779994010925,16.204526901245117,28.40650177001953
A,23,20,helix,200,0.0,0.9950000047683716,-8.055864334106445,-0.6428684592247009,8.502609248852554,30.107454299926758
A,23,20,only_T2,200,0.0,0.9950000047683716,-8.161067008972168,-0.637100100517273,0.0,30.107454299926758
A,23,20,only_T5,200,0.0,0.9950000047683716,-8.161067008972168,-0.637100100517273,1.1453847440970407e-14,30.107454299926758
A,23,20,only_T10,200,0.0,0.9950000047683716,-8.161067008972168,-0.637100100517273,5.318147398766142e-15,30.107454299926758
A,23,20,only_T100,200,0.0,0.9950000047683716,-8.131431579589844,-0.6430408358573914,7.633492328506207,30.107454299926758
A,23,20,only_lin,200,0.0,0.9950000047683716,-8.092814445495605,-0.6366541385650635,4.216498208846326,30.107454299926758
A,23,20,random_orth,200,0.0,0.9950000047683716,-8.168802261352539,-0.6344302296638489,8.502609248852554,30.107454299926758
A,23,20,real_diff_in_helix_subspace,200,0.0,0.9950000047683716,-8.055160522460938,-0.6462563276290894,9.838383698543469,30.107454299926758
A,23,20,full_swap,200,0.0,1.0,-7.993290901184082,-0.6499805450439453,17.169191360473633,30.107454299926758
A,24,20,helix,200,0.0,0.9950000047683716,-8.07905101776123,-0.6361950635910034,8.889378663105289,31.474702835083008
A,24,20,only_T2,200,0.0,0.9950000047683716,-8.161067008972168,-0.637100100517273,0.0,31.474702835083008
A,24,20,only_T5,200,0.0,0.9950000047683716,-8.161067008972168,-0.637100100517273,1.2041218648433108e-14,31.474702835083008
A,24,20,only_T10,200,0.0,0.9950000047683716,-8.161067008972168,-0.637100100517273,5.508019157246163e-15,31.474702835083008
A,24,20,only_T100,200,0.0,0.9950000047683716,-8.138518333435059,-0.6396631002426147,7.957286343998735,31.474702835083008
A,24,20,only_lin,200,0.0,0.9950000047683716,-8.106203079223633,-0.63429856300354,4.4259276626106905,31.474702835083008
A,24,20,random_orth,200,0.0,1.0,-8.168998718261719,-0.6324073672294617,8.88937866310529,31.474702835083008
A,24,20,real_diff_in_helix_subspace,200,0.0,1.0,-8.082413673400879,-0.6357677578926086,10.304414898010108,31.474702835083008
A,24,20,full_swap,200,0.0,0.9950000047683716,-8.049922943115234,-0.6347901225090027,17.999069213867188,31.474702835083008
A,25,20,helix,200,0.0,0.9950000047683716,-8.080119132995605,-0.6337860226631165,9.38451126910992,33.10878372192383
A,25,20,only_T2,200,0.0,0.9950000047683716,-8.161067008972168,-0.637100100517273,0.0,33.10878372192383
A,25,20,only_T5,200,0.0,0.9950000047683716,-8.161067008972168,-0.637100100517273,1.2550716441348004e-14,33.10878372192383
A,25,20,only_T10,200,0.0,0.9950000047683716,-8.161067008972168,-0.637100100517273,5.730091270679716e-15,33.10878372192383
A,25,20,only_T100,200,0.0,1.0,-8.139545440673828,-0.6386353969573975,8.39192920063575,33.10878372192383
A,25,20,only_lin,200,0.0,0.9950000047683716,-8.108312606811523,-0.6328484416007996,4.653429409377928,33.10878372192383
A,25,20,random_orth,200,0.0,0.9950000047683716,-8.16679573059082,-0.6338692903518677,9.38451126910992,33.10878372192383
A,25,20,real_diff_in_helix_subspace,200,0.0,1.0,-8.083646774291992,-0.6341918706893921,11.010410855215113,33.10878372192383
A,25,20,full_swap,200,0.0,1.0,-8.053821563720703,-0.631577730178833,19.064863204956055,33.10878372192383
A,26,20,helix,200,0.0,1.0,-8.088333129882812,-0.6299080848693848,9.790355528496839,34.744075775146484
A,26,20,only_T2,200,0.0,0.9950000047683716,-8.161067008972168,-0.637100100517273,0.0,34.744075775146484
A,26,20,only_T5,200,0.0,0.9950000047683716,-8.161067008972168,-0.637100100517273,1.2991028650752104e-14,34.744075775146484
A,26,20,only_T10,200,0.0,0.9950000047683716,-8.161067008972168,-0.637100100517273,5.921404230990369e-15,34.744075775146484
A,26,20,only_T100,200,0.0,1.0,-8.13753890991211,-0.6362422704696655,8.751089401124926,34.744075775146484
A,26,20,only_lin,200,0.0,1.0,-8.11695671081543,-0.6320472955703735,4.856453712229379,34.744075775146484
A,26,20,random_orth,200,0.0,0.9950000047683716,-8.166482925415039,-0.6342277526855469,9.790355528496839,34.744075775146484
A,26,20,real_diff_in_helix_subspace,200,0.0,1.0,-8.094389915466309,-0.6291298270225525,11.52791024799418,34.744075775146484
A,26,20,full_swap,200,0.0,0.9950000047683716,-8.054869651794434,-0.6300009489059448,19.890853881835938,34.744075775146484
A,27,20,helix,200,0.0,1.0,-8.111151695251465,-0.6302316188812256,10.310128655176982,37.438602447509766
A,27,20,only_T2,200,0.0,0.9950000047683716,-8.161067008972168,-0.637100100517273,0.0,37.438602447509766
A,27,20,only_T5,200,0.0,0.9950000047683716,-8.161067008972168,-0.637100100517273,1.356613551182298e-14,37.438602447509766
A,27,20,only_T10,200,0.0,0.9950000047683716,-8.161067008972168,-0.637100100517273,6.178570458286109e-15,37.438602447509766
A,27,20,only_T100,200,0.0,1.0,-8.143070220947266,-0.6361318826675415,9.180126952399256,37.438602447509766
A,27,20,only_lin,200,0.0,1.0,-8.132071495056152,-0.6322128176689148,5.123843928949722,37.438602447509766
A,27,20,random_orth,200,0.0,0.9950000047683716,-8.161138534545898,-0.6356407403945923,10.310128655176982,37.438602447509766
A,27,20,real_diff_in_helix_subspace,200,0.0,1.0,-8.11303424835205,-0.6278414726257324,12.20675408940627,37.438602447509766
A,27,20,full_swap,200,0.0,0.9950000047683716,-8.098250389099121,-0.6270955801010132,20.901342391967773,37.438602447509766
A,28,20,helix,200,0.0,0.9950000047683716,-8.103034019470215,-0.6296800971031189,10.634454846979406,39.79411315917969
A,28,20,only_T2,200,0.0,0.9950000047683716,-8.161067008972168,-0.637100100517273,0.0,39.79411315917969
A,28,20,only_T5,200,0.0,0.9950000047683716,-8.161067008972168,-0.637100100517273,1.3929101322076076e-14,39.79411315917969
A,28,20,only_T10,200,0.0,0.9950000047683716,-8.161067008972168,-0.637100100517273,6.426398869032373e-15,39.79411315917969
A,28,20,only_T100,200,0.0,0.9950000047683716,-8.135830879211426,-0.6368659734725952,9.442389095261065,39.79411315917969
A,28,20,only_lin,200,0.0,0.9950000047683716,-8.128786087036133,-0.6310622096061707,5.301029878559097,39.79411315917969
A,28,20,random_orth,200,0.0,0.9950000047683716,-8.159536361694336,-0.637114942073822,10.634454846979406,39.79411315917969
A,28,20,real_diff_in_helix_subspace,200,0.0,1.0,-8.104537010192871,-0.6281254291534424,12.674179557675338,39.79411315917969
A,28,20,full_swap,200,0.0,0.9950000047683716,-8.08689022064209,-0.6299849152565002,21.6729793548584,39.79411315917969
A,29,20,helix,200,0.0,0.9950000047683716,-8.105525970458984,-0.6293033361434937,11.150071245297463,43.31192398071289
A,29,20,only_T2,200,0.0,0.9950000047683716,-8.161067008972168,-0.637100100517273,0.0,43.31192398071289
A,29,20,only_T5,200,0.0,0.9950000047683716,-8.161067008972168,-0.637100100517273,1.4424352210360295e-14,43.31192398071289
A,29,20,only_T10,200,0.0,0.9950000047683716,-8.161067008972168,-0.637100100517273,6.657075560867346e-15,43.31192398071289
A,29,20,only_T100,200,0.0,0.9950000047683716,-8.13251781463623,-0.6364365220069885,9.86800602187757,43.31192398071289
A,29,20,only_lin,200,0.0,0.9950000047683716,-8.1375150680542,-0.6302204728126526,5.5663502457520835,43.31192398071289
A,29,20,random_orth,200,0.0,0.9950000047683716,-8.162018775939941,-0.6359662413597107,11.150071245297463,43.31192398071289
A,29,20,real_diff_in_helix_subspace,200,0.0,1.0,-8.106891632080078,-0.6275458335876465,13.43863074110189,43.31192398071289
A,29,20,full_swap,200,0.0,0.9950000047683716,-8.088937759399414,-0.6283049583435059,22.788476943969727,43.31192398071289
A,30,20,helix,200,0.0,0.9950000047683716,-8.135763168334961,-0.6323869824409485,11.762020151690162,54.72356414794922
A,30,20,only_T2,200,0.0,0.9950000047683716,-8.161067008972168,-0.637100100517273,0.0,54.72356414794922
A,30,20,only_T5,200,0.0,0.9950000047683716,-8.161067008972168,-0.637100100517273,1.5211383192256623e-14,54.72356414794922
A,30,20,only_T10,200,0.0,0.9950000047683716,-8.161067008972168,-0.637100100517273,6.964555295832325e-15,54.72356414794922
A,30,20,only_T100,200,0.0,0.9950000047683716,-8.147292137145996,-0.6366615295410156,10.383902861499683,54.72356414794922
A,30,20,only_lin,200,0.0,0.9950000047683716,-8.154370307922363,-0.6332722306251526,5.854374753974931,54.72356414794922
A,30,20,random_orth,200,0.0,0.9950000047683716,-8.16163158416748,-0.6369643807411194,11.762020151690162,54.72356414794922
A,30,20,real_diff_in_helix_subspace,200,0.0,0.9950000047683716,-8.134245872497559,-0.6313631534576416,14.43243691360619,54.72356414794922
A,30,20,full_swap,200,0.0,0.9950000047683716,-8.125494003295898,-0.6316989660263062,24.295482635498047,54.72356414794922
A,31,20,helix,200,0.0,0.9950000047683716,-8.161067008972168,-0.637100100517273,12.590298376451724,74.33972930908203
A,31,20,only_T2,200,0.0,0.9950000047683716,-8.161067008972168,-0.637100100517273,0.0,74.33972930908203
A,31,20,only_T5,200,0.0,0.9950000047683716,-8.161067008972168,-0.637100100517273,1.626106808667813e-14,74.33972930908203
A,31,20,only_T10,200,0.0,0.9950000047683716,-8.161067008972168,-0.637100100517273,7.410955751966553e-15,74.33972930908203
A,31,20,only_T100,200,0.0,0.9950000047683716,-8.161067008972168,-0.637100100517273,11.122048008980709,74.33972930908203
A,31,20,only_lin,200,0.0,0.9950000047683716,-8.161067008972168,-0.637100100517273,6.3453926108882,74.33972930908203
A,31,20,random_orth,200,0.0,0.9950000047683716,-8.161067008972168,-0.637100100517273,12.590298376451724,74.33972930908203
A,31,20,real_diff_in_helix_subspace,200,0.0,0.9950000047683716,-8.161067008972168,-0.637100100517273,15.681440779607115,74.33972930908203
A,31,20,full_swap,200,0.0,0.9950000047683716,-8.161067008972168,-0.637100100517273,26.20865249633789,74.33972930908203
B,0,-20,helix,200,0.3149999976158142,0.2199999988079071,-3.5599467754364014,-4.203278541564941,1.8373427579193136,4.908895492553711
B,0,-20,only_T2,200,0.0,1.0,-7.025404453277588,-0.767948567867279,0.0,4.908895492553711
B,0,-20,only_T5,200,0.0,1.0,-7.025404453277588,-0.767948567867279,2.3762933148334833e-15,4.908895492553711
B,0,-20,only_T10,200,0.0,1.0,-7.025404453277588,-0.767948567867279,1.2197001148300976e-15,4.908895492553711
B,0,-20,only_T100,200,0.16499999165534973,0.38999998569488525,-4.239436626434326,-3.448118209838867,1.8536169811545153,4.908895492553711
B,0,-20,only_lin,200,0.014999999664723873,0.8499999642372131,-6.388842582702637,-1.3516845703125,1.086402005902599,4.908895492553711
B,0,-20,random_orth,200,0.0,0.9950000047683716,-7.009312629699707,-0.7839663028717041,1.8373427579193136,4.908895492553711
B,0,-20,real_diff_in_helix_subspace,200,0.375,0.17999999225139618,-3.1643548011779785,-4.999832630157471,2.0657722860199166,4.908895492553711
B,0,-20,full_swap,200,0.9799999594688416,0.0,-0.666016697883606,-8.29996109008789,4.7343597412109375,4.908895492553711
B,1,-20,helix,200,0.32499998807907104,0.20999999344348907,-3.4960272312164307,-4.340330123901367,1.875423085733295,5.238361835479736
B,1,-20,only_T2,200,0.0,1.0,-7.025404453277588,-0.767948567867279,0.0,5.238361835479736
B,1,-20,only_T5,200,0.0,1.0,-7.025404453277588,-0.767948567867279,2.3631668788665807e-15,5.238361835479736
B,1,-20,only_T10,200,0.0,1.0,-7.025404453277588,-0.767948567867279,1.2009925831270818e-15,5.238361835479736
B,1,-20,only_T100,200,0.16499999165534973,0.35499998927116394,-4.192689895629883,-3.452852964401245,1.8527013184484291,5.238361835479736
B,1,-20,only_lin,200,0.014999999664723873,0.8299999833106995,-6.27839469909668,-1.4511709213256836,1.1535913906355295,5.238361835479736
B,1,-20,random_orth,200,0.0,0.9950000047683716,-7.009402275085449,-0.7723772525787354,1.8754230857332947,5.238361835479736
B,1,-20,real_diff_in_helix_subspace,200,0.38499999046325684,0.1850000023841858,-3.153221368789673,-4.867550373077393,2.058916580181504,5.238361835479736
B,1,-20,full_swap,200,0.9799999594688416,0.0,-0.6666750311851501,-8.29976749420166,4.6253461837768555,5.238361835479736
B,2,-20,helix,200,0.3349999785423279,0.19999998807907104,-3.4363560676574707,-4.442058086395264,1.9865423711023182,5.704587459564209
B,2,-20,only_T2,200,0.0,1.0,-7.025404453277588,-0.767948567867279,0.0,5.704587459564209
B,2,-20,only_T5,200,0.0,1.0,-7.025404453277588,-0.767948567867279,2.4520169872615945e-15,5.704587459564209
B,2,-20,only_T10,200,0.0,1.0,-7.025404453277588,-0.767948567867279,1.2562522235487589e-15,5.704587459564209
B,2,-20,only_T100,200,0.17499999701976776,0.3499999940395355,-4.14453125,-3.5001189708709717,1.9488727960139909,5.704587459564209
B,2,-20,only_lin,200,0.02499999850988388,0.8100000023841858,-6.20487642288208,-1.5049183368682861,1.2488008732018003,5.704587459564209
B,2,-20,random_orth,200,0.0,0.9899999499320984,-7.015020370483398,-0.7783210873603821,1.9865423711023187,5.704587459564209
B,2,-20,real_diff_in_helix_subspace,200,0.38999998569488525,0.1850000023841858,-3.127833127975464,-4.8423333168029785,2.154199411588178,5.704587459564209
B,2,-20,full_swap,200,0.9799999594688416,0.0,-0.659832775592804,-8.297990798950195,4.753511905670166,5.704587459564209
B,3,-20,helix,200,0.3400000035762787,0.1850000023841858,-3.402277708053589,-4.515710830688477,2.1379377866749403,6.484691619873047
B,3,-20,only_T2,200,0.0,1.0,-7.025404453277588,-0.767948567867279,0.0,6.484691619873047
B,3,-20,only_T5,200,0.0,1.0,-7.025404453277588,-0.767948567867279,2.650545862258989e-15,6.484691619873047
B,3,-20,only_T10,200,0.0,1.0,-7.025404453277588,-0.767948567867279,1.3914336058829968e-15,6.484691619873047
B,3,-20,only_T100,200,0.17999999225139618,0.32999998331069946,-4.081057548522949,-3.6019232273101807,2.0743504726264708,6.484691619873047
B,3,-20,only_lin,200,0.02499999850988388,0.8149999976158142,-6.163598537445068,-1.5117003917694092,1.3767598266981158,6.484691619873047
B,3,-20,random_orth,200,0.0,0.9950000047683716,-7.031900405883789,-0.7720073461532593,2.1379377866749407,6.484691619873047
B,3,-20,real_diff_in_helix_subspace,200,0.375,0.19999998807907104,-3.1667354106903076,-4.795578956604004,2.2991137949551144,6.484691619873047
B,3,-20,full_swap,200,0.9799999594688416,0.0,-0.6560592651367188,-8.303821563720703,4.9353556632995605,6.484691619873047
B,4,-20,helix,200,0.3499999940395355,0.17999999225139618,-3.4082844257354736,-4.542203426361084,2.334921510157851,7.297370433807373
B,4,-20,only_T2,200,0.0,1.0,-7.025404453277588,-0.767948567867279,0.0,7.297370433807373
B,4,-20,only_T5,200,0.0,1.0,-7.025404453277588,-0.767948567867279,2.806745969020449e-15,7.297370433807373
B,4,-20,only_T10,200,0.0,1.0,-7.025404453277588,-0.767948567867279,1.474991818171788e-15,7.297370433807373
B,4,-20,only_T100,200,0.1550000011920929,0.32499998807907104,-4.090688705444336,-3.630858898162842,2.2487475305263267,7.297370433807373
B,4,-20,only_lin,200,0.019999999552965164,0.8199999928474426,-6.132396697998047,-1.5742522478103638,1.5104597053808784,7.297370433807373
B,4,-20,random_orth,200,0.0,0.9950000047683716,-7.022110462188721,-0.7760912775993347,2.334921510157851,7.297370433807373
B,4,-20,real_diff_in_helix_subspace,200,0.3700000047683716,0.19999998807907104,-3.2218475341796875,-4.782214164733887,2.5152980984153275,7.297370433807373
B,4,-20,full_swap,200,0.9799999594688416,0.0,-0.6696301102638245,-8.304096221923828,5.335366249084473,7.297370433807373
B,5,-20,helix,200,0.3349999785423279,0.1850000023841858,-3.4434521198272705,-4.5561957359313965,2.571494850988144,8.047076225280762
B,5,-20,only_T2,200,0.0,1.0,-7.025404453277588,-0.767948567867279,0.0,8.047076225280762
B,5,-20,only_T5,200,0.0,1.0,-7.025404453277588,-0.767948567867279,3.0442153985526947e-15,8.047076225280762
B,5,-20,only_T10,200,0.0,1.0,-7.025404453277588,-0.767948567867279,1.6274484278412572e-15,8.047076225280762
B,5,-20,only_T100,200,0.14999999105930328,0.3050000071525574,-4.125922679901123,-3.6621339321136475,2.4656781013077493,8.047076225280762
B,5,-20,only_lin,200,0.02499999850988388,0.8050000071525574,-6.134953498840332,-1.616851568222046,1.6680642517823083,8.047076225280762
B,5,-20,random_orth,200,0.0,0.9899999499320984,-7.009188652038574,-0.7622035145759583,2.571494850988144,8.047076225280762
B,5,-20,real_diff_in_helix_subspace,200,0.35999998450279236,0.19999998807907104,-3.2813503742218018,-4.820951461791992,2.7939646712162367,8.047076225280762
B,5,-20,full_swap,200,0.9799999594688416,0.0,-0.6638121604919434,-8.314133644104004,5.890086650848389,8.047076225280762
B,6,-20,helix,200,0.3349999785423279,0.1850000023841858,-3.4508111476898193,-4.576054573059082,2.8257934017608877,9.39579963684082
B,6,-20,only_T2,200,0.0,1.0,-7.025404453277588,-0.767948567867279,0.0,9.39579963684082
B,6,-20,only_T5,200,0.0,1.0,-7.025404453277588,-0.767948567867279,3.3242442131133017e-15,9.39579963684082
B,6,-20,only_T10,200,0.0,1.0,-7.025404453277588,-0.767948567867279,1.7718308657945185e-15,9.39579963684082
B,6,-20,only_T100,200,0.14499999582767487,0.3050000071525574,-4.134907245635986,-3.6224639415740967,2.7007097839061593,9.39579963684082
B,6,-20,only_lin,200,0.029999999329447746,0.7749999761581421,-6.060974597930908,-1.6819078922271729,1.8912727478857576,9.39579963684082
B,6,-20,random_orth,200,0.0,0.9950000047683716,-7.062574863433838,-0.7576626539230347,2.8257934017608877,9.39579963684082
B,6,-20,real_diff_in_helix_subspace,200,0.3499999940395355,0.17999999225139618,-3.296682119369507,-4.8001508712768555,3.0870020306258565,9.39579963684082
B,6,-20,full_swap,200,0.9799999594688416,0.0,-0.6676619052886963,-8.30265998840332,6.406911849975586,9.39579963684082
B,7,-20,helix,200,0.32499998807907104,0.1899999976158142,-3.446319580078125,-4.5667572021484375,2.966109638597778,9.893445014953613
B,7,-20,only_T2,200,0.0,1.0,-7.025404453277588,-0.767948567867279,0.0,9.893445014953613
B,7,-20,only_T5,200,0.0,1.0,-7.025404453277588,-0.767948567867279,3.427655282401311e-15,9.893445014953613
B,7,-20,only_T10,200,0.0,1.0,-7.025404453277588,-0.767948567867279,1.8464062103581636e-15,9.893445014953613
B,7,-20,only_T100,200,0.1599999964237213,0.2849999964237213,-4.0779032707214355,-3.676525115966797,2.8296086584920124,9.893445014953613
B,7,-20,only_lin,200,0.02499999850988388,0.7649999856948853,-6.050314903259277,-1.7129930257797241,1.9532633207989134,9.893445014953613
B,7,-20,random_orth,200,0.0,0.9950000047683716,-7.005511283874512,-0.7832806706428528,2.966109638597778,9.893445014953613
B,7,-20,real_diff_in_helix_subspace,200,0.3799999952316284,0.1899999976158142,-3.240849018096924,-4.844212532043457,3.264222852601373,9.893445014953613
B,7,-20,full_swap,200,0.9799999594688416,0.0,-0.6803357601165771,-8.302207946777344,6.648266792297363,9.893445014953613
B,8,-20,helix,200,0.3100000023841858,0.19999998807907104,-3.5485315322875977,-4.384247303009033,3.047518115383931,11.214800834655762
B,8,-20,only_T2,200,0.0,1.0,-7.025404453277588,-0.767948567867279,0.0,11.214800834655762
B,8,-20,only_T5,200,0.0,1.0,-7.025404453277588,-0.767948567867279,3.60479091186412e-15,11.214800834655762
B,8,-20,only_T10,200,0.0,1.0,-7.025404453277588,-0.767948567867279,2.0072099748176893e-15,11.214800834655762
B,8,-20,only_T100,200,0.14999999105930328,0.3199999928474426,-4.181344032287598,-3.5657870769500732,2.9038347377438423,11.214800834655762
B,8,-20,only_lin,200,0.02499999850988388,0.7699999809265137,-6.10345458984375,-1.6737090349197388,2.034769890064325,11.214800834655762
B,8,-20,random_orth,200,0.0,0.9899999499320984,-7.0009660720825195,-0.7825132012367249,3.047518115383931,11.214800834655762
B,8,-20,real_diff_in_helix_subspace,200,0.35999998450279236,0.20999999344348907,-3.377086639404297,-4.687922477722168,3.405248080713165,11.214800834655762
B,8,-20,full_swap,200,0.9749999642372131,0.0,-0.6770819425582886,-8.304046630859375,7.024614334106445,11.214800834655762
B,9,-20,helix,200,0.3050000071525574,0.19999998807907104,-3.5682215690612793,-4.369325160980225,3.0721661923821775,11.93936538696289
B,9,-20,only_T2,200,0.0,1.0,-7.025404453277588,-0.767948567867279,0.0,11.93936538696289
B,9,-20,only_T5,200,0.0,1.0,-7.025404453277588,-0.767948567867279,3.640268764243839e-15,11.93936538696289
B,9,-20,only_T10,200,0.0,1.0,-7.025404453277588,-0.767948567867279,2.0131222914015883e-15,11.93936538696289
B,9,-20,only_T100,200,0.14999999105930328,0.3100000023841858,-4.176666736602783,-3.5909478664398193,2.929424685982002,11.93936538696289
B,9,-20,only_lin,200,0.02499999850988388,0.7649999856948853,-6.053597450256348,-1.7139391899108887,2.0521809932110524,11.93936538696289
B,9,-20,random_orth,200,0.0,0.9950000047683716,-6.997740745544434,-0.7837896347045898,3.0721661923821775,11.93936538696289
B,9,-20,real_diff_in_helix_subspace,200,0.3449999988079071,0.22999998927116394,-3.4802393913269043,-4.660653114318848,3.4619123005207153,11.93936538696289
B,9,-20,full_swap,200,0.9749999642372131,0.0,-0.6879166960716248,-8.295516967773438,7.211879730224609,11.93936538696289
B,10,-20,helix,200,0.3050000071525574,0.19999998807907104,-3.5784738063812256,-4.334356784820557,3.0994679332379507,12.25598430633545
B,10,-20,only_T2,200,0.0,1.0,-7.025404453277588,-0.767948567867279,0.0,12.25598430633545
B,10,-20,only_T5,200,0.0,1.0,-7.025404453277588,-0.767948567867279,3.788536811465565e-15,12.25598430633545
B,10,-20,only_T10,200,0.0,1.0,-7.025404453277588,-0.767948567867279,2.0858797620555723e-15,12.25598430633545
B,10,-20,only_T100,200,0.14999999105930328,0.29999998211860657,-4.1727142333984375,-3.584567070007324,2.9381048820880666,12.25598430633545
B,10,-20,only_lin,200,0.02499999850988388,0.7749999761581421,-6.054249286651611,-1.7032766342163086,2.0937882778699093,12.25598430633545
B,10,-20,random_orth,200,0.0,1.0,-7.015811443328857,-0.7793591022491455,3.0994679332379507,12.25598430633545
B,10,-20,real_diff_in_helix_subspace,200,0.3199999928474426,0.23999999463558197,-3.5000953674316406,-4.591461181640625,3.4783481248693904,12.25598430633545
B,10,-20,full_swap,200,0.9749999642372131,0.0,-0.6860813498497009,-8.292318344116211,7.255444526672363,12.25598430633545
B,11,-20,helix,200,0.29499998688697815,0.20999999344348907,-3.6117117404937744,-4.215285778045654,3.1546705824154344,12.71242904663086
B,11,-20,only_T2,200,0.0,1.0,-7.025404453277588,-0.767948567867279,0.0,12.71242904663086
B,11,-20,only_T5,200,0.0,1.0,-7.025404453277588,-0.767948567867279,4.0879960761966634e-15,12.71242904663086
B,11,-20,only_T10,200,0.0,1.0,-7.025404453277588,-0.767948567867279,2.192552411449552e-15,12.71242904663086
B,11,-20,only_T100,200,0.14499999582767487,0.28999999165534973,-4.174539566040039,-3.6113884449005127,2.992749499531417,12.71242904663086
B,11,-20,only_lin,200,0.02499999850988388,0.7799999713897705,-6.087944030761719,-1.6514889001846313,2.138551567478966,12.71242904663086
B,11,-20,random_orth,200,0.0,1.0,-7.005754470825195,-0.7796064019203186,3.1546705824154344,12.71242904663086
B,11,-20,real_diff_in_helix_subspace,200,0.32499998807907104,0.2549999952316284,-3.512239933013916,-4.451958179473877,3.530188936252216,12.71242904663086
B,11,-20,full_swap,200,0.9799999594688416,0.0,-0.6679194569587708,-8.276968002319336,7.339215278625488,12.71242904663086
B,12,-20,helix,200,0.2800000011920929,0.20499999821186066,-3.6321096420288086,-4.1672282218933105,3.2812090132217846,13.507946968078613
B,12,-20,only_T2,200,0.0,1.0,-7.025404453277588,-0.767948567867279,0.0,13.507946968078613
B,12,-20,only_T5,200,0.0,1.0,-7.025404453277588,-0.767948567867279,4.602332652193999e-15,13.507946968078613
B,12,-20,only_T10,200,0.0,1.0,-7.025404453277588,-0.767948567867279,2.4778672389108622e-15,13.507946968078613
B,12,-20,only_T100,200,0.14999999105930328,0.28999999165534973,-4.160644054412842,-3.6247103214263916,3.1159452522230824,13.507946968078613
B,12,-20,only_lin,200,0.02499999850988388,0.7699999809265137,-6.102488040924072,-1.63819420337677,2.2079337379031982,13.507946968078613
B,12,-20,random_orth,200,0.0,0.9950000047683716,-7.001785755157471,-0.7769307494163513,3.2812090132217846,13.507946968078613
B,12,-20,real_diff_in_helix_subspace,200,0.32999998331069946,0.2549999952316284,-3.5291006565093994,-4.336692810058594,3.6246511906993923,13.507946968078613
B,12,-20,full_swap,200,0.98499995470047,0.0,-0.6638987064361572,-8.274975776672363,7.558684825897217,13.507946968078613
B,13,-20,helix,200,0.26499998569488525,0.2199999988079071,-3.6963963508605957,-4.077798366546631,3.5300677298902747,14.257406234741211
B,13,-20,only_T2,200,0.0,1.0,-7.025404453277588,-0.767948567867279,0.0,14.257406234741211
B,13,-20,only_T5,200,0.0,1.0,-7.025404453277588,-0.767948567867279,4.93604655351155e-15,14.257406234741211
B,13,-20,only_T10,200,0.0,1.0,-7.025404453277588,-0.767948567867279,2.6598047745969144e-15,14.257406234741211
B,13,-20,only_T100,200,0.17499999701976776,0.2800000011920929,-4.190857410430908,-3.725478410720825,3.355852100499387,14.257406234741211
B,13,-20,only_lin,200,0.02499999850988388,0.7649999856948853,-6.16282844543457,-1.6185375452041626,2.313560469006229,14.257406234741211
B,13,-20,random_orth,200,0.0,0.9899999499320984,-6.991601943969727,-0.779861569404602,3.5300677298902747,14.257406234741211
B,13,-20,real_diff_in_helix_subspace,200,0.35499998927116394,0.2549999952316284,-3.359675168991089,-4.355781078338623,3.9126113112354903,14.257406234741211
B,13,-20,full_swap,200,0.98499995470047,0.0,-0.6387583017349243,-8.195079803466797,7.883729934692383,14.257406234741211
B,14,-20,helix,200,0.26499998569488525,0.2149999886751175,-3.707592010498047,-4.057246685028076,3.5581802563359513,15.105480194091797
B,14,-20,only_T2,200,0.0,1.0,-7.025404453277588,-0.767948567867279,0.0,15.105480194091797
B,14,-20,only_T5,200,0.0,1.0,-7.025404453277588,-0.767948567867279,5.0041177382368716e-15,15.105480194091797
B,14,-20,only_T10,200,0.0,1.0,-7.025404453277588,-0.767948567867279,2.6991074810731966e-15,15.105480194091797
B,14,-20,only_T100,200,0.17000000178813934,0.2800000011920929,-4.185301303863525,-3.7256503105163574,3.3644808579202197,15.105480194091797
B,14,-20,only_lin,200,0.02499999850988388,0.7599999904632568,-6.158066272735596,-1.6403028964996338,2.374722537299703,15.105480194091797
B,14,-20,random_orth,200,0.0,1.0,-6.994381427764893,-0.7716937065124512,3.5581802563359513,15.105480194091797
B,14,-20,real_diff_in_helix_subspace,200,0.3649999797344208,0.2449999898672104,-3.3740127086639404,-4.3353376388549805,3.92720945089497,15.105480194091797
B,14,-20,full_swap,200,0.9950000047683716,0.0,-0.6400602459907532,-8.187028884887695,7.850618362426758,15.105480194091797
B,15,-20,helix,200,0.2199999988079071,0.23499999940395355,-3.859005928039551,-3.8545827865600586,3.9194887188961784,16.32842445373535
B,15,-20,only_T2,200,0.0,1.0,-7.025404453277588,-0.767948567867279,0.0,16.32842445373535
B,15,-20,only_T5,200,0.0,1.0,-7.025404453277588,-0.767948567867279,5.263104707304987e-15,16.32842445373535
B,15,-20,only_T10,200,0.0,1.0,-7.025404453277588,-0.767948567867279,2.8053097996361638e-15,16.32842445373535
B,15,-20,only_T100,200,0.17000000178813934,0.29499998688697815,-4.1593122482299805,-3.682817220687866,3.7332808883544937,16.32842445373535
B,15,-20,only_lin,200,0.019999999552965164,0.7799999713897705,-6.23107385635376,-1.5682923793792725,2.597976042127844,16.32842445373535
B,15,-20,random_orth,200,0.0,1.0,-6.997697830200195,-0.7918897867202759,3.9194887188961784,16.32842445373535
B,15,-20,real_diff_in_helix_subspace,200,0.28999999165534973,0.26499998569488525,-3.6064305305480957,-4.084418296813965,4.189283181765516,16.32842445373535
B,15,-20,full_swap,200,0.9899999499320984,0.0,-0.6524423360824585,-8.039825439453125,8.223771095275879,16.32842445373535
B,16,-20,helix,200,0.17499999701976776,0.2750000059604645,-4.110468864440918,-3.58703351020813,4.76137117315441,18.288410186767578
B,16,-20,only_T2,200,0.0,1.0,-7.025404453277588,-0.767948567867279,0.0,18.288410186767578
B,16,-20,only_T5,200,0.0,1.0,-7.025404453277588,-0.767948567867279,6.526635822415551e-15,18.288410186767578
B,16,-20,only_T10,200,0.0,1.0,-7.025404453277588,-0.767948567867279,3.4799300499609314e-15,18.288410186767578
B,16,-20,only_T100,200,0.1550000011920929,0.2849999964237213,-4.166740894317627,-3.6633214950561523,4.5861673071751135,18.288410186767578
B,16,-20,only_lin,200,0.02499999850988388,0.7699999809265137,-6.185344219207764,-1.6547276973724365,3.06377040873205,18.288410186767578
B,16,-20,random_orth,200,0.0,0.9899999499320984,-6.986940860748291,-0.8055118322372437,4.76137117315441,18.288410186767578
B,16,-20,real_diff_in_helix_subspace,200,0.2449999898672104,0.22499999403953552,-3.6349759101867676,-4.2279372215271,5.191910689567808,18.288410186767578
B,16,-20,full_swap,200,0.98499995470047,0.0,-0.6584287881851196,-7.996338844299316,9.873811721801758,18.288410186767578
B,17,-20,helix,200,0.09999999403953552,0.4949999749660492,-4.695183753967285,-2.7183618545532227,4.978454612286989,19.92572593688965
B,17,-20,only_T2,200,0.0,1.0,-7.025404453277588,-0.767948567867279,0.0,19.92572593688965
B,17,-20,only_T5,200,0.0,1.0,-7.025404453277588,-0.767948567867279,6.771211053627995e-15,19.92572593688965
B,17,-20,only_T10,200,0.0,1.0,-7.025404453277588,-0.767948567867279,3.645814513290344e-15,19.92572593688965
B,17,-20,only_T100,200,0.11999999731779099,0.38499999046325684,-4.566044330596924,-3.08400821685791,4.8314874055034895,19.92572593688965
B,17,-20,only_lin,200,0.009999999776482582,0.8399999737739563,-6.384671688079834,-1.3856174945831299,3.163486629064974,19.92572593688965
B,17,-20,random_orth,200,0.0,1.0,-7.016286849975586,-0.7805599570274353,4.978454612286989,19.92572593688965
B,17,-20,real_diff_in_helix_subspace,200,0.17499999701976776,0.35999998450279236,-4.255745887756348,-3.280862331390381,5.447503113432058,19.92572593688965
B,17,-20,full_swap,200,0.9549999833106995,0.004999999888241291,-0.8105039596557617,-7.339637279510498,10.379836082458496,19.92572593688965
B,18,-20,helix,200,0.05999999865889549,0.7199999690055847,-5.632937908172607,-1.7537792921066284,5.113307573159274,21.07990264892578
B,18,-20,only_T2,200,0.0,1.0,-7.025404453277588,-0.767948567867279,0.0,21.07990264892578
B,18,-20,only_T5,200,0.0,1.0,-7.025404453277588,-0.767948567867279,7.071644935789961e-15,21.07990264892578
B,18,-20,only_T10,200,0.0,1.0,-7.025404453277588,-0.767948567867279,3.746263080084602e-15,21.07990264892578
B,18,-20,only_T100,200,0.06499999761581421,0.5649999976158142,-5.247017860412598,-2.2282803058624268,4.9943953638454355,21.07990264892578
B,18,-20,only_lin,200,0.0,0.9300000071525574,-6.739869117736816,-1.055193305015564,3.2421435457287995,21.07990264892578
B,18,-20,random_orth,200,0.0,1.0,-6.9918670654296875,-0.7765946984291077,5.113307573159274,21.07990264892578
B,18,-20,real_diff_in_helix_subspace,200,0.07999999821186066,0.6449999809265137,-5.387122631072998,-1.9926834106445312,5.615087368804447,21.07990264892578
B,18,-20,full_swap,200,0.5099999904632568,0.22999998927116394,-2.5929179191589355,-5.011878967285156,10.839491844177246,21.07990264892578
B,19,-20,helix,200,0.004999999888241291,0.9749999642372131,-6.645302772521973,-0.8843600749969482,5.403913511796476,22.984609603881836
B,19,-20,only_T2,200,0.0,1.0,-7.025404453277588,-0.767948567867279,0.0,22.984609603881836
B,19,-20,only_T5,200,0.0,1.0,-7.025404453277588,-0.767948567867279,7.520562998697223e-15,22.984609603881836
B,19,-20,only_T10,200,0.0,1.0,-7.025404453277588,-0.767948567867279,3.966935199922486e-15,22.984609603881836
B,19,-20,only_T100,200,0.004999999888241291,0.9300000071525574,-6.511936664581299,-1.0061166286468506,5.23749528949769,22.984609603881836
B,19,-20,only_lin,200,0.0,0.98499995470047,-7.005637168884277,-0.7824084162712097,3.522727010276425,22.984609603881836
B,19,-20,random_orth,200,0.0,0.9950000047683716,-7.012063026428223,-0.7676993608474731,5.403913511796476,22.984609603881836
B,19,-20,real_diff_in_helix_subspace,200,0.004999999888241291,0.9449999928474426,-6.599739074707031,-0.9207804799079895,5.869065869354455,22.984609603881836
B,19,-20,full_swap,200,0.044999998062849045,0.7999999523162842,-5.645209789276123,-1.374152660369873,11.355615615844727,22.984609603881836
B,20,-20,helix,200,0.004999999888241291,0.9649999737739563,-6.636876106262207,-0.8832155466079712,5.656203935970746,23.972801208496094
B,20,-20,only_T2,200,0.0,1.0,-7.025404453277588,-0.767948567867279,0.0,23.972801208496094
B,20,-20,only_T5,200,0.0,1.0,-7.025404453277588,-0.767948567867279,7.940119564761045e-15,23.972801208496094
B,20,-20,only_T10,200,0.0,1.0,-7.025404453277588,-0.767948567867279,4.140384010374972e-15,23.972801208496094
B,20,-20,only_T100,200,0.004999999888241291,0.9249999523162842,-6.489634037017822,-1.0159764289855957,5.504607983598631,23.972801208496094
B,20,-20,only_lin,200,0.0,0.98499995470047,-7.010190963745117,-0.78065025806427,3.6760347173738173,23.972801208496094
B,20,-20,random_orth,200,0.0,1.0,-7.015585899353027,-0.7695358395576477,5.656203935970746,23.972801208496094
B,20,-20,real_diff_in_helix_subspace,200,0.004999999888241291,0.949999988079071,-6.586844444274902,-0.9182966351509094,6.112005030424395,23.972801208496094
B,20,-20,full_swap,200,0.03999999910593033,0.7999999523162842,-5.656459331512451,-1.371584177017212,11.828007698059082,23.972801208496094
B,21,-20,helix,200,0.0,1.0,-6.9251861572265625,-0.7673956751823425,5.943915292332988,25.555458068847656
B,21,-20,only_T2,200,0.0,1.0,-7.025404453277588,-0.767948567867279,0.0,25.555458068847656
B,21,-20,only_T5,200,0.0,1.0,-7.025404453277588,-0.767948567867279,8.102625314863711e-15,25.555458068847656
B,21,-20,only_T10,200,0.0,1.0,-7.025404453277588,-0.767948567867279,4.239716707534889e-15,25.555458068847656
B,21,-20,only_T100,200,0.0,1.0,-6.931885242462158,-0.7818116545677185,5.763775123684999,25.555458068847656
B,21,-20,only_lin,200,0.0,1.0,-7.01097297668457,-0.7604475021362305,3.8207353726727935,25.555458068847656
B,21,-20,random_orth,200,0.0,0.9950000047683716,-7.020167827606201,-0.7714433073997498,5.943915292332988,25.555458068847656
B,21,-20,real_diff_in_helix_subspace,200,0.0,1.0,-6.919591426849365,-0.765012800693512,6.394967463360974,25.555458068847656
B,21,-20,full_swap,200,0.004999999888241291,0.9950000047683716,-6.780092716217041,-0.7934466600418091,12.287575721740723,25.555458068847656
B,22,-20,helix,200,0.0,1.0,-6.905341625213623,-0.7751420140266418,6.154114151823885,28.236328125
B,22,-20,only_T2,200,0.0,1.0,-7.025404453277588,-0.767948567867279,0.0,28.236328125
B,22,-20,only_T5,200,0.0,1.0,-7.025404453277588,-0.767948567867279,8.37276251324269e-15,28.236328125
B,22,-20,only_T10,200,0.0,1.0,-7.025404453277588,-0.767948567867279,4.395311079436175e-15,28.236328125
B,22,-20,only_T100,200,0.0,1.0,-6.917068958282471,-0.7789612412452698,5.988817386891092,28.236328125
B,22,-20,only_lin,200,0.0,0.9950000047683716,-7.002429008483887,-0.768500804901123,3.9824563606757772,28.236328125
B,22,-20,random_orth,200,0.0,1.0,-7.030046463012695,-0.7692210078239441,6.154114151823885,28.236328125
B,22,-20,real_diff_in_helix_subspace,200,0.0,1.0,-6.903416633605957,-0.770492672920227,6.597697021096314,28.236328125
B,22,-20,full_swap,200,0.004999999888241291,0.9950000047683716,-6.759510517120361,-0.8010216951370239,12.767036437988281,28.236328125
B,23,-20,helix,200,0.0,0.9950000047683716,-7.025696754455566,-0.7656136155128479,6.420800012980721,30.109800338745117
B,23,-20,only_T2,200,0.0,1.0,-7.025404453277588,-0.767948567867279,0.0,30.109800338745117
B,23,-20,only_T5,200,0.0,1.0,-7.025404453277588,-0.767948567867279,8.742905927100248e-15,30.109800338745117
B,23,-20,only_T10,200,0.0,1.0,-7.025404453277588,-0.767948567867279,4.581353628423119e-15,30.109800338745117
B,23,-20,only_T100,200,0.0,0.9950000047683716,-6.9936957359313965,-0.782183825969696,6.214688436995193,30.109800338745117
B,23,-20,only_lin,200,0.0,1.0,-7.047427654266357,-0.754402756690979,4.191478161451429,30.109800338745117
B,23,-20,random_orth,200,0.0,0.9950000047683716,-7.032418251037598,-0.7666122317314148,6.420800012980721,30.109800338745117
B,23,-20,real_diff_in_helix_subspace,200,0.0,0.9950000047683716,-7.025275707244873,-0.7663588523864746,6.861723340103834,30.109800338745117
B,23,-20,full_swap,200,0.004999999888241291,0.9899999499320984,-6.970520973205566,-0.7796699404716492,13.366369247436523,30.109800338745117
B,24,-20,helix,200,0.0,1.0,-7.043084144592285,-0.759160578250885,6.634538990864144,31.746366500854492
B,24,-20,only_T2,200,0.0,1.0,-7.025404453277588,-0.767948567867279,0.0,31.746366500854492
B,24,-20,only_T5,200,0.0,1.0,-7.025404453277588,-0.767948567867279,9.089124999319493e-15,31.746366500854492
B,24,-20,only_T10,200,0.0,1.0,-7.025404453277588,-0.767948567867279,4.735533632971886e-15,31.746366500854492
B,24,-20,only_T100,200,0.0,1.0,-7.027291774749756,-0.7705637812614441,6.4116164635029484,31.746366500854492
B,24,-20,only_lin,200,0.0,1.0,-7.044824123382568,-0.7563793659210205,4.351340358197184,31.746366500854492
B,24,-20,random_orth,200,0.0,1.0,-7.035370826721191,-0.7661868333816528,6.634538990864144,31.746366500854492
B,24,-20,real_diff_in_helix_subspace,200,0.0,1.0,-7.041968822479248,-0.7599338889122009,7.09808072171605,31.746366500854492
B,24,-20,full_swap,200,0.0,0.9950000047683716,-7.016077518463135,-0.761631429195404,13.892470359802246,31.746366500854492
B,25,-20,helix,200,0.0,1.0,-7.042324066162109,-0.7579025626182556,6.905704195941917,34.62203598022461
B,25,-20,only_T2,200,0.0,1.0,-7.025404453277588,-0.767948567867279,0.0,34.62203598022461
B,25,-20,only_T5,200,0.0,1.0,-7.025404453277588,-0.767948567867279,9.417299255438157e-15,34.62203598022461
B,25,-20,only_T10,200,0.0,1.0,-7.025404453277588,-0.767948567867279,4.919784162003242e-15,34.62203598022461
B,25,-20,only_T100,200,0.0,1.0,-7.031956195831299,-0.7701860666275024,6.659724519453082,34.62203598022461
B,25,-20,only_lin,200,0.0,1.0,-7.04295539855957,-0.7557164430618286,4.531715990741887,34.62203598022461
B,25,-20,random_orth,200,0.0,1.0,-7.025949001312256,-0.7681339979171753,6.905704195941917,34.62203598022461
B,25,-20,real_diff_in_helix_subspace,200,0.0,1.0,-7.042067527770996,-0.7577096223831177,7.398459323047624,34.62203598022461
B,25,-20,full_swap,200,0.0,0.9950000047683716,-7.018439769744873,-0.7604003548622131,14.544260025024414,34.62203598022461
B,26,-20,helix,200,0.0,1.0,-7.035830020904541,-0.7626460194587708,7.130415753662715,37.0119743347168
B,26,-20,only_T2,200,0.0,1.0,-7.025404453277588,-0.767948567867279,0.0,37.0119743347168
B,26,-20,only_T5,200,0.0,1.0,-7.025404453277588,-0.767948567867279,9.777196936096679e-15,37.0119743347168
B,26,-20,only_T10,200,0.0,1.0,-7.025404453277588,-0.767948567867279,5.0819907364449765e-15,37.0119743347168
B,26,-20,only_T100,200,0.0,1.0,-7.026944637298584,-0.768336296081543,6.866060810297332,37.0119743347168
B,26,-20,only_lin,200,0.0,1.0,-7.0413055419921875,-0.7625223994255066,4.725297176323932,37.0119743347168
B,26,-20,random_orth,200,0.0,1.0,-7.024137020111084,-0.7684435844421387,7.130415753662715,37.0119743347168
B,26,-20,real_diff_in_helix_subspace,200,0.0,1.0,-7.033312797546387,-0.7640115022659302,7.612549373887216,37.0119743347168
B,26,-20,full_swap,200,0.0,0.9950000047683716,-7.021276473999023,-0.765864908695221,15.076181411743164,37.0119743347168
B,27,-20,helix,200,0.0,1.0,-7.031930923461914,-0.7656831741333008,7.407676459862419,39.615745544433594
B,27,-20,only_T2,200,0.0,1.0,-7.025404453277588,-0.767948567867279,0.0,39.615745544433594
B,27,-20,only_T5,200,0.0,1.0,-7.025404453277588,-0.767948567867279,1.0060011284182736e-14,39.615745544433594
B,27,-20,only_T10,200,0.0,1.0,-7.025404453277588,-0.767948567867279,5.265876119148001e-15,39.615745544433594
B,27,-20,only_T100,200,0.0,1.0,-7.019448757171631,-0.7720075845718384,7.1098373969424555,39.615745544433594
B,27,-20,only_lin,200,0.0,1.0,-7.0400872230529785,-0.763285219669342,4.9043200643766625,39.615745544433594
B,27,-20,random_orth,200,0.0,1.0,-7.025047302246094,-0.77044278383255,7.407676459862419,39.615745544433594
B,27,-20,real_diff_in_helix_subspace,200,0.0,1.0,-7.0306010246276855,-0.7668392658233643,7.882672561300015,39.615745544433594
B,27,-20,full_swap,200,0.0,0.9950000047683716,-7.024094581604004,-0.7676032185554504,15.598407745361328,39.615745544433594
B,28,-20,helix,200,0.0,1.0,-7.028514385223389,-0.7670204043388367,7.658054042209534,42.30815124511719
B,28,-20,only_T2,200,0.0,1.0,-7.025404453277588,-0.767948567867279,0.0,42.30815124511719
B,28,-20,only_T5,200,0.0,1.0,-7.025404453277588,-0.767948567867279,1.0389386266178045e-14,42.30815124511719
B,28,-20,only_T10,200,0.0,1.0,-7.025404453277588,-0.767948567867279,5.46475796445481e-15,42.30815124511719
B,28,-20,only_T100,200,0.0,1.0,-7.024356365203857,-0.7707046270370483,7.3472212941986434,42.30815124511719
B,28,-20,only_lin,200,0.0,1.0,-7.032026767730713,-0.7646830677986145,5.087262638332393,42.30815124511719
B,28,-20,random_orth,200,0.0,0.9950000047683716,-7.027707576751709,-0.7685326337814331,7.658054042209534,42.30815124511719
B,28,-20,real_diff_in_helix_subspace,200,0.0,1.0,-7.026288986206055,-0.767773449420929,8.158702653413483,42.30815124511719
B,28,-20,full_swap,200,0.0,0.9950000047683716,-7.023571014404297,-0.7681755423545837,16.211633682250977,42.30815124511719
B,29,-20,helix,200,0.0,1.0,-7.029599666595459,-0.7746802568435669,7.9611486716316655,45.989505767822266
B,29,-20,only_T2,200,0.0,1.0,-7.025404453277588,-0.767948567867279,0.0,45.989505767822266
B,29,-20,only_T5,200,0.0,1.0,-7.025404453277588,-0.767948567867279,1.0642751535139796e-14,45.989505767822266
B,29,-20,only_T10,200,0.0,1.0,-7.025404453277588,-0.767948567867279,5.651847482458379e-15,45.989505767822266
B,29,-20,only_T100,200,0.0,1.0,-7.030208587646484,-0.7700936794281006,7.632730758669326,45.989505767822266
B,29,-20,only_lin,200,0.0,1.0,-7.031022071838379,-0.7721822261810303,5.299992550658596,45.989505767822266
B,29,-20,random_orth,200,0.0,1.0,-7.025511741638184,-0.7676189541816711,7.9611486716316655,45.989505767822266
B,29,-20,real_diff_in_helix_subspace,200,0.0,1.0,-7.030448913574219,-0.7749288082122803,8.496529199278388,45.989505767822266
B,29,-20,full_swap,200,0.0,0.9950000047683716,-7.026493549346924,-0.7734001278877258,16.89811897277832,45.989505767822266
B,30,-20,helix,200,0.0,1.0,-7.032752990722656,-0.7689643502235413,8.304797182591084,57.512176513671875
B,30,-20,only_T2,200,0.0,1.0,-7.025404453277588,-0.767948567867279,0.0,57.512176513671875
B,30,-20,only_T5,200,0.0,1.0,-7.025404453277588,-0.767948567867279,1.0975702701533552e-14,57.512176513671875
B,30,-20,only_T10,200,0.0,1.0,-7.025404453277588,-0.767948567867279,5.867222421377442e-15,57.512176513671875
B,30,-20,only_T100,200,0.0,1.0,-7.032461166381836,-0.7673783898353577,7.962276984846124,57.512176513671875
B,30,-20,only_lin,200,0.0,1.0,-7.028273105621338,-0.7695475816726685,5.51857492181098,57.512176513671875
B,30,-20,random_orth,200,0.0,0.9950000047683716,-7.026784420013428,-0.7683157324790955,8.304797182591084,57.512176513671875
B,30,-20,real_diff_in_helix_subspace,200,0.0,1.0,-7.033061981201172,-0.7688410878181458,8.911324469171204,57.512176513671875
B,30,-20,full_swap,200,0.0,0.9950000047683716,-7.032804012298584,-0.7675476670265198,17.750629425048828,57.512176513671875
B,31,-20,helix,200,0.0,1.0,-7.025404453277588,-0.767948567867279,8.786195954176304,77.2409896850586
B,31,-20,only_T2,200,0.0,1.0,-7.025404453277588,-0.767948567867279,0.0,77.2409896850586
B,31,-20,only_T5,200,0.0,1.0,-7.025404453277588,-0.767948567867279,1.1620785108965233e-14,77.2409896850586
B,31,-20,only_T10,200,0.0,1.0,-7.025404453277588,-0.767948567867279,6.20525061297419e-15,77.2409896850586
B,31,-20,only_T100,200,0.0,1.0,-7.025404453277588,-0.767948567867279,8.433083337068314,77.2409896850586
B,31,-20,only_lin,200,0.0,1.0,-7.025404453277588,-0.767948567867279,5.8393722161763435,77.2409896850586
B,31,-20,random_orth,200,0.0,1.0,-7.025404453277588,-0.767948567867279,8.786195954176304,77.2409896850586
B,31,-20,real_diff_in_helix_subspace,200,0.0,1.0,-7.025404453277588,-0.767948567867279,9.464710799958631,77.2409896850586
B,31,-20,full_swap,200,0.0,1.0,-7.025404453277588,-0.767948567867279,18.86212730407715,77.2409896850586
B,0,-10,helix,200,0.125,0.8050000071525574,-4.1427412033081055,-1.415061354637146,1.0014844461026842,4.621225357055664
B,0,-10,only_T2,200,0.0,0.9950000047683716,-5.870205402374268,-0.716208279132843,0.0,4.621225357055664
B,0,-10,only_T5,200,0.0,0.9950000047683716,-5.870205402374268,-0.716208279132843,1.5222488999297739e-15,4.621225357055664
B,0,-10,only_T10,200,0.0,0.9950000047683716,-5.870205402374268,-0.716208279132843,7.858255473800044e-16,4.621225357055664
B,0,-10,only_T100,200,0.13499999046325684,0.8050000071525574,-4.4883198738098145,-1.3511196374893188,0.9770535146834058,4.621225357055664
B,0,-10,only_lin,200,0.014999999664723873,0.9699999690055847,-5.495133399963379,-0.8412532806396484,0.5432010029512996,4.621225357055664
B,0,-10,random_orth,200,0.0,1.0,-5.85989236831665,-0.7207107543945312,1.0014844461026842,4.621225357055664
B,0,-10,real_diff_in_helix_subspace,200,0.2199999988079071,0.6949999928474426,-3.752816677093506,-1.76615571975708,1.1585509687963425,4.621225357055664
B,0,-10,full_swap,200,1.0,0.0,-0.677124559879303,-6.94212007522583,4.463135242462158,4.621225357055664
B,1,-10,helix,200,0.1550000011920929,0.7699999809265137,-4.073155403137207,-1.4674596786499023,1.024650329210352,4.995368003845215
B,1,-10,only_T2,200,0.0,0.9950000047683716,-5.870205402374268,-0.716208279132843,0.0,4.995368003845215
B,1,-10,only_T5,200,0.0,0.9950000047683716,-5.870205402374268,-0.716208279132843,1.513809414605107e-15,4.995368003845215
B,1,-10,only_T10,200,0.0,0.9950000047683716,-5.870205402374268,-0.716208279132843,7.738133892827393e-16,4.995368003845215
B,1,-10,only_T100,200,0.13499999046325684,0.7999999523162842,-4.460299968719482,-1.3525416851043701,0.9765740830407177,4.995368003845215
B,1,-10,only_lin,200,0.014999999664723873,0.9749999642372131,-5.446203708648682,-0.8638240694999695,0.5767956953177648,4.995368003845215
B,1,-10,random_orth,200,0.0,0.9950000047683716,-5.86945915222168,-0.7212967276573181,1.024650329210352,4.995368003845215
B,1,-10,real_diff_in_helix_subspace,200,0.22499999403953552,0.675000011920929,-3.7378416061401367,-1.7636234760284424,1.1622084386123683,4.995368003845215
B,1,-10,full_swap,200,1.0,0.0,-0.6794033050537109,-6.939930438995361,4.3502888679504395,4.995368003845215
B,2,-10,helix,200,0.1550000011920929,0.7599999904632568,-4.026239395141602,-1.4929345846176147,1.0903328124167597,5.5561676025390625
B,2,-10,only_T2,200,0.0,0.9950000047683716,-5.870205402374268,-0.716208279132843,0.0,5.5561676025390625
B,2,-10,only_T5,200,0.0,0.9950000047683716,-5.870205402374268,-0.716208279132843,1.5693596800835386e-15,5.5561676025390625
B,2,-10,only_T10,200,0.0,0.9950000047683716,-5.870205402374268,-0.716208279132843,8.109643992543842e-16,5.5561676025390625
B,2,-10,only_T100,200,0.13499999046325684,0.7999999523162842,-4.4411725997924805,-1.3674498796463013,1.0273752193528112,5.5561676025390625
B,2,-10,only_lin,200,0.014999999664723873,0.9749999642372131,-5.426100254058838,-0.8661510944366455,0.6244004366009003,5.5561676025390625
B,2,-10,random_orth,200,0.004999999888241291,0.9950000047683716,-5.874705791473389,-0.7209089398384094,1.0903328124167597,5.5561676025390625
B,2,-10,real_diff_in_helix_subspace,200,0.23999999463558197,0.6649999618530273,-3.7234609127044678,-1.7766374349594116,1.2258535754884494,5.5561676025390625
B,2,-10,full_swap,200,1.0,0.0,-0.6760671734809875,-6.939842224121094,4.474518775939941,5.5561676025390625
B,3,-10,helix,200,0.1850000023841858,0.7199999690055847,-3.9946422576904297,-1.5206633806228638,1.178145293204288,6.358766078948975
B,3,-10,only_T2,200,0.0,0.9950000047683716,-5.870205402374268,-0.716208279132843,0.0,6.358766078948975
B,3,-10,only_T5,200,0.0,0.9950000047683716,-5.870205402374268,-0.716208279132843,1.6976666007137849e-15,6.358766078948975
B,3,-10,only_T10,200,0.0,0.9950000047683716,-5.870205402374268,-0.716208279132843,8.986089029734128e-16,6.358766078948975
B,3,-10,only_T100,200,0.13499999046325684,0.7999999523162842,-4.414261817932129,-1.373407006263733,1.0937934192625176,6.358766078948975
B,3,-10,only_lin,200,0.014999999664723873,0.9749999642372131,-5.404574394226074,-0.8741763234138489,0.6883799133490578,6.358766078948975
B,3,-10,random_orth,200,0.0,1.0,-5.8572998046875,-0.726191520690918,1.178145293204288,6.358766078948975
B,3,-10,real_diff_in_helix_subspace,200,0.2549999952316284,0.6699999570846558,-3.709599018096924,-1.813720941543579,1.3247391632277452,6.358766078948975
B,3,-10,full_swap,200,1.0,0.0,-0.6756742596626282,-6.938586711883545,4.631138324737549,6.358766078948975
B,4,-10,helix,200,0.17499999701976776,0.7299999594688416,-3.97350811958313,-1.5343873500823975,1.2880490368352548,7.210217475891113
B,4,-10,only_T2,200,0.0,0.9950000047683716,-5.870205402374268,-0.716208279132843,0.0,7.210217475891113
B,4,-10,only_T5,200,0.0,0.9950000047683716,-5.870205402374268,-0.716208279132843,1.7986278973412932e-15,7.210217475891113
B,4,-10,only_T10,200,0.0,0.9950000047683716,-5.870205402374268,-0.716208279132843,9.536570258079249e-16,7.210217475891113
B,4,-10,only_T100,200,0.14000000059604645,0.7949999570846558,-4.402771949768066,-1.3868225812911987,1.185658526480956,7.210217475891113
B,4,-10,only_lin,200,0.014999999664723873,0.9749999642372131,-5.385221004486084,-0.8845672607421875,0.7552298526904392,7.210217475891113
B,4,-10,random_orth,200,0.0,0.9950000047683716,-5.869930267333984,-0.7165853977203369,1.2880490368352548,7.210217475891113
B,4,-10,real_diff_in_helix_subspace,200,0.2549999952316284,0.6899999976158142,-3.7287840843200684,-1.8139393329620361,1.4422402503567875,7.210217475891113
B,4,-10,full_swap,200,0.9950000047683716,0.0,-0.6773139238357544,-6.9408440589904785,4.965546607971191,7.210217475891113
B,5,-10,helix,200,0.17999999225139618,0.7249999642372131,-3.958983898162842,-1.556516408920288,1.4191008943435117,7.957273960113525
B,5,-10,only_T2,200,0.0,0.9950000047683716,-5.870205402374268,-0.716208279132843,0.0,7.957273960113525
B,5,-10,only_T5,200,0.0,0.9950000047683716,-5.870205402374268,-0.716208279132843,1.9506582262329477e-15,7.957273960113525
B,5,-10,only_T10,200,0.0,0.9950000047683716,-5.870205402374268,-0.716208279132843,1.0533698971607279e-15,7.957273960113525
B,5,-10,only_T100,200,0.1550000011920929,0.7799999713897705,-4.393008708953857,-1.4136888980865479,1.2999106327044325,7.957273960113525
B,5,-10,only_lin,200,0.014999999664723873,0.9699999690055847,-5.379957675933838,-0.8968833684921265,0.8340321258911542,7.957273960113525
B,5,-10,random_orth,200,0.0,1.0,-5.864158630371094,-0.7192050218582153,1.419100894343512,7.957273960113525
B,5,-10,real_diff_in_helix_subspace,200,0.26499998569488525,0.6699999570846558,-3.7409579753875732,-1.8738763332366943,1.6159209635769594,7.957273960113525
B,5,-10,full_swap,200,0.9950000047683716,0.0,-0.6769171953201294,-6.94083309173584,5.41779899597168,7.957273960113525
B,6,-10,helix,200,0.17499999701976776,0.7149999737739563,-3.9330973625183105,-1.587351679801941,1.5668195838672483,9.302529335021973
B,6,-10,only_T2,200,0.0,0.9950000047683716,-5.870205402374268,-0.716208279132843,0.0,9.302529335021973
B,6,-10,only_T5,200,0.0,0.9950000047683716,-5.870205402374268,-0.716208279132843,2.130107107015958e-15,9.302529335021973
B,6,-10,only_T10,200,0.0,0.9950000047683716,-5.870205402374268,-0.716208279132843,1.1483777056608153e-15,9.302529335021973
B,6,-10,only_T100,200,0.1550000011920929,0.7899999618530273,-4.373902320861816,-1.4243096113204956,1.4241519950368144,9.302529335021973
B,6,-10,only_lin,200,0.019999999552965164,0.9649999737739563,-5.345447063446045,-0.9118290543556213,0.9456363739428788,9.302529335021973
B,6,-10,random_orth,200,0.0,1.0,-5.887637615203857,-0.7119411826133728,1.5668195838672483,9.302529335021973
B,6,-10,real_diff_in_helix_subspace,200,0.2750000059604645,0.6499999761581421,-3.7338578701019287,-1.9389262199401855,1.8350658622223008,9.302529335021973
B,6,-10,full_swap,200,0.9950000047683716,0.0,-0.6774526834487915,-6.939133644104004,5.859262466430664,9.302529335021973
B,7,-10,helix,200,0.17999999225139618,0.7099999785423279,-3.8999011516571045,-1.608805775642395,1.640223452327922,9.82394790649414
B,7,-10,only_T2,200,0.0,0.9950000047683716,-5.870205402374268,-0.716208279132843,0.0,9.82394790649414
B,7,-10,only_T5,200,0.0,0.9950000047683716,-5.870205402374268,-0.716208279132843,2.1981849085203356e-15,9.82394790649414
B,7,-10,only_T10,200,0.0,0.9950000047683716,-5.870205402374268,-0.716208279132843,1.1946938746229921e-15,9.82394790649414
B,7,-10,only_T100,200,0.14999999105930328,0.7899999618530273,-4.333261489868164,-1.4347201585769653,1.491772354498855,9.82394790649414
B,7,-10,only_lin,200,0.014999999664723873,0.9699999690055847,-5.333530902862549,-0.9194450378417969,0.9766316603994565,9.82394790649414
B,7,-10,random_orth,200,0.0,1.0,-5.86588191986084,-0.7156358957290649,1.6402234523279222,9.82394790649414
B,7,-10,real_diff_in_helix_subspace,200,0.2750000059604645,0.6399999856948853,-3.6828129291534424,-2.0098953247070312,1.96954371217818,9.82394790649414
B,7,-10,full_swap,200,1.0,0.0,-0.6805561780929565,-6.931611061096191,6.046955585479736,9.82394790649414
B,8,-10,helix,200,0.17000000178813934,0.7299999594688416,-3.9685380458831787,-1.5670392513275146,1.6874015873873365,11.144227027893066
B,8,-10,only_T2,200,0.0,0.9950000047683716,-5.870205402374268,-0.716208279132843,0.0,11.144227027893066
B,8,-10,only_T5,200,0.0,0.9950000047683716,-5.870205402374268,-0.716208279132843,2.3077365096616873e-15,11.144227027893066
B,8,-10,only_T10,200,0.0,0.9950000047683716,-5.870205402374268,-0.716208279132843,1.2950945860871981e-15,11.144227027893066
B,8,-10,only_T100,200,0.14499999582767487,0.7849999666213989,-4.382998943328857,-1.4197906255722046,1.5311489347172884,11.144227027893066
B,8,-10,only_lin,200,0.014999999664723873,0.9599999785423279,-5.356317043304443,-0.9120616912841797,1.0173849450321626,11.144227027893066
B,8,-10,random_orth,200,0.0,1.0,-5.868810176849365,-0.7175787091255188,1.6874015873873365,11.144227027893066
B,8,-10,real_diff_in_helix_subspace,200,0.2449999898672104,0.625,-3.812894821166992,-2.0162699222564697,2.0978057382555026,11.144227027893066
B,8,-10,full_swap,200,1.0,0.0,-0.674494206905365,-6.9259514808654785,6.374174118041992,11.144227027893066
B,9,-10,helix,200,0.17499999701976776,0.7249999642372131,-3.9585466384887695,-1.5833724737167358,1.7022314542649395,11.882299423217773
B,9,-10,only_T2,200,0.0,0.9950000047683716,-5.870205402374268,-0.716208279132843,0.0,11.882299423217773
B,9,-10,only_T5,200,0.0,0.9950000047683716,-5.870205402374268,-0.716208279132843,2.3322296614288205e-15,11.882299423217773
B,9,-10,only_T10,200,0.0,0.9950000047683716,-5.870205402374268,-0.716208279132843,1.3052905115343132e-15,11.882299423217773
B,9,-10,only_T100,200,0.1550000011920929,0.7749999761581421,-4.366817951202393,-1.4371579885482788,1.5446831280301774,11.882299423217773
B,9,-10,only_lin,200,0.014999999664723873,0.9599999785423279,-5.3361992835998535,-0.9235743284225464,1.0260904966055262,11.882299423217773
B,9,-10,random_orth,200,0.0,1.0,-5.871824741363525,-0.7081260681152344,1.7022314542649397,11.882299423217773
B,9,-10,real_diff_in_helix_subspace,200,0.2549999952316284,0.5899999737739563,-3.8994646072387695,-2.079987049102783,2.176783326334048,11.882299423217773
B,9,-10,full_swap,200,1.0,0.0,-0.6787793040275574,-6.934813022613525,6.541802406311035,11.882299423217773
B,10,-10,helix,200,0.16499999165534973,0.7299999594688416,-3.962770938873291,-1.5727320909500122,1.7178328016162374,12.191760063171387
B,10,-10,only_T2,200,0.0,0.9950000047683716,-5.870205402374268,-0.716208279132843,0.0,12.191760063171387
B,10,-10,only_T5,200,0.0,0.9950000047683716,-5.870205402374268,-0.716208279132843,2.430534162908802e-15,12.191760063171387
B,10,-10,only_T10,200,0.0,0.9950000047683716,-5.870205402374268,-0.716208279132843,1.3549569128918663e-15,12.191760063171387
B,10,-10,only_T100,200,0.1550000011920929,0.7799999713897705,-4.365340709686279,-1.4364168643951416,1.5493236789931268,12.191760063171387
B,10,-10,only_lin,200,0.014999999664723873,0.9599999785423279,-5.332677364349365,-0.9198609590530396,1.0468941389349546,12.191760063171387
B,10,-10,random_orth,200,0.004999999888241291,0.9899999499320984,-5.8573431968688965,-0.7168328166007996,1.7178328016162374,12.191760063171387
B,10,-10,real_diff_in_helix_subspace,200,0.2549999952316284,0.5999999642372131,-3.8863303661346436,-2.069451093673706,2.202188677019125,12.191760063171387
B,10,-10,full_swap,200,1.0,0.0,-0.6763706803321838,-6.933054447174072,6.602370738983154,12.191760063171387
B,11,-10,helix,200,0.16499999165534973,0.73499995470047,-3.981309175491333,-1.5439425706863403,1.7498178215353972,12.675249099731445
B,11,-10,only_T2,200,0.0,0.9950000047683716,-5.870205402374268,-0.716208279132843,0.0,12.675249099731445
B,11,-10,only_T5,200,0.0,0.9950000047683716,-5.870205402374268,-0.716208279132843,2.6285540104547047e-15,12.675249099731445
B,11,-10,only_T10,200,0.0,0.9950000047683716,-5.870205402374268,-0.716208279132843,1.4373243999419075e-15,12.675249099731445
B,11,-10,only_T100,200,0.1599999964237213,0.7749999761581421,-4.362769603729248,-1.4470531940460205,1.5781675722583504,12.675249099731445
B,11,-10,only_lin,200,0.019999999552965164,0.9599999785423279,-5.354037284851074,-0.9047409892082214,1.0692757837394833,12.675249099731445
B,11,-10,random_orth,200,0.0,0.9950000047683716,-5.856203556060791,-0.7193840146064758,1.7498178215353972,12.675249099731445
B,11,-10,real_diff_in_helix_subspace,200,0.2549999952316284,0.6150000095367432,-3.873600482940674,-1.998095989227295,2.206717163758444,12.675249099731445
B,11,-10,full_swap,200,1.0,0.0,-0.6708793640136719,-6.921467304229736,6.680269718170166,12.675249099731445
B,12,-10,helix,200,0.17000000178813934,0.73499995470047,-3.988645553588867,-1.5331745147705078,1.8182841102600806,13.4756498336792
B,12,-10,only_T2,200,0.0,0.9950000047683716,-5.870205402374268,-0.716208279132843,0.0,13.4756498336792
B,12,-10,only_T5,200,0.0,0.9950000047683716,-5.870205402374268,-0.716208279132843,2.9518905399434697e-15,13.4756498336792
B,12,-10,only_T10,200,0.0,0.9950000047683716,-5.870205402374268,-0.716208279132843,1.5978431282216898e-15,13.4756498336792
B,12,-10,only_T100,200,0.1599999964237213,0.7749999761581421,-4.348022937774658,-1.462828278541565,1.6432004723545162,13.4756498336792
B,12,-10,only_lin,200,0.019999999552965164,0.9599999785423279,-5.36102294921875,-0.9016244411468506,1.1039668689515991,13.4756498336792
B,12,-10,random_orth,200,0.0,0.9950000047683716,-5.85868501663208,-0.7223230004310608,1.8182841102600806,13.4756498336792
B,12,-10,real_diff_in_helix_subspace,200,0.23999999463558197,0.625,-3.8794264793395996,-1.9392471313476562,2.2464078772411606,13.4756498336792
B,12,-10,full_swap,200,1.0,0.0,-0.669414758682251,-6.917256832122803,6.8821282386779785,13.4756498336792
B,13,-10,helix,200,0.16499999165534973,0.7400000095367432,-4.017721652984619,-1.5460540056228638,1.9548733437671024,14.211706161499023
B,13,-10,only_T2,200,0.0,0.9950000047683716,-5.870205402374268,-0.716208279132843,0.0,14.211706161499023
B,13,-10,only_T5,200,0.0,0.9950000047683716,-5.870205402374268,-0.716208279132843,3.1647884670357496e-15,14.211706161499023
B,13,-10,only_T10,200,0.0,0.9950000047683716,-5.870205402374268,-0.716208279132843,1.7256218706782301e-15,14.211706161499023
B,13,-10,only_T100,200,0.1599999964237213,0.7450000047683716,-4.339449405670166,-1.5560165643692017,1.7696667816785845,14.211706161499023
B,13,-10,only_lin,200,0.019999999552965164,0.9599999785423279,-5.4058427810668945,-0.884121835231781,1.1567802345031142,14.211706161499023
B,13,-10,random_orth,200,0.0,0.9950000047683716,-5.858591556549072,-0.7207927703857422,1.9548733437671024,14.211706161499023
B,13,-10,real_diff_in_helix_subspace,200,0.2549999952316284,0.6299999952316284,-3.731840133666992,-1.9152801036834717,2.408915579444608,14.211706161499023
B,13,-10,full_swap,200,0.9899999499320984,0.0,-0.6609383225440979,-6.843109130859375,7.191090106964111,14.211706161499023
B,14,-10,helix,200,0.16499999165534973,0.7299999594688416,-4.02486515045166,-1.544643521308899,1.9723710146947149,15.059313774108887
B,14,-10,only_T2,200,0.0,0.9950000047683716,-5.870205402374268,-0.716208279132843,0.0,15.059313774108887
B,14,-10,only_T5,200,0.0,0.9950000047683716,-5.870205402374268,-0.716208279132843,3.2110464753915592e-15,15.059313774108887
B,14,-10,only_T10,200,0.0,0.9950000047683716,-5.870205402374268,-0.716208279132843,1.7542643939318114e-15,15.059313774108887
B,14,-10,only_T100,200,0.1599999964237213,0.7450000047683716,-4.339611530303955,-1.561133861541748,1.7740768567812728,15.059313774108887
B,14,-10,only_lin,200,0.019999999552965164,0.9599999785423279,-5.396821022033691,-0.8869057893753052,1.1873612686498516,15.059313774108887
B,14,-10,random_orth,200,0.0,1.0,-5.858658313751221,-0.7144703269004822,1.9723710146947149,15.059313774108887
B,14,-10,real_diff_in_helix_subspace,200,0.2449999898672104,0.6449999809265137,-3.749786376953125,-1.9159643650054932,2.4195279942809966,15.059313774108887
B,14,-10,full_swap,200,0.9899999499320984,0.0,-0.6655780673027039,-6.815140247344971,7.182772159576416,15.059313774108887
B,15,-10,helix,200,0.14499999582767487,0.7549999952316284,-4.083010673522949,-1.491113305091858,2.179978471849842,16.2800350189209
B,15,-10,only_T2,200,0.0,0.9950000047683716,-5.870205402374268,-0.716208279132843,0.0,16.2800350189209
B,15,-10,only_T5,200,0.0,0.9950000047683716,-5.870205402374268,-0.716208279132843,3.37372866681156e-15,16.2800350189209
B,15,-10,only_T10,200,0.0,0.9950000047683716,-5.870205402374268,-0.716208279132843,1.820329500905761e-15,16.2800350189209
B,15,-10,only_T100,200,0.1599999964237213,0.7249999642372131,-4.351712703704834,-1.5798394680023193,1.967196962174138,16.2800350189209
B,15,-10,only_lin,200,0.019999999552965164,0.9649999737739563,-5.422198295593262,-0.8810558915138245,1.2989880210639222,16.2800350189209
B,15,-10,random_orth,200,0.0,0.9950000047683716,-5.846486568450928,-0.7190631031990051,2.179978471849842,16.2800350189209
B,15,-10,real_diff_in_helix_subspace,200,0.2199999988079071,0.6899999976158142,-3.8462512493133545,-1.8410029411315918,2.603111393363924,16.2800350189209
B,15,-10,full_swap,200,0.9899999499320984,0.0,-0.6680110692977905,-6.7330002784729,7.521064281463623,16.2800350189209
B,16,-10,helix,200,0.16499999165534973,0.7400000095367432,-4.067054748535156,-1.5343596935272217,2.627396970215516,18.165485382080078
B,16,-10,only_T2,200,0.0,0.9950000047683716,-5.870205402374268,-0.716208279132843,0.0,18.165485382080078
B,16,-10,only_T5,200,0.0,0.9950000047683716,-5.870205402374268,-0.716208279132843,4.191321139659039e-15,18.165485382080078
B,16,-10,only_T10,200,0.0,0.9950000047683716,-5.870205402374268,-0.716208279132843,2.2446904321885e-15,18.165485382080078
B,16,-10,only_T100,200,0.17499999701976776,0.7299999594688416,-4.305450439453125,-1.5882402658462524,2.4196344215763936,18.165485382080078
B,16,-10,only_lin,200,0.02499999850988388,0.949999988079071,-5.388912200927734,-0.9160279035568237,1.5318852043660245,18.165485382080078
B,16,-10,random_orth,200,0.0,1.0,-5.856236457824707,-0.7197855710983276,2.627396970215516,18.165485382080078
B,16,-10,real_diff_in_helix_subspace,200,0.22999998927116394,0.6399999856948853,-3.7127840518951416,-1.9804916381835938,3.06596842882956,18.165485382080078
B,16,-10,full_swap,200,0.9899999499320984,0.0,-0.6748132109642029,-6.703047275543213,9.112603187561035,18.165485382080078
B,17,-10,helix,200,0.125,0.7949999570846558,-4.3811235427856445,-1.2923684120178223,2.7468097085592857,19.796117782592773
B,17,-10,only_T2,200,0.0,0.9950000047683716,-5.870205402374268,-0.716208279132843,0.0,19.796117782592773
B,17,-10,only_T5,200,0.0,0.9950000047683716,-5.870205402374268,-0.716208279132843,4.35069165720172e-15,19.796117782592773
B,17,-10,only_T10,200,0.0,0.9950000047683716,-5.870205402374268,-0.716208279132843,2.3539122679268806e-15,19.796117782592773
B,17,-10,only_T100,200,0.14499999582767487,0.7899999618530273,-4.528975486755371,-1.3498404026031494,2.549298944884276,19.796117782592773
B,17,-10,only_lin,200,0.009999999776482582,0.9799999594688416,-5.500338077545166,-0.8511735200881958,1.5817433145324873,19.796117782592773
B,17,-10,random_orth,200,0.0,1.0,-5.875644207000732,-0.7195122838020325,2.7468097085592853,19.796117782592773
B,17,-10,real_diff_in_helix_subspace,200,0.16499999165534973,0.7400000095367432,-4.017679214477539,-1.5852175951004028,3.1911801049142685,19.796117782592773
B,17,-10,full_swap,200,0.9899999499320984,0.0,-0.7316614389419556,-5.865520000457764,9.622566223144531,19.796117782592773
B,18,-10,helix,200,0.04999999701976776,0.9049999713897705,-5.034751892089844,-0.9880701899528503,2.8223968230127228,20.960580825805664
B,18,-10,only_T2,200,0.0,0.9950000047683716,-5.870205402374268,-0.716208279132843,0.0,20.960580825805664
B,18,-10,only_T5,200,0.0,0.9950000047683716,-5.870205402374268,-0.716208279132843,4.5485719774844e-15,20.960580825805664
B,18,-10,only_T10,200,0.0,0.9950000047683716,-5.870205402374268,-0.716208279132843,2.4146932833662395e-15,20.960580825805664
B,18,-10,only_T100,200,0.07499999552965164,0.8849999904632568,-5.020586967468262,-1.0563709735870361,2.6349798091150536,20.960580825805664
B,18,-10,only_lin,200,0.004999999888241291,0.98499995470047,-5.723958492279053,-0.7599082589149475,1.6210717728643997,20.960580825805664
B,18,-10,random_orth,200,0.0,0.9950000047683716,-5.8533148765563965,-0.718689501285553,2.8223968230127228,20.960580825805664
B,18,-10,real_diff_in_helix_subspace,200,0.07499999552965164,0.85999995470047,-4.793210983276367,-1.104198694229126,3.272132168908012,20.960580825805664
B,18,-10,full_swap,200,0.6499999761581421,0.3100000023841858,-2.024394989013672,-3.6031975746154785,10.12684440612793,20.960580825805664
B,19,-10,helix,200,0.004999999888241291,0.9899999499320984,-5.5113959312438965,-0.771175742149353,2.990585915637709,22.892749786376953
B,19,-10,only_T2,200,0.0,0.9950000047683716,-5.870205402374268,-0.716208279132843,0.0,22.892749786376953
B,19,-10,only_T5,200,0.0,0.9950000047683716,-5.870205402374268,-0.716208279132843,4.818884849322365e-15,22.892749786376953
B,19,-10,only_T10,200,0.0,0.9950000047683716,-5.870205402374268,-0.716208279132843,2.5483728294599304e-15,22.892749786376953
B,19,-10,only_T100,200,0.004999999888241291,0.9899999499320984,-5.489567756652832,-0.7894792556762695,2.7627383156042664,22.892749786376953
B,19,-10,only_lin,200,0.004999999888241291,0.9899999499320984,-5.838955402374268,-0.7181621193885803,1.7613635051382126,22.892749786376953
B,19,-10,random_orth,200,0.0,0.9950000047683716,-5.867681980133057,-0.7161908745765686,2.9905859156377086,22.892749786376953
B,19,-10,real_diff_in_helix_subspace,200,0.004999999888241291,0.98499995470047,-5.395547866821289,-0.796019434928894,3.456436457224589,22.892749786376953
B,19,-10,full_swap,200,0.13499999046325684,0.7899999618530273,-3.768671751022339,-1.3547183275222778,10.624656677246094,22.892749786376953
B,20,-10,helix,200,0.004999999888241291,0.9899999499320984,-5.50735330581665,-0.7749583125114441,3.1330236910024767,23.888870239257812
B,20,-10,only_T2,200,0.0,0.9950000047683716,-5.870205402374268,-0.716208279132843,0.0,23.888870239257812
B,20,-10,only_T5,200,0.0,0.9950000047683716,-5.870205402374268,-0.716208279132843,5.088628281288562e-15,23.888870239257812
B,20,-10,only_T10,200,0.0,0.9950000047683716,-5.870205402374268,-0.716208279132843,2.6694663964319536e-15,23.888870239257812
B,20,-10,only_T100,200,0.004999999888241291,0.98499995470047,-5.479238033294678,-0.796181321144104,2.903793846750583,23.888870239257812
B,20,-10,only_lin,200,0.004999999888241291,0.9899999499320984,-5.844347953796387,-0.7168020606040955,1.8380173586869086,23.888870239257812
B,20,-10,random_orth,200,0.0,0.9950000047683716,-5.86962890625,-0.7170846462249756,3.1330236910024767,23.888870239257812
B,20,-10,real_diff_in_helix_subspace,200,0.004999999888241291,0.98499995470047,-5.384453773498535,-0.8001470565795898,3.591484769734647,23.888870239257812
B,20,-10,full_swap,200,0.12999999523162842,0.8050000071525574,-3.794522523880005,-1.3498061895370483,11.129985809326172,23.888870239257812
B,21,-10,helix,200,0.0,1.0,-5.811137676239014,-0.7190549969673157,3.291144414972353,25.416427612304688
B,21,-10,only_T2,200,0.0,0.9950000047683716,-5.870205402374268,-0.716208279132843,0.0,25.416427612304688
B,21,-10,only_T5,200,0.0,0.9950000047683716,-5.870205402374268,-0.716208279132843,5.197546512755615e-15,25.416427612304688
B,21,-10,only_T10,200,0.0,0.9950000047683716,-5.870205402374268,-0.716208279132843,2.73810420763195e-15,25.416427612304688
B,21,-10,only_T100,200,0.0,1.0,-5.819124698638916,-0.7229111790657043,3.0403222761589337,25.416427612304688
B,21,-10,only_lin,200,0.0,0.9950000047683716,-5.858459949493408,-0.7114189863204956,1.9103676863363968,25.416427612304688
B,21,-10,random_orth,200,0.0,1.0,-5.871588230133057,-0.7147058844566345,3.291144414972353,25.416427612304688
B,21,-10,real_diff_in_helix_subspace,200,0.0,1.0,-5.806183815002441,-0.7167409062385559,3.7772487919191233,25.416427612304688
B,21,-10,full_swap,200,0.0,0.9950000047683716,-5.592294692993164,-0.7405305504798889,11.53857135772705,25.416427612304688
B,22,-10,helix,200,0.0,1.0,-5.809830188751221,-0.7215149402618408,3.4119023083819213,28.128276824951172
B,22,-10,only_T2,200,0.0,0.9950000047683716,-5.870205402374268,-0.716208279132843,0.0,28.128276824951172
B,22,-10,only_T5,200,0.0,0.9950000047683716,-5.870205402374268,-0.716208279132843,5.370845591879916e-15,28.128276824951172
B,22,-10,only_T10,200,0.0,0.9950000047683716,-5.870205402374268,-0.716208279132843,2.8407832054895716e-15,28.128276824951172
B,22,-10,only_T100,200,0.0,1.0,-5.823070049285889,-0.7220222353935242,3.1592299659162175,28.128276824951172
B,22,-10,only_lin,200,0.0,0.9950000047683716,-5.850129127502441,-0.7151124477386475,1.9912281803378886,28.128276824951172
B,22,-10,random_orth,200,0.0,1.0,-5.867990970611572,-0.7143656611442566,3.4119023083819213,28.128276824951172
B,22,-10,real_diff_in_helix_subspace,200,0.0,1.0,-5.804361820220947,-0.7186784744262695,3.931420615627454,28.128276824951172
B,22,-10,full_swap,200,0.0,0.9950000047683716,-5.595252513885498,-0.7406524419784546,12.004652976989746,28.128276824951172
B,23,-10,helix,200,0.0,1.0,-5.8488450050354,-0.7148407101631165,3.561822123721603,29.975908279418945
B,23,-10,only_T2,200,0.0,0.9950000047683716,-5.870205402374268,-0.716208279132843,0.0,29.975908279418945
B,23,-10,only_T5,200,0.0,0.9950000047683716,-5.870205402374268,-0.716208279132843,5.608294925893047e-15,29.975908279418945
B,23,-10,only_T10,200,0.0,0.9950000047683716,-5.870205402374268,-0.716208279132843,2.9624234230155824e-15,29.975908279418945
B,23,-10,only_T100,200,0.0,1.0,-5.840936660766602,-0.7208946347236633,3.2781400143017447,29.975908279418945
B,23,-10,only_lin,200,0.0,0.9950000047683716,-5.873239994049072,-0.7102147340774536,2.0957390807257146,29.975908279418945
B,23,-10,random_orth,200,0.0,0.9950000047683716,-5.865443706512451,-0.7160611748695374,3.561822123721603,29.975908279418945
B,23,-10,real_diff_in_helix_subspace,200,0.0,1.0,-5.849732398986816,-0.7157047390937805,4.124475127138611,29.975908279418945
B,23,-10,full_swap,200,0.0,0.9950000047683716,-5.769086837768555,-0.730357825756073,12.558881759643555,29.975908279418945
B,24,-10,helix,200,0.0,1.0,-5.872481346130371,-0.7112585306167603,3.6807210685820366,31.62084197998047
B,24,-10,only_T2,200,0.0,0.9950000047683716,-5.870205402374268,-0.716208279132843,0.0,31.62084197998047
B,24,-10,only_T5,200,0.0,0.9950000047683716,-5.870205402374268,-0.716208279132843,5.828174993354348e-15,31.62084197998047
B,24,-10,only_T10,200,0.0,0.9950000047683716,-5.870205402374268,-0.716208279132843,3.071218716307418e-15,31.62084197998047
B,24,-10,only_T100,200,0.0,1.0,-5.865397930145264,-0.717311680316925,3.381823589167483,31.62084197998047
B,24,-10,only_lin,200,0.0,0.9950000047683716,-5.878026008605957,-0.7107263207435608,2.1756701790985926,31.62084197998047
B,24,-10,random_orth,200,0.0,0.9950000047683716,-5.868870735168457,-0.7168105840682983,3.6807210685820366,31.62084197998047
B,24,-10,real_diff_in_helix_subspace,200,0.0,1.0,-5.870640754699707,-0.7115446329116821,4.2686551691725745,31.62084197998047
B,24,-10,full_swap,200,0.0,0.9950000047683716,-5.833884239196777,-0.7103344798088074,13.052128791809082,31.62084197998047
B,25,-10,helix,200,0.0,1.0,-5.873542308807373,-0.7111771702766418,3.828078399698521,34.50794982910156
B,25,-10,only_T2,200,0.0,0.9950000047683716,-5.870205402374268,-0.716208279132843,0.0,34.50794982910156
B,25,-10,only_T5,200,0.0,0.9950000047683716,-5.870205402374268,-0.716208279132843,6.041005707892518e-15,34.50794982910156
B,25,-10,only_T10,200,0.0,0.9950000047683716,-5.870205402374268,-0.716208279132843,3.1896387902642342e-15,34.50794982910156
B,25,-10,only_T100,200,0.0,1.0,-5.866583824157715,-0.7169486880302429,3.512793194868342,34.50794982910156
B,25,-10,only_lin,200,0.0,0.9950000047683716,-5.876306533813477,-0.7096855044364929,2.2658579953709435,34.50794982910156
B,25,-10,random_orth,200,0.0,1.0,-5.868010520935059,-0.7150170803070068,3.828078399698521,34.50794982910156
B,25,-10,real_diff_in_helix_subspace,200,0.0,0.9950000047683716,-5.86858606338501,-0.7123214602470398,4.460126016001715,34.50794982910156
B,25,-10,full_swap,200,0.0,0.9950000047683716,-5.835481643676758,-0.7107246518135071,13.654243469238281,34.50794982910156
B,26,-10,helix,200,0.0,0.9950000047683716,-5.872053146362305,-0.7150440216064453,3.9559980366175735,36.905086517333984
B,26,-10,only_T2,200,0.0,0.9950000047683716,-5.870205402374268,-0.716208279132843,0.0,36.905086517333984
B,26,-10,only_T5,200,0.0,0.9950000047683716,-5.870205402374268,-0.716208279132843,6.274615420149094e-15,36.905086517333984
B,26,-10,only_T10,200,0.0,0.9950000047683716,-5.870205402374268,-0.716208279132843,3.3019045789959164e-15,36.905086517333984
B,26,-10,only_T100,200,0.0,0.9950000047683716,-5.8664398193359375,-0.7166792154312134,3.621519446762623,36.905086517333984
B,26,-10,only_lin,200,0.0,0.9950000047683716,-5.8740234375,-0.7143828272819519,2.3626485881619654,36.905086517333984
B,26,-10,random_orth,200,0.0,1.0,-5.867034912109375,-0.7157284617424011,3.9559980366175735,36.905086517333984
B,26,-10,real_diff_in_helix_subspace,200,0.0,0.9950000047683716,-5.868778705596924,-0.7142974734306335,4.613816002821263,36.905086517333984
B,26,-10,full_swap,200,0.0,0.9950000047683716,-5.842831134796143,-0.7159991264343262,14.159671783447266,36.905086517333984
B,27,-10,helix,200,0.0,0.9950000047683716,-5.86912727355957,-0.7157017588615417,4.109089429340016,39.5722541809082
B,27,-10,only_T2,200,0.0,0.9950000047683716,-5.870205402374268,-0.716208279132843,0.0,39.5722541809082
B,27,-10,only_T5,200,0.0,0.9950000047683716,-5.870205402374268,-0.716208279132843,6.458369105545659e-15,39.5722541809082
B,27,-10,only_T10,200,0.0,0.9950000047683716,-5.870205402374268,-0.716208279132843,3.419986957793613e-15,39.5722541809082
B,27,-10,only_T100,200,0.0,0.9950000047683716,-5.864329814910889,-0.7176124453544617,3.7496956020592838,39.5722541809082
B,27,-10,only_lin,200,0.0,0.9950000047683716,-5.872969627380371,-0.7142662405967712,2.4521600321883317,39.5722541809082
B,27,-10,random_orth,200,0.0,1.0,-5.86746883392334,-0.7175388932228088,4.109089429340016,39.5722541809082
B,27,-10,real_diff_in_helix_subspace,200,0.0,0.9950000047683716,-5.867927074432373,-0.7177243828773499,4.7911703122801335,39.5722541809082
B,27,-10,full_swap,200,0.0,0.9950000047683716,-5.8625407218933105,-0.7161391973495483,14.632673263549805,39.5722541809082
B,28,-10,helix,200,0.0,0.9950000047683716,-5.869597434997559,-0.7169187068939209,4.251357259438296,42.276206970214844
B,28,-10,only_T2,200,0.0,0.9950000047683716,-5.870205402374268,-0.716208279132843,0.0,42.276206970214844
B,28,-10,only_T5,200,0.0,0.9950000047683716,-5.870205402374268,-0.716208279132843,6.6713168004349585e-15,42.276206970214844
B,28,-10,only_T10,200,0.0,0.9950000047683716,-5.870205402374268,-0.716208279132843,3.5468477865029998e-15,42.276206970214844
B,28,-10,only_T100,200,0.0,0.9950000047683716,-5.86733865737915,-0.7173183560371399,3.8748107112226013,42.276206970214844
B,28,-10,only_lin,200,0.0,0.9950000047683716,-5.868790149688721,-0.7151505947113037,2.5436313191661966,42.276206970214844
B,28,-10,random_orth,200,0.0,0.9950000047683716,-5.8675689697265625,-0.7158053517341614,4.251357259438296,42.276206970214844
B,28,-10,real_diff_in_helix_subspace,200,0.0,0.9950000047683716,-5.8676958084106445,-0.7170224785804749,4.978272350748341,42.276206970214844
B,28,-10,full_swap,200,0.0,0.9950000047683716,-5.861199378967285,-0.7155119776725769,15.189654350280762,42.276206970214844
B,29,-10,helix,200,0.0,0.9950000047683716,-5.8707098960876465,-0.7191534042358398,4.420524844680679,45.932945251464844
B,29,-10,only_T2,200,0.0,0.9950000047683716,-5.870205402374268,-0.716208279132843,0.0,45.932945251464844
B,29,-10,only_T5,200,0.0,0.9950000047683716,-5.870205402374268,-0.716208279132843,6.8340729749310036e-15,45.932945251464844
B,29,-10,only_T10,200,0.0,0.9950000047683716,-5.870205402374268,-0.716208279132843,3.6726498111677795e-15,45.932945251464844
B,29,-10,only_T100,200,0.0,0.9950000047683716,-5.869263648986816,-0.7170336842536926,4.025419436332355,45.932945251464844
B,29,-10,only_lin,200,0.0,0.9950000047683716,-5.86806058883667,-0.7188592553138733,2.6499962753292983,45.932945251464844
B,29,-10,random_orth,200,0.0,1.0,-5.867939472198486,-0.7162942886352539,4.420524844680679,45.932945251464844
B,29,-10,real_diff_in_helix_subspace,200,0.0,0.9950000047683716,-5.870974063873291,-0.7186056971549988,5.21306151610567,45.932945251464844
B,29,-10,full_swap,200,0.0,0.9950000047683716,-5.864164352416992,-0.7204045653343201,15.810210227966309,45.932945251464844
B,30,-10,helix,200,0.0,0.9950000047683716,-5.870866775512695,-0.7166597843170166,4.612627310691675,57.48554611206055
B,30,-10,only_T2,200,0.0,0.9950000047683716,-5.870205402374268,-0.716208279132843,0.0,57.48554611206055
B,30,-10,only_T5,200,0.0,0.9950000047683716,-5.870205402374268,-0.716208279132843,7.051724700988423e-15,57.48554611206055
B,30,-10,only_T10,200,0.0,0.9950000047683716,-5.870205402374268,-0.716208279132843,3.811941269351805e-15,57.48554611206055
B,30,-10,only_T100,200,0.0,0.9950000047683716,-5.871457576751709,-0.7160211205482483,4.198604446462607,57.48554611206055
B,30,-10,only_lin,200,0.0,0.9950000047683716,-5.869927406311035,-0.7172263860702515,2.75928746090549,57.48554611206055
B,30,-10,random_orth,200,0.0,0.9950000047683716,-5.869919776916504,-0.7162196040153503,4.612627310691675,57.48554611206055
B,30,-10,real_diff_in_helix_subspace,200,0.0,0.9950000047683716,-5.871728420257568,-0.7166403532028198,5.475592853931036,57.48554611206055
B,30,-10,full_swap,200,0.0,0.9950000047683716,-5.870361804962158,-0.7157239317893982,16.538986206054688,57.48554611206055
B,31,-10,helix,200,0.0,0.9950000047683716,-5.870205402374268,-0.716208279132843,4.885974115527822,77.3074722290039
B,31,-10,only_T2,200,0.0,0.9950000047683716,-5.870205402374268,-0.716208279132843,0.0,77.3074722290039
B,31,-10,only_T5,200,0.0,0.9950000047683716,-5.870205402374268,-0.716208279132843,7.465779069955888e-15,77.3074722290039
B,31,-10,only_T10,200,0.0,0.9950000047683716,-5.870205402374268,-0.716208279132843,4.02870253139755e-15,77.3074722290039
B,31,-10,only_T100,200,0.0,0.9950000047683716,-5.870205402374268,-0.716208279132843,4.446450853617065,77.3074722290039
B,31,-10,only_lin,200,0.0,0.9950000047683716,-5.870205402374268,-0.716208279132843,2.9196861080881717,77.3074722290039
B,31,-10,random_orth,200,0.0,0.9950000047683716,-5.870205402374268,-0.716208279132843,4.885974115527823,77.3074722290039
B,31,-10,real_diff_in_helix_subspace,200,0.0,0.9950000047683716,-5.870205402374268,-0.716208279132843,5.892082556754351,77.3074722290039
B,31,-10,full_swap,200,0.0,0.9950000047683716,-5.870205402374268,-0.716208279132843,17.561925888061523,77.3074722290039
B,0,-5,helix,200,0.6299999952316284,0.029999999329447746,-2.0403733253479004,-5.256518840789795,1.8722754626623004,4.460931777954102
B,0,-5,only_T2,200,0.0,0.3799999952316284,-6.1654558181762695,-2.134157180786133,1.066275497301506,4.460931777954102
B,0,-5,only_T5,200,0.0,1.0,-7.11979341506958,-0.7057406306266785,1.9419596264061396e-15,4.460931777954102
B,0,-5,only_T10,200,0.029999999329447746,0.38499999046325684,-4.946654319763184,-2.734841823577881,1.4485064515751427,4.460931777954102
B,0,-5,only_T100,200,0.0,0.9449999928474426,-6.787765979766846,-0.8800515532493591,0.5096839998937388,4.460931777954102
B,0,-5,only_lin,200,0.0,0.9950000047683716,-7.029689788818359,-0.7462446689605713,0.2716005014756498,4.460931777954102
B,0,-5,random_orth,200,0.0,0.9950000047683716,-7.106912136077881,-0.7108489871025085,1.8722754626623004,4.460931777954102
B,0,-5,real_diff_in_helix_subspace,200,0.5649999976158142,0.06499999761581421,-2.3376691341400146,-5.046136856079102,1.9351351503715497,4.460931777954102
B,0,-5,full_swap,200,0.98499995470047,0.0,-0.6860381960868835,-7.95696496963501,4.454158306121826,4.460931777954102
B,1,-5,helix,200,0.6299999952316284,0.019999999552965164,-2.005751371383667,-5.338865756988525,1.8623877414046932,4.874493598937988
B,1,-5,only_T2,200,0.0,0.3649999797344208,-6.147709846496582,-2.1694791316986084,1.0716991019516222,4.874493598937988
B,1,-5,only_T5,200,0.0,1.0,-7.11979341506958,-0.7057406306266785,1.9321813529738943e-15,4.874493598937988
B,1,-5,only_T10,200,0.029999999329447746,0.3649999797344208,-4.916224002838135,-2.8029510974884033,1.4264710979913735,4.874493598937988
B,1,-5,only_T100,200,0.0,0.9449999928474426,-6.783023357391357,-0.8788657188415527,0.5101849015578059,4.874493598937988
B,1,-5,only_lin,200,0.0,0.9950000047683716,-7.021702766418457,-0.7496296763420105,0.2883978476588824,4.874493598937988
B,1,-5,random_orth,200,0.0,0.9950000047683716,-7.12039041519165,-0.7037237882614136,1.8623877414046932,4.874493598937988
B,1,-5,real_diff_in_helix_subspace,200,0.5649999976158142,0.04999999701976776,-2.205958843231201,-5.139533996582031,1.916130206141844,4.874493598937988
B,1,-5,full_swap,200,0.98499995470047,0.0,-0.6836529970169067,-7.957324028015137,4.354162693023682,4.874493598937988
B,2,-5,helix,200,0.6599999666213989,0.019999999552965164,-1.9458837509155273,-5.439713001251221,1.9584974776747748,5.458947658538818
B,2,-5,only_T2,200,0.0,0.3149999976158142,-6.12327241897583,-2.2470452785491943,1.127906087374608,5.458947658538818
B,2,-5,only_T5,200,0.0,1.0,-7.11979341506958,-0.7057406306266785,2.0040790301974686e-15,5.458947658538818
B,2,-5,only_T10,200,0.029999999329447746,0.32499998807907104,-4.854542255401611,-2.923292875289917,1.494717786602766,5.458947658538818
B,2,-5,only_T100,200,0.0,0.949999988079071,-6.785416126251221,-0.8812705278396606,0.538292302838609,5.458947658538818
B,2,-5,only_lin,200,0.0,0.9950000047683716,-7.022050857543945,-0.7506101727485657,0.31220021830045014,5.458947658538818
B,2,-5,random_orth,200,0.0,0.9950000047683716,-7.113199234008789,-0.7098981142044067,1.9584974776747748,5.458947658538818
B,2,-5,real_diff_in_helix_subspace,200,0.625,0.02499999850988388,-1.994799017906189,-5.321333408355713,2.000733469989628,5.458947658538818
B,2,-5,full_swap,200,0.98499995470047,0.0,-0.6832859516143799,-7.952327728271484,4.482323169708252,5.458947658538818
B,3,-5,helix,200,0.6649999618530273,0.014999999664723873,-1.9133553504943848,-5.529947280883789,2.2331618657297447,6.267651557922363
B,3,-5,only_T2,200,0.0,0.32499998807907104,-6.106642246246338,-2.2608869075775146,1.3612536657350005,6.267651557922363
B,3,-5,only_T5,200,0.0,1.0,-7.11979341506958,-0.7057406306266785,2.1684880794234798e-15,6.267651557922363
B,3,-5,only_T10,200,0.03999999910593033,0.29499998688697815,-4.781863212585449,-3.047416925430298,1.656898987416646,6.267651557922363
B,3,-5,only_T100,200,0.0,0.9549999833106995,-6.779919147491455,-0.8815731406211853,0.5754787803082378,6.267651557922363
B,3,-5,only_lin,200,0.0,0.9950000047683716,-7.013988971710205,-0.7510215640068054,0.3441899566745289,6.267651557922363
B,3,-5,random_orth,200,0.0,0.9950000047683716,-7.11226749420166,-0.7180930972099304,2.2331618657297447,6.267651557922363
B,3,-5,real_diff_in_helix_subspace,200,0.6499999761581421,0.014999999664723873,-1.9211007356643677,-5.50004768371582,2.275217384169436,6.267651557922363
B,3,-5,full_swap,200,0.98499995470047,0.0,-0.6830583214759827,-7.957589149475098,4.732560634613037,6.267651557922363
B,4,-5,helix,200,0.6499999761581421,0.014999999664723873,-1.9173879623413086,-5.558201789855957,2.362909927233203,7.1357035636901855
B,4,-5,only_T2,200,0.0,0.3149999976158142,-6.100078105926514,-2.2806713581085205,1.4243035410402256,7.1357035636901855
B,4,-5,only_T5,200,0.0,1.0,-7.11979341506958,-0.7057406306266785,2.2958700776043454e-15,7.1357035636901855
B,4,-5,only_T10,200,0.03500000014901161,0.29499998688697815,-4.771429538726807,-3.0858452320098877,1.758131468615399,7.1357035636901855
B,4,-5,only_T100,200,0.0,0.9549999833106995,-6.784407138824463,-0.882359504699707,0.6234070226809879,7.1357035636901855
B,4,-5,only_lin,200,0.0,0.9950000047683716,-7.00365686416626,-0.753280758857727,0.3776149263452196,7.1357035636901855
B,4,-5,random_orth,200,0.0,0.9899999499320984,-7.122217655181885,-0.702919602394104,2.3629099272332024,7.1357035636901855
B,4,-5,real_diff_in_helix_subspace,200,0.6299999952316284,0.019999999552965164,-1.9558141231536865,-5.553966522216797,2.4112420192489457,7.1357035636901855
B,4,-5,full_swap,200,0.98499995470047,0.0,-0.68381267786026,-7.958313941955566,5.08044958114624,7.1357035636901855
B,5,-5,helix,200,0.6449999809265137,0.009999999776482582,-1.9138621091842651,-5.594871520996094,2.5978936849390233,7.8952860832214355
B,5,-5,only_T2,200,0.0,0.29999998211860657,-6.081185340881348,-2.335537910461426,1.5486098431774453,7.8952860832214355
B,5,-5,only_T5,200,0.0,1.0,-7.11979341506958,-0.7057406306266785,2.49083009300769e-15,7.8952860832214355
B,5,-5,only_T10,200,0.02499999850988388,0.2849999964237213,-4.748683452606201,-3.141170024871826,1.9431625116588123,7.8952860832214355
B,5,-5,only_T100,200,0.0,0.9549999833106995,-6.791849613189697,-0.8874000310897827,0.6835583504565905,7.8952860832214355
B,5,-5,only_lin,200,0.0,0.9950000047683716,-6.997920989990234,-0.7597228288650513,0.4170160629455771,7.8952860832214355
B,5,-5,random_orth,200,0.0,0.9950000047683716,-7.090023040771484,-0.7128535509109497,2.5978936849390233,7.8952860832214355
B,5,-5,real_diff_in_helix_subspace,200,0.6150000095367432,0.019999999552965164,-1.9910573959350586,-5.551603317260742,2.6635176320952105,7.8952860832214355
B,5,-5,full_swap,200,0.98499995470047,0.0,-0.6841098666191101,-7.955929279327393,5.5737104415893555,7.8952860832214355
B,6,-5,helix,200,0.6499999761581421,0.014999999664723873,-1.9022191762924194,-5.650195121765137,2.862647135046641,9.24769115447998
B,6,-5,only_T2,200,0.0,0.28999999165534973,-6.086940765380859,-2.362727403640747,1.7334021421795212,9.24769115447998
B,6,-5,only_T5,200,0.0,1.0,-7.11979341506958,-0.7057406306266785,2.7234699147876427e-15,9.24769115447998
B,6,-5,only_T10,200,0.03500000014901161,0.2750000059604645,-4.730833530426025,-3.1949450969696045,2.1181709499659234,9.24769115447998
B,6,-5,only_T100,200,0.0,0.9549999833106995,-6.780267238616943,-0.8898468017578125,0.7522210325046731,9.24769115447998
B,6,-5,only_lin,200,0.0,0.9950000047683716,-6.98622989654541,-0.7653341293334961,0.47281818697143935,9.24769115447998
B,6,-5,random_orth,200,0.0,1.0,-7.0955705642700195,-0.7067776322364807,2.862647135046641,9.24769115447998
B,6,-5,real_diff_in_helix_subspace,200,0.6150000095367432,0.029999999329447746,-2.0293591022491455,-5.591933250427246,2.9784678655816865,9.24769115447998
B,6,-5,full_swap,200,0.9899999499320984,0.0,-0.6813905239105225,-7.955230712890625,6.07100772857666,9.24769115447998
B,7,-5,helix,200,0.6699999570846558,0.009999999776482582,-1.8871243000030518,-5.669800758361816,2.9672008366723848,9.802282333374023
B,7,-5,only_T2,200,0.0,0.28999999165534973,-6.08519172668457,-2.3573050498962402,1.7795695390119366,9.802282333374023
B,7,-5,only_T5,200,0.0,1.0,-7.11979341506958,-0.7057406306266785,2.8091066372329026e-15,9.802282333374023
B,7,-5,only_T10,200,0.03500000014901161,0.26499998569488525,-4.717384338378906,-3.2358827590942383,2.204321046895725,9.802282333374023
B,7,-5,only_T100,200,0.0,0.9549999833106995,-6.777523040771484,-0.8900389075279236,0.7856695683911077,9.802282333374023
B,7,-5,only_lin,200,0.0,0.9950000047683716,-6.983311653137207,-0.7677242755889893,0.48831583019972824,9.802282333374023
B,7,-5,random_orth,200,0.0,1.0,-7.1095428466796875,-0.699604332447052,2.9672008366723857,9.802282333374023
B,7,-5,real_diff_in_helix_subspace,200,0.5799999833106995,0.044999998062849045,-2.07788348197937,-5.6162109375,3.125022067091111,9.802282333374023
B,7,-5,full_swap,200,0.9899999499320984,0.0,-0.6818584203720093,-7.941472053527832,6.302234649658203,9.802282333374023
B,8,-5,helix,200,0.6649999618530273,0.009999999776482582,-1.8903820514678955,-5.659542083740234,3.18000111712228,11.122314453125
B,8,-5,only_T2,200,0.0,0.28999999165534973,-6.08234977722168,-2.3649871349334717,1.8848067555632386,11.122314453125
B,8,-5,only_T5,200,0.0,1.0,-7.11979341506958,-0.7057406306266785,2.9556482944826068e-15,11.122314453125
B,8,-5,only_T10,200,0.029999999329447746,0.25999999046325684,-4.711515426635742,-3.25431752204895,2.3911988347537165,11.122314453125
B,8,-5,only_T100,200,0.0,0.9449999928474426,-6.785786151885986,-0.8968527913093567,0.8081068756541253,11.122314453125
B,8,-5,only_lin,200,0.0,0.9950000047683716,-6.98710298538208,-0.7673689723014832,0.5086924725160813,11.122314453125
B,8,-5,random_orth,200,0.0,0.9950000047683716,-7.089530944824219,-0.7184667587280273,3.18000111712228,11.122314453125
B,8,-5,real_diff_in_helix_subspace,200,0.5799999833106995,0.04999999701976776,-2.1803109645843506,-5.564094066619873,3.401147359127501,11.122314453125
B,8,-5,full_swap,200,0.98499995470047,0.0,-0.6790196895599365,-7.937300682067871,6.697106838226318,11.122314453125
B,9,-5,helix,200,0.6549999713897705,0.009999999776482582,-1.909318208694458,-5.656494617462158,3.2498076521475263,11.850870132446289
B,9,-5,only_T2,200,0.0,0.29999998211860657,-6.082653522491455,-2.368023633956909,1.9774339958672198,11.850870132446289
B,9,-5,only_T5,200,0.0,1.0,-7.11979341506958,-0.7057406306266785,2.987909222110863e-15,11.850870132446289
B,9,-5,only_T10,200,0.029999999329447746,0.2549999952316284,-4.7198076248168945,-3.265964984893799,2.404101796791916,11.850870132446289
B,9,-5,only_T100,200,0.0,0.9449999928474426,-6.785584449768066,-0.8985426425933838,0.8159257789612284,11.850870132446289
B,9,-5,only_lin,200,0.0,0.9899999499320984,-6.978399276733398,-0.7707598805427551,0.5130452483027631,11.850870132446289
B,9,-5,random_orth,200,0.0,0.9899999499320984,-7.096794128417969,-0.7172124981880188,3.2498076521475263,11.850870132446289
B,9,-5,real_diff_in_helix_subspace,200,0.5600000023841858,0.06499999761581421,-2.3090288639068604,-5.510056018829346,3.5228270280173963,11.850870132446289
B,9,-5,full_swap,200,0.98499995470047,0.0,-0.6851290464401245,-7.931066036224365,6.912996768951416,11.850870132446289
B,10,-5,helix,200,0.6649999618530273,0.014999999664723873,-1.8884735107421875,-5.675393581390381,3.375717563746288,12.144268035888672
B,10,-5,only_T2,200,0.0,0.2800000011920929,-6.0764007568359375,-2.4148805141448975,2.0675041200696844,12.144268035888672
B,10,-5,only_T5,200,0.0,1.0,-7.11979341506958,-0.7057406306266785,3.110272471852079e-15,12.144268035888672
B,10,-5,only_T10,200,0.03500000014901161,0.25,-4.689249038696289,-3.316887140274048,2.4949645406246566,12.144268035888672
B,10,-5,only_T100,200,0.0,0.9449999928474426,-6.786543369293213,-0.8980894088745117,0.8193342827690404,12.144268035888672
B,10,-5,only_lin,200,0.0,0.9899999499320984,-6.9799113273620605,-0.7701786756515503,0.5234470694674773,12.144268035888672
B,10,-5,random_orth,200,0.0,0.9950000047683716,-7.087267875671387,-0.7055914998054504,3.375717563746288,12.144268035888672
B,10,-5,real_diff_in_helix_subspace,200,0.5550000071525574,0.05999999865889549,-2.321990728378296,-5.477175235748291,3.6547348516160194,12.144268035888672
B,10,-5,full_swap,200,0.9899999499320984,0.0,-0.6838822960853577,-7.922596454620361,7.036368370056152,12.144268035888672
B,11,-5,helix,200,0.6699999570846558,0.009999999776482582,-1.8544821739196777,-5.706110000610352,3.5578593785472084,12.603419303894043
B,11,-5,only_T2,200,0.0,0.2549999952316284,-6.0685343742370605,-2.46968936920166,2.180036736271351,12.603419303894043
B,11,-5,only_T5,200,0.0,1.0,-7.11979341506958,-0.7057406306266785,3.3484827194345988e-15,12.603419303894043
B,11,-5,only_T10,200,0.03999999910593033,0.2199999988079071,-4.631680011749268,-3.4265832901000977,2.640779835270858,12.603419303894043
B,11,-5,only_T100,200,0.0,0.9449999928474426,-6.782426834106445,-0.8999699354171753,0.8361018976450455,12.603419303894043
B,11,-5,only_lin,200,0.0,0.9899999499320984,-6.988954544067383,-0.7638995051383972,0.5346378918697415,12.603419303894043
B,11,-5,random_orth,200,0.0,1.0,-7.083895683288574,-0.7181963324546814,3.5578593785472084,12.603419303894043
B,11,-5,real_diff_in_helix_subspace,200,0.5899999737739563,0.05999999865889549,-2.1983869075775146,-5.497848987579346,3.8139381630292335,12.603419303894043
B,11,-5,full_swap,200,0.9899999499320984,0.0,-0.6837593913078308,-7.917713642120361,7.202444076538086,12.603419303894043
B,12,-5,helix,200,0.6699999570846558,0.009999999776482582,-1.8222132921218872,-5.713446140289307,3.9524673089709745,13.392595291137695
B,12,-5,only_T2,200,0.0,0.2199999988079071,-6.0446953773498535,-2.516181468963623,2.419808340127677,13.392595291137695
B,12,-5,only_T5,200,0.0,1.0,-7.11979341506958,-0.7057406306266785,3.770345835616135e-15,13.392595291137695
B,12,-5,only_T10,200,0.03999999910593033,0.20499999821186066,-4.565035343170166,-3.513669967651367,2.9560875683951235,13.392595291137695
B,12,-5,only_T100,200,0.0,0.9449999928474426,-6.779519081115723,-0.9055626392364502,0.8704428978073869,13.392595291137695
B,12,-5,only_lin,200,0.0,0.9899999499320984,-6.98785924911499,-0.7621086239814758,0.5519834344757997,13.392595291137695
B,12,-5,random_orth,200,0.0,0.9950000047683716,-7.076638221740723,-0.7106714248657227,3.9524673089709745,13.392595291137695
B,12,-5,real_diff_in_helix_subspace,200,0.6049999594688416,0.04999999701976776,-2.085637092590332,-5.558510780334473,4.184307208928168,13.392595291137695
B,12,-5,full_swap,200,0.9899999499320984,0.0,-0.6830532550811768,-7.911652565002441,7.601579666137695,13.392595291137695
B,13,-5,helix,200,0.6599999666213989,0.009999999776482582,-1.8658111095428467,-5.6664557456970215,4.191720780147991,14.120944023132324
B,13,-5,only_T2,200,0.004999999888241291,0.2149999886751175,-6.0628790855407715,-2.537538528442383,2.509915783569503,14.120944023132324
B,13,-5,only_T5,200,0.0,1.0,-7.11979341506958,-0.7057406306266785,4.036831758963117e-15,14.120944023132324
B,13,-5,only_T10,200,0.029999999329447746,0.1899999976158142,-4.567501544952393,-3.584845781326294,3.176537895886065,14.120944023132324
B,13,-5,only_T100,200,0.0,0.9350000023841858,-6.774735450744629,-0.9338016510009766,0.9400967101162645,14.120944023132324
B,13,-5,only_lin,200,0.0,0.9950000047683716,-7.00367546081543,-0.7540479302406311,0.5783901172515571,14.120944023132324
B,13,-5,random_orth,200,0.0,0.9950000047683716,-7.099465370178223,-0.7122543454170227,4.191720780147991,14.120944023132324
B,13,-5,real_diff_in_helix_subspace,200,0.6150000095367432,0.03500000014901161,-2.0301198959350586,-5.559325218200684,4.420456097311122,14.120944023132324
B,13,-5,full_swap,200,0.9899999499320984,0.0,-0.6690973043441772,-7.890054702758789,7.919234752655029,14.120944023132324
B,14,-5,helix,200,0.6699999570846558,0.009999999776482582,-1.8735817670822144,-5.64408540725708,4.322577602771333,14.990958213806152
B,14,-5,only_T2,200,0.0,0.2199999988079071,-6.070807933807373,-2.5211329460144043,2.659594971546649,14.990958213806152
B,14,-5,only_T5,200,0.0,1.0,-7.11979341506958,-0.7057406306266785,4.091609805125893e-15,14.990958213806152
B,14,-5,only_T10,200,0.03999999910593033,0.1850000023841858,-4.565014362335205,-3.6083667278289795,3.2256224141569247,14.990958213806152
B,14,-5,only_T100,200,0.0,0.9449999928474426,-6.7736496925354,-0.9320118427276611,0.9425282510107624,14.990958213806152
B,14,-5,only_lin,200,0.0,0.9899999499320984,-7.004290580749512,-0.7543970346450806,0.5936806343249256,14.990958213806152
B,14,-5,random_orth,200,0.0,0.98499995470047,-7.070520877838135,-0.742066502571106,4.322577602771333,14.990958213806152
B,14,-5,real_diff_in_helix_subspace,200,0.6150000095367432,0.03500000014901161,-2.0085642337799072,-5.558472633361816,4.539665287593801,14.990958213806152
B,14,-5,full_swap,200,0.9899999499320984,0.0,-0.678121030330658,-7.869428634643555,7.99094295501709,14.990958213806152
B,15,-5,helix,200,0.6699999570846558,0.009999999776482582,-1.890645980834961,-5.590465068817139,4.474810998459609,16.200239181518555
B,15,-5,only_T2,200,0.0,0.2149999886751175,-6.067287445068359,-2.501246452331543,2.708773298572871,16.200239181518555
B,15,-5,only_T5,200,0.0,1.0,-7.11979341506958,-0.7057406306266785,4.3027898432048025e-15,16.200239181518555
B,15,-5,only_T10,200,0.029999999329447746,0.17499999701976776,-4.56657600402832,-3.618004083633423,3.3490105026710904,16.200239181518555
B,15,-5,only_T100,200,0.0,0.9449999928474426,-6.775338172912598,-0.9354652166366577,1.0422313506536667,16.200239181518555
B,15,-5,only_lin,200,0.0,0.9950000047683716,-7.013057708740234,-0.7527292966842651,0.6494940105319611,16.200239181518555
B,15,-5,random_orth,200,0.0,0.9950000047683716,-7.085027694702148,-0.7266454696655273,4.474810998459609,16.200239181518555
B,15,-5,real_diff_in_helix_subspace,200,0.6100000143051147,0.03500000014901161,-2.0165207386016846,-5.499950885772705,4.714256609242609,16.200239181518555
B,15,-5,full_swap,200,0.9950000047683716,0.0,-0.6835098266601562,-7.817922115325928,8.336143493652344,16.200239181518555
B,16,-5,helix,200,0.7149999737739563,0.009999999776482582,-1.7503371238708496,-5.827098369598389,5.388669929627729,18.080102920532227
B,16,-5,only_T2,200,0.0,0.14999999105930328,-6.04278039932251,-2.737933874130249,3.1382386563410027,18.080102920532227
B,16,-5,only_T5,200,0.0,1.0,-7.11979341506958,-0.7057406306266785,5.327460119679474e-15,18.080102920532227
B,16,-5,only_T10,200,0.03999999910593033,0.08500000089406967,-4.357749938964844,-4.251394271850586,4.137817493886232,18.080102920532227
B,16,-5,only_T100,200,0.0,0.9350000023841858,-6.760252952575684,-0.9409305453300476,1.2844776457936038,18.080102920532227
B,16,-5,only_lin,200,0.0,0.9950000047683716,-6.991481781005859,-0.7607229351997375,0.7659426021830125,18.080102920532227
B,16,-5,random_orth,200,0.0,0.9950000047683716,-7.079241752624512,-0.7340036034584045,5.388669929627729,18.080102920532227
B,16,-5,real_diff_in_helix_subspace,200,0.75,0.014999999664723873,-1.7143909931182861,-5.778072357177734,5.523979301082066,18.080102920532227
B,16,-5,full_swap,200,0.9950000047683716,0.0,-0.6904740929603577,-7.787290573120117,9.887248039245605,18.080102920532227
B,17,-5,helix,200,0.6349999904632568,0.014999999664723873,-1.9930088520050049,-5.217508316040039,5.620762776667302,19.68788719177246
B,17,-5,only_T2,200,0.004999999888241291,0.25999999046325684,-6.123465538024902,-2.3946168422698975,3.2456611080615123,19.68788719177246
B,17,-5,only_T5,200,0.0,1.0,-7.11979341506958,-0.7057406306266785,5.525364735166189e-15,19.68788719177246
B,17,-5,only_T10,200,0.03500000014901161,0.14000000059604645,-4.513393402099609,-3.724453926086426,4.336087469992631,19.68788719177246
B,17,-5,only_T100,200,0.0,0.9549999833106995,-6.814461708068848,-0.8827119469642639,1.3526299235988863,19.68788719177246
B,17,-5,only_lin,200,0.0,0.9950000047683716,-7.014089107513428,-0.743948221206665,0.7908716572662436,19.68788719177246
B,17,-5,random_orth,200,0.0,0.9950000047683716,-7.0929718017578125,-0.7251031398773193,5.620762776667303,19.68788719177246
B,17,-5,real_diff_in_helix_subspace,200,0.6349999904632568,0.03500000014901161,-1.9742355346679688,-5.191186428070068,5.757118672068323,19.68788719177246
B,17,-5,full_swap,200,0.9950000047683716,0.0,-0.7621002197265625,-7.138712406158447,10.361788749694824,19.68788719177246
B,18,-5,helix,200,0.2199999988079071,0.3199999928474426,-3.962756872177124,-3.1245100498199463,5.744487130188624,20.821983337402344
B,18,-5,only_T2,200,0.004999999888241291,0.574999988079071,-6.42478084564209,-1.6322546005249023,3.2931721268701106,20.821983337402344
B,18,-5,only_T5,200,0.0,1.0,-7.11979341506958,-0.7057406306266785,5.7723994042585755e-15,20.821983337402344
B,18,-5,only_T10,200,0.029999999329447746,0.5699999928474426,-5.542519569396973,-2.1553001403808594,4.448193305778414,20.821983337402344
B,18,-5,only_T100,200,0.0,0.9549999833106995,-6.91364049911499,-0.8120583891868591,1.3952784895812715,20.821983337402344
B,18,-5,only_lin,200,0.0,0.9950000047683716,-7.072030067443848,-0.7163505554199219,0.8105358864321996,20.821983337402344
B,18,-5,random_orth,200,0.0,0.9899999499320984,-7.101757526397705,-0.710483968257904,5.744487130188622,20.821983337402344
B,18,-5,real_diff_in_helix_subspace,200,0.2549999952316284,0.3400000035762787,-3.9778149127960205,-3.096435546875,5.905256796280247,20.821983337402344
B,18,-5,full_swap,200,0.4899999797344208,0.22499999403953552,-2.7563576698303223,-4.309996128082275,10.819975852966309,20.821983337402344
B,19,-5,helix,200,0.02499999850988388,0.8149999976158142,-5.701361656188965,-1.3834149837493896,6.045054288907525,22.77220916748047
B,19,-5,only_T2,200,0.0,0.8799999952316284,-6.774434566497803,-0.9956266283988953,3.4245493536705065,22.77220916748047
B,19,-5,only_T5,200,0.0,1.0,-7.11979341506958,-0.7057406306266785,6.138384850628851e-15,22.77220916748047
B,19,-5,only_T10,200,0.0,0.9300000071525574,-6.393093585968018,-1.0215747356414795,4.710137360286294,22.77220916748047
B,19,-5,only_T100,200,0.0,0.9899999499320984,-7.0247483253479,-0.737322986125946,1.4632717680672982,22.77220916748047
B,19,-5,only_lin,200,0.0,0.9950000047683716,-7.096700191497803,-0.7056064605712891,0.8806817525691062,22.77220916748047
B,19,-5,random_orth,200,0.0,0.9950000047683716,-7.126092433929443,-0.7008345127105713,6.045054288907525,22.77220916748047
B,19,-5,real_diff_in_helix_subspace,200,0.009999999776482582,0.7899999618530273,-5.708514213562012,-1.391591191291809,6.234552018751194,22.77220916748047
B,19,-5,full_swap,200,0.06499999761581421,0.6649999618530273,-4.75716495513916,-1.8197861909866333,11.38879680633545,22.77220916748047
B,20,-5,helix,200,0.02499999850988388,0.8100000023841858,-5.671523094177246,-1.4092642068862915,6.328248315555823,23.747032165527344
B,20,-5,only_T2,200,0.0,0.8650000095367432,-6.7645158767700195,-1.018273115158081,3.591196870894871,23.747032165527344
B,20,-5,only_T5,200,0.0,1.0,-7.11979341506958,-0.7057406306266785,6.48268247929955e-15,23.747032165527344
B,20,-5,only_T10,200,0.0,0.9249999523162842,-6.375890254974365,-1.035292625427246,4.926079515385874,23.747032165527344
B,20,-5,only_T100,200,0.0,0.98499995470047,-7.023013591766357,-0.7370784878730774,1.5390913227355163,23.747032165527344
B,20,-5,only_lin,200,0.0,1.0,-7.099821090698242,-0.7039497494697571,0.9190086793434543,23.747032165527344
B,20,-5,random_orth,200,0.0,1.0,-7.10435152053833,-0.7120518088340759,6.328248315555823,23.747032165527344
B,20,-5,real_diff_in_helix_subspace,200,0.009999999776482582,0.7999999523162842,-5.687028884887695,-1.407277226448059,6.509491726518867,23.747032165527344
B,20,-5,full_swap,200,0.06499999761581421,0.6699999570846558,-4.763216972351074,-1.8202158212661743,11.962979316711426,23.747032165527344
B,21,-5,helix,200,0.0,0.9950000047683716,-7.0435075759887695,-0.7134423851966858,6.481804209054652,25.244295120239258
B,21,-5,only_T2,200,0.0,1.0,-7.102845191955566,-0.7098119258880615,3.6521691690815796,25.244295120239258
B,21,-5,only_T5,200,0.0,1.0,-7.11979341506958,-0.7057406306266785,6.619955707782364e-15,25.244295120239258
B,21,-5,only_T10,200,0.0,0.9950000047683716,-7.0769877433776855,-0.7104901075363159,5.04770738597423,25.244295120239258
B,21,-5,only_T100,200,0.0,1.0,-7.099153518676758,-0.7074763178825378,1.6126157308742748,25.244295120239258
B,21,-5,only_lin,200,0.0,1.0,-7.115136623382568,-0.7045468091964722,0.9551838431681984,25.244295120239258
B,21,-5,random_orth,200,0.0,1.0,-7.119715213775635,-0.7085211277008057,6.481804209054652,25.244295120239258
B,21,-5,real_diff_in_helix_subspace,200,0.0,1.0,-7.045263290405273,-0.7138919830322266,6.672122513731012,25.244295120239258
B,21,-5,full_swap,200,0.0,0.9899999499320984,-6.892633438110352,-0.7376485466957092,12.325551986694336,25.244295120239258
B,22,-5,helix,200,0.0,0.9950000047683716,-7.047603607177734,-0.7147091031074524,6.719388695371396,27.99285316467285
B,22,-5,only_T2,200,0.0,1.0,-7.106905460357666,-0.7087128758430481,3.7822656414774225,27.99285316467285
B,22,-5,only_T5,200,0.0,1.0,-7.11979341506958,-0.7057406306266785,6.84179208564367e-15,27.99285316467285
B,22,-5,only_T10,200,0.0,0.9950000047683716,-7.076372146606445,-0.7090483903884888,5.236306769740696,27.99285316467285
B,22,-5,only_T100,200,0.0,1.0,-7.096110820770264,-0.7070776224136353,1.6764358079363433,27.99285316467285
B,22,-5,only_lin,200,0.0,1.0,-7.114349365234375,-0.7060263752937317,0.9956140901689444,27.99285316467285
B,22,-5,random_orth,200,0.0,1.0,-7.111354351043701,-0.707550048828125,6.719388695371396,27.99285316467285
B,22,-5,real_diff_in_helix_subspace,200,0.0,1.0,-7.050456523895264,-0.7129503488540649,6.927891975582356,27.99285316467285
B,22,-5,full_swap,200,0.0,0.9950000047683716,-6.911888122558594,-0.735137939453125,12.83527946472168,27.99285316467285
B,23,-5,helix,200,0.0,1.0,-7.087916851043701,-0.714041531085968,7.0949669961213955,29.829145431518555
B,23,-5,only_T2,200,0.0,1.0,-7.111413478851318,-0.7079768776893616,4.100865096887747,29.829145431518555
B,23,-5,only_T5,200,0.0,1.0,-7.11979341506958,-0.7057406306266785,7.145489465685216e-15,29.829145431518555
B,23,-5,only_T10,200,0.0,1.0,-7.098371505737305,-0.7153469920158386,5.460425779076515,29.829145431518555
B,23,-5,only_T100,200,0.0,1.0,-7.110081672668457,-0.706791341304779,1.7398771176871606,29.829145431518555
B,23,-5,only_lin,200,0.0,1.0,-7.1179704666137695,-0.7018424868583679,1.0478695403628573,29.829145431518555
B,23,-5,random_orth,200,0.0,1.0,-7.122269630432129,-0.7060528993606567,7.0949669961213955,29.829145431518555
B,23,-5,real_diff_in_helix_subspace,200,0.0,1.0,-7.091550827026367,-0.7146367430686951,7.319452474405773,29.829145431518555
B,23,-5,full_swap,200,0.0,0.9950000047683716,-7.002186298370361,-0.7266737222671509,13.485462188720703,29.829145431518555
B,24,-5,helix,200,0.0,1.0,-7.115401268005371,-0.69998699426651,7.338684479624447,31.471542358398438
B,24,-5,only_T2,200,0.0,1.0,-7.116017818450928,-0.7052843570709229,4.233443705814077,31.471542358398438
B,24,-5,only_T5,200,0.0,1.0,-7.11979341506958,-0.7057406306266785,7.428988715028007e-15,31.471542358398438
B,24,-5,only_T10,200,0.0,1.0,-7.11381721496582,-0.7016703486442566,5.653081532818459,31.471542358398438
B,24,-5,only_T100,200,0.0,1.0,-7.117558002471924,-0.706039309501648,1.7948572580732922,31.471542358398438
B,24,-5,only_lin,200,0.0,1.0,-7.122254371643066,-0.7030878067016602,1.0878350895492963,31.471542358398438
B,24,-5,random_orth,200,0.0,1.0,-7.119198322296143,-0.7045877575874329,7.338684479624447,31.471542358398438
B,24,-5,real_diff_in_helix_subspace,200,0.0,1.0,-7.116941452026367,-0.7002208828926086,7.594747108082544,31.471542358398438
B,24,-5,full_swap,200,0.0,1.0,-7.079215049743652,-0.7004242539405823,14.02154541015625,31.471542358398438
B,25,-5,helix,200,0.0,1.0,-7.116002082824707,-0.7000231742858887,7.648963412155781,34.392879486083984
B,25,-5,only_T2,200,0.0,1.0,-7.114750862121582,-0.7063351273536682,4.4393662853297915,34.392879486083984
B,25,-5,only_T5,200,0.0,1.0,-7.11979341506958,-0.7057406306266785,7.699138531411488e-15,34.392879486083984
B,25,-5,only_T10,200,0.0,1.0,-7.11257791519165,-0.7028332948684692,5.872889598650377,34.392879486083984
B,25,-5,only_T100,200,0.0,1.0,-7.117990493774414,-0.7055554986000061,1.8640356627061476,34.392879486083984
B,25,-5,only_lin,200,0.0,1.0,-7.123019218444824,-0.7023820281028748,1.1329289976854715,34.392879486083984
B,25,-5,random_orth,200,0.0,1.0,-7.122511863708496,-0.7049668431282043,7.648963412155781,34.392879486083984
B,25,-5,real_diff_in_helix_subspace,200,0.0,1.0,-7.116591453552246,-0.7010294795036316,7.9318566724731285,34.392879486083984
B,25,-5,full_swap,200,0.0,1.0,-7.079821586608887,-0.7014201879501343,14.695887565612793,34.392879486083984
B,26,-5,helix,200,0.0,1.0,-7.113618850708008,-0.7028018236160278,7.915153749548677,36.77642059326172
B,26,-5,only_T2,200,0.0,1.0,-7.11704158782959,-0.7054081559181213,4.592972603317546,36.77642059326172
B,26,-5,only_T5,200,0.0,1.0,-7.11979341506958,-0.7057406306266785,7.99546860287145e-15,36.77642059326172
B,26,-5,only_T10,200,0.0,1.0,-7.110269546508789,-0.7046128511428833,6.073065912259962,36.77642059326172
B,26,-5,only_T100,200,0.0,1.0,-7.116823673248291,-0.7063424587249756,1.9222940112119387,36.77642059326172
B,26,-5,only_lin,200,0.0,1.0,-7.121809482574463,-0.7042251229286194,1.1813242940809827,36.77642059326172
B,26,-5,random_orth,200,0.0,1.0,-7.117580890655518,-0.7078885436058044,7.915153749548677,36.77642059326172
B,26,-5,real_diff_in_helix_subspace,200,0.0,1.0,-7.113908767700195,-0.7030583620071411,8.227602735606126,36.77642059326172
B,26,-5,full_swap,200,0.0,1.0,-7.089483261108398,-0.7058026194572449,15.261638641357422,36.77642059326172
B,27,-5,helix,200,0.0,1.0,-7.113819599151611,-0.7040748596191406,8.162551998204096,39.44104766845703
B,27,-5,only_T2,200,0.0,1.0,-7.115943431854248,-0.7050695419311523,4.692699144029619,39.44104766845703
B,27,-5,only_T5,200,0.0,1.0,-7.11979341506958,-0.7057406306266785,8.228062307219086e-15,39.44104766845703
B,27,-5,only_T10,200,0.0,1.0,-7.114588260650635,-0.7045035362243652,6.289314911050101,39.44104766845703
B,27,-5,only_T100,200,0.0,1.0,-7.115890979766846,-0.7068384289741516,1.9898403515005276,39.44104766845703
B,27,-5,only_lin,200,0.0,1.0,-7.120471000671387,-0.7049972414970398,1.2260800160941658,39.44104766845703
B,27,-5,random_orth,200,0.0,1.0,-7.120120048522949,-0.7066798210144043,8.162551998204096,39.44104766845703
B,27,-5,real_diff_in_helix_subspace,200,0.0,1.0,-7.115466117858887,-0.7046018242835999,8.516018679816014,39.44104766845703
B,27,-5,full_swap,200,0.0,1.0,-7.098134517669678,-0.7065770030021667,15.783649444580078,39.44104766845703
B,28,-5,helix,200,0.0,1.0,-7.112502098083496,-0.7043052315711975,8.451462409878232,42.153465270996094
B,28,-5,only_T2,200,0.0,1.0,-7.11867094039917,-0.7047639489173889,4.838013950324123,42.153465270996094
B,28,-5,only_T5,200,0.0,1.0,-7.11979341506958,-0.7057406306266785,8.496715515663259e-15,42.153465270996094
B,28,-5,only_T10,200,0.0,1.0,-7.113364219665527,-0.7045849561691284,6.526897031394856,42.153465270996094
B,28,-5,only_T100,200,0.0,1.0,-7.116286277770996,-0.7062689065933228,2.0579648124104084,42.153465270996094
B,28,-5,only_lin,200,0.0,1.0,-7.118204593658447,-0.7052326202392578,1.2718156595830983,42.153465270996094
B,28,-5,random_orth,200,0.0,1.0,-7.12271785736084,-0.7047147750854492,8.451462409878232,42.153465270996094
B,28,-5,real_diff_in_helix_subspace,200,0.0,1.0,-7.115705966949463,-0.7039721608161926,8.848949498573337,42.153465270996094
B,28,-5,full_swap,200,0.0,1.0,-7.097412109375,-0.7064743638038635,16.42212677001953,42.153465270996094
B,29,-5,helix,200,0.0,1.0,-7.11360502243042,-0.7066498398780823,8.724611644863295,45.78269577026367
B,29,-5,only_T2,200,0.0,1.0,-7.11781644821167,-0.7063084244728088,4.9552489739961985,45.78269577026367
B,29,-5,only_T5,200,0.0,1.0,-7.11979341506958,-0.7057406306266785,8.705206670590003e-15,45.78269577026367
B,29,-5,only_T10,200,0.0,1.0,-7.115314960479736,-0.7046375274658203,6.757198048355713,45.78269577026367
B,29,-5,only_T100,200,0.0,1.0,-7.119407653808594,-0.7054771184921265,2.138529064485115,45.78269577026367
B,29,-5,only_lin,200,0.0,1.0,-7.119099140167236,-0.7068041563034058,1.3249981376646491,45.78269577026367
B,29,-5,random_orth,200,0.0,1.0,-7.120584964752197,-0.7056756615638733,8.724611644863295,45.78269577026367
B,29,-5,real_diff_in_helix_subspace,200,0.0,1.0,-7.115617752075195,-0.706713080406189,9.16466860948873,45.78269577026367
B,29,-5,full_swap,200,0.0,1.0,-7.105403900146484,-0.7068569660186768,17.076133728027344,45.78269577026367
B,30,-5,helix,200,0.0,1.0,-7.116893291473389,-0.7060961127281189,9.08564183920729,57.33186340332031
B,30,-5,only_T2,200,0.0,1.0,-7.117891311645508,-0.705595850944519,5.183582017362922,57.33186340332031
B,30,-5,only_T5,200,0.0,1.0,-7.11979341506958,-0.7057406306266785,8.977546700780073e-15,57.33186340332031
B,30,-5,only_T10,200,0.0,1.0,-7.115060806274414,-0.7062666416168213,7.018102073535117,57.33186340332031
B,30,-5,only_T100,200,0.0,1.0,-7.11985969543457,-0.7057247757911682,2.229341365968862,57.33186340332031
B,30,-5,only_lin,200,0.0,1.0,-7.11876916885376,-0.7060202360153198,1.379643730452745,57.33186340332031
B,30,-5,random_orth,200,0.0,1.0,-7.119394302368164,-0.7060847282409668,9.08564183920729,57.33186340332031
B,30,-5,real_diff_in_helix_subspace,200,0.0,1.0,-7.119195461273193,-0.7061465382575989,9.570100569600067,57.33186340332031
B,30,-5,full_swap,200,0.0,1.0,-7.110442161560059,-0.7063307762145996,17.881072998046875,57.33186340332031
B,31,-5,helix,200,0.0,1.0,-7.11979341506958,-0.7057406306266785,9.663789936024074,77.08104705810547
B,31,-5,only_T2,200,0.0,1.0,-7.11979341506958,-0.7057406306266785,5.577971404665254,77.08104705810547
B,31,-5,only_T5,200,0.0,1.0,-7.11979341506958,-0.7057406306266785,9.511892452650325e-15,77.08104705810547
B,31,-5,only_T10,200,0.0,1.0,-7.11979341506958,-0.7057406306266785,7.419374420751683,77.08104705810547
B,31,-5,only_T100,200,0.0,1.0,-7.11979341506958,-0.7057406306266785,2.3627113295663134,77.08104705810547
B,31,-5,only_lin,200,0.0,1.0,-7.11979341506958,-0.7057406306266785,1.4598430540440857,77.08104705810547
B,31,-5,random_orth,200,0.0,1.0,-7.11979341506958,-0.7057406306266785,9.663789936024074,77.08104705810547
B,31,-5,real_diff_in_helix_subspace,200,0.0,1.0,-7.11979341506958,-0.7057406306266785,10.22130875750505,77.08104705810547
B,31,-5,full_swap,200,0.0,1.0,-7.11979341506958,-0.7057406306266785,19.034635543823242,77.08104705810547
B,0,-2,helix,200,0.7599999904632568,0.14499999582767487,-1.4871822595596313,-3.6566460132598877,1.6026254568194336,4.2852582931518555
B,0,-2,only_T2,200,0.0,0.9950000047683716,-4.940142631530762,-0.7215049862861633,0.0,4.2852582931518555
B,0,-2,only_T5,200,0.4050000011920929,0.429999977350235,-2.663325548171997,-2.270664691925049,1.3420003289406588,4.2852582931518555
B,0,-2,only_T10,200,0.029999999329447746,0.9149999618530273,-4.217316627502441,-1.0426342487335205,0.8516407196979765,4.2852582931518555
B,0,-2,only_T100,200,0.0,0.98499995470047,-4.886209487915039,-0.7459346055984497,0.20000111025413347,4.2852582931518555
B,0,-2,only_lin,200,0.0,0.98499995470047,-4.917447566986084,-0.7368034720420837,0.10864020059025993,4.2852582931518555
B,0,-2,random_orth,200,0.0,0.9950000047683716,-4.94063138961792,-0.7185298800468445,1.6026254568194336,4.2852582931518555
B,0,-2,real_diff_in_helix_subspace,200,0.6649999618530273,0.2149999886751175,-1.7831681966781616,-3.5779900550842285,1.622117213201376,4.2852582931518555
B,0,-2,full_swap,200,0.98499995470047,0.0,-0.6731253862380981,-5.793288230895996,4.042022705078125,4.2852582931518555
B,1,-2,helix,200,0.75,0.14499999582767487,-1.4655883312225342,-3.698237180709839,1.5896466609275643,4.734640598297119
B,1,-2,only_T2,200,0.0,0.9950000047683716,-4.940142631530762,-0.7215049862861633,0.0,4.734640598297119
B,1,-2,only_T5,200,0.4050000011920929,0.42499998211860657,-2.651907205581665,-2.2916886806488037,1.3344132876944663,4.734640598297119
B,1,-2,only_T10,200,0.029999999329447746,0.9199999570846558,-4.205214500427246,-1.0520789623260498,0.8385667757825549,4.734640598297119
B,1,-2,only_T100,200,0.0,0.98499995470047,-4.884230613708496,-0.7471992373466492,0.20023840382377553,4.734640598297119
B,1,-2,only_lin,200,0.0,0.98499995470047,-4.917205810546875,-0.7388856410980225,0.11535913906355294,4.734640598297119
B,1,-2,random_orth,200,0.0,0.9899999499320984,-4.940409183502197,-0.7237299084663391,1.5896466609275643,4.734640598297119
B,1,-2,real_diff_in_helix_subspace,200,0.699999988079071,0.1850000023841858,-1.7084777355194092,-3.614441156387329,1.611023225178914,4.734640598297119
B,1,-2,full_swap,200,0.98499995470047,0.0,-0.6760497093200684,-5.789881229400635,3.938356876373291,4.734640598297119
B,2,-2,helix,200,0.7599999904632568,0.14000000059604645,-1.4366364479064941,-3.7494261264801025,1.65530705945721,5.369578838348389
B,2,-2,only_T2,200,0.0,0.9950000047683716,-4.940142631530762,-0.7215049862861633,0.0,5.369578838348389
B,2,-2,only_T5,200,0.41999998688697815,0.4050000011920929,-2.641674757003784,-2.3148910999298096,1.3853211401543468,5.369578838348389
B,2,-2,only_T10,200,0.029999999329447746,0.9149999618530273,-4.181741714477539,-1.0695315599441528,0.8777560942683459,5.369578838348389
B,2,-2,only_T100,200,0.0,0.9899999499320984,-4.885239124298096,-0.7439866662025452,0.21108818985698083,5.369578838348389
B,2,-2,only_lin,200,0.0,0.98499995470047,-4.915716648101807,-0.7389066815376282,0.12488008732018004,5.369578838348389
B,2,-2,random_orth,200,0.0,0.9899999499320984,-4.934659004211426,-0.7268819808959961,1.65530705945721,5.369578838348389
B,2,-2,real_diff_in_helix_subspace,200,0.7199999690055847,0.16499999165534973,-1.610542893409729,-3.6777892112731934,1.6830769247025645,5.369578838348389
B,2,-2,full_swap,200,0.98499995470047,0.0,-0.6749259233474731,-5.789462089538574,4.054258346557617,5.369578838348389
B,3,-2,helix,200,0.7649999856948853,0.11999999731779099,-1.3758413791656494,-3.8139724731445312,1.8017227818278385,6.194700241088867
B,3,-2,only_T2,200,0.0,0.9950000047683716,-4.940142631530762,-0.7215049862861633,0.0,6.194700241088867
B,3,-2,only_T5,200,0.4350000023841858,0.38499999046325684,-2.6149184703826904,-2.3633956909179688,1.4965402238070198,6.194700241088867
B,3,-2,only_T10,200,0.029999999329447746,0.9149999618530273,-4.157468318939209,-1.0866055488586426,0.97218356608916,6.194700241088867
B,3,-2,only_T100,200,0.0,0.98499995470047,-4.886092662811279,-0.7467904686927795,0.22520315663471202,6.194700241088867
B,3,-2,only_lin,200,0.0,0.98499995470047,-4.914730548858643,-0.7366503477096558,0.1376759826698116,6.194700241088867
B,3,-2,random_orth,200,0.0,0.9899999499320984,-4.947536945343018,-0.7150869369506836,1.8017227818278385,6.194700241088867
B,3,-2,real_diff_in_helix_subspace,200,0.7549999952316284,0.13499999046325684,-1.5319106578826904,-3.7529478073120117,1.841796615369189,6.194700241088867
B,3,-2,full_swap,200,0.98499995470047,0.0,-0.6744341850280762,-5.7916083335876465,4.228311538696289,6.194700241088867
B,4,-2,helix,200,0.7749999761581421,0.11499999463558197,-1.382617712020874,-3.8247315883636475,1.9097720515523375,7.107121467590332
B,4,-2,only_T2,200,0.0,0.9950000047683716,-4.940142631530762,-0.7215049862861633,0.0,7.107121467590332
B,4,-2,only_T5,200,0.4449999928474426,0.38499999046325684,-2.6039557456970215,-2.371814727783203,1.5844114824224167,7.107121467590332
B,4,-2,only_T10,200,0.029999999329447746,0.9199999570846558,-4.152667999267578,-1.0957218408584595,1.0310072635989203,7.107121467590332
B,4,-2,only_T100,200,0.0,0.98499995470047,-4.884543418884277,-0.7457826137542725,0.24408241058360733,7.107121467590332
B,4,-2,only_lin,200,0.0,0.98499995470047,-4.913118362426758,-0.7385099530220032,0.15104597053808783,7.107121467590332
B,4,-2,random_orth,200,0.0,0.98499995470047,-4.940789222717285,-0.7269816398620605,1.9097720515523375,7.107121467590332
B,4,-2,real_diff_in_helix_subspace,200,0.7450000047683716,0.12999999523162842,-1.5313693284988403,-3.777557849884033,1.9603262260909466,7.107121467590332
B,4,-2,full_swap,200,0.98499995470047,0.0,-0.6736669540405273,-5.792839050292969,4.542222499847412,7.107121467590332
B,5,-2,helix,200,0.7999999523162842,0.0949999988079071,-1.3523095846176147,-3.8758654594421387,2.081752798152442,7.8802900314331055
B,5,-2,only_T2,200,0.0,0.9950000047683716,-4.940142631530762,-0.7215049862861633,0.0,7.8802900314331055
B,5,-2,only_T5,200,0.4350000023841858,0.375,-2.5829386711120605,-2.4208929538726807,1.7183984858733274,7.8802900314331055
B,5,-2,only_T10,200,0.029999999329447746,0.9149999618530273,-4.138213157653809,-1.108691930770874,1.1376693249244187,7.8802900314331055
B,5,-2,only_T100,200,0.0,0.98499995470047,-4.885348320007324,-0.746001660823822,0.2677319645102008,7.8802900314331055
B,5,-2,only_lin,200,0.0,0.98499995470047,-4.909122943878174,-0.7407083511352539,0.1668064251782308,7.8802900314331055
B,5,-2,random_orth,200,0.0,0.9950000047683716,-4.939645767211914,-0.7150765657424927,2.081752798152442,7.8802900314331055
B,5,-2,real_diff_in_helix_subspace,200,0.7400000095367432,0.12999999523162842,-1.541717529296875,-3.8688812255859375,2.159300983997129,7.8802900314331055
B,5,-2,full_swap,200,0.98499995470047,0.0,-0.6737492084503174,-5.791841983795166,4.977586269378662,7.8802900314331055
B,6,-2,helix,200,0.7899999618530273,0.0949999988079071,-1.3481460809707642,-3.8984251022338867,2.2714559092376323,9.242175102233887
B,6,-2,only_T2,200,0.0,0.9950000047683716,-4.940142631530762,-0.7215049862861633,0.0,9.242175102233887
B,6,-2,only_T5,200,0.429999977350235,0.3700000047683716,-2.582268714904785,-2.4515228271484375,1.8758901773601298,9.242175102233887
B,6,-2,only_T10,200,0.029999999329447746,0.9149999618530273,-4.126417636871338,-1.1189155578613281,1.2391891426139707,9.242175102233887
B,6,-2,only_T100,200,0.0,0.98499995470047,-4.885590553283691,-0.7466984987258911,0.2939425797641027,9.242175102233887
B,6,-2,only_lin,200,0.0,0.98499995470047,-4.914144039154053,-0.7413298487663269,0.18912727478857577,9.242175102233887
B,6,-2,random_orth,200,0.0,0.9950000047683716,-4.933938980102539,-0.7201594114303589,2.2714559092376323,9.242175102233887
B,6,-2,real_diff_in_helix_subspace,200,0.7299999594688416,0.11499999463558197,-1.5476515293121338,-3.9456353187561035,2.411410294908034,9.242175102233887
B,6,-2,full_swap,200,0.9899999499320984,0.0,-0.6736706495285034,-5.790671348571777,5.442293643951416,9.242175102233887
B,7,-2,helix,200,0.7999999523162842,0.08500000089406967,-1.3283544778823853,-3.9385550022125244,2.3484049111107645,9.798807144165039
B,7,-2,only_T2,200,0.0,0.9950000047683716,-4.940142631530762,-0.7215049862861633,0.0,9.798807144165039
B,7,-2,only_T5,200,0.4350000023841858,0.3649999797344208,-2.5624794960021973,-2.4762167930603027,1.933329262399934,9.798807144165039
B,7,-2,only_T10,200,0.029999999329447746,0.9199999570846558,-4.1138916015625,-1.1246623992919922,1.2904850621050525,9.798807144165039
B,7,-2,only_T100,200,0.0,0.98499995470047,-4.8859333992004395,-0.7466513514518738,0.30757445367276115,9.798807144165039
B,7,-2,only_lin,200,0.0,0.98499995470047,-4.903777599334717,-0.7425679564476013,0.19532633207989128,9.798807144165039
B,7,-2,random_orth,200,0.0,0.9899999499320984,-4.933737754821777,-0.718879222869873,2.3484049111107645,9.798807144165039
B,7,-2,real_diff_in_helix_subspace,200,0.6949999928474426,0.11999999731779099,-1.5829180479049683,-3.96970272064209,2.5069453126544223,9.798807144165039
B,7,-2,full_swap,200,0.98499995470047,0.0,-0.6715419888496399,-5.786012649536133,5.622133255004883,9.798807144165039
B,8,-2,helix,200,0.7999999523162842,0.08500000089406967,-1.323464035987854,-3.949390172958374,2.4912499536902684,11.092755317687988
B,8,-2,only_T2,200,0.0,0.9950000047683716,-4.940142631530762,-0.7215049862861633,0.0,11.092755317687988
B,8,-2,only_T5,200,0.42499998211860657,0.35499998927116394,-2.5544750690460205,-2.4877994060516357,2.0347809415689624,11.092755317687988
B,8,-2,only_T10,200,0.03500000014901161,0.9099999666213989,-4.110045909881592,-1.1259621381759644,1.4012206323310405,11.092755317687988
B,8,-2,only_T100,200,0.0,0.98499995470047,-4.8899126052856445,-0.746275782585144,0.3159483701796081,11.092755317687988
B,8,-2,only_lin,200,0.0,0.98499995470047,-4.907641887664795,-0.7417801022529602,0.20347698900643252,11.092755317687988
B,8,-2,random_orth,200,0.0,0.9950000047683716,-4.949522495269775,-0.7257612347602844,2.4912499536902684,11.092755317687988
B,8,-2,real_diff_in_helix_subspace,200,0.6699999570846558,0.125,-1.689546823501587,-3.9583613872528076,2.6949719706372086,11.092755317687988
B,8,-2,full_swap,200,0.9899999499320984,0.0,-0.671374499797821,-5.780003070831299,5.925438404083252,11.092755317687988
B,9,-2,helix,200,0.8050000071525574,0.08999999612569809,-1.3265354633331299,-3.961808443069458,2.5147623317922996,11.829115867614746
B,9,-2,only_T2,200,0.0,0.9950000047683716,-4.940142631530762,-0.7215049862861633,0.0,11.829115867614746
B,9,-2,only_T5,200,0.429999977350235,0.35499998927116394,-2.5555100440979004,-2.5047426223754883,2.0536545253454097,11.829115867614746
B,9,-2,only_T10,200,0.03500000014901161,0.9199999570846558,-4.1102519035339355,-1.1280566453933716,1.4089913124091458,11.829115867614746
B,9,-2,only_T100,200,0.0,0.9899999499320984,-4.889462471008301,-0.7482979893684387,0.31888181173211305,11.829115867614746
B,9,-2,only_lin,200,0.0,0.98499995470047,-4.906513690948486,-0.7414692640304565,0.2052180993211052,11.829115867614746
B,9,-2,random_orth,200,0.0,0.98499995470047,-4.94985294342041,-0.7291450500488281,2.5147623317922996,11.829115867614746
B,9,-2,real_diff_in_helix_subspace,200,0.6449999809265137,0.125,-1.783407211303711,-3.9732701778411865,2.755620778467701,11.829115867614746
B,9,-2,full_swap,200,0.98499995470047,0.0,-0.6749979853630066,-5.785769462585449,6.093191146850586,11.829115867614746
B,10,-2,helix,200,0.8299999833106995,0.07499999552965164,-1.3026866912841797,-4.010659694671631,2.612048316643148,12.144988059997559
B,10,-2,only_T2,200,0.0,0.9950000047683716,-4.940142631530762,-0.7215049862861633,0.0,12.144988059997559
B,10,-2,only_T5,200,0.4399999976158142,0.3400000035762787,-2.534517288208008,-2.556796073913574,2.1358066127271202,12.144988059997559
B,10,-2,only_T10,200,0.03500000014901161,0.9049999713897705,-4.090197563171387,-1.144851803779602,1.4609037508493072,12.144988059997559
B,10,-2,only_T100,200,0.0,0.98499995470047,-4.88587760925293,-0.7479174137115479,0.32003266788843143,12.144988059997559
B,10,-2,only_lin,200,0.0,0.98499995470047,-4.9038872718811035,-0.7426304221153259,0.209378827786991,12.144988059997559
B,10,-2,random_orth,200,0.0,0.9899999499320984,-4.933448791503906,-0.7267388105392456,2.612048316643148,12.144988059997559
B,10,-2,real_diff_in_helix_subspace,200,0.6449999809265137,0.11499999463558197,-1.7615561485290527,-3.9967894554138184,2.862508029699859,12.144988059997559
B,10,-2,full_swap,200,0.98499995470047,0.0,-0.6817072033882141,-5.785209655761719,6.176001071929932,12.144988059997559
B,11,-2,helix,200,0.8299999833106995,0.07499999552965164,-1.2474769353866577,-4.107004642486572,2.7995121133913976,12.621079444885254
B,11,-2,only_T2,200,0.0,0.9950000047683716,-4.940142631530762,-0.7215049862861633,0.0,12.621079444885254
B,11,-2,only_T5,200,0.4749999940395355,0.29499998688697815,-2.4435014724731445,-2.6815013885498047,2.303005723112705,12.621079444885254
B,11,-2,only_T10,200,0.03500000014901161,0.8899999856948853,-4.07692813873291,-1.180031657218933,1.5413168144619427,12.621079444885254
B,11,-2,only_T100,200,0.0,0.98499995470047,-4.884345531463623,-0.7488123774528503,0.32633275599972045,12.621079444885254
B,11,-2,only_lin,200,0.0,0.98499995470047,-4.907458782196045,-0.7394300103187561,0.2138551567478966,12.621079444885254
B,11,-2,random_orth,200,0.0,0.9950000047683716,-4.93848180770874,-0.7286356687545776,2.7995121133913976,12.621079444885254
B,11,-2,real_diff_in_helix_subspace,200,0.6649999618530273,0.11999999731779099,-1.6885546445846558,-4.053522109985352,3.0691159836645725,12.621079444885254
B,11,-2,full_swap,200,0.9799999594688416,0.0,-0.6789530515670776,-5.781091213226318,6.358840465545654,12.621079444885254
B,12,-2,helix,200,0.8650000095367432,0.06499999761581421,-1.218801736831665,-4.161442756652832,3.1440585864740713,13.387899398803711
B,12,-2,only_T2,200,0.0,0.9950000047683716,-4.940142631530762,-0.7215049862861633,0.0,13.387899398803711
B,12,-2,only_T5,200,0.5099999904632568,0.26999998092651367,-2.376075267791748,-2.803511619567871,2.595942312763019,13.387899398803711
B,12,-2,only_T10,200,0.04999999701976776,0.875,-4.027257442474365,-1.2181626558303833,1.7280729961647296,13.387899398803711
B,12,-2,only_T100,200,0.0,0.98499995470047,-4.887652397155762,-0.7468734383583069,0.3397137293741162,13.387899398803711
B,12,-2,only_lin,200,0.0,0.98499995470047,-4.908688068389893,-0.7389878034591675,0.2207933737903199,13.387899398803711
B,12,-2,random_orth,200,0.0,0.9950000047683716,-4.937026023864746,-0.7280184626579285,3.1440585864740713,13.387899398803711
B,12,-2,real_diff_in_helix_subspace,200,0.7249999642372131,0.08999999612569809,-1.4960896968841553,-4.160811901092529,3.3843216080468177,13.387899398803711
B,12,-2,full_swap,200,0.98499995470047,0.0,-0.6779426336288452,-5.773726463317871,6.715864181518555,13.387899398803711
B,13,-2,helix,200,0.8499999642372131,0.07000000029802322,-1.2265576124191284,-4.158070087432861,3.3738519961055804,14.088696479797363
B,13,-2,only_T2,200,0.0,0.9950000047683716,-4.940142631530762,-0.7215049862861633,0.0,14.088696479797363
B,13,-2,only_T5,200,0.4949999749660492,0.26999998092651367,-2.403151750564575,-2.828988552093506,2.785823857070209,14.088696479797363
B,13,-2,only_T10,200,0.044999998062849045,0.8650000095367432,-4.005313873291016,-1.2470512390136719,1.8623936720200747,14.088696479797363
B,13,-2,only_T100,200,0.0,0.9899999499320984,-4.887813091278076,-0.751616895198822,0.3664949090053639,14.088696479797363
B,13,-2,only_lin,200,0.0,0.98499995470047,-4.9099812507629395,-0.7339527010917664,0.23135604690062284,14.088696479797363
B,13,-2,random_orth,200,0.0,0.9950000047683716,-4.924691677093506,-0.7385951280593872,3.3738519961055804,14.088696479797363
B,13,-2,real_diff_in_helix_subspace,200,0.7450000047683716,0.08999999612569809,-1.4768074750900269,-4.120112419128418,3.5742665246369802,14.088696479797363
B,13,-2,full_swap,200,0.98499995470047,0.0,-0.6724981069564819,-5.756056785583496,6.945136547088623,14.088696479797363
B,14,-2,helix,200,0.8549999594688416,0.07000000029802322,-1.2210612297058105,-4.161040782928467,3.4223046644360164,14.97724723815918
B,14,-2,only_T2,200,0.0,0.9950000047683716,-4.940142631530762,-0.7215049862861633,0.0,14.97724723815918
B,14,-2,only_T5,200,0.5049999952316284,0.2549999952316284,-2.4034316539764404,-2.843027353286743,2.8232573322947885,14.97724723815918
B,14,-2,only_T10,200,0.054999999701976776,0.85999995470047,-3.9963459968566895,-1.252949833869934,1.8919039131378401,14.97724723815918
B,14,-2,only_T100,200,0.0,0.98499995470047,-4.889611721038818,-0.7489187717437744,0.36749908413266674,14.97724723815918
B,14,-2,only_lin,200,0.0,0.98499995470047,-4.910975933074951,-0.7361031174659729,0.23747225372997022,14.97724723815918
B,14,-2,random_orth,200,0.0,0.9950000047683716,-4.9408860206604,-0.7348240613937378,3.422304664436017,14.97724723815918
B,14,-2,real_diff_in_helix_subspace,200,0.7450000047683716,0.08500000089406967,-1.484835147857666,-4.0977783203125,3.603315199110731,14.97724723815918
B,14,-2,full_swap,200,0.9799999594688416,0.0,-0.675218939781189,-5.744360446929932,6.946188926696777,14.97724723815918
B,15,-2,helix,200,0.8549999594688416,0.07499999552965164,-1.2083791494369507,-4.169830799102783,3.5904726950062513,16.174198150634766
B,15,-2,only_T2,200,0.0,0.9950000047683716,-4.940142631530762,-0.7215049862861633,0.0,16.174198150634766
B,15,-2,only_T5,200,0.4899999797344208,0.26999998092651367,-2.3914763927459717,-2.87477445602417,2.971027481126755,16.174198150634766
B,15,-2,only_T10,200,0.054999999701976776,0.8549999594688416,-3.9862921237945557,-1.2636080980300903,1.9648585433034975,16.174198150634766
B,15,-2,only_T100,200,0.0,0.9899999499320984,-4.888491630554199,-0.7492379546165466,0.40754994421293955,16.174198150634766
B,15,-2,only_lin,200,0.0,0.98499995470047,-4.914917469024658,-0.7350342273712158,0.25979760421278436,16.174198150634766
B,15,-2,random_orth,200,0.0,1.0,-4.932040214538574,-0.7391245365142822,3.5904726950062513,16.174198150634766
B,15,-2,real_diff_in_helix_subspace,200,0.7549999952316284,0.07999999821186066,-1.4493764638900757,-4.084411144256592,3.7791743339974415,16.174198150634766
B,15,-2,full_swap,200,0.9799999594688416,0.0,-0.6766954064369202,-5.720864295959473,7.253463268280029,16.174198150634766
B,16,-2,helix,200,0.9149999618530273,0.03500000014901161,-1.0626232624053955,-4.5504608154296875,4.455149527516656,18.020633697509766
B,16,-2,only_T2,200,0.0,0.9950000047683716,-4.940142631530762,-0.7215049862861633,0.0,18.020633697509766
B,16,-2,only_T5,200,0.5600000023841858,0.14999999105930328,-2.1874687671661377,-3.3471362590789795,3.682607144169905,18.020633697509766
B,16,-2,only_T10,200,0.07999999821186066,0.7450000047683716,-3.7855870723724365,-1.5360326766967773,2.4307106958785774,18.020633697509766
B,16,-2,only_T100,200,0.0,0.98499995470047,-4.8823089599609375,-0.7517527341842651,0.500232803203618,18.020633697509766
B,16,-2,only_lin,200,0.0,0.98499995470047,-4.91137170791626,-0.7397142648696899,0.30637704087320494,18.020633697509766
B,16,-2,random_orth,200,0.0,0.9950000047683716,-4.928281307220459,-0.7344639301300049,4.455149527516656,18.020633697509766
B,16,-2,real_diff_in_helix_subspace,200,0.875,0.02499999850988388,-1.1635369062423706,-4.5220537185668945,4.5466165143258666,18.020633697509766
B,16,-2,full_swap,200,0.9799999594688416,0.0,-0.6778134107589722,-5.707278728485107,8.687848091125488,18.020633697509766
B,17,-2,helix,200,0.85999995470047,0.07999999821186066,-1.2240418195724487,-4.087730407714844,4.631198610393345,19.641477584838867
B,17,-2,only_T2,200,0.0,0.9950000047683716,-4.940142631530762,-0.7215049862861633,0.0,19.641477584838867
B,17,-2,only_T5,200,0.5049999952316284,0.25999999046325684,-2.3600106239318848,-2.937793254852295,3.8199447500103503,19.641477584838867
B,17,-2,only_T10,200,0.06499999761581421,0.8199999928474426,-3.8891353607177734,-1.3809984922409058,2.548121258504816,19.641477584838867
B,17,-2,only_T100,200,0.0,0.98499995470047,-4.894975662231445,-0.7458682060241699,0.5267205218128439,19.641477584838867
B,17,-2,only_lin,200,0.0,0.98499995470047,-4.91549015045166,-0.7343336343765259,0.3163486629064975,19.641477584838867
B,17,-2,random_orth,200,0.0,0.98499995470047,-4.9346466064453125,-0.7413665056228638,4.631198610393345,19.641477584838867
B,17,-2,real_diff_in_helix_subspace,200,0.7999999523162842,0.0949999988079071,-1.3236660957336426,-4.024003505706787,4.717522997164357,19.641477584838867
B,17,-2,full_swap,200,0.9749999642372131,0.0,-0.7489703297615051,-5.183958530426025,9.090105056762695,19.641477584838867
B,18,-2,helix,200,0.35499998927116394,0.5399999618530273,-2.722917318344116,-2.2522079944610596,4.808964317490933,20.771848678588867
B,18,-2,only_T2,200,0.0,0.9950000047683716,-4.940142631530762,-0.7215049862861633,0.0,20.771848678588867
B,18,-2,only_T5,200,0.2149999886751175,0.625,-3.4486143589019775,-1.739897608757019,3.9867889662567833,20.771848678588867
B,18,-2,only_T10,200,0.02499999850988388,0.9300000071525574,-4.345415115356445,-1.0104715824127197,2.616850790306901,20.771848678588867
B,18,-2,only_T100,200,0.0,0.98499995470047,-4.916574954986572,-0.7344058156013489,0.5438665856024625,20.771848678588867
B,18,-2,only_lin,200,0.0,0.9899999499320984,-4.930060386657715,-0.725603461265564,0.32421435457287984,20.771848678588867
B,18,-2,random_orth,200,0.0,1.0,-4.935824394226074,-0.7420461773872375,4.808964317490933,20.771848678588867
B,18,-2,real_diff_in_helix_subspace,200,0.32999998331069946,0.5349999666213989,-2.7969954013824463,-2.2579214572906494,4.896775167574245,20.771848678588867
B,18,-2,full_swap,200,0.47999998927116394,0.42499998211860657,-2.137333869934082,-2.8199868202209473,9.586050033569336,20.771848678588867
B,19,-2,helix,200,0.07000000029802322,0.875,-3.772012233734131,-1.1133049726486206,5.1008492401837735,22.728883743286133
B,19,-2,only_T2,200,0.0,0.9950000047683716,-4.940142631530762,-0.7215049862861633,0.0,22.728883743286133
B,19,-2,only_T5,200,0.03500000014901161,0.9300000071525574,-4.170849323272705,-0.9796139597892761,4.248303129552431,22.728883743286133
B,19,-2,only_T10,200,0.019999999552965164,0.9699999690055847,-4.630500793457031,-0.8159079551696777,2.764148719985111,22.728883743286133
B,19,-2,only_T100,200,0.0,0.9950000047683716,-4.924755573272705,-0.7269349694252014,0.5706580852166302,22.728883743286133
B,19,-2,only_lin,200,0.0,0.9950000047683716,-4.938794136047363,-0.7208202481269836,0.3522727010276425,22.728883743286133
B,19,-2,random_orth,200,0.0,1.0,-4.947492599487305,-0.7289661765098572,5.1008492401837735,22.728883743286133
B,19,-2,real_diff_in_helix_subspace,200,0.06499999761581421,0.8650000095367432,-3.7998673915863037,-1.1313937902450562,5.2012169663422245,22.728883743286133
B,19,-2,full_swap,200,0.125,0.7999999523162842,-3.3096208572387695,-1.3462194204330444,10.129627227783203,22.728883743286133
B,20,-2,helix,200,0.07000000029802322,0.875,-3.7441325187683105,-1.129618525505066,5.369559889028668,23.70549964904785
B,20,-2,only_T2,200,0.0,0.9950000047683716,-4.940142631530762,-0.7215049862861633,0.0,23.70549964904785
B,20,-2,only_T5,200,0.03500000014901161,0.9249999523162842,-4.153083801269531,-0.9893970489501953,4.484489025454365,23.70549964904785
B,20,-2,only_T10,200,0.014999999664723873,0.9749999642372131,-4.619695663452148,-0.8223122358322144,2.890320276247708,23.70549964904785
B,20,-2,only_T100,200,0.0,1.0,-4.9243483543396,-0.7270483374595642,0.5999745507846603,23.70549964904785
B,20,-2,only_lin,200,0.0,0.9950000047683716,-4.93969202041626,-0.7199878692626953,0.36760347173738167,23.70549964904785
B,20,-2,random_orth,200,0.0,0.9950000047683716,-4.933261394500732,-0.7235532999038696,5.369559889028668,23.70549964904785
B,20,-2,real_diff_in_helix_subspace,200,0.06499999761581421,0.85999995470047,-3.776386022567749,-1.1433724164962769,5.4610818606379645,23.70549964904785
B,20,-2,full_swap,200,0.11999999731779099,0.8050000071525574,-3.30995512008667,-1.3521310091018677,10.699305534362793,23.70549964904785
B,21,-2,helix,200,0.004999999888241291,0.9899999499320984,-4.867192268371582,-0.7405835390090942,5.487683955734378,25.158203125
B,21,-2,only_T2,200,0.0,0.9950000047683716,-4.940142631530762,-0.7215049862861633,0.0,25.158203125
B,21,-2,only_T5,200,0.0,1.0,-4.9093918800354,-0.7312342524528503,4.573179442749596,25.158203125
B,21,-2,only_T10,200,0.0,0.9899999499320984,-4.9025559425354,-0.7324076890945435,2.962498875442276,25.158203125
B,21,-2,only_T100,200,0.0,0.9950000047683716,-4.938711643218994,-0.7219097018241882,0.6285860826408823,25.158203125
B,21,-2,only_lin,200,0.0,0.9950000047683716,-4.940548419952393,-0.7205743193626404,0.38207353726727933,25.158203125
B,21,-2,random_orth,200,0.0,0.9950000047683716,-4.936951160430908,-0.7236307263374329,5.487683955734378,25.158203125
B,21,-2,real_diff_in_helix_subspace,200,0.004999999888241291,0.9899999499320984,-4.866463661193848,-0.7398566007614136,5.5914284695227865,25.158203125
B,21,-2,full_swap,200,0.0,1.0,-4.80306339263916,-0.7498109936714172,11.016027450561523,25.158203125
B,22,-2,helix,200,0.004999999888241291,0.98499995470047,-4.867830276489258,-0.7416071891784668,5.677067825224549,27.95575523376465
B,22,-2,only_T2,200,0.0,0.9950000047683716,-4.940142631530762,-0.7215049862861633,0.0,27.95575523376465
B,22,-2,only_T5,200,0.0,1.0,-4.908843517303467,-0.7318021059036255,4.725410519419236,27.95575523376465
B,22,-2,only_T10,200,0.0,0.9899999499320984,-4.903666973114014,-0.7311649918556213,3.072152857972179,27.95575523376465
B,22,-2,only_T100,200,0.0,0.9950000047683716,-4.938529968261719,-0.72205650806427,0.6532334898840719,27.95575523376465
B,22,-2,only_lin,200,0.0,0.9950000047683716,-4.940112590789795,-0.7217590808868408,0.39824563606757785,27.95575523376465
B,22,-2,random_orth,200,0.0,0.9899999499320984,-4.943005084991455,-0.7264418005943298,5.677067825224549,27.95575523376465
B,22,-2,real_diff_in_helix_subspace,200,0.004999999888241291,0.9950000047683716,-4.866745471954346,-0.739501416683197,5.796501223136667,27.95575523376465
B,22,-2,full_swap,200,0.0,1.0,-4.805958271026611,-0.7484143376350403,11.470647811889648,27.95575523376465
B,23,-2,helix,200,0.0,0.9950000047683716,-4.928402423858643,-0.729546844959259,5.925987899986222,29.791118621826172
B,23,-2,only_T2,200,0.0,0.9950000047683716,-4.940142631530762,-0.7215049862861633,0.0,29.791118621826172
B,23,-2,only_T5,200,0.0,1.0,-4.940552711486816,-0.7251811027526855,4.934059030352554,29.791118621826172
B,23,-2,only_T10,200,0.0,0.9899999499320984,-4.929663181304932,-0.7276864647865295,3.2026961414786648,29.791118621826172
B,23,-2,only_T100,200,0.0,0.9950000047683716,-4.941426753997803,-0.7216778993606567,0.6780450007374292,29.791118621826172
B,23,-2,only_lin,200,0.0,0.9950000047683716,-4.939538955688477,-0.720151424407959,0.41914781614514296,29.791118621826172
B,23,-2,random_orth,200,0.0,0.9899999499320984,-4.942729949951172,-0.7234494686126709,5.925987899986222,29.791118621826172
B,23,-2,real_diff_in_helix_subspace,200,0.0,0.9950000047683716,-4.92781925201416,-0.7293086647987366,6.058527386025715,29.791118621826172
B,23,-2,full_swap,200,0.0,1.0,-4.876689910888672,-0.7377992272377014,12.028473854064941,29.791118621826172
B,24,-2,helix,200,0.0,0.9950000047683716,-4.93606424331665,-0.7196528315544128,6.155287356340069,31.443639755249023
B,24,-2,only_T2,200,0.0,0.9950000047683716,-4.940142631530762,-0.7215049862861633,0.0,31.443639755249023
B,24,-2,only_T5,200,0.0,1.0,-4.939831256866455,-0.720801830291748,5.130316233620938,31.443639755249023
B,24,-2,only_T10,200,0.0,0.9950000047683716,-4.938926696777344,-0.7207968235015869,3.315563462666854,31.443639755249023
B,24,-2,only_T100,200,0.0,0.9950000047683716,-4.941339492797852,-0.7204697132110596,0.6995893229688767,31.443639755249023
B,24,-2,only_lin,200,0.0,0.9950000047683716,-4.941317558288574,-0.7203230261802673,0.4351340358197185,31.443639755249023
B,24,-2,random_orth,200,0.0,0.9950000047683716,-4.942391395568848,-0.7232386469841003,6.155287356340069,31.443639755249023
B,24,-2,real_diff_in_helix_subspace,200,0.0,0.9950000047683716,-4.939513206481934,-0.7190942168235779,6.3175157553561965,31.443639755249023
B,24,-2,full_swap,200,0.0,1.0,-4.913581371307373,-0.7186106443405151,12.526122093200684,31.443639755249023
B,25,-2,helix,200,0.0,0.9950000047683716,-4.938351154327393,-0.7185132503509521,6.382392655392575,34.3752555847168
B,25,-2,only_T2,200,0.0,0.9950000047683716,-4.940142631530762,-0.7215049862861633,0.0,34.3752555847168
B,25,-2,only_T5,200,0.0,1.0,-4.941213607788086,-0.7200279235839844,5.314124849253134,34.3752555847168
B,25,-2,only_T10,200,0.0,0.9950000047683716,-4.938032150268555,-0.7208239436149597,3.443734529608737,34.3752555847168
B,25,-2,only_T100,200,0.0,0.9950000047683716,-4.941653728485107,-0.720662534236908,0.7265438109536558,34.3752555847168
B,25,-2,only_lin,200,0.0,0.9950000047683716,-4.942507743835449,-0.7203426361083984,0.45317159907418864,34.3752555847168
B,25,-2,random_orth,200,0.0,0.9950000047683716,-4.939204216003418,-0.7248130440711975,6.382392655392575,34.3752555847168
B,25,-2,real_diff_in_helix_subspace,200,0.0,0.9950000047683716,-4.937981128692627,-0.719133734703064,6.554975859721002,34.3752555847168
B,25,-2,full_swap,200,0.0,1.0,-4.920584678649902,-0.7185848951339722,13.110267639160156,34.3752555847168
B,26,-2,helix,200,0.0,0.9950000047683716,-4.935034275054932,-0.7202780842781067,6.61748772114893,36.7699089050293
B,26,-2,only_T2,200,0.0,0.9950000047683716,-4.940142631530762,-0.7215049862861633,0.0,36.7699089050293
B,26,-2,only_T5,200,0.0,0.9950000047683716,-4.938270568847656,-0.7215657830238342,5.515607212412667,36.7699089050293
B,26,-2,only_T10,200,0.0,0.9950000047683716,-4.937768936157227,-0.7208306789398193,3.56133435983827,36.7699089050293
B,26,-2,only_T100,200,0.0,0.9950000047683716,-4.940685749053955,-0.72248375415802,0.7492280059372451,36.7699089050293
B,26,-2,only_lin,200,0.0,0.9950000047683716,-4.942423343658447,-0.721129298210144,0.47252971763239315,36.7699089050293
B,26,-2,random_orth,200,0.0,0.9950000047683716,-4.942244052886963,-0.7232449054718018,6.617487721148929,36.7699089050293
B,26,-2,real_diff_in_helix_subspace,200,0.0,0.9950000047683716,-4.934187889099121,-0.7207558751106262,6.8166375605329135,36.7699089050293
B,26,-2,full_swap,200,0.0,1.0,-4.923974990844727,-0.7201336622238159,13.626147270202637,36.7699089050293
B,27,-2,helix,200,0.0,0.9950000047683716,-4.9379167556762695,-0.721588671207428,6.8237231349949505,39.43800354003906
B,27,-2,only_T2,200,0.0,0.9950000047683716,-4.940142631530762,-0.7215049862861633,0.0,39.43800354003906
B,27,-2,only_T5,200,0.0,0.9950000047683716,-4.939146995544434,-0.7215427756309509,5.6739102063961875,39.43800354003906
B,27,-2,only_T10,200,0.0,0.9950000047683716,-4.939404010772705,-0.7215245366096497,3.6899758384812595,39.43800354003906
B,27,-2,only_T100,200,0.0,0.9950000047683716,-4.942348003387451,-0.721961498260498,0.775858186345348,39.43800354003906
B,27,-2,only_lin,200,0.0,0.9950000047683716,-4.942117691040039,-0.7212075591087341,0.4904320064376663,39.43800354003906
B,27,-2,random_orth,200,0.0,0.9950000047683716,-4.939959526062012,-0.7238756418228149,6.8237231349949505,39.43800354003906
B,27,-2,real_diff_in_helix_subspace,200,0.0,0.9950000047683716,-4.937559604644775,-0.7212679386138916,7.041287842346486,39.43800354003906
B,27,-2,full_swap,200,0.0,1.0,-4.932071208953857,-0.7207551598548889,14.075623512268066,39.43800354003906
B,28,-2,helix,200,0.0,0.9950000047683716,-4.939350605010986,-0.7209323048591614,7.051789840426111,42.170467376708984
B,28,-2,only_T2,200,0.0,0.9950000047683716,-4.940142631530762,-0.7215049862861633,0.0,42.170467376708984
B,28,-2,only_T5,200,0.0,0.9950000047683716,-4.940338134765625,-0.7216415405273438,5.859147950250202,42.170467376708984
B,28,-2,only_T10,200,0.0,0.9950000047683716,-4.940448760986328,-0.7212721705436707,3.8274573413236688,42.170467376708984
B,28,-2,only_T100,200,0.0,0.9950000047683716,-4.941583633422852,-0.7216877341270447,0.8021861912814322,42.170467376708984
B,28,-2,only_lin,200,0.0,0.9950000047683716,-4.941154479980469,-0.7212653756141663,0.5087262638332395,42.170467376708984
B,28,-2,random_orth,200,0.0,0.9950000047683716,-4.945071220397949,-0.7225695848464966,7.051789840426111,42.170467376708984
B,28,-2,real_diff_in_helix_subspace,200,0.0,0.9950000047683716,-4.937780857086182,-0.7214495539665222,7.303755914845789,42.170467376708984
B,28,-2,full_swap,200,0.0,1.0,-4.933436870574951,-0.7205520272254944,14.631950378417969,42.170467376708984
B,29,-2,helix,200,0.0,0.9950000047683716,-4.940371513366699,-0.7215861082077026,7.246445937071119,45.807373046875
B,29,-2,only_T2,200,0.0,0.9950000047683716,-4.940142631530762,-0.7215049862861633,0.0,45.807373046875
B,29,-2,only_T5,200,0.0,0.9950000047683716,-4.941347122192383,-0.7206882834434509,6.001775966423646,45.807373046875
B,29,-2,only_T10,200,0.0,0.9950000047683716,-4.939970970153809,-0.7217162847518921,3.9602610247051824,45.807373046875
B,29,-2,only_T100,200,0.0,0.9950000047683716,-4.941910266876221,-0.7215757369995117,0.8334773964887251,45.807373046875
B,29,-2,only_lin,200,0.0,0.9950000047683716,-4.940912246704102,-0.7214772701263428,0.5299992550658597,45.807373046875
B,29,-2,random_orth,200,0.0,0.9899999499320984,-4.943211555480957,-0.7214040756225586,7.246445937071119,45.807373046875
B,29,-2,real_diff_in_helix_subspace,200,0.0,0.9950000047683716,-4.941061019897461,-0.7212994694709778,7.544964645540335,45.807373046875
B,29,-2,full_swap,200,0.0,1.0,-4.9372477531433105,-0.7203154563903809,15.205506324768066,45.807373046875
B,30,-2,helix,200,0.0,0.9899999499320984,-4.9399847984313965,-0.7218759059906006,7.486062921447711,57.38931655883789
B,30,-2,only_T2,200,0.0,0.9950000047683716,-4.940142631530762,-0.7215049862861633,0.0,57.38931655883789
B,30,-2,only_T5,200,0.0,0.9950000047683716,-4.939743995666504,-0.721222460269928,6.187812361950231,57.38931655883789
B,30,-2,only_T10,200,0.0,0.9950000047683716,-4.940397262573242,-0.7215358018875122,4.109766893545724,57.38931655883789
B,30,-2,only_T100,200,0.0,0.9899999499320984,-4.941376686096191,-0.7212473750114441,0.8693899396505245,57.38931655883789
B,30,-2,only_lin,200,0.0,0.9950000047683716,-4.940996170043945,-0.7216789126396179,0.551857492181098,57.38931655883789
B,30,-2,random_orth,200,0.0,0.9899999499320984,-4.942145347595215,-0.7219047546386719,7.486062921447711,57.38931655883789
B,30,-2,real_diff_in_helix_subspace,200,0.0,0.9950000047683716,-4.939093589782715,-0.72159743309021,7.820761289133645,57.38931655883789
B,30,-2,full_swap,200,0.0,0.9899999499320984,-4.936408519744873,-0.7212279438972473,15.876595497131348,57.38931655883789
B,31,-2,helix,200,0.0,0.9950000047683716,-4.940142631530762,-0.7215049862861633,7.923662679779832,77.15487670898438
B,31,-2,only_T2,200,0.0,0.9950000047683716,-4.940142631530762,-0.7215049862861633,0.0,77.15487670898438
B,31,-2,only_T5,200,0.0,0.9950000047683716,-4.940142631530762,-0.7215049862861633,6.550533788693437,77.15487670898438
B,31,-2,only_T10,200,0.0,0.9950000047683716,-4.940142631530762,-0.7215049862861633,4.345033875148018,77.15487670898438
B,31,-2,only_T100,200,0.0,0.9950000047683716,-4.940142631530762,-0.7215049862861633,0.9213072161556208,77.15487670898438
B,31,-2,only_lin,200,0.0,0.9950000047683716,-4.940142631530762,-0.7215049862861633,0.5839372216176344,77.15487670898438
B,31,-2,random_orth,200,0.0,0.9950000047683716,-4.940142631530762,-0.7215049862861633,7.923662679779832,77.15487670898438
B,31,-2,real_diff_in_helix_subspace,200,0.0,0.9950000047683716,-4.940142631530762,-0.7215049862861633,8.333996649078674,77.15487670898438
B,31,-2,full_swap,200,0.0,0.9950000047683716,-4.940142631530762,-0.7215049862861633,16.89044761657715,77.15487670898438
B,0,-1,helix,200,0.7899999618530273,0.11499999463558197,-1.3969069719314575,-3.4940240383148193,1.427508984228536,4.259820938110352
B,0,-1,only_T2,200,0.3999999761581421,0.3700000047683716,-2.336798667907715,-2.2298989295959473,1.066275497301506,4.259820938110352
B,0,-1,only_T5,200,0.0,0.9099999666213989,-4.132250785827637,-1.0031577348709106,0.8297998400126013,4.259820938110352
B,0,-1,only_T10,200,0.0,1.0,-4.565468788146973,-0.7392817735671997,0.447868489553302,4.259820938110352
B,0,-1,only_T100,200,0.0,0.9950000047683716,-4.701074600219727,-0.69175785779953,0.10064245097775444,4.259820938110352
B,0,-1,only_lin,200,0.0,0.9950000047683716,-4.697443008422852,-0.683346688747406,0.054320100295129944,4.259820938110352
B,0,-1,random_orth,200,0.0,0.9950000047683716,-4.710546970367432,-0.6837089657783508,1.427508984228536,4.259820938110352
B,0,-1,real_diff_in_helix_subspace,200,0.699999988079071,0.1850000023841858,-1.6511911153793335,-3.352682113647461,1.46352576144934,4.259820938110352
B,0,-1,full_swap,200,0.9699999690055847,0.0,-0.6858500242233276,-4.912149429321289,3.808614492416382,4.259820938110352
B,1,-1,helix,200,0.7899999618530273,0.10999999940395355,-1.3852424621582031,-3.527326822280884,1.426606797626932,4.712364673614502
B,1,-1,only_T2,200,0.39499998092651367,0.38499999046325684,-2.3183953762054443,-2.2626819610595703,1.0716991019516222,4.712364673614502
B,1,-1,only_T5,200,0.0,0.9099999666213989,-4.128702163696289,-1.0159701108932495,0.8251134306397396,4.712364673614502
B,1,-1,only_T10,200,0.0,1.0,-4.56382417678833,-0.7405715584754944,0.44099905130178896,4.712364673614502
B,1,-1,only_T100,200,0.0,0.9950000047683716,-4.702570915222168,-0.6914232969284058,0.10101070290030247,4.712364673614502
B,1,-1,only_lin,200,0.0,0.9950000047683716,-4.699460029602051,-0.6813797354698181,0.05767956953177647,4.712364673614502
B,1,-1,random_orth,200,0.0,1.0,-4.7082648277282715,-0.6834033131599426,1.426606797626932,4.712364673614502
B,1,-1,real_diff_in_helix_subspace,200,0.7249999642372131,0.16499999165534973,-1.590944766998291,-3.39414119720459,1.4634221536602872,4.712364673614502
B,1,-1,full_swap,200,0.9749999642372131,0.0,-0.6867796182632446,-4.912954807281494,3.707453966140747,4.712364673614502
B,2,-1,helix,200,0.8050000071525574,0.10499999672174454,-1.373982548713684,-3.5711476802825928,1.4942089387947957,5.340466499328613
B,2,-1,only_T2,200,0.42499998211860657,0.32999998331069946,-2.279625415802002,-2.3303415775299072,1.127906087374608,5.340466499328613
B,2,-1,only_T5,200,0.0,0.9149999618530273,-4.125332832336426,-1.0214351415634155,0.8569793675434946,5.340466499328613
B,2,-1,only_T10,200,0.0,1.0,-4.559697151184082,-0.7424384951591492,0.4615801640502605,5.340466499328613
B,2,-1,only_T100,200,0.0,0.9950000047683716,-4.702820301055908,-0.6914207339286804,0.10677799342900832,5.340466499328613
B,2,-1,only_lin,200,0.0,1.0,-4.698296546936035,-0.6821926832199097,0.06244004366009001,5.340466499328613
B,2,-1,random_orth,200,0.0,1.0,-4.721376419067383,-0.6774941682815552,1.4942089387947959,5.340466499328613
B,2,-1,real_diff_in_helix_subspace,200,0.7599999904632568,0.11999999731779099,-1.5092726945877075,-3.45941162109375,1.537509955719591,5.340466499328613
B,2,-1,full_swap,200,0.9699999690055847,0.0,-0.68302321434021,-4.909793376922607,3.8118393421173096,5.340466499328613
B,3,-1,helix,200,0.8100000023841858,0.0949999988079071,-1.3551324605941772,-3.5803327560424805,1.728412378999403,6.160511493682861
B,3,-1,only_T2,200,0.4399999976158142,0.3149999976158142,-2.2779626846313477,-2.309480905532837,1.3612536657350005,6.160511493682861
B,3,-1,only_T5,200,0.0,0.9049999713897705,-4.115267276763916,-1.0362335443496704,0.925429663147084,6.160511493682861
B,3,-1,only_T10,200,0.0,1.0,-4.551192283630371,-0.7487666010856628,0.5112703841595058,6.160511493682861
B,3,-1,only_T100,200,0.0,0.9950000047683716,-4.7002716064453125,-0.6902843117713928,0.11417633457218303,6.160511493682861
B,3,-1,only_lin,200,0.004999999888241291,0.9950000047683716,-4.695131301879883,-0.6809210181236267,0.06883799133490578,6.160511493682861
B,3,-1,random_orth,200,0.0,0.9950000047683716,-4.7017107009887695,-0.68096524477005,1.728412378999403,6.160511493682861
B,3,-1,real_diff_in_helix_subspace,200,0.7749999761581421,0.11999999731779099,-1.461503267288208,-3.4951171875,1.7792690354743776,6.160511493682861
B,3,-1,full_swap,200,0.9699999690055847,0.0,-0.6827905774116516,-4.913912773132324,3.99235463142395,6.160511493682861
B,4,-1,helix,200,0.824999988079071,0.08999999612569809,-1.351265549659729,-3.593696117401123,1.8171807571227865,7.074550628662109
B,4,-1,only_T2,200,0.44999998807907104,0.29999998211860657,-2.266819953918457,-2.3302066326141357,1.4243035410402256,7.074550628662109
B,4,-1,only_T5,200,0.0,0.9049999713897705,-4.114034652709961,-1.042531132698059,0.9795051672330055,7.074550628662109
B,4,-1,only_T10,200,0.0,1.0,-4.550835609436035,-0.7488439083099365,0.5421790729635545,7.074550628662109
B,4,-1,only_T100,200,0.0,1.0,-4.702301979064941,-0.6908387541770935,0.12375125175832286,7.074550628662109
B,4,-1,only_lin,200,0.0,1.0,-4.697286128997803,-0.6820955276489258,0.07552298526904391,7.074550628662109
B,4,-1,random_orth,200,0.004999999888241291,0.9950000047683716,-4.711353302001953,-0.6828919649124146,1.8171807571227865,7.074550628662109
B,4,-1,real_diff_in_helix_subspace,200,0.7699999809265137,0.11999999731779099,-1.468287467956543,-3.497171640396118,1.883247071672104,7.074550628662109
B,4,-1,full_swap,200,0.9699999690055847,0.0,-0.6842159032821655,-4.9137983322143555,4.2668633460998535,7.074550628662109
B,5,-1,helix,200,0.8050000071525574,0.08999999612569809,-1.3507691621780396,-3.6269116401672363,1.9762001977184922,7.8623809814453125
B,5,-1,only_T2,200,0.44999998807907104,0.29499998688697815,-2.250727415084839,-2.3671374320983887,1.5486098431774453,7.8623809814453125
B,5,-1,only_T5,200,0.0,0.9049999713897705,-4.110468864440918,-1.0569512844085693,1.0623810957624389,7.8623809814453125
B,5,-1,only_T10,200,0.0,1.0,-4.545241355895996,-0.7505788207054138,0.5983286611425371,7.8623809814453125
B,5,-1,only_T100,200,0.0,0.9950000047683716,-4.704531192779541,-0.6902174353599548,0.1358726527950902,7.8623809814453125
B,5,-1,only_lin,200,0.0,1.0,-4.6986236572265625,-0.6822123527526855,0.0834032125891154,7.8623809814453125
B,5,-1,random_orth,200,0.004999999888241291,0.9950000047683716,-4.703920841217041,-0.6870954632759094,1.9762001977184922,7.8623809814453125
B,5,-1,real_diff_in_helix_subspace,200,0.75,0.10999999940395355,-1.4774150848388672,-3.508338451385498,2.0633578261389642,7.8623809814453125
B,5,-1,full_swap,200,0.9699999690055847,0.0,-0.6835523247718811,-4.911653995513916,4.6647820472717285,7.8623809814453125
B,6,-1,helix,200,0.7999999523162842,0.09999999403953552,-1.3485134840011597,-3.6392431259155273,2.1915928382864736,9.223747253417969
B,6,-1,only_T2,200,0.45499998331069946,0.2849999964237213,-2.243821859359741,-2.3802566528320312,1.7334021421795212,9.223747253417969
B,6,-1,only_T5,200,0.0,0.8849999904632568,-4.102227687835693,-1.06942880153656,1.1597763775548708,9.223747253417969
B,6,-1,only_T10,200,0.0,1.0,-4.544464111328125,-0.7548069357872009,0.6516887096527211,9.223747253417969
B,6,-1,only_T100,200,0.0,0.9950000047683716,-4.701929092407227,-0.6917132139205933,0.14949337775946187,9.223747253417969
B,6,-1,only_lin,200,0.0,1.0,-4.698596477508545,-0.6819028258323669,0.09456363739428789,9.223747253417969
B,6,-1,random_orth,200,0.004999999888241291,0.9950000047683716,-4.715404033660889,-0.6872616410255432,2.1915928382864736,9.223747253417969
B,6,-1,real_diff_in_helix_subspace,200,0.73499995470047,0.10999999940395355,-1.532554268836975,-3.55602765083313,2.3358189785550274,9.223747253417969
B,6,-1,full_swap,200,0.9699999690055847,0.0,-0.685849130153656,-4.911898612976074,5.101113319396973,9.223747253417969
B,7,-1,helix,200,0.7999999523162842,0.0949999988079071,-1.3448045253753662,-3.638840913772583,2.255073815981949,9.798235893249512
B,7,-1,only_T2,200,0.4449999928474426,0.29499998688697815,-2.244546413421631,-2.3774571418762207,1.7795695390119366,9.798235893249512
B,7,-1,only_T5,200,0.0,0.8899999856948853,-4.097761154174805,-1.076588749885559,1.1947742405054373,9.798235893249512
B,7,-1,only_T10,200,0.0,1.0,-4.545106887817383,-0.754323422908783,0.6787293496701428,9.798235893249512
B,7,-1,only_T100,200,0.0,0.9950000047683716,-4.701341152191162,-0.690183699131012,0.15632310405633978,9.798235893249512
B,7,-1,only_lin,200,0.0,1.0,-4.695772647857666,-0.6840410232543945,0.09766316603994564,9.798235893249512
B,7,-1,random_orth,200,0.0,0.9950000047683716,-4.710641384124756,-0.684941828250885,2.255073815981949,9.798235893249512
B,7,-1,real_diff_in_helix_subspace,200,0.73499995470047,0.10499999672174454,-1.546555757522583,-3.598130941390991,2.432467553867101,9.798235893249512
B,7,-1,full_swap,200,0.9699999690055847,0.0,-0.6828076243400574,-4.903134822845459,5.270649433135986,9.798235893249512
B,8,-1,helix,200,0.7999999523162842,0.0949999988079071,-1.3362102508544922,-3.654552936553955,2.3885389086307818,11.105817794799805
B,8,-1,only_T2,200,0.44999998807907104,0.3050000071525574,-2.242675304412842,-2.3817813396453857,1.8848067555632386,11.105817794799805
B,8,-1,only_T5,200,0.0,0.8849999904632568,-4.095933437347412,-1.0800645351409912,1.2586746131506685,11.105817794799805
B,8,-1,only_T10,200,0.0,0.9950000047683716,-4.540591239929199,-0.757341742515564,0.7371043785113173,11.105817794799805
B,8,-1,only_T100,200,0.0,0.9950000047683716,-4.703804969787598,-0.6899054646492004,0.16067106251892008,11.105817794799805
B,8,-1,only_lin,200,0.0,1.0,-4.695572376251221,-0.6837557554244995,0.10173849450321625,11.105817794799805
B,8,-1,random_orth,200,0.0,1.0,-4.720278739929199,-0.6835534572601318,2.3885389086307818,11.105817794799805
B,8,-1,real_diff_in_helix_subspace,200,0.7299999594688416,0.10499999672174454,-1.6199311017990112,-3.6106464862823486,2.6194111389608956,11.105817794799805
B,8,-1,full_swap,200,0.9699999690055847,0.0,-0.6815472841262817,-4.903881549835205,5.546428203582764,11.105817794799805
B,9,-1,helix,200,0.8050000071525574,0.0949999988079071,-1.3401192426681519,-3.6626174449920654,2.468252693714315,11.839890480041504
B,9,-1,only_T2,200,0.45499998331069946,0.2849999964237213,-2.2307634353637695,-2.3910574913024902,1.9774339958672198,11.839890480041504
B,9,-1,only_T5,200,0.0,0.8799999952316284,-4.095935344696045,-1.087610125541687,1.269912170771132,11.839890480041504
B,9,-1,only_T10,200,0.0,0.9950000047683716,-4.541009902954102,-0.7578309178352356,0.7407777971155991,11.839890480041504
B,9,-1,only_T100,200,0.0,0.9950000047683716,-4.7035393714904785,-0.6903221607208252,0.16224293879010823,11.839890480041504
B,9,-1,only_lin,200,0.0,1.0,-4.698391437530518,-0.6828199625015259,0.1026090496605526,11.839890480041504
B,9,-1,random_orth,200,0.004999999888241291,0.9950000047683716,-4.704965114593506,-0.6836210489273071,2.468252693714315,11.839890480041504
B,9,-1,real_diff_in_helix_subspace,200,0.7199999690055847,0.09999999403953552,-1.6590156555175781,-3.626467704772949,2.752873618588244,11.839890480041504
B,9,-1,full_swap,200,0.9699999690055847,0.0,-0.6824922561645508,-4.907367706298828,5.744256496429443,11.839890480041504
B,10,-1,helix,200,0.8050000071525574,0.08999999612569809,-1.3286696672439575,-3.6919772624969482,2.5714741422856373,12.143808364868164
B,10,-1,only_T2,200,0.4650000035762787,0.26499998569488525,-2.2062082290649414,-2.433833360671997,2.0675041200696844,12.143808364868164
B,10,-1,only_T5,200,0.0,0.8799999952316284,-4.081589698791504,-1.1051123142242432,1.3197520491138772,12.143808364868164
B,10,-1,only_T10,200,0.0,0.9950000047683716,-4.536412239074707,-0.7621049880981445,0.7680073851922438,12.143808364868164
B,10,-1,only_T100,200,0.0,0.9950000047683716,-4.705512046813965,-0.6901786923408508,0.16293358656750434,12.143808364868164
B,10,-1,only_lin,200,0.0,1.0,-4.694252967834473,-0.6849780082702637,0.1046894138934955,12.143808364868164
B,10,-1,random_orth,200,0.0,1.0,-4.711995601654053,-0.6863717436790466,2.5714741422856373,12.143808364868164
B,10,-1,real_diff_in_helix_subspace,200,0.73499995470047,0.10499999672174454,-1.6514132022857666,-3.616168737411499,2.8660534677027067,12.143808364868164
B,10,-1,full_swap,200,0.9699999690055847,0.0,-0.6861520409584045,-4.906696796417236,5.83500862121582,12.143808364868164
B,11,-1,helix,200,0.824999988079071,0.08500000089406967,-1.2947787046432495,-3.7067034244537354,2.732602803507535,12.615483283996582
B,11,-1,only_T2,200,0.4899999797344208,0.26499998569488525,-2.17787766456604,-2.4818334579467773,2.180036736271351,12.615483283996582
B,11,-1,only_T5,200,0.0,0.8700000047683716,-4.045808792114258,-1.1458196640014648,1.4211873738357497,12.615483283996582
B,11,-1,only_T10,200,0.0,0.9899999499320984,-4.526337146759033,-0.7740280032157898,0.8097810284476301,12.615483283996582
B,11,-1,only_T100,200,0.0,0.9950000047683716,-4.70334529876709,-0.6921737790107727,0.1663496091406309,12.615483283996582
B,11,-1,only_lin,200,0.0,0.9950000047683716,-4.694301605224609,-0.6830956935882568,0.10692757837394831,12.615483283996582
B,11,-1,random_orth,200,0.004999999888241291,0.9950000047683716,-4.696293354034424,-0.6840359568595886,2.732602803507535,12.615483283996582
B,11,-1,real_diff_in_helix_subspace,200,0.75,0.09999999403953552,-1.5982589721679688,-3.682262420654297,3.0544051827856493,12.615483283996582
B,11,-1,full_swap,200,0.9699999690055847,0.0,-0.6877725720405579,-4.90349817276001,6.021881580352783,12.615483283996582
B,12,-1,helix,200,0.8399999737739563,0.07000000029802322,-1.264744520187378,-3.7467734813690186,3.0435548485522417,13.372851371765137
B,12,-1,only_T2,200,0.47999998927116394,0.23499999940395355,-2.1522326469421387,-2.512834072113037,2.419808340127677,13.372851371765137
B,12,-1,only_T5,200,0.0,0.824999988079071,-4.008208751678467,-1.2235101461410522,1.6041320451274084,13.372851371765137
B,12,-1,only_T10,200,0.0,0.9799999594688416,-4.512991428375244,-0.7854762673377991,0.9094043092681465,13.372851371765137
B,12,-1,only_T100,200,0.0,0.9950000047683716,-4.7050676345825195,-0.6916329860687256,0.17310564759325334,13.372851371765137
B,12,-1,only_lin,200,0.0,1.0,-4.695592880249023,-0.6819753050804138,0.11039668689515994,13.372851371765137
B,12,-1,random_orth,200,0.0,1.0,-4.698097229003906,-0.6862351894378662,3.0435548485522417,13.372851371765137
B,12,-1,real_diff_in_helix_subspace,200,0.7749999761581421,0.08999999612569809,-1.4861689805984497,-3.696413516998291,3.299168287490389,13.372851371765137
B,12,-1,full_swap,200,0.9699999690055847,0.0,-0.6870379447937012,-4.897487163543701,6.38105583190918,13.372851371765137
B,13,-1,helix,200,0.8399999737739563,0.07000000029802322,-1.2528187036514282,-3.7401821613311768,3.1972419336321094,14.087773323059082
B,13,-1,only_T2,200,0.48499998450279236,0.22499999403953552,-2.1273999214172363,-2.5252630710601807,2.509915783569503,14.087773323059082
B,13,-1,only_T5,200,0.0,0.8449999690055847,-4.000913619995117,-1.2474114894866943,1.721761893191051,14.087773323059082
B,13,-1,only_T10,200,0.0,0.9799999594688416,-4.5046539306640625,-0.7928423285484314,0.979042170428767,14.087773323059082
B,13,-1,only_T100,200,0.0,0.9950000047683716,-4.703561782836914,-0.6942762732505798,0.18715867984678852,14.087773323059082
B,13,-1,only_lin,200,0.0,1.0,-4.696870803833008,-0.68106609582901,0.1156780234503114,14.087773323059082
B,13,-1,random_orth,200,0.004999999888241291,0.9950000047683716,-4.711197376251221,-0.6892780065536499,3.1972419336321094,14.087773323059082
B,13,-1,real_diff_in_helix_subspace,200,0.7749999761581421,0.08500000089406967,-1.483773112297058,-3.6692357063293457,3.43331131256392,14.087773323059082
B,13,-1,full_swap,200,0.9749999642372131,0.0,-0.686021089553833,-4.879814624786377,6.587849140167236,14.087773323059082
B,14,-1,helix,200,0.8399999737739563,0.07000000029802322,-1.262505054473877,-3.7139697074890137,3.332731217687299,14.98103141784668
B,14,-1,only_T2,200,0.47999998927116394,0.25999999046325684,-2.1536054611206055,-2.486524820327759,2.659594971546649,14.98103141784668
B,14,-1,only_T5,200,0.0,0.8349999785423279,-3.9958860874176025,-1.2498934268951416,1.7441511304548152,14.98103141784668
B,14,-1,only_T10,200,0.0,0.9749999642372131,-4.505241870880127,-0.7951295971870422,0.9943102275235538,14.98103141784668
B,14,-1,only_T100,200,0.0,0.9950000047683716,-4.705377101898193,-0.6933653950691223,0.1877757111432011,14.98103141784668
B,14,-1,only_lin,200,0.0,1.0,-4.695307731628418,-0.6812341213226318,0.11873612686498511,14.98103141784668
B,14,-1,random_orth,200,0.0,1.0,-4.698178768157959,-0.687610387802124,3.3327312176872987,14.98103141784668
B,14,-1,real_diff_in_helix_subspace,200,0.7899999618530273,0.07999999821186066,-1.4614484310150146,-3.6838552951812744,3.5633855372537573,14.98103141784668
B,14,-1,full_swap,200,0.98499995470047,0.0,-0.6868456602096558,-4.869449138641357,6.641402721405029,14.98103141784668
B,15,-1,helix,200,0.8399999737739563,0.06499999761581421,-1.2632801532745361,-3.7016494274139404,3.432633118492589,16.163925170898438
B,15,-1,only_T2,200,0.4650000035762787,0.23999999463558197,-2.164454221725464,-2.4657516479492188,2.708773298572871,16.163925170898438
B,15,-1,only_T5,200,0.0,0.8199999928474426,-3.9852142333984375,-1.2715635299682617,1.8364462036173972,16.163925170898438
B,15,-1,only_T10,200,0.0,0.9799999594688416,-4.502191066741943,-0.7974218726158142,1.0327954414202296,16.163925170898438
B,15,-1,only_T100,200,0.0,0.9950000047683716,-4.703847885131836,-0.6935731172561646,0.20882075448901946,16.163925170898438
B,15,-1,only_lin,200,0.0,1.0,-4.698616027832031,-0.6810418367385864,0.12989880210639218,16.163925170898438
B,15,-1,random_orth,200,0.004999999888241291,0.9950000047683716,-4.714681625366211,-0.6866788864135742,3.432633118492589,16.163925170898438
B,15,-1,real_diff_in_helix_subspace,200,0.7849999666213989,0.07999999821186066,-1.466375708580017,-3.655214786529541,3.6682284148432585,16.163925170898438
B,15,-1,full_swap,200,0.9799999594688416,0.0,-0.6851049661636353,-4.8460493087768555,6.888939380645752,16.163925170898438
B,16,-1,helix,200,0.8349999785423279,0.07000000029802322,-1.220261812210083,-3.886807680130005,4.088417065065864,18.002771377563477
B,16,-1,only_T2,200,0.48499998450279236,0.1850000023841858,-2.0973448753356934,-2.6560351848602295,3.1382386563410027,18.002771377563477
B,16,-1,only_T5,200,0.004999999888241291,0.75,-3.865936517715454,-1.5110751390457153,2.2742147204099736,18.002771377563477
B,16,-1,only_T10,200,0.0,0.9649999737739563,-4.4450860023498535,-0.8705719709396362,1.2782717408786572,18.002771377563477
B,16,-1,only_T100,200,0.0,0.9899999499320984,-4.703394889831543,-0.6939155459403992,0.2545537062353613,18.002771377563477
B,16,-1,only_lin,200,0.0,1.0,-4.696853160858154,-0.681512713432312,0.15318852043660247,18.002771377563477
B,16,-1,random_orth,200,0.004999999888241291,0.9950000047683716,-4.697900772094727,-0.6929605007171631,4.088417065065864,18.002771377563477
B,16,-1,real_diff_in_helix_subspace,200,0.824999988079071,0.06499999761581421,-1.2860723733901978,-3.8112499713897705,4.270825744414778,18.002771377563477
B,16,-1,full_swap,200,0.9799999594688416,0.0,-0.6918822526931763,-4.8319807052612305,8.182650566101074,18.002771377563477
B,17,-1,helix,200,0.8149999976158142,0.0949999988079071,-1.309867024421692,-3.472426176071167,4.236764146233341,19.61639976501465
B,17,-1,only_T2,200,0.4399999976158142,0.2800000011920929,-2.231332540512085,-2.3594560623168945,3.2456611080615123,19.61639976501465
B,17,-1,only_T5,200,0.0,0.7999999523162842,-3.922996759414673,-1.3355430364608765,2.358411210374709,19.61639976501465
B,17,-1,only_T10,200,0.0,0.9649999737739563,-4.470235347747803,-0.8317490816116333,1.3398135297632212,19.61639976501465
B,17,-1,only_T100,200,0.0,0.9950000047683716,-4.705202102661133,-0.6921574473381042,0.2677717173790969,19.61639976501465
B,17,-1,only_lin,200,0.0,1.0,-4.695557117462158,-0.6794254779815674,0.15817433145324872,19.61639976501465
B,17,-1,random_orth,200,0.0,0.9950000047683716,-4.70548677444458,-0.686101496219635,4.236764146233341,19.61639976501465
B,17,-1,real_diff_in_helix_subspace,200,0.7799999713897705,0.10999999940395355,-1.402458906173706,-3.424083709716797,4.412362372855443,19.61639976501465
B,17,-1,full_swap,200,0.9649999737739563,0.014999999664723873,-0.7577981948852539,-4.37701416015625,8.521389961242676,19.61639976501465
B,18,-1,helix,200,0.4899999797344208,0.41499999165534973,-2.2059247493743896,-2.1928133964538574,4.341373421786823,20.716733932495117
B,18,-1,only_T2,200,0.25,0.574999988079071,-2.8676412105560303,-1.6809453964233398,3.2931721268701106,20.716733932495117
B,18,-1,only_T5,200,0.0,0.9049999713897705,-4.241235256195068,-0.9897907972335815,2.4599846100136613,20.716733932495117
B,18,-1,only_T10,200,0.0,0.9799999594688416,-4.568315505981445,-0.751624345779419,1.3759970763151914,20.716733932495117
B,18,-1,only_T100,200,0.0,0.9950000047683716,-4.706017971038818,-0.6871960163116455,0.27621752633561886,20.716733932495117
B,18,-1,only_lin,200,0.0,1.0,-4.701718807220459,-0.6777476072311401,0.16210717728643992,20.716733932495117
B,18,-1,random_orth,200,0.0,1.0,-4.717290878295898,-0.6928340196609497,4.341373421786822,20.716733932495117
B,18,-1,real_diff_in_helix_subspace,200,0.4599999785423279,0.41999998688697815,-2.235244035720825,-2.2004714012145996,4.530902799238117,20.716733932495117
B,18,-1,full_swap,200,0.6549999713897705,0.26999998092651367,-1.6012905836105347,-2.8131861686706543,8.95885181427002,20.716733932495117
B,19,-1,helix,200,0.14499999582767487,0.8149999976158142,-3.2816154956817627,-1.149450659751892,4.561894107153396,22.693988800048828
B,19,-1,only_T2,200,0.06499999761581421,0.8650000095367432,-3.7499208450317383,-0.9998392462730408,3.4245493536705065,22.693988800048828
B,19,-1,only_T5,200,0.004999999888241291,0.98499995470047,-4.419750213623047,-0.7611585855484009,2.626599940034356,22.693988800048828
B,19,-1,only_T10,200,0.0,0.9950000047683716,-4.622887134552002,-0.7058776021003723,1.4544664487087715,22.693988800048828
B,19,-1,only_T100,200,0.0,0.9950000047683716,-4.706359386444092,-0.6837144494056702,0.290232941046928,22.693988800048828
B,19,-1,only_lin,200,0.0,1.0,-4.7022504806518555,-0.6782875657081604,0.17613635051382126,22.693988800048828
B,19,-1,random_orth,200,0.0,1.0,-4.703745365142822,-0.6750362515449524,4.561894107153396,22.693988800048828
B,19,-1,real_diff_in_helix_subspace,200,0.14000000059604645,0.8050000071525574,-3.2808187007904053,-1.1566085815429688,4.783769797857064,22.693988800048828
B,19,-1,full_swap,200,0.22999998927116394,0.699999988079071,-2.7291178703308105,-1.4213351011276245,9.452713966369629,22.693988800048828
B,20,-1,helix,200,0.14499999582767487,0.8100000023841858,-3.2523303031921387,-1.1745548248291016,4.793749499857652,23.686208724975586
B,20,-1,only_T2,200,0.06499999761581421,0.8650000095367432,-3.719163417816162,-1.025539517402649,3.591196870894871,23.686208724975586
B,20,-1,only_T5,200,0.004999999888241291,0.98499995470047,-4.413918972015381,-0.7625411748886108,2.772341819863539,23.686208724975586
B,20,-1,only_T10,200,0.0,0.9950000047683716,-4.620535850524902,-0.7075737118721008,1.5202962723218194,23.686208724975586
B,20,-1,only_T100,200,0.0,0.9950000047683716,-4.705498218536377,-0.6835523247718811,0.3052102859859796,23.686208724975586
B,20,-1,only_lin,200,0.0,1.0,-4.703746795654297,-0.6774520874023438,0.18380173586869084,23.686208724975586
B,20,-1,random_orth,200,0.0,0.9950000047683716,-4.706182479858398,-0.6788203120231628,4.793749499857651,23.686208724975586
B,20,-1,real_diff_in_helix_subspace,200,0.14000000059604645,0.8050000071525574,-3.2633378505706787,-1.174087643623352,5.030597398416907,23.686208724975586
B,20,-1,full_swap,200,0.22999998927116394,0.699999988079071,-2.7341067790985107,-1.428113341331482,9.992241859436035,23.686208724975586
B,21,-1,helix,200,0.0,0.9950000047683716,-4.662700653076172,-0.6884450912475586,4.882624919463955,25.1451416015625
B,21,-1,only_T2,200,0.0,0.9950000047683716,-4.691690444946289,-0.6795943379402161,3.6521691690815796,25.1451416015625
B,21,-1,only_T5,200,0.0,0.9950000047683716,-4.68515682220459,-0.6823538541793823,2.825760892720154,25.1451416015625
B,21,-1,only_T10,200,0.0,0.9950000047683716,-4.691348552703857,-0.6828409433364868,1.5579191909055954,25.1451416015625
B,21,-1,only_T100,200,0.0,0.9950000047683716,-4.702417850494385,-0.6797600984573364,0.3200717069367796,25.1451416015625
B,21,-1,only_lin,200,0.0,1.0,-4.705272197723389,-0.6781665086746216,0.19103676863363966,25.1451416015625
B,21,-1,random_orth,200,0.004999999888241291,0.9950000047683716,-4.710508346557617,-0.6815968155860901,4.882624919463955,25.1451416015625
B,21,-1,real_diff_in_helix_subspace,200,0.0,0.9950000047683716,-4.661654949188232,-0.6875751614570618,5.13753446308963,25.1451416015625
B,21,-1,full_swap,200,0.0,0.9899999499320984,-4.604004383087158,-0.7000868320465088,10.293166160583496,25.1451416015625
B,22,-1,helix,200,0.0,0.9950000047683716,-4.665629863739014,-0.688620924949646,5.055208552908209,27.927221298217773
B,22,-1,only_T2,200,0.0,0.9950000047683716,-4.694254398345947,-0.6802314519882202,3.7822656414774225,27.927221298217773
B,22,-1,only_T5,200,0.0,0.9950000047683716,-4.686013698577881,-0.6833305358886719,2.9198079958474774,27.927221298217773
B,22,-1,only_T10,200,0.0,0.9950000047683716,-4.691244602203369,-0.6835426092147827,1.6155216927413147,27.927221298217773
B,22,-1,only_T100,200,0.0,0.9950000047683716,-4.702724933624268,-0.6794642210006714,0.332599359532431,27.927221298217773
B,22,-1,only_lin,200,0.0,1.0,-4.704225063323975,-0.6793647408485413,0.19912281803378892,27.927221298217773
B,22,-1,random_orth,200,0.004999999888241291,0.9950000047683716,-4.703446865081787,-0.6787844896316528,5.055208552908209,27.927221298217773
B,22,-1,real_diff_in_helix_subspace,200,0.0,0.9950000047683716,-4.6636857986450195,-0.6872555613517761,5.348828767607029,27.927221298217773
B,22,-1,full_swap,200,0.0,0.9899999499320984,-4.607010364532471,-0.6984096169471741,10.742727279663086,27.927221298217773
B,23,-1,helix,200,0.0,0.9950000047683716,-4.700417518615723,-0.6833450198173523,5.391958479239885,29.761201858520508
B,23,-1,only_T2,200,0.0,0.9950000047683716,-4.7089128494262695,-0.6790316700935364,4.100865096887747,29.761201858520508
B,23,-1,only_T5,200,0.0,0.9950000047683716,-4.703722953796387,-0.6798219084739685,3.0487155715611207,29.761201858520508
B,23,-1,only_T10,200,0.0,0.9950000047683716,-4.700527191162109,-0.6820079684257507,1.6841494671373034,29.761201858520508
B,23,-1,only_T100,200,0.0,0.9950000047683716,-4.70462703704834,-0.6797698736190796,0.34544425037243814,29.761201858520508
B,23,-1,only_lin,200,0.0,1.0,-4.705671787261963,-0.6780295372009277,0.20957390807257145,29.761201858520508
B,23,-1,random_orth,200,0.0,1.0,-4.708127498626709,-0.6793802976608276,5.391958479239885,29.761201858520508
B,23,-1,real_diff_in_helix_subspace,200,0.0,0.9950000047683716,-4.700223922729492,-0.68410325050354,5.72309276221262,29.761201858520508
B,23,-1,full_swap,200,0.0,0.9950000047683716,-4.649263381958008,-0.689725935459137,11.356792449951172,29.761201858520508
B,24,-1,helix,200,0.0,0.9950000047683716,-4.704953193664551,-0.6769605875015259,5.580104722365036,31.400419235229492
B,24,-1,only_T2,200,0.0,0.9950000047683716,-4.706274509429932,-0.6769285202026367,4.233443705814077,31.400419235229492
B,24,-1,only_T5,200,0.0,0.9950000047683716,-4.705102443695068,-0.6786880493164062,3.170607210021524,31.400419235229492
B,24,-1,only_T10,200,0.0,0.9950000047683716,-4.700321197509766,-0.6796965003013611,1.742945561723012,31.400419235229492
B,24,-1,only_T100,200,0.0,1.0,-4.705966472625732,-0.6792250871658325,0.3565417838935027,31.400419235229492
B,24,-1,only_lin,200,0.0,0.9950000047683716,-4.705470561981201,-0.6785757541656494,0.21756701790985922,31.400419235229492
B,24,-1,random_orth,200,0.0,1.0,-4.707706928253174,-0.6776672005653381,5.580104722365036,31.400419235229492
B,24,-1,real_diff_in_helix_subspace,200,0.0,0.9950000047683716,-4.70076322555542,-0.6781911253929138,5.950163066179885,31.400419235229492
B,24,-1,full_swap,200,0.0,0.9950000047683716,-4.673930644989014,-0.6733123064041138,11.83287239074707,31.400419235229492
B,25,-1,helix,200,0.0,0.9950000047683716,-4.702085018157959,-0.6772630214691162,5.823042225726497,34.300235748291016
B,25,-1,only_T2,200,0.0,0.9950000047683716,-4.705577373504639,-0.6771677136421204,4.4393662853297915,34.300235748291016
B,25,-1,only_T5,200,0.0,0.9950000047683716,-4.70613956451416,-0.6786654591560364,3.2835069813826885,34.300235748291016
B,25,-1,only_T10,200,0.0,0.9950000047683716,-4.701691627502441,-0.6791437864303589,1.8104416694609546,34.300235748291016
B,25,-1,only_T100,200,0.0,0.9950000047683716,-4.704170227050781,-0.67928546667099,0.3701609106881694,34.300235748291016
B,25,-1,only_lin,200,0.0,0.9950000047683716,-4.703680515289307,-0.6794196963310242,0.22658579953709426,34.300235748291016
B,25,-1,random_orth,200,0.0,1.0,-4.700634002685547,-0.6793302297592163,5.823042225726497,34.300235748291016
B,25,-1,real_diff_in_helix_subspace,200,0.0,0.9950000047683716,-4.700294017791748,-0.6782248020172119,6.219883291954078,34.300235748291016
B,25,-1,full_swap,200,0.0,0.9950000047683716,-4.674076557159424,-0.6736844778060913,12.418478012084961,34.300235748291016
B,26,-1,helix,200,0.0,0.9950000047683716,-4.7014946937561035,-0.6767041683197021,6.029140817969353,36.666561126708984
B,26,-1,only_T2,200,0.0,0.9950000047683716,-4.704897403717041,-0.6782753467559814,4.592972603317546,36.666561126708984
B,26,-1,only_T5,200,0.0,0.9950000047683716,-4.704051494598389,-0.6788823008537292,3.407201815033236,36.666561126708984
B,26,-1,only_T10,200,0.0,1.0,-4.700610160827637,-0.6788635849952698,1.871810092256168,36.666561126708984
B,26,-1,only_T100,200,0.0,0.9950000047683716,-4.703944206237793,-0.6795036196708679,0.3818729988137693,36.666561126708984
B,26,-1,only_lin,200,0.0,0.9950000047683716,-4.703464508056641,-0.6791164875030518,0.23626485881619658,36.666561126708984
B,26,-1,random_orth,200,0.0,1.0,-4.704367637634277,-0.6810690760612488,6.029140817969353,36.666561126708984
B,26,-1,real_diff_in_helix_subspace,200,0.0,0.9950000047683716,-4.700898170471191,-0.6787548661231995,6.461414645423275,36.666561126708984
B,26,-1,full_swap,200,0.0,0.9950000047683716,-4.681329727172852,-0.6756959557533264,12.906954765319824,36.666561126708984
B,27,-1,helix,200,0.0,0.9950000047683716,-4.704076766967773,-0.6790949702262878,6.182660905633167,39.32822036743164
B,27,-1,only_T2,200,0.0,0.9950000047683716,-4.702971458435059,-0.6786519289016724,4.692699144029619,39.32822036743164
B,27,-1,only_T5,200,0.0,0.9950000047683716,-4.705869674682617,-0.6802017092704773,3.5043360775522,39.32822036743164
B,27,-1,only_T10,200,0.0,0.9950000047683716,-4.703258037567139,-0.6796959042549133,1.939384706147899,39.32822036743164
B,27,-1,only_T100,200,0.0,0.9950000047683716,-4.703829765319824,-0.679829478263855,0.39564776346574876,39.32822036743164
B,27,-1,only_lin,200,0.0,0.9950000047683716,-4.704442501068115,-0.6798703074455261,0.24521600321883313,39.32822036743164
B,27,-1,random_orth,200,0.0,1.0,-4.7045416831970215,-0.6808611154556274,6.182660905633167,39.32822036743164
B,27,-1,real_diff_in_helix_subspace,200,0.0,0.9950000047683716,-4.702856540679932,-0.6801630854606628,6.667278388499776,39.32822036743164
B,27,-1,full_swap,200,0.0,1.0,-4.693479537963867,-0.6772159934043884,13.329215049743652,39.32822036743164
B,28,-1,helix,200,0.0,1.0,-4.703536033630371,-0.6792038083076477,6.382282896211555,42.064517974853516
B,28,-1,only_T2,200,0.0,0.9950000047683716,-4.704398155212402,-0.6788084506988525,4.838013950324123,42.064517974853516
B,28,-1,only_T5,200,0.0,1.0,-4.706072807312012,-0.6801477670669556,3.618314126043396,42.064517974853516
B,28,-1,only_T10,200,0.0,1.0,-4.703668594360352,-0.6795013546943665,2.011915592439953,42.064517974853516
B,28,-1,only_T100,200,0.0,0.9950000047683716,-4.7030930519104,-0.6799302697181702,0.4093667273148314,42.064517974853516
B,28,-1,only_lin,200,0.0,0.9950000047683716,-4.7042012214660645,-0.6798136830329895,0.2543631319166197,42.064517974853516
B,28,-1,random_orth,200,0.0,1.0,-4.704845905303955,-0.6803109049797058,6.382282896211555,42.064517974853516
B,28,-1,real_diff_in_helix_subspace,200,0.0,1.0,-4.702609539031982,-0.6801592707633972,6.915418586881201,42.064517974853516
B,28,-1,full_swap,200,0.0,1.0,-4.693897724151611,-0.67624831199646,13.865439414978027,42.064517974853516
B,29,-1,helix,200,0.0,0.9950000047683716,-4.704930782318115,-0.6799154281616211,6.545347997135074,45.70403289794922
B,29,-1,only_T2,200,0.0,0.9950000047683716,-4.703698635101318,-0.6792954802513123,4.9552489739961985,45.70403289794922
B,29,-1,only_T5,200,0.0,0.9950000047683716,-4.705867290496826,-0.6801310777664185,3.706370365473347,45.70403289794922
B,29,-1,only_T10,200,0.0,1.0,-4.703914165496826,-0.6798156499862671,2.0816060498153246,45.70403289794922
B,29,-1,only_T100,200,0.0,0.9950000047683716,-4.704286098480225,-0.6796303391456604,0.42538939164637624,45.70403289794922
B,29,-1,only_lin,200,0.0,0.9950000047683716,-4.704564571380615,-0.6797856092453003,0.26499962753292977,45.70403289794922
B,29,-1,random_orth,200,0.0,0.9950000047683716,-4.705405235290527,-0.6797289848327637,6.545347997135074,45.70403289794922
B,29,-1,real_diff_in_helix_subspace,200,0.0,0.9950000047683716,-4.704526424407959,-0.6799949407577515,7.147790545402547,45.70403289794922
B,29,-1,full_swap,200,0.0,0.9950000047683716,-4.697440147399902,-0.6788243055343628,14.417133331298828,45.70403289794922
B,30,-1,helix,200,0.0,0.9950000047683716,-4.704111576080322,-0.6795037984848022,6.805977676214286,57.28962326049805
B,30,-1,only_T2,200,0.0,0.9950000047683716,-4.704943656921387,-0.6793333888053894,5.183582017362922,57.28962326049805
B,30,-1,only_T5,200,0.0,0.9950000047683716,-4.704347133636475,-0.6797439455986023,3.820138076060849,57.28962326049805
B,30,-1,only_T10,200,0.0,0.9950000047683716,-4.704456806182861,-0.6795226335525513,2.1604644448338193,57.28962326049805
B,30,-1,only_T100,200,0.0,0.9950000047683716,-4.705151081085205,-0.6794516444206238,0.4439658204166658,57.28962326049805
B,30,-1,only_lin,200,0.0,0.9950000047683716,-4.704497337341309,-0.6798890829086304,0.27592874609054896,57.28962326049805
B,30,-1,random_orth,200,0.0,1.0,-4.7042670249938965,-0.6798723340034485,6.805977676214286,57.28962326049805
B,30,-1,real_diff_in_helix_subspace,200,0.0,0.9950000047683716,-4.7041449546813965,-0.6800616383552551,7.421343603692789,57.28962326049805
B,30,-1,full_swap,200,0.0,0.9950000047683716,-4.698801040649414,-0.678629457950592,15.077749252319336,57.28962326049805
B,31,-1,helix,200,0.0,0.9950000047683716,-4.704753398895264,-0.6797535419464111,7.272828327096729,77.07276153564453
B,31,-1,only_T2,200,0.0,0.9950000047683716,-4.704753398895264,-0.6797535419464111,5.577971404665254,77.07276153564453
B,31,-1,only_T5,200,0.0,0.9950000047683716,-4.704753398895264,-0.6797535419464111,4.044175703361359,77.07276153564453
B,31,-1,only_T10,200,0.0,0.9950000047683716,-4.704753398895264,-0.6797535419464111,2.284301737843509,77.07276153564453
B,31,-1,only_T100,200,0.0,0.9950000047683716,-4.704753398895264,-0.6797535419464111,0.4709838537551886,77.07276153564453
B,31,-1,only_lin,200,0.0,0.9950000047683716,-4.704753398895264,-0.6797535419464111,0.29196861080881714,77.07276153564453
B,31,-1,random_orth,200,0.0,0.9950000047683716,-4.704753398895264,-0.6797535419464111,7.272828327096729,77.07276153564453
B,31,-1,real_diff_in_helix_subspace,200,0.0,0.9950000047683716,-4.704753398895264,-0.6797535419464111,7.99072021514492,77.07276153564453
B,31,-1,full_swap,200,0.0,0.9950000047683716,-4.704753398895264,-0.6797535419464111,16.103721618652344,77.07276153564453
B,0,1,helix,200,0.6800000071525574,0.1550000011920929,-1.6410917043685913,-3.0321617126464844,1.430207740117066,4.137887477874756
B,0,1,only_T2,200,0.14999999105930328,0.3700000047683716,-3.2748117446899414,-2.201117515563965,1.066275497301506,4.137887477874756
B,0,1,only_T5,200,0.0,0.9649999737739563,-4.580317497253418,-0.8182821273803711,0.8288470502460271,4.137887477874756
B,0,1,only_T10,200,0.0,1.0,-4.884057521820068,-0.7008562088012695,0.4480197492703348,4.137887477874756
B,0,1,only_T100,200,0.0,1.0,-5.0014214515686035,-0.6837982535362244,0.10096690905255486,4.137887477874756
B,0,1,only_lin,200,0.0,1.0,-5.020792007446289,-0.6950498819351196,0.05432010029512997,4.137887477874756
B,0,1,random_orth,200,0.0,0.9950000047683716,-5.029778003692627,-0.702297031879425,1.430207740117066,4.137887477874756
B,0,1,real_diff_in_helix_subspace,200,0.5699999928474426,0.25,-2.114729642868042,-2.8696107864379883,1.464083544865337,4.137887477874756
B,0,1,full_swap,200,1.0,0.0,-0.7108075022697449,-4.574604034423828,3.7749407291412354,4.137887477874756
B,1,1,helix,200,0.6899999976158142,0.14999999105930328,-1.6332353353500366,-3.0626251697540283,1.4305470955160706,4.6060791015625
B,1,1,only_T2,200,0.14999999105930328,0.3799999952316284,-3.2539165019989014,-2.229426622390747,1.0716991019516222,4.6060791015625
B,1,1,only_T5,200,0.0,0.9699999690055847,-4.574152946472168,-0.8235648274421692,0.8241162511972945,4.6060791015625
B,1,1,only_T10,200,0.0,1.0,-4.881654739379883,-0.700847327709198,0.4411278589684795,4.6060791015625
B,1,1,only_T100,200,0.0,1.0,-5.0019989013671875,-0.6847833395004272,0.10145087379749432,4.6060791015625
B,1,1,only_lin,200,0.0,1.0,-5.018638610839844,-0.6919931769371033,0.057679569531776484,4.6060791015625
B,1,1,random_orth,200,0.0,1.0,-5.018568515777588,-0.7002326250076294,1.4305470955160706,4.6060791015625
B,1,1,real_diff_in_helix_subspace,200,0.6049999594688416,0.22999998927116394,-2.0301711559295654,-2.917869806289673,1.468051089625023,4.6060791015625
B,1,1,full_swap,200,1.0,0.0,-0.7105324864387512,-4.57564115524292,3.67667293548584,4.6060791015625
B,2,1,helix,200,0.699999988079071,0.14000000059604645,-1.6187231540679932,-3.1070806980133057,1.4977984140318665,5.262211799621582
B,2,1,only_T2,200,0.1550000011920929,0.35999998450279236,-3.2331793308258057,-2.28841233253479,1.127906087374608,5.262211799621582
B,2,1,only_T5,200,0.0,0.9699999690055847,-4.570322513580322,-0.8242204189300537,0.8555518099352872,5.262211799621582
B,2,1,only_T10,200,0.0,1.0,-4.880029678344727,-0.7035320997238159,0.4615008522097061,5.262211799621582
B,2,1,only_T100,200,0.0,1.0,-4.998641014099121,-0.6833712458610535,0.10737982104759192,5.262211799621582
B,2,1,only_lin,200,0.0,1.0,-5.018430233001709,-0.6935780048370361,0.06244004366009004,5.262211799621582
B,2,1,random_orth,200,0.0,0.9950000047683716,-5.026580810546875,-0.7013203501701355,1.4977984140318665,5.262211799621582
B,2,1,real_diff_in_helix_subspace,200,0.6150000095367432,0.19499999284744263,-1.9306564331054688,-3.0029962062835693,1.546974137356713,5.262211799621582
B,2,1,full_swap,200,1.0,0.0,-0.7088713049888611,-4.575610160827637,3.791532516479492,5.262211799621582
B,3,1,helix,200,0.7149999737739563,0.125,-1.5985785722732544,-3.148746967315674,1.732393381546144,6.08464241027832
B,3,1,only_T2,200,0.1599999964237213,0.32999998331069946,-3.2039763927459717,-2.3169853687286377,1.3612536657350005,6.08464241027832
B,3,1,only_T5,200,0.0,0.9699999690055847,-4.552186965942383,-0.8317358493804932,0.9241790603080391,6.08464241027832
B,3,1,only_T10,200,0.0,1.0,-4.868336200714111,-0.709558367729187,0.5110415848482333,6.08464241027832
B,3,1,only_T100,200,0.0,1.0,-5.002072811126709,-0.6845727562904358,0.11494887081659208,6.08464241027832
B,3,1,only_lin,200,0.0,1.0,-5.017617225646973,-0.6930165886878967,0.06883799133490581,6.08464241027832
B,3,1,random_orth,200,0.0,0.9950000047683716,-5.030298709869385,-0.6884996891021729,1.732393381546144,6.08464241027832
B,3,1,real_diff_in_helix_subspace,200,0.6549999713897705,0.16499999165534973,-1.8462674617767334,-3.0579559803009033,1.794956137648828,6.08464241027832
B,3,1,full_swap,200,1.0,0.0,-0.7094809412956238,-4.573672294616699,3.9938902854919434,6.08464241027832
B,4,1,helix,200,0.7049999833106995,0.12999999523162842,-1.5943660736083984,-3.1471285820007324,1.8216148185223215,6.996901988983154
B,4,1,only_T2,200,0.16499999165534973,0.32499998807907104,-3.1885595321655273,-2.3337368965148926,1.4243035410402256,6.996901988983154
B,4,1,only_T5,200,0.0,0.9699999690055847,-4.556879997253418,-0.8332771062850952,0.9784845317952372,6.996901988983154
B,4,1,only_T10,200,0.0,1.0,-4.864910125732422,-0.7094010710716248,0.5418004688717979,6.996901988983154
B,4,1,only_T100,200,0.0,1.0,-5.002707004547119,-0.6854180693626404,0.12458465218435345,6.996901988983154
B,4,1,only_lin,200,0.0,1.0,-5.017237186431885,-0.691139817237854,0.07552298526904394,6.996901988983154
B,4,1,random_orth,200,0.0,0.9950000047683716,-5.0299072265625,-0.7059677243232727,1.8216148185223213,6.996901988983154
B,4,1,real_diff_in_helix_subspace,200,0.6399999856948853,0.1850000023841858,-1.8532650470733643,-3.0568864345550537,1.900959764832932,6.996901988983154
B,4,1,full_swap,200,1.0,0.0,-0.7099940180778503,-4.57241678237915,4.281668663024902,6.996901988983154
B,5,1,helix,200,0.7049999833106995,0.12999999523162842,-1.584351897239685,-3.1853389739990234,1.9836111461685024,7.7705912590026855
B,5,1,only_T2,200,0.17000000178813934,0.29499998688697815,-3.168339729309082,-2.36773681640625,1.5486098431774453,7.7705912590026855
B,5,1,only_T5,200,0.0,0.9649999737739563,-4.5494256019592285,-0.8417755961418152,1.0611962264931718,7.7705912590026855
B,5,1,only_T10,200,0.0,1.0,-4.862565040588379,-0.711787760257721,0.5975817902662232,7.7705912590026855
B,5,1,only_T100,200,0.0,1.0,-4.998867511749268,-0.6850889325141907,0.13683766392814314,7.7705912590026855
B,5,1,only_lin,200,0.0,1.0,-5.016877174377441,-0.6917188167572021,0.08340321258911544,7.7705912590026855
B,5,1,random_orth,200,0.0,1.0,-5.03705358505249,-0.6949512958526611,1.9836111461685024,7.7705912590026855
B,5,1,real_diff_in_helix_subspace,200,0.6449999809265137,0.16499999165534973,-1.8644471168518066,-3.0860753059387207,2.0894594066562946,7.7705912590026855
B,5,1,full_swap,200,1.0,0.0,-0.7062922716140747,-4.574021339416504,4.688348770141602,7.7705912590026855
B,6,1,helix,200,0.7049999833106995,0.14999999105930328,-1.6028103828430176,-3.1478264331817627,2.1939321143238524,9.133221626281738
B,6,1,only_T2,200,0.17499999701976776,0.28999999165534973,-3.165654420852661,-2.36276912689209,1.7334021421795212,9.133221626281738
B,6,1,only_T5,200,0.0,0.9649999737739563,-4.553652763366699,-0.845285952091217,1.1583159948277322,9.133221626281738
B,6,1,only_T10,200,0.0,1.0,-4.859899997711182,-0.712785542011261,0.6506665219111238,9.133221626281738
B,6,1,only_T100,200,0.0,1.0,-4.999143123626709,-0.684904932975769,0.15071621736117657,9.133221626281738
B,6,1,only_lin,200,0.0,1.0,-5.019125938415527,-0.6920463442802429,0.0945636373942879,9.133221626281738
B,6,1,random_orth,200,0.0,0.98499995470047,-5.042507171630859,-0.7061097621917725,2.1939321143238524,9.133221626281738
B,6,1,real_diff_in_helix_subspace,200,0.6150000095367432,0.17000000178813934,-1.949198603630066,-3.1595022678375244,2.3797639499703265,9.133221626281738
B,6,1,full_swap,200,1.0,0.0,-0.7032029628753662,-4.5753326416015625,5.149552822113037,9.133221626281738
B,7,1,helix,200,0.6899999976158142,0.1599999964237213,-1.6048812866210938,-3.1509830951690674,2.258187736572346,9.712120056152344
B,7,1,only_T2,200,0.17000000178813934,0.28999999165534973,-3.166368246078491,-2.359976291656494,1.7795695390119366,9.712120056152344
B,7,1,only_T5,200,0.0,0.9649999737739563,-4.550844192504883,-0.8497908115386963,1.1937870291642978,9.712120056152344
B,7,1,only_T10,200,0.0,1.0,-4.860866069793701,-0.7136921286582947,0.6778862954033289,9.712120056152344
B,7,1,only_T100,200,0.0,1.0,-4.996786594390869,-0.684637188911438,0.15753334196209778,9.712120056152344
B,7,1,only_lin,200,0.0,1.0,-5.0174713134765625,-0.691771924495697,0.09766316603994568,9.712120056152344
B,7,1,random_orth,200,0.0,1.0,-5.023733139038086,-0.7019557952880859,2.258187736572346,9.712120056152344
B,7,1,real_diff_in_helix_subspace,200,0.5999999642372131,0.1599999964237213,-1.9989850521087646,-3.2040855884552,2.476465110805137,9.712120056152344
B,7,1,full_swap,200,1.0,0.0,-0.7056869268417358,-4.569985389709473,5.3131103515625,9.712120056152344
B,8,1,helix,200,0.7199999690055847,0.13499999046325684,-1.5888268947601318,-3.167497158050537,2.391327649498614,11.015725135803223
B,8,1,only_T2,200,0.17000000178813934,0.2800000011920929,-3.158561944961548,-2.3656044006347656,1.8848067555632386,11.015725135803223
B,8,1,only_T5,200,0.0,0.9649999737739563,-4.544998645782471,-0.8483377695083618,1.2563033935757713,11.015725135803223
B,8,1,only_T10,200,0.0,0.9950000047683716,-4.8577775955200195,-0.7133133411407471,0.7365502087816398,11.015725135803223
B,8,1,only_T100,200,0.0,1.0,-4.996834754943848,-0.684088408946991,0.16197130933137913,11.015725135803223
B,8,1,only_lin,200,0.0,1.0,-5.018157482147217,-0.6904882192611694,0.10173849450321626,11.015725135803223
B,8,1,random_orth,200,0.0,0.9950000047683716,-5.0280022621154785,-0.7019699215888977,2.391327649498614,11.015725135803223
B,8,1,real_diff_in_helix_subspace,200,0.5399999618530273,0.20499999821186066,-2.098127603530884,-3.2397727966308594,2.6682975091569285,11.015725135803223
B,8,1,full_swap,200,1.0,0.0,-0.7042558789253235,-4.5660719871521,5.613289833068848,11.015725135803223
B,9,1,helix,200,0.7099999785423279,0.13499999046325684,-1.5879883766174316,-3.166938304901123,2.4777583452266407,11.773224830627441
B,9,1,only_T2,200,0.17000000178813934,0.28999999165534973,-3.152470827102661,-2.368668556213379,1.9774339958672198,11.773224830627441
B,9,1,only_T5,200,0.0,0.9649999737739563,-4.542070388793945,-0.8518010377883911,1.267894320119737,11.773224830627441
B,9,1,only_T10,200,0.0,1.0,-4.856029987335205,-0.7162566781044006,0.7399712161228643,11.773224830627441
B,9,1,only_T100,200,0.0,1.0,-4.997417449951172,-0.6840556263923645,0.16359381637967807,11.773224830627441
B,9,1,only_lin,200,0.0,1.0,-5.017604351043701,-0.689980149269104,0.10260904966055265,11.773224830627441
B,9,1,random_orth,200,0.0,1.0,-5.0221099853515625,-0.6982387900352478,2.4777583452266407,11.773224830627441
B,9,1,real_diff_in_helix_subspace,200,0.47999998927116394,0.19499999284744263,-2.179058313369751,-3.267460823059082,2.8009350732700704,11.773224830627441
B,9,1,full_swap,200,1.0,0.0,-0.7034634351730347,-4.565992832183838,5.819961071014404,11.773224830627441
B,10,1,helix,200,0.699999988079071,0.14499999582767487,-1.5839993953704834,-3.1823980808258057,2.5809552747798112,12.100546836853027
B,10,1,only_T2,200,0.16499999165534973,0.2800000011920929,-3.150313138961792,-2.387065887451172,2.0675041200696844,12.100546836853027
B,10,1,only_T5,200,0.0,0.9649999737739563,-4.52908992767334,-0.8595195412635803,1.3186469553694116,12.100546836853027
B,10,1,only_T10,200,0.0,0.9950000047683716,-4.853643417358398,-0.7196609973907471,0.7668627132790615,12.100546836853027
B,10,1,only_T100,200,0.0,1.0,-4.996551513671875,-0.6837531924247742,0.1643408506558358,12.100546836853027
B,10,1,only_lin,200,0.0,1.0,-5.017460346221924,-0.690000593662262,0.10468941389349552,12.100546836853027
B,10,1,random_orth,200,0.0,0.9950000047683716,-5.020983695983887,-0.7023420333862305,2.5809552747798112,12.100546836853027
B,10,1,real_diff_in_helix_subspace,200,0.4899999797344208,0.20999999344348907,-2.222813129425049,-3.260639190673828,2.915589709337027,12.100546836853027
B,10,1,full_swap,200,1.0,0.0,-0.7048444747924805,-4.560213088989258,5.91287899017334,12.100546836853027
B,11,1,helix,200,0.7299999594688416,0.13499999046325684,-1.5382848978042603,-3.192682981491089,2.7466508484959262,12.570146560668945
B,11,1,only_T2,200,0.17499999701976776,0.2800000011920929,-3.1392204761505127,-2.4248759746551514,2.180036736271351,12.570146560668945
B,11,1,only_T5,200,0.0,0.949999988079071,-4.489573955535889,-0.891222357749939,1.4222623951244366,12.570146560668945
B,11,1,only_T10,200,0.0,0.9950000047683716,-4.845839500427246,-0.7237458825111389,0.8073043320204204,12.570146560668945
B,11,1,only_T100,200,0.0,1.0,-4.999495029449463,-0.6857792735099792,0.16788035631178652,12.570146560668945
B,11,1,only_lin,200,0.0,1.0,-5.0189528465271,-0.6914335489273071,0.10692757837394833,12.570146560668945
B,11,1,random_orth,200,0.0,0.9899999499320984,-5.022513389587402,-0.7139402031898499,2.7466508484959262,12.570146560668945
B,11,1,real_diff_in_helix_subspace,200,0.5450000166893005,0.19499999284744263,-2.0935134887695312,-3.27707576751709,3.0970983279563984,12.570146560668945
B,11,1,full_swap,200,1.0,0.0,-0.70524001121521,-4.557694435119629,6.097346782684326,12.570146560668945
B,12,1,helix,200,0.7299999594688416,0.12999999523162842,-1.4753392934799194,-3.2476348876953125,3.0613698707834067,13.32885456085205
B,12,1,only_T2,200,0.1899999976158142,0.2549999952316284,-3.061098575592041,-2.4948580265045166,2.419808340127677,13.32885456085205
B,12,1,only_T5,200,0.0,0.9449999928474426,-4.42673921585083,-0.9299189448356628,1.6029986823764772,13.32885456085205
B,12,1,only_T10,200,0.0,0.9899999499320984,-4.824861526489258,-0.7307568192481995,0.9081175654940796,13.32885456085205
B,12,1,only_T100,200,0.0,1.0,-4.997618198394775,-0.6832616925239563,0.174675045062761,13.32885456085205
B,12,1,only_lin,200,0.0,1.0,-5.0208539962768555,-0.6916103363037109,0.11039668689515998,13.32885456085205
B,12,1,random_orth,200,0.0,0.9950000047683716,-5.017048358917236,-0.7098992466926575,3.0613698707834067,13.32885456085205
B,12,1,real_diff_in_helix_subspace,200,0.6349999904632568,0.1599999964237213,-1.8501849174499512,-3.2699546813964844,3.326466007927848,13.32885456085205
B,12,1,full_swap,200,1.0,0.0,-0.7037980556488037,-4.553216457366943,6.445162773132324,13.32885456085205
B,13,1,helix,200,0.75,0.125,-1.48308527469635,-3.2136855125427246,3.2161694750338032,14.02182388305664
B,13,1,only_T2,200,0.17499999701976776,0.25,-3.0586235523223877,-2.495215654373169,2.509915783569503,14.02182388305664
B,13,1,only_T5,200,0.0,0.9399999976158142,-4.417047500610352,-0.9346208572387695,1.7205176673973406,14.02182388305664
B,13,1,only_T10,200,0.0,0.98499995470047,-4.817197322845459,-0.742910623550415,0.9780337131086142,14.02182388305664
B,13,1,only_T100,200,0.0,1.0,-4.996409893035889,-0.6820387244224548,0.18903177746256294,14.02182388305664
B,13,1,only_lin,200,0.0,1.0,-5.019680500030518,-0.6941521763801575,0.11567802345031146,14.02182388305664
B,13,1,random_orth,200,0.0,0.9950000047683716,-5.027764320373535,-0.7122620940208435,3.2161694750338032,14.02182388305664
B,13,1,real_diff_in_helix_subspace,200,0.6100000143051147,0.17999999225139618,-1.8569130897521973,-3.2243051528930664,3.4531614394823986,14.02182388305664
B,13,1,full_swap,200,1.0,0.0,-0.7100687026977539,-4.522923946380615,6.63422966003418,14.02182388305664
B,14,1,helix,200,0.73499995470047,0.14000000059604645,-1.4946153163909912,-3.1937127113342285,3.350341608629108,14.909465789794922
B,14,1,only_T2,200,0.17999999225139618,0.25999999046325684,-3.0676701068878174,-2.4693961143493652,2.659594971546649,14.909465789794922
B,14,1,only_T5,200,0.0,0.9399999976158142,-4.4099907875061035,-0.9350889325141907,1.7437459971668268,14.909465789794922
B,14,1,only_T10,200,0.0,0.9899999499320984,-4.818043231964111,-0.741981029510498,0.9932524885050978,14.909465789794922
B,14,1,only_T100,200,0.0,1.0,-4.996581077575684,-0.6819628477096558,0.1896893856596067,14.909465789794922
B,14,1,only_lin,200,0.0,1.0,-5.020579814910889,-0.6952062249183655,0.11873612686498515,14.909465789794922
B,14,1,random_orth,200,0.0,0.9950000047683716,-5.028820037841797,-0.7148849964141846,3.3503416086291082,14.909465789794922
B,14,1,real_diff_in_helix_subspace,200,0.6100000143051147,0.16499999165534973,-1.8605111837387085,-3.238077402114868,3.5802944675346224,14.909465789794922
B,14,1,full_swap,200,1.0,0.0,-0.7112954258918762,-4.506021499633789,6.6830878257751465,14.909465789794922
B,15,1,helix,200,0.75,0.14000000059604645,-1.4866784811019897,-3.2128689289093018,3.452055988049017,16.103052139282227
B,15,1,only_T2,200,0.19499999284744263,0.25,-3.0621652603149414,-2.474127769470215,2.708773298572871,16.103052139282227
B,15,1,only_T5,200,0.0,0.9399999976158142,-4.3996500968933105,-0.9411881566047668,1.834949806363989,16.103052139282227
B,15,1,only_T10,200,0.0,0.98499995470047,-4.810952663421631,-0.7450144290924072,1.0319171999554637,16.103052139282227
B,15,1,only_T100,200,0.0,1.0,-4.998539447784424,-0.6820365786552429,0.21107882035692804,16.103052139282227
B,15,1,only_lin,200,0.0,1.0,-5.0206379890441895,-0.6956405639648438,0.1298988021063922,16.103052139282227
B,15,1,random_orth,200,0.0,1.0,-5.023156642913818,-0.7218760251998901,3.4520559880490165,16.103052139282227
B,15,1,real_diff_in_helix_subspace,200,0.625,0.17499999701976776,-1.8545604944229126,-3.205300807952881,3.677341375840649,16.103052139282227
B,15,1,full_swap,200,0.9950000047683716,0.004999999888241291,-0.716992199420929,-4.4621429443359375,6.924516677856445,16.103052139282227
B,16,1,helix,200,0.8149999976158142,0.0949999988079071,-1.3357430696487427,-3.4322350025177,4.107229193993386,17.968093872070312
B,16,1,only_T2,200,0.20499999821186066,0.19499999284744263,-2.889404296875,-2.6554455757141113,3.1382386563410027,17.968093872070312
B,16,1,only_T5,200,0.004999999888241291,0.85999995470047,-4.23442268371582,-1.1568886041641235,2.275085776273645,17.968093872070312
B,16,1,only_T10,200,0.0,0.9749999642372131,-4.753411293029785,-0.7927121520042419,1.2782587443722067,17.968093872070312
B,16,1,only_T100,200,0.0,1.0,-4.997313022613525,-0.6821633577346802,0.25678680437260815,17.968093872070312
B,16,1,only_lin,200,0.0,1.0,-5.021482944488525,-0.6943405866622925,0.1531885204366025,17.968093872070312
B,16,1,random_orth,200,0.0,0.9950000047683716,-5.038990020751953,-0.715369701385498,4.107229193993386,17.968093872070312
B,16,1,real_diff_in_helix_subspace,200,0.699999988079071,0.11999999731779099,-1.525932788848877,-3.427769422531128,4.278094937517705,17.968093872070312
B,16,1,full_swap,200,0.9950000047683716,0.004999999888241291,-0.7213369607925415,-4.445863246917725,8.260191917419434,17.968093872070312
B,17,1,helix,200,0.7199999690055847,0.19499999284744263,-1.5544549226760864,-2.984072208404541,4.254237948758443,19.570512771606445
B,17,1,only_T2,200,0.19999998807907104,0.28999999165534973,-3.030837059020996,-2.3525705337524414,3.2456611080615123,19.570512771606445
B,17,1,only_T5,200,0.0,0.8899999856948853,-4.321420669555664,-1.0488719940185547,2.360103440563895,19.570512771606445
B,17,1,only_T10,200,0.0,0.9799999594688416,-4.77842903137207,-0.7659288644790649,1.3398403438811186,19.570512771606445
B,17,1,only_T100,200,0.0,1.0,-5.002864360809326,-0.6836638450622559,0.270017533198319,19.570512771606445
B,17,1,only_lin,200,0.0,1.0,-5.0216875076293945,-0.6957261562347412,0.15817433145324875,19.570512771606445
B,17,1,random_orth,200,0.0,0.9950000047683716,-5.029776573181152,-0.7141710519790649,4.254237948758444,19.570512771606445
B,17,1,real_diff_in_helix_subspace,200,0.6499999761581421,0.20999999344348907,-1.7380461692810059,-2.990760087966919,4.425642493636269,19.570512771606445
B,17,1,full_swap,200,0.98499995470047,0.009999999776482582,-0.8545658588409424,-3.8547725677490234,8.584693908691406,19.570512771606445
B,18,1,helix,200,0.3999999761581421,0.47999998927116394,-2.689920663833618,-2.0193614959716797,4.3613275010112735,20.668500900268555
B,18,1,only_T2,200,0.10999999940395355,0.550000011920929,-3.577803611755371,-1.712546467781067,3.2931721268701106,20.668500900268555
B,18,1,only_T5,200,0.0,0.9399999976158142,-4.621350288391113,-0.8575218915939331,2.463210596641355,20.668500900268555
B,18,1,only_T10,200,0.0,0.9950000047683716,-4.877440452575684,-0.729604959487915,1.3766519130471193,20.668500900268555
B,18,1,only_T100,200,0.0,1.0,-5.007312297821045,-0.6870570182800293,0.2783919482227978,20.668500900268555
B,18,1,only_lin,200,0.0,1.0,-5.023132801055908,-0.698462963104248,0.16210717728643995,20.668500900268555
B,18,1,random_orth,200,0.0,1.0,-5.027646541595459,-0.702508807182312,4.3613275010112735,20.668500900268555
B,18,1,real_diff_in_helix_subspace,200,0.3799999952316284,0.47999998927116394,-2.760221481323242,-2.0308995246887207,4.5414889841086366,20.668500900268555
B,18,1,full_swap,200,0.5299999713897705,0.4099999964237213,-2.111257553100586,-2.4183664321899414,9.022289276123047,20.668500900268555
B,19,1,helix,200,0.09999999403953552,0.8299999833106995,-3.8431777954101562,-1.084894061088562,4.577649736484998,22.648500442504883
B,19,1,only_T2,200,0.044999998062849045,0.8449999690055847,-4.253216743469238,-1.031219482421875,3.4245493536705065,22.648500442504883
B,19,1,only_T5,200,0.0,0.98499995470047,-4.844244003295898,-0.7394526600837708,2.6242608752927596,22.648500442504883
B,19,1,only_T10,200,0.0,0.9950000047683716,-4.9489593505859375,-0.6999742984771729,1.4544976118089892,22.648500442504883
B,19,1,only_T100,200,0.0,1.0,-5.018235206604004,-0.6919178366661072,0.29267024128492364,22.648500442504883
B,19,1,only_lin,200,0.0,1.0,-5.026021957397461,-0.6981874108314514,0.1761363505138213,22.648500442504883
B,19,1,random_orth,200,0.0,1.0,-5.034912586212158,-0.7000913023948669,4.577649736484998,22.648500442504883
B,19,1,real_diff_in_helix_subspace,200,0.11499999463558197,0.8149999976158142,-3.8576085567474365,-1.134553074836731,4.783314225282976,22.648500442504883
B,19,1,full_swap,200,0.14000000059604645,0.7949999570846558,-3.3829307556152344,-1.2553563117980957,9.5237455368042,22.648500442504883
B,20,1,helix,200,0.11499999463558197,0.8149999976158142,-3.8189799785614014,-1.1113818883895874,4.806634609850214,23.668174743652344
B,20,1,only_T2,200,0.04999999701976776,0.8399999737739563,-4.228970050811768,-1.0539497137069702,3.591196870894871,23.668174743652344
B,20,1,only_T5,200,0.0,0.98499995470047,-4.841278076171875,-0.7446077466011047,2.770087341226163,23.668174743652344
B,20,1,only_T10,200,0.0,1.0,-4.947684288024902,-0.7002840042114258,1.519808632739996,23.668174743652344
B,20,1,only_T100,200,0.0,1.0,-5.015151500701904,-0.6920132040977478,0.3078144265216698,23.668174743652344
B,20,1,only_lin,200,0.0,1.0,-5.026497840881348,-0.6988989114761353,0.18380173586869092,23.668174743652344
B,20,1,random_orth,200,0.0,1.0,-5.026127338409424,-0.6998778581619263,4.806634609850214,23.668174743652344
B,20,1,real_diff_in_helix_subspace,200,0.11999999731779099,0.8100000023841858,-3.839474678039551,-1.1447046995162964,5.0163372591209425,23.668174743652344
B,20,1,full_swap,200,0.13499999046325684,0.7949999570846558,-3.393169403076172,-1.2577407360076904,10.060513496398926,23.668174743652344
B,21,1,helix,200,0.0,1.0,-4.999476909637451,-0.7027836441993713,4.8965582050077545,25.128202438354492
B,21,1,only_T2,200,0.0,1.0,-5.011150360107422,-0.7018776535987854,3.6521691690815796,25.128202438354492
B,21,1,only_T5,200,0.0,1.0,-5.0180463790893555,-0.7023784518241882,2.8247722654721668,25.128202438354492
B,21,1,only_T10,200,0.0,1.0,-5.023585796356201,-0.6952415108680725,1.5573367821509208,25.128202438354492
B,21,1,only_T100,200,0.0,1.0,-5.0259552001953125,-0.6967929005622864,0.32292767794177707,25.128202438354492
B,21,1,only_lin,200,0.0,1.0,-5.025412559509277,-0.6977368593215942,0.1910367686336397,25.128202438354492
B,21,1,random_orth,200,0.0,1.0,-5.026483535766602,-0.6970818042755127,4.8965582050077545,25.128202438354492
B,21,1,real_diff_in_helix_subspace,200,0.0,1.0,-4.997786521911621,-0.7066035270690918,5.127686088035577,25.128202438354492
B,21,1,full_swap,200,0.0,1.0,-4.978334426879883,-0.7085238695144653,10.369848251342773,25.128202438354492
B,22,1,helix,200,0.0,1.0,-4.997718811035156,-0.7041957974433899,5.0661520848793575,27.962383270263672
B,22,1,only_T2,200,0.0,1.0,-5.012185096740723,-0.7011076211929321,3.7822656414774225,27.962383270263672
B,22,1,only_T5,200,0.0,1.0,-5.01744270324707,-0.7022879123687744,2.91874524522178,27.962383270263672
B,22,1,only_T10,200,0.0,1.0,-5.023182392120361,-0.6939420700073242,1.6146612559504303,27.962383270263672
B,22,1,only_T100,200,0.0,1.0,-5.024930477142334,-0.6960414052009583,0.33557149520473956,27.962383270263672
B,22,1,only_lin,200,0.0,1.0,-5.024776935577393,-0.6973684430122375,0.199122818033789,27.962383270263672
B,22,1,random_orth,200,0.0,1.0,-5.025436878204346,-0.697378933429718,5.0661520848793575,27.962383270263672
B,22,1,real_diff_in_helix_subspace,200,0.0,1.0,-4.998508453369141,-0.7076166272163391,5.332115629232407,27.962383270263672
B,22,1,full_swap,200,0.0,1.0,-4.979215145111084,-0.7112139463424683,10.8154878616333,27.962383270263672
B,23,1,helix,200,0.0,1.0,-5.023832321166992,-0.7010517120361328,5.40494634821842,29.79220199584961
B,23,1,only_T2,200,0.0,1.0,-5.022193908691406,-0.6993874907493591,4.100865096887747,29.79220199584961
B,23,1,only_T5,200,0.0,1.0,-5.025871753692627,-0.69850093126297,3.0475593096275144,29.79220199584961
B,23,1,only_T10,200,0.0,1.0,-5.026338577270508,-0.6974973678588867,1.6830460169586727,29.79220199584961
B,23,1,only_T100,200,0.0,1.0,-5.026114463806152,-0.697844386100769,0.34860899186104605,29.79220199584961
B,23,1,only_lin,200,0.0,1.0,-5.0253801345825195,-0.6975536942481995,0.2095739080725715,29.79220199584961
B,23,1,random_orth,200,0.0,1.0,-5.026225566864014,-0.6973603367805481,5.40494634821842,29.79220199584961
B,23,1,real_diff_in_helix_subspace,200,0.0,1.0,-5.027227878570557,-0.7002713084220886,5.702929310184346,29.79220199584961
B,23,1,full_swap,200,0.0,1.0,-5.00650691986084,-0.7074342370033264,11.420706748962402,29.79220199584961
B,24,1,helix,200,0.0,1.0,-5.022728443145752,-0.6955397129058838,5.594733316051859,31.453350067138672
B,24,1,only_T2,200,0.0,1.0,-5.024608135223389,-0.6960867047309875,4.233443705814077,31.453350067138672
B,24,1,only_T5,200,0.0,1.0,-5.025355815887451,-0.6967796087265015,3.168692335595298,31.453350067138672
B,24,1,only_T10,200,0.0,1.0,-5.02551794052124,-0.6973684430122375,1.741374597689096,31.453350067138672
B,24,1,only_T100,200,0.0,1.0,-5.025600433349609,-0.6977891325950623,0.3598482092713961,31.453350067138672
B,24,1,only_lin,200,0.0,1.0,-5.0249834060668945,-0.6981146931648254,0.2175670179098593,31.453350067138672
B,24,1,random_orth,200,0.0,1.0,-5.031044960021973,-0.6983558535575867,5.594733316051859,31.453350067138672
B,24,1,real_diff_in_helix_subspace,200,0.0,1.0,-5.022094249725342,-0.6955234408378601,5.923796549897961,31.453350067138672
B,24,1,full_swap,200,0.0,1.0,-5.012925148010254,-0.6930581331253052,11.901154518127441,31.453350067138672
B,25,1,helix,200,0.0,1.0,-5.021712303161621,-0.6959825158119202,5.835958657766405,34.412811279296875
B,25,1,only_T2,200,0.0,1.0,-5.024229049682617,-0.6960015892982483,4.4393662853297915,34.412811279296875
B,25,1,only_T5,200,0.0,1.0,-5.024593830108643,-0.6971727609634399,3.282190737992837,34.412811279296875
B,25,1,only_T10,200,0.0,1.0,-5.026150703430176,-0.697663426399231,1.8087469209949127,34.412811279296875
B,25,1,only_T100,200,0.0,1.0,-5.024781227111816,-0.6974365711212158,0.37354849547677543,34.412811279296875
B,25,1,only_lin,200,0.0,1.0,-5.025336265563965,-0.6985382437705994,0.22658579953709435,34.412811279296875
B,25,1,random_orth,200,0.0,1.0,-5.024470806121826,-0.6982736587524414,5.835958657766407,34.412811279296875
B,25,1,real_diff_in_helix_subspace,200,0.0,1.0,-5.0220561027526855,-0.6952566504478455,6.184024565342952,34.412811279296875
B,25,1,full_swap,200,0.0,1.0,-5.01005220413208,-0.6941139101982117,12.489954948425293,34.412811279296875
B,26,1,helix,200,0.0,1.0,-5.023577690124512,-0.6964243650436401,6.044369109571366,36.79544448852539
B,26,1,only_T2,200,0.0,1.0,-5.024035453796387,-0.6971920728683472,4.592972603317546,36.79544448852539
B,26,1,only_T5,200,0.0,1.0,-5.026288986206055,-0.6969019770622253,3.406602371682591,36.79544448852539
B,26,1,only_T10,200,0.0,1.0,-5.025777816772461,-0.697856068611145,1.869771129742581,36.79544448852539
B,26,1,only_T100,200,0.0,1.0,-5.026742935180664,-0.6980991959571838,0.38542905636535435,36.79544448852539
B,26,1,only_lin,200,0.0,1.0,-5.025717258453369,-0.698187530040741,0.23626485881619666,36.79544448852539
B,26,1,random_orth,200,0.0,1.0,-5.025295734405518,-0.700724184513092,6.044369109571366,36.79544448852539
B,26,1,real_diff_in_helix_subspace,200,0.0,1.0,-5.022115230560303,-0.6954771280288696,6.421396174535598,36.79544448852539
B,26,1,full_swap,200,0.0,1.0,-5.01198673248291,-0.6945498585700989,12.980424880981445,36.79544448852539
B,27,1,helix,200,0.0,1.0,-5.023642539978027,-0.6955121159553528,6.194087946224094,39.47871017456055
B,27,1,only_T2,200,0.0,1.0,-5.025319576263428,-0.6971307396888733,4.692699144029619,39.47871017456055
B,27,1,only_T5,200,0.0,1.0,-5.024982929229736,-0.6974343061447144,3.504367269879684,39.47871017456055
B,27,1,only_T10,200,0.0,1.0,-5.027015209197998,-0.6975902915000916,1.9376045608592654,39.47871017456055
B,27,1,only_T100,200,0.0,1.0,-5.0261640548706055,-0.6976807713508606,0.3993910533239621,39.47871017456055
B,27,1,only_lin,200,0.0,1.0,-5.027004718780518,-0.6983025074005127,0.2452160032188332,39.47871017456055
B,27,1,random_orth,200,0.0,1.0,-5.027546405792236,-0.6989132761955261,6.194087946224094,39.47871017456055
B,27,1,real_diff_in_helix_subspace,200,0.0,1.0,-5.02122688293457,-0.6954659819602966,6.6290900291854635,39.47871017456055
B,27,1,full_swap,200,0.0,1.0,-5.0165605545043945,-0.6957155466079712,13.416242599487305,39.47871017456055
B,28,1,helix,200,0.0,1.0,-5.024171829223633,-0.6965081691741943,6.3917528198932745,42.24992370605469
B,28,1,only_T2,200,0.0,1.0,-5.024433135986328,-0.6971755623817444,4.838013950324123,42.24992370605469
B,28,1,only_T5,200,0.0,1.0,-5.025401592254639,-0.6974700689315796,3.6188480215829344,42.24992370605469
B,28,1,only_T10,200,0.0,1.0,-5.026252746582031,-0.6973382234573364,2.009891384581254,42.24992370605469
B,28,1,only_T100,200,0.0,1.0,-5.0258073806762695,-0.6981707811355591,0.41336416738978143,42.24992370605469
B,28,1,only_lin,200,0.0,1.0,-5.026960849761963,-0.6980121731758118,0.25436313191661974,42.24992370605469
B,28,1,random_orth,200,0.0,1.0,-5.025036334991455,-0.6992928981781006,6.3917528198932745,42.24992370605469
B,28,1,real_diff_in_helix_subspace,200,0.0,1.0,-5.023477554321289,-0.695868968963623,6.878154010060589,42.24992370605469
B,28,1,full_swap,200,0.0,1.0,-5.017310619354248,-0.6954815983772278,13.951642990112305,42.24992370605469
B,29,1,helix,200,0.0,1.0,-5.0255560874938965,-0.6970381736755371,6.552743419559526,45.89779281616211
B,29,1,only_T2,200,0.0,1.0,-5.025845050811768,-0.6980729699134827,4.9552489739961985,45.89779281616211
B,29,1,only_T5,200,0.0,1.0,-5.026760101318359,-0.6975654363632202,3.706879791239113,45.89779281616211
B,29,1,only_T10,200,0.0,1.0,-5.026222229003906,-0.6976478695869446,2.078984327035091,45.89779281616211
B,29,1,only_T100,200,0.0,1.0,-5.026618957519531,-0.6984016299247742,0.42957043336577905,45.89779281616211
B,29,1,only_lin,200,0.0,1.0,-5.02672815322876,-0.6980097889900208,0.2649996275329299,45.89779281616211
B,29,1,random_orth,200,0.0,1.0,-5.0265045166015625,-0.6989201307296753,6.552743419559526,45.89779281616211
B,29,1,real_diff_in_helix_subspace,200,0.0,1.0,-5.025018215179443,-0.6970452070236206,7.103156910333017,45.89779281616211
B,29,1,full_swap,200,0.0,1.0,-5.021196365356445,-0.6971965432167053,14.505943298339844,45.89779281616211
B,30,1,helix,200,0.0,1.0,-5.025626182556152,-0.6971458792686462,6.821942160845768,57.44655227661133
B,30,1,only_T2,200,0.0,1.0,-5.026220798492432,-0.6980383396148682,5.183582017362922,57.44655227661133
B,30,1,only_T5,200,0.0,1.0,-5.026944637298584,-0.6974221467971802,3.821873073368632,57.44655227661133
B,30,1,only_T10,200,0.0,1.0,-5.026031970977783,-0.697900652885437,2.1572710337605567,57.44655227661133
B,30,1,only_T100,200,0.0,1.0,-5.026050090789795,-0.6979073286056519,0.4483888813606673,57.44655227661133
B,30,1,only_lin,200,0.0,1.0,-5.026258945465088,-0.6982913017272949,0.27592874609054907,57.44655227661133
B,30,1,random_orth,200,0.0,1.0,-5.025615215301514,-0.6984338760375977,6.821942160845768,57.44655227661133
B,30,1,real_diff_in_helix_subspace,200,0.0,1.0,-5.0260443687438965,-0.6971874833106995,7.376326347667748,57.44655227661133
B,30,1,full_swap,200,0.0,1.0,-5.024190902709961,-0.6974058151245117,15.161715507507324,57.44655227661133
B,31,1,helix,200,0.0,1.0,-5.02647066116333,-0.6982917785644531,7.291740154078941,77.11470031738281
B,31,1,only_T2,200,0.0,1.0,-5.02647066116333,-0.6982917785644531,5.577971404665254,77.11470031738281
B,31,1,only_T5,200,0.0,1.0,-5.02647066116333,-0.6982917785644531,4.045575787555651,77.11470031738281
B,31,1,only_T10,200,0.0,1.0,-5.02647066116333,-0.6982917785644531,2.2810920554207827,77.11470031738281
B,31,1,only_T100,200,0.0,1.0,-5.02647066116333,-0.6982917785644531,0.4758644167803694,77.11470031738281
B,31,1,only_lin,200,0.0,1.0,-5.02647066116333,-0.6982917785644531,0.29196861080881725,77.11470031738281
B,31,1,random_orth,200,0.0,1.0,-5.02647066116333,-0.6982917785644531,7.291740154078941,77.11470031738281
B,31,1,real_diff_in_helix_subspace,200,0.0,1.0,-5.02647066116333,-0.6982917785644531,7.917838222130041,77.11470031738281
B,31,1,full_swap,200,0.0,1.0,-5.02647066116333,-0.6982917785644531,16.16971206665039,77.11470031738281
B,0,2,helix,200,0.5999999642372131,0.2199999988079071,-1.8729406595230103,-2.957982063293457,1.598635835051771,4.319542407989502
B,0,2,only_T2,200,0.0,0.9950000047683716,-5.6537628173828125,-0.731151282787323,0.0,4.319542407989502
B,0,2,only_T5,200,0.17000000178813934,0.5899999737739563,-3.5867161750793457,-1.9491286277770996,1.3391781572853723,4.319542407989502
B,0,2,only_T10,200,0.004999999888241291,0.9449999928474426,-5.016882419586182,-0.9279881119728088,0.8517057161004192,4.319542407989502
B,0,2,only_T100,200,0.0,0.9950000047683716,-5.596179008483887,-0.7196775674819946,0.20082237781351553,4.319542407989502
B,0,2,only_lin,200,0.0,1.0,-5.631100177764893,-0.7258279919624329,0.10864020059025993,4.319542407989502
B,0,2,random_orth,200,0.0,0.9950000047683716,-5.651888370513916,-0.7330502271652222,1.598635835051771,4.319542407989502
B,0,2,real_diff_in_helix_subspace,200,0.5249999761581421,0.3149999976158142,-2.2662229537963867,-3.0638368129730225,1.6707279543228923,4.319542407989502
B,0,2,full_swap,200,0.98499995470047,0.0,-0.7390791177749634,-5.094044208526611,4.189882278442383,4.319542407989502
B,1,2,helix,200,0.5999999642372131,0.2149999886751175,-1.8710323572158813,-2.9964375495910645,1.58550143966244,4.760330677032471
B,1,2,only_T2,200,0.0,0.9950000047683716,-5.6537628173828125,-0.731151282787323,0.0,4.760330677032471
B,1,2,only_T5,200,0.17499999701976776,0.5849999785423279,-3.558824300765991,-1.9838676452636719,1.3312655184934288,4.760330677032471
B,1,2,only_T10,200,0.004999999888241291,0.9449999928474426,-4.9966535568237305,-0.94211745262146,0.8386399045527502,4.760330677032471
B,1,2,only_T100,200,0.0,0.9950000047683716,-5.59830904006958,-0.7219616770744324,0.201085324199412,4.760330677032471
B,1,2,only_lin,200,0.0,1.0,-5.632939338684082,-0.7257936000823975,0.11535913906355294,4.760330677032471
B,1,2,random_orth,200,0.0,0.9950000047683716,-5.648887634277344,-0.7304902672767639,1.58550143966244,4.760330677032471
B,1,2,real_diff_in_helix_subspace,200,0.5349999666213989,0.29499998688697815,-2.1891989707946777,-3.0813701152801514,1.6493780003000977,4.760330677032471
B,1,2,full_swap,200,0.98499995470047,0.0,-0.741422176361084,-5.096347332000732,4.071306228637695,4.760330677032471
B,2,2,helix,200,0.6100000143051147,0.20499999821186066,-1.8469054698944092,-3.031691312789917,1.6516750750437301,5.379989147186279
B,2,2,only_T2,200,0.0,0.9950000047683716,-5.6537628173828125,-0.731151282787323,0.0,5.379989147186279
B,2,2,only_T5,200,0.1850000023841858,0.5799999833106995,-3.545478343963623,-2.0012166500091553,1.3825088409268602,5.379989147186279
B,2,2,only_T10,200,0.004999999888241291,0.9399999976158142,-4.976554870605469,-0.9561509490013123,0.8778622972775563,5.379989147186279
B,2,2,only_T100,200,0.0,0.9950000047683716,-5.59554386138916,-0.7219445109367371,0.21205028004276977,5.379989147186279
B,2,2,only_lin,200,0.0,1.0,-5.63319206237793,-0.7252021431922913,0.12488008732018006,5.379989147186279
B,2,2,random_orth,200,0.0,0.9950000047683716,-5.659566402435303,-0.7290939092636108,1.6516750750437301,5.379989147186279
B,2,2,real_diff_in_helix_subspace,200,0.5649999976158142,0.26999998092651367,-2.0954365730285645,-3.107151985168457,1.7118664557716483,5.379989147186279
B,2,2,full_swap,200,0.98499995470047,0.0,-0.7407821416854858,-5.094137668609619,4.175210475921631,5.379989147186279
B,3,2,helix,200,0.6200000047683716,0.17999999225139618,-1.8183449506759644,-3.1229772567749023,1.7968518017955117,6.195130825042725
B,3,2,only_T2,200,0.0,0.9950000047683716,-5.6537628173828125,-0.731151282787323,0.0,6.195130825042725
B,3,2,only_T5,200,0.19999998807907104,0.5450000166893005,-3.5077757835388184,-2.058769702911377,1.492559730033472,6.195130825042725
B,3,2,only_T10,200,0.004999999888241291,0.9300000071525574,-4.932997226715088,-0.9948979020118713,0.9723610851543293,6.195130825042725
B,3,2,only_T100,200,0.0,0.9950000047683716,-5.594539642333984,-0.7216683626174927,0.22633974696987622,6.195130825042725
B,3,2,only_lin,200,0.0,1.0,-5.628978252410889,-0.7253581881523132,0.13767598266981157,6.195130825042725
B,3,2,random_orth,200,0.0,0.9950000047683716,-5.628530025482178,-0.7371205687522888,1.7968518017955113,6.195130825042725
B,3,2,real_diff_in_helix_subspace,200,0.5849999785423279,0.2449999898672104,-2.0049192905426025,-3.164545774459839,1.8595071533242364,6.195130825042725
B,3,2,full_swap,200,0.98499995470047,0.0,-0.741357684135437,-5.094944477081299,4.3287200927734375,6.195130825042725
B,4,2,helix,200,0.6150000095367432,0.19499999284744263,-1.8250614404678345,-3.124001979827881,1.9045810550409157,7.095170497894287
B,4,2,only_T2,200,0.0,0.9950000047683716,-5.6537628173828125,-0.731151282787323,0.0,7.095170497894287
B,4,2,only_T5,200,0.19999998807907104,0.5399999618530273,-3.5199978351593018,-2.0596377849578857,1.5802222077445884,7.095170497894287
B,4,2,only_T10,200,0.004999999888241291,0.9300000071525574,-4.933379173278809,-1.0034704208374023,1.0312092126666337,7.095170497894287
B,4,2,only_T100,200,0.0,0.9950000047683716,-5.594860076904297,-0.7220840454101562,0.24529684675527233,7.095170497894287
B,4,2,only_lin,200,0.0,1.0,-5.631709575653076,-0.7239968180656433,0.15104597053808785,7.095170497894287
B,4,2,random_orth,200,0.0,1.0,-5.680428981781006,-0.7268743515014648,1.9045810550409161,7.095170497894287
B,4,2,real_diff_in_helix_subspace,200,0.5849999785423279,0.2449999898672104,-1.9892951250076294,-3.1842129230499268,1.9753462828508515,7.095170497894287
B,4,2,full_swap,200,0.98499995470047,0.0,-0.7444441318511963,-5.090134143829346,4.637241363525391,7.095170497894287
B,5,2,helix,200,0.6399999856948853,0.1899999976158142,-1.7930139303207397,-3.174968719482422,2.076213528737968,7.860794544219971
B,5,2,only_T2,200,0.0,0.9950000047683716,-5.6537628173828125,-0.731151282787323,0.0,7.860794544219971
B,5,2,only_T5,200,0.20499999821186066,0.5349999666213989,-3.487103223800659,-2.1034696102142334,1.7136201480246216,7.860794544219971
B,5,2,only_T10,200,0.009999999776482582,0.9300000071525574,-4.916682720184326,-1.0246772766113281,1.1380205063180966,7.860794544219971
B,5,2,only_T100,200,0.0,0.9950000047683716,-5.592876434326172,-0.7230532169342041,0.2690721331155983,7.860794544219971
B,5,2,only_lin,200,0.0,1.0,-5.632409572601318,-0.7231836318969727,0.1668064251782308,7.860794544219971
B,5,2,random_orth,200,0.0,1.0,-5.657595634460449,-0.7211712002754211,2.076213528737968,7.860794544219971
B,5,2,real_diff_in_helix_subspace,200,0.5899999737739563,0.20999999344348907,-1.9907172918319702,-3.285045623779297,2.1763696679973936,7.860794544219971
B,5,2,full_swap,200,0.9799999594688416,0.0,-0.745980441570282,-5.093574047088623,5.070837497711182,7.860794544219971
B,6,2,helix,200,0.6599999666213989,0.17999999225139618,-1.7858238220214844,-3.180392026901245,2.2636872858455375,9.223235130310059
B,6,2,only_T2,200,0.0,0.9950000047683716,-5.6537628173828125,-0.731151282787323,0.0,9.223235130310059
B,6,2,only_T5,200,0.1899999976158142,0.550000011920929,-3.498223304748535,-2.1131439208984375,1.8694448034584097,9.223235130310059
B,6,2,only_T10,200,0.004999999888241291,0.9350000023841858,-4.903928756713867,-1.0318306684494019,1.2396024006630808,9.223235130310059
B,6,2,only_T100,200,0.0,0.9950000047683716,-5.594552040100098,-0.7240353226661682,0.2955711492119993,9.223235130310059
B,6,2,only_lin,200,0.0,1.0,-5.633939266204834,-0.7223464846611023,0.18912727478857577,9.223235130310059
B,6,2,random_orth,200,0.0,1.0,-5.655306339263916,-0.7334688901901245,2.2636872858455375,9.223235130310059
B,6,2,real_diff_in_helix_subspace,200,0.574999988079071,0.2199999988079071,-2.048417806625366,-3.3357608318328857,2.4128089943804185,9.223235130310059
B,6,2,full_swap,200,0.9799999594688416,0.0,-0.749786913394928,-5.0926032066345215,5.512294292449951,9.223235130310059
B,7,2,helix,200,0.6649999618530273,0.17999999225139618,-1.778962254524231,-3.2155985832214355,2.341625982272944,9.772017478942871
B,7,2,only_T2,200,0.0,0.9950000047683716,-5.6537628173828125,-0.731151282787323,0.0,9.772017478942871
B,7,2,only_T5,200,0.20499999821186066,0.5399999618530273,-3.4838836193084717,-2.1413590908050537,1.9261403579121037,9.772017478942871
B,7,2,only_T10,200,0.014999999664723873,0.9249999523162842,-4.88918924331665,-1.041258454322815,1.2909058199501198,9.772017478942871
B,7,2,only_T100,200,0.0,0.9950000047683716,-5.5903143882751465,-0.7223562598228455,0.30917783088026146,9.772017478942871
B,7,2,only_lin,200,0.0,1.0,-5.632786273956299,-0.7205501198768616,0.19532633207989133,9.772017478942871
B,7,2,random_orth,200,0.004999999888241291,0.98499995470047,-5.6656494140625,-0.7382164597511292,2.341625982272944,9.772017478942871
B,7,2,real_diff_in_helix_subspace,200,0.5550000071525574,0.2149999886751175,-2.10237979888916,-3.338385820388794,2.5061573080018165,9.772017478942871
B,7,2,full_swap,200,0.9749999642372131,0.0,-0.7439547777175903,-5.0959062576293945,5.675684928894043,9.772017478942871
B,8,2,helix,200,0.6649999618530273,0.1850000023841858,-1.7548229694366455,-3.2315924167633057,2.4870773803155464,11.054265022277832
B,8,2,only_T2,200,0.0,0.9950000047683716,-5.6537628173828125,-0.731151282787323,0.0,11.054265022277832
B,8,2,only_T5,200,0.19999998807907104,0.5450000166893005,-3.4668447971343994,-2.154801607131958,2.0272613641659456,11.054265022277832
B,8,2,only_T10,200,0.009999999776482582,0.9300000071525574,-4.8789520263671875,-1.0478342771530151,1.4016847551022225,11.054265022277832
B,8,2,only_T100,200,0.0,0.9950000047683716,-5.591655254364014,-0.7211440801620483,0.31767212357425545,11.054265022277832
B,8,2,only_lin,200,0.0,1.0,-5.635195732116699,-0.7213096618652344,0.20347698900643252,11.054265022277832
B,8,2,random_orth,200,0.0,1.0,-5.659804344177246,-0.732321560382843,2.4870773803155464,11.054265022277832
B,8,2,real_diff_in_helix_subspace,200,0.5149999856948853,0.22999998927116394,-2.2317607402801514,-3.3659965991973877,2.6897334521042775,11.054265022277832
B,8,2,full_swap,200,0.9749999642372131,0.0,-0.748410701751709,-5.090098857879639,5.961697578430176,11.054265022277832
B,9,2,helix,200,0.6649999618530273,0.1850000023841858,-1.7541859149932861,-3.2444653511047363,2.505602193102451,11.789255142211914
B,9,2,only_T2,200,0.0,0.9950000047683716,-5.6537628173828125,-0.731151282787323,0.0,11.789255142211914
B,9,2,only_T5,200,0.19499999284744263,0.5399999618530273,-3.4608592987060547,-2.175938606262207,2.044786110637875,11.789255142211914
B,9,2,only_T10,200,0.009999999776482582,0.9300000071525574,-4.8816962242126465,-1.0515896081924438,1.4092087944441913,11.789255142211914
B,9,2,only_T100,200,0.0,0.9950000047683716,-5.588781833648682,-0.7221145629882812,0.3206546596127492,11.789255142211914
B,9,2,only_lin,200,0.0,1.0,-5.634985446929932,-0.7197457551956177,0.2052180993211052,11.789255142211914
B,9,2,random_orth,200,0.0,0.9950000047683716,-5.654584884643555,-0.7426337003707886,2.505602193102451,11.789255142211914
B,9,2,real_diff_in_helix_subspace,200,0.4899999797344208,0.2149999886751175,-2.3360846042633057,-3.3677783012390137,2.746374200622667,11.789255142211914
B,9,2,full_swap,200,0.9749999642372131,0.0,-0.7496652007102966,-5.087889671325684,6.114633560180664,11.789255142211914
B,10,2,helix,200,0.6599999666213989,0.17499999701976776,-1.7333242893218994,-3.287613868713379,2.597606502880024,12.107295036315918
B,10,2,only_T2,200,0.0,0.9950000047683716,-5.6537628173828125,-0.731151282787323,0.0,12.107295036315918
B,10,2,only_T5,200,0.19499999284744263,0.5199999809265137,-3.433910369873047,-2.2195839881896973,2.1259544439052096,12.107295036315918
B,10,2,only_T10,200,0.019999999552965164,0.9099999666213989,-4.863372325897217,-1.0757241249084473,1.4611598666398096,12.107295036315918
B,10,2,only_T100,200,0.0,0.9950000047683716,-5.59406852722168,-0.7221174240112305,0.3218583818081402,12.107295036315918
B,10,2,only_lin,200,0.0,1.0,-5.633055210113525,-0.7210900187492371,0.20937882778699102,12.107295036315918
B,10,2,random_orth,200,0.0,0.9950000047683716,-5.64910364151001,-0.7307974100112915,2.597606502880024,12.107295036315918
B,10,2,real_diff_in_helix_subspace,200,0.5,0.20499999821186066,-2.313169240951538,-3.3798470497131348,2.843138277313731,12.107295036315918
B,10,2,full_swap,200,0.9749999642372131,0.0,-0.7550988793373108,-5.072259902954102,6.179508686065674,12.107295036315918
B,11,2,helix,200,0.6899999976158142,0.1550000011920929,-1.6941053867340088,-3.375153064727783,2.787582142334694,12.581137657165527
B,11,2,only_T2,200,0.0,0.9950000047683716,-5.6537628173828125,-0.731151282787323,0.0,12.581137657165527
B,11,2,only_T5,200,0.2149999886751175,0.47999998927116394,-3.352203845977783,-2.3396801948547363,2.2941256876808906,12.581137657165527
B,11,2,only_T10,200,0.019999999552965164,0.9099999666213989,-4.852551460266113,-1.1159054040908813,1.5415408475358574,12.581137657165527
B,11,2,only_T100,200,0.0,0.9950000047683716,-5.590491771697998,-0.7212103009223938,0.3282719902127599,12.581137657165527
B,11,2,only_lin,200,0.0,1.0,-5.634397506713867,-0.7237944006919861,0.21385515674789665,12.581137657165527
B,11,2,random_orth,200,0.0,0.9950000047683716,-5.628252983093262,-0.744626522064209,2.787582142334694,12.581137657165527
B,11,2,real_diff_in_helix_subspace,200,0.5299999713897705,0.1850000023841858,-2.192769765853882,-3.4880306720733643,3.039476840106977,12.581137657165527
B,11,2,full_swap,200,0.9749999642372131,0.0,-0.7580854892730713,-5.059854507446289,6.350365161895752,12.581137657165527
B,12,2,helix,200,0.7149999737739563,0.14999999105930328,-1.6435887813568115,-3.488668441772461,3.1369402900459464,13.354022026062012
B,12,2,only_T2,200,0.0,0.9950000047683716,-5.6537628173828125,-0.731151282787323,0.0,13.354022026062012
B,12,2,only_T5,200,0.23999999463558197,0.4099999964237213,-3.2716064453125,-2.4934723377227783,2.58673693826923,13.354022026062012
B,12,2,only_T10,200,0.019999999552965164,0.8849999904632568,-4.807240009307861,-1.1456212997436523,1.7290711986612701,13.354022026062012
B,12,2,only_T100,200,0.0,0.9950000047683716,-5.592920303344727,-0.7198761701583862,0.34172232809368014,13.354022026062012
B,12,2,only_lin,200,0.0,1.0,-5.634520053863525,-0.7254051566123962,0.2207933737903199,13.354022026062012
B,12,2,random_orth,200,0.0,0.9950000047683716,-5.651171684265137,-0.7333796620368958,3.1369402900459464,13.354022026062012
B,12,2,real_diff_in_helix_subspace,200,0.5849999785423279,0.17499999701976776,-2.0198991298675537,-3.5676839351654053,3.3565350716508475,13.354022026062012
B,12,2,full_swap,200,0.9749999642372131,0.0,-0.7564219236373901,-5.054949760437012,6.709184646606445,13.354022026062012
B,13,2,helix,200,0.7199999690055847,0.14499999582767487,-1.6485544443130493,-3.471588373184204,3.3594706652295394,14.075068473815918
B,13,2,only_T2,200,0.0,0.9950000047683716,-5.6537628173828125,-0.731151282787323,0.0,14.075068473815918
B,13,2,only_T5,200,0.2449999898672104,0.4399999976158142,-3.2663209438323975,-2.4897260665893555,2.7785100075574247,14.075068473815918
B,13,2,only_T10,200,0.014999999664723873,0.8700000047683716,-4.770569801330566,-1.1996349096298218,1.8625805952904966,14.075068473815918
B,13,2,only_T100,200,0.0,1.0,-5.591248512268066,-0.719568133354187,0.3688045814655605,14.075068473815918
B,13,2,only_lin,200,0.0,1.0,-5.632636070251465,-0.7285000681877136,0.23135604690062286,14.075068473815918
B,13,2,random_orth,200,0.0,1.0,-5.637558460235596,-0.7360763549804688,3.3594706652295394,14.075068473815918
B,13,2,real_diff_in_helix_subspace,200,0.574999988079071,0.17999999225139618,-1.9983559846878052,-3.5282068252563477,3.534191696883163,14.075068473815918
B,13,2,full_swap,200,0.9799999594688416,0.0,-0.7642509341239929,-5.01483678817749,6.940530776977539,14.075068473815918
B,14,2,helix,200,0.7099999785423279,0.14499999582767487,-1.6535604000091553,-3.4731926918029785,3.4068061324332417,14.965776443481445
B,14,2,only_T2,200,0.0,0.9950000047683716,-5.6537628173828125,-0.731151282787323,0.0,14.965776443481445
B,14,2,only_T5,200,0.23999999463558197,0.4399999976158142,-3.267364501953125,-2.5013153553009033,2.8158052235582924,14.965776443481445
B,14,2,only_T10,200,0.014999999664723873,0.875,-4.765585899353027,-1.203808069229126,1.8919127076846052,14.965776443481445
B,14,2,only_T100,200,0.0,0.9950000047683716,-5.589458465576172,-0.7199157476425171,0.36983015607617004,14.965776443481445
B,14,2,only_lin,200,0.0,1.0,-5.632130146026611,-0.7283701300621033,0.23747225372997022,14.965776443481445
B,14,2,random_orth,200,0.004999999888241291,0.9950000047683716,-5.647387504577637,-0.7468581199645996,3.406806132433241,14.965776443481445
B,14,2,real_diff_in_helix_subspace,200,0.5799999833106995,0.1899999976158142,-2.0036630630493164,-3.4831228256225586,3.5604198741822914,14.965776443481445
B,14,2,full_swap,200,0.9799999594688416,0.0,-0.7707299590110779,-5.004846096038818,6.938502311706543,14.965776443481445
B,15,2,helix,200,0.7149999737739563,0.14499999582767487,-1.6494956016540527,-3.500502586364746,3.573842294152452,16.162446975708008
B,15,2,only_T2,200,0.0,0.9950000047683716,-5.6537628173828125,-0.731151282787323,0.0,16.162446975708008
B,15,2,only_T5,200,0.2549999952316284,0.41999998688697815,-3.250281810760498,-2.5408778190612793,2.9638758650937733,16.162446975708008
B,15,2,only_T10,200,0.014999999664723873,0.8700000047683716,-4.758944511413574,-1.210965871810913,1.9649236509486467,16.162446975708008
B,15,2,only_T100,200,0.0,1.0,-5.591797828674316,-0.7214375734329224,0.41009690359879925,16.162446975708008
B,15,2,only_lin,200,0.0,1.0,-5.630464553833008,-0.7292611002922058,0.2597976042127844,16.162446975708008
B,15,2,random_orth,200,0.0,1.0,-5.642814636230469,-0.7458332777023315,3.573842294152452,16.162446975708008
B,15,2,real_diff_in_helix_subspace,200,0.5799999833106995,0.19499999284744263,-1.977152943611145,-3.5023722648620605,3.7428991031600316,16.162446975708008
B,15,2,full_swap,200,0.98499995470047,0.0,-0.7822147011756897,-4.962839603424072,7.275374889373779,16.162446975708008
B,16,2,helix,200,0.7849999666213989,0.08999999612569809,-1.4685698747634888,-3.9415788650512695,4.434586496298756,18.039457321166992
B,16,2,only_T2,200,0.0,0.9950000047683716,-5.6537628173828125,-0.731151282787323,0.0,18.039457321166992
B,16,2,only_T5,200,0.3199999928474426,0.26999998092651367,-2.982369899749756,-2.9892308712005615,3.675698224519013,18.039457321166992
B,16,2,only_T10,200,0.02499999850988388,0.7999999523162842,-4.590732097625732,-1.469645380973816,2.4309918301027293,18.039457321166992
B,16,2,only_T100,200,0.0,0.9950000047683716,-5.58626127243042,-0.7226858139038086,0.5032697787099104,18.039457321166992
B,16,2,only_lin,200,0.0,1.0,-5.636337757110596,-0.7276235222816467,0.30637704087320494,18.039457321166992
B,16,2,random_orth,200,0.0,1.0,-5.644730091094971,-0.7552164793014526,4.434586496298756,18.039457321166992
B,16,2,real_diff_in_helix_subspace,200,0.7199999690055847,0.11999999731779099,-1.6438647508621216,-3.9077367782592773,4.530133679589787,18.039457321166992
B,16,2,full_swap,200,0.9749999642372131,0.0,-0.7870175242424011,-4.947765827178955,8.721628189086914,18.039457321166992
B,17,2,helix,200,0.6850000023841858,0.1899999976158142,-1.6915847063064575,-3.442314386367798,4.617130286870007,19.663022994995117
B,17,2,only_T2,200,0.0,0.9950000047683716,-5.6537628173828125,-0.731151282787323,0.0,19.663022994995117
B,17,2,only_T5,200,0.2750000059604645,0.38999998569488525,-3.1837716102600098,-2.578111410140991,3.8130784237168887,19.663022994995117
B,17,2,only_T10,200,0.02499999850988388,0.824999988079071,-4.683757781982422,-1.3155404329299927,2.5482552766854263,19.663022994995117
B,17,2,only_T100,200,0.0,0.9950000047683716,-5.596695423126221,-0.7228143215179443,0.5298753985849173,19.663022994995117
B,17,2,only_lin,200,0.0,1.0,-5.634346008300781,-0.7302368879318237,0.3163486629064975,19.663022994995117
B,17,2,random_orth,200,0.0,1.0,-5.666937351226807,-0.7402878999710083,4.617130286870007,19.663022994995117
B,17,2,real_diff_in_helix_subspace,200,0.6349999904632568,0.1899999976158142,-1.8738845586776733,-3.416715621948242,4.704235903609323,19.663022994995117
B,17,2,full_swap,200,0.9300000071525574,0.03500000014901161,-0.9866471886634827,-4.306008815765381,9.127117156982422,19.663022994995117
B,18,2,helix,200,0.28999999165534973,0.5600000023841858,-3.317720651626587,-2.1203229427337646,4.791681244238243,20.785362243652344
B,18,2,only_T2,200,0.0,0.9950000047683716,-5.6537628173828125,-0.731151282787323,0.0,20.785362243652344
B,18,2,only_T5,200,0.12999999523162842,0.7249999642372131,-4.218899250030518,-1.6523687839508057,3.978203232956071,20.785362243652344
B,18,2,only_T10,200,0.014999999664723873,0.9249999523162842,-5.045120716094971,-1.0387626886367798,2.6168765259864806,20.785362243652344
B,18,2,only_T100,200,0.0,0.9950000047683716,-5.614456653594971,-0.7232071757316589,0.5469999468922304,20.785362243652344
B,18,2,only_lin,200,0.0,1.0,-5.63727331161499,-0.7338530421257019,0.32421435457287984,20.785362243652344
B,18,2,random_orth,200,0.0,0.9950000047683716,-5.661946773529053,-0.7512603402137756,4.791681244238243,20.785362243652344
B,18,2,real_diff_in_helix_subspace,200,0.2800000011920929,0.5600000023841858,-3.3494763374328613,-2.1029176712036133,4.915050710234075,20.785362243652344
B,18,2,full_swap,200,0.4449999928474426,0.44999998807907104,-2.659104347229004,-2.6893527507781982,9.645556449890137,20.785362243652344
B,19,2,helix,200,0.044999998062849045,0.9099999666213989,-4.519673824310303,-1.0447118282318115,5.098370466975034,22.746488571166992
B,19,2,only_T2,200,0.0,0.9950000047683716,-5.6537628173828125,-0.731151282787323,0.0,22.746488571166992
B,19,2,only_T5,200,0.019999999552965164,0.9300000071525574,-5.003433704376221,-0.9652219414710999,4.242022099474057,22.746488571166992
B,19,2,only_T10,200,0.004999999888241291,0.9899999499320984,-5.339665412902832,-0.7866915464401245,2.765078143554936,22.746488571166992
B,19,2,only_T100,200,0.0,1.0,-5.633632659912109,-0.7257492542266846,0.5739820607367936,22.746488571166992
B,19,2,only_lin,200,0.0,1.0,-5.646068572998047,-0.7325291037559509,0.3522727010276426,22.746488571166992
B,19,2,random_orth,200,0.0,0.9950000047683716,-5.663585662841797,-0.7309868335723877,5.098370466975034,22.746488571166992
B,19,2,real_diff_in_helix_subspace,200,0.02499999850988388,0.9300000071525574,-4.524433612823486,-1.0382516384124756,5.256357064867826,22.746488571166992
B,19,2,full_swap,200,0.0949999988079071,0.8100000023841858,-3.936361074447632,-1.3158001899719238,10.187682151794434,22.746488571166992
B,20,2,helix,200,0.044999998062849045,0.8999999761581421,-4.5010271072387695,-1.059190034866333,5.36884787307242,23.77762222290039
B,20,2,only_T2,200,0.0,0.9950000047683716,-5.6537628173828125,-0.731151282787323,0.0,23.77762222290039
B,20,2,only_T5,200,0.02499999850988388,0.9199999570846558,-4.9905524253845215,-0.9817308783531189,4.4770354876455345,23.77762222290039
B,20,2,only_T10,200,0.004999999888241291,0.9899999499320984,-5.329827308654785,-0.790657639503479,2.891009022494079,23.77762222290039
B,20,2,only_T100,200,0.0,1.0,-5.632332801818848,-0.7249000668525696,0.6035172915516973,23.77762222290039
B,20,2,only_lin,200,0.0,0.9950000047683716,-5.646821022033691,-0.7335802912712097,0.36760347173738167,23.77762222290039
B,20,2,random_orth,200,0.0,0.9950000047683716,-5.656721115112305,-0.7315812706947327,5.36884787307242,23.77762222290039
B,20,2,real_diff_in_helix_subspace,200,0.029999999329447746,0.9249999523162842,-4.519335746765137,-1.0483652353286743,5.520581962592477,23.77762222290039
B,20,2,full_swap,200,0.0949999988079071,0.8100000023841858,-3.9351277351379395,-1.3229923248291016,10.740203857421875,23.77762222290039
B,21,2,helix,200,0.0,0.9899999499320984,-5.621232986450195,-0.7395966649055481,5.482222652488863,25.247220993041992
B,21,2,only_T2,200,0.0,0.9950000047683716,-5.6537628173828125,-0.731151282787323,0.0,25.247220993041992
B,21,2,only_T5,200,0.0,0.9950000047683716,-5.64131498336792,-0.741867184638977,4.5632101540418475,25.247220993041992
B,21,2,only_T10,200,0.0,0.9950000047683716,-5.644721508026123,-0.7283788323402405,2.962969697659432,25.247220993041992
B,21,2,only_T100,200,0.0,0.9950000047683716,-5.6500396728515625,-0.7304093241691589,0.6323650217402356,25.247220993041992
B,21,2,only_lin,200,0.0,1.0,-5.651429176330566,-0.7325791120529175,0.38207353726727933,25.247220993041992
B,21,2,random_orth,200,0.0,0.9950000047683716,-5.652723789215088,-0.735951840877533,5.482222652488863,25.247220993041992
B,21,2,real_diff_in_helix_subspace,200,0.0,0.9899999499320984,-5.619867324829102,-0.7391151189804077,5.639575186505535,25.247220993041992
B,21,2,full_swap,200,0.0,0.98499995470047,-5.539042949676514,-0.7607105374336243,11.063593864440918,25.247220993041992
B,22,2,helix,200,0.0,0.9899999499320984,-5.620363712310791,-0.7410268783569336,5.672037858078068,28.037660598754883
B,22,2,only_T2,200,0.0,0.9950000047683716,-5.6537628173828125,-0.731151282787323,0.0,28.037660598754883
B,22,2,only_T5,200,0.0,0.9950000047683716,-5.641191482543945,-0.742477536201477,4.714695482057263,28.037660598754883
B,22,2,only_T10,200,0.0,0.9950000047683716,-5.645121097564697,-0.7299366593360901,3.07265725232181,28.037660598754883
B,22,2,only_T100,200,0.0,0.9950000047683716,-5.648118019104004,-0.7308943271636963,0.6571878142494377,28.037660598754883
B,22,2,only_lin,200,0.0,1.0,-5.651182651519775,-0.731023371219635,0.3982456360675778,28.037660598754883
B,22,2,random_orth,200,0.0,0.9950000047683716,-5.656628131866455,-0.7333113551139832,5.672037858078068,28.037660598754883
B,22,2,real_diff_in_helix_subspace,200,0.0,0.9899999499320984,-5.619827747344971,-0.7404006123542786,5.842169188416103,28.037660598754883
B,22,2,full_swap,200,0.0,0.98499995470047,-5.54343843460083,-0.7626575827598572,11.513280868530273,28.037660598754883
B,23,2,helix,200,0.0,1.0,-5.658560276031494,-0.7346402406692505,5.916035882811671,29.876249313354492
B,23,2,only_T2,200,0.0,0.9950000047683716,-5.6537628173828125,-0.731151282787323,0.0,29.876249313354492
B,23,2,only_T5,200,0.0,1.0,-5.663814544677734,-0.7335339188575745,4.922420948528013,29.876249313354492
B,23,2,only_T10,200,0.0,1.0,-5.652274131774902,-0.7306663393974304,3.203258236895972,29.876249313354492
B,23,2,only_T100,200,0.0,1.0,-5.651999473571777,-0.7303699851036072,0.6821796760729488,29.876249313354492
B,23,2,only_lin,200,0.0,0.9950000047683716,-5.652521133422852,-0.7324012517929077,0.419147816145143,29.876249313354492
B,23,2,random_orth,200,0.0,0.9950000047683716,-5.656796932220459,-0.7325984239578247,5.916035882811671,29.876249313354492
B,23,2,real_diff_in_helix_subspace,200,0.0,1.0,-5.659499168395996,-0.7332209348678589,6.100823332855835,29.876249313354492
B,23,2,full_swap,200,0.0,0.9950000047683716,-5.6161956787109375,-0.7510164976119995,12.06491470336914,29.876249313354492
B,24,2,helix,200,0.0,1.0,-5.648390769958496,-0.7302224636077881,6.14180210853694,31.53082275390625
B,24,2,only_T2,200,0.0,0.9950000047683716,-5.6537628173828125,-0.731151282787323,0.0,31.53082275390625
B,24,2,only_T5,200,0.0,1.0,-5.6519341468811035,-0.7299445867538452,5.118326798300217,31.53082275390625
B,24,2,only_T10,200,0.0,1.0,-5.656044960021973,-0.7310072183609009,3.3158294536357484,31.53082275390625
B,24,2,only_T100,200,0.0,0.9950000047683716,-5.652811050415039,-0.7318537831306458,0.7038638469451814,31.53082275390625
B,24,2,only_lin,200,0.0,1.0,-5.652520179748535,-0.7316712737083435,0.4351340358197186,31.53082275390625
B,24,2,random_orth,200,0.0,1.0,-5.657838821411133,-0.7331857085227966,6.14180210853694,31.53082275390625
B,24,2,real_diff_in_helix_subspace,200,0.0,1.0,-5.649179935455322,-0.730161726474762,6.344039530699521,31.53082275390625
B,24,2,full_swap,200,0.0,1.0,-5.625555515289307,-0.7333279848098755,12.547629356384277,31.53082275390625
B,25,2,helix,200,0.0,1.0,-5.643753528594971,-0.7316999435424805,6.364617134693531,34.459259033203125
B,25,2,only_T2,200,0.0,0.9950000047683716,-5.6537628173828125,-0.731151282787323,0.0,34.459259033203125
B,25,2,only_T5,200,0.0,1.0,-5.650262832641602,-0.7297167778015137,5.300683673684736,34.459259033203125
B,25,2,only_T10,200,0.0,1.0,-5.653362274169922,-0.7313762307167053,3.4441172621856824,34.459259033203125
B,25,2,only_T100,200,0.0,1.0,-5.65485954284668,-0.7309019565582275,0.7309601388276686,34.459259033203125
B,25,2,only_lin,200,0.0,0.9950000047683716,-5.652501583099365,-0.7326083779335022,0.45317159907418864,34.459259033203125
B,25,2,random_orth,200,0.0,1.0,-5.659045219421387,-0.7312210202217102,6.364617134693531,34.459259033203125
B,25,2,real_diff_in_helix_subspace,200,0.0,1.0,-5.645078182220459,-0.7308627367019653,6.578317121707573,34.459259033203125
B,25,2,full_swap,200,0.0,1.0,-5.630062103271484,-0.7330047488212585,13.129777908325195,34.459259033203125
B,26,2,helix,200,0.0,1.0,-5.64152717590332,-0.7318353056907654,6.598765752823438,36.845130920410156
B,26,2,only_T2,200,0.0,0.9950000047683716,-5.6537628173828125,-0.731151282787323,0.0,36.845130920410156
B,26,2,only_T5,200,0.0,1.0,-5.645936012268066,-0.7311356067657471,5.500528836332688,36.845130920410156
B,26,2,only_T10,200,0.0,0.9950000047683716,-5.653695583343506,-0.7322304248809814,3.5614505516528165,36.845130920410156
B,26,2,only_T100,200,0.0,0.9950000047683716,-5.653355121612549,-0.7305717468261719,0.7538172384619191,36.845130920410156
B,26,2,only_lin,200,0.0,0.9950000047683716,-5.653204441070557,-0.7320418953895569,0.47252971763239315,36.845130920410156
B,26,2,random_orth,200,0.0,0.9950000047683716,-5.652237415313721,-0.7339657545089722,6.598765752823438,36.845130920410156
B,26,2,real_diff_in_helix_subspace,200,0.0,1.0,-5.639937400817871,-0.7318761348724365,6.838572046645236,36.845130920410156
B,26,2,full_swap,200,0.0,1.0,-5.629091739654541,-0.7328952550888062,13.644883155822754,36.845130920410156
B,27,2,helix,200,0.0,1.0,-5.649631023406982,-0.7308611869812012,6.798371503621558,39.495086669921875
B,27,2,only_T2,200,0.0,0.9950000047683716,-5.6537628173828125,-0.731151282787323,0.0,39.495086669921875
B,27,2,only_T5,200,0.0,1.0,-5.649896621704102,-0.7304312586784363,5.657619511967832,39.495086669921875
B,27,2,only_T10,200,0.0,0.9950000047683716,-5.65469217300415,-0.7316353917121887,3.689983658373312,39.495086669921875
B,27,2,only_T100,200,0.0,0.9950000047683716,-5.653996467590332,-0.7304478287696838,0.7806101617219052,39.495086669921875
B,27,2,only_lin,200,0.0,0.9950000047683716,-5.65363883972168,-0.7319524884223938,0.4904320064376663,39.495086669921875
B,27,2,random_orth,200,0.0,1.0,-5.655430793762207,-0.733575165271759,6.798371503621557,39.495086669921875
B,27,2,real_diff_in_helix_subspace,200,0.0,0.9950000047683716,-5.650195598602295,-0.7305467128753662,7.056209719914007,39.495086669921875
B,27,2,full_swap,200,0.0,1.0,-5.636364459991455,-0.7308990955352783,14.09621810913086,39.495086669921875
B,28,2,helix,200,0.0,1.0,-5.649819850921631,-0.7310895919799805,7.031308921971856,42.24748229980469
B,28,2,only_T2,200,0.0,0.9950000047683716,-5.6537628173828125,-0.731151282787323,0.0,42.24748229980469
B,28,2,only_T5,200,0.0,1.0,-5.649922847747803,-0.7307693958282471,5.842378853033483,42.24748229980469
B,28,2,only_T10,200,0.0,0.9950000047683716,-5.654966831207275,-0.7315759062767029,3.8277206047933148,42.24748229980469
B,28,2,only_T100,200,0.0,1.0,-5.653675556182861,-0.7315050959587097,0.8071943930667222,42.24748229980469
B,28,2,only_lin,200,0.0,0.9950000047683716,-5.654046058654785,-0.7317056059837341,0.5087262638332395,42.24748229980469
B,28,2,random_orth,200,0.0,0.9950000047683716,-5.6545233726501465,-0.7326398491859436,7.031308921971856,42.24748229980469
B,28,2,real_diff_in_helix_subspace,200,0.0,0.9950000047683716,-5.649832725524902,-0.7313326597213745,7.319617915942801,42.24748229980469
B,28,2,full_swap,200,0.0,1.0,-5.635575294494629,-0.7308729290962219,14.67013931274414,42.24748229980469
B,29,2,helix,200,0.0,0.9950000047683716,-5.650613784790039,-0.7309748530387878,7.227365774034763,45.91666030883789
B,29,2,only_T2,200,0.0,0.9950000047683716,-5.6537628173828125,-0.731151282787323,0.0,45.91666030883789
B,29,2,only_T5,200,0.0,0.9950000047683716,-5.650321960449219,-0.7308903336524963,5.984137863185756,45.91666030883789
B,29,2,only_T10,200,0.0,0.9950000047683716,-5.654313087463379,-0.7318912148475647,3.960575289433881,45.91666030883789
B,29,2,only_T100,200,0.0,0.9950000047683716,-5.654255390167236,-0.7305541634559631,0.8387083505491368,45.91666030883789
B,29,2,only_lin,200,0.0,0.9950000047683716,-5.6537065505981445,-0.7308832406997681,0.5299992550658597,45.91666030883789
B,29,2,random_orth,200,0.0,0.9950000047683716,-5.655110836029053,-0.7318589687347412,7.227365774034763,45.91666030883789
B,29,2,real_diff_in_helix_subspace,200,0.0,0.9950000047683716,-5.648720741271973,-0.7312238812446594,7.557108320068842,45.91666030883789
B,29,2,full_swap,200,0.0,1.0,-5.6383585929870605,-0.7316292524337769,15.25244140625,45.91666030883789
B,30,2,helix,200,0.0,0.9950000047683716,-5.651391506195068,-0.7310391068458557,7.465847313248112,57.43757629394531
B,30,2,only_T2,200,0.0,0.9950000047683716,-5.6537628173828125,-0.731151282787323,0.0,57.43757629394531
B,30,2,only_T5,200,0.0,0.9950000047683716,-5.653012752532959,-0.7305926084518433,6.169085841979802,57.43757629394531
B,30,2,only_T10,200,0.0,1.0,-5.654104709625244,-0.7317162752151489,4.110427196318572,57.43757629394531
B,30,2,only_T100,200,0.0,0.9950000047683716,-5.653878211975098,-0.7310330271720886,0.8748270881399028,57.43757629394531
B,30,2,only_lin,200,0.0,0.9950000047683716,-5.654163837432861,-0.7309954762458801,0.5518574921810979,57.43757629394531
B,30,2,random_orth,200,0.0,1.0,-5.655184268951416,-0.7313928008079529,7.465847313248112,57.43757629394531
B,30,2,real_diff_in_helix_subspace,200,0.0,0.9950000047683716,-5.6528801918029785,-0.7316192388534546,7.833313829469903,57.43757629394531
B,30,2,full_swap,200,0.0,0.9950000047683716,-5.6432342529296875,-0.7314397096633911,15.950201034545898,57.43757629394531
B,31,2,helix,200,0.0,0.9950000047683716,-5.6537628173828125,-0.731151282787323,7.897757658361318,77.0949935913086
B,31,2,only_T2,200,0.0,0.9950000047683716,-5.6537628173828125,-0.731151282787323,0.0,77.0949935913086
B,31,2,only_T5,200,0.0,0.9950000047683716,-5.6537628173828125,-0.731151282787323,6.528437129491545,77.0949935913086
B,31,2,only_T10,200,0.0,0.9950000047683716,-5.6537628173828125,-0.731151282787323,4.345811895896081,77.0949935913086
B,31,2,only_T100,200,0.0,0.9950000047683716,-5.6537628173828125,-0.731151282787323,0.9271945301502068,77.0949935913086
B,31,2,only_lin,200,0.0,0.9950000047683716,-5.6537628173828125,-0.731151282787323,0.5839372216176344,77.0949935913086
B,31,2,random_orth,200,0.0,0.9950000047683716,-5.6537628173828125,-0.731151282787323,7.897757658361317,77.0949935913086
B,31,2,real_diff_in_helix_subspace,200,0.0,0.9950000047683716,-5.6537628173828125,-0.731151282787323,8.334457982257192,77.0949935913086
B,31,2,full_swap,200,0.0,0.9950000047683716,-5.6537628173828125,-0.731151282787323,16.953441619873047,77.0949935913086
B,0,5,helix,200,0.3199999928474426,0.019999999552965164,-2.966539144515991,-4.669642925262451,1.8674774101318792,4.179751396179199
B,0,5,only_T2,200,0.0,0.429999977350235,-7.058958530426025,-1.9842733144760132,1.066275497301506,4.179751396179199
B,0,5,only_T5,200,0.0,1.0,-7.920840740203857,-0.6631783843040466,1.764390354221049e-15,4.179751396179199
B,0,5,only_T10,200,0.009999999776482582,0.47999998927116394,-6.231805801391602,-2.4210569858551025,1.4477561701428991,4.179751396179199
B,0,5,only_T100,200,0.0,0.9950000047683716,-7.694733142852783,-0.6572040915489197,0.49985247061377724,4.179751396179199
B,0,5,only_lin,200,0.0,1.0,-7.82319974899292,-0.6633935570716858,0.2716005014756498,4.179751396179199
B,0,5,random_orth,200,0.0,1.0,-7.910629749298096,-0.6544939875602722,1.8674774101318792,4.179751396179199
B,0,5,real_diff_in_helix_subspace,200,0.28999999165534973,0.14499999582767487,-3.3232054710388184,-4.2888102531433105,1.9269453338381664,4.179751396179199
B,0,5,full_swap,200,0.98499995470047,0.0,-0.7294154167175293,-7.082790374755859,4.4435200691223145,4.179751396179199
B,1,5,helix,200,0.32499998807907104,0.02499999850988388,-2.9526610374450684,-4.668101787567139,1.8578632431543685,4.646554946899414
B,1,5,only_T2,200,0.0,0.4050000011920929,-7.053460597991943,-2.0095410346984863,1.0716991019516222,4.646554946899414
B,1,5,only_T5,200,0.0,1.0,-7.920840740203857,-0.6631783843040466,1.7538188106710814e-15,4.646554946899414
B,1,5,only_T10,200,0.009999999776482582,0.4650000035762787,-6.201941013336182,-2.493260145187378,1.4256956900512963,4.646554946899414
B,1,5,only_T100,200,0.0,0.9950000047683716,-7.693604469299316,-0.6573072671890259,0.500334598329898,4.646554946899414
B,1,5,only_lin,200,0.0,1.0,-7.815693378448486,-0.6627817153930664,0.2883978476588824,4.646554946899414
B,1,5,random_orth,200,0.0,1.0,-7.920718669891357,-0.6665672659873962,1.8578632431543682,4.646554946899414
B,1,5,real_diff_in_helix_subspace,200,0.3199999928474426,0.11499999463558197,-3.198895215988159,-4.355310916900635,1.9090981247218135,4.646554946899414
B,1,5,full_swap,200,0.98499995470047,0.0,-0.7309856414794922,-7.086711406707764,4.339622974395752,4.646554946899414
B,2,5,helix,200,0.3349999785423279,0.02499999850988388,-2.9331228733062744,-4.718411922454834,1.9542614649225316,5.302746772766113
B,2,5,only_T2,200,0.0,0.39499998092651367,-7.032523155212402,-2.0758702754974365,1.127906087374608,5.302746772766113
B,2,5,only_T5,200,0.0,1.0,-7.920840740203857,-0.6631783843040466,1.821564228172515e-15,5.302746772766113
B,2,5,only_T10,200,0.009999999776482582,0.4449999928474426,-6.170151233673096,-2.5890464782714844,1.494038881663591,5.302746772766113
B,2,5,only_T100,200,0.0,0.98499995470047,-7.693345546722412,-0.6606320142745972,0.5274079034793012,5.302746772766113
B,2,5,only_lin,200,0.0,1.0,-7.818437099456787,-0.6654197573661804,0.3122002183004501,5.302746772766113
B,2,5,random_orth,200,0.0,0.9950000047683716,-7.88334321975708,-0.6705281734466553,1.9542614649225316,5.302746772766113
B,2,5,real_diff_in_helix_subspace,200,0.3449999988079071,0.07999999821186066,-3.0238280296325684,-4.482173442840576,1.9926066926459265,5.302746772766113
B,2,5,full_swap,200,0.98499995470047,0.0,-0.7331922650337219,-7.087723255157471,4.466120719909668,5.302746772766113
B,3,5,helix,200,0.3349999785423279,0.029999999329447746,-2.8650238513946533,-4.765320301055908,2.2279711378023364,6.123428821563721
B,3,5,only_T2,200,0.0,0.41999998688697815,-7.026969909667969,-2.0443878173828125,1.3612536657350005,6.123428821563721
B,3,5,only_T5,200,0.0,1.0,-7.920840740203857,-0.6631783843040466,1.9661244061250435e-15,6.123428821563721
B,3,5,only_T10,200,0.009999999776482582,0.42499998211860657,-6.129139423370361,-2.6871418952941895,1.6559306512627439,6.123428821563721
B,3,5,only_T100,200,0.0,0.9950000047683716,-7.687507629394531,-0.6589309573173523,0.5627565326833559,6.123428821563721
B,3,5,only_lin,200,0.0,1.0,-7.812467098236084,-0.6657238602638245,0.3441899566745289,6.123428821563721
B,3,5,random_orth,200,0.0,1.0,-7.888927936553955,-0.6596342325210571,2.2279711378023364,6.123428821563721
B,3,5,real_diff_in_helix_subspace,200,0.375,0.044999998062849045,-2.8636677265167236,-4.657870292663574,2.2814107724601866,6.123428821563721
B,3,5,full_swap,200,0.98499995470047,0.0,-0.7340955138206482,-7.087011337280273,4.730459690093994,6.123428821563721
B,4,5,helix,200,0.3349999785423279,0.03500000014901161,-2.8813133239746094,-4.755715847015381,2.35867565449585,7.03590202331543
B,4,5,only_T2,200,0.0,0.41999998688697815,-7.019716739654541,-2.0583221912384033,1.4243035410402256,7.03590202331543
B,4,5,only_T5,200,0.0,1.0,-7.920840740203857,-0.6631783843040466,2.081582700422079e-15,7.03590202331543
B,4,5,only_T10,200,0.009999999776482582,0.42499998211860657,-6.127919673919678,-2.702078104019165,1.7572283720686754,7.03590202331543
B,4,5,only_T100,200,0.0,0.9899999499320984,-7.685674667358398,-0.6612417697906494,0.6098890491400984,7.03590202331543
B,4,5,only_lin,200,0.0,1.0,-7.820926189422607,-0.6627780199050903,0.3776149263452196,7.03590202331543
B,4,5,random_orth,200,0.0,1.0,-7.91567325592041,-0.6593016386032104,2.35867565449585,7.03590202331543
B,4,5,real_diff_in_helix_subspace,200,0.3449999988079071,0.04999999701976776,-2.883427143096924,-4.676185607910156,2.4154493375027983,7.03590202331543
B,4,5,full_swap,200,0.9899999499320984,0.0,-0.7340461611747742,-7.089704513549805,5.071473598480225,7.03590202331543
B,5,5,helix,200,0.3499999940395355,0.029999999329447746,-2.867732286453247,-4.796794414520264,2.5921093653475484,7.82681131362915
B,5,5,only_T2,200,0.0,0.38499999046325684,-7.013134479522705,-2.10390305519104,1.5486098431774453,7.82681131362915
B,5,5,only_T5,200,0.0,1.0,-7.920840740203857,-0.6631783843040466,2.2572093854679073e-15,7.82681131362915
B,5,5,only_T10,200,0.009999999776482582,0.3999999761581421,-6.08875846862793,-2.7869250774383545,1.9417711015108055,7.82681131362915
B,5,5,only_T100,200,0.0,0.9950000047683716,-7.674180507659912,-0.6636576652526855,0.6689072300175175,7.82681131362915
B,5,5,only_lin,200,0.0,1.0,-7.820315837860107,-0.6635879278182983,0.4170160629455771,7.82681131362915
B,5,5,random_orth,200,0.0,1.0,-7.907958030700684,-0.659332811832428,2.5921093653475484,7.82681131362915
B,5,5,real_diff_in_helix_subspace,200,0.3400000035762787,0.04999999701976776,-2.941849946975708,-4.667778968811035,2.6624671887769455,7.82681131362915
B,5,5,full_swap,200,0.9899999499320984,0.0,-0.7305908799171448,-7.092037200927734,5.565811634063721,7.82681131362915
B,6,5,helix,200,0.375,0.03500000014901161,-2.8703296184539795,-4.784999847412109,2.857482581048545,9.200927734375
B,6,5,only_T2,200,0.0,0.375,-7.010640621185303,-2.1071159839630127,1.7334021421795212,9.200927734375
B,6,5,only_T5,200,0.0,1.0,-7.920840740203857,-0.6631783843040466,2.461954488979804e-15,9.200927734375
B,6,5,only_T10,200,0.009999999776482582,0.39499998092651367,-6.071238040924072,-2.816570997238159,2.1167785506192267,9.200927734375
B,6,5,only_T100,200,0.0,0.9899999499320984,-7.681139945983887,-0.6660972237586975,0.7345351478220374,9.200927734375
B,6,5,only_lin,200,0.0,1.0,-7.816364765167236,-0.6605232357978821,0.4728181869714394,9.200927734375
B,6,5,random_orth,200,0.0,1.0,-7.912787437438965,-0.6686545610427856,2.857482581048545,9.200927734375
B,6,5,real_diff_in_helix_subspace,200,0.3649999797344208,0.05999999865889549,-3.0005061626434326,-4.62809944152832,2.9527073095215473,9.200927734375
B,6,5,full_swap,200,0.9899999499320984,0.0,-0.7252892851829529,-7.099812984466553,6.045708179473877,9.200927734375
B,7,5,helix,200,0.38499999046325684,0.03999999910593033,-2.85140061378479,-4.795206546783447,2.9595183434076455,9.755727767944336
B,7,5,only_T2,200,0.0,0.38499999046325684,-7.007152557373047,-2.102537155151367,1.7795695390119366,9.755727767944336
B,7,5,only_T5,200,0.0,1.0,-7.920840740203857,-0.6631783843040466,2.536335998269141e-15,9.755727767944336
B,7,5,only_T10,200,0.009999999776482582,0.375,-6.043093681335449,-2.8572354316711426,2.202573726454654,9.755727767944336
B,7,5,only_T100,200,0.0,0.9899999499320984,-7.674928188323975,-0.6677177548408508,0.7684362045477934,9.755727767944336
B,7,5,only_lin,200,0.0,1.0,-7.813469886779785,-0.6588481068611145,0.48831583019972824,9.755727767944336
B,7,5,random_orth,200,0.0,0.9899999499320984,-7.9148125648498535,-0.6767284274101257,2.9595183434076455,9.755727767944336
B,7,5,real_diff_in_helix_subspace,200,0.32499998807907104,0.06499999761581421,-3.0050477981567383,-4.605828285217285,3.071894760080437,9.755727767944336
B,7,5,full_swap,200,0.9899999499320984,0.0,-0.7234551310539246,-7.104315757751465,6.259824752807617,9.755727767944336
B,8,5,helix,200,0.38999998569488525,0.03999999910593033,-2.833268404006958,-4.811306476593018,3.1752572055079873,11.0569429397583
B,8,5,only_T2,200,0.0,0.35999998450279236,-7.007623195648193,-2.105823516845703,1.8848067555632386,11.0569429397583
B,8,5,only_T5,200,0.0,1.0,-7.920840740203857,-0.6631783843040466,2.669648675629216e-15,11.0569429397583
B,8,5,only_T10,200,0.009999999776482582,0.3499999940395355,-6.019674777984619,-2.882497549057007,2.388634049976544,11.0569429397583
B,8,5,only_T100,200,0.0,0.9950000047683716,-7.676063537597656,-0.6666731238365173,0.7894723788056522,11.0569429397583
B,8,5,only_lin,200,0.0,1.0,-7.818868637084961,-0.65948086977005,0.5086924725160813,11.0569429397583
B,8,5,random_orth,200,0.0,1.0,-7.908676624298096,-0.6707991361618042,3.1752572055079873,11.0569429397583
B,8,5,real_diff_in_helix_subspace,200,0.3199999928474426,0.06499999761581421,-3.1122257709503174,-4.532248020172119,3.309629507411164,11.0569429397583
B,8,5,full_swap,200,0.9899999499320984,0.0,-0.7166497707366943,-7.110367774963379,6.628502368927002,11.0569429397583
B,9,5,helix,200,0.3799999952316284,0.03999999910593033,-2.8333749771118164,-4.809352397918701,3.250641908849696,11.797277450561523
B,9,5,only_T2,200,0.0,0.375,-7.013894081115723,-2.1016502380371094,1.9774339958672198,11.797277450561523
B,9,5,only_T5,200,0.0,1.0,-7.920840740203857,-0.6631783843040466,2.6921626419025265e-15,11.797277450561523
B,9,5,only_T10,200,0.009999999776482582,0.3499999940395355,-6.020630836486816,-2.892503499984741,2.4037635860399353,11.797277450561523
B,9,5,only_T100,200,0.0,0.9950000047683716,-7.673137187957764,-0.6678972244262695,0.796822000348612,11.797277450561523
B,9,5,only_lin,200,0.0,1.0,-7.819254398345947,-0.6586857438087463,0.5130452483027631,11.797277450561523
B,9,5,random_orth,200,0.0,0.9950000047683716,-7.908081531524658,-0.6741502285003662,3.250641908849696,11.797277450561523
B,9,5,real_diff_in_helix_subspace,200,0.3100000023841858,0.08500000089406967,-3.189692974090576,-4.466282844543457,3.4212905421373687,11.797277450561523
B,9,5,full_swap,200,0.9899999499320984,0.0,-0.7174224853515625,-7.104393005371094,6.839257717132568,11.797277450561523
B,10,5,helix,200,0.3700000047683716,0.044999998062849045,-2.8255064487457275,-4.819221496582031,3.3745686404129254,12.123398780822754
B,10,5,only_T2,200,0.0,0.35999998450279236,-7.010293960571289,-2.137526035308838,2.0675041200696844,12.123398780822754
B,10,5,only_T5,200,0.0,1.0,-7.920840740203857,-0.6631783843040466,2.7986648888970627e-15,12.123398780822754
B,10,5,only_T10,200,0.009999999776482582,0.3349999785423279,-5.990610122680664,-2.955162286758423,2.494875285729387,12.123398780822754
B,10,5,only_T100,200,0.0,0.9950000047683716,-7.6750335693359375,-0.6679240465164185,0.7997302596337232,12.123398780822754
B,10,5,only_lin,200,0.0,1.0,-7.814526081085205,-0.6605273485183716,0.5234470694674774,12.123398780822754
B,10,5,random_orth,200,0.0,1.0,-7.900223255157471,-0.6755109429359436,3.3745686404129254,12.123398780822754
B,10,5,real_diff_in_helix_subspace,200,0.3449999988079071,0.0949999988079071,-3.198090076446533,-4.461187362670898,3.5459251695966,12.123398780822754
B,10,5,full_swap,200,0.9899999499320984,0.0,-0.7249934077262878,-7.0883989334106445,6.944026947021484,12.123398780822754
B,11,5,helix,200,0.3449999988079071,0.03999999910593033,-2.800898790359497,-4.831851482391357,3.558037676729581,12.593213081359863
B,11,5,only_T2,200,0.0,0.32499998807907104,-6.99471378326416,-2.2140700817108154,2.180036736271351,12.593213081359863
B,11,5,only_T5,200,0.0,1.0,-7.920840740203857,-0.6631783843040466,3.0205223212615026e-15,12.593213081359863
B,11,5,only_T10,200,0.009999999776482582,0.3100000023841858,-5.941507816314697,-3.048999071121216,2.642857595200668,12.593213081359863
B,11,5,only_T100,200,0.0,0.9899999499320984,-7.672292709350586,-0.6656221747398376,0.8155017920102261,12.593213081359863
B,11,5,only_lin,200,0.0,1.0,-7.806562900543213,-0.6668500900268555,0.5346378918697416,12.593213081359863
B,11,5,random_orth,200,0.0,1.0,-7.9068284034729,-0.6704704165458679,3.558037676729581,12.593213081359863
B,11,5,real_diff_in_helix_subspace,200,0.3349999785423279,0.07999999821186066,-3.1203231811523438,-4.524876594543457,3.732593458101739,12.593213081359863
B,11,5,full_swap,200,0.9899999499320984,0.0,-0.7269715070724487,-7.083808898925781,7.1256561279296875,12.593213081359863
B,12,5,helix,200,0.38499999046325684,0.03999999910593033,-2.741520881652832,-4.860008239746094,3.9475428530203773,13.361637115478516
B,12,5,only_T2,200,0.0,0.3050000071525574,-6.97524881362915,-2.2691256999969482,2.419808340127677,13.361637115478516
B,12,5,only_T5,200,0.0,1.0,-7.920840740203857,-0.6631783843040466,3.4063763181012522e-15,13.361637115478516
B,12,5,only_T10,200,0.009999999776482582,0.29499998688697815,-5.874453067779541,-3.1473350524902344,2.9508791986251346,13.361637115478516
B,12,5,only_T100,200,0.0,0.9950000047683716,-7.667849063873291,-0.6654304265975952,0.8489650095129886,13.361637115478516
B,12,5,only_lin,200,0.0,1.0,-7.808290958404541,-0.6704843044281006,0.5519834344757997,13.361637115478516
B,12,5,random_orth,200,0.0,0.9950000047683716,-7.884499549865723,-0.6736102104187012,3.9475428530203773,13.361637115478516
B,12,5,real_diff_in_helix_subspace,200,0.3499999940395355,0.06499999761581421,-2.9808545112609863,-4.575460910797119,4.094793817193195,13.361637115478516
B,12,5,full_swap,200,0.98499995470047,0.0,-0.7304696440696716,-7.070995330810547,7.51811408996582,13.361637115478516
B,13,5,helix,200,0.4050000011920929,0.03500000014901161,-2.721371650695801,-4.828579902648926,4.188346743730246,14.07109260559082
B,13,5,only_T2,200,0.0,0.29499998688697815,-6.989472389221191,-2.2725906372070312,2.509915783569503,14.07109260559082
B,13,5,only_T5,200,0.0,1.0,-7.920840740203857,-0.6631783843040466,3.6600237590873084e-15,14.07109260559082
B,13,5,only_T10,200,0.009999999776482582,0.29499998688697815,-5.8162665367126465,-3.174794912338257,3.1767321801714674,14.07109260559082
B,13,5,only_T100,200,0.0,0.9899999499320984,-7.6554856300354,-0.6694324612617493,0.9159233599958674,14.07109260559082
B,13,5,only_lin,200,0.0,1.0,-7.798745155334473,-0.6793014407157898,0.5783901172515571,14.07109260559082
B,13,5,random_orth,200,0.0,0.9950000047683716,-7.884119033813477,-0.6698654890060425,4.1883467437302455,14.07109260559082
B,13,5,real_diff_in_helix_subspace,200,0.38999998569488525,0.054999999701976776,-2.864154100418091,-4.559328079223633,4.31180729846493,14.07109260559082
B,13,5,full_swap,200,0.9899999499320984,0.0,-0.736110508441925,-7.004929542541504,7.817365646362305,14.07109260559082
B,14,5,helix,200,0.42499998211860657,0.03500000014901161,-2.7501416206359863,-4.7939910888671875,4.320750575657438,14.96448040008545
B,14,5,only_T2,200,0.0,0.3100000023841858,-7.002316951751709,-2.249332904815674,2.659594971546649,14.96448040008545
B,14,5,only_T5,200,0.0,1.0,-7.920840740203857,-0.6631783843040466,3.709050647774076e-15,14.96448040008545
B,14,5,only_T10,200,0.004999999888241291,0.3050000071525574,-5.824421405792236,-3.1848645210266113,3.227187381900307,14.96448040008545
B,14,5,only_T100,200,0.0,0.9899999499320984,-7.655810356140137,-0.6712663769721985,0.9183904475428633,14.96448040008545
B,14,5,only_lin,200,0.0,1.0,-7.805612564086914,-0.6765790581703186,0.5936806343249257,14.96448040008545
B,14,5,random_orth,200,0.0,0.9950000047683716,-7.885823726654053,-0.6823759078979492,4.320750575657438,14.96448040008545
B,14,5,real_diff_in_helix_subspace,200,0.39499998092651367,0.05999999865889549,-2.9218075275421143,-4.548491954803467,4.428492840478765,14.96448040008545
B,14,5,full_swap,200,0.9899999499320984,0.0,-0.7350723743438721,-6.995457649230957,7.860583305358887,14.96448040008545
B,15,5,helix,200,0.3999999761581421,0.04999999701976776,-2.755610704421997,-4.764560222625732,4.467814278688781,16.167343139648438
B,15,5,only_T2,200,0.0,0.32499998807907104,-7.00369119644165,-2.2251012325286865,2.708773298572871,16.167343139648438
B,15,5,only_T5,200,0.0,1.0,-7.920840740203857,-0.6631783843040466,3.9045004760123485e-15,16.167343139648438
B,15,5,only_T10,200,0.004999999888241291,0.2800000011920929,-5.808557510375977,-3.206885814666748,3.3498957090029857,16.167343139648438
B,15,5,only_T100,200,0.0,0.9899999499320984,-7.651494026184082,-0.6720689535140991,1.0179778507737256,16.167343139648438
B,15,5,only_lin,200,0.0,1.0,-7.800768852233887,-0.682705283164978,0.6494940105319611,16.167343139648438
B,15,5,random_orth,200,0.0,0.9899999499320984,-7.890476703643799,-0.6859728693962097,4.467814278688781,16.167343139648438
B,15,5,real_diff_in_helix_subspace,200,0.35499998927116394,0.07000000029802322,-2.9376721382141113,-4.503356456756592,4.587187054202737,16.167343139648438
B,15,5,full_swap,200,0.9799999594688416,0.0,-0.7544747591018677,-6.917696952819824,8.174795150756836,16.167343139648438
B,16,5,helix,200,0.38999998569488525,0.05999999865889549,-2.668945550918579,-4.9661865234375,5.380853389862173,18.006427764892578
B,16,5,only_T2,200,0.0,0.19499999284744263,-6.960437297821045,-2.526139497756958,3.1382386563410027,18.006427764892578
B,16,5,only_T5,200,0.0,1.0,-7.920840740203857,-0.6631783843040466,4.842849303499984e-15,18.006427764892578
B,16,5,only_T10,200,0.0,0.16499999165534973,-5.620931148529053,-3.8529579639434814,4.135690598969779,18.006427764892578
B,16,5,only_T100,200,0.0,0.9899999499320984,-7.630101680755615,-0.6838608980178833,1.2505616922531666,18.006427764892578
B,16,5,only_lin,200,0.0,1.0,-7.787527084350586,-0.6831013560295105,0.7659426021830125,18.006427764892578
B,16,5,random_orth,200,0.0,0.9899999499320984,-7.910332679748535,-0.6835577487945557,5.380853389862173,18.006427764892578
B,16,5,real_diff_in_helix_subspace,200,0.45499998331069946,0.04999999701976776,-2.574949026107788,-4.801062107086182,5.408943579065911,18.006427764892578
B,16,5,full_swap,200,0.9749999642372131,0.0,-0.7553694844245911,-6.894735336303711,9.71764850616455,18.006427764892578
B,17,5,helix,200,0.3199999928474426,0.10999999940395355,-3.0426974296569824,-4.388617992401123,5.609718492709526,19.621877670288086
B,17,5,only_T2,200,0.0,0.3499999940395355,-7.034116744995117,-2.1146130561828613,3.2456611080615123,19.621877670288086
B,17,5,only_T5,200,0.0,1.0,-7.920840740203857,-0.6631783843040466,5.023915210468937e-15,19.621877670288086
B,17,5,only_T10,200,0.0,0.2750000059604645,-5.734830379486084,-3.3420727252960205,4.335019410277657,19.621877670288086
B,17,5,only_T100,200,0.0,0.9950000047683716,-7.695858001708984,-0.6682292222976685,1.3168761635919208,19.621877670288086
B,17,5,only_lin,200,0.0,1.0,-7.808371543884277,-0.6797309517860413,0.7908716572662435,19.621877670288086
B,17,5,random_orth,200,0.0,0.9950000047683716,-7.897762775421143,-0.6876901388168335,5.609718492709526,19.621877670288086
B,17,5,real_diff_in_helix_subspace,200,0.2800000011920929,0.11999999731779099,-3.0409464836120605,-4.219893932342529,5.653858086461787,19.621877670288086
B,17,5,full_swap,200,0.9300000071525574,0.014999999664723873,-1.0224019289016724,-6.083200454711914,10.227023124694824,19.621877670288086
B,18,5,helix,200,0.12999999523162842,0.4449999928474426,-5.164676189422607,-2.592768430709839,5.732740770244739,20.746122360229492
B,18,5,only_T2,200,0.0,0.6549999713897705,-7.336251258850098,-1.4556934833526611,3.2931721268701106,20.746122360229492
B,18,5,only_T5,200,0.0,1.0,-7.920840740203857,-0.6631783843040466,5.24068731613198e-15,20.746122360229492
B,18,5,only_T10,200,0.0,0.6499999761581421,-6.67528772354126,-1.9140510559082031,4.44692357031042,20.746122360229492
B,18,5,only_T100,200,0.0,0.9899999499320984,-7.794149398803711,-0.6526327133178711,1.359647606329666,20.746122360229492
B,18,5,only_lin,200,0.0,1.0,-7.845856666564941,-0.6815150380134583,0.8105358864322,20.746122360229492
B,18,5,random_orth,200,0.0,0.9950000047683716,-7.915680885314941,-0.6824160814285278,5.732740770244739,20.746122360229492
B,18,5,real_diff_in_helix_subspace,200,0.11499999463558197,0.4449999928474426,-5.159664630889893,-2.5184237957000732,5.800435393899311,20.746122360229492
B,18,5,full_swap,200,0.35999998450279236,0.35499998927116394,-3.538115978240967,-3.578709125518799,10.697151184082031,20.746122360229492
B,19,5,helix,200,0.009999999776482582,0.8100000023841858,-6.60467004776001,-1.2217975854873657,6.029117552765647,22.716381072998047
B,19,5,only_T2,200,0.0,0.8949999809265137,-7.571805477142334,-0.9171798229217529,3.4245493536705065,22.716381072998047
B,19,5,only_T5,200,0.0,1.0,-7.920840740203857,-0.6631783843040466,5.5900708791093314e-15,22.716381072998047
B,19,5,only_T10,200,0.0,0.9350000023841858,-7.280806541442871,-0.9515143632888794,4.702968997663101,22.716381072998047
B,19,5,only_T100,200,0.0,1.0,-7.857469081878662,-0.6510802507400513,1.426403742773488,22.716381072998047
B,19,5,only_lin,200,0.0,1.0,-7.882659912109375,-0.6721251010894775,0.8806817525691063,22.716381072998047
B,19,5,random_orth,200,0.0,1.0,-7.907790184020996,-0.670274555683136,6.029117552765647,22.716381072998047
B,19,5,real_diff_in_helix_subspace,200,0.004999999888241291,0.8199999928474426,-6.643749713897705,-1.184105634689331,6.105012969559712,22.716381072998047
B,19,5,full_swap,200,0.044999998062849045,0.7649999856948853,-5.736023426055908,-1.4631271362304688,11.24322509765625,22.716381072998047
B,20,5,helix,200,0.009999999776482582,0.7849999666213989,-6.5636887550354,-1.246948003768921,6.311625265739909,23.7287654876709
B,20,5,only_T2,200,0.0,0.8899999856948853,-7.562625408172607,-0.9345126152038574,3.591196870894871,23.7287654876709
B,20,5,only_T5,200,0.0,1.0,-7.920840740203857,-0.6631783843040466,5.8993751492783304e-15,23.7287654876709
B,20,5,only_T10,200,0.0,0.9300000071525574,-7.249649524688721,-0.9695097208023071,4.921663475565256,23.7287654876709
B,20,5,only_T100,200,0.0,1.0,-7.856176376342773,-0.6512389779090881,1.499747167061177,23.7287654876709
B,20,5,only_lin,200,0.0,1.0,-7.882460594177246,-0.6736093163490295,0.9190086793434541,23.7287654876709
B,20,5,random_orth,200,0.0,1.0,-7.930169582366943,-0.6645824909210205,6.311625265739909,23.7287654876709
B,20,5,real_diff_in_helix_subspace,200,0.004999999888241291,0.8100000023841858,-6.620759010314941,-1.195361852645874,6.342599434835765,23.7287654876709
B,20,5,full_swap,200,0.044999998062849045,0.7599999904632568,-5.740839004516602,-1.468701720237732,11.7901611328125,23.7287654876709
B,21,5,helix,200,0.0,1.0,-7.85175895690918,-0.6766992211341858,6.468777658321647,25.186134338378906
B,21,5,only_T2,200,0.0,1.0,-7.909460067749023,-0.6692013144493103,3.6521691690815796,25.186134338378906
B,21,5,only_T5,200,0.0,1.0,-7.920840740203857,-0.6631783843040466,6.011741971247892e-15,25.186134338378906
B,21,5,only_T10,200,0.0,1.0,-7.9001359939575195,-0.6695269346237183,5.045091345055644,25.186134338378906
B,21,5,only_T100,200,0.0,1.0,-7.90386962890625,-0.6613595485687256,1.571195962707657,25.186134338378906
B,21,5,only_lin,200,0.0,1.0,-7.907912254333496,-0.6660304069519043,0.9551838431681984,25.186134338378906
B,21,5,random_orth,200,0.0,1.0,-7.923586368560791,-0.6666105389595032,6.468777658321647,25.186134338378906
B,21,5,real_diff_in_helix_subspace,200,0.0,1.0,-7.853311538696289,-0.6758758425712585,6.4921384655875904,25.186134338378906
B,21,5,full_swap,200,0.0,0.9950000047683716,-7.723701000213623,-0.6896423101425171,12.144384384155273,25.186134338378906
B,22,5,helix,200,0.0,1.0,-7.850635051727295,-0.6755878925323486,6.708024166912655,28.034408569335938
B,22,5,only_T2,200,0.0,1.0,-7.910655498504639,-0.6692295670509338,3.7822656414774225,28.034408569335938
B,22,5,only_T5,200,0.0,1.0,-7.920840740203857,-0.6631783843040466,6.211133497356485e-15,28.034408569335938
B,22,5,only_T10,200,0.0,1.0,-7.903512001037598,-0.6695513725280762,5.233897932984239,28.034408569335938
B,22,5,only_T100,200,0.0,1.0,-7.902632713317871,-0.6624929904937744,1.63288598351767,28.034408569335938
B,22,5,only_lin,200,0.0,1.0,-7.903789520263672,-0.6645668148994446,0.9956140901689443,28.034408569335938
B,22,5,random_orth,200,0.0,1.0,-7.923161506652832,-0.666942298412323,6.708024166912655,28.034408569335938
B,22,5,real_diff_in_helix_subspace,200,0.0,1.0,-7.854887962341309,-0.6752014756202698,6.724290015060383,28.034408569335938
B,22,5,full_swap,200,0.0,0.9950000047683716,-7.731083869934082,-0.6894752383232117,12.630138397216797,28.034408569335938
B,23,5,helix,200,0.0,1.0,-7.902929306030273,-0.6750816106796265,7.084688796377296,29.877180099487305
B,23,5,only_T2,200,0.0,1.0,-7.919492721557617,-0.6667374968528748,4.100865096887747,29.877180099487305
B,23,5,only_T5,200,0.0,1.0,-7.920840740203857,-0.6631783843040466,6.4845950001881455e-15,29.877180099487305
B,23,5,only_T10,200,0.0,1.0,-7.919429779052734,-0.6702631711959839,5.457984444183477,29.877180099487305
B,23,5,only_T100,200,0.0,1.0,-7.918375492095947,-0.6618925333023071,1.6948184539735553,29.877180099487305
B,23,5,only_lin,200,0.0,1.0,-7.911569595336914,-0.6661529541015625,1.0478695403628575,29.877180099487305
B,23,5,random_orth,200,0.0,1.0,-7.922463417053223,-0.6637201309204102,7.084688796377296,29.877180099487305
B,23,5,real_diff_in_helix_subspace,200,0.0,1.0,-7.90505838394165,-0.6740623116493225,7.105066587041095,29.877180099487305
B,23,5,full_swap,200,0.0,1.0,-7.840644836425781,-0.6860733032226562,13.259206771850586,29.877180099487305
B,24,5,helix,200,0.0,1.0,-7.908532619476318,-0.6649448871612549,7.3312589455803,31.545610427856445
B,24,5,only_T2,200,0.0,1.0,-7.9203972816467285,-0.6632318496704102,4.233443705814077,31.545610427856445
B,24,5,only_T5,200,0.0,1.0,-7.920840740203857,-0.6631783843040466,6.742790450700258e-15,31.545610427856445
B,24,5,only_T10,200,0.0,1.0,-7.919854640960693,-0.6625723242759705,5.653567377323668,31.545610427856445
B,24,5,only_T100,200,0.0,1.0,-7.91644287109375,-0.6634857058525085,1.7485984078245138,31.545610427856445
B,24,5,only_lin,200,0.0,1.0,-7.914999008178711,-0.6659401059150696,1.0878350895492963,31.545610427856445
B,24,5,random_orth,200,0.0,1.0,-7.925048828125,-0.6627832651138306,7.3312589455803,31.545610427856445
B,24,5,real_diff_in_helix_subspace,200,0.0,1.0,-7.908838748931885,-0.663616955280304,7.3516306436056515,31.545610427856445
B,24,5,full_swap,200,0.0,1.0,-7.881089687347412,-0.6615081429481506,13.773354530334473,31.545610427856445
B,25,5,helix,200,0.0,1.0,-7.905950546264648,-0.665201723575592,7.64009086778891,34.464080810546875
B,25,5,only_T2,200,0.0,1.0,-7.921761512756348,-0.6636181473731995,4.4393662853297915,34.464080810546875
B,25,5,only_T5,200,0.0,1.0,-7.920840740203857,-0.6631783843040466,6.982508148709144e-15,34.464080810546875
B,25,5,only_T10,200,0.0,1.0,-7.916386604309082,-0.6627780199050903,5.872713152561053,34.464080810546875
B,25,5,only_T100,200,0.0,1.0,-7.917708396911621,-0.6634388566017151,1.8160050719598257,34.464080810546875
B,25,5,only_lin,200,0.0,1.0,-7.910085201263428,-0.6662418842315674,1.1329289976854715,34.464080810546875
B,25,5,random_orth,200,0.0,1.0,-7.927183628082275,-0.6621865630149841,7.64009086778891,34.464080810546875
B,25,5,real_diff_in_helix_subspace,200,0.0,1.0,-7.9017863273620605,-0.6649408340454102,7.659141796918146,34.464080810546875
B,25,5,full_swap,200,0.0,1.0,-7.882227420806885,-0.6609734892845154,14.418191909790039,34.464080810546875
B,26,5,helix,200,0.0,1.0,-7.900666236877441,-0.6630751490592957,7.905218545846254,36.87090301513672
B,26,5,only_T2,200,0.0,1.0,-7.916882038116455,-0.6624778509140015,4.592972603317546,36.87090301513672
B,26,5,only_T5,200,0.0,1.0,-7.920840740203857,-0.6631783843040466,7.245189789707311e-15,36.87090301513672
B,26,5,only_T10,200,0.0,1.0,-7.913370609283447,-0.6623149514198303,6.075359842826668,36.87090301513672
B,26,5,only_T100,200,0.0,1.0,-7.919095516204834,-0.6631881594657898,1.872670483389175,36.87090301513672
B,26,5,only_lin,200,0.0,1.0,-7.913361549377441,-0.6637884974479675,1.181324294080983,36.87090301513672
B,26,5,random_orth,200,0.0,1.0,-7.922086238861084,-0.6637522578239441,7.905218545846254,36.87090301513672
B,26,5,real_diff_in_helix_subspace,200,0.0,1.0,-7.900693416595459,-0.6623184680938721,7.936925545770282,36.87090301513672
B,26,5,full_swap,200,0.0,1.0,-7.886081218719482,-0.6608139872550964,14.971190452575684,36.87090301513672
B,27,5,helix,200,0.0,1.0,-7.909295558929443,-0.6632043123245239,8.153122457136355,39.55555725097656
B,27,5,only_T2,200,0.0,1.0,-7.91752290725708,-0.66329425573349,4.692699144029619,39.55555725097656
B,27,5,only_T5,200,0.0,1.0,-7.920840740203857,-0.6631783843040466,7.451700244489367e-15,39.55555725097656
B,27,5,only_T10,200,0.0,1.0,-7.916757583618164,-0.663307785987854,6.292013581407835,39.55555725097656
B,27,5,only_T100,200,0.0,1.0,-7.919961929321289,-0.6627026200294495,1.9390795502141187,39.55555725097656
B,27,5,only_lin,200,0.0,1.0,-7.9157257080078125,-0.6641239523887634,1.2260800160941658,39.55555725097656
B,27,5,random_orth,200,0.0,1.0,-7.916757106781006,-0.6648977398872375,8.153122457136355,39.55555725097656
B,27,5,real_diff_in_helix_subspace,200,0.0,1.0,-7.910439491271973,-0.6628952026367188,8.193571001260393,39.55555725097656
B,27,5,full_swap,200,0.0,1.0,-7.897746562957764,-0.6622255444526672,15.46594524383545,39.55555725097656
B,28,5,helix,200,0.0,1.0,-7.908610820770264,-0.663406491279602,8.439735574594225,42.33207702636719
B,28,5,only_T2,200,0.0,1.0,-7.916711330413818,-0.6632663011550903,4.838013950324123,42.33207702636719
B,28,5,only_T5,200,0.0,1.0,-7.920840740203857,-0.6631783843040466,7.69502147842376e-15,42.33207702636719
B,28,5,only_T10,200,0.0,1.0,-7.917799949645996,-0.6636756658554077,6.528102653469114,42.33207702636719
B,28,5,only_T100,200,0.0,1.0,-7.918692588806152,-0.663019061088562,2.004882948685629,42.33207702636719
B,28,5,only_lin,200,0.0,1.0,-7.917529106140137,-0.6639965176582336,1.2718156595830985,42.33207702636719
B,28,5,random_orth,200,0.0,1.0,-7.926623344421387,-0.6618129014968872,8.439735574594225,42.33207702636719
B,28,5,real_diff_in_helix_subspace,200,0.0,1.0,-7.908815860748291,-0.6641615629196167,8.498631120195254,42.33207702636719
B,28,5,full_swap,200,0.0,1.0,-7.89826774597168,-0.661014974117279,16.077089309692383,42.33207702636719
B,29,5,helix,200,0.0,1.0,-7.912933826446533,-0.662811815738678,8.710404055786631,45.99238204956055
B,29,5,only_T2,200,0.0,1.0,-7.91978120803833,-0.6633731126785278,4.9552489739961985,45.99238204956055
B,29,5,only_T5,200,0.0,1.0,-7.920840740203857,-0.6631783843040466,7.881534723405402e-15,45.99238204956055
B,29,5,only_T10,200,0.0,1.0,-7.9169440269470215,-0.6635761260986328,6.758944421827826,45.99238204956055
B,29,5,only_T100,200,0.0,1.0,-7.918742656707764,-0.6630701422691345,2.0831113089327653,45.99238204956055
B,29,5,only_lin,200,0.0,1.0,-7.920983791351318,-0.6618051528930664,1.3249981376646491,45.99238204956055
B,29,5,random_orth,200,0.0,1.0,-7.92141580581665,-0.6636567711830139,8.710404055786631,45.99238204956055
B,29,5,real_diff_in_helix_subspace,200,0.0,1.0,-7.912575721740723,-0.6626261472702026,8.780067056555028,45.99238204956055
B,29,5,full_swap,200,0.0,1.0,-7.905159950256348,-0.6601053476333618,16.699384689331055,45.99238204956055
B,30,5,helix,200,0.0,1.0,-7.915201187133789,-0.6622443199157715,9.066211300327558,57.575077056884766
B,30,5,only_T2,200,0.0,1.0,-7.919876575469971,-0.6633216738700867,5.183582017362922,57.575077056884766
B,30,5,only_T5,200,0.0,1.0,-7.920840740203857,-0.6631783843040466,8.12476411782616e-15,57.575077056884766
B,30,5,only_T10,200,0.0,1.0,-7.917864799499512,-0.6629855036735535,7.018239335497247,57.575077056884766
B,30,5,only_T100,200,0.0,1.0,-7.9191412925720215,-0.6638311743736267,2.1726393002713937,57.575077056884766
B,30,5,only_lin,200,0.0,1.0,-7.919119834899902,-0.6626119017601013,1.379643730452745,57.575077056884766
B,30,5,random_orth,200,0.0,1.0,-7.921286582946777,-0.6629747748374939,9.066211300327558,57.575077056884766
B,30,5,real_diff_in_helix_subspace,200,0.0,1.0,-7.915825843811035,-0.66289883852005,9.158356943623689,57.575077056884766
B,30,5,full_swap,200,0.0,1.0,-7.909557342529297,-0.6611212491989136,17.441003799438477,57.575077056884766
B,31,5,helix,200,0.0,1.0,-7.920840740203857,-0.6631783843040466,9.632560962460625,77.34571838378906
B,31,5,only_T2,200,0.0,1.0,-7.920840740203857,-0.6631783843040466,5.577971404665254,77.34571838378906
B,31,5,only_T5,200,0.0,1.0,-7.920840740203857,-0.6631783843040466,8.597091974131988e-15,77.34571838378906
B,31,5,only_T10,200,0.0,1.0,-7.920840740203857,-0.6631783843040466,7.418689891928197,77.34571838378906
B,31,5,only_T100,200,0.0,1.0,-7.920840740203857,-0.6631783843040466,2.302297220641936,77.34571838378906
B,31,5,only_lin,200,0.0,1.0,-7.920840740203857,-0.6631783843040466,1.4598430540440859,77.34571838378906
B,31,5,random_orth,200,0.0,1.0,-7.920840740203857,-0.6631783843040466,9.632560962460625,77.34571838378906
B,31,5,real_diff_in_helix_subspace,200,0.0,1.0,-7.920840740203857,-0.6631783843040466,9.737137061772243,77.34571838378906
B,31,5,full_swap,200,0.0,1.0,-7.920840740203857,-0.6631783843040466,18.51115608215332,77.34571838378906
B,0,10,helix,200,0.014999999664723873,0.9449999928474426,-5.3976945877075195,-0.8821402788162231,1.0267264768223712,4.127101421356201
B,0,10,only_T2,200,0.0,0.9950000047683716,-6.802705764770508,-0.6900488138198853,0.0,4.127101421356201
B,0,10,only_T5,200,0.0,0.9950000047683716,-6.802705764770508,-0.6900488138198853,1.8206138044492287e-15,4.127101421356201
B,0,10,only_T10,200,0.0,0.9950000047683716,-6.802705764770508,-0.6900488138198853,9.413347302960918e-16,4.127101421356201
B,0,10,only_T100,200,0.009999999776482582,0.9799999594688416,-5.972038269042969,-0.7978814244270325,0.9798068527809886,4.127101421356201
B,0,10,only_lin,200,0.0,0.98499995470047,-6.337967872619629,-0.7250843644142151,0.5432010029512996,4.127101421356201
B,0,10,random_orth,200,0.0,0.9950000047683716,-6.791767597198486,-0.6990319490432739,1.0267264768223712,4.127101421356201
B,0,10,real_diff_in_helix_subspace,200,0.05999999865889549,0.9199999570846558,-5.114548683166504,-0.9850994944572449,1.149142070012648,4.127101421356201
B,0,10,full_swap,200,0.9749999642372131,0.004999999888241291,-0.7529502511024475,-5.857029438018799,4.479400157928467,4.127101421356201
B,1,10,helix,200,0.02499999850988388,0.9399999976158142,-5.437522888183594,-0.8759394884109497,1.0480612183326863,4.599224090576172
B,1,10,only_T2,200,0.0,0.9950000047683716,-6.802705764770508,-0.6900488138198853,0.0,4.599224090576172
B,1,10,only_T5,200,0.0,0.9950000047683716,-6.802705764770508,-0.6900488138198853,1.8089637697289788e-15,4.599224090576172
B,1,10,only_T10,200,0.0,0.9950000047683716,-6.802705764770508,-0.6900488138198853,9.26974091930222e-16,4.599224090576172
B,1,10,only_T100,200,0.009999999776482582,0.9749999642372131,-5.966000080108643,-0.8088175058364868,0.9810864450974226,4.599224090576172
B,1,10,only_lin,200,0.0,0.98499995470047,-6.3405609130859375,-0.7242203950881958,0.5767956953177648,4.599224090576172
B,1,10,random_orth,200,0.0,0.9950000047683716,-6.806004524230957,-0.6838648915290833,1.048061218332686,4.599224090576172
B,1,10,real_diff_in_helix_subspace,200,0.05999999865889549,0.9149999618530273,-5.157777786254883,-1.0042005777359009,1.1590082130782937,4.599224090576172
B,1,10,full_swap,200,0.9749999642372131,0.004999999888241291,-0.752065122127533,-5.860336780548096,4.372734069824219,4.599224090576172
B,2,10,helix,200,0.02499999850988388,0.9449999928474426,-5.445276260375977,-0.8778390288352966,1.1137792871714673,5.250828266143799
B,2,10,only_T2,200,0.0,0.9950000047683716,-6.802705764770508,-0.6900488138198853,0.0,5.250828266143799
B,2,10,only_T5,200,0.0,0.9950000047683716,-6.802705764770508,-0.6900488138198853,1.8787345783926364e-15,5.250828266143799
B,2,10,only_T10,200,0.0,0.9950000047683716,-6.802705764770508,-0.6900488138198853,9.713015214196697e-16,5.250828266143799
B,2,10,only_T100,200,0.009999999776482582,0.9699999690055847,-5.969943046569824,-0.8177880644798279,1.0341399573168215,5.250828266143799
B,2,10,only_lin,200,0.0,0.9799999594688416,-6.3338623046875,-0.7312219142913818,0.6244004366009003,5.250828266143799
B,2,10,random_orth,200,0.0,0.9899999499320984,-6.803050994873047,-0.6872432827949524,1.1137792871714673,5.250828266143799
B,2,10,real_diff_in_helix_subspace,200,0.05999999865889549,0.9099999666213989,-5.181542873382568,-1.0220930576324463,1.225736768054963,5.250828266143799
B,2,10,full_swap,200,0.9699999690055847,0.004999999888241291,-0.7547739744186401,-5.858652114868164,4.491271495819092,5.250828266143799
B,3,10,helix,200,0.02499999850988388,0.9350000023841858,-5.408107757568359,-0.8911479115486145,1.2011499318688958,6.086911678314209
B,3,10,only_T2,200,0.0,0.9950000047683716,-6.802705764770508,-0.6900488138198853,0.0,6.086911678314209
B,3,10,only_T5,200,0.0,0.9950000047683716,-6.802705764770508,-0.6900488138198853,2.0268090254559502e-15,6.086911678314209
B,3,10,only_T10,200,0.0,0.9950000047683716,-6.802705764770508,-0.6900488138198853,1.0764383532133587e-15,6.086911678314209
B,3,10,only_T100,200,0.009999999776482582,0.9699999690055847,-5.953531742095947,-0.816148579120636,1.1028173508879087,6.086911678314209
B,3,10,only_lin,200,0.0,0.98499995470047,-6.312222957611084,-0.7322760820388794,0.6883799133490579,6.086911678314209
B,3,10,random_orth,200,0.0,0.9950000047683716,-6.796882152557373,-0.6936075687408447,1.2011499318688958,6.086911678314209
B,3,10,real_diff_in_helix_subspace,200,0.06499999761581421,0.8999999761581421,-5.160420894622803,-1.0998235940933228,1.3385358216099512,6.086911678314209
B,3,10,full_swap,200,0.98499995470047,0.004999999888241291,-0.7551232576370239,-5.855062007904053,4.6700758934021,6.086911678314209
B,4,10,helix,200,0.02499999850988388,0.9350000023841858,-5.413768291473389,-0.8981741070747375,1.3102733881878876,7.0125732421875
B,4,10,only_T2,200,0.0,0.9950000047683716,-6.802705764770508,-0.6900488138198853,0.0,7.0125732421875
B,4,10,only_T5,200,0.0,0.9950000047683716,-6.802705764770508,-0.6900488138198853,2.1465988934784577e-15,7.0125732421875
B,4,10,only_T10,200,0.0,0.9950000047683716,-6.802705764770508,-0.6900488138198853,1.1422241056442121e-15,7.0125732421875
B,4,10,only_T100,200,0.009999999776482582,0.9649999737739563,-5.939239501953125,-0.827765166759491,1.1954268100002812,7.0125732421875
B,4,10,only_lin,200,0.0,0.98499995470047,-6.324854373931885,-0.7334040403366089,0.7552298526904392,7.0125732421875
B,4,10,random_orth,200,0.0,1.0,-6.788453102111816,-0.6895487904548645,1.3102733881878876,7.0125732421875
B,4,10,real_diff_in_helix_subspace,200,0.07000000029802322,0.8849999904632568,-5.1887688636779785,-1.12175714969635,1.4631748289915163,7.0125732421875
B,4,10,full_swap,200,0.98499995470047,0.004999999888241291,-0.7527908682823181,-5.857311725616455,5.027698516845703,7.0125732421875
B,5,10,helix,200,0.029999999329447746,0.9249999523162842,-5.396774768829346,-0.9091758728027344,1.4425494339807619,7.79148006439209
B,5,10,only_T2,200,0.0,0.9950000047683716,-6.802705764770508,-0.6900488138198853,0.0,7.79148006439209
B,5,10,only_T5,200,0.0,0.9950000047683716,-6.802705764770508,-0.6900488138198853,2.3270975294394594e-15,7.79148006439209
B,5,10,only_T10,200,0.0,0.9950000047683716,-6.802705764770508,-0.6900488138198853,1.2619351657590311e-15,7.79148006439209
B,5,10,only_T100,200,0.009999999776482582,0.9649999737739563,-5.927114009857178,-0.8385842442512512,1.3114409692699809,7.79148006439209
B,5,10,only_lin,200,0.0,0.98499995470047,-6.309342384338379,-0.731338381767273,0.8340321258911542,7.79148006439209
B,5,10,random_orth,200,0.0,1.0,-6.804158687591553,-0.6857118010520935,1.4425494339807619,7.79148006439209
B,5,10,real_diff_in_helix_subspace,200,0.07000000029802322,0.8700000047683716,-5.205830097198486,-1.1728183031082153,1.6376690132877336,7.79148006439209
B,5,10,full_swap,200,0.98499995470047,0.004999999888241291,-0.7562216520309448,-5.851142883300781,5.48651123046875,7.79148006439209
B,6,10,helix,200,0.029999999329447746,0.9199999570846558,-5.381995677947998,-0.9129130244255066,1.5924175927188822,9.162227630615234
B,6,10,only_T2,200,0.0,0.9950000047683716,-6.802705764770508,-0.6900488138198853,0.0,9.162227630615234
B,6,10,only_T5,200,0.0,0.9950000047683716,-6.802705764770508,-0.6900488138198853,2.5355469226604824e-15,9.162227630615234
B,6,10,only_T10,200,0.0,0.9950000047683716,-6.802705764770508,-0.6900488138198853,1.3755669420269648e-15,9.162227630615234
B,6,10,only_T100,200,0.009999999776482582,0.9599999785423279,-5.910667419433594,-0.8495204448699951,1.4390910410964393,9.162227630615234
B,6,10,only_lin,200,0.0,0.9799999594688416,-6.311277866363525,-0.7270607352256775,0.9456363739428788,9.162227630615234
B,6,10,random_orth,200,0.0,0.9950000047683716,-6.784621238708496,-0.6918227076530457,1.5924175927188822,9.162227630615234
B,6,10,real_diff_in_helix_subspace,200,0.07000000029802322,0.85999995470047,-5.173918724060059,-1.2027690410614014,1.8725651786513566,9.162227630615234
B,6,10,full_swap,200,0.98499995470047,0.004999999888241291,-0.7513859868049622,-5.858394145965576,5.936190128326416,9.162227630615234
B,7,10,helix,200,0.029999999329447746,0.9199999570846558,-5.364905834197998,-0.9214447736740112,1.6661630190228351,9.728967666625977
B,7,10,only_T2,200,0.0,0.9950000047683716,-6.802705764770508,-0.6900488138198853,0.0,9.728967666625977
B,7,10,only_T5,200,0.0,0.9950000047683716,-6.802705764770508,-0.6900488138198853,2.6123868700576326e-15,9.728967666625977
B,7,10,only_T10,200,0.0,0.9950000047683716,-6.802705764770508,-0.6900488138198853,1.4314074485757726e-15,9.728967666625977
B,7,10,only_T100,200,0.009999999776482582,0.9599999785423279,-5.907270431518555,-0.8578977584838867,1.5065247778448627,9.728967666625977
B,7,10,only_lin,200,0.0,0.98499995470047,-6.283088207244873,-0.7246270775794983,0.9766316603994565,9.728967666625977
B,7,10,random_orth,200,0.0,1.0,-6.796237468719482,-0.6975362300872803,1.6661630190228351,9.728967666625977
B,7,10,real_diff_in_helix_subspace,200,0.08500000089406967,0.8349999785423279,-5.128178596496582,-1.2501716613769531,2.0014962338907454,9.728967666625977
B,7,10,full_swap,200,0.98499995470047,0.004999999888241291,-0.7450205683708191,-5.86027193069458,6.144073963165283,9.728967666625977
B,8,10,helix,200,0.029999999329447746,0.9199999570846558,-5.400523662567139,-0.9108766913414001,1.7148531768126976,11.0155611038208
B,8,10,only_T2,200,0.0,0.9950000047683716,-6.802705764770508,-0.6900488138198853,0.0,11.0155611038208
B,8,10,only_T5,200,0.0,0.9950000047683716,-6.802705764770508,-0.6900488138198853,2.7466206147084953e-15,11.0155611038208
B,8,10,only_T10,200,0.0,0.9950000047683716,-6.802705764770508,-0.6900488138198853,1.5524434276404742e-15,11.0155611038208
B,8,10,only_T100,200,0.014999999664723873,0.9549999833106995,-5.934191703796387,-0.8589854836463928,1.5470450359110766,11.0155611038208
B,8,10,only_lin,200,0.0,0.98499995470047,-6.294680595397949,-0.722762942314148,1.0173849450321626,11.0155611038208
B,8,10,random_orth,200,0.0,1.0,-6.795801162719727,-0.6908535361289978,1.7148531768126976,11.0155611038208
B,8,10,real_diff_in_helix_subspace,200,0.07499999552965164,0.8349999785423279,-5.186094760894775,-1.2497097253799438,2.142113692741458,11.0155611038208
B,8,10,full_swap,200,0.98499995470047,0.004999999888241291,-0.7402908205986023,-5.86084508895874,6.484889507293701,11.0155611038208
B,9,10,helix,200,0.03500000014901161,0.9149999618530273,-5.373719215393066,-0.9188875555992126,1.7299678340089042,11.745102882385254
B,9,10,only_T2,200,0.0,0.9950000047683716,-6.802705764770508,-0.6900488138198853,0.0,11.745102882385254
B,9,10,only_T5,200,0.0,0.9950000047683716,-6.802705764770508,-0.6900488138198853,2.7683485300063913e-15,11.745102882385254
B,9,10,only_T10,200,0.0,0.9950000047683716,-6.802705764770508,-0.6900488138198853,1.5624332771221467e-15,11.745102882385254
B,9,10,only_T100,200,0.014999999664723873,0.9399999976158142,-5.918819904327393,-0.8709723949432373,1.561283965444927,11.745102882385254
B,9,10,only_lin,200,0.0,0.98499995470047,-6.2784037590026855,-0.7242026925086975,1.0260904966055262,11.745102882385254
B,9,10,random_orth,200,0.0,0.9950000047683716,-6.801475524902344,-0.6922625303268433,1.7299678340089044,11.745102882385254
B,9,10,real_diff_in_helix_subspace,200,0.06499999761581421,0.8100000023841858,-5.22652530670166,-1.315401554107666,2.2147136561725027,11.745102882385254
B,9,10,full_swap,200,0.98499995470047,0.004999999888241291,-0.7426220774650574,-5.850627422332764,6.6729278564453125,11.745102882385254
B,10,10,helix,200,0.029999999329447746,0.9199999570846558,-5.3672614097595215,-0.9265230298042297,1.7453442690927983,12.038476943969727
B,10,10,only_T2,200,0.0,0.9950000047683716,-6.802705764770508,-0.6900488138198853,0.0,12.038476943969727
B,10,10,only_T5,200,0.0,0.9950000047683716,-6.802705764770508,-0.6900488138198853,2.8790726040248228e-15,12.038476943969727
B,10,10,only_T10,200,0.0,0.9950000047683716,-6.802705764770508,-0.6900488138198853,1.6215119671932925e-15,12.038476943969727
B,10,10,only_T100,200,0.009999999776482582,0.949999988079071,-5.919342994689941,-0.8693655729293823,1.5667272569094863,12.038476943969727
B,10,10,only_lin,200,0.0,0.9899999499320984,-6.264875411987305,-0.7289193272590637,1.0468941389349546,12.038476943969727
B,10,10,random_orth,200,0.0,0.9950000047683716,-6.802750110626221,-0.6928414106369019,1.7453442690927983,12.038476943969727
B,10,10,real_diff_in_helix_subspace,200,0.07499999552965164,0.8199999928474426,-5.2599687576293945,-1.28363037109375,2.2277694889644346,12.038476943969727
B,10,10,full_swap,200,0.98499995470047,0.004999999888241291,-0.7476677298545837,-5.834449768066406,6.73699951171875,12.038476943969727
B,11,10,helix,200,0.029999999329447746,0.9149999618530273,-5.36923885345459,-0.9390215277671814,1.778996227571647,12.505191802978516
B,11,10,only_T2,200,0.0,0.9950000047683716,-6.802705764770508,-0.6900488138198853,0.0,12.505191802978516
B,11,10,only_T5,200,0.0,0.9950000047683716,-6.802705764770508,-0.6900488138198853,3.115860121365538e-15,12.505191802978516
B,11,10,only_T10,200,0.0,0.9950000047683716,-6.802705764770508,-0.6900488138198853,1.717257559907002e-15,12.505191802978516
B,11,10,only_T100,200,0.009999999776482582,0.9449999928474426,-5.922741413116455,-0.8717561364173889,1.5973368184546746,12.505191802978516
B,11,10,only_lin,200,0.0,0.9899999499320984,-6.256914138793945,-0.7412072420120239,1.0692757837394833,12.505191802978516
B,11,10,random_orth,200,0.0,1.0,-6.7971696853637695,-0.6963067650794983,1.778996227571647,12.505191802978516
B,11,10,real_diff_in_helix_subspace,200,0.07499999552965164,0.8100000023841858,-5.257416725158691,-1.2599396705627441,2.2461010042449288,12.505191802978516
B,11,10,full_swap,200,0.98499995470047,0.004999999888241291,-0.7611629366874695,-5.805639743804932,6.825140476226807,12.505191802978516
B,12,10,helix,200,0.029999999329447746,0.9149999618530273,-5.353738784790039,-0.9433099031448364,1.8489335506698068,13.260944366455078
B,12,10,only_T2,200,0.0,0.9950000047683716,-6.802705764770508,-0.6900488138198853,0.0,13.260944366455078
B,12,10,only_T5,200,0.0,0.9950000047683716,-6.802705764770508,-0.6900488138198853,3.5097864930011338e-15,13.260944366455078
B,12,10,only_T10,200,0.0,0.9950000047683716,-6.802705764770508,-0.6900488138198853,1.917234656932975e-15,13.260944366455078
B,12,10,only_T100,200,0.009999999776482582,0.9399999976158142,-5.90534782409668,-0.8734071254730225,1.662767628625386,13.260944366455078
B,12,10,only_lin,200,0.004999999888241291,0.9799999594688416,-6.240518569946289,-0.7511419653892517,1.1039668689515993,13.260944366455078
B,12,10,random_orth,200,0.0,1.0,-6.802257061004639,-0.6947943568229675,1.8489335506698068,13.260944366455078
B,12,10,real_diff_in_helix_subspace,200,0.05999999865889549,0.8199999928474426,-5.256669044494629,-1.2581672668457031,2.2998354043992064,13.260944366455078
B,12,10,full_swap,200,0.98499995470047,0.004999999888241291,-0.761969268321991,-5.7965521812438965,7.051327705383301,13.260944366455078
B,13,10,helix,200,0.03500000014901161,0.9149999618530273,-5.314870357513428,-0.9594676494598389,1.9875994474181895,13.95337200164795
B,13,10,only_T2,200,0.0,0.9950000047683716,-6.802705764770508,-0.6900488138198853,0.0,13.95337200164795
B,13,10,only_T5,200,0.0,0.9950000047683716,-6.802705764770508,-0.6900488138198853,3.775746897555273e-15,13.95337200164795
B,13,10,only_T10,200,0.0,0.9950000047683716,-6.802705764770508,-0.6900488138198853,2.064977766498821e-15,13.95337200164795
B,13,10,only_T100,200,0.014999999664723873,0.9249999523162842,-5.865667819976807,-0.8957800269126892,1.7935066449188923,13.95337200164795
B,13,10,only_lin,200,0.0,0.9799999594688416,-6.219175815582275,-0.7755450010299683,1.1567802345031142,13.95337200164795
B,13,10,random_orth,200,0.0,0.9950000047683716,-6.791888236999512,-0.6921387314796448,1.9875994474181895,13.95337200164795
B,13,10,real_diff_in_helix_subspace,200,0.07000000029802322,0.8299999833106995,-5.154303073883057,-1.2009847164154053,2.4300018582283074,13.95337200164795
B,13,10,full_swap,200,0.9799999594688416,0.009999999776482582,-0.7923751473426819,-5.7148942947387695,7.3356404304504395,13.95337200164795
B,14,10,helix,200,0.029999999329447746,0.9249999523162842,-5.326472282409668,-0.9494580030441284,2.004635018695881,14.857108116149902
B,14,10,only_T2,200,0.0,0.9950000047683716,-6.802705764770508,-0.6900488138198853,0.0,14.857108116149902
B,14,10,only_T5,200,0.0,0.9950000047683716,-6.802705764770508,-0.6900488138198853,3.82829048226451e-15,14.857108116149902
B,14,10,only_T10,200,0.0,0.9950000047683716,-6.802705764770508,-0.6900488138198853,2.0979377107252227e-15,14.857108116149902
B,14,10,only_T100,200,0.014999999664723873,0.9249999523162842,-5.873415470123291,-0.9012377858161926,1.7985659567832815,14.857108116149902
B,14,10,only_lin,200,0.0,0.9799999594688416,-6.222972393035889,-0.7737324833869934,1.1873612686498516,14.857108116149902
B,14,10,random_orth,200,0.0,1.0,-6.796523094177246,-0.6935549974441528,2.004635018695881,14.857108116149902
B,14,10,real_diff_in_helix_subspace,200,0.06499999761581421,0.8399999737739563,-5.19813346862793,-1.177016258239746,2.451377202597376,14.857108116149902
B,14,10,full_swap,200,0.9799999594688416,0.009999999776482582,-0.7928762435913086,-5.698794841766357,7.338404655456543,14.857108116149902
B,15,10,helix,200,0.029999999329447746,0.9249999523162842,-5.323113441467285,-0.950904905796051,2.2136549491443156,16.058979034423828
B,15,10,only_T2,200,0.0,0.9950000047683716,-6.802705764770508,-0.6900488138198853,0.0,16.058979034423828
B,15,10,only_T5,200,0.0,0.9950000047683716,-6.802705764770508,-0.6900488138198853,4.028732945923403e-15,16.058979034423828
B,15,10,only_T10,200,0.0,0.9950000047683716,-6.802705764770508,-0.6900488138198853,2.1777382847359806e-15,16.058979034423828
B,15,10,only_T100,200,0.014999999664723873,0.9350000023841858,-5.846797943115234,-0.9055665135383606,1.9967555365021012,16.058979034423828
B,15,10,only_lin,200,0.004999999888241291,0.9749999642372131,-6.2039713859558105,-0.7813134789466858,1.2989880210639222,16.058979034423828
B,15,10,random_orth,200,0.0,0.9950000047683716,-6.805269718170166,-0.6935223340988159,2.2136549491443156,16.058979034423828
B,15,10,real_diff_in_helix_subspace,200,0.06499999761581421,0.8549999594688416,-5.2503814697265625,-1.1683417558670044,2.6493563567961047,16.058979034423828
B,15,10,full_swap,200,0.9699999690055847,0.014999999664723873,-0.818739652633667,-5.589633464813232,7.702353477478027,16.058979034423828
B,16,10,helix,200,0.03999999910593033,0.8949999809265137,-5.245401382446289,-1.0623278617858887,2.6792803900306357,17.916227340698242
B,16,10,only_T2,200,0.0,0.9950000047683716,-6.802705764770508,-0.6900488138198853,0.0,17.916227340698242
B,16,10,only_T5,200,0.0,0.9950000047683716,-6.802705764770508,-0.6900488138198853,5.007022672550894e-15,17.916227340698242
B,16,10,only_T10,200,0.0,0.9950000047683716,-6.802705764770508,-0.6900488138198853,2.6887753390369195e-15,17.916227340698242
B,16,10,only_T100,200,0.014999999664723873,0.9199999570846558,-5.775794506072998,-0.9636062979698181,2.4468123947121576,17.916227340698242
B,16,10,only_lin,200,0.014999999664723873,0.9649999737739563,-6.065108299255371,-0.809233546257019,1.5318852043660245,17.916227340698242
B,16,10,random_orth,200,0.0,1.0,-6.788829326629639,-0.6984902024269104,2.6792803900306357,17.916227340698242
B,16,10,real_diff_in_helix_subspace,200,0.07499999552965164,0.8399999737739563,-5.090291500091553,-1.2613356113433838,3.0761787404956977,17.916227340698242
B,16,10,full_swap,200,0.9649999737739563,0.019999999552965164,-0.8301863074302673,-5.553610324859619,9.229959487915039,17.916227340698242
B,17,10,helix,200,0.029999999329447746,0.9149999618530273,-5.503534317016602,-0.9504820108413696,2.802583692884193,19.508159637451172
B,17,10,only_T2,200,0.0,0.9950000047683716,-6.802705764770508,-0.6900488138198853,0.0,19.508159637451172
B,17,10,only_T5,200,0.0,0.9950000047683716,-6.802705764770508,-0.6900488138198853,5.196662836001345e-15,19.508159637451172
B,17,10,only_T10,200,0.0,0.9950000047683716,-6.802705764770508,-0.6900488138198853,2.8185466527240312e-15,19.508159637451172
B,17,10,only_T100,200,0.009999999776482582,0.9549999833106995,-5.985740661621094,-0.8846306204795837,2.576210234104806,19.508159637451172
B,17,10,only_lin,200,0.009999999776482582,0.9749999642372131,-6.193118572235107,-0.7808340191841125,1.5817433145324873,19.508159637451172
B,17,10,random_orth,200,0.0,0.9950000047683716,-6.792637825012207,-0.6922498345375061,2.802583692884193,19.508159637451172
B,17,10,real_diff_in_helix_subspace,200,0.04999999701976776,0.8949999809265137,-5.324787616729736,-1.087418794631958,3.22449947797328,19.508159637451172
B,17,10,full_swap,200,0.8849999904632568,0.08500000089406967,-1.1053816080093384,-4.708166599273682,9.75174331665039,19.508159637451172
B,18,10,helix,200,0.014999999664723873,0.9599999785423279,-6.050663948059082,-0.7924461960792542,2.880806562360361,20.609722137451172
B,18,10,only_T2,200,0.0,0.9950000047683716,-6.802705764770508,-0.6900488138198853,0.0,20.609722137451172
B,18,10,only_T5,200,0.0,0.9950000047683716,-6.802705764770508,-0.6900488138198853,5.4217815508994245e-15,20.609722137451172
B,18,10,only_T10,200,0.0,0.9950000047683716,-6.802705764770508,-0.6900488138198853,2.8916528112337945e-15,20.609722137451172
B,18,10,only_T100,200,0.004999999888241291,0.9899999499320984,-6.337595462799072,-0.7672427296638489,2.6607066548068095,20.609722137451172
B,18,10,only_lin,200,0.0,0.9799999594688416,-6.450191020965576,-0.7453100681304932,1.6210717728643997,20.609722137451172
B,18,10,random_orth,200,0.0,0.9950000047683716,-6.797399520874023,-0.6932529807090759,2.880806562360361,20.609722137451172
B,18,10,real_diff_in_helix_subspace,200,0.009999999776482582,0.9599999785423279,-5.992106914520264,-0.8375105261802673,3.3148446256705615,20.609722137451172
B,18,10,full_swap,200,0.4949999749660492,0.4350000023841858,-2.7196614742279053,-3.192828416824341,10.275093078613281,20.609722137451172
B,19,10,helix,200,0.0,0.9950000047683716,-6.454113483428955,-0.7043408155441284,3.0492050145030576,22.572629928588867
B,19,10,only_T2,200,0.0,0.9950000047683716,-6.802705764770508,-0.6900488138198853,0.0,22.572629928588867
B,19,10,only_T5,200,0.0,0.9950000047683716,-6.802705764770508,-0.6900488138198853,5.7746654912503465e-15,22.572629928588867
B,19,10,only_T10,200,0.0,0.9950000047683716,-6.802705764770508,-0.6900488138198853,3.056970102416821e-15,22.572629928588867
B,19,10,only_T100,200,0.0,0.9950000047683716,-6.626209735870361,-0.6905629634857178,2.7923104873174442,22.572629928588867
B,19,10,only_lin,200,0.0,1.0,-6.630485534667969,-0.7117701768875122,1.7613635051382126,22.572629928588867
B,19,10,random_orth,200,0.0,0.9950000047683716,-6.8011956214904785,-0.6913908123970032,3.0492050145030576,22.572629928588867
B,19,10,real_diff_in_helix_subspace,200,0.0,0.9950000047683716,-6.4296770095825195,-0.7051070332527161,3.529833806877797,22.572629928588867
B,19,10,full_swap,200,0.10499999672174454,0.85999995470047,-4.888680458068848,-1.194238305091858,10.795809745788574,22.572629928588867
B,20,10,helix,200,0.0,0.9950000047683716,-6.448320388793945,-0.7088980078697205,3.1955758016598867,23.61591339111328
B,20,10,only_T2,200,0.0,0.9950000047683716,-6.802705764770508,-0.6900488138198853,0.0,23.61591339111328
B,20,10,only_T5,200,0.0,0.9950000047683716,-6.802705764770508,-0.6900488138198853,6.093192903860122e-15,23.61591339111328
B,20,10,only_T10,200,0.0,0.9950000047683716,-6.802705764770508,-0.6900488138198853,3.1992349132520203e-15,23.61591339111328
B,20,10,only_T100,200,0.0,0.9950000047683716,-6.618834018707275,-0.6926091909408569,2.935444851021541,23.61591339111328
B,20,10,only_lin,200,0.0,1.0,-6.628067493438721,-0.7156095504760742,1.8380173586869086,23.61591339111328
B,20,10,random_orth,200,0.0,0.9950000047683716,-6.7971038818359375,-0.693060576915741,3.1955758016598867,23.61591339111328
B,20,10,real_diff_in_helix_subspace,200,0.0,0.9950000047683716,-6.422584533691406,-0.7111712694168091,3.698344264567034,23.61591339111328
B,20,10,full_swap,200,0.10499999672174454,0.85999995470047,-4.899552345275879,-1.201556921005249,11.356054306030273,23.61591339111328
B,21,10,helix,200,0.0,0.9950000047683716,-6.684229373931885,-0.6971390843391418,3.3536610966668734,25.069774627685547
B,21,10,only_T2,200,0.0,0.9950000047683716,-6.802705764770508,-0.6900488138198853,0.0,25.069774627685547
B,21,10,only_T5,200,0.0,0.9950000047683716,-6.802705764770508,-0.6900488138198853,6.20805593024634e-15,25.069774627685547
B,21,10,only_T10,200,0.0,0.9950000047683716,-6.802705764770508,-0.6900488138198853,3.2796758833780953e-15,25.069774627685547
B,21,10,only_T100,200,0.0,0.9950000047683716,-6.733193397521973,-0.6908512711524963,3.0754900924974073,25.069774627685547
B,21,10,only_lin,200,0.0,1.0,-6.759711265563965,-0.6960294842720032,1.9103676863363968,25.069774627685547
B,21,10,random_orth,200,0.0,1.0,-6.804529666900635,-0.6902612447738647,3.3536610966668734,25.069774627685547
B,21,10,real_diff_in_helix_subspace,200,0.0,0.9950000047683716,-6.690112113952637,-0.6940556168556213,3.876768392633403,25.069774627685547
B,21,10,full_swap,200,0.0,0.9899999499320984,-6.386842727661133,-0.764172375202179,11.761536598205566,25.069774627685547
B,22,10,helix,200,0.0,0.9950000047683716,-6.676366806030273,-0.694229781627655,3.4785280082628187,27.881431579589844
B,22,10,only_T2,200,0.0,0.9950000047683716,-6.802705764770508,-0.6900488138198853,0.0,27.881431579589844
B,22,10,only_T5,200,0.0,0.9950000047683716,-6.802705764770508,-0.6900488138198853,6.413104325423233e-15,27.881431579589844
B,22,10,only_T10,200,0.0,0.9950000047683716,-6.802705764770508,-0.6900488138198853,3.402304434834675e-15,27.881431579589844
B,22,10,only_T100,200,0.0,0.9950000047683716,-6.732954978942871,-0.692086935043335,3.1957557413913436,27.881431579589844
B,22,10,only_lin,200,0.0,1.0,-6.748915672302246,-0.6916300654411316,1.9912281803378886,27.881431579589844
B,22,10,random_orth,200,0.0,0.9950000047683716,-6.803798198699951,-0.6895033121109009,3.4785280082628187,27.881431579589844
B,22,10,real_diff_in_helix_subspace,200,0.0,0.9950000047683716,-6.688206672668457,-0.6920444965362549,4.033086253776363,27.881431579589844
B,22,10,full_swap,200,0.004999999888241291,0.98499995470047,-6.389776706695557,-0.7622280716896057,12.231627464294434,27.881431579589844
B,23,10,helix,200,0.0,0.9950000047683716,-6.780045032501221,-0.6963384747505188,3.6283417428995346,29.6968936920166
B,23,10,only_T2,200,0.0,0.9950000047683716,-6.802705764770508,-0.6900488138198853,0.0,29.6968936920166
B,23,10,only_T5,200,0.0,0.9950000047683716,-6.802705764770508,-0.6900488138198853,6.694525368148517e-15,29.6968936920166
B,23,10,only_T10,200,0.0,0.9950000047683716,-6.802705764770508,-0.6900488138198853,3.547860919040176e-15,29.6968936920166
B,23,10,only_T100,200,0.0,0.9950000047683716,-6.798648357391357,-0.6876814365386963,3.3173589505301573,29.6968936920166
B,23,10,only_lin,200,0.0,1.0,-6.785102844238281,-0.6979590654373169,2.0957390807257146,29.6968936920166
B,23,10,random_orth,200,0.0,1.0,-6.80432653427124,-0.6878363490104675,3.628341742899535,29.6968936920166
B,23,10,real_diff_in_helix_subspace,200,0.0,0.9950000047683716,-6.789499282836914,-0.6943114995956421,4.218588068155093,29.6968936920166
B,23,10,full_swap,200,0.0,0.9950000047683716,-6.738966941833496,-0.7170805335044861,12.778800964355469,29.6968936920166
B,24,10,helix,200,0.0,0.9950000047683716,-6.7845377922058105,-0.6942059397697449,3.7495518582795837,31.336524963378906
B,24,10,only_T2,200,0.0,0.9950000047683716,-6.802705764770508,-0.6900488138198853,0.0,31.336524963378906
B,24,10,only_T5,200,0.0,0.9950000047683716,-6.802705764770508,-0.6900488138198853,6.9595833418764315e-15,31.336524963378906
B,24,10,only_T10,200,0.0,0.9950000047683716,-6.802705764770508,-0.6900488138198853,3.675149233594661e-15,31.336524963378906
B,24,10,only_T100,200,0.0,0.9950000047683716,-6.800748348236084,-0.6877406239509583,3.422987821464885,31.336524963378906
B,24,10,only_lin,200,0.0,0.9950000047683716,-6.790612697601318,-0.6950825452804565,2.1756701790985926,31.336524963378906
B,24,10,random_orth,200,0.0,1.0,-6.803614139556885,-0.6880820989608765,3.749551858279584,31.336524963378906
B,24,10,real_diff_in_helix_subspace,200,0.0,0.9950000047683716,-6.786342144012451,-0.6927088499069214,4.3748084400028,31.336524963378906
B,24,10,full_swap,200,0.0,1.0,-6.756383895874023,-0.695668637752533,13.278940200805664,31.336524963378906
B,25,10,helix,200,0.0,0.9950000047683716,-6.782989501953125,-0.6942123770713806,3.8995207460624424,34.209197998046875
B,25,10,only_T2,200,0.0,0.9950000047683716,-6.802705764770508,-0.6900488138198853,0.0,34.209197998046875
B,25,10,only_T5,200,0.0,0.9950000047683716,-6.802705764770508,-0.6900488138198853,7.20673353959343e-15,34.209197998046875
B,25,10,only_T10,200,0.0,0.9950000047683716,-6.802705764770508,-0.6900488138198853,3.817479206460432e-15,34.209197998046875
B,25,10,only_T100,200,0.0,0.9950000047683716,-6.800485610961914,-0.6881976127624512,3.5548029327712714,34.209197998046875
B,25,10,only_lin,200,0.0,0.9950000047683716,-6.787419319152832,-0.6950100064277649,2.2658579953709435,34.209197998046875
B,25,10,random_orth,200,0.0,1.0,-6.803608417510986,-0.6894863247871399,3.899520746062442,34.209197998046875
B,25,10,real_diff_in_helix_subspace,200,0.0,0.9950000047683716,-6.784037113189697,-0.6933932304382324,4.563391449573751,34.209197998046875
B,25,10,full_swap,200,0.0,1.0,-6.756168842315674,-0.6960817575454712,13.88437271118164,34.209197998046875
B,26,10,helix,200,0.0,0.9950000047683716,-6.786984920501709,-0.6913175582885742,4.029727779564375,36.5957145690918
B,26,10,only_T2,200,0.0,0.9950000047683716,-6.802705764770508,-0.6900488138198853,0.0,36.5957145690918
B,26,10,only_T5,200,0.0,0.9950000047683716,-6.802705764770508,-0.6900488138198853,7.477619548709586e-15,36.5957145690918
B,26,10,only_T10,200,0.0,0.9950000047683716,-6.802705764770508,-0.6900488138198853,3.949370176532639e-15,36.5957145690918
B,26,10,only_T100,200,0.0,0.9950000047683716,-6.796606063842773,-0.6894747614860535,3.6658323700669917,36.5957145690918
B,26,10,only_lin,200,0.0,0.9950000047683716,-6.791086196899414,-0.6914330124855042,2.362648588161966,36.5957145690918
B,26,10,random_orth,200,0.0,1.0,-6.801382064819336,-0.6896946430206299,4.029727779564375,36.5957145690918
B,26,10,real_diff_in_helix_subspace,200,0.0,0.9950000047683716,-6.78605318069458,-0.6912646889686584,4.73943625855689,36.5957145690918
B,26,10,full_swap,200,0.0,1.0,-6.746931552886963,-0.6961373090744019,14.404837608337402,36.5957145690918
B,27,10,helix,200,0.0,0.9950000047683716,-6.794101238250732,-0.6892856955528259,4.183107057855235,39.260841369628906
B,27,10,only_T2,200,0.0,0.9950000047683716,-6.802705764770508,-0.6900488138198853,0.0,39.260841369628906
B,27,10,only_T5,200,0.0,0.9950000047683716,-6.802705764770508,-0.6900488138198853,7.690875347267624e-15,39.260841369628906
B,27,10,only_T10,200,0.0,0.9950000047683716,-6.802705764770508,-0.6900488138198853,4.090445108321478e-15,39.260841369628906
B,27,10,only_T100,200,0.0,0.9950000047683716,-6.800018787384033,-0.688444197177887,3.796659342392486,39.260841369628906
B,27,10,only_lin,200,0.0,1.0,-6.797296047210693,-0.6908712387084961,2.4521600321883317,39.260841369628906
B,27,10,random_orth,200,0.0,0.9950000047683716,-6.802196025848389,-0.6894938349723816,4.183107057855235,39.260841369628906
B,27,10,real_diff_in_helix_subspace,200,0.0,0.9950000047683716,-6.794291973114014,-0.6892400979995728,4.95410118959902,39.260841369628906
B,27,10,full_swap,200,0.0,1.0,-6.779426097869873,-0.6914659142494202,14.891203880310059,39.260841369628906
B,28,10,helix,200,0.0,0.9950000047683716,-6.793549537658691,-0.690568745136261,4.327884908605121,42.01426315307617
B,28,10,only_T2,200,0.0,0.9950000047683716,-6.802705764770508,-0.6900488138198853,0.0,42.01426315307617
B,28,10,only_T5,200,0.0,0.9950000047683716,-6.802705764770508,-0.6900488138198853,7.943299370642424e-15,42.01426315307617
B,28,10,only_T10,200,0.0,0.9950000047683716,-6.802705764770508,-0.6900488138198853,4.243611520989939e-15,42.01426315307617
B,28,10,only_T100,200,0.0,0.9950000047683716,-6.798488616943359,-0.6895790100097656,3.9253190614417197,42.01426315307617
B,28,10,only_lin,200,0.0,0.9950000047683716,-6.799761772155762,-0.6902493238449097,2.543631319166197,42.01426315307617
B,28,10,random_orth,200,0.0,0.9950000047683716,-6.803396224975586,-0.6893210411071777,4.327884908605121,42.01426315307617
B,28,10,real_diff_in_helix_subspace,200,0.0,0.9950000047683716,-6.792917251586914,-0.6898771524429321,5.1874394431526865,42.01426315307617
B,28,10,full_swap,200,0.0,1.0,-6.77850341796875,-0.6918502449989319,15.48254680633545,42.01426315307617
B,29,10,helix,200,0.0,0.9950000047683716,-6.795125484466553,-0.6869285702705383,4.499843623628711,45.63884353637695
B,29,10,only_T2,200,0.0,0.9950000047683716,-6.802705764770508,-0.6900488138198853,0.0,45.63884353637695
B,29,10,only_T5,200,0.0,0.9950000047683716,-6.802705764770508,-0.6900488138198853,8.134899691574187e-15,45.63884353637695
B,29,10,only_T10,200,0.0,0.9950000047683716,-6.802705764770508,-0.6900488138198853,4.393431105027546e-15,45.63884353637695
B,29,10,only_T100,200,0.0,0.9950000047683716,-6.796866416931152,-0.6897673606872559,4.0783040100797665,45.63884353637695
B,29,10,only_lin,200,0.0,0.9950000047683716,-6.803013801574707,-0.6870895028114319,2.6499962753292983,45.63884353637695
B,29,10,random_orth,200,0.0,0.9950000047683716,-6.803343296051025,-0.6900407075881958,4.499843623628711,45.63884353637695
B,29,10,real_diff_in_helix_subspace,200,0.0,0.9950000047683716,-6.794131755828857,-0.6868695020675659,5.450675793555332,45.63884353637695
B,29,10,full_swap,200,0.0,1.0,-6.77958869934082,-0.6881523132324219,16.118629455566406,45.63884353637695
B,30,10,helix,200,0.0,0.9950000047683716,-6.797054767608643,-0.6895357966423035,4.694150088567809,57.20195388793945
B,30,10,only_T2,200,0.0,0.9950000047683716,-6.802705764770508,-0.6900488138198853,0.0,57.20195388793945
B,30,10,only_T5,200,0.0,0.9950000047683716,-6.802705764770508,-0.6900488138198853,8.387840745498193e-15,57.20195388793945
B,30,10,only_T10,200,0.0,0.9950000047683716,-6.802705764770508,-0.6900488138198853,4.5614811855923666e-15,57.20195388793945
B,30,10,only_T100,200,0.0,0.9950000047683716,-6.799382209777832,-0.6907526254653931,4.254919993579989,57.20195388793945
B,30,10,only_lin,200,0.0,0.9950000047683716,-6.802619457244873,-0.6894928812980652,2.75928746090549,57.20195388793945
B,30,10,random_orth,200,0.0,0.9950000047683716,-6.804159164428711,-0.690500795841217,4.694150088567809,57.20195388793945
B,30,10,real_diff_in_helix_subspace,200,0.0,0.9950000047683716,-6.798813819885254,-0.6893763542175293,5.7330839356370324,57.20195388793945
B,30,10,full_swap,200,0.0,1.0,-6.787841796875,-0.6903272867202759,16.873802185058594,57.20195388793945
B,31,10,helix,200,0.0,0.9950000047683716,-6.802705764770508,-0.6900488138198853,4.971676571077807,76.88274383544922
B,31,10,only_T2,200,0.0,0.9950000047683716,-6.802705764770508,-0.6900488138198853,0.0,76.88274383544922
B,31,10,only_T5,200,0.0,0.9950000047683716,-6.802705764770508,-0.6900488138198853,8.870274315273449e-15,76.88274383544922
B,31,10,only_T10,200,0.0,0.9950000047683716,-6.802705764770508,-0.6900488138198853,4.821738021487724e-15,76.88274383544922
B,31,10,only_T100,200,0.0,0.9950000047683716,-6.802705764770508,-0.6900488138198853,4.509192049885232,76.88274383544922
B,31,10,only_lin,200,0.0,0.9950000047683716,-6.802705764770508,-0.6900488138198853,2.9196861080881717,76.88274383544922
B,31,10,random_orth,200,0.0,0.9950000047683716,-6.802705764770508,-0.6900488138198853,4.971676571077807,76.88274383544922
B,31,10,real_diff_in_helix_subspace,200,0.0,0.9950000047683716,-6.802705764770508,-0.6900488138198853,6.194274446438353,76.88274383544922
B,31,10,full_swap,200,0.0,0.9950000047683716,-6.802705764770508,-0.6900488138198853,17.930234909057617,76.88274383544922
B,0,20,helix,200,0.10999999940395355,0.5199999809265137,-5.228908061981201,-2.318894386291504,1.8682276701416856,3.867088556289673
B,0,20,only_T2,200,0.0,0.9950000047683716,-8.300259590148926,-0.6637759804725647,0.0,3.867088556289673
B,0,20,only_T5,200,0.0,0.9950000047683716,-8.300259590148926,-0.6637759804725647,2.1438649124397862e-15,3.867088556289673
B,0,20,only_T10,200,0.0,0.9950000047683716,-8.300259590148926,-0.6637759804725647,1.0924406488784914e-15,3.867088556289673
B,0,20,only_T100,200,0.019999999552965164,0.75,-6.32325553894043,-1.566632866859436,1.8266336210468659,3.867088556289673
B,0,20,only_lin,200,0.004999999888241291,0.9449999928474426,-7.295245170593262,-0.8704865574836731,1.086402005902599,3.867088556289673
B,0,20,random_orth,200,0.0,0.9899999499320984,-8.278077125549316,-0.6722404360771179,1.868227670141686,3.867088556289673
B,0,20,real_diff_in_helix_subspace,200,0.22499999403953552,0.42499998211860657,-4.502387046813965,-2.835529088973999,2.0663920576809294,3.867088556289673
B,0,20,full_swap,200,0.9649999737739563,0.0,-0.7960268259048462,-7.020621299743652,4.707231044769287,3.867088556289673
B,1,20,helix,200,0.10499999672174454,0.5849999785423279,-5.319135665893555,-2.1909403800964355,1.915671107751504,4.384328842163086
B,1,20,only_T2,200,0.0,0.9950000047683716,-8.300259590148926,-0.6637759804725647,0.0,4.384328842163086
B,1,20,only_T5,200,0.0,0.9950000047683716,-8.300259590148926,-0.6637759804725647,2.132861962501198e-15,4.384328842163086
B,1,20,only_T10,200,0.0,0.9950000047683716,-8.300259590148926,-0.6637759804725647,1.0757875537786022e-15,4.384328842163086
B,1,20,only_T100,200,0.019999999552965164,0.7699999809265137,-6.422212600708008,-1.5611209869384766,1.8198215426294007,4.384328842163086
B,1,20,only_lin,200,0.004999999888241291,0.9549999833106995,-7.296042442321777,-0.8634365797042847,1.1535913906355295,4.384328842163086
B,1,20,random_orth,200,0.0,0.9799999594688416,-8.25112533569336,-0.6832724809646606,1.915671107751504,4.384328842163086
B,1,20,real_diff_in_helix_subspace,200,0.1899999976158142,0.47999998927116394,-4.74400520324707,-2.6340978145599365,2.0595746792064227,4.384328842163086
B,1,20,full_swap,200,0.9699999690055847,0.0,-0.7944472432136536,-7.018720626831055,4.61225700378418,4.384328842163086
B,2,20,helix,200,0.0949999988079071,0.5899999737739563,-5.33134651184082,-2.1423256397247314,2.037999416679594,5.119739532470703
B,2,20,only_T2,200,0.0,0.9950000047683716,-8.300259590148926,-0.6637759804725647,0.0,5.119739532470703
B,2,20,only_T5,200,0.0,0.9950000047683716,-8.300259590148926,-0.6637759804725647,2.213311125159337e-15,5.119739532470703
B,2,20,only_T10,200,0.0,0.9950000047683716,-8.300259590148926,-0.6637759804725647,1.1274049586633596e-15,5.119739532470703
B,2,20,only_T100,200,0.029999999329447746,0.7599999904632568,-6.44514799118042,-1.5731154680252075,1.906592113476309,5.119739532470703
B,2,20,only_lin,200,0.004999999888241291,0.949999988079071,-7.295037746429443,-0.8838553428649902,1.2488008732018003,5.119739532470703
B,2,20,random_orth,200,0.0,1.0,-8.274251937866211,-0.6579824686050415,2.037999416679594,5.119739532470703
B,2,20,real_diff_in_helix_subspace,200,0.1899999976158142,0.48499998450279236,-4.799152851104736,-2.5785980224609375,2.1532173630765197,5.119739532470703
B,2,20,full_swap,200,0.9699999690055847,0.0,-0.8013337254524231,-7.022720813751221,4.7516679763793945,5.119739532470703
B,3,20,helix,200,0.08999999612569809,0.574999988079071,-5.339194297790527,-2.1234548091888428,2.202444327149048,5.9695587158203125
B,3,20,only_T2,200,0.0,0.9950000047683716,-8.300259590148926,-0.6637759804725647,0.0,5.9695587158203125
B,3,20,only_T5,200,0.0,0.9950000047683716,-8.300259590148926,-0.6637759804725647,2.393563087194309e-15,5.9695587158203125
B,3,20,only_T10,200,0.0,0.9950000047683716,-8.300259590148926,-0.6637759804725647,1.249522583721247e-15,5.9695587158203125
B,3,20,only_T100,200,0.02499999850988388,0.7799999713897705,-6.470315933227539,-1.5253509283065796,2.021278489141557,5.9695587158203125
B,3,20,only_lin,200,0.004999999888241291,0.9350000023841858,-7.260347843170166,-0.9065285325050354,1.3767598266981156,5.9695587158203125
B,3,20,random_orth,200,0.0,0.9950000047683716,-8.255638122558594,-0.6733234524726868,2.2024443271490477,5.9695587158203125
B,3,20,real_diff_in_helix_subspace,200,0.17999999225139618,0.5049999952316284,-4.903772354125977,-2.5041115283966064,2.2909008477372406,5.9695587158203125
B,3,20,full_swap,200,0.9699999690055847,0.0,-0.8041595220565796,-7.017514705657959,4.934578895568848,5.9695587158203125
B,4,20,helix,200,0.07999999821186066,0.5999999642372131,-5.380133152008057,-2.1332640647888184,2.4129428834655666,6.935373306274414
B,4,20,only_T2,200,0.0,0.9950000047683716,-8.300259590148926,-0.6637759804725647,0.0,6.935373306274414
B,4,20,only_T5,200,0.0,0.9950000047683716,-8.300259590148926,-0.6637759804725647,2.5336399597168832e-15,6.935373306274414
B,4,20,only_T10,200,0.0,0.9950000047683716,-8.300259590148926,-0.6637759804725647,1.325995847157752e-15,6.935373306274414
B,4,20,only_T100,200,0.02499999850988388,0.7599999904632568,-6.457122802734375,-1.576621413230896,2.191681763581244,6.935373306274414
B,4,20,only_lin,200,0.004999999888241291,0.949999988079071,-7.302628993988037,-0.896129846572876,1.5104597053808784,6.935373306274414
B,4,20,random_orth,200,0.0,0.9899999499320984,-8.265364646911621,-0.6718289256095886,2.4129428834655666,6.935373306274414
B,4,20,real_diff_in_helix_subspace,200,0.1599999964237213,0.5550000071525574,-5.024226188659668,-2.4363553524017334,2.4986740076579874,6.935373306274414
B,4,20,full_swap,200,0.9699999690055847,0.0,-0.7995679974555969,-7.020023822784424,5.347905158996582,6.935373306274414
B,5,20,helix,200,0.07499999552965164,0.6049999594688416,-5.428191184997559,-2.103313446044922,2.6594670869461203,7.734167575836182
B,5,20,only_T2,200,0.0,0.9950000047683716,-8.300259590148926,-0.6637759804725647,0.0,7.734167575836182
B,5,20,only_T5,200,0.0,0.9950000047683716,-8.300259590148926,-0.6637759804725647,2.748727537180602e-15,7.734167575836182
B,5,20,only_T10,200,0.0,0.9950000047683716,-8.300259590148926,-0.6637759804725647,1.4651493475106446e-15,7.734167575836182
B,5,20,only_T100,200,0.02499999850988388,0.7799999713897705,-6.490414142608643,-1.5618849992752075,2.400500677708969,7.734167575836182
B,5,20,only_lin,200,0.004999999888241291,0.9350000023841858,-7.289320945739746,-0.8967059254646301,1.6680642517823083,7.734167575836182
B,5,20,random_orth,200,0.0,0.9950000047683716,-8.29073429107666,-0.6596284508705139,2.65946708694612,7.734167575836182
B,5,20,real_diff_in_helix_subspace,200,0.14499999582767487,0.574999988079071,-5.063403606414795,-2.434918165206909,2.7569393297236764,7.734167575836182
B,5,20,full_swap,200,0.9699999690055847,0.0,-0.7953404188156128,-7.029689788818359,5.902171611785889,7.734167575836182
B,6,20,helix,200,0.07499999552965164,0.5899999737739563,-5.406858921051025,-2.124762773513794,2.9331886351567085,9.134858131408691
B,6,20,only_T2,200,0.0,0.9950000047683716,-8.300259590148926,-0.6637759804725647,0.0,9.134858131408691
B,6,20,only_T5,200,0.0,0.9950000047683716,-8.300259590148926,-0.6637759804725647,3.0047056448383623e-15,9.134858131408691
B,6,20,only_T10,200,0.0,0.9950000047683716,-8.300259590148926,-0.6637759804725647,1.5972295099691394e-15,9.134858131408691
B,6,20,only_T100,200,0.02499999850988388,0.7649999856948853,-6.530181884765625,-1.542044997215271,2.6187247790440553,9.134858131408691
B,6,20,only_lin,200,0.004999999888241291,0.949999988079071,-7.2856035232543945,-0.8893473744392395,1.8912727478857576,9.134858131408691
B,6,20,random_orth,200,0.0,0.98499995470047,-8.313019752502441,-0.6552912592887878,2.9331886351567085,9.134858131408691
B,6,20,real_diff_in_helix_subspace,200,0.16499999165534973,0.5349999666213989,-5.037069797515869,-2.4888815879821777,3.0600645585179755,9.134858131408691
B,6,20,full_swap,200,0.9649999737739563,0.0,-0.7900775671005249,-7.036911487579346,6.4485764503479,9.134858131408691
B,7,20,helix,200,0.07999999821186066,0.5849999785423279,-5.439453601837158,-2.1182634830474854,3.074146549037913,9.725439071655273
B,7,20,only_T2,200,0.0,0.9950000047683716,-8.300259590148926,-0.6637759804725647,0.0,9.725439071655273
B,7,20,only_T5,200,0.0,0.9950000047683716,-8.300259590148926,-0.6637759804725647,3.097735836356378e-15,9.725439071655273
B,7,20,only_T10,200,0.0,0.9950000047683716,-8.300259590148926,-0.6637759804725647,1.661890424454527e-15,9.725439071655273
B,7,20,only_T100,200,0.02499999850988388,0.7799999713897705,-6.512993812561035,-1.5485830307006836,2.748808727846872,9.725439071655273
B,7,20,only_lin,200,0.004999999888241291,0.9350000023841858,-7.253250598907471,-0.8973438739776611,1.9532633207989134,9.725439071655273
B,7,20,random_orth,200,0.0,0.9899999499320984,-8.281332015991211,-0.6673672199249268,3.074146549037913,9.725439071655273
B,7,20,real_diff_in_helix_subspace,200,0.1599999964237213,0.5199999809265137,-4.985872268676758,-2.5101311206817627,3.2420249472572915,9.725439071655273
B,7,20,full_swap,200,0.9749999642372131,0.0,-0.7779330015182495,-7.037714004516602,6.711231708526611,9.725439071655273
B,8,20,helix,200,0.07999999821186066,0.5949999690055847,-5.575419902801514,-2.0295205116271973,3.160323296836403,11.00082015991211
B,8,20,only_T2,200,0.0,0.9950000047683716,-8.300259590148926,-0.6637759804725647,0.0,11.00082015991211
B,8,20,only_T5,200,0.0,0.9950000047683716,-8.300259590148926,-0.6637759804725647,3.261925398579586e-15,11.00082015991211
B,8,20,only_T10,200,0.0,0.9950000047683716,-8.300259590148926,-0.6637759804725647,1.802108539065266e-15,11.00082015991211
B,8,20,only_T100,200,0.02499999850988388,0.7699999809265137,-6.5943427085876465,-1.5236527919769287,2.8168291839549795,11.00082015991211
B,8,20,only_lin,200,0.009999999776482582,0.9350000023841858,-7.29810905456543,-0.8687022924423218,2.034769890064325,11.00082015991211
B,8,20,random_orth,200,0.0,0.9950000047683716,-8.282997131347656,-0.6642735004425049,3.160323296836403,11.00082015991211
B,8,20,real_diff_in_helix_subspace,200,0.13499999046325684,0.550000011920929,-5.173640251159668,-2.4695003032684326,3.3608028200626974,11.00082015991211
B,8,20,full_swap,200,0.9749999642372131,0.0,-0.7854260206222534,-7.0252532958984375,7.094340801239014,11.00082015991211
B,9,20,helix,200,0.07499999552965164,0.6100000143051147,-5.534822940826416,-2.0581042766571045,3.1864939501660405,11.731572151184082
B,9,20,only_T2,200,0.0,0.9950000047683716,-8.300259590148926,-0.6637759804725647,0.0,11.731572151184082
B,9,20,only_T5,200,0.0,0.9950000047683716,-8.300259590148926,-0.6637759804725647,3.2957374715195274e-15,11.731572151184082
B,9,20,only_T10,200,0.0,0.9950000047683716,-8.300259590148926,-0.6637759804725647,1.8141171874463004e-15,11.731572151184082
B,9,20,only_T100,200,0.029999999329447746,0.7699999809265137,-6.592263221740723,-1.5228447914123535,2.8391989837788585,11.731572151184082
B,9,20,only_lin,200,0.009999999776482582,0.9249999523162842,-7.269567489624023,-0.8785914182662964,2.0521809932110524,11.731572151184082
B,9,20,random_orth,200,0.0,0.9950000047683716,-8.289926528930664,-0.6719843149185181,3.1864939501660405,11.731572151184082
B,9,20,real_diff_in_helix_subspace,200,0.11999999731779099,0.5299999713897705,-5.214855670928955,-2.536104202270508,3.4065168195805415,11.731572151184082
B,9,20,full_swap,200,0.9699999690055847,0.0,-0.7875048518180847,-7.016872406005859,7.282793998718262,11.731572151184082
B,10,20,helix,200,0.07999999821186066,0.6150000095367432,-5.507248401641846,-2.0776147842407227,3.216403525547912,12.034677505493164
B,10,20,only_T2,200,0.0,0.9950000047683716,-8.300259590148926,-0.6637759804725647,0.0,12.034677505493164
B,10,20,only_T5,200,0.0,0.9950000047683716,-8.300259590148926,-0.6637759804725647,3.428206683798171e-15,12.034677505493164
B,10,20,only_T10,200,0.0,0.9950000047683716,-8.300259590148926,-0.6637759804725647,1.8829631341159322e-15,12.034677505493164
B,10,20,only_T100,200,0.03500000014901161,0.7699999809265137,-6.577861309051514,-1.5310485363006592,2.844284410628294,12.034677505493164
B,10,20,only_lin,200,0.009999999776482582,0.9300000071525574,-7.237091541290283,-0.8947849273681641,2.0937882778699093,12.034677505493164
B,10,20,random_orth,200,0.0,0.9899999499320984,-8.271859169006348,-0.6641275882720947,3.216403525547912,12.034677505493164
B,10,20,real_diff_in_helix_subspace,200,0.125,0.5450000166893005,-5.218626499176025,-2.51393723487854,3.430946486413812,12.034677505493164
B,10,20,full_swap,200,0.9749999642372131,0.0,-0.791997492313385,-7.004774570465088,7.3146514892578125,12.034677505493164
B,11,20,helix,200,0.07999999821186066,0.5899999737739563,-5.5109052658081055,-2.080418586730957,3.271859259665787,12.499129295349121
B,11,20,only_T2,200,0.0,0.9950000047683716,-8.300259590148926,-0.6637759804725647,0.0,12.499129295349121
B,11,20,only_T5,200,0.0,0.9950000047683716,-8.300259590148926,-0.6637759804725647,3.6880723653394795e-15,12.499129295349121
B,11,20,only_T10,200,0.0,0.9950000047683716,-8.300259590148926,-0.6637759804725647,1.9953524555838584e-15,12.499129295349121
B,11,20,only_T100,200,0.03500000014901161,0.7649999856948853,-6.569097518920898,-1.5374020338058472,2.891116822326515,12.499129295349121
B,11,20,only_lin,200,0.009999999776482582,0.9099999666213989,-7.237316608428955,-0.918039858341217,2.1385515674789666,12.499129295349121
B,11,20,random_orth,200,0.0,0.9950000047683716,-8.277281761169434,-0.6705800294876099,3.271859259665788,12.499129295349121
B,11,20,real_diff_in_helix_subspace,200,0.10999999940395355,0.550000011920929,-5.249340057373047,-2.4827017784118652,3.4703969692388137,12.499129295349121
B,11,20,full_swap,200,0.9649999737739563,0.0,-0.8182072043418884,-6.971565246582031,7.389346122741699,12.499129295349121
B,12,20,helix,200,0.07499999552965164,0.5949999690055847,-5.511523723602295,-2.0696868896484375,3.39901029829036,13.246620178222656
B,12,20,only_T2,200,0.0,0.9950000047683716,-8.300259590148926,-0.6637759804725647,0.0,13.246620178222656
B,12,20,only_T5,200,0.0,0.9950000047683716,-8.300259590148926,-0.6637759804725647,4.15777315102182e-15,13.246620178222656
B,12,20,only_T10,200,0.0,0.9950000047683716,-8.300259590148926,-0.6637759804725647,2.225727091943713e-15,13.246620178222656
B,12,20,only_T100,200,0.03500000014901161,0.7549999952316284,-6.540239334106445,-1.5463719367980957,3.011498163593635,13.246620178222656
B,12,20,only_lin,200,0.009999999776482582,0.9049999713897705,-7.219376564025879,-0.9295293688774109,2.2079337379031982,13.246620178222656
B,12,20,random_orth,200,0.0,1.0,-8.263532638549805,-0.6610916256904602,3.39901029829036,13.246620178222656
B,12,20,real_diff_in_helix_subspace,200,0.11999999731779099,0.5600000023841858,-5.259135723114014,-2.4407637119293213,3.563954589171236,13.246620178222656
B,12,20,full_swap,200,0.9649999737739563,0.0,-0.8231505155563354,-6.961454391479492,7.612768650054932,13.246620178222656
B,13,20,helix,200,0.07499999552965164,0.5999999642372131,-5.475789546966553,-2.0532925128936768,3.6446275726829294,13.950976371765137
B,13,20,only_T2,200,0.0,0.9950000047683716,-8.300259590148926,-0.6637759804725647,0.0,13.950976371765137
B,13,20,only_T5,200,0.0,0.9950000047683716,-8.300259590148926,-0.6637759804725647,4.453965190063296e-15,13.950976371765137
B,13,20,only_T10,200,0.0,0.9950000047683716,-8.300259590148926,-0.6637759804725647,2.397647354626467e-15,13.950976371765137
B,13,20,only_T100,200,0.029999999329447746,0.7599999904632568,-6.562221050262451,-1.578912377357483,3.2319328944063237,13.950976371765137
B,13,20,only_lin,200,0.009999999776482582,0.8849999904632568,-7.211075305938721,-0.9809936285018921,2.313560469006229,13.950976371765137
B,13,20,random_orth,200,0.0,0.9899999499320984,-8.278220176696777,-0.6673617959022522,3.644627572682929,13.950976371765137
B,13,20,real_diff_in_helix_subspace,200,0.1599999964237213,0.5199999809265137,-4.990568161010742,-2.5467288494110107,3.893990712708025,13.950976371765137
B,13,20,full_swap,200,0.9599999785423279,0.0,-0.8619317412376404,-6.833384990692139,7.968774318695068,13.950976371765137
B,14,20,helix,200,0.07000000029802322,0.6200000047683716,-5.476351261138916,-2.025179624557495,3.6807160006018838,14.898272514343262
B,14,20,only_T2,200,0.0,0.9950000047683716,-8.300259590148926,-0.6637759804725647,0.0,14.898272514343262
B,14,20,only_T5,200,0.0,0.9950000047683716,-8.300259590148926,-0.6637759804725647,4.512857350256188e-15,14.898272514343262
B,14,20,only_T10,200,0.0,0.9950000047683716,-8.300259590148926,-0.6637759804725647,2.4361076135268682e-15,14.898272514343262
B,14,20,only_T100,200,0.029999999329447746,0.7549999952316284,-6.57582950592041,-1.5754656791687012,3.2382164728219482,14.898272514343262
B,14,20,only_lin,200,0.009999999776482582,0.8899999856948853,-7.212282657623291,-0.9777735471725464,2.374722537299703,14.898272514343262
B,14,20,random_orth,200,0.0,0.9950000047683716,-8.279443740844727,-0.6739698052406311,3.680716000601883,14.898272514343262
B,14,20,real_diff_in_helix_subspace,200,0.1599999964237213,0.5099999904632568,-5.012809753417969,-2.5150535106658936,3.9141365457864183,14.898272514343262
B,14,20,full_swap,200,0.9599999785423279,0.0,-0.8666535019874573,-6.804383277893066,7.9433183670043945,14.898272514343262
B,15,20,helix,200,0.044999998062849045,0.6549999713897705,-5.5146331787109375,-1.9238646030426025,4.068402494342579,16.088363647460938
B,15,20,only_T2,200,0.0,0.9950000047683716,-8.300259590148926,-0.6637759804725647,0.0,16.088363647460938
B,15,20,only_T5,200,0.0,0.9950000047683716,-8.300259590148926,-0.6637759804725647,4.7482805282980174e-15,16.088363647460938
B,15,20,only_T10,200,0.0,0.9950000047683716,-8.300259590148926,-0.6637759804725647,2.5285131629637504e-15,16.088363647460938
B,15,20,only_T100,200,0.03500000014901161,0.75,-6.590517520904541,-1.5984954833984375,3.587416225530134,16.088363647460938
B,15,20,only_lin,200,0.009999999776482582,0.8899999856948853,-7.1763129234313965,-1.0256918668746948,2.5979760421278444,16.088363647460938
B,15,20,random_orth,200,0.0,1.0,-8.289779663085938,-0.6788657903671265,4.068402494342579,16.088363647460938
B,15,20,real_diff_in_helix_subspace,200,0.11999999731779099,0.5649999976158142,-5.157732963562012,-2.296018362045288,4.2289963313910075,16.088363647460938
B,15,20,full_swap,200,0.9399999976158142,0.004999999888241291,-0.9301183819770813,-6.584573268890381,8.348414421081543,16.088363647460938
B,16,20,helix,200,0.07999999821186066,0.6299999952316284,-5.409505367279053,-2.0231802463531494,4.890158871565684,17.862163543701172
B,16,20,only_T2,200,0.0,0.9950000047683716,-8.300259590148926,-0.6637759804725647,0.0,17.862163543701172
B,16,20,only_T5,200,0.0,0.9950000047683716,-8.300259590148926,-0.6637759804725647,5.876206557079474e-15,17.862163543701172
B,16,20,only_T10,200,0.0,0.9950000047683716,-8.300259590148926,-0.6637759804725647,3.120727049732029e-15,17.862163543701172
B,16,20,only_T100,200,0.03999999910593033,0.7249999642372131,-6.470264911651611,-1.8035314083099365,4.435027666439861,17.862163543701172
B,16,20,only_lin,200,0.009999999776482582,0.824999988079071,-6.973953723907471,-1.1614621877670288,3.06377040873205,17.862163543701172
B,16,20,random_orth,200,0.0,0.9899999499320984,-8.277831077575684,-0.6839383840560913,4.890158871565684,17.862163543701172
B,16,20,real_diff_in_helix_subspace,200,0.14000000059604645,0.48499998450279236,-4.984975337982178,-2.539973258972168,5.137620645177874,17.862163543701172
B,16,20,full_swap,200,0.9249999523162842,0.014999999664723873,-0.9558221101760864,-6.502114772796631,9.944219589233398,17.862163543701172
B,17,20,helix,200,0.03500000014901161,0.7799999713897705,-6.118058204650879,-1.555174708366394,5.109095073979496,19.474227905273438
B,17,20,only_T2,200,0.0,0.9950000047683716,-8.300259590148926,-0.6637759804725647,0.0,19.474227905273438
B,17,20,only_T5,200,0.0,0.9950000047683716,-8.300259590148926,-0.6637759804725647,6.093502181956385e-15,19.474227905273438
B,17,20,only_T10,200,0.0,0.9950000047683716,-8.300259590148926,-0.6637759804725647,3.271414631514927e-15,19.474227905273438
B,17,20,only_T100,200,0.019999999552965164,0.7999999523162842,-6.959367752075195,-1.4388363361358643,4.678291728750475,19.474227905273438
B,17,20,only_lin,200,0.009999999776482582,0.875,-7.220458984375,-1.0177892446517944,3.1634866290649746,19.474227905273438
B,17,20,random_orth,200,0.0,1.0,-8.305403709411621,-0.6759365200996399,5.109095073979497,19.474227905273438
B,17,20,real_diff_in_helix_subspace,200,0.044999998062849045,0.6499999761581421,-5.745169162750244,-1.880730390548706,5.3844220831591585,19.474227905273438
B,17,20,full_swap,200,0.7599999904632568,0.06499999761581421,-1.4892913103103638,-5.52696418762207,10.432583808898926,19.474227905273438
B,18,20,helix,200,0.009999999776482582,0.8700000047683716,-7.198111534118652,-1.1586402654647827,5.252007481391106,20.54312515258789
B,18,20,only_T2,200,0.0,0.9950000047683716,-8.300259590148926,-0.6637759804725647,0.0,20.54312515258789
B,18,20,only_T5,200,0.0,0.9950000047683716,-8.300259590148926,-0.6637759804725647,6.362161591545834e-15,20.54312515258789
B,18,20,only_T10,200,0.0,0.9950000047683716,-8.300259590148926,-0.6637759804725647,3.3557576468296776e-15,20.54312515258789
B,18,20,only_T100,200,0.004999999888241291,0.8849999904632568,-7.605297565460205,-1.0420335531234741,4.845254562819568,20.54312515258789
B,18,20,only_lin,200,0.009999999776482582,0.949999988079071,-7.665068626403809,-0.8461759090423584,3.2421435457287995,20.54312515258789
B,18,20,random_orth,200,0.0,0.9899999499320984,-8.296987533569336,-0.668217122554779,5.252007481391106,20.54312515258789
B,18,20,real_diff_in_helix_subspace,200,0.009999999776482582,0.8399999737739563,-7.121561527252197,-1.1884773969650269,5.550990027601524,20.54312515258789
B,18,20,full_swap,200,0.2750000059604645,0.42499998211860657,-4.4717864990234375,-3.4262263774871826,10.864599227905273,20.54312515258789
B,19,20,helix,200,0.004999999888241291,0.98499995470047,-7.822074890136719,-0.7159866094589233,5.5729252965046205,22.547712326049805
B,19,20,only_T2,200,0.0,0.9950000047683716,-8.300259590148926,-0.6637759804725647,0.0,22.547712326049805
B,19,20,only_T5,200,0.0,0.9950000047683716,-8.300259590148926,-0.6637759804725647,6.777759898083319e-15,22.547712326049805
B,19,20,only_T10,200,0.0,0.9950000047683716,-8.300259590148926,-0.6637759804725647,3.5476648113883018e-15,22.547712326049805
B,19,20,only_T100,200,0.0,0.98499995470047,-8.099264144897461,-0.6827565431594849,5.072691658566365,22.547712326049805
B,19,20,only_lin,200,0.0,0.9950000047683716,-7.989747047424316,-0.7081782221794128,3.522727010276425,22.547712326049805
B,19,20,random_orth,200,0.0,1.0,-8.30239486694336,-0.6669285297393799,5.572925296504619,22.547712326049805
B,19,20,real_diff_in_helix_subspace,200,0.0,0.9950000047683716,-7.829402923583984,-0.7035114765167236,5.856727033119712,22.547712326049805
B,19,20,full_swap,200,0.004999999888241291,0.9099999666213989,-6.941897869110107,-1.0220507383346558,11.423620223999023,22.547712326049805
B,20,20,helix,200,0.004999999888241291,0.98499995470047,-7.82059907913208,-0.726034939289093,5.83312549648184,23.556255340576172
B,20,20,only_T2,200,0.0,0.9950000047683716,-8.300259590148926,-0.6637759804725647,0.0,23.556255340576172
B,20,20,only_T5,200,0.0,0.9950000047683716,-8.300259590148926,-0.6637759804725647,7.156826803125523e-15,23.556255340576172
B,20,20,only_T10,200,0.0,0.9950000047683716,-8.300259590148926,-0.6637759804725647,3.7133726252359e-15,23.556255340576172
B,20,20,only_T100,200,0.0,0.98499995470047,-8.090727806091309,-0.6844567656517029,5.328538750929292,23.556255340576172
B,20,20,only_lin,200,0.0,0.9950000047683716,-7.995794296264648,-0.7160026431083679,3.6760347173738173,23.556255340576172
B,20,20,random_orth,200,0.0,1.0,-8.290745735168457,-0.6668900847434998,5.833125496481839,23.556255340576172
B,20,20,real_diff_in_helix_subspace,200,0.0,0.9899999499320984,-7.828305721282959,-0.7067421078681946,6.119260728521353,23.556255340576172
B,20,20,full_swap,200,0.004999999888241291,0.9149999618530273,-6.954648494720459,-1.0267070531845093,11.915461540222168,23.556255340576172
B,21,20,helix,200,0.0,0.9899999499320984,-8.068780899047852,-0.6718643307685852,6.126479526609467,24.9918155670166
B,21,20,only_T2,200,0.0,0.9950000047683716,-8.300259590148926,-0.6637759804725647,0.0,24.9918155670166
B,21,20,only_T5,200,0.0,0.9950000047683716,-8.300259590148926,-0.6637759804725647,7.304006275965626e-15,24.9918155670166
B,21,20,only_T10,200,0.0,0.9950000047683716,-8.300259590148926,-0.6637759804725647,3.806974602996157e-15,24.9918155670166
B,21,20,only_T100,200,0.0,0.9899999499320984,-8.181102752685547,-0.6581549048423767,5.571909261126644,24.9918155670166
B,21,20,only_lin,200,0.0,1.0,-8.201713562011719,-0.6803464889526367,3.8207353726727935,24.9918155670166
B,21,20,random_orth,200,0.0,0.9950000047683716,-8.301816940307617,-0.6672000885009766,6.126479526609467,24.9918155670166
B,21,20,real_diff_in_helix_subspace,200,0.0,0.9950000047683716,-8.085433959960938,-0.666921079158783,6.419369795315272,24.9918155670166
B,21,20,full_swap,200,0.0,0.9950000047683716,-7.83834981918335,-0.729874849319458,12.38998031616211,24.9918155670166
B,22,20,helix,200,0.0,0.9950000047683716,-8.053836822509766,-0.6681288480758667,6.348412596901531,27.816877365112305
B,22,20,only_T2,200,0.0,0.9950000047683716,-8.300259590148926,-0.6637759804725647,0.0,27.816877365112305
B,22,20,only_T5,200,0.0,0.9950000047683716,-8.300259590148926,-0.6637759804725647,7.548458008309757e-15,27.816877365112305
B,22,20,only_T10,200,0.0,0.9950000047683716,-8.300259590148926,-0.6637759804725647,3.9495352935738514e-15,27.816877365112305
B,22,20,only_T100,200,0.0,0.9899999499320984,-8.17591667175293,-0.660703718662262,5.7888043493581325,27.816877365112305
B,22,20,only_lin,200,0.0,1.0,-8.194326400756836,-0.6733478903770447,3.9824563606757772,27.816877365112305
B,22,20,random_orth,200,0.0,0.9950000047683716,-8.303790092468262,-0.6658881306648254,6.348412596901531,27.816877365112305
B,22,20,real_diff_in_helix_subspace,200,0.0,0.9950000047683716,-8.075441360473633,-0.663748025894165,6.648106676582386,27.816877365112305
B,22,20,full_swap,200,0.0,0.98499995470047,-7.828878402709961,-0.7324120998382568,12.883522987365723,27.816877365112305
B,23,20,helix,200,0.0,0.9950000047683716,-8.247152328491211,-0.6709973216056824,6.632810579114305,29.635053634643555
B,23,20,only_T2,200,0.0,0.9950000047683716,-8.300259590148926,-0.6637759804725647,0.0,29.635053634643555
B,23,20,only_T5,200,0.0,0.9950000047683716,-8.300259590148926,-0.6637759804725647,7.88319333720632e-15,29.635053634643555
B,23,20,only_T10,200,0.0,0.9950000047683716,-8.300259590148926,-0.6637759804725647,4.118659458356613e-15,29.635053634643555
B,23,20,only_T100,200,0.0,0.9950000047683716,-8.299067497253418,-0.6594189405441284,6.002623665226926,29.635053634643555
B,23,20,only_lin,200,0.0,0.9950000047683716,-8.24761962890625,-0.6772953867912292,4.191478161451429,29.635053634643555
B,23,20,random_orth,200,0.0,0.9950000047683716,-8.298998832702637,-0.665109395980835,6.632810579114305,29.635053634643555
B,23,20,real_diff_in_helix_subspace,200,0.0,0.9950000047683716,-8.257842063903809,-0.6689260601997375,6.925262751303252,29.635053634643555
B,23,20,full_swap,200,0.0,0.9950000047683716,-8.188278198242188,-0.6915754079818726,13.484033584594727,29.635053634643555
B,24,20,helix,200,0.0,0.9950000047683716,-8.24234676361084,-0.6708940267562866,6.8551446173685235,31.280466079711914
B,24,20,only_T2,200,0.0,0.9950000047683716,-8.300259590148926,-0.6637759804725647,0.0,31.280466079711914
B,24,20,only_T5,200,0.0,0.9950000047683716,-8.300259590148926,-0.6637759804725647,8.197300253524647e-15,31.280466079711914
B,24,20,only_T10,200,0.0,0.9950000047683716,-8.300259590148926,-0.6637759804725647,4.267068195050155e-15,31.280466079711914
B,24,20,only_T100,200,0.0,0.9950000047683716,-8.287371635437012,-0.6588336229324341,6.190626315210977,31.280466079711914
B,24,20,only_lin,200,0.0,0.9950000047683716,-8.25914192199707,-0.6739041209220886,4.351340358197184,31.280466079711914
B,24,20,random_orth,200,0.0,0.9950000047683716,-8.300909042358398,-0.6636629104614258,6.8551446173685235,31.280466079711914
B,24,20,real_diff_in_helix_subspace,200,0.0,0.9950000047683716,-8.243896484375,-0.6701802015304565,7.1488376160345535,31.280466079711914
B,24,20,full_swap,200,0.0,1.0,-8.209203720092773,-0.6699609756469727,13.997370719909668,31.280466079711914
B,25,20,helix,200,0.0,0.9950000047683716,-8.243831634521484,-0.670842707157135,7.131938357741567,34.19607925415039
B,25,20,only_T2,200,0.0,0.9950000047683716,-8.300259590148926,-0.6637759804725647,0.0,34.19607925415039
B,25,20,only_T5,200,0.0,0.9950000047683716,-8.300259590148926,-0.6637759804725647,8.493299600428149e-15,34.19607925415039
B,25,20,only_T10,200,0.0,0.9950000047683716,-8.300259590148926,-0.6637759804725647,4.432290601846712e-15,34.19607925415039
B,25,20,only_T100,200,0.0,0.9950000047683716,-8.289138793945312,-0.6599919199943542,6.432885901592938,34.19607925415039
B,25,20,only_lin,200,0.0,0.9950000047683716,-8.25920581817627,-0.6740507483482361,4.531715990741887,34.19607925415039
B,25,20,random_orth,200,0.0,0.9950000047683716,-8.29952621459961,-0.6670061945915222,7.131938357741567,34.19607925415039
B,25,20,real_diff_in_helix_subspace,200,0.0,0.9950000047683716,-8.243414878845215,-0.6702604293823242,7.4556749202810355,34.19607925415039
B,25,20,full_swap,200,0.0,1.0,-8.2109375,-0.6701790690422058,14.651061058044434,34.19607925415039
B,26,20,helix,200,0.0,0.9950000047683716,-8.25149917602539,-0.6663330793380737,7.371680977771448,36.568382263183594
B,26,20,only_T2,200,0.0,0.9950000047683716,-8.300259590148926,-0.6637759804725647,0.0,36.568382263183594
B,26,20,only_T5,200,0.0,0.9950000047683716,-8.300259590148926,-0.6637759804725647,8.817819331809736e-15,36.568382263183594
B,26,20,only_T10,200,0.0,0.9950000047683716,-8.300259590148926,-0.6637759804725647,4.585931749670965e-15,36.568382263183594
B,26,20,only_T100,200,0.0,0.9950000047683716,-8.289510726928711,-0.6621208190917969,6.628461155347254,36.568382263183594
B,26,20,only_lin,200,0.0,0.9950000047683716,-8.264618873596191,-0.6685056686401367,4.725297176323932,36.568382263183594
B,26,20,random_orth,200,0.0,0.9950000047683716,-8.298099517822266,-0.6657317876815796,7.371680977771448,36.568382263183594
B,26,20,real_diff_in_helix_subspace,200,0.0,0.9950000047683716,-8.249469757080078,-0.6664332151412964,7.695012565305193,36.568382263183594
B,26,20,full_swap,200,0.0,1.0,-8.219489097595215,-0.6688734889030457,15.195674896240234,36.568382263183594
B,27,20,helix,200,0.0,0.9950000047683716,-8.267455101013184,-0.6633237600326538,7.660383863605944,39.255496978759766
B,27,20,only_T2,200,0.0,0.9950000047683716,-8.300259590148926,-0.6637759804725647,0.0,39.255496978759766
B,27,20,only_T5,200,0.0,0.9950000047683716,-8.300259590148926,-0.6637759804725647,9.072474720251079e-15,39.255496978759766
B,27,20,only_T10,200,0.0,0.9950000047683716,-8.300259590148926,-0.6637759804725647,4.749527971261271e-15,39.255496978759766
B,27,20,only_T100,200,0.0,0.9950000047683716,-8.29682445526123,-0.6605568528175354,6.860769306540037,39.255496978759766
B,27,20,only_lin,200,0.0,0.9950000047683716,-8.274785995483398,-0.6668879389762878,4.9043200643766625,39.255496978759766
B,27,20,random_orth,200,0.0,0.9950000047683716,-8.298575401306152,-0.6658445596694946,7.6603838636059445,39.255496978759766
B,27,20,real_diff_in_helix_subspace,200,0.0,0.9950000047683716,-8.26657772064209,-0.6640459895133972,7.9790559606069404,39.255496978759766
B,27,20,full_swap,200,0.0,1.0,-8.24877643585205,-0.6643186807632446,15.7286958694458,39.255496978759766
B,28,20,helix,200,0.0,0.9950000047683716,-8.267541885375977,-0.6634941697120667,7.9224267645204085,42.04315948486328
B,28,20,only_T2,200,0.0,0.9950000047683716,-8.300259590148926,-0.6637759804725647,0.0,42.04315948486328
B,28,20,only_T5,200,0.0,0.9950000047683716,-8.300259590148926,-0.6637759804725647,9.367867480327433e-15,42.04315948486328
B,28,20,only_T10,200,0.0,0.9950000047683716,-8.300259590148926,-0.6637759804725647,4.927320254637488e-15,42.04315948486328
B,28,20,only_T100,200,0.0,0.9950000047683716,-8.286757469177246,-0.6627477407455444,7.081845927356734,42.04315948486328
B,28,20,only_lin,200,0.0,0.9950000047683716,-8.284996032714844,-0.6649705171585083,5.087262638332393,42.04315948486328
B,28,20,random_orth,200,0.0,0.9950000047683716,-8.300525665283203,-0.6642587184906006,7.922426764520408,42.04315948486328
B,28,20,real_diff_in_helix_subspace,200,0.0,0.9950000047683716,-8.267716407775879,-0.6639612913131714,8.257286177918902,42.04315948486328
B,28,20,full_swap,200,0.0,1.0,-8.24920654296875,-0.6646739840507507,16.342947006225586,42.04315948486328
B,29,20,helix,200,0.0,0.9950000047683716,-8.272683143615723,-0.6577544808387756,8.237703709425785,45.6627197265625
B,29,20,only_T2,200,0.0,0.9950000047683716,-8.300259590148926,-0.6637759804725647,0.0,45.6627197265625
B,29,20,only_T5,200,0.0,0.9950000047683716,-8.300259590148926,-0.6637759804725647,9.597368719361821e-15,45.6627197265625
B,29,20,only_T10,200,0.0,0.9950000047683716,-8.300259590148926,-0.6637759804725647,5.101732584628175e-15,45.6627197265625
B,29,20,only_T100,200,0.0,0.9950000047683716,-8.28308391571045,-0.6626931428909302,7.3551809647450614,45.6627197265625
B,29,20,only_lin,200,0.0,0.9950000047683716,-8.29421615600586,-0.6585163474082947,5.2999925506585965,45.6627197265625
B,29,20,random_orth,200,0.0,0.9950000047683716,-8.299640655517578,-0.6636976003646851,8.237703709425785,45.6627197265625
B,29,20,real_diff_in_helix_subspace,200,0.0,0.9950000047683716,-8.271309852600098,-0.6591875553131104,8.616464251299144,45.6627197265625
B,29,20,full_swap,200,0.0,0.9950000047683716,-8.254998207092285,-0.660656750202179,17.04083251953125,45.6627197265625
B,30,20,helix,200,0.0,0.9950000047683716,-8.28427791595459,-0.6621658802032471,8.596747159390615,57.26224136352539
B,30,20,only_T2,200,0.0,0.9950000047683716,-8.300259590148926,-0.6637759804725647,0.0,57.26224136352539
B,30,20,only_T5,200,0.0,0.9950000047683716,-8.300259590148926,-0.6637759804725647,9.894983386879749e-15,57.26224136352539
B,30,20,only_T10,200,0.0,0.9950000047683716,-8.300259590148926,-0.6637759804725647,5.297002047087804e-15,57.26224136352539
B,30,20,only_T100,200,0.0,0.9950000047683716,-8.288379669189453,-0.6648221611976624,7.67002078290702,57.26224136352539
B,30,20,only_lin,200,0.0,0.9950000047683716,-8.29782485961914,-0.6610854268074036,5.51857492181098,57.26224136352539
B,30,20,random_orth,200,0.0,0.9950000047683716,-8.302056312561035,-0.6636605858802795,8.596747159390615,57.26224136352539
B,30,20,real_diff_in_helix_subspace,200,0.0,0.9950000047683716,-8.281755447387695,-0.6635206341743469,9.040106977258548,57.26224136352539
B,30,20,full_swap,200,0.0,0.9950000047683716,-8.277382850646973,-0.6646274924278259,17.879257202148438,57.26224136352539
B,31,20,helix,200,0.0,0.9950000047683716,-8.300259590148926,-0.6637759804725647,9.100671878738572,77.0615463256836
B,31,20,only_T2,200,0.0,0.9950000047683716,-8.300259590148926,-0.6637759804725647,0.0,77.0615463256836
B,31,20,only_T5,200,0.0,0.9950000047683716,-8.300259590148926,-0.6637759804725647,1.0482550501428534e-14,77.0615463256836
B,31,20,only_T10,200,0.0,0.9950000047683716,-8.300259590148926,-0.6637759804725647,5.59900103673578e-15,77.0615463256836
B,31,20,only_T100,200,0.0,0.9950000047683716,-8.300259590148926,-0.6637759804725647,8.111708546908137,77.0615463256836
B,31,20,only_lin,200,0.0,0.9950000047683716,-8.300259590148926,-0.6637759804725647,5.8393722161763435,77.0615463256836
B,31,20,random_orth,200,0.0,0.9950000047683716,-8.300259590148926,-0.6637759804725647,9.100671878738572,77.0615463256836
B,31,20,real_diff_in_helix_subspace,200,0.0,0.9950000047683716,-8.300259590148926,-0.6637759804725647,9.630036381739817,77.0615463256836
B,31,20,full_swap,200,0.0,0.9950000047683716,-8.300259590148926,-0.6637759804725647,19.008808135986328,77.0615463256836
