slot,layer,delta,cond,n,success,stay,lp_target,lp_orig,edit_norm,state_norm
A,0,-20,helix,200,0.16499999165534973,0.29499998688697815,-3.5855629444122314,-2.6002166271209717,2.5082670891090815,7.681579113006592
A,0,-20,only_T2,200,0.0,0.9950000047683716,-6.308243274688721,-0.7334579825401306,0.0,7.681579113006592
A,0,-20,only_T5,200,0.0,0.9950000047683716,-6.308243274688721,-0.7334579825401306,4.390619215803636e-15,7.681579113006592
A,0,-20,only_T10,200,0.0,0.9950000047683716,-6.308243274688721,-0.7334579825401306,2.1825286527836064e-15,7.681579113006592
A,0,-20,only_T100,200,0.09999999403953552,0.47999998927116394,-4.095691680908203,-1.7411795854568481,2.353881216958586,7.681579113006592
A,0,-20,only_lin,200,0.02499999850988388,0.6399999856948853,-5.324166774749756,-1.19448721408844,1.2361382640194032,7.681579113006592
A,0,-20,random_orth,200,0.004999999888241291,0.9599999785423279,-6.293479919433594,-0.7177976965904236,2.5082670891090824,7.681579113006592
A,0,-20,real_diff_in_helix_subspace,200,0.12999999523162842,0.2800000011920929,-3.8760898113250732,-2.824706554412842,2.495766011559088,7.681579113006592
A,0,-20,full_swap,200,0.6599999666213989,0.004999999888241291,-1.2123792171478271,-6.924382209777832,6.633305072784424,7.681579113006592
A,1,-20,helix,200,0.125,0.3100000023841858,-3.7870290279388428,-2.6282296180725098,2.821329952158428,8.336067199707031
A,1,-20,only_T2,200,0.0,0.9950000047683716,-6.308243274688721,-0.7334579825401306,0.0,8.336067199707031
A,1,-20,only_T5,200,0.0,0.9950000047683716,-6.308243274688721,-0.7334579825401306,4.679877515559276e-15,8.336067199707031
A,1,-20,only_T10,200,0.0,0.9950000047683716,-6.308243274688721,-0.7334579825401306,2.3439537653770123e-15,8.336067199707031
A,1,-20,only_T100,200,0.09999999403953552,0.5149999856948853,-4.254246711730957,-1.652881145477295,2.6118219480601863,8.336067199707031
A,1,-20,only_lin,200,0.044999998062849045,0.5600000023841858,-5.272159099578857,-1.3871182203292847,1.4723902180515478,8.336067199707031
A,1,-20,random_orth,200,0.004999999888241291,0.9399999976158142,-6.303421497344971,-0.7144113779067993,2.821329952158428,8.336067199707031
A,1,-20,real_diff_in_helix_subspace,200,0.125,0.25999999046325684,-3.9618358612060547,-2.845003604888916,2.8272179796471715,8.336067199707031
A,1,-20,full_swap,200,0.6699999570846558,0.014999999664723873,-1.2432973384857178,-6.698790073394775,7.15093994140625,8.336067199707031
A,2,-20,helix,200,0.125,0.3050000071525574,-3.8054311275482178,-2.5800728797912598,3.392675215963055,10.995006561279297
A,2,-20,only_T2,200,0.0,0.9950000047683716,-6.308243274688721,-0.7334579825401306,0.0,10.995006561279297
A,2,-20,only_T5,200,0.0,0.9950000047683716,-6.308243274688721,-0.7334579825401306,5.457662735056321e-15,10.995006561279297
A,2,-20,only_T10,200,0.0,0.9950000047683716,-6.308243274688721,-0.7334579825401306,2.728864364803121e-15,10.995006561279297
A,2,-20,only_T100,200,0.0949999988079071,0.5299999713897705,-4.269093990325928,-1.6223089694976807,3.1282045443340065,10.995006561279297
A,2,-20,only_lin,200,0.044999998062849045,0.5699999928474426,-5.282122611999512,-1.3988358974456787,1.8085091887471243,10.995006561279297
A,2,-20,random_orth,200,0.0,0.949999988079071,-6.31358003616333,-0.7185985445976257,3.392675215963056,10.995006561279297
A,2,-20,real_diff_in_helix_subspace,200,0.13499999046325684,0.2800000011920929,-3.935730457305908,-2.7739927768707275,3.4348011013551774,10.995006561279297
A,2,-20,full_swap,200,0.6499999761581421,0.019999999552965164,-1.2816412448883057,-6.594241142272949,8.245770454406738,10.995006561279297
A,3,-20,helix,200,0.13499999046325684,0.3050000071525574,-3.77841854095459,-2.503904104232788,4.101488001453758,13.428326606750488
A,3,-20,only_T2,200,0.0,0.9950000047683716,-6.308243274688721,-0.7334579825401306,0.0,13.428326606750488
A,3,-20,only_T5,200,0.0,0.9950000047683716,-6.308243274688721,-0.7334579825401306,6.6499575924953754e-15,13.428326606750488
A,3,-20,only_T10,200,0.0,0.9950000047683716,-6.308243274688721,-0.7334579825401306,3.249545372843859e-15,13.428326606750488
A,3,-20,only_T100,200,0.08500000089406967,0.5249999761581421,-4.265143871307373,-1.627862811088562,3.7817491797610274,13.428326606750488
A,3,-20,only_lin,200,0.03999999910593033,0.6299999952316284,-5.322017669677734,-1.2611517906188965,2.152705004567942,13.428326606750488
A,3,-20,random_orth,200,0.0,0.9300000071525574,-6.281215190887451,-0.7290113568305969,4.101488001453758,13.428326606750488
A,3,-20,real_diff_in_helix_subspace,200,0.14000000059604645,0.28999999165534973,-3.8560545444488525,-2.6400365829467773,4.16820698794537,13.428326606750488
A,3,-20,full_swap,200,0.6649999618530273,0.019999999552965164,-1.2718151807785034,-6.542099475860596,9.675843238830566,13.428326606750488
A,4,-20,helix,200,0.13499999046325684,0.3449999988079071,-3.9292943477630615,-2.3473546504974365,4.7458298222939295,16.404251098632812
A,4,-20,only_T2,200,0.0,0.9950000047683716,-6.308243274688721,-0.7334579825401306,0.0,16.404251098632812
A,4,-20,only_T5,200,0.0,0.9950000047683716,-6.308243274688721,-0.7334579825401306,7.371544070874338e-15,16.404251098632812
A,4,-20,only_T10,200,0.0,0.9950000047683716,-6.308243274688721,-0.7334579825401306,3.569139112230829e-15,16.404251098632812
A,4,-20,only_T100,200,0.07000000029802322,0.550000011920929,-4.3799285888671875,-1.5699732303619385,4.316820526286027,16.404251098632812
A,4,-20,only_lin,200,0.044999998062849045,0.6699999570846558,-5.394333839416504,-1.2170045375823975,2.558198167386984,16.404251098632812
A,4,-20,random_orth,200,0.0,0.9300000071525574,-6.307090759277344,-0.7500135898590088,4.745829822293929,16.404251098632812
A,4,-20,real_diff_in_helix_subspace,200,0.11499999463558197,0.3400000035762787,-3.978739023208618,-2.467280626296997,4.803403485663241,16.404251098632812
A,4,-20,full_swap,200,0.5899999737739563,0.054999999701976776,-1.4770832061767578,-6.1545867919921875,10.917183876037598,16.404251098632812
A,5,-20,helix,200,0.11499999463558197,0.3499999940395355,-3.969878673553467,-2.295300245285034,5.503232454544486,19.494739532470703
A,5,-20,only_T2,200,0.0,0.9950000047683716,-6.308243274688721,-0.7334579825401306,0.0,19.494739532470703
A,5,-20,only_T5,200,0.0,0.9950000047683716,-6.308243274688721,-0.7334579825401306,8.87294559074957e-15,19.494739532470703
A,5,-20,only_T10,200,0.0,0.9950000047683716,-6.308243274688721,-0.7334579825401306,4.001478115509355e-15,19.494739532470703
A,5,-20,only_T100,200,0.06499999761581421,0.550000011920929,-4.418846130371094,-1.5459667444229126,4.975647932229446,19.494739532470703
A,5,-20,only_lin,200,0.044999998062849045,0.6649999618530273,-5.414390563964844,-1.2151001691818237,2.951924317717822,19.494739532470703
A,5,-20,random_orth,200,0.0,0.9549999833106995,-6.325549602508545,-0.7497020363807678,5.503232454544486,19.494739532470703
A,5,-20,real_diff_in_helix_subspace,200,0.125,0.3199999928474426,-3.9863839149475098,-2.4718213081359863,5.69556275637884,19.494739532470703
A,5,-20,full_swap,200,0.5649999976158142,0.06499999761581421,-1.5783990621566772,-5.967123985290527,12.667830467224121,19.494739532470703
A,6,-20,helix,200,0.11499999463558197,0.38999998569488525,-4.031023979187012,-2.1764001846313477,6.2245523439575665,22.559843063354492
A,6,-20,only_T2,200,0.0,0.9950000047683716,-6.308243274688721,-0.7334579825401306,0.0,22.559843063354492
A,6,-20,only_T5,200,0.0,0.9950000047683716,-6.308243274688721,-0.7334579825401306,1.0306020248370208e-14,22.559843063354492
A,6,-20,only_T10,200,0.0,0.9950000047683716,-6.308243274688721,-0.7334579825401306,4.446780888816674e-15,22.559843063354492
A,6,-20,only_T100,200,0.07000000029802322,0.5699999928474426,-4.489171028137207,-1.490460753440857,5.6164088135081185,22.559843063354492
A,6,-20,only_lin,200,0.03999999910593033,0.6949999928474426,-5.425995826721191,-1.175148606300354,3.309093690002292,22.559843063354492
A,6,-20,random_orth,200,0.0,0.9199999570846558,-6.3779778480529785,-0.7564563751220703,6.2245523439575665,22.559843063354492
A,6,-20,real_diff_in_helix_subspace,200,0.10999999940395355,0.3449999988079071,-4.047659397125244,-2.4205451011657715,6.594006144724729,22.559843063354492
A,6,-20,full_swap,200,0.550000011920929,0.08999999612569809,-1.7007825374603271,-5.792845249176025,14.194327354431152,22.559843063354492
A,7,-20,helix,200,0.10499999672174454,0.41999998688697815,-4.0765299797058105,-2.059675455093384,6.697163243885534,24.477357864379883
A,7,-20,only_T2,200,0.0,0.9950000047683716,-6.308243274688721,-0.7334579825401306,0.0,24.477357864379883
A,7,-20,only_T5,200,0.0,0.9950000047683716,-6.308243274688721,-0.7334579825401306,1.1169205144608132e-14,24.477357864379883
A,7,-20,only_T10,200,0.0,0.9950000047683716,-6.308243274688721,-0.7334579825401306,4.761489783661078e-15,24.477357864379883
A,7,-20,only_T100,200,0.06499999761581421,0.5849999785423279,-4.5526885986328125,-1.4527056217193604,6.020291785986561,24.477357864379883
A,7,-20,only_lin,200,0.03500000014901161,0.7249999642372131,-5.461504936218262,-1.1218478679656982,3.6212593348464073,24.477357864379883
A,7,-20,random_orth,200,0.0,0.9399999976158142,-6.320781230926514,-0.7603209018707275,6.697163243885534,24.477357864379883
A,7,-20,real_diff_in_helix_subspace,200,0.09999999403953552,0.3700000047683716,-4.106018543243408,-2.3626246452331543,7.214012707108985,24.477357864379883
A,7,-20,full_swap,200,0.5199999809265137,0.10499999672174454,-1.8360742330551147,-5.62324857711792,15.363700866699219,24.477357864379883
A,8,-20,helix,200,0.10999999940395355,0.42499998211860657,-4.109467506408691,-2.010251998901367,7.0220798694733135,26.961078643798828
A,8,-20,only_T2,200,0.0,0.9950000047683716,-6.308243274688721,-0.7334579825401306,0.0,26.961078643798828
A,8,-20,only_T5,200,0.0,0.9950000047683716,-6.308243274688721,-0.7334579825401306,1.1894838402518934e-14,26.961078643798828
A,8,-20,only_T10,200,0.0,0.9950000047683716,-6.308243274688721,-0.7334579825401306,5.040445639336037e-15,26.961078643798828
A,8,-20,only_T100,200,0.06499999761581421,0.5899999737739563,-4.572603225708008,-1.4380251169204712,6.293530482075705,26.961078643798828
A,8,-20,only_lin,200,0.029999999329447746,0.7400000095367432,-5.480802059173584,-1.0883574485778809,3.8231598108261067,26.961078643798828
A,8,-20,random_orth,200,0.0,0.9549999833106995,-6.306723594665527,-0.7430112361907959,7.0220798694733135,26.961078643798828
A,8,-20,real_diff_in_helix_subspace,200,0.10499999672174454,0.35999998450279236,-4.163161754608154,-2.3507745265960693,7.624956960413375,26.961078643798828
A,8,-20,full_swap,200,0.5149999856948853,0.10499999672174454,-1.8496108055114746,-5.5904998779296875,16.168968200683594,26.961078643798828
A,9,-20,helix,200,0.10999999940395355,0.42499998211860657,-4.122062683105469,-2.02559494972229,7.641851695342464,29.902517318725586
A,9,-20,only_T2,200,0.0,0.9950000047683716,-6.308243274688721,-0.7334579825401306,0.0,29.902517318725586
A,9,-20,only_T5,200,0.0,0.9950000047683716,-6.308243274688721,-0.7334579825401306,1.294152657220642e-14,29.902517318725586
A,9,-20,only_T10,200,0.0,0.9950000047683716,-6.308243274688721,-0.7334579825401306,5.5276044499459766e-15,29.902517318725586
A,9,-20,only_T100,200,0.06499999761581421,0.5849999785423279,-4.58082389831543,-1.4510424137115479,6.849080629280781,29.902517318725586
A,9,-20,only_lin,200,0.029999999329447746,0.7450000047683716,-5.483178615570068,-1.0855093002319336,4.151174158504329,29.902517318725586
A,9,-20,random_orth,200,0.004999999888241291,0.949999988079071,-6.291497707366943,-0.7657611966133118,7.641851695342464,29.902517318725586
A,9,-20,real_diff_in_helix_subspace,200,0.09999999403953552,0.35999998450279236,-4.194146156311035,-2.3893496990203857,8.371588252195197,29.902517318725586
A,9,-20,full_swap,200,0.5249999761581421,0.10999999940395355,-1.835076093673706,-5.605325698852539,17.64080238342285,29.902517318725586
A,10,-20,helix,200,0.11499999463558197,0.42499998211860657,-4.12760066986084,-2.0199484825134277,8.31197729421527,32.423885345458984
A,10,-20,only_T2,200,0.0,0.9950000047683716,-6.308243274688721,-0.7334579825401306,0.0,32.423885345458984
A,10,-20,only_T5,200,0.0,0.9950000047683716,-6.308243274688721,-0.7334579825401306,1.4248589984081832e-14,32.423885345458984
A,10,-20,only_T10,200,0.0,0.9950000047683716,-6.308243274688721,-0.7334579825401306,6.167304547423139e-15,32.423885345458984
A,10,-20,only_T100,200,0.06499999761581421,0.5949999690055847,-4.581499099731445,-1.4509716033935547,7.433183839251941,32.423885345458984
A,10,-20,only_lin,200,0.029999999329447746,0.7400000095367432,-5.502370357513428,-1.0859334468841553,4.500344645428611,32.423885345458984
A,10,-20,random_orth,200,0.004999999888241291,0.9350000023841858,-6.332081317901611,-0.7769771218299866,8.311977294215271,32.423885345458984
A,10,-20,real_diff_in_helix_subspace,200,0.10999999940395355,0.35999998450279236,-4.182870388031006,-2.399298667907715,9.111285659521736,32.423885345458984
A,10,-20,full_swap,200,0.5199999809265137,0.10999999940395355,-1.8494728803634644,-5.609886169433594,19.334875106811523,32.423885345458984
A,11,-20,helix,200,0.10499999672174454,0.4449999928474426,-4.266138076782227,-1.8470358848571777,9.083156340247625,35.411556243896484
A,11,-20,only_T2,200,0.0,0.9950000047683716,-6.308243274688721,-0.7334579825401306,0.0,35.411556243896484
A,11,-20,only_T5,200,0.0,0.9950000047683716,-6.308243274688721,-0.7334579825401306,1.595522683630933e-14,35.411556243896484
A,11,-20,only_T10,200,0.0,0.9950000047683716,-6.308243274688721,-0.7334579825401306,6.878555761120987e-15,35.411556243896484
A,11,-20,only_T100,200,0.054999999701976776,0.5949999690055847,-4.721993923187256,-1.359090805053711,8.10490337759732,35.411556243896484
A,11,-20,only_lin,200,0.029999999329447746,0.7549999952316284,-5.5836005210876465,-1.035024881362915,4.961383426231281,35.411556243896484
A,11,-20,random_orth,200,0.004999999888241291,0.9350000023841858,-6.297076225280762,-0.7876913547515869,9.083156340247626,35.411556243896484
A,11,-20,real_diff_in_helix_subspace,200,0.0949999988079071,0.38499999046325684,-4.277273654937744,-2.2207393646240234,9.953967030567142,35.411556243896484
A,11,-20,full_swap,200,0.5199999809265137,0.10499999672174454,-1.9166524410247803,-5.385901927947998,21.196611404418945,35.411556243896484
A,12,-20,helix,200,0.10499999672174454,0.4399999976158142,-4.261595249176025,-1.846321940422058,10.009611462967865,38.9447135925293
A,12,-20,only_T2,200,0.0,0.9950000047683716,-6.308243274688721,-0.7334579825401306,0.0,38.9447135925293
A,12,-20,only_T5,200,0.0,0.9950000047683716,-6.308243274688721,-0.7334579825401306,1.7908331985329276e-14,38.9447135925293
A,12,-20,only_T10,200,0.0,0.9950000047683716,-6.308243274688721,-0.7334579825401306,7.894310301575657e-15,38.9447135925293
A,12,-20,only_T100,200,0.05999999865889549,0.5999999642372131,-4.719125747680664,-1.3562185764312744,8.941275829573135,38.9447135925293
A,12,-20,only_lin,200,0.02499999850988388,0.7549999952316284,-5.566338539123535,-1.0459939241409302,5.472529524149929,38.9447135925293
A,12,-20,random_orth,200,0.0,0.9350000023841858,-6.306861400604248,-0.7991180419921875,10.009611462967865,38.9447135925293
A,12,-20,real_diff_in_helix_subspace,200,0.09999999403953552,0.38999998569488525,-4.243091106414795,-2.193437337875366,10.97652369340552,38.9447135925293
A,12,-20,full_swap,200,0.5199999809265137,0.10999999940395355,-1.9242922067642212,-5.373445510864258,23.624235153198242,38.9447135925293
A,13,-20,helix,200,0.03999999910593033,0.6449999809265137,-4.893947124481201,-1.2273887395858765,11.246656272747378,42.66416931152344
A,13,-20,only_T2,200,0.0,0.9950000047683716,-6.308243274688721,-0.7334579825401306,0.0,42.66416931152344
A,13,-20,only_T5,200,0.0,0.9950000047683716,-6.308243274688721,-0.7334579825401306,1.9825561658065132e-14,42.66416931152344
A,13,-20,only_T10,200,0.0,0.9950000047683716,-6.308243274688721,-0.7334579825401306,8.811902833269026e-15,42.66416931152344
A,13,-20,only_T100,200,0.02499999850988388,0.7749999761581421,-5.299222469329834,-1.0232224464416504,9.97109759492822,42.66416931152344
A,13,-20,only_lin,200,0.009999999776482582,0.8399999737739563,-5.7956414222717285,-0.8794354200363159,6.206798047608102,42.66416931152344
A,13,-20,random_orth,200,0.0,0.9699999690055847,-6.27015495300293,-0.7585117816925049,11.246656272747378,42.66416931152344
A,13,-20,real_diff_in_helix_subspace,200,0.04999999701976776,0.6349999904632568,-4.790009498596191,-1.3606634140014648,12.490070364682206,42.66416931152344
A,13,-20,full_swap,200,0.3449999988079071,0.25999999046325684,-2.5840859413146973,-3.0760586261749268,26.548368453979492,42.66416931152344
A,14,-20,helix,200,0.029999999329447746,0.7149999737739563,-5.298089504241943,-1.0825616121292114,12.532066121956964,46.73453140258789
A,14,-20,only_T2,200,0.0,0.9950000047683716,-6.308243274688721,-0.7334579825401306,0.0,46.73453140258789
A,14,-20,only_T5,200,0.0,0.9950000047683716,-6.308243274688721,-0.7334579825401306,2.1860258795568187e-14,46.73453140258789
A,14,-20,only_T10,200,0.0,0.9950000047683716,-6.308243274688721,-0.7334579825401306,9.655370007980316e-15,46.73453140258789
A,14,-20,only_T100,200,0.019999999552965164,0.824999988079071,-5.564894199371338,-0.9329766631126404,11.083350825250477,46.73453140258789
A,14,-20,only_lin,200,0.0,0.8549999594688416,-5.958357810974121,-0.8684951663017273,6.953120443145084,46.73453140258789
A,14,-20,random_orth,200,0.0,0.9749999642372131,-6.301577091217041,-0.7356974482536316,12.532066121956964,46.73453140258789
A,14,-20,real_diff_in_helix_subspace,200,0.02499999850988388,0.7199999690055847,-5.201867580413818,-1.12882399559021,13.951741770225613,46.73453140258789
A,14,-20,full_swap,200,0.22999998927116394,0.41499999165534973,-3.236949920654297,-2.1175105571746826,29.3151912689209,46.73453140258789
A,15,-20,helix,200,0.029999999329447746,0.7249999642372131,-5.303803443908691,-1.07619047164917,14.03170012271081,51.89521789550781
A,15,-20,only_T2,200,0.0,0.9950000047683716,-6.308243274688721,-0.7334579825401306,0.0,51.89521789550781
A,15,-20,only_T5,200,0.0,0.9950000047683716,-6.308243274688721,-0.7334579825401306,2.4092905106715468e-14,51.89521789550781
A,15,-20,only_T10,200,0.0,0.9950000047683716,-6.308243274688721,-0.7334579825401306,1.0469687633354471e-14,51.89521789550781
A,15,-20,only_T100,200,0.019999999552965164,0.8199999928474426,-5.569095134735107,-0.931038498878479,12.478000206320734,51.89521789550781
A,15,-20,only_lin,200,0.0,0.8650000095367432,-5.961230278015137,-0.8672256469726562,7.618213984761767,51.89521789550781
A,15,-20,random_orth,200,0.0,0.9749999642372131,-6.292540073394775,-0.7465890049934387,14.03170012271081,51.89521789550781
A,15,-20,real_diff_in_helix_subspace,200,0.02499999850988388,0.7199999690055847,-5.212982177734375,-1.1237248182296753,15.6075624793703,51.89521789550781
A,15,-20,full_swap,200,0.22999998927116394,0.41999998688697815,-3.2544403076171875,-2.1045053005218506,32.26260757446289,51.89521789550781
A,16,-20,helix,200,0.019999999552965164,0.7400000095367432,-5.362662315368652,-1.0582523345947266,16.20105326850043,56.38814926147461
A,16,-20,only_T2,200,0.0,0.9950000047683716,-6.308243274688721,-0.7334579825401306,0.0,56.38814926147461
A,16,-20,only_T5,200,0.0,0.9950000047683716,-6.308243274688721,-0.7334579825401306,2.6765457732714282e-14,56.38814926147461
A,16,-20,only_T10,200,0.0,0.9950000047683716,-6.308243274688721,-0.7334579825401306,1.1789782047683351e-14,56.38814926147461
A,16,-20,only_T100,200,0.019999999552965164,0.8399999737739563,-5.606270790100098,-0.9294147491455078,14.315647609266632,56.38814926147461
A,16,-20,only_lin,200,0.0,0.8700000047683716,-5.999464988708496,-0.8512311577796936,8.717355716348672,56.38814926147461
A,16,-20,random_orth,200,0.0,0.9749999642372131,-6.296771049499512,-0.751804769039154,16.201053268500427,56.38814926147461
A,16,-20,real_diff_in_helix_subspace,200,0.02499999850988388,0.73499995470047,-5.264197826385498,-1.104061245918274,18.06427976426573,56.38814926147461
A,16,-20,full_swap,200,0.2199999988079071,0.44999998807907104,-3.3733274936676025,-1.9292153120040894,36.60306167602539,56.38814926147461
A,17,-20,helix,200,0.019999999552965164,0.7999999523162842,-5.547253131866455,-0.971363365650177,18.216165398716598,61.49696350097656
A,17,-20,only_T2,200,0.0,0.9950000047683716,-6.308243274688721,-0.7334579825401306,0.0,61.49696350097656
A,17,-20,only_T5,200,0.0,0.9950000047683716,-6.308243274688721,-0.7334579825401306,2.947139573832235e-14,61.49696350097656
A,17,-20,only_T10,200,0.0,0.9950000047683716,-6.308243274688721,-0.7334579825401306,1.2983345698420207e-14,61.49696350097656
A,17,-20,only_T100,200,0.014999999664723873,0.8449999690055847,-5.749899387359619,-0.8793085217475891,16.039951978820103,61.49696350097656
A,17,-20,only_lin,200,0.0,0.8799999952316284,-6.054821014404297,-0.8227741122245789,9.777678545024997,61.49696350097656
A,17,-20,random_orth,200,0.0,0.9699999690055847,-6.291038513183594,-0.7401071190834045,18.216165398716598,61.49696350097656
A,17,-20,real_diff_in_helix_subspace,200,0.019999999552965164,0.7949999570846558,-5.487709999084473,-1.0049909353256226,20.216415030460606,61.49696350097656
A,17,-20,full_swap,200,0.13499999046325684,0.5799999833106995,-3.887371063232422,-1.396488904953003,40.47177505493164,61.49696350097656
A,18,-20,helix,200,0.0,0.8999999761581421,-5.969893455505371,-0.8112087845802307,19.796206022658115,66.60900115966797
A,18,-20,only_T2,200,0.0,0.9950000047683716,-6.308243274688721,-0.7334579825401306,0.0,66.60900115966797
A,18,-20,only_T5,200,0.0,0.9950000047683716,-6.308243274688721,-0.7334579825401306,3.1653200001455557e-14,66.60900115966797
A,18,-20,only_T10,200,0.0,0.9950000047683716,-6.308243274688721,-0.7334579825401306,1.3888999078771854e-14,66.60900115966797
A,18,-20,only_T100,200,0.0,0.9350000023841858,-6.09466028213501,-0.7808521389961243,17.395052176002867,66.60900115966797
A,18,-20,only_lin,200,0.0,0.9549999833106995,-6.152032375335693,-0.7740015983581543,10.60421339843856,66.60900115966797
A,18,-20,random_orth,200,0.0,0.9899999499320984,-6.297505855560303,-0.737242579460144,19.79620602265812,66.60900115966797
A,18,-20,real_diff_in_helix_subspace,200,0.0,0.9099999666213989,-5.948738098144531,-0.8233499526977539,22.04934612894712,66.60900115966797
A,18,-20,full_swap,200,0.014999999664723873,0.8700000047683716,-5.105175971984863,-0.8906040787696838,43.63052749633789,66.60900115966797
A,19,-20,helix,200,0.0,0.9599999785423279,-6.210047245025635,-0.7572200894355774,20.949785559916265,70.24661254882812
A,19,-20,only_T2,200,0.0,0.9950000047683716,-6.308243274688721,-0.7334579825401306,0.0,70.24661254882812
A,19,-20,only_T5,200,0.0,0.9950000047683716,-6.308243274688721,-0.7334579825401306,3.317276206926369e-14,70.24661254882812
A,19,-20,only_T10,200,0.0,0.9950000047683716,-6.308243274688721,-0.7334579825401306,1.461896368687373e-14,70.24661254882812
A,19,-20,only_T100,200,0.0,0.9549999833106995,-6.2805399894714355,-0.7506164312362671,18.352596295965817,70.24661254882812
A,19,-20,only_lin,200,0.0,0.98499995470047,-6.246224403381348,-0.7392312288284302,11.273330585602723,70.24661254882812
A,19,-20,random_orth,200,0.0,0.9899999499320984,-6.308516502380371,-0.7351468205451965,20.949785559916265,70.24661254882812
A,19,-20,real_diff_in_helix_subspace,200,0.0,0.9649999737739563,-6.188729286193848,-0.7615156173706055,23.34236675360907,70.24661254882812
A,19,-20,full_swap,200,0.004999999888241291,0.9149999618530273,-5.853257179260254,-0.7778857946395874,46.10734939575195,70.24661254882812
A,20,-20,helix,200,0.0,0.9599999785423279,-6.211585998535156,-0.7561157941818237,22.272943094192648,74.34164428710938
A,20,-20,only_T2,200,0.0,0.9950000047683716,-6.308243274688721,-0.7334579825401306,0.0,74.34164428710938
A,20,-20,only_T5,200,0.0,0.9950000047683716,-6.308243274688721,-0.7334579825401306,3.4816117119353003e-14,74.34164428710938
A,20,-20,only_T10,200,0.0,0.9950000047683716,-6.308243274688721,-0.7334579825401306,1.5321074586741508e-14,74.34164428710938
A,20,-20,only_T100,200,0.0,0.949999988079071,-6.2793869972229,-0.750381350517273,19.404175473170472,74.34164428710938
A,20,-20,only_lin,200,0.0,0.98499995470047,-6.247539520263672,-0.7391660809516907,12.078734225361,74.34164428710938
A,20,-20,random_orth,200,0.0,0.9899999499320984,-6.310157775878906,-0.73338782787323,22.272943094192648,74.34164428710938
A,20,-20,real_diff_in_helix_subspace,200,0.0,0.9649999737739563,-6.189123630523682,-0.7599430680274963,24.756820669394127,74.34164428710938
A,20,-20,full_swap,200,0.004999999888241291,0.9199999570846558,-5.8660173416137695,-0.7768903374671936,48.869346618652344,74.34164428710938
A,21,-20,helix,200,0.0,0.9649999737739563,-6.288431644439697,-0.7469978332519531,23.44029232605692,77.60674285888672
A,21,-20,only_T2,200,0.0,0.9950000047683716,-6.308243274688721,-0.7334579825401306,0.0,77.60674285888672
A,21,-20,only_T5,200,0.0,0.9950000047683716,-6.308243274688721,-0.7334579825401306,3.623209113654471e-14,77.60674285888672
A,21,-20,only_T10,200,0.0,0.9950000047683716,-6.308243274688721,-0.7334579825401306,1.5967928536926492e-14,77.60674285888672
A,21,-20,only_T100,200,0.0,0.9599999785423279,-6.328132152557373,-0.7465823292732239,20.360680018797048,77.60674285888672
A,21,-20,only_lin,200,0.0,1.0,-6.272461414337158,-0.7337034940719604,12.733820543932083,77.60674285888672
A,21,-20,random_orth,200,0.0,0.9950000047683716,-6.308841228485107,-0.7320151925086975,23.44029232605692,77.60674285888672
A,21,-20,real_diff_in_helix_subspace,200,0.004999999888241291,0.9549999833106995,-6.276070594787598,-0.7490647435188293,26.08427303687466,77.60674285888672
A,21,-20,full_swap,200,0.009999999776482582,0.9350000023841858,-6.192536354064941,-0.7765293121337891,51.2421760559082,77.60674285888672
A,22,-20,helix,200,0.004999999888241291,0.9549999833106995,-6.298311233520508,-0.7451569437980652,24.70298923078708,82.02197265625
A,22,-20,only_T2,200,0.0,0.9950000047683716,-6.308243274688721,-0.7334579825401306,0.0,82.02197265625
A,22,-20,only_T5,200,0.0,0.9950000047683716,-6.308243274688721,-0.7334579825401306,3.8067720576455565e-14,82.02197265625
A,22,-20,only_T10,200,0.0,0.9950000047683716,-6.308243274688721,-0.7334579825401306,1.66390318661268e-14,82.02197265625
A,22,-20,only_T100,200,0.0,0.9599999785423279,-6.337372779846191,-0.7451644539833069,21.44596138249669,82.02197265625
A,22,-20,only_lin,200,0.0,1.0,-6.275215148925781,-0.7324263453483582,13.440106931257963,82.02197265625
A,22,-20,random_orth,200,0.0,1.0,-6.310295104980469,-0.7334560751914978,24.70298923078708,82.02197265625
A,22,-20,real_diff_in_helix_subspace,200,0.004999999888241291,0.9549999833106995,-6.284605503082275,-0.747869074344635,27.59458803841181,82.02197265625
A,22,-20,full_swap,200,0.009999999776482582,0.9350000023841858,-6.213357925415039,-0.7778307199478149,53.772857666015625,82.02197265625
A,23,-20,helix,200,0.0,0.9699999690055847,-6.324855804443359,-0.7425559163093567,25.514230700095794,85.96769714355469
A,23,-20,only_T2,200,0.0,0.9950000047683716,-6.308243274688721,-0.7334579825401306,0.0,85.96769714355469
A,23,-20,only_T5,200,0.0,0.9950000047683716,-6.308243274688721,-0.7334579825401306,3.93707027069365e-14,85.96769714355469
A,23,-20,only_T10,200,0.0,0.9950000047683716,-6.308243274688721,-0.7334579825401306,1.7202389450851814e-14,85.96769714355469
A,23,-20,only_T100,200,0.0,0.9749999642372131,-6.349659442901611,-0.7420840263366699,22.115428382961806,85.96769714355469
A,23,-20,only_lin,200,0.0,1.0,-6.284457683563232,-0.7324279546737671,13.929191712948167,85.96769714355469
A,23,-20,random_orth,200,0.0,1.0,-6.313974857330322,-0.731504499912262,25.514230700095794,85.96769714355469
A,23,-20,real_diff_in_helix_subspace,200,0.0,0.9599999785423279,-6.308541297912598,-0.7440088987350464,28.557119368169005,85.96769714355469
A,23,-20,full_swap,200,0.009999999776482582,0.9249999523162842,-6.274873733520508,-0.777481198310852,55.66978073120117,85.96769714355469
A,24,-20,helix,200,0.0,0.9899999499320984,-6.2459940910339355,-0.7430139183998108,26.079781044831396,89.44808959960938
A,24,-20,only_T2,200,0.0,0.9950000047683716,-6.308243274688721,-0.7334579825401306,0.0,89.44808959960938
A,24,-20,only_T5,200,0.0,0.9950000047683716,-6.308243274688721,-0.7334579825401306,4.051447720760722e-14,89.44808959960938
A,24,-20,only_T10,200,0.0,0.9950000047683716,-6.308243274688721,-0.7334579825401306,1.7551905878351103e-14,89.44808959960938
A,24,-20,only_T100,200,0.0,0.9950000047683716,-6.2793474197387695,-0.7367039322853088,22.551384902882774,89.44808959960938
A,24,-20,only_lin,200,0.0,1.0,-6.283892631530762,-0.7377454042434692,14.31270419701305,89.44808959960938
A,24,-20,random_orth,200,0.0,1.0,-6.311826705932617,-0.7332953214645386,26.079781044831396,89.44808959960938
A,24,-20,real_diff_in_helix_subspace,200,0.0,0.9749999642372131,-6.232707977294922,-0.7444250583648682,29.293029294398128,89.44808959960938
A,24,-20,full_swap,200,0.004999999888241291,0.9799999594688416,-6.195130348205566,-0.7414644956588745,57.0012092590332,89.44808959960938
A,25,-20,helix,200,0.0,0.9899999499320984,-6.246853351593018,-0.7420960664749146,26.919193833084716,93.8106460571289
A,25,-20,only_T2,200,0.0,0.9950000047683716,-6.308243274688721,-0.7334579825401306,0.0,93.8106460571289
A,25,-20,only_T5,200,0.0,0.9950000047683716,-6.308243274688721,-0.7334579825401306,4.156292835592983e-14,93.8106460571289
A,25,-20,only_T10,200,0.0,0.9950000047683716,-6.308243274688721,-0.7334579825401306,1.8002342492978882e-14,93.8106460571289
A,25,-20,only_T100,200,0.0,0.9950000047683716,-6.280070781707764,-0.7365602850914001,23.23831154130194,93.8106460571289
A,25,-20,only_lin,200,0.0,1.0,-6.28635311126709,-0.7379212975502014,14.769417572619991,93.8106460571289
A,25,-20,random_orth,200,0.0,0.9950000047683716,-6.310511112213135,-0.731535017490387,26.91919383308471,93.8106460571289
A,25,-20,real_diff_in_helix_subspace,200,0.0,0.9799999594688416,-6.234560489654541,-0.7438262701034546,30.50956294627686,93.8106460571289
A,25,-20,full_swap,200,0.004999999888241291,0.9799999594688416,-6.197089195251465,-0.7405123710632324,58.8651237487793,93.8106460571289
A,26,-20,helix,200,0.0,0.9899999499320984,-6.250431537628174,-0.7409850358963013,27.468900384339875,101.34668731689453
A,26,-20,only_T2,200,0.0,0.9950000047683716,-6.308243274688721,-0.7334579825401306,0.0,101.34668731689453
A,26,-20,only_T5,200,0.0,0.9950000047683716,-6.308243274688721,-0.7334579825401306,4.2219603418369407e-14,101.34668731689453
A,26,-20,only_T10,200,0.0,0.9950000047683716,-6.308243274688721,-0.7334579825401306,1.841878735044501e-14,101.34668731689453
A,26,-20,only_T100,200,0.0,0.9950000047683716,-6.280859470367432,-0.7363116145133972,23.681924864580306,101.34668731689453
A,26,-20,only_lin,200,0.0,1.0,-6.289366245269775,-0.7365927696228027,15.057969053489078,101.34668731689453
A,26,-20,random_orth,200,0.0,1.0,-6.311511516571045,-0.7325892448425293,27.46890038433987,101.34668731689453
A,26,-20,real_diff_in_helix_subspace,200,0.0,0.9799999594688416,-6.236846923828125,-0.7434386014938354,31.355568244231304,101.34668731689453
A,26,-20,full_swap,200,0.004999999888241291,0.9799999594688416,-6.200599193572998,-0.7394852042198181,60.23859786987305,101.34668731689453
A,27,-20,helix,200,0.0,0.9950000047683716,-6.30466890335083,-0.7321084141731262,27.958982278776922,109.69583892822266
A,27,-20,only_T2,200,0.0,0.9950000047683716,-6.308243274688721,-0.7334579825401306,0.0,109.69583892822266
A,27,-20,only_T5,200,0.0,0.9950000047683716,-6.308243274688721,-0.7334579825401306,4.2804331313553366e-14,109.69583892822266
A,27,-20,only_T10,200,0.0,0.9950000047683716,-6.308243274688721,-0.7334579825401306,1.8695780069307613e-14,109.69583892822266
A,27,-20,only_T100,200,0.0,0.9950000047683716,-6.308704853057861,-0.7320830225944519,24.101825401262722,109.69583892822266
A,27,-20,only_lin,200,0.0,0.9950000047683716,-6.305056095123291,-0.7332260012626648,15.301815862642487,109.69583892822266
A,27,-20,random_orth,200,0.0,1.0,-6.309381008148193,-0.7323786616325378,27.958982278776922,109.69583892822266
A,27,-20,real_diff_in_helix_subspace,200,0.0,0.9950000047683716,-6.303157806396484,-0.7318527698516846,32.20107367182169,109.69583892822266
A,27,-20,full_swap,200,0.0,0.9950000047683716,-6.300468444824219,-0.7311832904815674,61.44136047363281,109.69583892822266
A,28,-20,helix,200,0.0,0.9950000047683716,-6.3047966957092285,-0.731789231300354,28.569848079155182,120.41236114501953
A,28,-20,only_T2,200,0.0,0.9950000047683716,-6.308243274688721,-0.7334579825401306,0.0,120.41236114501953
A,28,-20,only_T5,200,0.0,0.9950000047683716,-6.308243274688721,-0.7334579825401306,4.372592004781702e-14,120.41236114501953
A,28,-20,only_T10,200,0.0,0.9950000047683716,-6.308243274688721,-0.7334579825401306,1.9109991879832892e-14,120.41236114501953
A,28,-20,only_T100,200,0.0,0.9950000047683716,-6.309080123901367,-0.732101321220398,24.71329348280863,120.41236114501953
A,28,-20,only_lin,200,0.0,1.0,-6.306372165679932,-0.7323018312454224,15.490095962642442,120.41236114501953
A,28,-20,random_orth,200,0.0,1.0,-6.309025287628174,-0.7329232096672058,28.569848079155182,120.41236114501953
A,28,-20,real_diff_in_helix_subspace,200,0.0,0.9950000047683716,-6.305119037628174,-0.732020378112793,33.3111395862144,120.41236114501953
A,28,-20,full_swap,200,0.0,0.9950000047683716,-6.303431034088135,-0.7314337491989136,62.901206970214844,120.41236114501953
A,29,-20,helix,200,0.0,0.9950000047683716,-6.306235313415527,-0.7332774996757507,29.423550970269222,135.4978485107422
A,29,-20,only_T2,200,0.0,0.9950000047683716,-6.308243274688721,-0.7334579825401306,0.0,135.4978485107422
A,29,-20,only_T5,200,0.0,0.9950000047683716,-6.308243274688721,-0.7334579825401306,4.4874375061972493e-14,135.4978485107422
A,29,-20,only_T10,200,0.0,0.9950000047683716,-6.308243274688721,-0.7334579825401306,1.9495834601328168e-14,135.4978485107422
A,29,-20,only_T100,200,0.0,0.9950000047683716,-6.306021690368652,-0.7331503629684448,25.503251952518585,135.4978485107422
A,29,-20,only_lin,200,0.0,0.9950000047683716,-6.305601596832275,-0.7335098385810852,15.825714150955895,135.4978485107422
A,29,-20,random_orth,200,0.0,1.0,-6.308393955230713,-0.7329646944999695,29.423550970269222,135.4978485107422
A,29,-20,real_diff_in_helix_subspace,200,0.0,0.9950000047683716,-6.306095600128174,-0.7333388924598694,34.73623985763671,135.4978485107422
A,29,-20,full_swap,200,0.0,0.9950000047683716,-6.30736780166626,-0.7331219911575317,64.59695434570312,135.4978485107422
A,30,-20,helix,200,0.0,0.9950000047683716,-6.30621337890625,-0.7333505153656006,30.41005779799153,159.20889282226562
A,30,-20,only_T2,200,0.0,0.9950000047683716,-6.308243274688721,-0.7334579825401306,0.0,159.20889282226562
A,30,-20,only_T5,200,0.0,0.9950000047683716,-6.308243274688721,-0.7334579825401306,4.6152044652214036e-14,159.20889282226562
A,30,-20,only_T10,200,0.0,0.9950000047683716,-6.308243274688721,-0.7334579825401306,2.0141609384164047e-14,159.20889282226562
A,30,-20,only_T100,200,0.0,0.9950000047683716,-6.307009220123291,-0.7334649562835693,26.364532582241264,159.20889282226562
A,30,-20,only_lin,200,0.0,0.9950000047683716,-6.308437347412109,-0.7332658767700195,16.25224758879824,159.20889282226562
A,30,-20,random_orth,200,0.0,0.9950000047683716,-6.307106018066406,-0.7329441905021667,30.41005779799153,159.20889282226562
A,30,-20,real_diff_in_helix_subspace,200,0.0,0.9950000047683716,-6.307377338409424,-0.7332793474197388,36.44425129426811,159.20889282226562
A,30,-20,full_swap,200,0.0,0.9950000047683716,-6.307459354400635,-0.7333296537399292,66.5535659790039,159.20889282226562
A,31,-20,helix,200,0.0,0.9950000047683716,-6.308243274688721,-0.7334579825401306,31.411548388931745,188.80287170410156
A,31,-20,only_T2,200,0.0,0.9950000047683716,-6.308243274688721,-0.7334579825401306,0.0,188.80287170410156
A,31,-20,only_T5,200,0.0,0.9950000047683716,-6.308243274688721,-0.7334579825401306,4.7033234855020196e-14,188.80287170410156
A,31,-20,only_T10,200,0.0,0.9950000047683716,-6.308243274688721,-0.7334579825401306,2.0595927946162348e-14,188.80287170410156
A,31,-20,only_T100,200,0.0,0.9950000047683716,-6.308243274688721,-0.7334579825401306,27.278734347107108,188.80287170410156
A,31,-20,only_lin,200,0.0,0.9950000047683716,-6.308243274688721,-0.7334579825401306,16.680110155107528,188.80287170410156
A,31,-20,random_orth,200,0.0,0.9950000047683716,-6.308243274688721,-0.7334579825401306,31.411548388931745,188.80287170410156
A,31,-20,real_diff_in_helix_subspace,200,0.0,0.9950000047683716,-6.308243274688721,-0.7334579825401306,38.18824240880843,188.80287170410156
A,31,-20,full_swap,200,0.0,0.9950000047683716,-6.308243274688721,-0.7334579825401306,68.5063247680664,188.80287170410156
A,0,-10,helix,200,0.17000000178813934,0.6299999952316284,-3.4228224754333496,-1.2426800727844238,1.3716302043296327,7.45175838470459
A,0,-10,only_T2,200,0.0,1.0,-4.35209846496582,-0.757701575756073,0.0,7.45175838470459
A,0,-10,only_T5,200,0.0,1.0,-4.35209846496582,-0.757701575756073,2.3816890338412454e-15,7.45175838470459
A,0,-10,only_T10,200,0.0,1.0,-4.35209846496582,-0.757701575756073,1.1856561871573089e-15,7.45175838470459
A,0,-10,only_T100,200,0.13499999046325684,0.7549999952316284,-3.689606189727783,-1.0310431718826294,1.2515031703862682,7.45175838470459
A,0,-10,only_lin,200,0.08500000089406967,0.824999988079071,-4.0155158042907715,-0.9102471470832825,0.6180691320097017,7.45175838470459
A,0,-10,random_orth,200,0.0,0.9749999642372131,-4.343221187591553,-0.7543957233428955,1.3716302043296327,7.45175838470459
A,0,-10,real_diff_in_helix_subspace,200,0.14499999582767487,0.5949999690055847,-3.548372507095337,-1.3413532972335815,1.4561429917175355,7.45175838470459
A,0,-10,full_swap,200,0.6850000023841858,0.029999999329447746,-1.2645490169525146,-4.801284313201904,6.299996376037598,7.45175838470459
A,1,-10,helix,200,0.1550000011920929,0.6299999952316284,-3.482996702194214,-1.2755287885665894,1.5477615468438914,8.068756103515625
A,1,-10,only_T2,200,0.0,1.0,-4.35209846496582,-0.757701575756073,0.0,8.068756103515625
A,1,-10,only_T5,200,0.0,1.0,-4.35209846496582,-0.757701575756073,2.539701042328103e-15,8.068756103515625
A,1,-10,only_T10,200,0.0,1.0,-4.35209846496582,-0.757701575756073,1.273128928344974e-15,8.068756103515625
A,1,-10,only_T100,200,0.11999999731779099,0.7749999761581421,-3.733006238937378,-1.0129728317260742,1.3910794614772732,8.068756103515625
A,1,-10,only_lin,200,0.08500000089406967,0.7999999523162842,-4.015573501586914,-0.9598293900489807,0.7361951090257739,8.068756103515625
A,1,-10,random_orth,200,0.014999999664723873,0.9649999737739563,-4.364084243774414,-0.7503414750099182,1.5477615468438914,8.068756103515625
A,1,-10,real_diff_in_helix_subspace,200,0.14000000059604645,0.6049999594688416,-3.5331432819366455,-1.3767400979995728,1.6814204901591707,8.068756103515625
A,1,-10,full_swap,200,0.6949999928474426,0.029999999329447746,-1.2630033493041992,-4.75789213180542,6.778310775756836,8.068756103515625
A,2,-10,helix,200,0.1550000011920929,0.6449999809265137,-3.504956007003784,-1.2485389709472656,1.875650519583127,10.716196060180664
A,2,-10,only_T2,200,0.0,1.0,-4.35209846496582,-0.757701575756073,0.0,10.716196060180664
A,2,-10,only_T5,200,0.0,1.0,-4.35209846496582,-0.757701575756073,2.9685102964035908e-15,10.716196060180664
A,2,-10,only_T10,200,0.0,1.0,-4.35209846496582,-0.757701575756073,1.4829434837187636e-15,10.716196060180664
A,2,-10,only_T100,200,0.125,0.7849999666213989,-3.740288496017456,-0.9839338660240173,1.6733021912747115,10.716196060180664
A,2,-10,only_lin,200,0.08500000089406967,0.7999999523162842,-4.030362606048584,-0.9622332453727722,0.9042545943735621,10.716196060180664
A,2,-10,random_orth,200,0.004999999888241291,0.98499995470047,-4.36428689956665,-0.749390721321106,1.875650519583127,10.716196060180664
A,2,-10,real_diff_in_helix_subspace,200,0.12999999523162842,0.6200000047683716,-3.5259761810302734,-1.3521090745925903,2.0929591703333945,10.716196060180664
A,2,-10,full_swap,200,0.675000011920929,0.03999999910593033,-1.2802729606628418,-4.677618503570557,7.793686389923096,10.716196060180664
A,3,-10,helix,200,0.1599999964237213,0.6499999761581421,-3.4823946952819824,-1.2232768535614014,2.2666105922186115,13.180747032165527
A,3,-10,only_T2,200,0.0,1.0,-4.35209846496582,-0.757701575756073,0.0,13.180747032165527
A,3,-10,only_T5,200,0.0,1.0,-4.35209846496582,-0.757701575756073,3.6221471198805945e-15,13.180747032165527
A,3,-10,only_T10,200,0.0,1.0,-4.35209846496582,-0.757701575756073,1.7706785183124592e-15,13.180747032165527
A,3,-10,only_T100,200,0.125,0.7849999666213989,-3.71174693107605,-0.9849500060081482,2.024129749773622,13.180747032165527
A,3,-10,only_lin,200,0.07999999821186066,0.8050000071525574,-4.046992301940918,-0.9304472208023071,1.076352502283971,13.180747032165527
A,3,-10,random_orth,200,0.004999999888241291,0.9599999785423279,-4.361273765563965,-0.7631527781486511,2.2666105922186115,13.180747032165527
A,3,-10,real_diff_in_helix_subspace,200,0.1550000011920929,0.6349999904632568,-3.5033531188964844,-1.3093020915985107,2.5588564579356947,13.180747032165527
A,3,-10,full_swap,200,0.6699999570846558,0.04999999701976776,-1.2650831937789917,-4.648918151855469,9.14219856262207,13.180747032165527
A,4,-10,helix,200,0.14000000059604645,0.6649999618530273,-3.54073429107666,-1.186265230178833,2.624819672845825,16.161540985107422
A,4,-10,only_T2,200,0.0,1.0,-4.35209846496582,-0.757701575756073,0.0,16.161540985107422
A,4,-10,only_T5,200,0.0,1.0,-4.35209846496582,-0.757701575756073,4.0148670591302046e-15,16.161540985107422
A,4,-10,only_T10,200,0.0,1.0,-4.35209846496582,-0.757701575756073,1.9472177067051037e-15,16.161540985107422
A,4,-10,only_T100,200,0.11999999731779099,0.7949999570846558,-3.7468464374542236,-0.9683557152748108,2.311991262942491,16.161540985107422
A,4,-10,only_lin,200,0.07000000029802322,0.8149999976158142,-4.080625057220459,-0.9220559597015381,1.279099083693492,16.161540985107422
A,4,-10,random_orth,200,0.004999999888241291,0.9749999642372131,-4.355532646179199,-0.756235659122467,2.624819672845825,16.161540985107422
A,4,-10,real_diff_in_helix_subspace,200,0.12999999523162842,0.6549999713897705,-3.5382237434387207,-1.2628164291381836,2.977671897168618,16.161540985107422
A,4,-10,full_swap,200,0.5999999642372131,0.09999999403953552,-1.3903521299362183,-4.417591571807861,10.307358741760254,16.161540985107422
A,5,-10,helix,200,0.125,0.675000011920929,-3.5629985332489014,-1.1909445524215698,3.0394597276135533,19.222572326660156
A,5,-10,only_T2,200,0.0,1.0,-4.35209846496582,-0.757701575756073,0.0,19.222572326660156
A,5,-10,only_T5,200,0.0,1.0,-4.35209846496582,-0.757701575756073,4.840101522071542e-15,19.222572326660156
A,5,-10,only_T10,200,0.0,1.0,-4.35209846496582,-0.757701575756073,2.186006030941944e-15,19.222572326660156
A,5,-10,only_T100,200,0.10499999672174454,0.7849999666213989,-3.7609670162200928,-0.9717549085617065,2.6683271985871615,19.222572326660156
A,5,-10,only_lin,200,0.05999999865889549,0.824999988079071,-4.0852155685424805,-0.9258131384849548,1.4759621588589107,19.222572326660156
A,5,-10,random_orth,200,0.004999999888241291,0.9749999642372131,-4.371540546417236,-0.7627936601638794,3.0394597276135533,19.222572326660156
A,5,-10,real_diff_in_helix_subspace,200,0.12999999523162842,0.6499999761581421,-3.546417713165283,-1.2930855751037598,3.5830137765920322,19.222572326660156
A,5,-10,full_swap,200,0.5799999833106995,0.11999999731779099,-1.4526770114898682,-4.269491672515869,11.865797996520996,19.222572326660156
A,6,-10,helix,200,0.125,0.6850000023841858,-3.5956106185913086,-1.158652901649475,3.436702679372142,22.230209350585938
A,6,-10,only_T2,200,0.0,1.0,-4.35209846496582,-0.757701575756073,0.0,22.230209350585938
A,6,-10,only_T5,200,0.0,1.0,-4.35209846496582,-0.757701575756073,5.648171317974861e-15,22.230209350585938
A,6,-10,only_T10,200,0.0,1.0,-4.35209846496582,-0.757701575756073,2.4386408330192546e-15,22.230209350585938
A,6,-10,only_T100,200,0.09999999403953552,0.8050000071525574,-3.7921414375305176,-0.9578448534011841,3.010056506327769,22.230209350585938
A,6,-10,only_lin,200,0.05999999865889549,0.8349999785423279,-4.088829040527344,-0.9125655889511108,1.654546845001146,22.230209350585938
A,6,-10,random_orth,200,0.009999999776482582,0.9649999737739563,-4.346335411071777,-0.7672600150108337,3.436702679372142,22.230209350585938
A,6,-10,real_diff_in_helix_subspace,200,0.12999999523162842,0.6499999761581421,-3.5833215713500977,-1.3043899536132812,4.257913078991876,22.230209350585938
A,6,-10,full_swap,200,0.5699999928474426,0.14499999582767487,-1.5100454092025757,-4.164187431335449,13.2216215133667,22.230209350585938
A,7,-10,helix,200,0.11499999463558197,0.7199999690055847,-3.617375373840332,-1.1246440410614014,3.702558764344139,24.0980167388916
A,7,-10,only_T2,200,0.0,1.0,-4.35209846496582,-0.757701575756073,0.0,24.0980167388916
A,7,-10,only_T5,200,0.0,1.0,-4.35209846496582,-0.757701575756073,6.115084809835382e-15,24.0980167388916
A,7,-10,only_T10,200,0.0,1.0,-4.35209846496582,-0.757701575756073,2.6081840650307334e-15,24.0980167388916
A,7,-10,only_T100,200,0.0949999988079071,0.8050000071525574,-3.810209274291992,-0.9513093829154968,3.2281175050081323,24.0980167388916
A,7,-10,only_lin,200,0.054999999701976776,0.8499999642372131,-4.093908309936523,-0.8920166492462158,1.8106296674232036,24.0980167388916
A,7,-10,random_orth,200,0.009999999776482582,0.98499995470047,-4.362998962402344,-0.7602273225784302,3.702558764344139,24.0980167388916
A,7,-10,real_diff_in_helix_subspace,200,0.12999999523162842,0.6649999618530273,-3.6059398651123047,-1.2794398069381714,4.703571146943475,24.0980167388916
A,7,-10,full_swap,200,0.550000011920929,0.1550000011920929,-1.621864914894104,-4.052265644073486,14.253375053405762,24.0980167388916
A,8,-10,helix,200,0.10499999672174454,0.7299999594688416,-3.6287951469421387,-1.1093019247055054,3.881753740016515,26.56024932861328
A,8,-10,only_T2,200,0.0,1.0,-4.35209846496582,-0.757701575756073,0.0,26.56024932861328
A,8,-10,only_T5,200,0.0,1.0,-4.35209846496582,-0.757701575756073,6.50346475954883e-15,26.56024932861328
A,8,-10,only_T10,200,0.0,1.0,-4.35209846496582,-0.757701575756073,2.759723003352654e-15,26.56024932861328
A,8,-10,only_T100,200,0.08999999612569809,0.8100000023841858,-3.8203158378601074,-0.9458243250846863,3.3762069492931674,26.56024932861328
A,8,-10,only_lin,200,0.05999999865889549,0.8449999690055847,-4.093986988067627,-0.8856889009475708,1.9115799054130536,26.56024932861328
A,8,-10,random_orth,200,0.009999999776482582,0.9749999642372131,-4.366828441619873,-0.7658156156539917,3.8817537400165145,26.56024932861328
A,8,-10,real_diff_in_helix_subspace,200,0.125,0.6599999666213989,-3.625875234603882,-1.2699881792068481,4.990028198370206,26.56024932861328
A,8,-10,full_swap,200,0.5349999666213989,0.16499999165534973,-1.6242083311080933,-4.023694038391113,14.9798583984375,26.56024932861328
A,9,-10,helix,200,0.11999999731779099,0.7249999642372131,-3.6244218349456787,-1.1137980222702026,4.228705504213763,29.473491668701172
A,9,-10,only_T2,200,0.0,1.0,-4.35209846496582,-0.757701575756073,0.0,29.473491668701172
A,9,-10,only_T5,200,0.0,1.0,-4.35209846496582,-0.757701575756073,7.066227308153554e-15,29.473491668701172
A,9,-10,only_T10,200,0.0,1.0,-4.35209846496582,-0.757701575756073,3.0272993730220802e-15,29.473491668701172
A,9,-10,only_T100,200,0.08999999612569809,0.8050000071525574,-3.819672107696533,-0.9454485774040222,3.676020593198686,29.473491668701172
A,9,-10,only_lin,200,0.05999999865889549,0.8549999594688416,-4.09564208984375,-0.882763147354126,2.0755870792521645,29.473491668701172
A,9,-10,random_orth,200,0.019999999552965164,0.9399999976158142,-4.366398334503174,-0.783050537109375,4.228705504213763,29.473491668701172
A,9,-10,real_diff_in_helix_subspace,200,0.11499999463558197,0.6699999570846558,-3.6354591846466064,-1.290902853012085,5.522787293624134,29.473491668701172
A,9,-10,full_swap,200,0.5299999713897705,0.16499999165534973,-1.6170464754104614,-4.028448581695557,16.331666946411133,29.473491668701172
A,10,-10,helix,200,0.10999999940395355,0.7199999690055847,-3.626845121383667,-1.1138181686401367,4.605742301787427,31.985342025756836
A,10,-10,only_T2,200,0.0,1.0,-4.35209846496582,-0.757701575756073,0.0,31.985342025756836
A,10,-10,only_T5,200,0.0,1.0,-4.35209846496582,-0.757701575756073,7.779326083908232e-15,31.985342025756836
A,10,-10,only_T10,200,0.0,1.0,-4.35209846496582,-0.757701575756073,3.3754024615629136e-15,31.985342025756836
A,10,-10,only_T100,200,0.08500000089406967,0.8100000023841858,-3.815441131591797,-0.9441386461257935,3.9924754279798345,31.985342025756836
A,10,-10,only_lin,200,0.05999999865889549,0.8549999594688416,-4.09443998336792,-0.885464072227478,2.2501723227143056,31.985342025756836
A,10,-10,random_orth,200,0.009999999776482582,0.9649999737739563,-4.365999698638916,-0.7721680998802185,4.605742301787426,31.985342025756836
A,10,-10,real_diff_in_helix_subspace,200,0.11999999731779099,0.6649999618530273,-3.642590045928955,-1.31446373462677,6.0302121448822525,31.985342025756836
A,10,-10,full_swap,200,0.5399999618530273,0.16499999165534973,-1.6280617713928223,-4.023766994476318,17.977970123291016,31.985342025756836
A,11,-10,helix,200,0.10499999672174454,0.7400000095367432,-3.6875457763671875,-1.0648452043533325,5.041309256278931,34.92530059814453
A,11,-10,only_T2,200,0.0,1.0,-4.35209846496582,-0.757701575756073,0.0,34.92530059814453
A,11,-10,only_T5,200,0.0,1.0,-4.35209846496582,-0.757701575756073,8.720205936150426e-15,34.92530059814453
A,11,-10,only_T10,200,0.0,1.0,-4.35209846496582,-0.757701575756073,3.7792700870267836e-15,34.92530059814453
A,11,-10,only_T100,200,0.07499999552965164,0.8299999833106995,-3.864258289337158,-0.9226039052009583,4.353960037891998,34.92530059814453
A,11,-10,only_lin,200,0.04999999701976776,0.8799999952316284,-4.125219821929932,-0.8671876192092896,2.4806917131156405,34.92530059814453
A,11,-10,random_orth,200,0.009999999776482582,0.9749999642372131,-4.354116916656494,-0.7683102488517761,5.041309256278931,34.92530059814453
A,11,-10,real_diff_in_helix_subspace,200,0.10999999940395355,0.6899999976158142,-3.7061400413513184,-1.2820849418640137,6.662516857922086,34.92530059814453
A,11,-10,full_swap,200,0.5649999976158142,0.17000000178813934,-1.6381206512451172,-3.893876314163208,19.770811080932617,34.92530059814453
A,12,-10,helix,200,0.10999999940395355,0.7400000095367432,-3.689957857131958,-1.0646685361862183,5.558405653327213,38.455848693847656
A,12,-10,only_T2,200,0.0,1.0,-4.35209846496582,-0.757701575756073,0.0,38.455848693847656
A,12,-10,only_T5,200,0.0,1.0,-4.35209846496582,-0.757701575756073,9.794819070736965e-15,38.455848693847656
A,12,-10,only_T10,200,0.0,1.0,-4.35209846496582,-0.757701575756073,4.336065849068343e-15,38.455848693847656
A,12,-10,only_T100,200,0.07499999552965164,0.8299999833106995,-3.868149995803833,-0.9201241135597229,4.801312302241311,38.455848693847656
A,12,-10,only_lin,200,0.054999999701976776,0.85999995470047,-4.122735977172852,-0.8700802326202393,2.7362647620749647,38.455848693847656
A,12,-10,random_orth,200,0.0,0.9749999642372131,-4.350564956665039,-0.7717324495315552,5.558405653327213,38.455848693847656
A,12,-10,real_diff_in_helix_subspace,200,0.125,0.675000011920929,-3.6847503185272217,-1.2743816375732422,7.316737310131084,38.455848693847656
A,12,-10,full_swap,200,0.5699999928474426,0.17000000178813934,-1.6359620094299316,-3.8766448497772217,22.06226348876953,38.455848693847656
A,13,-10,helix,200,0.08999999612569809,0.824999988079071,-3.8847978115081787,-0.9282410740852356,6.253868356217231,42.191070556640625
A,13,-10,only_T2,200,0.0,1.0,-4.35209846496582,-0.757701575756073,0.0,42.191070556640625
A,13,-10,only_T5,200,0.0,1.0,-4.35209846496582,-0.757701575756073,1.0840997806319683e-14,42.191070556640625
A,13,-10,only_T10,200,0.0,1.0,-4.35209846496582,-0.757701575756073,4.8421844859080595e-15,42.191070556640625
A,13,-10,only_T100,200,0.07499999552965164,0.875,-4.033177375793457,-0.8564592599868774,5.3639300633529645,42.191070556640625
A,13,-10,only_lin,200,0.044999998062849045,0.9149999618530273,-4.180063247680664,-0.8177101612091064,3.103399023804051,42.191070556640625
A,13,-10,random_orth,200,0.004999999888241291,0.9799999594688416,-4.36458158493042,-0.7664010524749756,6.253868356217231,42.191070556640625
A,13,-10,real_diff_in_helix_subspace,200,0.08999999612569809,0.7649999856948853,-3.827099561691284,-1.0117524862289429,8.367298887206811,42.191070556640625
A,13,-10,full_swap,200,0.45499998331069946,0.3149999976158142,-1.7979216575622559,-2.450389862060547,24.8041934967041,42.191070556640625
A,14,-10,helix,200,0.07000000029802322,0.8549999594688416,-4.039331912994385,-0.8952743411064148,6.9766269299399895,46.15879821777344
A,14,-10,only_T2,200,0.0,1.0,-4.35209846496582,-0.757701575756073,0.0,46.15879821777344
A,14,-10,only_T5,200,0.0,1.0,-4.35209846496582,-0.757701575756073,1.1967130548720885e-14,46.15879821777344
A,14,-10,only_T10,200,0.0,1.0,-4.35209846496582,-0.757701575756073,5.3079628499886994e-15,46.15879821777344
A,14,-10,only_T100,200,0.05999999865889549,0.9049999713897705,-4.13832426071167,-0.836646556854248,5.963211540093382,46.15879821777344
A,14,-10,only_lin,200,0.03999999910593033,0.9199999570846558,-4.238392353057861,-0.8143165111541748,3.476560221572542,46.15879821777344
A,14,-10,random_orth,200,0.0,0.9950000047683716,-4.346561908721924,-0.7610150575637817,6.9766269299399895,46.15879821777344
A,14,-10,real_diff_in_helix_subspace,200,0.07000000029802322,0.8149999976158142,-4.017518520355225,-0.9309338331222534,9.444624768843873,46.15879821777344
A,14,-10,full_swap,200,0.29999998211860657,0.5199999809265137,-2.2231409549713135,-1.7418792247772217,27.512861251831055,46.15879821777344
A,15,-10,helix,200,0.07499999552965164,0.8499999642372131,-4.041776180267334,-0.892137885093689,7.824254366020598,51.420936584472656
A,15,-10,only_T2,200,0.0,1.0,-4.35209846496582,-0.757701575756073,0.0,51.420936584472656
A,15,-10,only_T5,200,0.0,1.0,-4.35209846496582,-0.757701575756073,1.3216622107986538e-14,51.420936584472656
A,15,-10,only_T10,200,0.0,1.0,-4.35209846496582,-0.757701575756073,5.766293441990879e-15,51.420936584472656
A,15,-10,only_T100,200,0.05999999865889549,0.9099999666213989,-4.138700008392334,-0.8338615298271179,6.728519267619897,51.420936584472656
A,15,-10,only_lin,200,0.03500000014901161,0.9199999570846558,-4.238308906555176,-0.8133085370063782,3.8091069923808827,51.420936584472656
A,15,-10,random_orth,200,0.0,0.98499995470047,-4.349843502044678,-0.7628341317176819,7.824254366020598,51.420936584472656
A,15,-10,real_diff_in_helix_subspace,200,0.07000000029802322,0.824999988079071,-4.019036293029785,-0.927037239074707,10.638653791138388,51.420936584472656
A,15,-10,full_swap,200,0.29999998211860657,0.5149999856948853,-2.2239601612091064,-1.7322170734405518,30.217056274414062,51.420936584472656
A,16,-10,helix,200,0.06499999761581421,0.8650000095367432,-4.06875467300415,-0.8817418217658997,8.991164236863721,55.96866226196289
A,16,-10,only_T2,200,0.0,1.0,-4.35209846496582,-0.757701575756073,0.0,55.96866226196289
A,16,-10,only_T5,200,0.0,1.0,-4.35209846496582,-0.757701575756073,1.4654762157078605e-14,55.96866226196289
A,16,-10,only_T10,200,0.0,1.0,-4.35209846496582,-0.757701575756073,6.4938278593533136e-15,55.96866226196289
A,16,-10,only_T100,200,0.05999999865889549,0.8999999761581421,-4.155341625213623,-0.8309040665626526,7.698861625507329,55.96866226196289
A,16,-10,only_lin,200,0.029999999329447746,0.9300000071525574,-4.25258207321167,-0.8057595491409302,4.358677858174336,55.96866226196289
A,16,-10,random_orth,200,0.0,0.9799999594688416,-4.35018253326416,-0.767961323261261,8.991164236863723,55.96866226196289
A,16,-10,real_diff_in_helix_subspace,200,0.05999999865889549,0.8349999785423279,-4.030399322509766,-0.9114184975624084,12.206468571641736,55.96866226196289
A,16,-10,full_swap,200,0.2750000059604645,0.550000011920929,-2.307421922683716,-1.5759828090667725,34.34172439575195,55.96866226196289
A,17,-10,helix,200,0.04999999701976776,0.8949999809265137,-4.126430034637451,-0.855568528175354,10.09509733740013,61.05928039550781
A,17,-10,only_T2,200,0.0,1.0,-4.35209846496582,-0.757701575756073,0.0,61.05928039550781
A,17,-10,only_T5,200,0.0,1.0,-4.35209846496582,-0.757701575756073,1.612957006375554e-14,61.05928039550781
A,17,-10,only_T10,200,0.0,1.0,-4.35209846496582,-0.757701575756073,7.141628695136903e-15,61.05928039550781
A,17,-10,only_T100,200,0.04999999701976776,0.9199999570846558,-4.19485330581665,-0.8193283677101135,8.620411906524414,61.05928039550781
A,17,-10,only_lin,200,0.02499999850988388,0.9449999928474426,-4.272337436676025,-0.7942419052124023,4.888839272512499,61.05928039550781
A,17,-10,random_orth,200,0.004999999888241291,0.98499995470047,-4.345874309539795,-0.7604044675827026,10.09509733740013,61.05928039550781
A,17,-10,real_diff_in_helix_subspace,200,0.04999999701976776,0.85999995470047,-4.11257266998291,-0.8818156123161316,13.81463280329636,61.05928039550781
A,17,-10,full_swap,200,0.17999999225139618,0.6949999928474426,-2.6452441215515137,-1.2190890312194824,38.058815002441406,61.05928039550781
A,18,-10,helix,200,0.02499999850988388,0.9549999833106995,-4.243075370788574,-0.7864835262298584,10.96848242566971,66.3204345703125
A,18,-10,only_T2,200,0.0,1.0,-4.35209846496582,-0.757701575756073,0.0,66.3204345703125
A,18,-10,only_T5,200,0.0,1.0,-4.35209846496582,-0.757701575756073,1.7358912918653362e-14,66.3204345703125
A,18,-10,only_T10,200,0.0,1.0,-4.35209846496582,-0.757701575756073,7.639365980782487e-15,66.3204345703125
A,18,-10,only_T100,200,0.02499999850988388,0.9549999833106995,-4.29270601272583,-0.774645984172821,9.352375281288811,66.3204345703125
A,18,-10,only_lin,200,0.009999999776482582,0.9799999594688416,-4.297286510467529,-0.7724456787109375,5.30210669921928,66.3204345703125
A,18,-10,random_orth,200,0.004999999888241291,0.9899999499320984,-4.351552486419678,-0.7580262422561646,10.96848242566971,66.3204345703125
A,18,-10,real_diff_in_helix_subspace,200,0.02499999850988388,0.9399999976158142,-4.2478861808776855,-0.7986111044883728,15.224458283867634,66.3204345703125
A,18,-10,full_swap,200,0.044999998062849045,0.8799999952316284,-3.479842185974121,-0.8576000928878784,41.046504974365234,66.3204345703125
A,19,-10,helix,200,0.02499999850988388,0.9649999737739563,-4.309278964996338,-0.7665933966636658,11.60889811858916,69.93669128417969
A,19,-10,only_T2,200,0.0,1.0,-4.35209846496582,-0.757701575756073,0.0,69.93669128417969
A,19,-10,only_T5,200,0.0,1.0,-4.35209846496582,-0.757701575756073,1.8182455296289994e-14,69.93669128417969
A,19,-10,only_T10,200,0.0,1.0,-4.35209846496582,-0.757701575756073,8.04441299235355e-15,69.93669128417969
A,19,-10,only_T100,200,0.014999999664723873,0.9749999642372131,-4.3355326652526855,-0.7648850083351135,9.87233315136698,69.93669128417969
A,19,-10,only_lin,200,0.004999999888241291,0.98499995470047,-4.324896812438965,-0.760577380657196,5.636665292801361,69.93669128417969
A,19,-10,random_orth,200,0.0,1.0,-4.350886821746826,-0.7560583353042603,11.60889811858916,69.93669128417969
A,19,-10,real_diff_in_helix_subspace,200,0.02499999850988388,0.9449999928474426,-4.305675506591797,-0.7762380242347717,16.13600464372548,69.93669128417969
A,19,-10,full_swap,200,0.03500000014901161,0.9199999570846558,-4.011828899383545,-0.7881783843040466,43.323272705078125,69.93669128417969
A,20,-10,helix,200,0.02499999850988388,0.9649999737739563,-4.311033725738525,-0.7661956548690796,12.340986322927646,74.06001281738281
A,20,-10,only_T2,200,0.0,1.0,-4.35209846496582,-0.757701575756073,0.0,74.06001281738281
A,20,-10,only_T5,200,0.0,1.0,-4.35209846496582,-0.757701575756073,1.90771662169673e-14,74.06001281738281
A,20,-10,only_T10,200,0.0,1.0,-4.35209846496582,-0.757701575756073,8.436172875561284e-15,74.06001281738281
A,20,-10,only_T100,200,0.019999999552965164,0.9699999690055847,-4.334979057312012,-0.7652857899665833,10.441932242741714,74.06001281738281
A,20,-10,only_lin,200,0.0,0.9899999499320984,-4.32554817199707,-0.7595203518867493,6.0393671126805,74.06001281738281
A,20,-10,random_orth,200,0.0,1.0,-4.355948448181152,-0.7573482990264893,12.340986322927646,74.06001281738281
A,20,-10,real_diff_in_helix_subspace,200,0.02499999850988388,0.9449999928474426,-4.305351257324219,-0.7763050198554993,17.25379356498943,74.06001281738281
A,20,-10,full_swap,200,0.03500000014901161,0.9199999570846558,-4.02281379699707,-0.7856352925300598,45.940486907958984,74.06001281738281
A,21,-10,helix,200,0.004999999888241291,0.9899999499320984,-4.340757369995117,-0.7599639892578125,12.983855944535275,77.32754516601562
A,21,-10,only_T2,200,0.0,1.0,-4.35209846496582,-0.757701575756073,0.0,77.32754516601562
A,21,-10,only_T5,200,0.0,1.0,-4.35209846496582,-0.757701575756073,1.985415089677512e-14,77.32754516601562
A,21,-10,only_T10,200,0.0,1.0,-4.35209846496582,-0.757701575756073,8.79787141043592e-15,77.32754516601562
A,21,-10,only_T100,200,0.004999999888241291,0.9899999499320984,-4.3558349609375,-0.7610200047492981,10.9583678977822,77.32754516601562
A,21,-10,only_lin,200,0.004999999888241291,0.9899999499320984,-4.3373026847839355,-0.7577946186065674,6.3669102719660415,77.32754516601562
A,21,-10,random_orth,200,0.0,1.0,-4.355166912078857,-0.7572593688964844,12.983855944535279,77.32754516601562
A,21,-10,real_diff_in_helix_subspace,200,0.009999999776482582,0.9799999594688416,-4.3448100090026855,-0.7655643820762634,18.23711605072893,77.32754516601562
A,21,-10,full_swap,200,0.009999999776482582,0.9549999833106995,-4.299221992492676,-0.776009738445282,48.095157623291016,77.32754516601562
A,22,-10,helix,200,0.004999999888241291,0.9899999499320984,-4.340421676635742,-0.7603763937950134,13.67453146748187,81.56735229492188
A,22,-10,only_T2,200,0.0,1.0,-4.35209846496582,-0.757701575756073,0.0,81.56735229492188
A,22,-10,only_T5,200,0.0,1.0,-4.35209846496582,-0.757701575756073,2.0861734182468698e-14,81.56735229492188
A,22,-10,only_T10,200,0.0,1.0,-4.35209846496582,-0.757701575756073,9.159967842948757e-15,81.56735229492188
A,22,-10,only_T100,200,0.004999999888241291,0.98499995470047,-4.356894016265869,-0.7607195973396301,11.536376353723535,81.56735229492188
A,22,-10,only_lin,200,0.004999999888241291,0.9950000047683716,-4.337090492248535,-0.7578548789024353,6.720053465628982,81.56735229492188
A,22,-10,random_orth,200,0.0,1.0,-4.356722354888916,-0.7583264112472534,13.67453146748187,81.56735229492188
A,22,-10,real_diff_in_helix_subspace,200,0.009999999776482582,0.9799999594688416,-4.345931053161621,-0.7656290531158447,19.33669198285893,81.56735229492188
A,22,-10,full_swap,200,0.014999999664723873,0.9449999928474426,-4.317265033721924,-0.7778291702270508,50.366981506347656,81.56735229492188
A,23,-10,helix,200,0.004999999888241291,0.9899999499320984,-4.350233554840088,-0.75984126329422,14.126732021698073,85.50190734863281
A,23,-10,only_T2,200,0.0,1.0,-4.35209846496582,-0.757701575756073,0.0,85.50190734863281
A,23,-10,only_T5,200,0.0,1.0,-4.35209846496582,-0.757701575756073,2.1601558525862033e-14,85.50190734863281
A,23,-10,only_T10,200,0.0,1.0,-4.35209846496582,-0.757701575756073,9.479822745974222e-15,85.50190734863281
A,23,-10,only_T100,200,0.004999999888241291,0.9899999499320984,-4.362227916717529,-0.7600548267364502,11.902177048154847,85.50190734863281
A,23,-10,only_lin,200,0.004999999888241291,0.9950000047683716,-4.338374137878418,-0.7583455443382263,6.964595856474084,85.50190734863281
A,23,-10,random_orth,200,0.0,1.0,-4.353202819824219,-0.7583363652229309,14.126732021698073,85.50190734863281
A,23,-10,real_diff_in_helix_subspace,200,0.009999999776482582,0.98499995470047,-4.352799415588379,-0.7656715512275696,20.13869291290068,85.50190734863281
A,23,-10,full_swap,200,0.014999999664723873,0.9449999928474426,-4.353616714477539,-0.7783189415931702,52.11347579956055,85.50190734863281
A,24,-10,helix,200,0.0,0.9950000047683716,-4.335409641265869,-0.7631002068519592,14.439516898112139,88.93356323242188
A,24,-10,only_T2,200,0.0,1.0,-4.35209846496582,-0.757701575756073,0.0,88.93356323242188
A,24,-10,only_T5,200,0.0,1.0,-4.35209846496582,-0.757701575756073,2.225225305032714e-14,88.93356323242188
A,24,-10,only_T10,200,0.0,1.0,-4.35209846496582,-0.757701575756073,9.669957639237818e-15,88.93356323242188
A,24,-10,only_T100,200,0.0,0.9950000047683716,-4.346104145050049,-0.7605000734329224,12.136672920673568,88.93356323242188
A,24,-10,only_lin,200,0.0,1.0,-4.344871520996094,-0.7599272727966309,7.156352098506524,88.93356323242188
A,24,-10,random_orth,200,0.0,1.0,-4.35032320022583,-0.7583858966827393,14.439516898112139,88.93356323242188
A,24,-10,real_diff_in_helix_subspace,200,0.0,0.98499995470047,-4.33315372467041,-0.7640092372894287,20.757087968765894,88.93356323242188
A,24,-10,full_swap,200,0.004999999888241291,0.9749999642372131,-4.28382682800293,-0.7626314163208008,53.389244079589844,88.93356323242188
A,25,-10,helix,200,0.0,0.9950000047683716,-4.336239337921143,-0.7625344395637512,14.900996870139455,93.42923736572266
A,25,-10,only_T2,200,0.0,1.0,-4.35209846496582,-0.757701575756073,0.0,93.42923736572266
A,25,-10,only_T5,200,0.0,1.0,-4.35209846496582,-0.757701575756073,2.282974166907354e-14,93.42923736572266
A,25,-10,only_T10,200,0.0,1.0,-4.35209846496582,-0.757701575756073,9.914100955378819e-15,93.42923736572266
A,25,-10,only_T100,200,0.0,0.9950000047683716,-4.343997001647949,-0.7606048583984375,12.507420091768317,93.42923736572266
A,25,-10,only_lin,200,0.0,1.0,-4.344845294952393,-0.7599567770957947,7.384708786309996,93.42923736572266
A,25,-10,random_orth,200,0.0,1.0,-4.35477876663208,-0.7571474313735962,14.900996870139455,93.42923736572266
A,25,-10,real_diff_in_helix_subspace,200,0.0,0.98499995470047,-4.3329033851623535,-0.7639343738555908,21.81248992594702,93.42923736572266
A,25,-10,full_swap,200,0.004999999888241291,0.9749999642372131,-4.285930633544922,-0.7622552514076233,55.005611419677734,93.42923736572266
A,26,-10,helix,200,0.0,0.9950000047683716,-4.336670398712158,-0.7625500559806824,15.198313098694666,101.1373519897461
A,26,-10,only_T2,200,0.0,1.0,-4.35209846496582,-0.757701575756073,0.0,101.1373519897461
A,26,-10,only_T5,200,0.0,1.0,-4.35209846496582,-0.757701575756073,2.3160606126130797e-14,101.1373519897461
A,26,-10,only_T10,200,0.0,1.0,-4.35209846496582,-0.757701575756073,1.0129630078275276e-14,101.1373519897461
A,26,-10,only_T100,200,0.0,0.9899999499320984,-4.344870090484619,-0.7606537342071533,12.747849179546366,101.1373519897461
A,26,-10,only_lin,200,0.0,1.0,-4.342706203460693,-0.7594695687294006,7.528984526744539,101.1373519897461
A,26,-10,random_orth,200,0.0,1.0,-4.3554277420043945,-0.7578812837600708,15.198313098694666,101.1373519897461
A,26,-10,real_diff_in_helix_subspace,200,0.0,0.98499995470047,-4.33560848236084,-0.763011634349823,22.57210798896735,101.1373519897461
A,26,-10,full_swap,200,0.004999999888241291,0.9749999642372131,-4.290003776550293,-0.7610201835632324,56.2296257019043,101.1373519897461
A,27,-10,helix,200,0.0,1.0,-4.349562168121338,-0.7576307654380798,15.482104480655314,109.72093963623047
A,27,-10,only_T2,200,0.0,1.0,-4.35209846496582,-0.757701575756073,0.0,109.72093963623047
A,27,-10,only_T5,200,0.0,1.0,-4.35209846496582,-0.757701575756073,2.3500439465564335e-14,109.72093963623047
A,27,-10,only_T10,200,0.0,1.0,-4.35209846496582,-0.757701575756073,1.0269969703174972e-14,109.72093963623047
A,27,-10,only_T100,200,0.0,1.0,-4.350397109985352,-0.7575634121894836,12.988678633722825,109.72093963623047
A,27,-10,only_lin,200,0.0,1.0,-4.350311279296875,-0.7575717568397522,7.650907931321243,109.72093963623047
A,27,-10,random_orth,200,0.0,1.0,-4.35249662399292,-0.757792592048645,15.482104480655314,109.72093963623047
A,27,-10,real_diff_in_helix_subspace,200,0.0,1.0,-4.349267482757568,-0.7578455209732056,23.306629263285842,109.72093963623047
A,27,-10,full_swap,200,0.0,1.0,-4.348962783813477,-0.7586164474487305,57.29448318481445,109.72093963623047
A,28,-10,helix,200,0.0,1.0,-4.35066556930542,-0.7571080327033997,15.842762458760667,120.53942108154297
A,28,-10,only_T2,200,0.0,1.0,-4.35209846496582,-0.757701575756073,0.0,120.53942108154297
A,28,-10,only_T5,200,0.0,1.0,-4.35209846496582,-0.757701575756073,2.4018128761645195e-14,120.53942108154297
A,28,-10,only_T10,200,0.0,1.0,-4.35209846496582,-0.757701575756073,1.0476847988631054e-14,120.53942108154297
A,28,-10,only_T100,200,0.0,1.0,-4.35109806060791,-0.7573248147964478,13.337141585445734,120.53942108154297
A,28,-10,only_lin,200,0.0,1.0,-4.3513312339782715,-0.7574675679206848,7.745047981321221,120.53942108154297
A,28,-10,random_orth,200,0.0,1.0,-4.353305339813232,-0.7576829195022583,15.842762458760667,120.53942108154297
A,28,-10,real_diff_in_helix_subspace,200,0.0,1.0,-4.34971284866333,-0.7578625082969666,24.32280909474067,120.53942108154297
A,28,-10,full_swap,200,0.0,1.0,-4.34991979598999,-0.7588512897491455,58.5066032409668,120.53942108154297
A,29,-10,helix,200,0.0,1.0,-4.3518385887146,-0.7574994564056396,16.33100870388206,135.74168395996094
A,29,-10,only_T2,200,0.0,1.0,-4.35209846496582,-0.757701575756073,0.0,135.74168395996094
A,29,-10,only_T5,200,0.0,1.0,-4.35209846496582,-0.757701575756073,2.4640850150864616e-14,135.74168395996094
A,29,-10,only_T10,200,0.0,1.0,-4.35209846496582,-0.757701575756073,1.0674289393574393e-14,135.74168395996094
A,29,-10,only_T100,200,0.0,1.0,-4.351957321166992,-0.7575852870941162,13.777240343155372,135.74168395996094
A,29,-10,only_lin,200,0.0,1.0,-4.351492881774902,-0.7577784061431885,7.912857075477947,135.74168395996094
A,29,-10,random_orth,200,0.0,1.0,-4.3519206047058105,-0.75755375623703,16.33100870388206,135.74168395996094
A,29,-10,real_diff_in_helix_subspace,200,0.0,1.0,-4.350948810577393,-0.7575085163116455,25.588051171033975,135.74168395996094
A,29,-10,full_swap,200,0.0,1.0,-4.3509368896484375,-0.757544994354248,59.980926513671875,135.74168395996094
A,30,-10,helix,200,0.0,1.0,-4.352347373962402,-0.7577043771743774,16.895033294293356,159.65460205078125
A,30,-10,only_T2,200,0.0,1.0,-4.35209846496582,-0.757701575756073,0.0,159.65460205078125
A,30,-10,only_T5,200,0.0,1.0,-4.35209846496582,-0.757701575756073,2.5341477451256147e-14,159.65460205078125
A,30,-10,only_T10,200,0.0,1.0,-4.35209846496582,-0.757701575756073,1.0992811691142822e-14,159.65460205078125
A,30,-10,only_T100,200,0.0,1.0,-4.3517351150512695,-0.7576990127563477,14.265175354846168,159.65460205078125
A,30,-10,only_lin,200,0.0,1.0,-4.35170316696167,-0.7575605511665344,8.12612379439912,159.65460205078125
A,30,-10,random_orth,200,0.0,1.0,-4.351597309112549,-0.7577365636825562,16.895033294293356,159.65460205078125
A,30,-10,real_diff_in_helix_subspace,200,0.0,1.0,-4.352147579193115,-0.7576242685317993,27.056638030856757,159.65460205078125
A,30,-10,full_swap,200,0.0,1.0,-4.3517842292785645,-0.7574492692947388,61.695594787597656,159.65460205078125
A,31,-10,helix,200,0.0,1.0,-4.35209846496582,-0.757701575756073,17.492794224397773,189.4667205810547
A,31,-10,only_T2,200,0.0,1.0,-4.35209846496582,-0.757701575756073,0.0,189.4667205810547
A,31,-10,only_T5,200,0.0,1.0,-4.35209846496582,-0.757701575756073,2.5858688086549198e-14,189.4667205810547
A,31,-10,only_T10,200,0.0,1.0,-4.35209846496582,-0.757701575756073,1.1216085291309922e-14,189.4667205810547
A,31,-10,only_T100,200,0.0,1.0,-4.35209846496582,-0.757701575756073,14.781879446333814,189.4667205810547
A,31,-10,only_lin,200,0.0,1.0,-4.35209846496582,-0.757701575756073,8.340055077553762,189.4667205810547
A,31,-10,random_orth,200,0.0,1.0,-4.35209846496582,-0.757701575756073,17.492794224397773,189.4667205810547
A,31,-10,real_diff_in_helix_subspace,200,0.0,1.0,-4.35209846496582,-0.757701575756073,28.552218098313077,189.4667205810547
A,31,-10,full_swap,200,0.0,1.0,-4.35209846496582,-0.757701575756073,63.47698211669922,189.4667205810547
A,0,-5,helix,200,0.2549999952316284,0.1599999964237213,-2.976388692855835,-3.7390172481536865,2.9690565566454232,7.114556789398193
A,0,-5,only_T2,200,0.054999999701976776,0.4350000023841858,-5.575259208679199,-1.9656896591186523,1.745448260199261,7.114556789398193
A,0,-5,only_T5,200,0.0,0.9950000047683716,-7.123133182525635,-0.7720749378204346,2.5691362550970603e-15,7.114556789398193
A,0,-5,only_T10,200,0.054999999701976776,0.41999998688697815,-5.040760040283203,-2.0840752124786377,2.3015055939559317,7.114556789398193
A,0,-5,only_T100,200,0.0,0.9049999713897705,-6.940415382385254,-0.8318579196929932,0.6488490972842429,7.114556789398193
A,0,-5,only_lin,200,0.0,0.9449999928474426,-7.012377738952637,-0.8061981201171875,0.3090345660048508,7.114556789398193
A,0,-5,random_orth,200,0.004999999888241291,0.9549999833106995,-7.179450035095215,-0.7448379993438721,2.9690565566454232,7.114556789398193
A,0,-5,real_diff_in_helix_subspace,200,0.17999999225139618,0.23999999463558197,-3.4546730518341064,-3.4427032470703125,2.7017341008860876,7.114556789398193
A,0,-5,full_swap,200,0.6449999809265137,0.004999999888241291,-1.3643863201141357,-6.598480224609375,6.138493537902832,7.114556789398193
A,1,-5,helix,200,0.23999999463558197,0.1550000011920929,-3.037344217300415,-3.7724103927612305,3.1926022187787986,7.665628433227539
A,1,-5,only_T2,200,0.054999999701976776,0.3999999761581421,-5.560730457305908,-2.0262820720672607,1.8612228379540385,7.665628433227539
A,1,-5,only_T5,200,0.0,0.9950000047683716,-7.123133182525635,-0.7720749378204346,2.738757076442249e-15,7.665628433227539
A,1,-5,only_T10,200,0.04999999701976776,0.41999998688697815,-5.0505828857421875,-2.130837917327881,2.4688526025557054,7.665628433227539
A,1,-5,only_T100,200,0.004999999888241291,0.9199999570846558,-6.943678855895996,-0.826554536819458,0.723114898406353,7.665628433227539
A,1,-5,only_lin,200,0.0,0.9199999570846558,-6.981455326080322,-0.8310694098472595,0.3680975545128869,7.665628433227539
A,1,-5,random_orth,200,0.004999999888241291,0.949999988079071,-7.233800888061523,-0.7442485690116882,3.1926022187787986,7.665628433227539
A,1,-5,real_diff_in_helix_subspace,200,0.19999998807907104,0.19999998807907104,-3.3670268058776855,-3.559033155441284,2.986480824880976,7.665628433227539
A,1,-5,full_swap,200,0.6449999809265137,0.009999999776482582,-1.3995417356491089,-6.606479167938232,6.62985372543335,7.665628433227539
A,2,-5,helix,200,0.26499998569488525,0.1599999964237213,-3.0193448066711426,-3.794968843460083,3.7418809412319316,10.193519592285156
A,2,-5,only_T2,200,0.04999999701976776,0.38999998569488525,-5.564908504486084,-2.035954475402832,2.169557122486984,10.193519592285156
A,2,-5,only_T5,200,0.0,0.9950000047683716,-7.123133182525635,-0.7720749378204346,3.195319265147024e-15,10.193519592285156
A,2,-5,only_T10,200,0.04999999701976776,0.41499999165534973,-5.013657569885254,-2.1685128211975098,2.8867779657779504,10.193519592285156
A,2,-5,only_T100,200,0.0,0.9249999523162842,-6.966802597045898,-0.8194907903671265,0.8763124060893387,10.193519592285156
A,2,-5,only_lin,200,0.0,0.9249999523162842,-6.985077857971191,-0.8417683243751526,0.4521272971867811,10.193519592285156
A,2,-5,random_orth,200,0.0,0.9300000071525574,-7.171623229980469,-0.7597381472587585,3.741880941231932,10.193519592285156
A,2,-5,real_diff_in_helix_subspace,200,0.20499999821186066,0.19499999284744263,-3.3091611862182617,-3.6220037937164307,3.559109108615652,10.193519592285156
A,2,-5,full_swap,200,0.6200000047683716,0.009999999776482582,-1.4234144687652588,-6.588831424713135,7.639814376831055,10.193519592285156
A,3,-5,helix,200,0.25,0.14499999582767487,-2.9331798553466797,-3.9089508056640625,4.649830278894562,12.676875114440918
A,3,-5,only_T2,200,0.054999999701976776,0.3700000047683716,-5.519738674163818,-2.105285406112671,2.8613649017145315,12.676875114440918
A,3,-5,only_T5,200,0.0,0.9950000047683716,-7.123133182525635,-0.7720749378204346,3.893686858929734e-15,12.676875114440918
A,3,-5,only_T10,200,0.054999999701976776,0.38499999046325684,-4.954880714416504,-2.260362148284912,3.4572240609831395,12.676875114440918
A,3,-5,only_T100,200,0.0,0.9350000023841858,-6.951395511627197,-0.827351987361908,1.0602786634776495,12.676875114440918
A,3,-5,only_lin,200,0.0,0.9199999570846558,-7.00884485244751,-0.8291222453117371,0.5381762511419855,12.676875114440918
A,3,-5,random_orth,200,0.0,0.9300000071525574,-7.191531658172607,-0.7681730389595032,4.649830278894562,12.676875114440918
A,3,-5,real_diff_in_helix_subspace,200,0.2199999988079071,0.1550000011920929,-3.153324604034424,-3.779794216156006,4.537646674280903,12.676875114440918
A,3,-5,full_swap,200,0.6100000143051147,0.009999999776482582,-1.4616204500198364,-6.580846786499023,9.210265159606934,12.676875114440918
A,4,-5,helix,200,0.23499999940395355,0.14000000059604645,-3.0177643299102783,-3.852328300476074,5.144651122398174,15.638842582702637
A,4,-5,only_T2,200,0.05999999865889549,0.375,-5.5297651290893555,-2.0982766151428223,3.166267068178846,15.638842582702637
A,4,-5,only_T5,200,0.0,0.9950000047683716,-7.123133182525635,-0.7720749378204346,4.316007908516796e-15,15.638842582702637
A,4,-5,only_T10,200,0.044999998062849045,0.38999998569488525,-4.98850679397583,-2.2429144382476807,3.8089594539374474,15.638842582702637
A,4,-5,only_T100,200,0.0,0.9399999976158142,-6.975612640380859,-0.8272984027862549,1.2114945434516509,15.638842582702637
A,4,-5,only_lin,200,0.004999999888241291,0.9149999618530273,-7.010402679443359,-0.8331056237220764,0.639549541846746,15.638842582702637
A,4,-5,random_orth,200,0.004999999888241291,0.949999988079071,-7.108307838439941,-0.8023306131362915,5.144651122398172,15.638842582702637
A,4,-5,real_diff_in_helix_subspace,200,0.23499999940395355,0.14499999582767487,-3.177272319793701,-3.762035369873047,5.07711647906343,15.638842582702637
A,4,-5,full_swap,200,0.5699999928474426,0.014999999664723873,-1.6290866136550903,-6.269206523895264,10.391008377075195,15.638842582702637
A,5,-5,helix,200,0.23999999463558197,0.13499999046325684,-3.0028812885284424,-3.8650360107421875,5.8487450105307675,18.656503677368164
A,5,-5,only_T2,200,0.054999999701976776,0.38499999046325684,-5.528203010559082,-2.107983112335205,3.6285447179153105,18.656503677368164
A,5,-5,only_T5,200,0.0,0.9950000047683716,-7.123133182525635,-0.7720749378204346,5.193946935668737e-15,18.656503677368164
A,5,-5,only_T10,200,0.04999999701976776,0.39499998092651367,-4.985803127288818,-2.272721529006958,4.2911694586927505,18.656503677368164
A,5,-5,only_T100,200,0.0,0.9300000071525574,-6.980114459991455,-0.8217711448669434,1.400515729036497,18.656503677368164
A,5,-5,only_lin,200,0.0,0.9249999523162842,-7.011293888092041,-0.82867032289505,0.7379810794294555,18.656503677368164
A,5,-5,random_orth,200,0.0,0.9549999833106995,-7.116381645202637,-0.7812403440475464,5.8487450105307675,18.656503677368164
A,5,-5,real_diff_in_helix_subspace,200,0.22999998927116394,0.14999999105930328,-3.1697914600372314,-3.760443687438965,5.81130952833835,18.656503677368164
A,5,-5,full_swap,200,0.5450000166893005,0.02499999850988388,-1.7175036668777466,-6.143187046051025,11.900588035583496,18.656503677368164
A,6,-5,helix,200,0.23499999940395355,0.125,-3.003413677215576,-3.8833982944488525,6.499566447227795,21.645313262939453
A,6,-5,only_T2,200,0.054999999701976776,0.35999998450279236,-5.508631706237793,-2.1423861980438232,3.9993490968099286,21.645313262939453
A,6,-5,only_T5,200,0.0,0.9950000047683716,-7.123133182525635,-0.7720749378204346,6.037038677063532e-15,21.645313262939453
A,6,-5,only_T10,200,0.04999999701976776,0.3700000047683716,-5.005171775817871,-2.262068748474121,4.793159761066973,21.645313262939453
A,6,-5,only_T100,200,0.0,0.9249999523162842,-6.981005668640137,-0.8212501406669617,1.5764978038341173,21.645313262939453
A,6,-5,only_lin,200,0.0,0.9249999523162842,-7.018590927124023,-0.8261277079582214,0.8272734225005729,21.645313262939453
A,6,-5,random_orth,200,0.0,0.9049999713897705,-7.135095596313477,-0.789511501789093,6.499566447227796,21.645313262939453
A,6,-5,real_diff_in_helix_subspace,200,0.22999998927116394,0.14999999105930328,-3.1776645183563232,-3.7696845531463623,6.551280125839201,21.645313262939453
A,6,-5,full_swap,200,0.5,0.02499999850988388,-1.8403112888336182,-6.055750370025635,13.220824241638184,21.645313262939453
A,7,-5,helix,200,0.23999999463558197,0.12999999523162842,-3.0712835788726807,-3.7834270000457764,6.953188976417075,23.540786743164062
A,7,-5,only_T2,200,0.054999999701976776,0.375,-5.5467095375061035,-2.0743446350097656,4.268877085045841,23.540786743164062
A,7,-5,only_T5,200,0.0,0.9950000047683716,-7.123133182525635,-0.7720749378204346,6.54030432179247e-15,23.540786743164062
A,7,-5,only_T10,200,0.03999999910593033,0.38499999046325684,-5.0190935134887695,-2.2378909587860107,5.134393648180512,23.540786743164062
A,7,-5,only_T100,200,0.0,0.9249999523162842,-6.9843573570251465,-0.8175153136253357,1.6913350715804198,23.540786743164062
A,7,-5,only_lin,200,0.0,0.9549999833106995,-7.028789043426514,-0.8161223530769348,0.9053148337116018,23.540786743164062
A,7,-5,random_orth,200,0.004999999888241291,0.9350000023841858,-7.10310173034668,-0.7993612289428711,6.953188976417075,23.540786743164062
A,7,-5,real_diff_in_helix_subspace,200,0.20499999821186066,0.1599999964237213,-3.2632524967193604,-3.6655497550964355,7.059370487875875,23.540786743164062
A,7,-5,full_swap,200,0.4650000035762787,0.03500000014901161,-2.0146045684814453,-5.821775436401367,14.2077054977417,23.540786743164062
A,8,-5,helix,200,0.22999998927116394,0.12999999523162842,-3.072862386703491,-3.780068874359131,7.284346031105924,25.992704391479492
A,8,-5,only_T2,200,0.054999999701976776,0.35999998450279236,-5.542337417602539,-2.081733226776123,4.409679414186388,25.992704391479492
A,8,-5,only_T5,200,0.0,0.9950000047683716,-7.123133182525635,-0.7720749378204346,6.962240773508373e-15,25.992704391479492
A,8,-5,only_T10,200,0.04999999701976776,0.38999998569488525,-5.019756317138672,-2.256312847137451,5.436835123526191,25.992704391479492
A,8,-5,only_T100,200,0.004999999888241291,0.9350000023841858,-6.986867904663086,-0.8168578147888184,1.770322377312607,25.992704391479492
A,8,-5,only_lin,200,0.0,0.949999988079071,-7.027915954589844,-0.8143418431282043,0.9557899527065267,25.992704391479492
A,8,-5,random_orth,200,0.004999999888241291,0.9350000023841858,-7.089569091796875,-0.8243114948272705,7.284346031105924,25.992704391479492
A,8,-5,real_diff_in_helix_subspace,200,0.2199999988079071,0.1599999964237213,-3.2680439949035645,-3.68247652053833,7.453227401857931,25.992704391479492
A,8,-5,full_swap,200,0.4599999785423279,0.02499999850988388,-2.059398651123047,-5.789637088775635,14.96841812133789,25.992704391479492
A,9,-5,helix,200,0.22499999403953552,0.12999999523162842,-3.030132293701172,-3.8265151977539062,7.9136914673678795,28.90137481689453
A,9,-5,only_T2,200,0.04999999701976776,0.35999998450279236,-5.526395797729492,-2.1185142993927,4.719572151269183,28.90137481689453
A,9,-5,only_T5,200,0.0,0.9950000047683716,-7.123133182525635,-0.7720749378204346,7.572340218559812e-15,28.90137481689453
A,9,-5,only_T10,200,0.03999999910593033,0.3799999952316284,-5.001448631286621,-2.285529851913452,5.952846952173948,28.90137481689453
A,9,-5,only_T100,200,0.0,0.9399999976158142,-6.988080978393555,-0.8169876933097839,1.928871501991375,28.90137481689453
A,9,-5,only_lin,200,0.0,0.9350000023841858,-7.026699542999268,-0.8144490718841553,1.0377935396260822,28.90137481689453
A,9,-5,random_orth,200,0.004999999888241291,0.8999999761581421,-7.069173336029053,-0.8317489624023438,7.9136914673678795,28.90137481689453
A,9,-5,real_diff_in_helix_subspace,200,0.22499999403953552,0.16499999165534973,-3.256394386291504,-3.70735764503479,8.10005151379271,28.90137481689453
A,9,-5,full_swap,200,0.4599999785423279,0.02499999850988388,-2.0519604682922363,-5.809182643890381,16.255346298217773,28.90137481689453
A,10,-5,helix,200,0.2449999898672104,0.11999999731779099,-2.9826042652130127,-3.878925085067749,8.798652828351438,31.371421813964844
A,10,-5,only_T2,200,0.054999999701976776,0.3400000035762787,-5.510158538818359,-2.144381046295166,5.20934931112179,31.371421813964844
A,10,-5,only_T5,200,0.0,0.9950000047683716,-7.123133182525635,-0.7720749378204346,8.337115965049889e-15,31.371421813964844
A,10,-5,only_T10,200,0.03500000014901161,0.3649999797344208,-4.961029529571533,-2.3249969482421875,6.650615230014243,31.371421813964844
A,10,-5,only_T100,200,0.0,0.9199999570846558,-6.986921787261963,-0.819930911064148,2.097992782176708,31.371421813964844
A,10,-5,only_lin,200,0.0,0.9449999928474426,-7.0236945152282715,-0.8168168663978577,1.1250861613571526,31.371421813964844
A,10,-5,random_orth,200,0.0,0.9399999976158142,-7.064003944396973,-0.8129964470863342,8.798652828351438,31.371421813964844
A,10,-5,real_diff_in_helix_subspace,200,0.23499999940395355,0.1550000011920929,-3.208865165710449,-3.7800521850585938,8.964314737873307,31.371421813964844
A,10,-5,full_swap,200,0.45499998331069946,0.029999999329447746,-2.0454628467559814,-5.800678730010986,17.855113983154297,31.371421813964844
A,11,-5,helix,200,0.2449999898672104,0.10999999940395355,-2.9478976726531982,-3.905195474624634,9.786577871960185,34.3394660949707
A,11,-5,only_T2,200,0.044999998062849045,0.3349999785423279,-5.493452072143555,-2.182446002960205,5.7532776905746355,34.3394660949707
A,11,-5,only_T5,200,0.0,0.9950000047683716,-7.123133182525635,-0.7720749378204346,9.339077785957694e-15,34.3394660949707
A,11,-5,only_T10,200,0.03999999910593033,0.35999998450279236,-4.913715362548828,-2.399057149887085,7.465261982547645,34.3394660949707
A,11,-5,only_T100,200,0.0,0.9300000071525574,-7.003867149353027,-0.8109009861946106,2.289491151968648,34.3394660949707
A,11,-5,only_lin,200,0.0,0.949999988079071,-7.036860942840576,-0.8109859824180603,1.2403458565578205,34.3394660949707
A,11,-5,random_orth,200,0.004999999888241291,0.9049999713897705,-7.025186538696289,-0.833139181137085,9.786577871960185,34.3394660949707
A,11,-5,real_diff_in_helix_subspace,200,0.2149999886751175,0.1550000011920929,-3.132267475128174,-3.8513739109039307,10.11190871799713,34.3394660949707
A,11,-5,full_swap,200,0.4650000035762787,0.019999999552965164,-2.089301347732544,-5.72556734085083,19.842283248901367,34.3394660949707
A,12,-5,helix,200,0.2549999952316284,0.09999999403953552,-2.864830255508423,-3.9895055294036865,11.179818067171686,37.85152053833008
A,12,-5,only_T2,200,0.04999999701976776,0.32999998331069946,-5.468301296234131,-2.2372114658355713,6.6123071875509165,37.85152053833008
A,12,-5,only_T5,200,0.0,0.9950000047683716,-7.123133182525635,-0.7720749378204346,1.0484130585716071e-14,37.85152053833008
A,12,-5,only_T10,200,0.03999999910593033,0.3199999928474426,-4.861432075500488,-2.4957141876220703,8.538183531487146,37.85152053833008
A,12,-5,only_T100,200,0.0,0.9350000023841858,-7.002674579620361,-0.8113949298858643,2.5213993430663146,37.85152053833008
A,12,-5,only_lin,200,0.0,0.9549999833106995,-7.0340142250061035,-0.8115179538726807,1.3681323810374821,37.85152053833008
A,12,-5,random_orth,200,0.004999999888241291,0.8999999761581421,-7.044528484344482,-0.8520148992538452,11.179818067171686,37.85152053833008
A,12,-5,real_diff_in_helix_subspace,200,0.26499998569488525,0.11999999731779099,-2.984070301055908,-3.963775157928467,11.613518431972425,37.85152053833008
A,12,-5,full_swap,200,0.4650000035762787,0.02499999850988388,-2.096207618713379,-5.722155570983887,22.450620651245117,37.85152053833008
A,13,-5,helix,200,0.14000000059604645,0.26999998092651367,-4.064972877502441,-2.687884569168091,12.38716991453023,41.580528259277344
A,13,-5,only_T2,200,0.029999999329447746,0.5600000023841858,-5.8939080238342285,-1.6076886653900146,7.228962016013209,41.580528259277344
A,13,-5,only_T5,200,0.0,0.9950000047683716,-7.123133182525635,-0.7720749378204346,1.160592151712586e-14,41.580528259277344
A,13,-5,only_T10,200,0.029999999329447746,0.5049999952316284,-5.544414043426514,-1.7855030298233032,9.537082301289152,41.580528259277344
A,13,-5,only_T100,200,0.0,0.9599999785423279,-7.031910419464111,-0.7947754263877869,2.8247376792650813,41.580528259277344
A,13,-5,only_lin,200,0.0,0.9799999594688416,-7.069980144500732,-0.7903982996940613,1.5516995119020254,41.580528259277344
A,13,-5,random_orth,200,0.004999999888241291,0.9399999976158142,-7.061433792114258,-0.8224751949310303,12.38716991453023,41.580528259277344
A,13,-5,real_diff_in_helix_subspace,200,0.14999999105930328,0.28999999165534973,-4.099235534667969,-2.673203945159912,13.03927047582544,41.580528259277344
A,13,-5,full_swap,200,0.2750000059604645,0.125,-3.1288650035858154,-3.9610259532928467,25.13916015625,41.580528259277344
A,14,-5,helix,200,0.03999999910593033,0.6899999976158142,-5.9042863845825195,-1.3047518730163574,13.590325470952433,45.480167388916016
A,14,-5,only_T2,200,0.009999999776482582,0.8199999928474426,-6.687835693359375,-0.9485921859741211,7.894515940495576,45.480167388916016
A,14,-5,only_T5,200,0.0,0.9950000047683716,-7.123133182525635,-0.7720749378204346,1.280027593155771e-14,45.480167388916016
A,14,-5,only_T10,200,0.009999999776482582,0.7999999523162842,-6.431025981903076,-1.0584253072738647,10.463755374638408,45.480167388916016
A,14,-5,only_T100,200,0.0,0.9649999737739563,-7.060728073120117,-0.7966707944869995,3.1392763965192696,45.480167388916016
A,14,-5,only_lin,200,0.0,0.9749999642372131,-7.077573776245117,-0.7930262684822083,1.738280110786271,45.480167388916016
A,14,-5,random_orth,200,0.0,0.9549999833106995,-7.110235214233398,-0.7872370481491089,13.590325470952433,45.480167388916016
A,14,-5,real_diff_in_helix_subspace,200,0.03999999910593033,0.6800000071525574,-5.9086809158325195,-1.3101654052734375,14.478640947767158,45.480167388916016
A,14,-5,full_swap,200,0.07999999821186066,0.4899999797344208,-5.112462997436523,-1.964745283126831,27.832935333251953,45.480167388916016
A,15,-5,helix,200,0.03999999910593033,0.6850000023841858,-5.910221576690674,-1.3049606084823608,14.797324282249825,50.78831100463867
A,15,-5,only_T2,200,0.004999999888241291,0.824999988079071,-6.689168930053711,-0.9497410655021667,8.545167192946852,50.78831100463867
A,15,-5,only_T5,200,0.0,0.9950000047683716,-7.123133182525635,-0.7720749378204346,1.4114433639293847e-14,50.78831100463867
A,15,-5,only_T10,200,0.009999999776482582,0.7899999618530273,-6.436617374420166,-1.0606945753097534,11.364968532652602,50.78831100463867
A,15,-5,only_T100,200,0.0,0.9749999642372131,-7.063640117645264,-0.7954919934272766,3.5495541431784234,50.78831100463867
A,15,-5,only_lin,200,0.0,0.98499995470047,-7.079282283782959,-0.7932183742523193,1.9045534961904411,50.78831100463867
A,15,-5,random_orth,200,0.0,0.9649999737739563,-7.109347820281982,-0.7856795191764832,14.797324282249825,50.78831100463867
A,15,-5,real_diff_in_helix_subspace,200,0.03500000014901161,0.675000011920929,-5.910384178161621,-1.310486078262329,15.86597007938573,50.78831100463867
A,15,-5,full_swap,200,0.07999999821186066,0.4949999749660492,-5.133889198303223,-1.9534475803375244,30.438390731811523,50.78831100463867
A,16,-5,helix,200,0.03999999910593033,0.6949999928474426,-5.98809289932251,-1.2598438262939453,16.66955330778829,55.469085693359375
A,16,-5,only_T2,200,0.004999999888241291,0.8449999690055847,-6.72296142578125,-0.9304248094558716,9.60340500562586,55.469085693359375
A,16,-5,only_T5,200,0.0,0.9950000047683716,-7.123133182525635,-0.7720749378204346,1.5673234605805624e-14,55.469085693359375
A,16,-5,only_T10,200,0.009999999776482582,0.7949999570846558,-6.466763973236084,-1.0509217977523804,12.799497345437839,55.469085693359375
A,16,-5,only_T100,200,0.0,0.9749999642372131,-7.064677715301514,-0.7959478497505188,4.039509570180345,55.469085693359375
A,16,-5,only_lin,200,0.0,0.98499995470047,-7.086890697479248,-0.7897648215293884,2.179338929087168,55.469085693359375
A,16,-5,random_orth,200,0.0,0.9749999642372131,-7.094429969787598,-0.7881773114204407,16.66955330778829,55.469085693359375
A,16,-5,real_diff_in_helix_subspace,200,0.02499999850988388,0.7149999737739563,-5.99708366394043,-1.2636783123016357,18.113456494597028,55.469085693359375
A,16,-5,full_swap,200,0.07499999552965164,0.5299999713897705,-5.255046367645264,-1.7954990863800049,34.771060943603516,55.469085693359375
A,17,-5,helix,200,0.02499999850988388,0.7199999690055847,-6.2572174072265625,-1.10768723487854,18.320607663199045,60.643104553222656
A,17,-5,only_T2,200,0.004999999888241291,0.875,-6.827564716339111,-0.8794901967048645,10.477199228541833,60.643104553222656
A,17,-5,only_T5,200,0.0,0.9950000047683716,-7.123133182525635,-0.7720749378204346,1.7255162178202654e-14,60.643104553222656
A,17,-5,only_T10,200,0.009999999776482582,0.8349999785423279,-6.607989311218262,-0.96455317735672,14.066413575392954,60.643104553222656
A,17,-5,only_T100,200,0.0,0.9799999594688416,-7.077029228210449,-0.7927112579345703,4.515315539458792,60.643104553222656
A,17,-5,only_lin,200,0.0,0.98499995470047,-7.093393802642822,-0.7860413789749146,2.444419636256249,60.643104553222656
A,17,-5,random_orth,200,0.0,0.9799999594688416,-7.10603666305542,-0.7831209301948547,18.320607663199045,60.643104553222656
A,17,-5,real_diff_in_helix_subspace,200,0.014999999664723873,0.7299999594688416,-6.274231433868408,-1.1074104309082031,20.105268234147218,60.643104553222656
A,17,-5,full_swap,200,0.04999999701976776,0.6349999904632568,-5.634202003479004,-1.4079891443252563,38.55379867553711,60.643104553222656
A,18,-5,helix,200,0.0,0.9149999618530273,-6.890147686004639,-0.830618143081665,19.58422898969171,66.06424713134766
A,18,-5,only_T2,200,0.0,0.9699999690055847,-7.079147815704346,-0.7837464809417725,11.106820706692252,66.06424713134766
A,18,-5,only_T5,200,0.0,0.9950000047683716,-7.123133182525635,-0.7720749378204346,1.8541748706876384e-14,66.06424713134766
A,18,-5,only_T10,200,0.0,0.9399999976158142,-6.96759033203125,-0.8059405088424683,15.03841168863431,66.06424713134766
A,18,-5,only_T100,200,0.0,0.9950000047683716,-7.10696268081665,-0.7778258323669434,4.897936822967193,66.06424713134766
A,18,-5,only_lin,200,0.0,0.9950000047683716,-7.108345985412598,-0.7771275043487549,2.65105334960964,66.06424713134766
A,18,-5,random_orth,200,0.0,0.9799999594688416,-7.128228664398193,-0.7721930742263794,19.58422898969171,66.06424713134766
A,18,-5,real_diff_in_helix_subspace,200,0.0,0.9249999523162842,-6.911348342895508,-0.8283153176307678,21.787579047241362,66.06424713134766
A,18,-5,full_swap,200,0.0,0.8700000047683716,-6.551722049713135,-0.8982102870941162,41.56440353393555,66.06424713134766
A,19,-5,helix,200,0.0,0.949999988079071,-7.07295036315918,-0.7838574051856995,20.654999867785946,69.81729888916016
A,19,-5,only_T2,200,0.0,0.9749999642372131,-7.11325740814209,-0.7736971974372864,11.687237678146143,69.81729888916016
A,19,-5,only_T5,200,0.0,0.9950000047683716,-7.123133182525635,-0.7720749378204346,1.942903909530812e-14,69.81729888916016
A,19,-5,only_T10,200,0.0,0.9549999833106995,-7.098002910614014,-0.7785983681678772,15.854036330621584,69.81729888916016
A,19,-5,only_T100,200,0.0,0.9950000047683716,-7.120894432067871,-0.7736689448356628,5.173677512613146,69.81729888916016
A,19,-5,only_lin,200,0.0,0.9899999499320984,-7.12068510055542,-0.7717158198356628,2.8183326464006804,69.81729888916016
A,19,-5,random_orth,200,0.0,0.9899999499320984,-7.119406700134277,-0.7762153744697571,20.654999867785946,69.81729888916016
A,19,-5,real_diff_in_helix_subspace,200,0.0,0.9549999833106995,-7.082578182220459,-0.7840411067008972,23.042591622203098,69.81729888916016
A,19,-5,full_swap,200,0.0,0.9249999523162842,-6.960799217224121,-0.8124693036079407,43.979488372802734,69.81729888916016
A,20,-5,helix,200,0.0,0.949999988079071,-7.070201396942139,-0.784368097782135,21.690672255794844,74.12384033203125
A,20,-5,only_T2,200,0.0,0.9749999642372131,-7.111564636230469,-0.772102415561676,12.252311387324776,74.12384033203125
A,20,-5,only_T5,200,0.0,0.9950000047683716,-7.123133182525635,-0.7720749378204346,2.038956025811792e-14,74.12384033203125
A,20,-5,only_T10,200,0.0,0.9599999785423279,-7.096541404724121,-0.7789356708526611,16.631555824403613,74.12384033203125
A,20,-5,only_T100,200,0.0,0.9950000047683716,-7.12298583984375,-0.7732555866241455,5.473880602911877,74.12384033203125
A,20,-5,only_lin,200,0.0,1.0,-7.117905616760254,-0.773029625415802,3.01968355634025,74.12384033203125
A,20,-5,random_orth,200,0.0,0.9799999594688416,-7.122616291046143,-0.7698794603347778,21.690672255794844,74.12384033203125
A,20,-5,real_diff_in_helix_subspace,200,0.0,0.9549999833106995,-7.082258224487305,-0.7835023403167725,24.412859697725295,74.12384033203125
A,20,-5,full_swap,200,0.0,0.9249999523162842,-6.965212821960449,-0.810845136642456,46.59535598754883,74.12384033203125
A,21,-5,helix,200,0.0,0.9649999737739563,-7.137481689453125,-0.7706738114356995,22.68731341636331,77.5409164428711
A,21,-5,only_T2,200,0.0,0.9799999594688416,-7.129922866821289,-0.770608127117157,12.787630179287818,77.5409164428711
A,21,-5,only_T5,200,0.0,0.9950000047683716,-7.123133182525635,-0.7720749378204346,2.1218866491216844e-14,77.5409164428711
A,21,-5,only_T10,200,0.0,0.9749999642372131,-7.138391971588135,-0.7708798050880432,17.372182455576425,77.5409164428711
A,21,-5,only_T100,200,0.0,0.9899999499320984,-7.125977039337158,-0.7744144797325134,5.7433675160416895,77.5409164428711
A,21,-5,only_lin,200,0.0,0.9950000047683716,-7.121895790100098,-0.7707053422927856,3.1834551359830208,77.5409164428711
A,21,-5,random_orth,200,0.0,0.9950000047683716,-7.126618385314941,-0.7698713541030884,22.68731341636331,77.5409164428711
A,21,-5,real_diff_in_helix_subspace,200,0.0,0.9699999690055847,-7.141891956329346,-0.770248532295227,25.737425630200647,77.5409164428711
A,21,-5,full_swap,200,0.0,0.9449999928474426,-7.117639064788818,-0.7803077697753906,48.9069938659668,77.5409164428711
A,22,-5,helix,200,0.0,0.9699999690055847,-7.139214992523193,-0.7710831761360168,23.67123958027399,81.76917266845703
A,22,-5,only_T2,200,0.0,0.9799999594688416,-7.13250732421875,-0.7697106599807739,13.346159680311215,81.76917266845703
A,22,-5,only_T5,200,0.0,0.9950000047683716,-7.123133182525635,-0.7720749378204346,2.2293989006032274e-14,81.76917266845703
A,22,-5,only_T10,200,0.0,0.9749999642372131,-7.141375541687012,-0.7715644836425781,18.109575016368453,81.76917266845703
A,22,-5,only_T100,200,0.0,0.9899999499320984,-7.125505447387695,-0.7732933759689331,6.040311655097355,81.76917266845703
A,22,-5,only_lin,200,0.0,0.9950000047683716,-7.121294975280762,-0.7704887986183167,3.360026732814491,81.76917266845703
A,22,-5,random_orth,200,0.0,0.9950000047683716,-7.127218246459961,-0.7718719244003296,23.67123958027399,81.76917266845703
A,22,-5,real_diff_in_helix_subspace,200,0.0,0.9699999690055847,-7.142722129821777,-0.7715502977371216,26.9898591593562,81.76917266845703
A,22,-5,full_swap,200,0.0,0.9449999928474426,-7.124248027801514,-0.7811502814292908,51.2294807434082,81.76917266845703
A,23,-5,helix,200,0.0,0.9699999690055847,-7.142062187194824,-0.7723455429077148,24.496574849094042,85.81939697265625
A,23,-5,only_T2,200,0.0,0.9799999594688416,-7.13238000869751,-0.7703458070755005,13.785613108539794,85.81939697265625
A,23,-5,only_T5,200,0.0,0.9950000047683716,-7.123133182525635,-0.7720749378204346,2.3064296693567822e-14,85.81939697265625
A,23,-5,only_T10,200,0.0,0.9749999642372131,-7.146650314331055,-0.7728222608566284,18.731859895407382,85.81939697265625
A,23,-5,only_T100,200,0.0,0.98499995470047,-7.123895645141602,-0.7738527655601501,6.2361558391827865,85.81939697265625
A,23,-5,only_lin,200,0.0,0.9950000047683716,-7.122511386871338,-0.7712380290031433,3.482297928237042,85.81939697265625
A,23,-5,random_orth,200,0.0,0.9899999499320984,-7.129440784454346,-0.7709609270095825,24.496574849094042,85.81939697265625
A,23,-5,real_diff_in_helix_subspace,200,0.0,0.9749999642372131,-7.1452507972717285,-0.7719374895095825,27.985572347861734,85.81939697265625
A,23,-5,full_swap,200,0.0,0.9549999833106995,-7.138552188873291,-0.7807621359825134,53.04279708862305,85.81939697265625
A,24,-5,helix,200,0.0,0.98499995470047,-7.130665302276611,-0.7647379636764526,24.986763614042975,89.28428649902344
A,24,-5,only_T2,200,0.0,1.0,-7.13001012802124,-0.7679970264434814,14.0395324505704,89.28428649902344
A,24,-5,only_T5,200,0.0,0.9950000047683716,-7.123133182525635,-0.7720749378204346,2.374084321265417e-14,89.28428649902344
A,24,-5,only_T10,200,0.0,0.98499995470047,-7.131524562835693,-0.7661645412445068,19.103573352942867,89.28428649902344
A,24,-5,only_T100,200,0.0,0.9899999499320984,-7.123603343963623,-0.7738048434257507,6.358052446277659,89.28428649902344
A,24,-5,only_lin,200,0.0,0.9899999499320984,-7.121138572692871,-0.7720585465431213,3.578176049253262,89.28428649902344
A,24,-5,random_orth,200,0.0,0.98499995470047,-7.129385948181152,-0.7711310982704163,24.986763614042975,89.28428649902344
A,24,-5,real_diff_in_helix_subspace,200,0.0,0.98499995470047,-7.137984275817871,-0.7644623517990112,28.623171990382833,89.28428649902344
A,24,-5,full_swap,200,0.0,0.9799999594688416,-7.1340179443359375,-0.7628010511398315,54.340370178222656,89.28428649902344
A,25,-5,helix,200,0.0,0.98499995470047,-7.131583213806152,-0.7647992372512817,25.606250795246314,93.95521545410156
A,25,-5,only_T2,200,0.0,0.9950000047683716,-7.127504348754883,-0.7683590054512024,14.30586594595053,93.95521545410156
A,25,-5,only_T5,200,0.0,0.9950000047683716,-7.123133182525635,-0.7720749378204346,2.435564639245086e-14,93.95521545410156
A,25,-5,only_T10,200,0.0,0.9799999594688416,-7.132426738739014,-0.7669610381126404,19.58244204454575,93.95521545410156
A,25,-5,only_T100,200,0.0,0.9899999499320984,-7.122034549713135,-0.7736192941665649,6.553904635562779,93.95521545410156
A,25,-5,only_lin,200,0.0,0.9899999499320984,-7.12190580368042,-0.7724947929382324,3.692354393154998,93.95521545410156
A,25,-5,random_orth,200,0.0,0.9950000047683716,-7.125916004180908,-0.7721565961837769,25.606250795246318,93.95521545410156
A,25,-5,real_diff_in_helix_subspace,200,0.0,0.98499995470047,-7.138007164001465,-0.7643807530403137,29.54795311877896,93.95521545410156
A,25,-5,full_swap,200,0.0,0.98499995470047,-7.136953353881836,-0.7628739476203918,55.91701126098633,93.95521545410156
A,26,-5,helix,200,0.0,0.98499995470047,-7.130983829498291,-0.7640908360481262,26.147833321280647,101.87740325927734
A,26,-5,only_T2,200,0.0,0.9950000047683716,-7.131790637969971,-0.7679051756858826,14.531783585479785,101.87740325927734
A,26,-5,only_T5,200,0.0,0.9950000047683716,-7.123133182525635,-0.7720749378204346,2.4731849499661967e-14,101.87740325927734
A,26,-5,only_T10,200,0.0,0.9899999499320984,-7.1306586265563965,-0.7669613361358643,20.0314765065464,101.87740325927734
A,26,-5,only_T100,200,0.0,0.9899999499320984,-7.123610019683838,-0.77377849817276,6.678930316191193,101.87740325927734
A,26,-5,only_lin,200,0.0,0.9899999499320984,-7.122983455657959,-0.7722029089927673,3.76449226337227,101.87740325927734
A,26,-5,random_orth,200,0.0,0.9950000047683716,-7.127449989318848,-0.7715919613838196,26.14783332128065,101.87740325927734
A,26,-5,real_diff_in_helix_subspace,200,0.0,0.98499995470047,-7.1363115310668945,-0.7643010020256042,30.25809150910893,101.87740325927734
A,26,-5,full_swap,200,0.0,0.9799999594688416,-7.1383256912231445,-0.7623681426048279,57.153560638427734,101.87740325927734
A,27,-5,helix,200,0.0,0.9950000047683716,-7.125267028808594,-0.7715569734573364,26.482876004128897,110.75359344482422
A,27,-5,only_T2,200,0.0,0.9950000047683716,-7.124460220336914,-0.7716854810714722,14.602141556046378,110.75359344482422
A,27,-5,only_T5,200,0.0,0.9950000047683716,-7.123133182525635,-0.7720749378204346,2.507986408467598e-14,110.75359344482422
A,27,-5,only_T10,200,0.0,0.9950000047683716,-7.125040531158447,-0.7718148827552795,20.328418997045198,110.75359344482422
A,27,-5,only_T100,200,0.0,0.9950000047683716,-7.124602317810059,-0.7717738151550293,6.817150540339396,110.75359344482422
A,27,-5,only_lin,200,0.0,0.9950000047683716,-7.12392520904541,-0.7712149620056152,3.8254539656606217,110.75359344482422
A,27,-5,random_orth,200,0.0,0.9950000047683716,-7.12701416015625,-0.7714686393737793,26.482876004128897,110.75359344482422
A,27,-5,real_diff_in_helix_subspace,200,0.0,0.9950000047683716,-7.12493896484375,-0.7715154886245728,30.84258989930324,110.75359344482422
A,27,-5,full_swap,200,0.0,0.9950000047683716,-7.125770092010498,-0.7726166248321533,58.169063568115234,110.75359344482422
A,28,-5,helix,200,0.0,0.9899999499320984,-7.124499320983887,-0.7717793583869934,27.03526394671483,121.66937255859375
A,28,-5,only_T2,200,0.0,0.9950000047683716,-7.123951435089111,-0.7720469236373901,14.825671763659242,121.66937255859375
A,28,-5,only_T5,200,0.0,0.9950000047683716,-7.123133182525635,-0.7720749378204346,2.562318579252468e-14,121.66937255859375
A,28,-5,only_T10,200,0.0,0.9950000047683716,-7.123850345611572,-0.7719797492027283,20.76416849847172,121.66937255859375
A,28,-5,only_T100,200,0.0,0.9950000047683716,-7.123470783233643,-0.7718577980995178,7.01344295242562,121.66937255859375
A,28,-5,only_lin,200,0.0,0.9950000047683716,-7.1240668296813965,-0.7715244889259338,3.87252399066061,121.66937255859375
A,28,-5,random_orth,200,0.0,0.9950000047683716,-7.126444339752197,-0.7713691592216492,27.03526394671483,121.66937255859375
A,28,-5,real_diff_in_helix_subspace,200,0.0,0.9950000047683716,-7.124886989593506,-0.7716195583343506,31.571254728653557,121.66937255859375
A,28,-5,full_swap,200,0.0,0.9950000047683716,-7.12398099899292,-0.7735801339149475,59.26700210571289,121.66937255859375
A,29,-5,helix,200,0.0,0.9950000047683716,-7.123673439025879,-0.7722463607788086,27.65246279185887,136.8381805419922
A,29,-5,only_T2,200,0.0,0.9950000047683716,-7.123775005340576,-0.7720950245857239,15.091159424343685,136.8381805419922
A,29,-5,only_T5,200,0.0,0.9950000047683716,-7.123133182525635,-0.7720749378204346,2.6293858549181186e-14,136.8381805419922
A,29,-5,only_T10,200,0.0,0.9950000047683716,-7.123360633850098,-0.7719929218292236,21.225808403198027,136.8381805419922
A,29,-5,only_T100,200,0.0,0.9950000047683716,-7.124013423919678,-0.7718589901924133,7.251582349653318,136.8381805419922
A,29,-5,only_lin,200,0.0,0.9950000047683716,-7.125068187713623,-0.7716651558876038,3.9564285377389727,136.8381805419922
A,29,-5,random_orth,200,0.0,0.9950000047683716,-7.123837947845459,-0.7715550065040588,27.652462791858873,136.8381805419922
A,29,-5,real_diff_in_helix_subspace,200,0.0,0.9950000047683716,-7.124278545379639,-0.7720155119895935,32.458947604290756,136.8381805419922
A,29,-5,full_swap,200,0.0,0.9899999499320984,-7.124675273895264,-0.7718974351882935,60.59309387207031,136.8381805419922
A,30,-5,helix,200,0.0,0.9950000047683716,-7.123796463012695,-0.7717936635017395,28.453783105759268,160.83616638183594
A,30,-5,only_T2,200,0.0,0.9950000047683716,-7.123007774353027,-0.7719039916992188,15.341500624193495,160.83616638183594
A,30,-5,only_T5,200,0.0,0.9950000047683716,-7.123133182525635,-0.7720749378204346,2.7042290769268846e-14,160.83616638183594
A,30,-5,only_T10,200,0.0,0.9950000047683716,-7.12304162979126,-0.7721943259239197,21.921678658738266,160.83616638183594
A,30,-5,only_T100,200,0.0,0.9950000047683716,-7.122894287109375,-0.7720381021499634,7.524804148540721,160.83616638183594
A,30,-5,only_lin,200,0.0,0.9950000047683716,-7.1229472160339355,-0.771938145160675,4.06306189719956,160.83616638183594
A,30,-5,random_orth,200,0.0,0.9950000047683716,-7.12514591217041,-0.7719536423683167,28.453783105759268,160.83616638183594
A,30,-5,real_diff_in_helix_subspace,200,0.0,0.9950000047683716,-7.12364387512207,-0.7719464898109436,33.65699715104465,160.83616638183594
A,30,-5,full_swap,200,0.0,0.9950000047683716,-7.1229424476623535,-0.7716166377067566,62.22003936767578,160.83616638183594
A,31,-5,helix,200,0.0,0.9950000047683716,-7.123133182525635,-0.7720749378204346,29.051689878954015,190.6914520263672
A,31,-5,only_T2,200,0.0,0.9950000047683716,-7.123133182525635,-0.7720749378204346,15.521177385453907,190.6914520263672
A,31,-5,only_T5,200,0.0,0.9950000047683716,-7.123133182525635,-0.7720749378204346,2.7568247701910763e-14,190.6914520263672
A,31,-5,only_T10,200,0.0,0.9950000047683716,-7.123133182525635,-0.7720749378204346,22.398635490702176,190.6914520263672
A,31,-5,only_T100,200,0.0,0.9950000047683716,-7.123133182525635,-0.7720749378204346,7.810116063868306,190.6914520263672
A,31,-5,only_lin,200,0.0,0.9950000047683716,-7.123133182525635,-0.7720749378204346,4.170027538776881,190.6914520263672
A,31,-5,random_orth,200,0.0,0.9950000047683716,-7.123133182525635,-0.7720749378204346,29.051689878954015,190.6914520263672
A,31,-5,real_diff_in_helix_subspace,200,0.0,0.9950000047683716,-7.123133182525635,-0.7720749378204346,34.763745617015545,190.6914520263672
A,31,-5,full_swap,200,0.0,0.9950000047683716,-7.123133182525635,-0.7720749378204346,63.73631286621094,190.6914520263672
A,0,-2,helix,200,0.35499998927116394,0.41999998688697815,-2.2248761653900146,-2.096163034439087,2.622034407746716,6.969707489013672
A,0,-2,only_T2,200,0.0,0.9950000047683716,-4.48984432220459,-0.7300565242767334,0.0,6.969707489013672
A,0,-2,only_T5,200,0.16499999165534973,0.5699999928474426,-3.010037660598755,-1.549103021621704,2.2034102662643624,6.969707489013672
A,0,-2,only_T10,200,0.06499999761581421,0.8100000023841858,-3.6766269207000732,-0.992541491985321,1.3531989927211407,6.969707489013672
A,0,-2,only_T100,200,0.004999999888241291,0.949999988079071,-4.472519874572754,-0.7411013841629028,0.2624035853396412,6.969707489013672
A,0,-2,only_lin,200,0.0,0.9749999642372131,-4.475587844848633,-0.7386897206306458,0.12361382640194034,6.969707489013672
A,0,-2,random_orth,200,0.0,0.9449999928474426,-4.547761917114258,-0.7329582571983337,2.622034407746716,6.969707489013672
A,0,-2,real_diff_in_helix_subspace,200,0.2800000011920929,0.44999998807907104,-2.4656548500061035,-2.0431230068206787,2.357064400617549,6.969707489013672
A,0,-2,full_swap,200,0.6599999666213989,0.07499999552965164,-1.2678898572921753,-3.908902168273926,5.608560562133789,6.969707489013672
A,1,-2,helix,200,0.35999998450279236,0.3999999761581421,-2.231637954711914,-2.104167938232422,2.804577883363235,7.458094596862793
A,1,-2,only_T2,200,0.0,0.9950000047683716,-4.48984432220459,-0.7300565242767334,0.0,7.458094596862793
A,1,-2,only_T5,200,0.16499999165534973,0.5849999785423279,-3.022029399871826,-1.546533465385437,2.348568027534749,7.458094596862793
A,1,-2,only_T10,200,0.06499999761581421,0.8050000071525574,-3.6692049503326416,-1.0179063081741333,1.4521089635926017,7.458094596862793
A,1,-2,only_T100,200,0.004999999888241291,0.9549999833106995,-4.458620548248291,-0.7381604313850403,0.29261029939146177,7.458094596862793
A,1,-2,only_lin,200,0.004999999888241291,0.9749999642372131,-4.4684367179870605,-0.7457588315010071,0.1472390218051548,7.458094596862793
A,1,-2,random_orth,200,0.0,0.9249999523162842,-4.529051303863525,-0.7239072918891907,2.8045778833632355,7.458094596862793
A,1,-2,real_diff_in_helix_subspace,200,0.3050000071525574,0.41499999165534973,-2.433631420135498,-2.078476667404175,2.5773542480640357,7.458094596862793
A,1,-2,full_swap,200,0.6699999570846558,0.07499999552965164,-1.2826881408691406,-3.873891592025757,6.037473201751709,7.458094596862793
A,2,-2,helix,200,0.3499999940395355,0.4099999964237213,-2.210500478744507,-2.1132853031158447,3.2815803437002837,9.890432357788086
A,2,-2,only_T2,200,0.0,0.9950000047683716,-4.48984432220459,-0.7300565242767334,0.0,9.890432357788086
A,2,-2,only_T5,200,0.16499999165534973,0.5899999737739563,-3.0200676918029785,-1.5305498838424683,2.739985925472621,9.890432357788086
A,2,-2,only_T10,200,0.07499999552965164,0.7849999666213989,-3.640981435775757,-1.0209264755249023,1.695692266433799,9.890432357788086
A,2,-2,only_T100,200,0.0,0.9649999737739563,-4.468963146209717,-0.7399210929870605,0.35527837430915654,9.890432357788086
A,2,-2,only_lin,200,0.004999999888241291,0.9699999690055847,-4.463997840881348,-0.748214066028595,0.18085091887471244,9.890432357788086
A,2,-2,random_orth,200,0.0,0.9249999523162842,-4.537924289703369,-0.7506837844848633,3.2815803437002837,9.890432357788086
A,2,-2,real_diff_in_helix_subspace,200,0.29499998688697815,0.429999977350235,-2.3991832733154297,-2.0941450595855713,3.062897883390998,9.890432357788086
A,2,-2,full_swap,200,0.699999988079071,0.07000000029802322,-1.2898406982421875,-3.8423357009887695,6.927254676818848,9.890432357788086
A,3,-2,helix,200,0.38499999046325684,0.3799999952316284,-2.1711320877075195,-2.176762342453003,3.9803976214286068,12.371406555175781
A,3,-2,only_T2,200,0.0,0.9950000047683716,-4.48984432220459,-0.7300565242767334,0.0,12.371406555175781
A,3,-2,only_T5,200,0.17499999701976776,0.550000011920929,-2.99696946144104,-1.5819091796875,3.3406026559106157,12.371406555175781
A,3,-2,only_T10,200,0.07999999821186066,0.7749999761581421,-3.6208813190460205,-1.030745029449463,2.0269360703830364,12.371406555175781
A,3,-2,only_T100,200,0.004999999888241291,0.9449999928474426,-4.466377258300781,-0.7441673278808594,0.4298086292037052,12.371406555175781
A,3,-2,only_lin,200,0.0,0.9799999594688416,-4.468044757843018,-0.7464099526405334,0.2152705004567943,12.371406555175781
A,3,-2,random_orth,200,0.0,0.9399999976158142,-4.508083343505859,-0.7135821580886841,3.9803976214286068,12.371406555175781
A,3,-2,real_diff_in_helix_subspace,200,0.3400000035762787,0.38499999046325684,-2.3169620037078857,-2.1865270137786865,3.822252577222922,12.371406555175781
A,3,-2,full_swap,200,0.675000011920929,0.08500000089406967,-1.3201255798339844,-3.804659366607666,8.276314735412598,12.371406555175781
A,4,-2,helix,200,0.375,0.38499999046325684,-2.2055346965789795,-2.1659677028656006,4.404833986886821,15.347543716430664
A,4,-2,only_T2,200,0.0,0.9950000047683716,-4.48984432220459,-0.7300565242767334,0.0,15.347543716430664
A,4,-2,only_T5,200,0.17000000178813934,0.5699999928474426,-3.013047933578491,-1.583503246307373,3.7032388866739137,15.347543716430664
A,4,-2,only_T10,200,0.07999999821186066,0.7849999666213989,-3.6366021633148193,-1.0281273126602173,2.230931350711315,15.347543716430664
A,4,-2,only_T100,200,0.0,0.9549999833106995,-4.470247268676758,-0.7439245581626892,0.49107518235708886,15.347543716430664
A,4,-2,only_lin,200,0.0,0.9799999594688416,-4.466512203216553,-0.7488725185394287,0.25581981673869847,15.347543716430664
A,4,-2,random_orth,200,0.004999999888241291,0.9199999570846558,-4.489834308624268,-0.7377499341964722,4.40483398688682,15.347543716430664
A,4,-2,real_diff_in_helix_subspace,200,0.32499998807907104,0.38499999046325684,-2.332045793533325,-2.1643800735473633,4.280642281381827,15.347543716430664
A,4,-2,full_swap,200,0.6349999904632568,0.11999999731779099,-1.4205868244171143,-3.660071849822998,9.332698822021484,15.347543716430664
A,5,-2,helix,200,0.35999998450279236,0.39499998092651367,-2.204587697982788,-2.1511363983154297,5.217978718391686,18.344013214111328
A,5,-2,only_T2,200,0.0,0.9950000047683716,-4.48984432220459,-0.7300565242767334,0.0,18.344013214111328
A,5,-2,only_T5,200,0.16499999165534973,0.574999988079071,-3.024825096130371,-1.5797550678253174,4.46460709447982,18.344013214111328
A,5,-2,only_T10,200,0.08999999612569809,0.7749999761581421,-3.6177165508270264,-1.0361829996109009,2.5095430068937703,18.344013214111328
A,5,-2,only_T100,200,0.004999999888241291,0.949999988079071,-4.472467422485352,-0.7425621747970581,0.5678625723275698,18.344013214111328
A,5,-2,only_lin,200,0.004999999888241291,0.9749999642372131,-4.467651844024658,-0.7467890977859497,0.29519243177178217,18.344013214111328
A,5,-2,random_orth,200,0.009999999776482582,0.9249999523162842,-4.510268211364746,-0.7407943606376648,5.217978718391686,18.344013214111328
A,5,-2,real_diff_in_helix_subspace,200,0.3449999988079071,0.3799999952316284,-2.3256006240844727,-2.161257266998291,5.096875366759916,18.344013214111328
A,5,-2,full_swap,200,0.6299999952316284,0.12999999523162842,-1.4585518836975098,-3.592188835144043,10.802116394042969,18.344013214111328
A,6,-2,helix,200,0.35499998927116394,0.38999998569488525,-2.189603328704834,-2.156942367553711,6.017214459441777,21.321149826049805
A,6,-2,only_T2,200,0.0,0.9950000047683716,-4.48984432220459,-0.7300565242767334,0.0,21.321149826049805
A,6,-2,only_T5,200,0.1599999964237213,0.5649999976158142,-3.009186267852783,-1.5800484418869019,5.1978477898807,21.321149826049805
A,6,-2,only_T10,200,0.07999999821186066,0.7849999666213989,-3.609987497329712,-1.0328385829925537,2.7982044566825572,21.321149826049805
A,6,-2,only_T100,200,0.004999999888241291,0.9649999737739563,-4.472879409790039,-0.742825448513031,0.6387379071547151,21.321149826049805
A,6,-2,only_lin,200,0.004999999888241291,0.9699999690055847,-4.469296455383301,-0.7455646395683289,0.33090936900022927,21.321149826049805
A,6,-2,random_orth,200,0.009999999776482582,0.9249999523162842,-4.4943413734436035,-0.7356675267219543,6.017214459441777,21.321149826049805
A,6,-2,real_diff_in_helix_subspace,200,0.3349999785423279,0.3999999761581421,-2.340540647506714,-2.149561643600464,5.880663172746214,21.321149826049805
A,6,-2,full_swap,200,0.6049999594688416,0.14499999582767487,-1.5377247333526611,-3.5562596321105957,12.09704875946045,21.321149826049805
A,7,-2,helix,200,0.35499998927116394,0.39499998092651367,-2.2614221572875977,-2.1157546043395996,6.509933228233288,23.242046356201172
A,7,-2,only_T2,200,0.0,0.9950000047683716,-4.48984432220459,-0.7300565242767334,0.0,23.242046356201172
A,7,-2,only_T5,200,0.14999999105930328,0.5799999833106995,-3.0738472938537598,-1.5510636568069458,5.637067095224868,23.242046356201172
A,7,-2,only_T10,200,0.08500000089406967,0.7799999713897705,-3.625067710876465,-1.033395767211914,2.99729464081483,23.242046356201172
A,7,-2,only_T100,200,0.0,0.9599999785423279,-4.4711151123046875,-0.740218460559845,0.685269983902472,23.242046356201172
A,7,-2,only_lin,200,0.0,0.9749999642372131,-4.468679428100586,-0.7452755570411682,0.36212593348464084,23.242046356201172
A,7,-2,random_orth,200,0.0,0.9300000071525574,-4.498600959777832,-0.7581206560134888,6.509933228233287,23.242046356201172
A,7,-2,real_diff_in_helix_subspace,200,0.32999998331069946,0.41499999165534973,-2.416862964630127,-2.1050643920898438,6.389681371235191,23.242046356201172
A,7,-2,full_swap,200,0.574999988079071,0.1599999964237213,-1.6785002946853638,-3.4171526432037354,13.064704895019531,23.242046356201172
A,8,-2,helix,200,0.35499998927116394,0.39499998092651367,-2.2422685623168945,-2.142899990081787,6.930559779407011,25.670812606811523
A,8,-2,only_T2,200,0.0,0.9950000047683716,-4.48984432220459,-0.7300565242767334,0.0,25.670812606811523
A,8,-2,only_T5,200,0.1599999964237213,0.5699999928474426,-3.047659158706665,-1.560628890991211,6.006180402193576,25.670812606811523
A,8,-2,only_T10,200,0.07999999821186066,0.7699999809265137,-3.609151601791382,-1.045709490776062,3.1736620003053075,25.670812606811523
A,8,-2,only_T100,200,0.004999999888241291,0.949999988079071,-4.473456859588623,-0.74247145652771,0.7174165945955329,25.670812606811523
A,8,-2,only_lin,200,0.004999999888241291,0.9799999594688416,-4.470706462860107,-0.7445458173751831,0.3823159810826107,25.670812606811523
A,8,-2,random_orth,200,0.004999999888241291,0.9300000071525574,-4.482125282287598,-0.765798032283783,6.930559779407009,25.670812606811523
A,8,-2,real_diff_in_helix_subspace,200,0.3449999988079071,0.38499999046325684,-2.4129414558410645,-2.156224250793457,6.850572628191121,25.670812606811523
A,8,-2,full_swap,200,0.574999988079071,0.16499999165534973,-1.6880232095718384,-3.41827392578125,13.836908340454102,25.670812606811523
A,9,-2,helix,200,0.35999998450279236,0.39499998092651367,-2.225372314453125,-2.1665561199188232,7.552543617011467,28.583162307739258
A,9,-2,only_T2,200,0.0,0.9950000047683716,-4.48984432220459,-0.7300565242767334,0.0,28.583162307739258
A,9,-2,only_T5,200,0.1550000011920929,0.574999988079071,-3.0378684997558594,-1.5804721117019653,6.532593822609312,28.583162307739258
A,9,-2,only_T10,200,0.07999999821186066,0.7649999856948853,-3.5983598232269287,-1.0493050813674927,3.4764296040794522,28.583162307739258
A,9,-2,only_T100,200,0.0,0.9749999642372131,-4.470268249511719,-0.743036150932312,0.7817877340939218,28.583162307739258
A,9,-2,only_lin,200,0.004999999888241291,0.98499995470047,-4.466115474700928,-0.7432698011398315,0.4151174158504329,28.583162307739258
A,9,-2,random_orth,200,0.004999999888241291,0.9350000023841858,-4.491154670715332,-0.7534829378128052,7.552543617011465,28.583162307739258
A,9,-2,real_diff_in_helix_subspace,200,0.3499999940395355,0.3799999952316284,-2.4068925380706787,-2.1888527870178223,7.565081905864267,28.583162307739258
A,9,-2,full_swap,200,0.574999988079071,0.16499999165534973,-1.680467128753662,-3.4206197261810303,15.140259742736816,28.583162307739258
A,10,-2,helix,200,0.375,0.38999998569488525,-2.1895244121551514,-2.1777284145355225,8.337463272739315,31.006444931030273
A,10,-2,only_T2,200,0.0,0.9950000047683716,-4.48984432220459,-0.7300565242767334,0.0,31.006444931030273
A,10,-2,only_T5,200,0.1550000011920929,0.5649999976158142,-3.023761510848999,-1.5788527727127075,7.191297635905617,31.006444931030273
A,10,-2,only_T10,200,0.08500000089406967,0.7599999904632568,-3.5700087547302246,-1.0591204166412354,3.8825713332165,31.006444931030273
A,10,-2,only_T100,200,0.004999999888241291,0.9549999833106995,-4.473334312438965,-0.7447999119758606,0.8506815037151463,31.006444931030273
A,10,-2,only_lin,200,0.0,0.98499995470047,-4.468878746032715,-0.74455726146698,0.4500344645428611,31.006444931030273
A,10,-2,random_orth,200,0.0,0.9149999618530273,-4.4796013832092285,-0.7721800804138184,8.337463272739317,31.006444931030273
A,10,-2,real_diff_in_helix_subspace,200,0.35499998927116394,0.3799999952316284,-2.3778111934661865,-2.2140042781829834,8.340577988746087,31.006444931030273
A,10,-2,full_swap,200,0.5799999833106995,0.16499999165534973,-1.6893872022628784,-3.418048620223999,16.55462074279785,31.006444931030273
A,11,-2,helix,200,0.42499998211860657,0.3400000035762787,-2.131243944168091,-2.209615468978882,9.300510978966551,33.9237174987793
A,11,-2,only_T2,200,0.0,0.9950000047683716,-4.48984432220459,-0.7300565242767334,0.0,33.9237174987793
A,11,-2,only_T5,200,0.17999999225139618,0.550000011920929,-2.9933536052703857,-1.6104736328125,8.048465704621597,33.9237174987793
A,11,-2,only_T10,200,0.0949999988079071,0.7299999594688416,-3.5328807830810547,-1.091922640800476,4.348965260196479,33.9237174987793
A,11,-2,only_T100,200,0.004999999888241291,0.9699999690055847,-4.475534439086914,-0.7407943606376648,0.9285554657226589,33.9237174987793
A,11,-2,only_lin,200,0.004999999888241291,0.9699999690055847,-4.469987869262695,-0.7438483238220215,0.4961383426231282,33.9237174987793
A,11,-2,random_orth,200,0.004999999888241291,0.8949999809265137,-4.480820655822754,-0.7989405393600464,9.300510978966551,33.9237174987793
A,11,-2,real_diff_in_helix_subspace,200,0.35499998927116394,0.3700000047683716,-2.3128316402435303,-2.242405891418457,9.323269977426355,33.9237174987793
A,11,-2,full_swap,200,0.550000011920929,0.17000000178813934,-1.726392149925232,-3.389524221420288,18.376453399658203,33.9237174987793
A,12,-2,helix,200,0.4449999928474426,0.32499998807907104,-2.073819637298584,-2.264514684677124,10.491350859693357,37.39773178100586
A,12,-2,only_T2,200,0.0,0.9950000047683716,-4.48984432220459,-0.7300565242767334,0.0,37.39773178100586
A,12,-2,only_T5,200,0.1850000023841858,0.5399999618530273,-2.9659056663513184,-1.6439285278320312,9.035108802447741,37.39773178100586
A,12,-2,only_T10,200,0.0949999988079071,0.7199999690055847,-3.479522705078125,-1.1172388792037964,4.979101197384134,37.39773178100586
A,12,-2,only_T100,200,0.004999999888241291,0.9649999737739563,-4.474734306335449,-0.7396469116210938,1.022153243855221,37.39773178100586
A,12,-2,only_lin,200,0.0,0.98499995470047,-4.46983528137207,-0.7453524470329285,0.5472529524149929,37.39773178100586
A,12,-2,random_orth,200,0.0,0.9149999618530273,-4.456998825073242,-0.791595995426178,10.491350859693357,37.39773178100586
A,12,-2,real_diff_in_helix_subspace,200,0.375,0.3649999797344208,-2.206716537475586,-2.3136959075927734,10.605929450053704,37.39773178100586
A,12,-2,full_swap,200,0.5550000071525574,0.1599999964237213,-1.7213712930679321,-3.3945066928863525,20.809797286987305,37.39773178100586
A,13,-2,helix,200,0.22499999403953552,0.5699999928474426,-2.6774065494537354,-1.527140498161316,11.650572494903898,41.12138366699219
A,13,-2,only_T2,200,0.0,0.9950000047683716,-4.48984432220459,-0.7300565242767334,0.0,41.12138366699219
A,13,-2,only_T5,200,0.09999999403953552,0.75,-3.4091691970825195,-1.1686310768127441,10.001861887429802,41.12138366699219
A,13,-2,only_T10,200,0.05999999865889549,0.7999999523162842,-3.762136220932007,-0.9778332114219666,5.560371757579602,41.12138366699219
A,13,-2,only_T100,200,0.004999999888241291,0.9799999594688416,-4.476393222808838,-0.738028347492218,1.145879738841356,41.12138366699219
A,13,-2,only_lin,200,0.0,0.9950000047683716,-4.478366851806641,-0.7380288243293762,0.6206798047608102,41.12138366699219
A,13,-2,random_orth,200,0.0,0.9350000023841858,-4.475895404815674,-0.7714866995811462,11.6505724949039,41.12138366699219
A,13,-2,real_diff_in_helix_subspace,200,0.2149999886751175,0.5649999976158142,-2.7443368434906006,-1.579387903213501,12.072461390673853,41.12138366699219
A,13,-2,full_swap,200,0.3449999988079071,0.3449999988079071,-2.183093786239624,-2.3935253620147705,23.3375301361084,41.12138366699219
A,14,-2,helix,200,0.044999998062849045,0.8499999642372131,-3.709592819213867,-0.9111405611038208,12.838878576672855,44.9196891784668
A,14,-2,only_T2,200,0.0,0.9950000047683716,-4.48984432220459,-0.7300565242767334,0.0,44.9196891784668
A,14,-2,only_T5,200,0.029999999329447746,0.8799999952316284,-4.028268814086914,-0.8347126841545105,11.032688473764948,44.9196891784668
A,14,-2,only_T10,200,0.014999999664723873,0.9350000023841858,-4.21036958694458,-0.7824345827102661,6.098148840019035,44.9196891784668
A,14,-2,only_T100,200,0.004999999888241291,0.98499995470047,-4.478753089904785,-0.739039957523346,1.2732356960763673,44.9196891784668
A,14,-2,only_lin,200,0.0,1.0,-4.481178283691406,-0.7379395961761475,0.6953120443145084,44.9196891784668
A,14,-2,random_orth,200,0.004999999888241291,0.9749999642372131,-4.48397970199585,-0.7359049916267395,12.838878576672855,44.9196891784668
A,14,-2,real_diff_in_helix_subspace,200,0.03999999910593033,0.824999988079071,-3.73329496383667,-0.933053195476532,13.315427775681153,44.9196891784668
A,14,-2,full_swap,200,0.10999999940395355,0.73499995470047,-3.3297863006591797,-1.2955265045166016,25.746623992919922,44.9196891784668
A,15,-2,helix,200,0.044999998062849045,0.8499999642372131,-3.716315507888794,-0.9142596125602722,14.11169383265118,50.152469635009766
A,15,-2,only_T2,200,0.0,0.9950000047683716,-4.48984432220459,-0.7300565242767334,0.0,50.152469635009766
A,15,-2,only_T5,200,0.029999999329447746,0.8849999904632568,-4.030570983886719,-0.8371912240982056,12.167599886313283,50.152469635009766
A,15,-2,only_T10,200,0.014999999664723873,0.9300000071525574,-4.211184978485107,-0.7837250828742981,6.619491494315153,50.152469635009766
A,15,-2,only_T100,200,0.0,0.9799999594688416,-4.480494499206543,-0.7393035888671875,1.440007412233286,50.152469635009766
A,15,-2,only_lin,200,0.0,0.9950000047683716,-4.479102611541748,-0.7371691465377808,0.7618213984761768,50.152469635009766
A,15,-2,random_orth,200,0.009999999776482582,0.9749999642372131,-4.479353427886963,-0.7415474057197571,14.11169383265118,50.152469635009766
A,15,-2,real_diff_in_helix_subspace,200,0.044999998062849045,0.8100000023841858,-3.735419273376465,-0.9373444318771362,14.701491784426706,50.152469635009766
A,15,-2,full_swap,200,0.10499999672174454,0.73499995470047,-3.3466386795043945,-1.2953295707702637,28.237194061279297,50.152469635009766
A,16,-2,helix,200,0.044999998062849045,0.8499999642372131,-3.786841869354248,-0.8833795189857483,15.733986810276754,54.949684143066406
A,16,-2,only_T2,200,0.0,0.9950000047683716,-4.48984432220459,-0.7300565242767334,0.0,54.949684143066406
A,16,-2,only_T5,200,0.029999999329447746,0.8949999809265137,-4.080909252166748,-0.8136472702026367,13.507982800568907,54.949684143066406
A,16,-2,only_T10,200,0.014999999664723873,0.9399999976158142,-4.22176456451416,-0.7800721526145935,7.454735601003595,54.949684143066406
A,16,-2,only_T100,200,0.0,0.9899999499320984,-4.4803900718688965,-0.7391470074653625,1.6362962833940844,54.949684143066406
A,16,-2,only_lin,200,0.0,1.0,-4.4839653968811035,-0.7360208034515381,0.8717355716348671,54.949684143066406
A,16,-2,random_orth,200,0.004999999888241291,0.9699999690055847,-4.4834442138671875,-0.7373350262641907,15.733986810276752,54.949684143066406
A,16,-2,real_diff_in_helix_subspace,200,0.03999999910593033,0.8399999737739563,-3.7914581298828125,-0.8998242020606995,16.7748924053554,54.949684143066406
A,16,-2,full_swap,200,0.09999999403953552,0.75,-3.433028221130371,-1.185093641281128,32.199684143066406,54.949684143066406
A,17,-2,helix,200,0.03500000014901161,0.8899999856948853,-3.9619152545928955,-0.8278233408927917,17.3441116227512,60.100135803222656
A,17,-2,only_T2,200,0.0,0.9950000047683716,-4.48984432220459,-0.7300565242767334,0.0,60.100135803222656
A,17,-2,only_T5,200,0.019999999552965164,0.9249999523162842,-4.183168411254883,-0.7796143293380737,14.878486376642398,60.100135803222656
A,17,-2,only_T10,200,0.009999999776482582,0.949999988079071,-4.292125701904297,-0.7645376324653625,8.198126815661894,60.100135803222656
A,17,-2,only_T100,200,0.0,0.98499995470047,-4.4778852462768555,-0.737659215927124,1.8280700997345294,60.100135803222656
A,17,-2,only_lin,200,0.0,1.0,-4.484224319458008,-0.734883725643158,0.9777678545024997,60.100135803222656
A,17,-2,random_orth,200,0.009999999776482582,0.9749999642372131,-4.491633892059326,-0.7389811277389526,17.3441116227512,60.100135803222656
A,17,-2,real_diff_in_helix_subspace,200,0.03500000014901161,0.8700000047683716,-3.966099739074707,-0.8380957841873169,18.55932438214216,60.100135803222656
A,17,-2,full_swap,200,0.05999999865889549,0.8050000071525574,-3.6689467430114746,-0.9988515973091125,35.57453536987305,60.100135803222656
A,18,-2,helix,200,0.009999999776482582,0.9399999976158142,-4.347219944000244,-0.739201545715332,18.62900479245379,65.56584167480469
A,18,-2,only_T2,200,0.0,0.9950000047683716,-4.48984432220459,-0.7300565242767334,0.0,65.56584167480469
A,18,-2,only_T5,200,0.0,0.9549999833106995,-4.424535274505615,-0.7318030595779419,15.989332418103741,65.56584167480469
A,18,-2,only_T10,200,0.009999999776482582,0.9649999737739563,-4.425236225128174,-0.7343772649765015,8.766208889628851,65.56584167480469
A,18,-2,only_T100,200,0.0,1.0,-4.4835333824157715,-0.7317720651626587,1.9826649557845215,65.56584167480469
A,18,-2,only_lin,200,0.0,0.9950000047683716,-4.487428665161133,-0.7323085069656372,1.060421339843856,65.56584167480469
A,18,-2,random_orth,200,0.0,0.9899999499320984,-4.489435195922852,-0.7338485717773438,18.62900479245379,65.56584167480469
A,18,-2,real_diff_in_helix_subspace,200,0.009999999776482582,0.9599999785423279,-4.354879379272461,-0.7412052750587463,20.082446289859153,65.56584167480469
A,18,-2,full_swap,200,0.02499999850988388,0.8999999761581421,-4.174835681915283,-0.7846718430519104,38.300880432128906,65.56584167480469
A,19,-2,helix,200,0.009999999776482582,0.9599999785423279,-4.430855751037598,-0.7278663516044617,19.572134229897742,69.28772735595703
A,19,-2,only_T2,200,0.0,0.9950000047683716,-4.48984432220459,-0.7300565242767334,0.0,69.28772735595703
A,19,-2,only_T5,200,0.0,0.9749999642372131,-4.44758415222168,-0.7273178100585938,16.757232593368876,69.28772735595703
A,19,-2,only_T10,200,0.009999999776482582,0.9649999737739563,-4.481819152832031,-0.7287480235099792,9.23713953963613,69.28772735595703
A,19,-2,only_T100,200,0.0,0.9950000047683716,-4.483985424041748,-0.7307044863700867,2.094583723808234,69.28772735595703
A,19,-2,only_lin,200,0.0,1.0,-4.489197254180908,-0.7309801578521729,1.1273330585602723,69.28772735595703
A,19,-2,random_orth,200,0.0,0.9950000047683716,-4.489163875579834,-0.732897937297821,19.572134229897742,69.28772735595703
A,19,-2,real_diff_in_helix_subspace,200,0.009999999776482582,0.9549999833106995,-4.437795162200928,-0.733430027961731,21.127791413566328,69.28772735595703
A,19,-2,full_swap,200,0.009999999776482582,0.9399999976158142,-4.342198848724365,-0.7493136525154114,40.44411849975586,69.28772735595703
A,20,-2,helix,200,0.009999999776482582,0.9599999785423279,-4.432145595550537,-0.7266360521316528,20.55058574713406,73.77666473388672
A,20,-2,only_T2,200,0.0,0.9950000047683716,-4.48984432220459,-0.7300565242767334,0.0,73.77666473388672
A,20,-2,only_T5,200,0.0,0.9699999690055847,-4.44821834564209,-0.7271067500114441,17.590223053410668,73.77666473388672
A,20,-2,only_T10,200,0.009999999776482582,0.9699999690055847,-4.479032039642334,-0.7296586632728577,9.68707393264761,73.77666473388672
A,20,-2,only_T100,200,0.0,0.9899999499320984,-4.485332489013672,-0.7302922010421753,2.2162048107151424,73.77666473388672
A,20,-2,only_lin,200,0.0,0.9950000047683716,-4.488520622253418,-0.729622483253479,1.2078734225361,73.77666473388672
A,20,-2,random_orth,200,0.0,0.9950000047683716,-4.485442638397217,-0.7326053977012634,20.55058574713406,73.77666473388672
A,20,-2,real_diff_in_helix_subspace,200,0.009999999776482582,0.9599999785423279,-4.439468860626221,-0.7334405183792114,22.29767314809093,73.77666473388672
A,20,-2,full_swap,200,0.009999999776482582,0.9399999976158142,-4.3455491065979,-0.7485079765319824,42.80742645263672,73.77666473388672
A,21,-2,helix,200,0.004999999888241291,0.9749999642372131,-4.4787774085998535,-0.7270281910896301,21.424185994422167,77.27458953857422
A,21,-2,only_T2,200,0.0,0.9950000047683716,-4.48984432220459,-0.7300565242767334,0.0,77.27458953857422
A,21,-2,only_T5,200,0.0,0.9799999594688416,-4.478503227233887,-0.7283076047897339,18.30908902588365,77.27458953857422
A,21,-2,only_T10,200,0.004999999888241291,0.98499995470047,-4.496651649475098,-0.7271731495857239,10.111591295945116,77.27458953857422
A,21,-2,only_T100,200,0.0,0.9950000047683716,-4.485020637512207,-0.7303733825683594,2.325035615800204,77.27458953857422
A,21,-2,only_lin,200,0.0,0.9950000047683716,-4.489982604980469,-0.7290657162666321,1.2733820543932086,77.27458953857422
A,21,-2,random_orth,200,0.0,0.9899999499320984,-4.491023540496826,-0.729211688041687,21.424185994422167,77.27458953857422
A,21,-2,real_diff_in_helix_subspace,200,0.0,0.9799999594688416,-4.479005813598633,-0.7322642207145691,23.4397285815475,77.27458953857422
A,21,-2,full_swap,200,0.004999999888241291,0.9599999785423279,-4.45004415512085,-0.7319928407669067,44.940338134765625,77.27458953857422
A,22,-2,helix,200,0.004999999888241291,0.9699999690055847,-4.479358196258545,-0.7280403971672058,22.481416721680798,81.56623077392578
A,22,-2,only_T2,200,0.0,0.9950000047683716,-4.48984432220459,-0.7300565242767334,0.0,81.56623077392578
A,22,-2,only_T5,200,0.0,0.9799999594688416,-4.479923725128174,-0.7286537289619446,19.242852726477032,81.56623077392578
A,22,-2,only_T10,200,0.004999999888241291,0.98499995470047,-4.495530605316162,-0.727222204208374,10.540031983641388,81.56623077392578
A,22,-2,only_T100,200,0.0,0.9899999499320984,-4.4847822189331055,-0.7297669649124146,2.4445802528136364,81.56623077392578
A,22,-2,only_lin,200,0.0,0.9950000047683716,-4.4880194664001465,-0.7286222577095032,1.3440106931257965,81.56623077392578
A,22,-2,random_orth,200,0.0,0.9950000047683716,-4.489652156829834,-0.7292498350143433,22.4814167216808,81.56623077392578
A,22,-2,real_diff_in_helix_subspace,200,0.0,0.9799999594688416,-4.478424549102783,-0.7340492010116577,24.570931150422282,81.56623077392578
A,22,-2,full_swap,200,0.004999999888241291,0.9549999833106995,-4.454304218292236,-0.7334319949150085,47.126617431640625,81.56623077392578
A,23,-2,helix,200,0.004999999888241291,0.9749999642372131,-4.4826788902282715,-0.7274792194366455,23.26144119239543,85.77033233642578
A,23,-2,only_T2,200,0.0,0.9950000047683716,-4.48984432220459,-0.7300565242767334,0.0,85.77033233642578
A,23,-2,only_T5,200,0.0,0.9799999594688416,-4.481841564178467,-0.7285826206207275,19.90678343866715,85.77033233642578
A,23,-2,only_T10,200,0.0,0.9950000047683716,-4.497323989868164,-0.7280279397964478,10.900068367239093,85.77033233642578
A,23,-2,only_T100,200,0.0,0.9950000047683716,-4.485023498535156,-0.7307107448577881,2.5242608426506155,85.77033233642578
A,23,-2,only_lin,200,0.0,0.9950000047683716,-4.489012718200684,-0.7298868894577026,1.392919171294817,85.77033233642578
A,23,-2,random_orth,200,0.0,0.9950000047683716,-4.487568378448486,-0.7302576303482056,23.26144119239543,85.77033233642578
A,23,-2,real_diff_in_helix_subspace,200,0.0,0.9799999594688416,-4.481948375701904,-0.7324080467224121,25.510034363926607,85.77033233642578
A,23,-2,full_swap,200,0.004999999888241291,0.9549999833106995,-4.470049858093262,-0.730243980884552,48.86615753173828,85.77033233642578
A,24,-2,helix,200,0.0,0.9899999499320984,-4.48410177230835,-0.7227180600166321,23.901559716211842,89.32191467285156
A,24,-2,only_T2,200,0.0,0.9950000047683716,-4.48984432220459,-0.7300565242767334,0.0,89.32191467285156
A,24,-2,only_T5,200,0.0,0.98499995470047,-4.480077266693115,-0.7253807783126831,20.49053626667468,89.32191467285156
A,24,-2,only_T10,200,0.0,1.0,-4.494539737701416,-0.7263672947883606,11.118022892413219,89.32191467285156
A,24,-2,only_T100,200,0.0,1.0,-4.486849784851074,-0.7308323383331299,2.5734559179738947,89.32191467285156
A,24,-2,only_lin,200,0.0,0.9950000047683716,-4.488150119781494,-0.7303221225738525,1.431270419701305,89.32191467285156
A,24,-2,random_orth,200,0.0,0.9950000047683716,-4.491277694702148,-0.7303030490875244,23.901559716211842,89.32191467285156
A,24,-2,real_diff_in_helix_subspace,200,0.0,0.9899999499320984,-4.491296768188477,-0.7257347106933594,26.31254479147185,89.32191467285156
A,24,-2,full_swap,200,0.0,0.98499995470047,-4.482099533081055,-0.7189602255821228,50.26145935058594,89.32191467285156
A,25,-2,helix,200,0.004999999888241291,0.98499995470047,-4.483616352081299,-0.7228685021400452,24.514870194232735,94.04171752929688
A,25,-2,only_T2,200,0.0,0.9950000047683716,-4.48984432220459,-0.7300565242767334,0.0,94.04171752929688
A,25,-2,only_T5,200,0.0,0.98499995470047,-4.480508327484131,-0.7261641621589661,21.023198985767785,94.04171752929688
A,25,-2,only_T10,200,0.004999999888241291,0.9950000047683716,-4.494767189025879,-0.7264230847358704,11.398895019654965,94.04171752929688
A,25,-2,only_T100,200,0.0,0.9950000047683716,-4.487939834594727,-0.7302668690681458,2.652935805998669,94.04171752929688
A,25,-2,only_lin,200,0.0,0.9950000047683716,-4.488137245178223,-0.7297856211662292,1.4769417572619992,94.04171752929688
A,25,-2,random_orth,200,0.0,0.9899999499320984,-4.488116264343262,-0.7307525277137756,24.514870194232735,94.04171752929688
A,25,-2,real_diff_in_helix_subspace,200,0.0,0.9899999499320984,-4.4919657707214355,-0.7252423167228699,27.240478907432927,94.04171752929688
A,25,-2,full_swap,200,0.0,0.98499995470047,-4.483201026916504,-0.7191352844238281,51.838775634765625,94.04171752929688
A,26,-2,helix,200,0.0,0.9899999499320984,-4.483984470367432,-0.722675621509552,24.92741324410997,102.24107360839844
A,26,-2,only_T2,200,0.0,0.9950000047683716,-4.48984432220459,-0.7300565242767334,0.0,102.24107360839844
A,26,-2,only_T5,200,0.0,0.98499995470047,-4.480398654937744,-0.7254851460456848,21.354808544620553,102.24107360839844
A,26,-2,only_T10,200,0.0,1.0,-4.494685173034668,-0.7268919348716736,11.66180675591394,102.24107360839844
A,26,-2,only_T100,200,0.0,0.9950000047683716,-4.489105224609375,-0.7308598756790161,2.7033198553079787,102.24107360839844
A,26,-2,only_lin,200,0.0,0.9950000047683716,-4.4901862144470215,-0.7299284338951111,1.5057969053489082,102.24107360839844
A,26,-2,random_orth,200,0.0,0.9950000047683716,-4.490107536315918,-0.7299498319625854,24.927413244109974,102.24107360839844
A,26,-2,real_diff_in_helix_subspace,200,0.0,0.98499995470047,-4.493831634521484,-0.7259865999221802,27.986261820543636,102.24107360839844
A,26,-2,full_swap,200,0.0,0.98499995470047,-4.485116004943848,-0.7184821963310242,53.078792572021484,102.24107360839844
A,27,-2,helix,200,0.0,1.0,-4.488359451293945,-0.729377031326294,25.273570683441104,111.17671203613281
A,27,-2,only_T2,200,0.0,0.9950000047683716,-4.48984432220459,-0.7300565242767334,0.0,111.17671203613281
A,27,-2,only_T5,200,0.0,1.0,-4.488612651824951,-0.7294624447822571,21.652643611348026,111.17671203613281
A,27,-2,only_T10,200,0.0,0.9950000047683716,-4.490726947784424,-0.7295449376106262,11.836161283171714,111.17671203613281
A,27,-2,only_T100,200,0.0,0.9950000047683716,-4.490571022033691,-0.7297090888023376,2.7604854897496547,111.17671203613281
A,27,-2,only_lin,200,0.0,0.9950000047683716,-4.4890031814575195,-0.7294446229934692,1.5301815862642485,111.17671203613281
A,27,-2,random_orth,200,0.0,0.9950000047683716,-4.490427017211914,-0.7303710579872131,25.273570683441104,111.17671203613281
A,27,-2,real_diff_in_helix_subspace,200,0.0,1.0,-4.4896440505981445,-0.7297360301017761,28.587545155728602,111.17671203613281
A,27,-2,full_swap,200,0.0,1.0,-4.4894232749938965,-0.7303200960159302,54.130470275878906,111.17671203613281
A,28,-2,helix,200,0.0,0.9950000047683716,-4.4901227951049805,-0.7298105955123901,25.826751197093856,122.12737274169922
A,28,-2,only_T2,200,0.0,0.9950000047683716,-4.48984432220459,-0.7300565242767334,0.0,122.12737274169922
A,28,-2,only_T5,200,0.0,1.0,-4.488557815551758,-0.7299323081970215,22.127956048926443,122.12737274169922
A,28,-2,only_T10,200,0.0,0.9950000047683716,-4.490456581115723,-0.7297361493110657,12.093687620169156,122.12737274169922
A,28,-2,only_T100,200,0.0,0.9899999499320984,-4.490622520446777,-0.7302099466323853,2.841218104723432,122.12737274169922
A,28,-2,only_lin,200,0.0,0.9950000047683716,-4.490286350250244,-0.7299763560295105,1.5490095962642443,122.12737274169922
A,28,-2,random_orth,200,0.0,0.9950000047683716,-4.491283416748047,-0.7298061847686768,25.826751197093856,122.12737274169922
A,28,-2,real_diff_in_helix_subspace,200,0.0,0.9899999499320984,-4.489173412322998,-0.7297570705413818,29.625410420993962,122.12737274169922
A,28,-2,full_swap,200,0.0,1.0,-4.489654064178467,-0.7303472757339478,55.4594612121582,122.12737274169922
A,29,-2,helix,200,0.0,0.9950000047683716,-4.489857196807861,-0.7297574281692505,26.46919120456849,137.50698852539062
A,29,-2,only_T2,200,0.0,0.9950000047683716,-4.48984432220459,-0.7300565242767334,0.0,137.50698852539062
A,29,-2,only_T5,200,0.0,0.9950000047683716,-4.490100383758545,-0.7297800183296204,22.71354537648325,137.50698852539062
A,29,-2,only_T10,200,0.0,0.9950000047683716,-4.4895758628845215,-0.72983717918396,12.356094690864456,137.50698852539062
A,29,-2,only_T100,200,0.0,0.9950000047683716,-4.490227699279785,-0.7298613786697388,2.9381444477281287,137.50698852539062
A,29,-2,only_lin,200,0.0,0.9950000047683716,-4.490719318389893,-0.7297475337982178,1.5825714150955894,137.50698852539062
A,29,-2,random_orth,200,0.0,0.9950000047683716,-4.489770412445068,-0.7295435667037964,26.46919120456849,137.50698852539062
A,29,-2,real_diff_in_helix_subspace,200,0.0,0.9899999499320984,-4.489661693572998,-0.7298302054405212,30.79844579283945,137.50698852539062
A,29,-2,full_swap,200,0.0,1.0,-4.4889702796936035,-0.7299160361289978,56.970096588134766,137.50698852539062
A,30,-2,helix,200,0.0,0.9950000047683716,-4.4890007972717285,-0.7299007177352905,27.2543500152708,161.39837646484375
A,30,-2,only_T2,200,0.0,0.9950000047683716,-4.48984432220459,-0.7300565242767334,0.0,161.39837646484375
A,30,-2,only_T5,200,0.0,0.9950000047683716,-4.490025997161865,-0.7300606369972229,23.364781398357472,161.39837646484375
A,30,-2,only_T10,200,0.0,0.9950000047683716,-4.490082740783691,-0.7299159169197083,12.764582324455414,161.39837646484375
A,30,-2,only_T100,200,0.0,0.9950000047683716,-4.4901227951049805,-0.7298039793968201,3.0504011489301934,161.39837646484375
A,30,-2,only_lin,200,0.0,0.9950000047683716,-4.489673137664795,-0.7299380302429199,1.625224758879824,161.39837646484375
A,30,-2,random_orth,200,0.0,0.9950000047683716,-4.490083694458008,-0.7299399971961975,27.254350015270802,161.39837646484375
A,30,-2,real_diff_in_helix_subspace,200,0.0,0.9950000047683716,-4.490068435668945,-0.7297745943069458,32.23289741036684,161.39837646484375
A,30,-2,full_swap,200,0.0,0.9950000047683716,-4.489377975463867,-0.7299070358276367,58.75181579589844,161.39837646484375
A,31,-2,helix,200,0.0,0.9950000047683716,-4.48984432220459,-0.7300565242767334,27.806923988167572,191.00660705566406
A,31,-2,only_T2,200,0.0,0.9950000047683716,-4.48984432220459,-0.7300565242767334,0.0,191.00660705566406
A,31,-2,only_T5,200,0.0,0.9950000047683716,-4.48984432220459,-0.7300565242767334,23.809002318463808,191.00660705566406
A,31,-2,only_T10,200,0.0,0.9950000047683716,-4.48984432220459,-0.7300565242767334,13.04692022758632,191.00660705566406
A,31,-2,only_T100,200,0.0,0.9950000047683716,-4.48984432220459,-0.7300565242767334,3.1671111536381797,191.00660705566406
A,31,-2,only_lin,200,0.0,0.9950000047683716,-4.48984432220459,-0.7300565242767334,1.668011015510753,191.00660705566406
A,31,-2,random_orth,200,0.0,0.9950000047683716,-4.48984432220459,-0.7300565242767334,27.806923988167572,191.00660705566406
A,31,-2,real_diff_in_helix_subspace,200,0.0,0.9950000047683716,-4.48984432220459,-0.7300565242767334,33.321994728182396,191.00660705566406
A,31,-2,full_swap,200,0.0,0.9950000047683716,-4.48984432220459,-0.7300565242767334,60.2152099609375,191.00660705566406
A,0,-1,helix,200,0.375,0.3349999785423279,-2.292893886566162,-2.2921712398529053,2.3328699227199734,6.908554553985596
A,0,-1,only_T2,200,0.1850000023841858,0.4599999785423279,-3.04115891456604,-1.766168475151062,1.745448260199261,6.908554553985596
A,0,-1,only_T5,200,0.019999999552965164,0.85999995470047,-4.335172176361084,-0.8727317452430725,1.3545664834777296,6.908554553985596
A,0,-1,only_T10,200,0.004999999888241291,0.9449999928474426,-4.592867851257324,-0.7500308752059937,0.7114308451739297,6.908554553985596
A,0,-1,only_T100,200,0.0,0.9899999499320984,-4.807346820831299,-0.6952541470527649,0.13110126518282209,6.908554553985596
A,0,-1,only_lin,200,0.0,0.9899999499320984,-4.809642791748047,-0.6964718699455261,0.06180691320097015,6.908554553985596
A,0,-1,random_orth,200,0.0,0.949999988079071,-4.858700752258301,-0.685953676700592,2.332869922719974,6.908554553985596
A,0,-1,real_diff_in_helix_subspace,200,0.3100000023841858,0.3700000047683716,-2.545330047607422,-2.236931324005127,2.1514585839058946,6.908554553985596
A,0,-1,full_swap,200,0.6949999928474426,0.044999998062849045,-1.1860865354537964,-4.053962707519531,5.213436126708984,6.908554553985596
A,1,-1,helix,200,0.3799999952316284,0.3100000023841858,-2.262308359146118,-2.356909990310669,2.4898469817244635,7.388710975646973
A,1,-1,only_T2,200,0.19499999284744263,0.42499998211860657,-2.9914462566375732,-1.8176623582839966,1.8612228379540385,7.388710975646973
A,1,-1,only_T5,200,0.019999999552965164,0.8650000095367432,-4.333017826080322,-0.8769245743751526,1.4437617482213818,7.388710975646973
A,1,-1,only_T10,200,0.004999999888241291,0.9350000023841858,-4.5881571769714355,-0.7522438168525696,0.7635075488283004,7.388710975646973
A,1,-1,only_T100,200,0.0,0.9899999499320984,-4.810980796813965,-0.6950809359550476,0.14621869602474238,7.388710975646973
A,1,-1,only_lin,200,0.0,0.9950000047683716,-4.811566352844238,-0.6985049843788147,0.07361951090257737,7.388710975646973
A,1,-1,random_orth,200,0.0,0.9599999785423279,-4.899133205413818,-0.6597825288772583,2.4898469817244635,7.388710975646973
A,1,-1,real_diff_in_helix_subspace,200,0.3050000071525574,0.3449999988079071,-2.4605932235717773,-2.3301000595092773,2.3501537320842822,7.388710975646973
A,1,-1,full_swap,200,0.6699999570846558,0.04999999701976776,-1.2015572786331177,-4.031839370727539,5.589187145233154,7.388710975646973
A,2,-1,helix,200,0.38999998569488525,0.3199999928474426,-2.2453393936157227,-2.356900930404663,2.9054315982970436,9.82839298248291
A,2,-1,only_T2,200,0.2149999886751175,0.4099999964237213,-2.979583263397217,-1.8295730352401733,2.169557122486984,9.82839298248291
A,2,-1,only_T5,200,0.014999999664723873,0.8650000095367432,-4.340803623199463,-0.877723217010498,1.6827259520961368,9.82839298248291
A,2,-1,only_T10,200,0.004999999888241291,0.9399999976158142,-4.5814995765686035,-0.7504827976226807,0.8912406720362859,9.82839298248291
A,2,-1,only_T100,200,0.0,0.9950000047683716,-4.808867454528809,-0.6918562650680542,0.17755832564742138,9.82839298248291
A,2,-1,only_lin,200,0.0,0.9950000047683716,-4.8097357749938965,-0.7017939686775208,0.09042545943735618,9.82839298248291
A,2,-1,random_orth,200,0.0,0.9549999833106995,-4.83783483505249,-0.6721842885017395,2.9054315982970436,9.82839298248291
A,2,-1,real_diff_in_helix_subspace,200,0.3149999976158142,0.3449999988079071,-2.4339468479156494,-2.371020555496216,2.8163681940576977,9.82839298248291
A,2,-1,full_swap,200,0.6699999570846558,0.044999998062849045,-1.2143079042434692,-3.999699115753174,6.4088592529296875,9.82839298248291
A,3,-1,helix,200,0.4099999964237213,0.29499998688697815,-2.1716787815093994,-2.446963310241699,3.700072076789403,12.326645851135254
A,3,-1,only_T2,200,0.2149999886751175,0.3799999952316284,-2.898104429244995,-1.910943865776062,2.8613649017145315,12.326645851135254
A,3,-1,only_T5,200,0.009999999776482582,0.8549999594688416,-4.326075553894043,-0.8964836597442627,2.0489131099768008,12.326645851135254
A,3,-1,only_T10,200,0.004999999888241291,0.9449999928474426,-4.575427532196045,-0.7512231469154358,1.0649914168723018,12.326645851135254
A,3,-1,only_T100,200,0.0,0.9899999499320984,-4.808841228485107,-0.6924932599067688,0.2148616095968676,12.326645851135254
A,3,-1,only_lin,200,0.0,0.9950000047683716,-4.814566612243652,-0.7017689943313599,0.10763525022839712,12.326645851135254
A,3,-1,random_orth,200,0.0,0.9599999785423279,-4.858412265777588,-0.6754602193832397,3.700072076789403,12.326645851135254
A,3,-1,real_diff_in_helix_subspace,200,0.35999998450279236,0.3100000023841858,-2.342648506164551,-2.462916851043701,3.6454238631343245,12.326645851135254
A,3,-1,full_swap,200,0.6549999713897705,0.04999999701976776,-1.2416505813598633,-3.9720699787139893,7.705409049987793,12.326645851135254
A,4,-1,helix,200,0.4350000023841858,0.28999999165534973,-2.1876912117004395,-2.432204008102417,4.0954973934941945,15.292179107666016
A,4,-1,only_T2,200,0.22499999403953552,0.38499999046325684,-2.909990072250366,-1.8931901454925537,3.166267068178846,15.292179107666016
A,4,-1,only_T5,200,0.014999999664723873,0.8549999594688416,-4.330337047576904,-0.9019953608512878,2.271185121212223,15.292179107666016
A,4,-1,only_T10,200,0.004999999888241291,0.9449999928474426,-4.5754547119140625,-0.7555602788925171,1.171937055997095,15.292179107666016
A,4,-1,only_T100,200,0.0,0.9950000047683716,-4.808751106262207,-0.6947384476661682,0.24554348034536505,15.292179107666016
A,4,-1,only_lin,200,0.0,0.9950000047683716,-4.814146518707275,-0.7001774311065674,0.1279099083693492,15.292179107666016
A,4,-1,random_orth,200,0.0,0.98499995470047,-4.827574729919434,-0.6870471239089966,4.0954973934941945,15.292179107666016
A,4,-1,real_diff_in_helix_subspace,200,0.3449999988079071,0.32499998807907104,-2.344855308532715,-2.4324564933776855,4.0820984197894,15.292179107666016
A,4,-1,full_swap,200,0.6499999761581421,0.07000000029802322,-1.3002288341522217,-3.8431777954101562,8.662100791931152,15.292179107666016
A,5,-1,helix,200,0.429999977350235,0.28999999165534973,-2.1652565002441406,-2.444180965423584,4.763991214831865,18.28582191467285
A,5,-1,only_T2,200,0.22499999403953552,0.38499999046325684,-2.8875255584716797,-1.9042646884918213,3.6285447179153105,18.28582191467285
A,5,-1,only_T5,200,0.009999999776482582,0.8549999594688416,-4.325700759887695,-0.905653715133667,2.7302509232496073,18.28582191467285
A,5,-1,only_T10,200,0.004999999888241291,0.9449999928474426,-4.572894096374512,-0.7573515176773071,1.3178007525631559,18.28582191467285
A,5,-1,only_T100,200,0.0,0.9950000047683716,-4.807859420776367,-0.6943532228469849,0.2839940440784716,18.28582191467285
A,5,-1,only_lin,200,0.0,0.9950000047683716,-4.810206413269043,-0.700650691986084,0.14759621588589106,18.28582191467285
A,5,-1,random_orth,200,0.0,0.9599999785423279,-4.81362247467041,-0.6991816759109497,4.763991214831865,18.28582191467285
A,5,-1,real_diff_in_helix_subspace,200,0.35499998927116394,0.3149999976158142,-2.3166496753692627,-2.420987606048584,4.80204368515972,18.28582191467285
A,5,-1,full_swap,200,0.625,0.07499999552965164,-1.3333524465560913,-3.755014657974243,9.981375694274902,18.28582191467285
A,6,-1,helix,200,0.42499998211860657,0.2849999964237213,-2.1454083919525146,-2.4727931022644043,5.347304399260778,21.281715393066406
A,6,-1,only_T2,200,0.22499999403953552,0.38499999046325684,-2.8648934364318848,-1.934963583946228,3.9993490968099286,21.281715393066406
A,6,-1,only_T5,200,0.009999999776482582,0.8499999642372131,-4.322096347808838,-0.9112657904624939,3.1658135802760112,21.281715393066406
A,6,-1,only_T10,200,0.004999999888241291,0.949999988079071,-4.565821647644043,-0.7581405639648438,1.469071134388306,21.281715393066406
A,6,-1,only_T100,200,0.0,0.9950000047683716,-4.80963659286499,-0.6947645545005798,0.319520776940888,21.281715393066406
A,6,-1,only_lin,200,0.0,0.9899999499320984,-4.811809062957764,-0.7011874914169312,0.16545468450011463,21.281715393066406
A,6,-1,random_orth,200,0.0,0.9749999642372131,-4.808938026428223,-0.6980577707290649,5.347304399260779,21.281715393066406
A,6,-1,real_diff_in_helix_subspace,200,0.3499999940395355,0.3149999976158142,-2.3148410320281982,-2.4342451095581055,5.42573579095955,21.281715393066406
A,6,-1,full_swap,200,0.6399999856948853,0.07999999821186066,-1.369008183479309,-3.747835636138916,11.093327522277832,21.281715393066406
A,7,-1,helix,200,0.41499999165534973,0.3149999976158142,-2.2118215560913086,-2.383012294769287,5.733299326678484,23.201072692871094
A,7,-1,only_T2,200,0.2149999886751175,0.4050000011920929,-2.907557964324951,-1.8665167093276978,4.268877085045841,23.201072692871094
A,7,-1,only_T5,200,0.009999999776482582,0.85999995470047,-4.340914249420166,-0.9046369194984436,3.430997757194991,23.201072692871094
A,7,-1,only_T10,200,0.004999999888241291,0.9449999928474426,-4.568881034851074,-0.7613921761512756,1.5733909717605001,23.201072692871094
A,7,-1,only_T100,200,0.0,0.9950000047683716,-4.810592174530029,-0.6965357661247253,0.342843073722192,23.201072692871094
A,7,-1,only_lin,200,0.0,0.9950000047683716,-4.808844089508057,-0.7013695240020752,0.18106296674232034,23.201072692871094
A,7,-1,random_orth,200,0.0,0.9599999785423279,-4.798412322998047,-0.7014483213424683,5.733299326678484,23.201072692871094
A,7,-1,real_diff_in_helix_subspace,200,0.3449999988079071,0.32999998331069946,-2.3963658809661865,-2.3283886909484863,5.811137744170242,23.201072692871094
A,7,-1,full_swap,200,0.6100000143051147,0.08999999612569809,-1.450046181678772,-3.587883949279785,11.902861595153809,23.201072692871094
A,8,-1,helix,200,0.41499999165534973,0.3050000071525574,-2.199398994445801,-2.403378963470459,5.995978246810453,25.644094467163086
A,8,-1,only_T2,200,0.2149999886751175,0.3999999761581421,-2.9028704166412354,-1.8849761486053467,4.409679414186388,25.644094467163086
A,8,-1,only_T5,200,0.009999999776482582,0.8549999594688416,-4.330522537231445,-0.9103123545646667,3.654421103656919,25.644094467163086
A,8,-1,only_T10,200,0.004999999888241291,0.9449999928474426,-4.563691139221191,-0.7619481682777405,1.6658645534868137,25.644094467163086
A,8,-1,only_T100,200,0.0,0.9950000047683716,-4.812764644622803,-0.6961066126823425,0.3589311036335563,25.644094467163086
A,8,-1,only_lin,200,0.0,0.9950000047683716,-4.811030864715576,-0.6995617747306824,0.1911579905413053,25.644094467163086
A,8,-1,random_orth,200,0.004999999888241291,0.9549999833106995,-4.798768520355225,-0.7211008071899414,5.995978246810453,25.644094467163086
A,8,-1,real_diff_in_helix_subspace,200,0.3400000035762787,0.3349999785423279,-2.387187957763672,-2.3475310802459717,6.133221320108704,25.644094467163086
A,8,-1,full_swap,200,0.6299999952316284,0.08500000089406967,-1.4451556205749512,-3.569653272628784,12.518279075622559,25.644094467163086
A,9,-1,helix,200,0.41999998688697815,0.29499998688697815,-2.1623055934906006,-2.4411022663116455,6.464058014460254,28.55886459350586
A,9,-1,only_T2,200,0.22499999403953552,0.375,-2.8748185634613037,-1.9115254878997803,4.719572151269183,28.55886459350586
A,9,-1,only_T5,200,0.009999999776482582,0.8449999690055847,-4.323587417602539,-0.9174185991287231,3.9771037414582118,28.55886459350586
A,9,-1,only_T10,200,0.004999999888241291,0.9449999928474426,-4.560314178466797,-0.7641975283622742,1.8251174987190852,28.55886459350586
A,9,-1,only_T100,200,0.0,0.9950000047683716,-4.80623197555542,-0.6974035501480103,0.3911542565748707,28.55886459350586
A,9,-1,only_lin,200,0.0,0.9899999499320984,-4.81101131439209,-0.7013380527496338,0.2075587079252164,28.55886459350586
A,9,-1,random_orth,200,0.0,0.9449999928474426,-4.806711196899414,-0.7236135601997375,6.464058014460254,28.55886459350586
A,9,-1,real_diff_in_helix_subspace,200,0.3449999988079071,0.32499998807907104,-2.37101674079895,-2.3833065032958984,6.651432870618831,28.55886459350586
A,9,-1,full_swap,200,0.625,0.08500000089406967,-1.4376473426818848,-3.583374500274658,13.597962379455566,28.55886459350586
A,10,-1,helix,200,0.4449999928474426,0.2750000059604645,-2.1242470741271973,-2.4894371032714844,7.139778326009261,31.013547897338867
A,10,-1,only_T2,200,0.22499999403953552,0.35999998450279236,-2.8483996391296387,-1.946132779121399,5.20934931112179,31.013547897338867
A,10,-1,only_T5,200,0.009999999776482582,0.8449999690055847,-4.313730239868164,-0.921789288520813,4.378963779555745,31.013547897338867
A,10,-1,only_T10,200,0.004999999888241291,0.9449999928474426,-4.553718566894531,-0.7691633701324463,2.0379658425846587,31.013547897338867
A,10,-1,only_T100,200,0.0,0.9899999499320984,-4.811689376831055,-0.6973485350608826,0.42561181324005604,31.013547897338867
A,10,-1,only_lin,200,0.0,1.0,-4.8128204345703125,-0.69973224401474,0.2250172322714305,31.013547897338867
A,10,-1,random_orth,200,0.004999999888241291,0.9399999976158142,-4.796681880950928,-0.7378543019294739,7.139778326009261,31.013547897338867
A,10,-1,real_diff_in_helix_subspace,200,0.3499999940395355,0.32499998807907104,-2.3326516151428223,-2.451423168182373,7.35242692774772,31.013547897338867
A,10,-1,full_swap,200,0.6150000095367432,0.08999999612569809,-1.443850040435791,-3.581475257873535,14.877971649169922,31.013547897338867
A,11,-1,helix,200,0.45499998331069946,0.26499998569488525,-2.087815523147583,-2.520442485809326,7.931616602152538,33.9193229675293
A,11,-1,only_T2,200,0.2199999988079071,0.3649999797344208,-2.8137123584747314,-1.9962687492370605,5.7532776905746355,33.9193229675293
A,11,-1,only_T5,200,0.014999999664723873,0.8299999833106995,-4.306437015533447,-0.9346147179603577,4.90320511600521,33.9193229675293
A,11,-1,only_T10,200,0.004999999888241291,0.9399999976158142,-4.543119430541992,-0.7715634107589722,2.281963293237891,33.9193229675293
A,11,-1,only_T100,200,0.0,0.9899999499320984,-4.809166431427002,-0.6964720487594604,0.46453054358442564,33.9193229675293
A,11,-1,only_lin,200,0.0,0.9950000047683716,-4.812335014343262,-0.6993803381919861,0.24806917131156406,33.9193229675293
A,11,-1,random_orth,200,0.0,0.9399999976158142,-4.788393020629883,-0.7421591281890869,7.931616602152536,33.9193229675293
A,11,-1,real_diff_in_helix_subspace,200,0.375,0.3100000023841858,-2.273667335510254,-2.4663052558898926,8.137320451046712,33.9193229675293
A,11,-1,full_swap,200,0.5949999690055847,0.0949999988079071,-1.4857163429260254,-3.547138214111328,16.478435516357422,33.9193229675293
A,12,-1,helix,200,0.47999998927116394,0.2449999898672104,-2.0293984413146973,-2.575624942779541,9.039562463566222,37.406829833984375
A,12,-1,only_T2,200,0.23999999463558197,0.3499999940395355,-2.7572314739227295,-2.056504726409912,6.6123071875509165,37.406829833984375
A,12,-1,only_T5,200,0.019999999552965164,0.7999999523162842,-4.288602828979492,-0.9520292282104492,5.502531394810879,37.406829833984375
A,12,-1,only_T10,200,0.004999999888241291,0.9300000071525574,-4.526399612426758,-0.7777231931686401,2.6134612998253455,37.406829833984375
A,12,-1,only_T100,200,0.0,0.9899999499320984,-4.812592506408691,-0.694972038269043,0.5114265486792519,37.406829833984375
A,12,-1,only_lin,200,0.0,1.0,-4.813851356506348,-0.69923996925354,0.2736264762074964,37.406829833984375
A,12,-1,random_orth,200,0.0,0.9449999928474426,-4.79551362991333,-0.7475185990333557,9.039562463566222,37.406829833984375
A,12,-1,real_diff_in_helix_subspace,200,0.4350000023841858,0.26499998569488525,-2.1478488445281982,-2.5520570278167725,9.398216687325617,37.406829833984375
A,12,-1,full_swap,200,0.5949999690055847,0.0949999988079071,-1.490938663482666,-3.5363268852233887,18.778146743774414,37.406829833984375
A,13,-1,helix,200,0.32499998807907104,0.41999998688697815,-2.591235399246216,-1.81425940990448,9.948453061067921,41.179908752441406
A,13,-1,only_T2,200,0.14000000059604645,0.5550000071525574,-3.1605706214904785,-1.514538288116455,7.228962016013209,41.179908752441406
A,13,-1,only_T5,200,0.004999999888241291,0.8700000047683716,-4.449341297149658,-0.828384518623352,6.091928478360581,41.179908752441406
A,13,-1,only_T10,200,0.004999999888241291,0.9449999928474426,-4.592500686645508,-0.7545607089996338,2.91845587157204,41.179908752441406
A,13,-1,only_T100,200,0.0,1.0,-4.812126159667969,-0.6939907670021057,0.5733959616025366,41.179908752441406
A,13,-1,only_lin,200,0.0,1.0,-4.817352294921875,-0.6959162950515747,0.31033990238040504,41.179908752441406
A,13,-1,random_orth,200,0.0,0.9699999690055847,-4.800156593322754,-0.7202674150466919,9.948453061067923,41.179908752441406
A,13,-1,real_diff_in_helix_subspace,200,0.26999998092651367,0.4650000035762787,-2.680323839187622,-1.8026708364486694,10.48477933228593,41.179908752441406
A,13,-1,full_swap,200,0.4449999928474426,0.25999999046325684,-2.0708861351013184,-2.5745558738708496,20.874685287475586,41.179908752441406
A,14,-1,helix,200,0.029999999329447746,0.8849999904632568,-4.0225372314453125,-0.864867627620697,10.908612989139323,44.988224029541016
A,14,-1,only_T2,200,0.019999999552965164,0.8999999761581421,-4.299047470092773,-0.8075128197669983,7.894515940495576,44.988224029541016
A,14,-1,only_T5,200,0.0,0.9749999642372131,-4.653109073638916,-0.7270458340644836,6.715252532480406,44.988224029541016
A,14,-1,only_T10,200,0.0,0.98499995470047,-4.72898530960083,-0.6992195844650269,3.2003886129268477,44.988224029541016
A,14,-1,only_T100,200,0.0,0.9950000047683716,-4.815672397613525,-0.6968942284584045,0.6372154673822512,44.988224029541016
A,14,-1,only_lin,200,0.0,0.9950000047683716,-4.814881801605225,-0.6968079209327698,0.34765602215725416,44.988224029541016
A,14,-1,random_orth,200,0.0,0.98499995470047,-4.81561279296875,-0.6996351480484009,10.908612989139323,44.988224029541016
A,14,-1,real_diff_in_helix_subspace,200,0.03500000014901161,0.8399999737739563,-4.0168023109436035,-0.891334056854248,11.630700155047101,44.988224029541016
A,14,-1,full_swap,200,0.08500000089406967,0.7649999856948853,-3.600011110305786,-1.1417102813720703,23.056777954101562,44.988224029541016
A,15,-1,helix,200,0.029999999329447746,0.8849999904632568,-4.021768093109131,-0.8677037358283997,11.891289468461501,50.208526611328125
A,15,-1,only_T2,200,0.019999999552965164,0.8999999761581421,-4.297526836395264,-0.8066815733909607,8.545167192946852,50.208526611328125
A,15,-1,only_T5,200,0.0,0.9749999642372131,-4.650917053222656,-0.7295186519622803,7.397492556455546,50.208526611328125
A,15,-1,only_T10,200,0.0,0.98499995470047,-4.729318141937256,-0.7009660005569458,3.4738807447832265,50.208526611328125
A,15,-1,only_T100,200,0.0,0.9950000047683716,-4.814047336578369,-0.6971255540847778,0.720982517582778,50.208526611328125
A,15,-1,only_lin,200,0.0,1.0,-4.816348552703857,-0.6968775987625122,0.38091069923808824,50.208526611328125
A,15,-1,random_orth,200,0.0,0.9950000047683716,-4.805756092071533,-0.6990225911140442,11.891289468461501,50.208526611328125
A,15,-1,real_diff_in_helix_subspace,200,0.03500000014901161,0.8499999642372131,-4.0079569816589355,-0.8959583640098572,12.823263494223895,50.208526611328125
A,15,-1,full_swap,200,0.08500000089406967,0.7549999952316284,-3.616605758666992,-1.1344420909881592,25.327926635742188,50.208526611328125
A,16,-1,helix,200,0.029999999329447746,0.8999999761581421,-4.09737491607666,-0.8362724184989929,13.316547890527133,55.0172119140625
A,16,-1,only_T2,200,0.014999999664723873,0.9399999976158142,-4.350850582122803,-0.7875015735626221,9.60340500562586,55.0172119140625
A,16,-1,only_T5,200,0.0,0.9749999642372131,-4.666988372802734,-0.7205277681350708,8.22189449792354,55.0172119140625
A,16,-1,only_T10,200,0.004999999888241291,0.98499995470047,-4.729933261871338,-0.6982542276382446,3.912185353692783,55.0172119140625
A,16,-1,only_T100,200,0.0,0.9950000047683716,-4.8176984786987305,-0.6960386633872986,0.8193677621634541,55.0172119140625
A,16,-1,only_lin,200,0.0,0.9899999499320984,-4.818153381347656,-0.6967240571975708,0.4358677858174335,55.0172119140625
A,16,-1,random_orth,200,0.0,0.98499995470047,-4.812042236328125,-0.6986001133918762,13.316547890527133,55.0172119140625
A,16,-1,real_diff_in_helix_subspace,200,0.029999999329447746,0.8799999952316284,-4.0760087966918945,-0.8620607852935791,14.598995440834372,55.0172119140625
A,16,-1,full_swap,200,0.06499999761581421,0.8050000071525574,-3.727759838104248,-1.0385774374008179,28.849571228027344,55.0172119140625
A,17,-1,helix,200,0.019999999552965164,0.9249999523162842,-4.292818069458008,-0.7864832878112793,14.6102911475745,60.16020965576172
A,17,-1,only_T2,200,0.009999999776482582,0.9649999737739563,-4.477053165435791,-0.7530491352081299,10.477199228541833,60.16020965576172
A,17,-1,only_T5,200,0.0,0.98499995470047,-4.706763744354248,-0.712413489818573,9.053179794607361,60.16020965576172
A,17,-1,only_T10,200,0.0,0.9899999499320984,-4.7576775550842285,-0.6970477104187012,4.302793281917897,60.16020965576172
A,17,-1,only_T100,200,0.0,1.0,-4.816046714782715,-0.6957032680511475,0.9154981359026347,60.16020965576172
A,17,-1,only_lin,200,0.0,1.0,-4.8181071281433105,-0.6959002614021301,0.4888839272512498,60.16020965576172
A,17,-1,random_orth,200,0.0,1.0,-4.82187557220459,-0.6976463198661804,14.6102911475745,60.16020965576172
A,17,-1,real_diff_in_helix_subspace,200,0.019999999552965164,0.8999999761581421,-4.274469375610352,-0.8030229806900024,16.09509642176387,60.16020965576172
A,17,-1,full_swap,200,0.03999999910593033,0.8549999594688416,-4.008816242218018,-0.8827652335166931,31.76445770263672,60.16020965576172
A,18,-1,helix,200,0.0,0.9899999499320984,-4.711498737335205,-0.6987412571907043,15.605593415529798,65.67195129394531
A,18,-1,only_T2,200,0.0,1.0,-4.76495885848999,-0.6948092579841614,11.106820706692252,65.67195129394531
A,18,-1,only_T5,200,0.0,0.9899999499320984,-4.790579319000244,-0.6965878009796143,9.719005572204804,65.67195129394531
A,18,-1,only_T10,200,0.0,0.9950000047683716,-4.799923419952393,-0.6903128027915955,4.60122219200491,65.67195129394531
A,18,-1,only_T100,200,0.0,1.0,-4.818617343902588,-0.6929554343223572,0.9930932715909884,65.67195129394531
A,18,-1,only_lin,200,0.0,1.0,-4.816261291503906,-0.6945030093193054,0.5302106699219279,65.67195129394531
A,18,-1,random_orth,200,0.0,0.9950000047683716,-4.821674823760986,-0.6935293674468994,15.605593415529794,65.67195129394531
A,18,-1,real_diff_in_helix_subspace,200,0.0,0.9899999499320984,-4.703238487243652,-0.6981043815612793,17.43373656872524,65.67195129394531
A,18,-1,full_swap,200,0.004999999888241291,0.9649999737739563,-4.5880937576293945,-0.7105992436408997,34.169429779052734,65.67195129394531
A,19,-1,helix,200,0.0,0.9950000047683716,-4.792405605316162,-0.689214825630188,16.405172617323228,69.38053894042969
A,19,-1,only_T2,200,0.0,1.0,-4.8153510093688965,-0.6895354986190796,11.687237678146143,69.38053894042969
A,19,-1,only_T5,200,0.0,0.9899999499320984,-4.806060791015625,-0.6950079202651978,10.186541326267998,69.38053894042969
A,19,-1,only_T10,200,0.0,0.9950000047683716,-4.814736843109131,-0.6892523765563965,4.847768438506679,69.38053894042969
A,19,-1,only_T100,200,0.0,1.0,-4.818689346313477,-0.6938259601593018,1.049204541173239,69.38053894042969
A,19,-1,only_lin,200,0.0,1.0,-4.817892551422119,-0.6935645937919617,0.563666529280136,69.38053894042969
A,19,-1,random_orth,200,0.0,0.9950000047683716,-4.818603992462158,-0.6948350071907043,16.405172617323228,69.38053894042969
A,19,-1,real_diff_in_helix_subspace,200,0.0,1.0,-4.783438682556152,-0.6879757046699524,18.404292199212566,69.38053894042969
A,19,-1,full_swap,200,0.004999999888241291,0.9649999737739563,-4.714364051818848,-0.6978906989097595,36.087188720703125,69.38053894042969
A,20,-1,helix,200,0.0,0.9950000047683716,-4.792958736419678,-0.6887614130973816,17.20754975583674,73.85955047607422
A,20,-1,only_T2,200,0.0,1.0,-4.811301231384277,-0.690385639667511,12.252311387324776,73.85955047607422
A,20,-1,only_T5,200,0.0,0.9899999499320984,-4.807503700256348,-0.6952881217002869,10.69155339462076,73.85955047607422
A,20,-1,only_T10,200,0.0,1.0,-4.814311981201172,-0.6899325251579285,5.08363219667425,73.85955047607422
A,20,-1,only_T100,200,0.0,1.0,-4.821176528930664,-0.6927903890609741,1.1102026180831408,73.85955047607422
A,20,-1,only_lin,200,0.0,1.0,-4.820469379425049,-0.6928926110267639,0.60393671126805,73.85955047607422
A,20,-1,random_orth,200,0.0,0.9950000047683716,-4.822209358215332,-0.6926820278167725,17.20754975583674,73.85955047607422
A,20,-1,real_diff_in_helix_subspace,200,0.0,1.0,-4.785736083984375,-0.687852144241333,19.43135191173719,73.85955047607422
A,20,-1,full_swap,200,0.004999999888241291,0.9649999737739563,-4.718976974487305,-0.6980007290840149,38.188846588134766,73.85955047607422
A,21,-1,helix,200,0.0,1.0,-4.824792385101318,-0.6869156360626221,17.95404921621472,77.3059310913086
A,21,-1,only_T2,200,0.0,1.0,-4.830917835235596,-0.6895212531089783,12.787630179287818,77.3059310913086
A,21,-1,only_T5,200,0.0,0.9950000047683716,-4.8155717849731445,-0.6936826109886169,11.126026390887866,77.3059310913086
A,21,-1,only_T10,200,0.0,1.0,-4.819830417633057,-0.6897830963134766,5.305441679058988,77.3059310913086
A,21,-1,only_T100,200,0.0,1.0,-4.818885326385498,-0.6934130191802979,1.1648317997453113,77.3059310913086
A,21,-1,only_lin,200,0.0,1.0,-4.818260192871094,-0.692862868309021,0.6366910271966042,77.3059310913086
A,21,-1,random_orth,200,0.0,0.9950000047683716,-4.8192949295043945,-0.6936631798744202,17.95404921621472,77.3059310913086
A,21,-1,real_diff_in_helix_subspace,200,0.0,1.0,-4.8231730461120605,-0.6845082640647888,20.436016391061642,77.3059310913086
A,21,-1,full_swap,200,0.0,0.9799999594688416,-4.786952495574951,-0.6892954707145691,40.08323669433594,77.3059310913086
A,22,-1,helix,200,0.0,1.0,-4.826740741729736,-0.6883496642112732,18.797200105254134,81.61270141601562
A,22,-1,only_T2,200,0.0,1.0,-4.833390235900879,-0.6904870271682739,13.346159680311215,81.61270141601562
A,22,-1,only_T5,200,0.0,0.9950000047683716,-4.81531286239624,-0.6941480040550232,11.689174688675436,81.61270141601562
A,22,-1,only_T10,200,0.0,1.0,-4.819820880889893,-0.6900638937950134,5.529684947908122,81.61270141601562
A,22,-1,only_T100,200,0.0,1.0,-4.8189592361450195,-0.6930444836616516,1.2247398084744523,81.61270141601562
A,22,-1,only_lin,200,0.0,1.0,-4.817648887634277,-0.6930022239685059,0.6720053465628982,81.61270141601562
A,22,-1,random_orth,200,0.0,1.0,-4.822482109069824,-0.6933698654174805,18.797200105254134,81.61270141601562
A,22,-1,real_diff_in_helix_subspace,200,0.0,1.0,-4.827123165130615,-0.6852801442146301,21.44450641011806,81.61270141601562
A,22,-1,full_swap,200,0.0,0.9799999594688416,-4.789900302886963,-0.6903060674667358,42.077449798583984,81.61270141601562
A,23,-1,helix,200,0.0,1.0,-4.83133602142334,-0.6886534690856934,19.4446424700079,85.83521270751953
A,23,-1,only_T2,200,0.0,1.0,-4.834429740905762,-0.6899845600128174,13.785613108539794,85.83521270751953
A,23,-1,only_T5,200,0.0,0.9950000047683716,-4.818426132202148,-0.6942194700241089,12.086441024561225,85.83521270751953
A,23,-1,only_T10,200,0.0,1.0,-4.820655345916748,-0.6897698044776917,5.718700482439038,85.83521270751953
A,23,-1,only_T100,200,0.0,1.0,-4.819064617156982,-0.6940392255783081,1.2646934966705168,85.83521270751953
A,23,-1,only_lin,200,0.0,1.0,-4.8190202713012695,-0.6928961873054504,0.6964595856474083,85.83521270751953
A,23,-1,random_orth,200,0.0,0.9950000047683716,-4.819095611572266,-0.6926165819168091,19.4446424700079,85.83521270751953
A,23,-1,real_diff_in_helix_subspace,200,0.0,1.0,-4.8321943283081055,-0.6854923963546753,22.253834359306566,85.83521270751953
A,23,-1,full_swap,200,0.0,0.9799999594688416,-4.802427291870117,-0.690494954586029,43.63492202758789,85.83521270751953
A,24,-1,helix,200,0.0,1.0,-4.816849708557129,-0.6875763535499573,19.903114242382095,89.41787719726562
A,24,-1,only_T2,200,0.0,1.0,-4.824443340301514,-0.6889418363571167,14.0395324505704,89.41787719726562
A,24,-1,only_T5,200,0.0,1.0,-4.8136820793151855,-0.6937652230262756,12.43500733893752,89.41787719726562
A,24,-1,only_T10,200,0.0,1.0,-4.81850004196167,-0.6898126006126404,5.8332230009857655,89.41787719726562
A,24,-1,only_T100,200,0.0,1.0,-4.818428993225098,-0.6931892037391663,1.2893739195547769,89.41787719726562
A,24,-1,only_lin,200,0.0,1.0,-4.819312572479248,-0.6928340196609497,0.7156352098506522,89.41787719726562
A,24,-1,random_orth,200,0.0,1.0,-4.819273471832275,-0.6932201981544495,19.903114242382095,89.41787719726562
A,24,-1,real_diff_in_helix_subspace,200,0.0,1.0,-4.816353797912598,-0.6867823004722595,22.86138397249465,89.41787719726562
A,24,-1,full_swap,200,0.0,0.98499995470047,-4.793725490570068,-0.6849735975265503,44.8432502746582,89.41787719726562
A,25,-1,helix,200,0.0,1.0,-4.816590785980225,-0.687867283821106,20.352002121194026,94.24421691894531
A,25,-1,only_T2,200,0.0,1.0,-4.823118209838867,-0.6891382932662964,14.30586594595053,94.24421691894531
A,25,-1,only_T5,200,0.0,1.0,-4.814730644226074,-0.6943203806877136,12.756575274310462,94.24421691894531
A,25,-1,only_T10,200,0.0,0.9950000047683716,-4.8181891441345215,-0.6896514892578125,5.98077130580748,94.24421691894531
A,25,-1,only_T100,200,0.0,1.0,-4.8198723793029785,-0.692814290523529,1.3291698732407544,94.24421691894531
A,25,-1,only_lin,200,0.0,1.0,-4.818477153778076,-0.6921747922897339,0.7384708786309995,94.24421691894531
A,25,-1,random_orth,200,0.0,1.0,-4.819697380065918,-0.6930302381515503,20.35200212119403,94.24421691894531
A,25,-1,real_diff_in_helix_subspace,200,0.0,0.9950000047683716,-4.815990447998047,-0.6866998076438904,23.586534025436944,94.24421691894531
A,25,-1,full_swap,200,0.0,0.9899999499320984,-4.794253349304199,-0.6849430799484253,46.23725891113281,94.24421691894531
A,26,-1,helix,200,0.0,1.0,-4.816376209259033,-0.688107430934906,20.689133415193595,102.70304870605469
A,26,-1,only_T2,200,0.0,1.0,-4.825542449951172,-0.689087986946106,14.531783585479785,102.70304870605469
A,26,-1,only_T5,200,0.0,1.0,-4.813826560974121,-0.6945714354515076,12.961195851231677,102.70304870605469
A,26,-1,only_T10,200,0.0,0.9950000047683716,-4.819051265716553,-0.6899482011795044,6.118249167838189,102.70304870605469
A,26,-1,only_T100,200,0.0,1.0,-4.821050643920898,-0.6926283240318298,1.3545084995332533,102.70304870605469
A,26,-1,only_lin,200,0.0,1.0,-4.819661617279053,-0.6927924752235413,0.752898452674454,102.70304870605469
A,26,-1,random_orth,200,0.0,1.0,-4.818957328796387,-0.6924468874931335,20.689133415193595,102.70304870605469
A,26,-1,real_diff_in_helix_subspace,200,0.0,0.9950000047683716,-4.816568374633789,-0.6872057914733887,24.181355532473827,102.70304870605469
A,26,-1,full_swap,200,0.0,0.9899999499320984,-4.795408725738525,-0.6846393942832947,47.3518180847168,102.70304870605469
A,27,-1,helix,200,0.0,1.0,-4.8187127113342285,-0.692655086517334,20.887635662394278,111.94715118408203
A,27,-1,only_T2,200,0.0,1.0,-4.820166110992432,-0.6928285956382751,14.602141556046378,111.94715118408203
A,27,-1,only_T5,200,0.0,1.0,-4.8197922706604,-0.6924546957015991,13.138712209392281,111.94715118408203
A,27,-1,only_T10,200,0.0,1.0,-4.819578170776367,-0.6928877830505371,6.2093466549096945,111.94715118408203
A,27,-1,only_T100,200,0.0,1.0,-4.820430278778076,-0.6930108666419983,1.3832066566303596,111.94715118408203
A,27,-1,only_lin,200,0.0,1.0,-4.819055557250977,-0.6928277611732483,0.7650907931321242,111.94715118408203
A,27,-1,random_orth,200,0.0,1.0,-4.820480823516846,-0.6926888823509216,20.887635662394278,111.94715118408203
A,27,-1,real_diff_in_helix_subspace,200,0.0,1.0,-4.818388938903809,-0.6922938227653503,24.656329519273203,111.94715118408203
A,27,-1,full_swap,200,0.0,1.0,-4.818328380584717,-0.6923729777336121,48.25978088378906,111.94715118408203
A,28,-1,helix,200,0.0,1.0,-4.819040775299072,-0.6926596760749817,21.294666932686724,123.2041244506836
A,28,-1,only_T2,200,0.0,1.0,-4.819323539733887,-0.6927449107170105,14.825671763659242,123.2041244506836
A,28,-1,only_T5,200,0.0,1.0,-4.819044589996338,-0.692672848701477,13.420270592034003,123.2041244506836
A,28,-1,only_T10,200,0.0,1.0,-4.820030212402344,-0.6928678154945374,6.344021941527382,123.2041244506836
A,28,-1,only_T100,200,0.0,1.0,-4.818853855133057,-0.6932390928268433,1.4238044502409062,123.2041244506836
A,28,-1,only_lin,200,0.0,1.0,-4.819286346435547,-0.693241536617279,0.774504798132122,123.2041244506836
A,28,-1,random_orth,200,0.0,1.0,-4.819801330566406,-0.6927029490470886,21.294666932686727,123.2041244506836
A,28,-1,real_diff_in_helix_subspace,200,0.0,1.0,-4.819509983062744,-0.6922521591186523,25.52167568868711,123.2041244506836
A,28,-1,full_swap,200,0.0,1.0,-4.81833028793335,-0.6924389600753784,49.47811508178711,123.2041244506836
A,29,-1,helix,200,0.0,1.0,-4.819094657897949,-0.6929585337638855,21.770840052997233,138.9431610107422
A,29,-1,only_T2,200,0.0,1.0,-4.81984281539917,-0.6930578351020813,15.091159424343685,138.9431610107422
A,29,-1,only_T5,200,0.0,1.0,-4.818716526031494,-0.6926935911178589,13.773584321725608,138.9431610107422
A,29,-1,only_T10,200,0.0,1.0,-4.819511413574219,-0.6932360529899597,6.479833237093597,138.9431610107422
A,29,-1,only_T100,200,0.0,1.0,-4.819482803344727,-0.6929908394813538,1.4725846502194084,138.9431610107422
A,29,-1,only_lin,200,0.0,1.0,-4.819270133972168,-0.693030834197998,0.7912857075477947,138.9431610107422
A,29,-1,random_orth,200,0.0,1.0,-4.81882381439209,-0.6928328275680542,21.770840052997233,138.9431610107422
A,29,-1,real_diff_in_helix_subspace,200,0.0,1.0,-4.81884765625,-0.6929888725280762,26.587402356177464,138.9431610107422
A,29,-1,full_swap,200,0.0,1.0,-4.819695949554443,-0.6926819682121277,50.890960693359375,138.9431610107422
A,30,-1,helix,200,0.0,1.0,-4.819216251373291,-0.6929667592048645,22.28108270270487,163.23036193847656
A,30,-1,only_T2,200,0.0,1.0,-4.819282531738281,-0.6930288672447205,15.341500624193495,163.23036193847656
A,30,-1,only_T5,200,0.0,1.0,-4.818269729614258,-0.6931326389312744,14.165872433320896,163.23036193847656
A,30,-1,only_T10,200,0.0,1.0,-4.818880081176758,-0.6932951211929321,6.69286524144458,163.23036193847656
A,30,-1,only_T100,200,0.0,1.0,-4.819240570068359,-0.6931371688842773,1.5289966671963817,163.23036193847656
A,30,-1,only_lin,200,0.0,1.0,-4.818968772888184,-0.6930374503135681,0.812612379439912,163.23036193847656
A,30,-1,random_orth,200,0.0,1.0,-4.81886100769043,-0.6931818723678589,22.28108270270487,163.23036193847656
A,30,-1,real_diff_in_helix_subspace,200,0.0,1.0,-4.819540500640869,-0.6930217742919922,27.686306153434636,163.23036193847656
A,30,-1,full_swap,200,0.0,1.0,-4.8183207511901855,-0.6929665803909302,52.35380554199219,163.23036193847656
A,31,-1,helix,200,0.0,1.0,-4.818780422210693,-0.6930751800537109,22.63209697479255,193.10702514648438
A,31,-1,only_T2,200,0.0,1.0,-4.818780422210693,-0.6930751800537109,15.521177385453907,193.10702514648438
A,31,-1,only_T5,200,0.0,1.0,-4.818780422210693,-0.6930751800537109,14.4328674896729,193.10702514648438
A,31,-1,only_T10,200,0.0,1.0,-4.818780422210693,-0.6930751800537109,6.840427052767023,193.10702514648438
A,31,-1,only_T100,200,0.0,1.0,-4.818780422210693,-0.6930751800537109,1.587739908924586,193.10702514648438
A,31,-1,only_lin,200,0.0,1.0,-4.818780422210693,-0.6930751800537109,0.8340055077553763,193.10702514648438
A,31,-1,random_orth,200,0.0,1.0,-4.818780422210693,-0.6930751800537109,22.63209697479255,193.10702514648438
A,31,-1,real_diff_in_helix_subspace,200,0.0,1.0,-4.818780422210693,-0.6930751800537109,28.54478166157566,193.10702514648438
A,31,-1,full_swap,200,0.0,1.0,-4.818780422210693,-0.6930751800537109,53.568809509277344,193.10702514648438
A,0,1,helix,200,0.41999998688697815,0.22999998927116394,-2.0884146690368652,-2.548710823059082,2.322431458047278,6.961103439331055
A,0,1,only_T2,200,0.19499999284744263,0.429999977350235,-2.6390633583068848,-1.8753924369812012,1.745448260199261,6.961103439331055
A,0,1,only_T5,200,0.009999999776482582,0.8549999594688416,-3.962153911590576,-0.9061257839202881,1.3527216538122573,6.961103439331055
A,0,1,only_T10,200,0.0,0.9350000023841858,-4.193678379058838,-0.7477652430534363,0.7115049058397944,6.961103439331055
A,0,1,only_T100,200,0.0,1.0,-4.342228889465332,-0.667648196220398,0.13075431962482648,6.961103439331055
A,0,1,only_lin,200,0.0,0.9899999499320984,-4.338472366333008,-0.6693038940429688,0.06180691320097016,6.961103439331055
A,0,1,random_orth,200,0.0,0.9649999737739563,-4.361782550811768,-0.6660012602806091,2.322431458047278,6.961103439331055
A,0,1,real_diff_in_helix_subspace,200,0.3499999940395355,0.3199999928474426,-2.2292776107788086,-2.459268808364868,2.119453871880718,6.961103439331055
A,0,1,full_swap,200,0.6299999952316284,0.044999998062849045,-1.2877013683319092,-4.222970008850098,5.241274356842041,6.961103439331055
A,1,1,helix,200,0.42499998211860657,0.23999999463558197,-2.015377998352051,-2.5990805625915527,2.4764862778448857,7.435514450073242
A,1,1,only_T2,200,0.2149999886751175,0.4099999964237213,-2.5620036125183105,-1.9278749227523804,1.8612228379540385,7.435514450073242
A,1,1,only_T5,200,0.009999999776482582,0.85999995470047,-3.9566290378570557,-0.9088427424430847,1.442001215237545,7.435514450073242
A,1,1,only_T10,200,0.004999999888241291,0.9199999570846558,-4.1859564781188965,-0.7496762871742249,0.7637983132339948,7.435514450073242
A,1,1,only_T100,200,0.0,1.0,-4.342472553253174,-0.668516993522644,0.14563070981989384,7.435514450073242
A,1,1,only_lin,200,0.0,1.0,-4.346555709838867,-0.6636790037155151,0.07361951090257739,7.435514450073242
A,1,1,random_orth,200,0.0,0.9799999594688416,-4.382946968078613,-0.6499007940292358,2.4764862778448857,7.435514450073242
A,1,1,real_diff_in_helix_subspace,200,0.38999998569488525,0.29499998688697815,-2.1378896236419678,-2.551003932952881,2.3010324783081826,7.435514450073242
A,1,1,full_swap,200,0.6449999809265137,0.044999998062849045,-1.271889567375183,-4.174683094024658,5.588699817657471,7.435514450073242
A,2,1,helix,200,0.42499998211860657,0.23499999940395355,-2.0080926418304443,-2.6260833740234375,2.8881683929587614,9.856372833251953
A,2,1,only_T2,200,0.2199999988079071,0.4050000011920929,-2.547496795654297,-1.94496488571167,2.169557122486984,9.856372833251953
A,2,1,only_T5,200,0.014999999664723873,0.8549999594688416,-3.9562699794769287,-0.9146326780319214,1.6812886649305492,9.856372833251953
A,2,1,only_T10,200,0.004999999888241291,0.9099999666213989,-4.181478977203369,-0.7601343989372253,0.8906432197587941,9.856372833251953
A,2,1,only_T100,200,0.0,1.0,-4.337623119354248,-0.6699985861778259,0.17639342874470645,9.856372833251953
A,2,1,only_lin,200,0.0,1.0,-4.346212863922119,-0.6623516082763672,0.09042545943735619,9.856372833251953
A,2,1,random_orth,200,0.004999999888241291,0.9749999642372131,-4.360440254211426,-0.6712260842323303,2.8881683929587614,9.856372833251953
A,2,1,real_diff_in_helix_subspace,200,0.39499998092651367,0.2800000011920929,-2.1070494651794434,-2.603675127029419,2.750331843777122,9.856372833251953
A,2,1,full_swap,200,0.6499999761581421,0.03999999910593033,-1.24956214427948,-4.168385028839111,6.375599384307861,9.856372833251953
A,3,1,helix,200,0.4449999928474426,0.1899999976158142,-1.933086633682251,-2.7282485961914062,3.6784780146895883,12.334907531738281
A,3,1,only_T2,200,0.26499998569488525,0.3649999797344208,-2.4701709747314453,-2.0399625301361084,2.8613649017145315,12.334907531738281
A,3,1,only_T5,200,0.014999999664723873,0.8349999785423279,-3.951807975769043,-0.9416938424110413,2.046966529333749,12.334907531738281
A,3,1,only_T10,200,0.0,0.9149999618530273,-4.185141563415527,-0.7642381191253662,1.0631500639096763,12.334907531738281
A,3,1,only_T100,200,0.0,1.0,-4.343855857849121,-0.6666861772537231,0.21323515677764418,12.334907531738281
A,3,1,only_lin,200,0.0,1.0,-4.345122814178467,-0.6621898412704468,0.10763525022839715,12.334907531738281
A,3,1,random_orth,200,0.0,0.9749999642372131,-4.380914688110352,-0.6552183628082275,3.6784780146895883,12.334907531738281
A,3,1,real_diff_in_helix_subspace,200,0.4399999976158142,0.23999999463558197,-2.0331168174743652,-2.710543155670166,3.547387569735861,12.334907531738281
A,3,1,full_swap,200,0.6649999618530273,0.03500000014901161,-1.2305551767349243,-4.150705814361572,7.637813568115234,12.334907531738281
A,4,1,helix,200,0.4699999988079071,0.19999998807907104,-1.9318407773971558,-2.68949031829834,4.071126497295301,15.31825065612793
A,4,1,only_T2,200,0.25,0.3700000047683716,-2.468240261077881,-2.018014907836914,3.166267068178846,15.31825065612793
A,4,1,only_T5,200,0.019999999552965164,0.8349999785423279,-3.9551753997802734,-0.9332387447357178,2.2688942388935214,15.31825065612793
A,4,1,only_T10,200,0.0,0.9199999570846558,-4.1787872314453125,-0.7577481865882874,1.1691981648962941,15.31825065612793
A,4,1,only_T100,200,0.0,1.0,-4.341683387756348,-0.6655434966087341,0.2434568403473721,15.31825065612793
A,4,1,only_lin,200,0.0,1.0,-4.344574928283691,-0.6630909442901611,0.12790990836934923,15.31825065612793
A,4,1,random_orth,200,0.0,0.9799999594688416,-4.346708297729492,-0.6606411337852478,4.071126497295301,15.31825065612793
A,4,1,real_diff_in_helix_subspace,200,0.4399999976158142,0.25,-2.027966022491455,-2.707202911376953,4.001468535772571,15.31825065612793
A,4,1,full_swap,200,0.6899999976158142,0.044999998062849045,-1.2358676195144653,-3.9764950275421143,8.628150939941406,15.31825065612793
A,5,1,helix,200,0.44999998807907104,0.19999998807907104,-1.937518835067749,-2.6841955184936523,4.729935749154743,18.358335494995117
A,5,1,only_T2,200,0.2549999952316284,0.3799999952316284,-2.468949794769287,-2.0252134799957275,3.6285447179153105,18.358335494995117
A,5,1,only_T5,200,0.014999999664723873,0.8399999737739563,-3.9659576416015625,-0.9295594692230225,2.7253166627835843,18.358335494995117
A,5,1,only_T10,200,0.0,0.9249999523162842,-4.178543567657471,-0.7549310922622681,1.3133393972332597,18.358335494995117
A,5,1,only_T100,200,0.0,1.0,-4.342232704162598,-0.6654766798019409,0.2812434421596258,18.358335494995117
A,5,1,only_lin,200,0.0,1.0,-4.349616050720215,-0.6612505912780762,0.14759621588589109,18.358335494995117
A,5,1,random_orth,200,0.0,0.949999988079071,-4.329107761383057,-0.6896013021469116,4.729935749154743,18.358335494995117
A,5,1,real_diff_in_helix_subspace,200,0.41999998688697815,0.2449999898672104,-2.0473217964172363,-2.713207960128784,4.715194397458947,18.358335494995117
A,5,1,full_swap,200,0.6699999570846558,0.044999998062849045,-1.2653405666351318,-3.8913824558258057,9.96302604675293,18.358335494995117
A,6,1,helix,200,0.4699999988079071,0.1899999976158142,-1.9263945817947388,-2.7358574867248535,5.3151916024646315,21.365192413330078
A,6,1,only_T2,200,0.26499998569488525,0.3700000047683716,-2.4425110816955566,-2.0549733638763428,3.9993490968099286,21.365192413330078
A,6,1,only_T5,200,0.019999999552965164,0.8399999737739563,-3.9644458293914795,-0.9414091110229492,3.1590989550900206,21.365192413330078
A,6,1,only_T10,200,0.0,0.9300000071525574,-4.176298141479492,-0.7569000124931335,1.4630079502641273,21.365192413330078
A,6,1,only_T100,200,0.0,1.0,-4.336750507354736,-0.6673157215118408,0.3163008437530739,21.365192413330078
A,6,1,only_lin,200,0.0,1.0,-4.3458709716796875,-0.6631565690040588,0.16545468450011463,21.365192413330078
A,6,1,random_orth,200,0.0,0.98499995470047,-4.3219404220581055,-0.6870946884155273,5.3151916024646315,21.365192413330078
A,6,1,real_diff_in_helix_subspace,200,0.4099999964237213,0.2549999952316284,-2.064439058303833,-2.7487258911132812,5.3331928445810055,21.365192413330078
A,6,1,full_swap,200,0.6699999570846558,0.03999999910593033,-1.2887316942214966,-3.900040864944458,11.093989372253418,21.365192413330078
A,7,1,helix,200,0.4350000023841858,0.20499999821186066,-1.988439917564392,-2.641963481903076,5.710728928275013,23.32695770263672
A,7,1,only_T2,200,0.2549999952316284,0.38499999046325684,-2.4998860359191895,-1.9853521585464478,4.268877085045841,23.32695770263672
A,7,1,only_T5,200,0.019999999552965164,0.8399999737739563,-3.983229398727417,-0.9308104515075684,3.421429423704376,23.32695770263672
A,7,1,only_T10,200,0.0,0.9199999570846558,-4.181820392608643,-0.7571917772293091,1.5664737539914098,23.32695770263672
A,7,1,only_T100,200,0.0,1.0,-4.340250015258789,-0.6656922101974487,0.33917899698344955,23.32695770263672
A,7,1,only_lin,200,0.0,1.0,-4.343939304351807,-0.6640056371688843,0.18106296674232036,23.32695770263672
A,7,1,random_orth,200,0.004999999888241291,0.9599999785423279,-4.331875324249268,-0.6813539266586304,5.710728928275013,23.32695770263672
A,7,1,real_diff_in_helix_subspace,200,0.3999999761581421,0.26999998092651367,-2.127624988555908,-2.667495012283325,5.754491660651666,23.32695770263672
A,7,1,full_swap,200,0.6349999904632568,0.06499999761581421,-1.3605129718780518,-3.714109420776367,11.927263259887695,23.32695770263672
A,8,1,helix,200,0.4399999976158142,0.20999999344348907,-1.9861568212509155,-2.662656784057617,5.981414435925753,25.78238296508789
A,8,1,only_T2,200,0.25999999046325684,0.3700000047683716,-2.4867262840270996,-1.9934619665145874,4.409679414186388,25.78238296508789
A,8,1,only_T5,200,0.019999999552965164,0.8449999690055847,-3.97978138923645,-0.9349251985549927,3.641987230168951,25.78238296508789
A,8,1,only_T10,200,0.0,0.9149999618530273,-4.178483009338379,-0.7602285742759705,1.6583023381376476,25.78238296508789
A,8,1,only_T100,200,0.0,0.9950000047683716,-4.338887691497803,-0.6671981811523438,0.3549987593471568,25.78238296508789
A,8,1,only_lin,200,0.0,1.0,-4.345178604125977,-0.6660857796669006,0.19115799054130533,25.78238296508789
A,8,1,random_orth,200,0.0,0.9549999833106995,-4.3391571044921875,-0.6828733682632446,5.981414435925753,25.78238296508789
A,8,1,real_diff_in_helix_subspace,200,0.39499998092651367,0.26499998569488525,-2.1240029335021973,-2.696826934814453,6.092651734378567,25.78238296508789
A,8,1,full_swap,200,0.625,0.06499999761581421,-1.358870506286621,-3.6722471714019775,12.555102348327637,25.78238296508789
A,9,1,helix,200,0.4599999785423279,0.20499999821186066,-1.9616429805755615,-2.685939311981201,6.45705783924577,28.698244094848633
A,9,1,only_T2,200,0.26499998569488525,0.375,-2.468519926071167,-2.0168020725250244,4.719572151269183,28.698244094848633
A,9,1,only_T5,200,0.019999999552965164,0.8499999642372131,-3.974632501602173,-0.9403831362724304,3.962938848488568,28.698244094848633
A,9,1,only_T10,200,0.0,0.9199999570846558,-4.176722049713135,-0.7603940963745117,1.817644176465298,28.698244094848633
A,9,1,only_T100,200,0.0,1.0,-4.340411186218262,-0.6655653119087219,0.3867268619741747,28.698244094848633
A,9,1,only_lin,200,0.0,1.0,-4.344475746154785,-0.6630447506904602,0.20755870792521647,28.698244094848633
A,9,1,random_orth,200,0.0,0.9599999785423279,-4.3710174560546875,-0.6831750273704529,6.457057839245769,28.698244094848633
A,9,1,real_diff_in_helix_subspace,200,0.38499999046325684,0.26499998569488525,-2.100773572921753,-2.728815793991089,6.675330351673377,28.698244094848633
A,9,1,full_swap,200,0.6349999904632568,0.07000000029802322,-1.3469215631484985,-3.6933000087738037,13.681055068969727,28.698244094848633
A,10,1,helix,200,0.44999998807907104,0.19999998807907104,-1.931601643562317,-2.739466428756714,7.12369905522853,31.123075485229492
A,10,1,only_T2,200,0.26999998092651367,0.375,-2.447972297668457,-2.056671619415283,5.20934931112179,31.123075485229492
A,10,1,only_T5,200,0.019999999552965164,0.824999988079071,-3.9671852588653564,-0.95625239610672,4.36364911155975,31.123075485229492
A,10,1,only_T10,200,0.0,0.9149999618530273,-4.170785903930664,-0.7652862668037415,2.028733046215745,31.123075485229492
A,10,1,only_T100,200,0.0,1.0,-4.340383529663086,-0.667142927646637,0.420674205607598,31.123075485229492
A,10,1,only_lin,200,0.0,1.0,-4.3452959060668945,-0.6654871702194214,0.22501723227143053,31.123075485229492
A,10,1,random_orth,200,0.004999999888241291,0.9699999690055847,-4.313324928283691,-0.704497218132019,7.12369905522853,31.123075485229492
A,10,1,real_diff_in_helix_subspace,200,0.39499998092651367,0.25,-2.0957133769989014,-2.759784698486328,7.309660981880857,31.123075485229492
A,10,1,full_swap,200,0.6449999809265137,0.07499999552965164,-1.3415981531143188,-3.6947789192199707,14.89916706085205,31.123075485229492
A,11,1,helix,200,0.47999998927116394,0.17999999225139618,-1.8954534530639648,-2.77077579498291,7.907407672956267,34.06963348388672
A,11,1,only_T2,200,0.26499998569488525,0.3649999797344208,-2.4143810272216797,-2.094967842102051,5.7532776905746355,34.06963348388672
A,11,1,only_T5,200,0.014999999664723873,0.824999988079071,-3.9504477977752686,-0.9598301649093628,4.8888168813689665,34.06963348388672
A,11,1,only_T10,200,0.0,0.9049999713897705,-4.165927410125732,-0.7751013040542603,2.2691917452565145,34.06963348388672
A,11,1,only_T100,200,0.0,1.0,-4.339480400085449,-0.6681980490684509,0.45922473275442754,34.06963348388672
A,11,1,only_lin,200,0.0,1.0,-4.343693733215332,-0.6663885116577148,0.2480691713115641,34.06963348388672
A,11,1,random_orth,200,0.004999999888241291,0.949999988079071,-4.327853202819824,-0.7111239433288574,7.907407672956267,34.06963348388672
A,11,1,real_diff_in_helix_subspace,200,0.38999998569488525,0.2750000059604645,-2.0626142024993896,-2.7767717838287354,8.104347514391007,34.06963348388672
A,11,1,full_swap,200,0.6449999809265137,0.05999999865889549,-1.3483422994613647,-3.6674375534057617,16.456560134887695,34.06963348388672
A,12,1,helix,200,0.4899999797344208,0.17499999701976776,-1.8378961086273193,-2.8232061862945557,9.001543909723493,37.5317268371582
A,12,1,only_T2,200,0.2800000011920929,0.3499999940395355,-2.362950325012207,-2.140760660171509,6.6123071875509165,37.5317268371582
A,12,1,only_T5,200,0.014999999664723873,0.8199999928474426,-3.9335124492645264,-0.9853257536888123,5.486904137235492,37.5317268371582
A,12,1,only_T10,200,0.0,0.8949999809265137,-4.152937889099121,-0.7848754525184631,2.6010053063188194,37.5317268371582
A,12,1,only_T100,200,0.0,0.9950000047683716,-4.33966064453125,-0.6681584715843201,0.5054876889496266,37.5317268371582
A,12,1,only_lin,200,0.0,1.0,-4.345454216003418,-0.6665199398994446,0.27362647620749647,37.5317268371582
A,12,1,random_orth,200,0.009999999776482582,0.9350000023841858,-4.33524751663208,-0.7241817116737366,9.001543909723493,37.5317268371582
A,12,1,real_diff_in_helix_subspace,200,0.4350000023841858,0.22999998927116394,-1.9591976404190063,-2.8619232177734375,9.30579566074409,37.5317268371582
A,12,1,full_swap,200,0.6299999952316284,0.07000000029802322,-1.3525424003601074,-3.649780750274658,18.72612762451172,37.5317268371582
A,13,1,helix,200,0.3400000035762787,0.38499999046325684,-2.346705913543701,-1.9252657890319824,9.9099866030443,41.299678802490234
A,13,1,only_T2,200,0.19499999284744263,0.5149999856948853,-2.7963955402374268,-1.5810636281967163,7.228962016013209,41.299678802490234
A,13,1,only_T5,200,0.009999999776482582,0.9149999618530273,-4.04707670211792,-0.8109854459762573,6.074467248653195,41.299678802490234
A,13,1,only_T10,200,0.0,0.9449999928474426,-4.196447372436523,-0.7256609201431274,2.9042262492346724,41.299678802490234
A,13,1,only_T100,200,0.0,1.0,-4.343722343444824,-0.6691972017288208,0.5660597614933356,41.299678802490234
A,13,1,only_lin,200,0.0,0.9950000047683716,-4.343697547912598,-0.6692237854003906,0.3103399023804051,41.299678802490234
A,13,1,random_orth,200,0.004999999888241291,0.9799999594688416,-4.333894729614258,-0.7024503350257874,9.9099866030443,41.299678802490234
A,13,1,real_diff_in_helix_subspace,200,0.3100000023841858,0.4099999964237213,-2.4105093479156494,-1.9309474229812622,10.417441637380751,41.299678802490234
A,13,1,full_swap,200,0.42499998211860657,0.23499999940395355,-1.802902340888977,-2.549015998840332,20.865636825561523,41.299678802490234
A,14,1,helix,200,0.054999999701976776,0.8149999976158142,-3.6089489459991455,-0.9257771372795105,10.861806730182018,45.10677719116211
A,14,1,only_T2,200,0.02499999850988388,0.85999995470047,-3.8099615573883057,-0.8430917263031006,7.894515940495576,45.10677719116211
A,14,1,only_T5,200,0.0,0.9749999642372131,-4.240916728973389,-0.7111483812332153,6.696391331430898,45.10677719116211
A,14,1,only_T10,200,0.0,0.9699999690055847,-4.284869194030762,-0.6916706562042236,3.183910301836361,45.10677719116211
A,14,1,only_T100,200,0.0,1.0,-4.343150615692139,-0.6688872575759888,0.6287610274151986,45.10677719116211
A,14,1,only_lin,200,0.0,1.0,-4.345758438110352,-0.6692193746566772,0.3476560221572542,45.10677719116211
A,14,1,random_orth,200,0.0,0.9899999499320984,-4.344058513641357,-0.6742914915084839,10.861806730182018,45.10677719116211
A,14,1,real_diff_in_helix_subspace,200,0.06499999761581421,0.8499999642372131,-3.6110334396362305,-0.9478532671928406,11.469067478445268,45.10677719116211
A,14,1,full_swap,200,0.08500000089406967,0.7749999761581421,-3.315568685531616,-1.1594512462615967,22.941665649414062,45.10677719116211
A,15,1,helix,200,0.044999998062849045,0.8349999785423279,-3.6095049381256104,-0.9265864491462708,11.840435461626466,50.21769714355469
A,15,1,only_T2,200,0.019999999552965164,0.8650000095367432,-3.8114073276519775,-0.8431451320648193,8.545167192946852,50.21769714355469
A,15,1,only_T5,200,0.0,0.9699999690055847,-4.239645957946777,-0.7117165923118591,7.37771488463649,50.21769714355469
A,15,1,only_T10,200,0.0,0.9749999642372131,-4.2828049659729,-0.6915385127067566,3.4554546661669754,50.21769714355469
A,15,1,only_T100,200,0.0,0.9950000047683716,-4.342236042022705,-0.6689587831497192,0.7098005020930731,50.21769714355469
A,15,1,only_lin,200,0.0,1.0,-4.3448991775512695,-0.6695887446403503,0.3809106992380883,50.21769714355469
A,15,1,random_orth,200,0.0,0.9950000047683716,-4.340327262878418,-0.6752647161483765,11.840435461626466,50.21769714355469
A,15,1,real_diff_in_helix_subspace,200,0.06499999761581421,0.8399999737739563,-3.612536907196045,-0.9457400441169739,12.517026316895913,50.21769714355469
A,15,1,full_swap,200,0.08500000089406967,0.7749999761581421,-3.3307316303253174,-1.148344874382019,24.9816951751709,50.21769714355469
A,16,1,helix,200,0.03999999910593033,0.8399999737739563,-3.664130210876465,-0.8966089487075806,13.253485995312044,55.00128936767578
A,16,1,only_T2,200,0.02499999850988388,0.8650000095367432,-3.8476195335388184,-0.825865626335144,9.60340500562586,55.00128936767578
A,16,1,only_T5,200,0.0,0.9749999642372131,-4.253881931304932,-0.7067458033561707,8.199245312924715,55.00128936767578
A,16,1,only_T10,200,0.0,0.98499995470047,-4.282806873321533,-0.692349374294281,3.8913549577591935,55.00128936767578
A,16,1,only_T100,200,0.0,0.9950000047683716,-4.343453884124756,-0.6689330339431763,0.807413023471621,55.00128936767578
A,16,1,only_lin,200,0.0,0.9950000047683716,-4.344895362854004,-0.6693159341812134,0.4358677858174336,55.00128936767578
A,16,1,random_orth,200,0.0,0.98499995470047,-4.341758728027344,-0.6816058158874512,13.253485995312044,55.00128936767578
A,16,1,real_diff_in_helix_subspace,200,0.05999999865889549,0.8549999594688416,-3.6647939682006836,-0.9145333766937256,14.211840531147104,55.00128936767578
A,16,1,full_swap,200,0.07999999821186066,0.7799999713897705,-3.4201176166534424,-1.0732080936431885,28.439062118530273,55.00128936767578
A,17,1,helix,200,0.02499999850988388,0.8999999761581421,-3.836883544921875,-0.8168777823448181,14.517657861671232,60.11759948730469
A,17,1,only_T2,200,0.019999999552965164,0.9049999713897705,-3.9801206588745117,-0.7752084732055664,10.477199228541833,60.11759948730469
A,17,1,only_T5,200,0.0,0.98499995470047,-4.2786545753479,-0.6936842799186707,9.025591758214253,60.11759948730469
A,17,1,only_T10,200,0.0,0.98499995470047,-4.29610538482666,-0.6871242523193359,4.2813000740791125,60.11759948730469
A,17,1,only_T100,200,0.0,0.9950000047683716,-4.342668533325195,-0.6696810126304626,0.9021579854911508,60.11759948730469
A,17,1,only_lin,200,0.0,0.9950000047683716,-4.345451354980469,-0.6705248355865479,0.48888392725124985,60.11759948730469
A,17,1,random_orth,200,0.0,0.98499995470047,-4.328171730041504,-0.6768746972084045,14.517657861671232,60.11759948730469
A,17,1,real_diff_in_helix_subspace,200,0.02499999850988388,0.9149999618530273,-3.8342247009277344,-0.8257200717926025,15.592538488249566,60.11759948730469
A,17,1,full_swap,200,0.05999999865889549,0.8349999785423279,-3.6572279930114746,-0.9154965281486511,31.212671279907227,60.11759948730469
A,18,1,helix,200,0.0,0.9899999499320984,-4.240291595458984,-0.6892657279968262,15.46615908579264,65.52522277832031
A,18,1,only_T2,200,0.0,0.98499995470047,-4.2826337814331055,-0.6822994947433472,11.106820706692252,65.52522277832031
A,18,1,only_T5,200,0.0,0.9950000047683716,-4.331327438354492,-0.6751861572265625,9.691113603012939,65.52522277832031
A,18,1,only_T10,200,0.0,0.9899999499320984,-4.329492092132568,-0.6761379241943359,4.578916660874295,65.52522277832031
A,18,1,only_T100,200,0.0,0.9950000047683716,-4.344364643096924,-0.6716607809066772,0.9779430506415266,65.52522277832031
A,18,1,only_lin,200,0.0,0.9950000047683716,-4.344509601593018,-0.6717543601989746,0.5302106699219279,65.52522277832031
A,18,1,random_orth,200,0.0,1.0,-4.347750186920166,-0.6757527589797974,15.46615908579264,65.52522277832031
A,18,1,real_diff_in_helix_subspace,200,0.0,0.9899999499320984,-4.236988544464111,-0.6919229626655579,16.77816150134323,65.52522277832031
A,18,1,full_swap,200,0.009999999776482582,0.9449999928474426,-4.152867794036865,-0.7119051814079285,33.487945556640625,65.52522277832031
A,19,1,helix,200,0.0,0.9899999499320984,-4.302493095397949,-0.6823610067367554,16.248649302899263,69.20170593261719
A,19,1,only_T2,200,0.0,0.9950000047683716,-4.315752029418945,-0.6775437593460083,11.687237678146143,69.20170593261719
A,19,1,only_T5,200,0.0,0.9950000047683716,-4.3387274742126465,-0.6742510199546814,10.155854259382139,69.20170593261719
A,19,1,only_T10,200,0.0,0.9899999499320984,-4.337543487548828,-0.6761959195137024,4.822610220510317,69.20170593261719
A,19,1,only_T100,200,0.0,1.0,-4.343966007232666,-0.6716499328613281,1.0327845733570091,69.20170593261719
A,19,1,only_lin,200,0.0,0.9950000047683716,-4.3468708992004395,-0.6719236373901367,0.5636665292801362,69.20170593261719
A,19,1,random_orth,200,0.0,1.0,-4.343128681182861,-0.6731687784194946,16.248649302899263,69.20170593261719
A,19,1,real_diff_in_helix_subspace,200,0.0,0.9899999499320984,-4.300891399383545,-0.6821369528770447,17.64845679648212,69.20170593261719
A,19,1,full_swap,200,0.004999999888241291,0.9549999833106995,-4.2527570724487305,-0.6929305791854858,35.27867126464844,69.20170593261719
A,20,1,helix,200,0.0,0.9899999499320984,-4.3026347160339355,-0.6820881366729736,17.044872162779953,73.7016830444336
A,20,1,only_T2,200,0.0,0.9899999499320984,-4.314859867095947,-0.6776381731033325,12.252311387324776,73.7016830444336
A,20,1,only_T5,200,0.0,0.9950000047683716,-4.337087631225586,-0.6749258041381836,10.65757308541219,73.7016830444336
A,20,1,only_T10,200,0.0,0.9899999499320984,-4.336677074432373,-0.6760250926017761,5.056464122848611,73.7016830444336
A,20,1,only_T100,200,0.0,1.0,-4.34412145614624,-0.6716816425323486,1.092409739900143,73.7016830444336
A,20,1,only_lin,200,0.0,1.0,-4.344001770019531,-0.6723805069923401,0.60393671126805,73.7016830444336
A,20,1,random_orth,200,0.0,0.9950000047683716,-4.344125270843506,-0.673324704170227,17.044872162779953,73.7016830444336
A,20,1,real_diff_in_helix_subspace,200,0.0,0.9899999499320984,-4.300386428833008,-0.683298647403717,18.624906378233437,73.7016830444336
A,20,1,full_swap,200,0.004999999888241291,0.9549999833106995,-4.253069877624512,-0.6939072012901306,37.27546310424805,73.7016830444336
A,21,1,helix,200,0.0,0.9950000047683716,-4.3506035804748535,-0.679230809211731,17.76685800809254,77.17962646484375
A,21,1,only_T2,200,0.0,0.9950000047683716,-4.352244853973389,-0.675177276134491,12.787630179287818,77.17962646484375
A,21,1,only_T5,200,0.0,1.0,-4.343844413757324,-0.6754281520843506,11.089687734025913,77.17962646484375
A,21,1,only_T10,200,0.0,0.9950000047683716,-4.345985412597656,-0.6737779974937439,5.274584105267495,77.17962646484375
A,21,1,only_T100,200,0.0,1.0,-4.34478759765625,-0.6724830269813538,1.1457628984893267,77.17962646484375
A,21,1,only_lin,200,0.0,1.0,-4.345404148101807,-0.6722337007522583,0.6366910271966042,77.17962646484375
A,21,1,random_orth,200,0.0,0.9950000047683716,-4.347293376922607,-0.6722274422645569,17.76685800809254,77.17962646484375
A,21,1,real_diff_in_helix_subspace,200,0.0,0.9950000047683716,-4.349538326263428,-0.678916335105896,19.537708144351388,77.17962646484375
A,21,1,full_swap,200,0.0,0.9699999690055847,-4.338775157928467,-0.6844837665557861,39.07740783691406,77.17962646484375
A,22,1,helix,200,0.0,0.9950000047683716,-4.353521823883057,-0.6788426041603088,18.58871657139991,81.62216186523438
A,22,1,only_T2,200,0.0,0.9950000047683716,-4.352928161621094,-0.67403644323349,13.346159680311215,81.62216186523438
A,22,1,only_T5,200,0.0,1.0,-4.343390464782715,-0.6749523282051086,11.649255383344748,81.62216186523438
A,22,1,only_T10,200,0.0,0.9950000047683716,-4.346595287322998,-0.6744390726089478,5.496313980843906,81.62216186523438
A,22,1,only_T100,200,0.0,0.9950000047683716,-4.344566345214844,-0.672419011592865,1.2049578286810294,81.62216186523438
A,22,1,only_lin,200,0.0,1.0,-4.34599494934082,-0.6725285053253174,0.6720053465628982,81.62216186523438
A,22,1,random_orth,200,0.0,1.0,-4.344552040100098,-0.6709378957748413,18.58871657139991,81.62216186523438
A,22,1,real_diff_in_helix_subspace,200,0.0,0.9950000047683716,-4.351653099060059,-0.6774553656578064,20.470818516237138,81.62216186523438
A,22,1,full_swap,200,0.0,0.9799999594688416,-4.345008373260498,-0.6839941740036011,40.97760772705078,81.62216186523438
A,23,1,helix,200,0.0,0.9950000047683716,-4.356076717376709,-0.6777076721191406,19.203047279484384,85.86876678466797
A,23,1,only_T2,200,0.0,0.9950000047683716,-4.354587078094482,-0.6749123930931091,13.785613108539794,85.86876678466797
A,23,1,only_T5,200,0.0,1.0,-4.341861248016357,-0.6747962832450867,12.046977835734499,85.86876678466797
A,23,1,only_T10,200,0.0,0.9950000047683716,-4.346315383911133,-0.6745170950889587,5.684307326895796,85.86876678466797
A,23,1,only_T100,200,0.0,1.0,-4.344168663024902,-0.6721371412277222,1.2438781786916437,85.86876678466797
A,23,1,only_lin,200,0.0,1.0,-4.345949172973633,-0.6724202632904053,0.6964595856474084,85.86876678466797
A,23,1,random_orth,200,0.0,0.9950000047683716,-4.348086833953857,-0.6740873456001282,19.203047279484384,85.86876678466797
A,23,1,real_diff_in_helix_subspace,200,0.0,0.9950000047683716,-4.354495525360107,-0.6790795922279358,21.26617953932041,85.86876678466797
A,23,1,full_swap,200,0.0,0.9799999594688416,-4.350931644439697,-0.6864495873451233,42.48386764526367,85.86876678466797
A,24,1,helix,200,0.0,0.9950000047683716,-4.346660137176514,-0.6722370982170105,19.639764242066306,89.47822570800781
A,24,1,only_T2,200,0.0,0.9950000047683716,-4.343850135803223,-0.6715560555458069,14.0395324505704,89.47822570800781
A,24,1,only_T5,200,0.0,1.0,-4.342979907989502,-0.6723660230636597,12.39580397000789,89.47822570800781
A,24,1,only_T10,200,0.0,0.9899999499320984,-4.345491886138916,-0.6732176542282104,5.7986158968638835,89.47822570800781
A,24,1,only_T100,200,0.0,1.0,-4.344498634338379,-0.6720808148384094,1.2680659757499961,89.47822570800781
A,24,1,only_lin,200,0.0,1.0,-4.345235347747803,-0.6725149154663086,0.7156352098506524,89.47822570800781
A,24,1,random_orth,200,0.0,1.0,-4.343818664550781,-0.6718951463699341,19.639764242066306,89.47822570800781
A,24,1,real_diff_in_helix_subspace,200,0.0,0.9950000047683716,-4.346538066864014,-0.6734619140625,21.881555204537825,89.47822570800781
A,24,1,full_swap,200,0.0,0.9899999499320984,-4.341044902801514,-0.6753349900245667,43.66864776611328,89.47822570800781
A,25,1,helix,200,0.0,0.9950000047683716,-4.346225261688232,-0.6719434857368469,20.08127983870552,94.13739013671875
A,25,1,only_T2,200,0.0,0.9950000047683716,-4.34372615814209,-0.6714679002761841,14.30586594595053,94.13739013671875
A,25,1,only_T5,200,0.0,1.0,-4.343077182769775,-0.6718999147415161,12.715829390072873,94.13739013671875
A,25,1,only_T10,200,0.0,0.9899999499320984,-4.346553802490234,-0.6736904978752136,5.945826535901603,94.13739013671875
A,25,1,only_T100,200,0.0,1.0,-4.344000339508057,-0.6719210743904114,1.3072223635390907,94.13739013671875
A,25,1,only_lin,200,0.0,1.0,-4.344664096832275,-0.6721490621566772,0.7384708786309997,94.13739013671875
A,25,1,random_orth,200,0.0,1.0,-4.344237327575684,-0.6729341149330139,20.08127983870552,94.13739013671875
A,25,1,real_diff_in_helix_subspace,200,0.0,0.9950000047683716,-4.346319675445557,-0.6725835800170898,22.573551775683733,94.13739013671875
A,25,1,full_swap,200,0.0,0.9899999499320984,-4.341178894042969,-0.6751813292503357,44.99870300292969,94.13739013671875
A,26,1,helix,200,0.0,0.9950000047683716,-4.34769344329834,-0.6724036931991577,20.396914607853112,102.41056823730469
A,26,1,only_T2,200,0.0,0.9950000047683716,-4.344630718231201,-0.6710100173950195,14.531783585479785,102.41056823730469
A,26,1,only_T5,200,0.0,1.0,-4.343227863311768,-0.6721965074539185,12.915986075685328,102.41056823730469
A,26,1,only_T10,200,0.0,0.9899999499320984,-4.345903396606445,-0.6733161807060242,6.081633329540112,102.41056823730469
A,26,1,only_T100,200,0.0,1.0,-4.344683647155762,-0.6719505786895752,1.331787252672296,102.41056823730469
A,26,1,only_lin,200,0.0,1.0,-4.343589782714844,-0.6724360585212708,0.752898452674454,102.41056823730469
A,26,1,random_orth,200,0.0,1.0,-4.343916416168213,-0.6721567511558533,20.396914607853112,102.41056823730469
A,26,1,real_diff_in_helix_subspace,200,0.0,0.9950000047683716,-4.346284866333008,-0.6732296347618103,23.18491461257029,102.41056823730469
A,26,1,full_swap,200,0.0,0.9899999499320984,-4.342214584350586,-0.675872266292572,46.0972785949707,102.41056823730469
A,27,1,helix,200,0.0,1.0,-4.345290184020996,-0.6724772453308105,20.585625969837974,111.33125305175781
A,27,1,only_T2,200,0.0,1.0,-4.34476375579834,-0.6725097298622131,14.602141556046378,111.33125305175781
A,27,1,only_T5,200,0.0,1.0,-4.345280647277832,-0.6722323298454285,13.09478721910145,111.33125305175781
A,27,1,only_T10,200,0.0,1.0,-4.3439788818359375,-0.672551691532135,6.171493351001832,111.33125305175781
A,27,1,only_T100,200,0.0,1.0,-4.344559669494629,-0.6723977327346802,1.3590860914542384,111.33125305175781
A,27,1,only_lin,200,0.0,1.0,-4.343483924865723,-0.6725407242774963,0.7650907931321244,111.33125305175781
A,27,1,random_orth,200,0.0,1.0,-4.344024658203125,-0.6724673509597778,20.585625969837974,111.33125305175781
A,27,1,real_diff_in_helix_subspace,200,0.0,1.0,-4.344343662261963,-0.6731837391853333,23.66593359496379,111.33125305175781
A,27,1,full_swap,200,0.0,1.0,-4.342889785766602,-0.6724908947944641,46.99082565307617,111.33125305175781
A,28,1,helix,200,0.0,1.0,-4.345789909362793,-0.6724006533622742,20.953083481082786,122.20779418945312
A,28,1,only_T2,200,0.0,1.0,-4.344363212585449,-0.6724324822425842,14.825671763659242,122.20779418945312
A,28,1,only_T5,200,0.0,1.0,-4.344186305999756,-0.672906756401062,13.374184674372914,122.20779418945312
A,28,1,only_T10,200,0.0,1.0,-4.344691753387451,-0.6725957989692688,6.3047000105809685,122.20779418945312
A,28,1,only_T100,200,0.0,1.0,-4.34542179107666,-0.6724758744239807,1.3975954141000724,122.20779418945312
A,28,1,only_lin,200,0.0,1.0,-4.343939781188965,-0.6728336811065674,0.7745047981321221,122.20779418945312
A,28,1,random_orth,200,0.0,1.0,-4.344066143035889,-0.6729023456573486,20.953083481082786,122.20779418945312
A,28,1,real_diff_in_helix_subspace,200,0.0,1.0,-4.3438849449157715,-0.673202633857727,24.537909992619724,122.20779418945312
A,28,1,full_swap,200,0.0,1.0,-4.343277931213379,-0.6725028157234192,48.17782211303711,122.20779418945312
A,29,1,helix,200,0.0,1.0,-4.343955039978027,-0.6725828647613525,21.384598180511315,137.62924194335938
A,29,1,only_T2,200,0.0,1.0,-4.343441486358643,-0.6726404428482056,15.091159424343685,137.62924194335938
A,29,1,only_T5,200,0.0,1.0,-4.343904972076416,-0.6723335385322571,13.723905689995693,137.62924194335938
A,29,1,only_T10,200,0.0,1.0,-4.344661712646484,-0.6728472113609314,6.4352066010133395,137.62924194335938
A,29,1,only_T100,200,0.0,1.0,-4.344515800476074,-0.6727137565612793,1.4441840255696115,137.62924194335938
A,29,1,only_lin,200,0.0,1.0,-4.343783855438232,-0.6725897789001465,0.7912857075477949,137.62924194335938
A,29,1,random_orth,200,0.0,1.0,-4.345103740692139,-0.672476053237915,21.384598180511315,137.62924194335938
A,29,1,real_diff_in_helix_subspace,200,0.0,1.0,-4.344474792480469,-0.6727399230003357,25.619026395318137,137.62924194335938
A,29,1,full_swap,200,0.0,1.0,-4.343387126922607,-0.6729046702384949,49.61945343017578,137.62924194335938
A,30,1,helix,200,0.0,1.0,-4.344654560089111,-0.6726638674736023,21.841804462755864,161.33473205566406
A,30,1,only_T2,200,0.0,1.0,-4.342952251434326,-0.6726650595664978,15.341500624193495,161.33473205566406
A,30,1,only_T5,200,0.0,1.0,-4.343969821929932,-0.6727186441421509,14.113322177248829,161.33473205566406
A,30,1,only_T10,200,0.0,1.0,-4.344033718109131,-0.6727216839790344,6.644286724031669,161.33473205566406
A,30,1,only_T100,200,0.0,1.0,-4.344426155090332,-0.6727505326271057,1.4979345006597407,161.33473205566406
A,30,1,only_lin,200,0.0,1.0,-4.3442463874816895,-0.6727350354194641,0.812612379439912,161.33473205566406
A,30,1,random_orth,200,0.0,1.0,-4.343969821929932,-0.6725204586982727,21.841804462755864,161.33473205566406
A,30,1,real_diff_in_helix_subspace,200,0.0,1.0,-4.343438148498535,-0.6728833913803101,26.807500415460446,161.33473205566406
A,30,1,full_swap,200,0.0,1.0,-4.34462308883667,-0.6728814840316772,51.142276763916016,161.33473205566406
A,31,1,helix,200,0.0,1.0,-4.343611717224121,-0.6728605628013611,22.17834117170493,190.8621063232422
A,31,1,only_T2,200,0.0,1.0,-4.343611717224121,-0.6728605628013611,15.521177385453907,190.8621063232422
A,31,1,only_T5,200,0.0,1.0,-4.343611717224121,-0.6728605628013611,14.38424683159836,190.8621063232422
A,31,1,only_T10,200,0.0,1.0,-4.343611717224121,-0.6728605628013611,6.7899533119013356,190.8621063232422
A,31,1,only_T100,200,0.0,1.0,-4.343611717224121,-0.6728605628013611,1.5536792381615976,190.8621063232422
A,31,1,only_lin,200,0.0,1.0,-4.343611717224121,-0.6728605628013611,0.8340055077553763,190.8621063232422
A,31,1,random_orth,200,0.0,1.0,-4.343611717224121,-0.6728605628013611,22.17834117170493,190.8621063232422
A,31,1,real_diff_in_helix_subspace,200,0.0,1.0,-4.343611717224121,-0.6728605628013611,27.706160203535745,190.8621063232422
A,31,1,full_swap,200,0.0,1.0,-4.343611717224121,-0.6728605628013611,52.39241027832031,190.8621063232422
A,0,2,helix,200,0.3199999928474426,0.35999998450279236,-2.2480456829071045,-2.171786069869995,2.5822248361435443,6.924480438232422
A,0,2,only_T2,200,0.0,0.98499995470047,-4.312617301940918,-0.6881722807884216,0.0,6.924480438232422
A,0,2,only_T5,200,0.10999999940395355,0.6100000143051147,-3.057006359100342,-1.5384842157363892,2.192974458704876,6.924480438232422
A,0,2,only_T10,200,0.07999999821186066,0.7699999809265137,-3.4794204235076904,-1.0006427764892578,1.353117313266796,6.924480438232422
A,0,2,only_T100,200,0.004999999888241291,0.9599999785423279,-4.28648042678833,-0.6836647391319275,0.26011855945523055,6.924480438232422
A,0,2,only_lin,200,0.0,0.9799999594688416,-4.296523094177246,-0.6831567287445068,0.12361382640194034,6.924480438232422
A,0,2,random_orth,200,0.014999999664723873,0.949999988079071,-4.340846538543701,-0.6979628801345825,2.5822248361435443,6.924480438232422
A,0,2,real_diff_in_helix_subspace,200,0.2549999952316284,0.44999998807907104,-2.519958734512329,-2.013838768005371,2.293514665296881,6.924480438232422
A,0,2,full_swap,200,0.5799999833106995,0.07000000029802322,-1.447924017906189,-4.028007507324219,5.6252617835998535,6.924480438232422
A,1,2,helix,200,0.32999998331069946,0.35499998927116394,-2.1761937141418457,-2.1764161586761475,2.755765866462978,7.399820327758789
A,1,2,only_T2,200,0.0,0.98499995470047,-4.312617301940918,-0.6881722807884216,0.0,7.399820327758789
A,1,2,only_T5,200,0.11999999731779099,0.6299999952316284,-3.013204336166382,-1.5577154159545898,2.3376275269448272,7.399820327758789
A,1,2,only_T10,200,0.08500000089406967,0.7699999809265137,-3.4620981216430664,-1.0036263465881348,1.4524352831950387,7.399820327758789
A,1,2,only_T100,200,0.0,0.9699999690055847,-4.2891106605529785,-0.6843471527099609,0.2897773195169233,7.399820327758789
A,1,2,only_lin,200,0.004999999888241291,0.9699999690055847,-4.304988384246826,-0.674430251121521,0.14723902180515477,7.399820327758789
A,1,2,random_orth,200,0.004999999888241291,0.9449999928474426,-4.345099449157715,-0.6891570687294006,2.755765866462978,7.399820327758789
A,1,2,real_diff_in_helix_subspace,200,0.25999999046325684,0.4650000035762787,-2.4405336380004883,-2.0577588081359863,2.4931582032002537,7.399820327758789
A,1,2,full_swap,200,0.5949999690055847,0.07000000029802322,-1.4359627962112427,-4.008168697357178,6.021706581115723,7.399820327758789
A,2,2,helix,200,0.3349999785423279,0.3449999988079071,-2.18367600440979,-2.1946370601654053,3.2123876899834896,9.849052429199219
A,2,2,only_T2,200,0.0,0.98499995470047,-4.312617301940918,-0.6881722807884216,0.0,9.849052429199219
A,2,2,only_T5,200,0.125,0.5999999642372131,-3.0069420337677,-1.5564614534378052,2.7259584577885057,9.849052429199219
A,2,2,only_T10,200,0.08500000089406967,0.7649999856948853,-3.443392276763916,-1.0265874862670898,1.6941647177926935,9.849052429199219
A,2,2,only_T100,200,0.0,0.9749999642372131,-4.293160915374756,-0.6818959712982178,0.3508750175689706,9.849052429199219
A,2,2,only_lin,200,0.0,0.98499995470047,-4.30943489074707,-0.6720800399780273,0.18085091887471244,9.849052429199219
A,2,2,random_orth,200,0.004999999888241291,0.9549999833106995,-4.368443012237549,-0.6809426546096802,3.2123876899834896,9.849052429199219
A,2,2,real_diff_in_helix_subspace,200,0.25999999046325684,0.4399999976158142,-2.460909605026245,-2.1190643310546875,2.9472630142137985,9.849052429199219
A,2,2,full_swap,200,0.6049999594688416,0.07499999552965164,-1.43056058883667,-3.9949803352355957,6.8980937004089355,9.849052429199219
A,3,2,helix,200,0.32999998331069946,0.32999998331069946,-2.153456687927246,-2.2709996700286865,3.8998244297410363,12.348340034484863
A,3,2,only_T2,200,0.0,0.98499995470047,-4.312617301940918,-0.6881722807884216,0.0,12.348340034484863
A,3,2,only_T5,200,0.14000000059604645,0.5699999928474426,-2.983856201171875,-1.6147962808609009,3.320115525687366,12.348340034484863
A,3,2,only_T10,200,0.08500000089406967,0.7649999856948853,-3.42372989654541,-1.0501106977462769,2.0239530793332006,12.348340034484863
A,3,2,only_T100,200,0.0,0.9899999499320984,-4.288998126983643,-0.6804995536804199,0.4244346940741311,12.348340034484863
A,3,2,only_lin,200,0.0,0.98499995470047,-4.316079139709473,-0.6727818250656128,0.2152705004567943,12.348340034484863
A,3,2,random_orth,200,0.014999999664723873,0.9449999928474426,-4.3334174156188965,-0.7064349055290222,3.8998244297410363,12.348340034484863
A,3,2,real_diff_in_helix_subspace,200,0.2750000059604645,0.4050000011920929,-2.383321523666382,-2.208980083465576,3.6750511753150543,12.348340034484863
A,3,2,full_swap,200,0.5949999690055847,0.08500000089406967,-1.4478973150253296,-3.989203453063965,8.234652519226074,12.348340034484863
A,4,2,helix,200,0.3349999785423279,0.3349999785423279,-2.15615177154541,-2.240445613861084,4.3155283541354015,15.324698448181152
A,4,2,only_T2,200,0.0,0.98499995470047,-4.312617301940918,-0.6881722807884216,0.0,15.324698448181152
A,4,2,only_T5,200,0.14000000059604645,0.5699999928474426,-2.976362466812134,-1.6103131771087646,3.680198789040537,15.324698448181152
A,4,2,only_T10,200,0.0949999988079071,0.7749999761581421,-3.434271812438965,-1.0348305702209473,2.2267106930191836,15.324698448181152
A,4,2,only_T100,200,0.0,0.98499995470047,-4.293738842010498,-0.6775783896446228,0.48486114295133176,15.324698448181152
A,4,2,only_lin,200,0.0,0.98499995470047,-4.312905311584473,-0.6723659634590149,0.2558198167386984,15.324698448181152
A,4,2,random_orth,200,0.009999999776482582,0.9449999928474426,-4.2818732261657715,-0.7019297480583191,4.3155283541354015,15.324698448181152
A,4,2,real_diff_in_helix_subspace,200,0.2800000011920929,0.3999999761581421,-2.3531033992767334,-2.211583137512207,4.121334396848603,15.324698448181152
A,4,2,full_swap,200,0.574999988079071,0.08500000089406967,-1.428958535194397,-3.8049089908599854,9.28072738647461,15.324698448181152
A,5,2,helix,200,0.3400000035762787,0.3199999928474426,-2.1515629291534424,-2.223733901977539,5.1000695153382285,18.362384796142578
A,5,2,only_T2,200,0.0,0.98499995470047,-4.312617301940918,-0.6881722807884216,0.0,18.362384796142578
A,5,2,only_T5,200,0.125,0.5899999737739563,-2.996213912963867,-1.5796502828598022,4.42474784503332,18.362384796142578
A,5,2,only_T10,200,0.09999999403953552,0.7649999856948853,-3.4246153831481934,-1.037664771080017,2.502448150318618,18.362384796142578
A,5,2,only_T100,200,0.0,0.98499995470047,-4.292033672332764,-0.6767674684524536,0.5603264567003108,18.362384796142578
A,5,2,only_lin,200,0.0,0.9899999499320984,-4.312278747558594,-0.6708295941352844,0.29519243177178217,18.362384796142578
A,5,2,random_orth,200,0.004999999888241291,0.9350000023841858,-4.310285568237305,-0.6869484782218933,5.1000695153382285,18.362384796142578
A,5,2,real_diff_in_helix_subspace,200,0.2800000011920929,0.39499998092651367,-2.3496174812316895,-2.2194344997406006,4.944534430685626,18.362384796142578
A,5,2,full_swap,200,0.5600000023841858,0.09999999403953552,-1.4604265689849854,-3.6861696243286133,10.751669883728027,18.362384796142578
A,6,2,helix,200,0.3349999785423279,0.3149999976158142,-2.14235520362854,-2.257040023803711,5.860865344442521,21.34796142578125
A,6,2,only_T2,200,0.0,0.98499995470047,-4.312617301940918,-0.6881722807884216,0.0,21.34796142578125
A,6,2,only_T5,200,0.125,0.5899999737739563,-2.981797456741333,-1.599412202835083,5.134527007292981,21.34796142578125
A,6,2,only_T10,200,0.09999999403953552,0.7549999952316284,-3.4222209453582764,-1.039216160774231,2.790458447309916,21.34796142578125
A,6,2,only_T100,200,0.0,0.9699999690055847,-4.288021087646484,-0.6781733632087708,0.6307470057010878,21.34796142578125
A,6,2,only_lin,200,0.0,0.9950000047683716,-4.313148021697998,-0.6714624762535095,0.33090936900022927,21.34796142578125
A,6,2,random_orth,200,0.004999999888241291,0.9699999690055847,-4.321728229522705,-0.6883499026298523,5.860865344442521,21.34796142578125
A,6,2,real_diff_in_helix_subspace,200,0.28999999165534973,0.38499999046325684,-2.3467955589294434,-2.2485392093658447,5.728590511095072,21.34796142578125
A,6,2,full_swap,200,0.550000011920929,0.10499999672174454,-1.4821743965148926,-3.65346360206604,12.031015396118164,21.34796142578125
A,7,2,helix,200,0.29999998211860657,0.35499998927116394,-2.206638813018799,-2.195279598236084,6.334431071336719,23.27703285217285
A,7,2,only_T2,200,0.0,0.98499995470047,-4.312617301940918,-0.6881722807884216,0.0,23.27703285217285
A,7,2,only_T5,200,0.125,0.6049999594688416,-3.030442476272583,-1.558166742324829,5.562296984127718,23.27703285217285
A,7,2,only_T10,200,0.09999999403953552,0.7549999952316284,-3.441394567489624,-1.0351749658584595,2.987130263230695,23.27703285217285
A,7,2,only_T100,200,0.0,0.98499995470047,-4.288071632385254,-0.6788221597671509,0.6765971032569547,23.27703285217285
A,7,2,only_lin,200,0.0,0.98499995470047,-4.315738677978516,-0.6745781302452087,0.3621259334846407,23.27703285217285
A,7,2,random_orth,200,0.004999999888241291,0.9350000023841858,-4.331416606903076,-0.7052223086357117,6.334431071336719,23.27703285217285
A,7,2,real_diff_in_helix_subspace,200,0.25,0.4050000011920929,-2.4218339920043945,-2.2066075801849365,6.228846244814199,23.27703285217285
A,7,2,full_swap,200,0.5349999666213989,0.125,-1.5679043531417847,-3.515953302383423,12.982407569885254,23.27703285217285
A,8,2,helix,200,0.3100000023841858,0.3449999988079071,-2.1929030418395996,-2.221587896347046,6.736227800369189,25.700654983520508
A,8,2,only_T2,200,0.0,0.98499995470047,-4.312617301940918,-0.6881722807884216,0.0,25.700654983520508
A,8,2,only_T5,200,0.125,0.5999999642372131,-3.0053443908691406,-1.5719207525253296,5.921730635124572,25.700654983520508
A,8,2,only_T10,200,0.09999999403953552,0.7649999856948853,-3.439692974090576,-1.0441100597381592,3.161980323449117,25.700654983520508
A,8,2,only_T100,200,0.0,0.98499995470047,-4.295251846313477,-0.6781391501426697,0.7081285478683259,25.700654983520508
A,8,2,only_lin,200,0.0,0.98499995470047,-4.318037986755371,-0.671299397945404,0.3823159810826107,25.700654983520508
A,8,2,random_orth,200,0.014999999664723873,0.9399999976158142,-4.260445594787598,-0.7074097394943237,6.736227800369189,25.700654983520508
A,8,2,real_diff_in_helix_subspace,200,0.25999999046325684,0.3999999761581421,-2.4362895488739014,-2.2542543411254883,6.676410763322964,25.700654983520508
A,8,2,full_swap,200,0.5299999713897705,0.12999999523162842,-1.5640835762023926,-3.4766905307769775,13.737889289855957,25.700654983520508
A,9,2,helix,200,0.3199999928474426,0.3400000035762787,-2.165449619293213,-2.248297691345215,7.339000132794227,28.613563537597656
A,9,2,only_T2,200,0.0,0.98499995470047,-4.312617301940918,-0.6881722807884216,0.0,28.613563537597656
A,9,2,only_T5,200,0.12999999523162842,0.5949999690055847,-2.985410451889038,-1.5852012634277344,6.44284314351136,28.613563537597656
A,9,2,only_T10,200,0.10499999672174454,0.7549999952316284,-3.429964780807495,-1.0543262958526611,3.465774474632393,28.613563537597656
A,9,2,only_T100,200,0.0,0.9899999499320984,-4.292407512664795,-0.6761589646339417,0.7714645026610552,28.613563537597656
A,9,2,only_lin,200,0.0,0.98499995470047,-4.321221828460693,-0.6731597185134888,0.4151174158504329,28.613563537597656
A,9,2,random_orth,200,0.009999999776482582,0.9249999523162842,-4.268009662628174,-0.7323935031890869,7.339000132794224,28.613563537597656
A,9,2,real_diff_in_helix_subspace,200,0.2549999952316284,0.39499998092651367,-2.4318413734436035,-2.2910966873168945,7.35961977275478,28.613563537597656
A,9,2,full_swap,200,0.5399999618530273,0.12999999523162842,-1.555457592010498,-3.4838578701019287,15.034514427185059,28.613563537597656
A,10,2,helix,200,0.3449999988079071,0.3199999928474426,-2.126234292984009,-2.2901899814605713,8.097838645146826,31.057964324951172
A,10,2,only_T2,200,0.0,0.98499995470047,-4.312617301940918,-0.6881722807884216,0.0,31.057964324951172
A,10,2,only_T5,200,0.14000000059604645,0.5849999785423279,-2.963873863220215,-1.599982738494873,7.093956735117373,31.057964324951172
A,10,2,only_T10,200,0.10999999940395355,0.75,-3.4020769596099854,-1.0716722011566162,3.8679539847136835,31.057964324951172
A,10,2,only_T100,200,0.0,0.9899999499320984,-4.294008255004883,-0.6777052283287048,0.8389940092610257,31.057964324951172
A,10,2,only_lin,200,0.0,0.9899999499320984,-4.314286231994629,-0.6727810502052307,0.45003446454286106,31.057964324951172
A,10,2,random_orth,200,0.009999999776482582,0.9350000023841858,-4.291464328765869,-0.7422491908073425,8.097838645146826,31.057964324951172
A,10,2,real_diff_in_helix_subspace,200,0.26999998092651367,0.3799999952316284,-2.405318260192871,-2.330097198486328,8.12445434010755,31.057964324951172
A,10,2,full_swap,200,0.5249999761581421,0.13499999046325684,-1.5517699718475342,-3.481443405151367,16.458049774169922,31.057964324951172
A,11,2,helix,200,0.35499998927116394,0.3050000071525574,-2.0872724056243896,-2.341515064239502,9.075906730119883,34.00371170043945
A,11,2,only_T2,200,0.0,0.98499995470047,-4.312617301940918,-0.6881722807884216,0.0,34.00371170043945
A,11,2,only_T5,200,0.1599999964237213,0.5849999785423279,-2.9093234539031982,-1.61477792263031,7.946313986405853,34.00371170043945
A,11,2,only_T10,200,0.10499999672174454,0.7450000047683716,-3.375997543334961,-1.1005817651748657,4.331033344237273,34.00371170043945
A,11,2,only_T100,200,0.0,0.9950000047683716,-4.294353008270264,-0.679255485534668,0.915576585694094,34.00371170043945
A,11,2,only_lin,200,0.0,0.9899999499320984,-4.317694187164307,-0.674456775188446,0.4961383426231283,34.00371170043945
A,11,2,random_orth,200,0.014999999664723873,0.9350000023841858,-4.252905368804932,-0.7198074460029602,9.075906730119883,34.00371170043945
A,11,2,real_diff_in_helix_subspace,200,0.28999999165534973,0.35499998927116394,-2.3265461921691895,-2.3713912963867188,9.173132560939338,34.00371170043945
A,11,2,full_swap,200,0.5550000071525574,0.14000000059604645,-1.5273598432540894,-3.4448416233062744,18.305988311767578,34.00371170043945
A,12,2,helix,200,0.375,0.29999998211860657,-2.0263404846191406,-2.4143283367156982,10.233761775282105,37.45766067504883
A,12,2,only_T2,200,0.0,0.98499995470047,-4.312617301940918,-0.6881722807884216,0.0,37.45766067504883
A,12,2,only_T5,200,0.17499999701976776,0.5600000023841858,-2.8653063774108887,-1.6427866220474243,8.918994225116238,37.45766067504883
A,12,2,only_T10,200,0.10999999940395355,0.7249999642372131,-3.318905830383301,-1.1385524272918701,4.963330473957152,37.45766067504883
A,12,2,only_T100,200,0.0,0.9799999594688416,-4.293128967285156,-0.6798730492591858,1.0083473809342054,37.45766067504883
A,12,2,only_lin,200,0.0,0.9899999499320984,-4.3172287940979,-0.6743285059928894,0.5472529524149929,37.45766067504883
A,12,2,random_orth,200,0.009999999776482582,0.9099999666213989,-4.268918037414551,-0.758315920829773,10.233761775282105,37.45766067504883
A,12,2,real_diff_in_helix_subspace,200,0.29999998211860657,0.3400000035762787,-2.2355563640594482,-2.4344253540039062,10.385726039625736,37.45766067504883
A,12,2,full_swap,200,0.5550000071525574,0.14499999582767487,-1.5261046886444092,-3.4454917907714844,20.666112899780273,37.45766067504883
A,13,2,helix,200,0.2149999886751175,0.6049999594688416,-2.560067653656006,-1.4782781600952148,11.350383641845234,41.22557067871094
A,13,2,only_T2,200,0.0,0.98499995470047,-4.312617301940918,-0.6881722807884216,0.0,41.22557067871094
A,13,2,only_T5,200,0.0949999988079071,0.7450000047683716,-3.3258776664733887,-1.1197985410690308,9.873878716486669,41.22557067871094
A,13,2,only_T10,200,0.08999999612569809,0.7999999523162842,-3.581064462661743,-0.9240081310272217,5.542608132755236,41.22557067871094
A,13,2,only_T100,200,0.0,0.98499995470047,-4.29994535446167,-0.6808657646179199,1.1292197788101321,41.22557067871094
A,13,2,only_lin,200,0.0,0.9799999594688416,-4.313490390777588,-0.680938184261322,0.6206798047608103,41.22557067871094
A,13,2,random_orth,200,0.004999999888241291,0.9649999737739563,-4.291686534881592,-0.7027047276496887,11.350383641845234,41.22557067871094
A,13,2,real_diff_in_helix_subspace,200,0.20499999821186066,0.5899999737739563,-2.6203248500823975,-1.480629563331604,11.772842073969489,41.22557067871094
A,13,2,full_swap,200,0.4050000011920929,0.32999998331069946,-1.9512625932693481,-2.238996744155884,23.1273250579834,41.22557067871094
A,14,2,helix,200,0.07000000029802322,0.8449999690055847,-3.5694780349731445,-0.9058380126953125,12.475760571531145,45.033199310302734
A,14,2,only_T2,200,0.0,0.98499995470047,-4.312617301940918,-0.6881722807884216,0.0,45.033199310302734
A,14,2,only_T5,200,0.029999999329447746,0.8999999761581421,-3.9009177684783936,-0.8157220482826233,10.886424855748249,45.033199310302734
A,14,2,only_T10,200,0.029999999329447746,0.9199999570846558,-4.014484405517578,-0.7545416355133057,6.077251374248326,45.033199310302734
A,14,2,only_T100,200,0.0,0.9899999499320984,-4.300913333892822,-0.6792358160018921,1.254865673905814,45.033199310302734
A,14,2,only_lin,200,0.0,0.98499995470047,-4.315621376037598,-0.6817903518676758,0.6953120443145084,45.033199310302734
A,14,2,random_orth,200,0.0,0.9699999690055847,-4.298521041870117,-0.6976176500320435,12.475760571531145,45.033199310302734
A,14,2,real_diff_in_helix_subspace,200,0.07999999821186066,0.7999999523162842,-3.5836730003356934,-0.9249274730682373,12.98144675899218,45.033199310302734
A,14,2,full_swap,200,0.125,0.7249999642372131,-3.1795854568481445,-1.1956677436828613,25.501750946044922,45.033199310302734
A,15,2,helix,200,0.07000000029802322,0.8399999737739563,-3.569978952407837,-0.9061298370361328,13.692264733134577,50.169464111328125
A,15,2,only_T2,200,0.0,0.98499995470047,-4.312617301940918,-0.6881722807884216,0.0,50.169464111328125
A,15,2,only_T5,200,0.029999999329447746,0.8949999809265137,-3.904388666152954,-0.8162676095962524,11.997085647003308,50.169464111328125
A,15,2,only_T10,200,0.03500000014901161,0.9199999570846558,-4.0164642333984375,-0.7552213668823242,6.5985558733059575,50.169464111328125
A,15,2,only_T100,200,0.0,0.9899999499320984,-4.300286293029785,-0.6800907850265503,1.4180810823474252,50.169464111328125
A,15,2,only_lin,200,0.0,0.9950000047683716,-4.314547538757324,-0.6809320449829102,0.7618213984761766,50.169464111328125
A,15,2,random_orth,200,0.0,0.98499995470047,-4.302191257476807,-0.6920937895774841,13.692264733134577,50.169464111328125
A,15,2,real_diff_in_helix_subspace,200,0.07999999821186066,0.7949999570846558,-3.583585023880005,-0.9253571033477783,14.27458544740506,50.169464111328125
A,15,2,full_swap,200,0.11999999731779099,0.73499995470047,-3.1905720233917236,-1.1883771419525146,27.91265106201172,50.169464111328125
A,16,2,helix,200,0.06499999761581421,0.8399999737739563,-3.62115216255188,-0.8813746571540833,15.28829927274123,54.94512176513672
A,16,2,only_T2,200,0.0,0.98499995470047,-4.312617301940918,-0.6881722807884216,0.0,54.94512176513672
A,16,2,only_T5,200,0.019999999552965164,0.9049999713897705,-3.9461278915405273,-0.8003011345863342,13.329545764204108,54.94512176513672
A,16,2,only_T10,200,0.029999999329447746,0.9199999570846558,-4.019846439361572,-0.7537638545036316,7.431104750395568,54.94512176513672
A,16,2,only_T100,200,0.0,0.98499995470047,-4.300065994262695,-0.6804311871528625,1.614650802967612,54.94512176513672
A,16,2,only_lin,200,0.0,0.98499995470047,-4.314584255218506,-0.6809589266777039,0.8717355716348671,54.94512176513672
A,16,2,random_orth,200,0.0,0.9749999642372131,-4.297950267791748,-0.6928332448005676,15.28829927274123,54.94512176513672
A,16,2,real_diff_in_helix_subspace,200,0.06499999761581421,0.8299999833106995,-3.6261401176452637,-0.898198127746582,16.269251559235933,54.94512176513672
A,16,2,full_swap,200,0.11499999463558197,0.75,-3.2729785442352295,-1.112036943435669,31.788158416748047,54.94512176513672
A,17,2,helix,200,0.044999998062849045,0.8899999856948853,-3.7793996334075928,-0.8138090372085571,16.824452553991595,60.06159973144531
A,17,2,only_T2,200,0.0,0.98499995470047,-4.312617301940918,-0.6881722807884216,0.0,60.06159973144531
A,17,2,only_T5,200,0.014999999664723873,0.9350000023841858,-4.040586948394775,-0.7614081501960754,14.674528578538343,60.06159973144531
A,17,2,only_T10,200,0.014999999664723873,0.9399999976158142,-4.083795070648193,-0.73331218957901,8.172775924252901,60.06159973144531
A,17,2,only_T100,200,0.0,0.9899999499320984,-4.3040995597839355,-0.6802698969841003,1.8050446674352039,60.06159973144531
A,17,2,only_lin,200,0.0,0.98499995470047,-4.314814567565918,-0.682001531124115,0.9777678545024997,60.06159973144531
A,17,2,random_orth,200,0.0,0.9649999737739563,-4.306256294250488,-0.6971226334571838,16.824452553991595,60.06159973144531
A,17,2,real_diff_in_helix_subspace,200,0.04999999701976776,0.85999995470047,-3.7872252464294434,-0.8224258422851562,17.911266492035757,60.06159973144531
A,17,2,full_swap,200,0.08999999612569809,0.8100000023841858,-3.503164529800415,-0.9380990266799927,35.003814697265625,60.06159973144531
A,18,2,helix,200,0.009999999776482582,0.9549999833106995,-4.148479461669922,-0.7102161049842834,18.03662106923403,65.46463775634766
A,18,2,only_T2,200,0.0,0.98499995470047,-4.312617301940918,-0.6881722807884216,0.0,65.46463775634766
A,18,2,only_T5,200,0.004999999888241291,0.9649999737739563,-4.234453201293945,-0.699596107006073,15.760009466469782,65.46463775634766
A,18,2,only_T10,200,0.009999999776482582,0.9699999690055847,-4.242700099945068,-0.6994410753250122,8.74058823627948,65.46463775634766
A,18,2,only_T100,200,0.0,0.98499995470047,-4.3079047203063965,-0.6844264268875122,1.957807806658829,65.46463775634766
A,18,2,only_lin,200,0.0,0.98499995470047,-4.315108776092529,-0.6850921511650085,1.060421339843856,65.46463775634766
A,18,2,random_orth,200,0.0,0.9950000047683716,-4.314584255218506,-0.6883619427680969,18.03662106923403,65.46463775634766
A,18,2,real_diff_in_helix_subspace,200,0.019999999552965164,0.9449999928474426,-4.140129566192627,-0.7127394080162048,19.416795138457392,65.46463775634766
A,18,2,full_swap,200,0.03500000014901161,0.9049999713897705,-3.9820988178253174,-0.7353183627128601,37.683876037597656,65.46463775634766
A,19,2,helix,200,0.004999999888241291,0.9649999737739563,-4.253505706787109,-0.693288266658783,18.9238153954886,69.16694641113281
A,19,2,only_T2,200,0.0,0.98499995470047,-4.312617301940918,-0.6881722807884216,0.0,69.16694641113281
A,19,2,only_T5,200,0.0,0.9699999690055847,-4.2747721672058105,-0.6916700005531311,16.51573268794642,69.16694641113281
A,19,2,only_T10,200,0.004999999888241291,0.9699999690055847,-4.296648979187012,-0.6905017495155334,9.20721917753957,69.16694641113281
A,19,2,only_T100,200,0.0,0.9899999499320984,-4.311432361602783,-0.6855999827384949,2.0678040341646566,69.16694641113281
A,19,2,only_lin,200,0.0,0.9899999499320984,-4.314931392669678,-0.6867147088050842,1.1273330585602723,69.16694641113281
A,19,2,random_orth,200,0.0,0.9799999594688416,-4.3084797859191895,-0.6875801682472229,18.9238153954886,69.16694641113281
A,19,2,real_diff_in_helix_subspace,200,0.004999999888241291,0.9699999690055847,-4.248363018035889,-0.6931957006454468,20.38770877489042,69.16694641113281
A,19,2,full_swap,200,0.009999999776482582,0.9350000023841858,-4.1649322509765625,-0.6945661902427673,39.73881530761719,69.16694641113281
A,20,2,helix,200,0.004999999888241291,0.9599999785423279,-4.254220962524414,-0.6923488974571228,19.862242877307075,73.64533233642578
A,20,2,only_T2,200,0.0,0.98499995470047,-4.312617301940918,-0.6881722807884216,0.0,73.64533233642578
A,20,2,only_T5,200,0.0,0.9749999642372131,-4.276902198791504,-0.6908391714096069,17.332402625827136,73.64533233642578
A,20,2,only_T10,200,0.004999999888241291,0.9649999737739563,-4.297367572784424,-0.6905947923660278,9.655363673760366,73.64533233642578
A,20,2,only_T100,200,0.0,0.98499995470047,-4.310514450073242,-0.6862436532974243,2.187612985388481,73.64533233642578
A,20,2,only_lin,200,0.0,0.9899999499320984,-4.314060688018799,-0.6864389777183533,1.2078734225361,73.64533233642578
A,20,2,random_orth,200,0.0,0.9799999594688416,-4.315246105194092,-0.686350405216217,19.862242877307075,73.64533233642578
A,20,2,real_diff_in_helix_subspace,200,0.004999999888241291,0.9649999737739563,-4.2501983642578125,-0.6934188604354858,21.506841537998262,73.64533233642578
A,20,2,full_swap,200,0.009999999776482582,0.9350000023841858,-4.170703887939453,-0.6940492987632751,42.042964935302734,73.64533233642578
A,21,2,helix,200,0.0,0.98499995470047,-4.323080539703369,-0.688431978225708,20.688556533618094,77.12603759765625
A,21,2,only_T2,200,0.0,0.98499995470047,-4.312617301940918,-0.6881722807884216,0.0,77.12603759765625
A,21,2,only_T5,200,0.0,0.9950000047683716,-4.314208507537842,-0.6886270046234131,18.03617165138095,77.12603759765625
A,21,2,only_T10,200,0.0,0.9799999594688416,-4.326274871826172,-0.6889468431472778,10.074091898468811,77.12603759765625
A,21,2,only_T100,200,0.0,0.98499995470047,-4.31187629699707,-0.6866759061813354,2.2952293781378157,77.12603759765625
A,21,2,only_lin,200,0.0,0.98499995470047,-4.313723564147949,-0.6876810193061829,1.2733820543932086,77.12603759765625
A,21,2,random_orth,200,0.0,0.9799999594688416,-4.312736511230469,-0.6859989762306213,20.688556533618094,77.12603759765625
A,21,2,real_diff_in_helix_subspace,200,0.0,0.98499995470047,-4.322060585021973,-0.6900044083595276,22.555263029741305,77.12603759765625
A,21,2,full_swap,200,0.009999999776482582,0.9649999737739563,-4.2857160568237305,-0.691039502620697,44.05992126464844,77.12603759765625
A,22,2,helix,200,0.0,0.98499995470047,-4.327319622039795,-0.6882243156433105,21.69822856622648,81.5357437133789
A,22,2,only_T2,200,0.0,0.98499995470047,-4.312617301940918,-0.6881722807884216,0.0,81.5357437133789
A,22,2,only_T5,200,0.0,0.9899999499320984,-4.316517353057861,-0.6886777877807617,18.9479863724898,81.5357437133789
A,22,2,only_T10,200,0.0,0.9799999594688416,-4.329484462738037,-0.6889984011650085,10.495911486410618,81.5357437133789
A,22,2,only_T100,200,0.0,0.98499995470047,-4.312108039855957,-0.6873602271080017,2.414151747976341,81.5357437133789
A,22,2,only_lin,200,0.0,0.9799999594688416,-4.313571453094482,-0.6879850625991821,1.3440106931257965,81.5357437133789
A,22,2,random_orth,200,0.0,0.98499995470047,-4.312807083129883,-0.6878186464309692,21.698228566226486,81.5357437133789
A,22,2,real_diff_in_helix_subspace,200,0.0,0.9799999594688416,-4.325323581695557,-0.6893832087516785,23.661348650719653,81.5357437133789
A,22,2,full_swap,200,0.009999999776482582,0.9599999785423279,-4.295251369476318,-0.6913986206054688,46.223350524902344,81.5357437133789
A,23,2,helix,200,0.0,0.9899999499320984,-4.336413383483887,-0.6897854208946228,22.443335556574134,85.77894592285156
A,23,2,only_T2,200,0.0,0.98499995470047,-4.312617301940918,-0.6881722807884216,0.0,85.77894592285156
A,23,2,only_T5,200,0.0,0.9950000047683716,-4.320444107055664,-0.689288318157196,19.59679887168935,85.77894592285156
A,23,2,only_T10,200,0.0,0.9799999594688416,-4.3328728675842285,-0.6891390085220337,10.857453365440879,85.77894592285156
A,23,2,only_T100,200,0.0,0.98499995470047,-4.313125133514404,-0.6872147917747498,2.4921860050454034,85.77894592285156
A,23,2,only_lin,200,0.0,0.98499995470047,-4.313998699188232,-0.6877168416976929,1.392919171294817,85.77894592285156
A,23,2,random_orth,200,0.0,0.9899999499320984,-4.315576553344727,-0.6884516477584839,22.443335556574134,85.77894592285156
A,23,2,real_diff_in_helix_subspace,200,0.0,0.98499995470047,-4.335221290588379,-0.6919352412223816,24.56695558184182,85.77894592285156
A,23,2,full_swap,200,0.004999999888241291,0.9649999737739563,-4.312775611877441,-0.6954188942909241,47.912376403808594,85.77894592285156
A,24,2,helix,200,0.004999999888241291,0.9799999594688416,-4.3116583824157715,-0.685838520526886,23.062889924050836,89.39439392089844
A,24,2,only_T2,200,0.0,0.98499995470047,-4.312617301940918,-0.6881722807884216,0.0,89.39439392089844
A,24,2,only_T5,200,0.0,0.9950000047683716,-4.31207275390625,-0.6863168478012085,20.166140883555855,89.39439392089844
A,24,2,only_T10,200,0.0,0.98499995470047,-4.3154144287109375,-0.6881136894226074,11.074991370484936,89.39439392089844
A,24,2,only_T100,200,0.0,0.98499995470047,-4.3129072189331055,-0.687113881111145,2.540904312285239,89.39439392089844
A,24,2,only_lin,200,0.0,0.98499995470047,-4.312219619750977,-0.6874166131019592,1.431270419701305,89.39439392089844
A,24,2,random_orth,200,0.0,0.9899999499320984,-4.314314365386963,-0.6864851713180542,23.062889924050832,89.39439392089844
A,24,2,real_diff_in_helix_subspace,200,0.0,0.98499995470047,-4.310771465301514,-0.6859260201454163,25.377809800558907,89.39439392089844
A,24,2,full_swap,200,0.004999999888241291,0.9799999594688416,-4.295069217681885,-0.6834562420845032,49.31007766723633,89.39439392089844
A,25,2,helix,200,0.004999999888241291,0.98499995470047,-4.3119072914123535,-0.6859240531921387,23.673769359135175,94.0639877319336
A,25,2,only_T2,200,0.0,0.98499995470047,-4.312617301940918,-0.6881722807884216,0.0,94.0639877319336
A,25,2,only_T5,200,0.0,0.9950000047683716,-4.310858249664307,-0.6864193677902222,20.687420653793907,94.0639877319336
A,25,2,only_T10,200,0.0,0.9799999594688416,-4.314362049102783,-0.6886021494865417,11.354925819207386,94.0639877319336
A,25,2,only_T100,200,0.0,0.98499995470047,-4.312403202056885,-0.6871156096458435,2.619130306290206,94.0639877319336
A,25,2,only_lin,200,0.0,0.98499995470047,-4.310920715332031,-0.6880606412887573,1.4769417572619994,94.0639877319336
A,25,2,random_orth,200,0.0,0.98499995470047,-4.313801288604736,-0.6871026754379272,23.673769359135175,94.0639877319336
A,25,2,real_diff_in_helix_subspace,200,0.0,0.98499995470047,-4.309695243835449,-0.6859003901481628,26.277332046614465,94.0639877319336
A,25,2,full_swap,200,0.004999999888241291,0.9799999594688416,-4.295271873474121,-0.6837178468704224,50.87416458129883,94.0639877319336
A,26,2,helix,200,0.0,0.9899999499320984,-4.311569690704346,-0.6858129501342773,24.060051627662244,102.256591796875
A,26,2,only_T2,200,0.0,0.98499995470047,-4.312617301940918,-0.6881722807884216,0.0,102.256591796875
A,26,2,only_T5,200,0.0,0.9950000047683716,-4.311269760131836,-0.6863344311714172,21.012252117162806,102.256591796875
A,26,2,only_T10,200,0.0,0.9799999594688416,-4.313680171966553,-0.6885331869125366,11.610879717930672,102.256591796875
A,26,2,only_T100,200,0.0,0.98499995470047,-4.311967372894287,-0.6872967481613159,2.669022173943396,102.256591796875
A,26,2,only_lin,200,0.0,0.98499995470047,-4.311182975769043,-0.6878761649131775,1.5057969053489082,102.256591796875
A,26,2,random_orth,200,0.0,0.9899999499320984,-4.313788414001465,-0.6869583129882812,24.060051627662244,102.256591796875
A,26,2,real_diff_in_helix_subspace,200,0.0,0.98499995470047,-4.310634136199951,-0.6866531372070312,27.047840817507996,102.256591796875
A,26,2,full_swap,200,0.004999999888241291,0.9799999594688416,-4.300198078155518,-0.6828051805496216,52.12834930419922,102.256591796875
A,27,2,helix,200,0.0,0.98499995470047,-4.31189489364624,-0.6882463097572327,24.41219060499968,111.08734130859375
A,27,2,only_T2,200,0.0,0.98499995470047,-4.312617301940918,-0.6881722807884216,0.0,111.08734130859375
A,27,2,only_T5,200,0.0,0.98499995470047,-4.311578273773193,-0.6883102059364319,21.30406921495548,111.08734130859375
A,27,2,only_T10,200,0.0,0.98499995470047,-4.313389778137207,-0.6875216364860535,11.779470981958035,111.08734130859375
A,27,2,only_T100,200,0.0,0.98499995470047,-4.312997341156006,-0.687952995300293,2.7236286003106778,111.08734130859375
A,27,2,only_lin,200,0.0,0.98499995470047,-4.312421798706055,-0.687903642654419,1.5301815862642492,111.08734130859375
A,27,2,random_orth,200,0.0,0.9799999594688416,-4.31386661529541,-0.6878803372383118,24.41219060499968,111.08734130859375
A,27,2,real_diff_in_helix_subspace,200,0.0,0.98499995470047,-4.311150550842285,-0.6882390975952148,27.718994735579,111.08734130859375
A,27,2,full_swap,200,0.0,0.98499995470047,-4.310547351837158,-0.6881242394447327,53.23226547241211,111.08734130859375
A,28,2,helix,200,0.0,0.98499995470047,-4.312042713165283,-0.6882815361022949,24.935995870249506,121.90618896484375
A,28,2,only_T2,200,0.0,0.98499995470047,-4.312617301940918,-0.6881722807884216,0.0,121.90618896484375
A,28,2,only_T5,200,0.0,0.98499995470047,-4.3122477531433105,-0.6878548860549927,21.76107857466395,121.90618896484375
A,28,2,only_T10,200,0.0,0.98499995470047,-4.313055992126465,-0.6878179907798767,12.028458335017286,121.90618896484375
A,28,2,only_T100,200,0.0,0.98499995470047,-4.313016414642334,-0.688241183757782,2.8012392125949215,121.90618896484375
A,28,2,only_lin,200,0.0,0.98499995470047,-4.314631462097168,-0.6879491209983826,1.5490095962642443,121.90618896484375
A,28,2,random_orth,200,0.0,0.98499995470047,-4.313937664031982,-0.6876932978630066,24.935995870249506,121.90618896484375
A,28,2,real_diff_in_helix_subspace,200,0.0,0.98499995470047,-4.311577796936035,-0.6882815361022949,28.86173820918597,121.90618896484375
A,28,2,full_swap,200,0.0,0.98499995470047,-4.310639381408691,-0.6882786154747009,54.653934478759766,121.90618896484375
A,29,2,helix,200,0.0,0.98499995470047,-4.31262731552124,-0.6879155039787292,25.532892390329017,137.21514892578125
A,29,2,only_T2,200,0.0,0.98499995470047,-4.312617301940918,-0.6881722807884216,0.0,137.21514892578125
A,29,2,only_T5,200,0.0,0.98499995470047,-4.31250524520874,-0.6879773736000061,22.330898713212388,137.21514892578125
A,29,2,only_T10,200,0.0,0.98499995470047,-4.313167095184326,-0.6876544952392578,12.275086426850335,137.21514892578125
A,29,2,only_T100,200,0.0,0.98499995470047,-4.312962532043457,-0.6879898905754089,2.8957759451122835,137.21514892578125
A,29,2,only_lin,200,0.0,0.98499995470047,-4.313681602478027,-0.6877955198287964,1.5825714150955899,137.21514892578125
A,29,2,random_orth,200,0.0,0.98499995470047,-4.311935901641846,-0.6879919171333313,25.532892390329017,137.21514892578125
A,29,2,real_diff_in_helix_subspace,200,0.0,0.98499995470047,-4.312086582183838,-0.6882272362709045,30.2565594814412,137.21514892578125
A,29,2,full_swap,200,0.0,0.98499995470047,-4.313282012939453,-0.6881340146064758,56.337257385253906,137.21514892578125
A,30,2,helix,200,0.0,0.98499995470047,-4.313385486602783,-0.6879881024360657,26.213133949716152,160.8345184326172
A,30,2,only_T2,200,0.0,0.98499995470047,-4.312617301940918,-0.6881722807884216,0.0,160.8345184326172
A,30,2,only_T5,200,0.0,0.98499995470047,-4.3141045570373535,-0.6880180835723877,22.965500766804197,160.8345184326172
A,30,2,only_T10,200,0.0,0.98499995470047,-4.313269138336182,-0.688033938407898,12.66544849520525,160.8345184326172
A,30,2,only_T100,200,0.0,0.98499995470047,-4.313396453857422,-0.6880490779876709,3.0038931657051586,160.8345184326172
A,30,2,only_lin,200,0.0,0.98499995470047,-4.313129901885986,-0.6880124807357788,1.625224758879824,160.8345184326172
A,30,2,random_orth,200,0.0,0.98499995470047,-4.313416481018066,-0.6879643201828003,26.213133949716152,160.8345184326172
A,30,2,real_diff_in_helix_subspace,200,0.0,0.98499995470047,-4.3123908042907715,-0.6882968544960022,31.838955392847033,160.8345184326172
A,30,2,full_swap,200,0.0,0.98499995470047,-4.313104629516602,-0.6878404021263123,58.200111389160156,160.8345184326172
A,31,2,helix,200,0.0,0.98499995470047,-4.312617301940918,-0.6881722807884216,26.710375713813082,190.33651733398438
A,31,2,only_T2,200,0.0,0.98499995470047,-4.312617301940918,-0.6881722807884216,0.0,190.33651733398438
A,31,2,only_T5,200,0.0,0.98499995470047,-4.312617301940918,-0.6881722807884216,23.40682959265935,190.33651733398438
A,31,2,only_T10,200,0.0,0.98499995470047,-4.312617301940918,-0.6881722807884216,12.936909343661489,190.33651733398438
A,31,2,only_T100,200,0.0,0.98499995470047,-4.312617301940918,-0.6881722807884216,3.11685015856512,190.33651733398438
A,31,2,only_lin,200,0.0,0.98499995470047,-4.312617301940918,-0.6881722807884216,1.6680110155107528,190.33651733398438
A,31,2,random_orth,200,0.0,0.98499995470047,-4.312617301940918,-0.6881722807884216,26.710375713813082,190.33651733398438
A,31,2,real_diff_in_helix_subspace,200,0.0,0.98499995470047,-4.312617301940918,-0.6881722807884216,33.05678357000176,190.33651733398438
A,31,2,full_swap,200,0.0,0.98499995470047,-4.312617301940918,-0.6881722807884216,59.754337310791016,190.33651733398438
A,0,5,helix,200,0.11999999731779099,0.1550000011920929,-3.660454273223877,-3.5637521743774414,2.972189996107882,6.895472526550293
A,0,5,only_T2,200,0.019999999552965164,0.41499999165534973,-6.104791164398193,-1.9086898565292358,1.745448260199261,6.895472526550293
A,0,5,only_T5,200,0.0,0.9950000047683716,-7.360935688018799,-0.6841424703598022,1.9824937000179794e-15,6.895472526550293
A,0,5,only_T10,200,0.014999999664723873,0.4599999785423279,-5.539913177490234,-1.9452937841415405,2.301445611537144,6.895472526550293
A,0,5,only_T100,200,0.0,0.9799999594688416,-7.196045398712158,-0.6953254342079163,0.640102546819249,6.895472526550293
A,0,5,only_lin,200,0.0,0.98499995470047,-7.2884697914123535,-0.6799567341804504,0.30903456600485085,6.895472526550293
A,0,5,random_orth,200,0.0,0.9350000023841858,-7.419137001037598,-0.6779000759124756,2.972189996107882,6.895472526550293
A,0,5,real_diff_in_helix_subspace,200,0.10999999940395355,0.2199999988079071,-4.015845775604248,-3.150285482406616,2.6812931138486067,6.895472526550293
A,0,5,full_swap,200,0.5550000071525574,0.004999999888241291,-1.6269930601119995,-6.347127437591553,6.083923816680908,6.895472526550293
A,1,5,helix,200,0.14499999582767487,0.1550000011920929,-3.587446928024292,-3.628697395324707,3.19257126339098,7.375734329223633
A,1,5,only_T2,200,0.019999999552965164,0.3999999761581421,-6.052238464355469,-1.971457839012146,1.8612228379540385,7.375734329223633
A,1,5,only_T5,200,0.0,0.9950000047683716,-7.360935688018799,-0.6841424703598022,2.113451424754086e-15,7.375734329223633
A,1,5,only_T10,200,0.009999999776482582,0.4350000023841858,-5.5200018882751465,-1.986263632774353,2.469188994757521,7.375734329223633
A,1,5,only_T100,200,0.0,0.9699999690055847,-7.203668594360352,-0.6993333101272583,0.7134217984548,7.375734329223633
A,1,5,only_lin,200,0.0,0.98499995470047,-7.313111305236816,-0.6637747287750244,0.3680975545128869,7.375734329223633
A,1,5,random_orth,200,0.0,0.9749999642372131,-7.497563362121582,-0.6399734020233154,3.19257126339098,7.375734329223633
A,1,5,real_diff_in_helix_subspace,200,0.12999999523162842,0.2149999886751175,-3.8761708736419678,-3.3159916400909424,2.9605227129886136,7.375734329223633
A,1,5,full_swap,200,0.5399999618530273,0.009999999776482582,-1.6219326257705688,-6.275366306304932,6.575286865234375,7.375734329223633
A,2,5,helix,200,0.14499999582767487,0.1550000011920929,-3.5829052925109863,-3.6382927894592285,3.7404160806932647,9.83106517791748
A,2,5,only_T2,200,0.019999999552965164,0.38499999046325684,-6.038485527038574,-1.9910845756530762,2.169557122486984,9.83106517791748
A,2,5,only_T5,200,0.0,0.9950000047683716,-7.360935688018799,-0.6841424703598022,2.467060941470432e-15,9.83106517791748
A,2,5,only_T10,200,0.009999999776482582,0.4399999976158142,-5.491562366485596,-2.0310397148132324,2.8853224999520553,9.83106517791748
A,2,5,only_T100,200,0.0,0.9599999785423279,-7.204779624938965,-0.7002336978912354,0.8630568526382703,9.83106517791748
A,2,5,only_lin,200,0.0,0.9950000047683716,-7.344216346740723,-0.6509588360786438,0.4521272971867811,9.83106517791748
A,2,5,random_orth,200,0.0,0.9399999976158142,-7.4370012283325195,-0.686529815196991,3.7404160806932647,9.83106517791748
A,2,5,real_diff_in_helix_subspace,200,0.12999999523162842,0.20999999344348907,-3.819866895675659,-3.381387233734131,3.533767279158424,9.83106517791748
A,2,5,full_swap,200,0.5550000071525574,0.004999999888241291,-1.6443710327148438,-6.192240238189697,7.578499794006348,9.83106517791748
A,3,5,helix,200,0.13499999046325684,0.1550000011920929,-3.5591259002685547,-3.694981575012207,4.638044793006377,12.334256172180176
A,3,5,only_T2,200,0.019999999552965164,0.35999998450279236,-6.00202751159668,-2.0728840827941895,2.8613649017145315,12.334256172180176
A,3,5,only_T5,200,0.0,0.9950000047683716,-7.360935688018799,-0.6841424703598022,3.0080415138829252e-15,12.334256172180176
A,3,5,only_T10,200,0.004999999888241291,0.4449999928474426,-5.483921527862549,-2.0682501792907715,3.4542663277326167,12.334256172180176
A,3,5,only_T100,200,0.0,0.9649999737739563,-7.206811428070068,-0.6925103664398193,1.0456213335174402,12.334256172180176
A,3,5,only_lin,200,0.0,0.9950000047683716,-7.338784217834473,-0.6543933749198914,0.5381762511419855,12.334256172180176
A,3,5,random_orth,200,0.0,0.949999988079071,-7.385729789733887,-0.6814309358596802,4.638044793006377,12.334256172180176
A,3,5,real_diff_in_helix_subspace,200,0.14999999105930328,0.17999999225139618,-3.716758966445923,-3.4887194633483887,4.497253526579119,12.334256172180176
A,3,5,full_swap,200,0.5299999713897705,0.004999999888241291,-1.6567144393920898,-6.171973705291748,9.132309913635254,12.334256172180176
A,4,5,helix,200,0.13499999046325684,0.16499999165534973,-3.6388964653015137,-3.62172532081604,5.134854982496207,15.319697380065918
A,4,5,only_T2,200,0.019999999552965164,0.3499999940395355,-6.000955581665039,-2.0584840774536133,3.166267068178846,15.319697380065918
A,4,5,only_T5,200,0.0,0.9950000047683716,-7.360935688018799,-0.6841424703598022,3.3343703694914187e-15,15.319697380065918
A,4,5,only_T10,200,0.014999999664723873,0.4399999976158142,-5.509797096252441,-2.0401546955108643,3.804749755782484,15.319697380065918
A,4,5,only_T100,200,0.0,0.9749999642372131,-7.225165843963623,-0.6852169632911682,1.196077448126186,15.319697380065918
A,4,5,only_lin,200,0.0,0.9950000047683716,-7.3598952293396,-0.6506258249282837,0.639549541846746,15.319697380065918
A,4,5,random_orth,200,0.0,0.9699999690055847,-7.349998474121094,-0.7016188502311707,5.134854982496207,15.319697380065918
A,4,5,real_diff_in_helix_subspace,200,0.14499999582767487,0.17000000178813934,-3.7522032260894775,-3.4486894607543945,5.029177254144182,15.319697380065918
A,4,5,full_swap,200,0.5349999666213989,0.014999999664723873,-1.8066223859786987,-5.866370677947998,10.292640686035156,15.319697380065918
A,5,5,helix,200,0.14000000059604645,0.17499999701976776,-3.635138511657715,-3.631605386734009,5.836647354415993,18.367616653442383
A,5,5,only_T2,200,0.019999999552965164,0.3449999988079071,-6.000672340393066,-2.08058500289917,3.6285447179153105,18.367616653442383
A,5,5,only_T5,200,0.0,0.9950000047683716,-7.360935688018799,-0.6841424703598022,4.017162881957999e-15,18.367616653442383
A,5,5,only_T10,200,0.009999999776482582,0.42499998211860657,-5.510012626647949,-2.0620169639587402,4.284088710999656,18.367616653442383
A,5,5,only_T100,200,0.0,0.9799999594688416,-7.232392311096191,-0.6848994493484497,1.3834498803913564,18.367616653442383
A,5,5,only_lin,200,0.0,0.9950000047683716,-7.36675500869751,-0.6488918662071228,0.7379810794294555,18.367616653442383
A,5,5,random_orth,200,0.0,0.949999988079071,-7.380406856536865,-0.696221649646759,5.836647354415993,18.367616653442383
A,5,5,real_diff_in_helix_subspace,200,0.14000000059604645,0.16499999165534973,-3.757662773132324,-3.457141637802124,5.774190510945432,18.367616653442383
A,5,5,full_swap,200,0.5099999904632568,0.019999999552965164,-1.8547005653381348,-5.739827632904053,11.795655250549316,18.367616653442383
A,6,5,helix,200,0.125,0.17000000178813934,-3.655078411102295,-3.642627239227295,6.495224784429373,21.333654403686523
A,6,5,only_T2,200,0.019999999552965164,0.3400000035762787,-5.9982452392578125,-2.108182668685913,3.9993490968099286,21.333654403686523
A,6,5,only_T5,200,0.0,0.9950000047683716,-7.360935688018799,-0.6841424703598022,4.676161565235193e-15,21.333654403686523
A,6,5,only_T10,200,0.014999999664723873,0.429999977350235,-5.53237771987915,-2.0607025623321533,4.785309536744782,21.333654403686523
A,6,5,only_T100,200,0.0,0.9799999594688416,-7.241514205932617,-0.6820641756057739,1.560690312205939,21.333654403686523
A,6,5,only_lin,200,0.0,0.9950000047683716,-7.372148036956787,-0.6493933200836182,0.827273422500573,21.333654403686523
A,6,5,random_orth,200,0.0,0.949999988079071,-7.341184139251709,-0.7091705203056335,6.495224784429374,21.333654403686523
A,6,5,real_diff_in_helix_subspace,200,0.13499999046325684,0.17000000178813934,-3.792844772338867,-3.4674859046936035,6.496264171401619,21.333654403686523
A,6,5,full_swap,200,0.48499998450279236,0.019999999552965164,-1.900298833847046,-5.639086723327637,13.09142780303955,21.333654403686523
A,7,5,helix,200,0.11499999463558197,0.17999999225139618,-3.7325329780578613,-3.540009021759033,6.956416807768687,23.248058319091797
A,7,5,only_T2,200,0.019999999552965164,0.3499999940395355,-6.039882183074951,-2.0390121936798096,4.268877085045841,23.248058319091797
A,7,5,only_T5,200,0.0,0.9950000047683716,-7.360935688018799,-0.6841424703598022,5.0665832005253504e-15,23.248058319091797
A,7,5,only_T10,200,0.014999999664723873,0.4399999976158142,-5.547665119171143,-2.0338213443756104,5.124172937080896,23.248058319091797
A,7,5,only_T100,200,0.0,0.98499995470047,-7.246837139129639,-0.6831572651863098,1.675448019888758,23.248058319091797
A,7,5,only_lin,200,0.0,1.0,-7.371335506439209,-0.6548802852630615,0.9053148337116018,23.248058319091797
A,7,5,random_orth,200,0.004999999888241291,0.949999988079071,-7.323665142059326,-0.7153250575065613,6.956416807768687,23.248058319091797
A,7,5,real_diff_in_helix_subspace,200,0.11999999731779099,0.17999999225139618,-3.8721208572387695,-3.3687591552734375,6.992151543266957,23.248058319091797
A,7,5,full_swap,200,0.4449999928474426,0.029999999329447746,-2.0257081985473633,-5.398756504058838,14.049738883972168,23.248058319091797
A,8,5,helix,200,0.11499999463558197,0.1850000023841858,-3.716360330581665,-3.55466628074646,7.29254062472143,25.654346466064453
A,8,5,only_T2,200,0.019999999552965164,0.3499999940395355,-6.036378860473633,-2.052830219268799,4.409679414186388,25.654346466064453
A,8,5,only_T5,200,0.0,0.9950000047683716,-7.360935688018799,-0.6841424703598022,5.3935651240305995e-15,25.654346466064453
A,8,5,only_T10,200,0.014999999664723873,0.42499998211860657,-5.525686740875244,-2.055893898010254,5.425117836901964,25.654346466064453
A,8,5,only_T100,200,0.0,0.98499995470047,-7.252490043640137,-0.682758629322052,1.753366962865213,25.654346466064453
A,8,5,only_lin,200,0.0,0.9950000047683716,-7.373456954956055,-0.6556528210639954,0.9557899527065268,25.654346466064453
A,8,5,random_orth,200,0.0,0.9599999785423279,-7.360159873962402,-0.7048803567886353,7.29254062472143,25.654346466064453
A,8,5,real_diff_in_helix_subspace,200,0.11499999463558197,0.16499999165534973,-3.8586950302124023,-3.373133420944214,7.363385585571893,25.654346466064453
A,8,5,full_swap,200,0.4350000023841858,0.03999999910593033,-2.065401077270508,-5.340508460998535,14.778831481933594,25.654346466064453
A,9,5,helix,200,0.11999999731779099,0.17999999225139618,-3.6810829639434814,-3.603766918182373,7.927470789593969,28.544878005981445
A,9,5,only_T2,200,0.019999999552965164,0.3400000035762787,-6.036192893981934,-2.080170154571533,4.719572151269183,28.544878005981445
A,9,5,only_T5,200,0.0,0.9950000047683716,-7.360935688018799,-0.6841424703598022,5.8649675729557884e-15,28.544878005981445
A,9,5,only_T10,200,0.014999999664723873,0.41999998688697815,-5.506059646606445,-2.089639186859131,5.942119789500599,28.544878005981445
A,9,5,only_T100,200,0.0,0.9799999594688416,-7.260706424713135,-0.6801049113273621,1.9104494669503338,28.544878005981445
A,9,5,only_lin,200,0.0,1.0,-7.374291896820068,-0.6538418531417847,1.0377935396260822,28.544878005981445
A,9,5,random_orth,200,0.004999999888241291,0.9449999928474426,-7.293599605560303,-0.7251278758049011,7.927470789593969,28.544878005981445
A,9,5,real_diff_in_helix_subspace,200,0.11499999463558197,0.16499999165534973,-3.822563648223877,-3.415112257003784,8.023989547491603,28.544878005981445
A,9,5,full_swap,200,0.42499998211860657,0.03999999910593033,-2.059518575668335,-5.350309371948242,16.068021774291992,28.544878005981445
A,10,5,helix,200,0.11999999731779099,0.16499999165534973,-3.622019052505493,-3.681180953979492,8.811202606089502,30.95928955078125
A,10,5,only_T2,200,0.019999999552965164,0.3349999785423279,-6.01517915725708,-2.1085472106933594,5.20934931112179,30.95928955078125
A,10,5,only_T5,200,0.0,0.9950000047683716,-7.360935688018799,-0.6841424703598022,6.456953385430528e-15,30.95928955078125
A,10,5,only_T10,200,0.014999999664723873,0.4050000011920929,-5.460444927215576,-2.143934488296509,6.635973968448502,30.95928955078125
A,10,5,only_T100,200,0.0,0.9799999594688416,-7.256518363952637,-0.6822839379310608,2.076560899133691,30.95928955078125
A,10,5,only_lin,200,0.0,1.0,-7.377162933349609,-0.6527796983718872,1.1250861613571528,30.95928955078125
A,10,5,random_orth,200,0.0,0.9449999928474426,-7.316930770874023,-0.7194098234176636,8.811202606089502,30.95928955078125
A,10,5,real_diff_in_helix_subspace,200,0.11999999731779099,0.1550000011920929,-3.7533910274505615,-3.504734992980957,8.91455420157442,30.95928955078125
A,10,5,full_swap,200,0.4399999976158142,0.03999999910593033,-2.051217794418335,-5.344768047332764,17.676036834716797,30.95928955078125
A,11,5,helix,200,0.13499999046325684,0.1550000011920929,-3.5831902027130127,-3.7497880458831787,9.808370013740802,33.88854217529297
A,11,5,only_T2,200,0.019999999552965164,0.3199999928474426,-5.995888710021973,-2.149662733078003,5.7532776905746355,33.88854217529297
A,11,5,only_T5,200,0.0,0.9950000047683716,-7.360935688018799,-0.6841424703598022,7.232340239830876e-15,33.88854217529297
A,11,5,only_T10,200,0.014999999664723873,0.39499998092651367,-5.397791862487793,-2.2287261486053467,7.44715359154211,33.88854217529297
A,11,5,only_T100,200,0.0,0.9799999594688416,-7.260524749755859,-0.6840996146202087,2.2643482619069943,33.88854217529297
A,11,5,only_lin,200,0.0,0.9950000047683716,-7.374420166015625,-0.6569596529006958,1.2403458565578205,33.88854217529297
A,11,5,random_orth,200,0.0,0.9699999690055847,-7.3105149269104,-0.7084081768989563,9.808370013740802,33.88854217529297
A,11,5,real_diff_in_helix_subspace,200,0.11499999463558197,0.14999999105930328,-3.6571333408355713,-3.5882480144500732,10.04083532935997,33.88854217529297
A,11,5,full_swap,200,0.42499998211860657,0.044999998062849045,-2.093919038772583,-5.304055213928223,19.665796279907227,33.88854217529297
A,12,5,helix,200,0.14499999582767487,0.1550000011920929,-3.498685121536255,-3.809220552444458,11.197848065197173,37.34563446044922
A,12,5,only_T2,200,0.019999999552965164,0.3100000023841858,-5.979794025421143,-2.204319477081299,6.6123071875509165,37.34563446044922
A,12,5,only_T5,200,0.0,0.9950000047683716,-7.360935688018799,-0.6841424703598022,8.12006738638435e-15,37.34563446044922
A,12,5,only_T10,200,0.02499999850988388,0.35999998450279236,-5.349531173706055,-2.3123044967651367,8.522193382223831,37.34563446044922
A,12,5,only_T100,200,0.0,0.9799999594688416,-7.258942604064941,-0.6857359409332275,2.4968901746164183,37.34563446044922
A,12,5,only_lin,200,0.0,1.0,-7.3752360343933105,-0.657247006893158,1.3681323810374824,37.34563446044922
A,12,5,random_orth,200,0.009999999776482582,0.9049999713897705,-7.274699687957764,-0.7669973373413086,11.197848065197173,37.34563446044922
A,12,5,real_diff_in_helix_subspace,200,0.13499999046325684,0.14499999582767487,-3.542851209640503,-3.71549916267395,11.561000383613095,37.34563446044922
A,12,5,full_swap,200,0.429999977350235,0.044999998062849045,-2.0939013957977295,-5.287056922912598,22.288801193237305,37.34563446044922
A,13,5,helix,200,0.08500000089406967,0.23499999940395355,-4.3731689453125,-2.742335557937622,12.41479549353282,41.109806060791016
A,13,5,only_T2,200,0.014999999664723873,0.4650000035762787,-6.2272467613220215,-1.6478612422943115,7.228962016013209,41.109806060791016
A,13,5,only_T5,200,0.0,0.9950000047683716,-7.360935688018799,-0.6841424703598022,8.98856012228813e-15,41.109806060791016
A,13,5,only_T10,200,0.014999999664723873,0.5099999904632568,-5.8320841789245605,-1.710504412651062,9.51905979884963,41.109806060791016
A,13,5,only_T100,200,0.0,0.98499995470047,-7.2958879470825195,-0.6792786121368408,2.7964150357895368,41.109806060791016
A,13,5,only_lin,200,0.0,0.9950000047683716,-7.359028339385986,-0.6701174974441528,1.5516995119020254,41.109806060791016
A,13,5,random_orth,200,0.004999999888241291,0.9599999785423279,-7.249590873718262,-0.7269180417060852,12.41479549353282,41.109806060791016
A,13,5,real_diff_in_helix_subspace,200,0.08500000089406967,0.2549999952316284,-4.410598278045654,-2.6849560737609863,12.939407767273217,41.109806060791016
A,13,5,full_swap,200,0.25999999046325684,0.125,-3.1176881790161133,-3.911566972732544,24.961627960205078,41.109806060791016
A,14,5,helix,200,0.009999999776482582,0.7549999952316284,-6.159501075744629,-1.1419204473495483,13.619420766381241,44.881629943847656
A,14,5,only_T2,200,0.0,0.8650000095367432,-6.9942779541015625,-0.8725507855415344,7.894515940495576,44.881629943847656
A,14,5,only_T5,200,0.0,0.9950000047683716,-7.360935688018799,-0.6841424703598022,9.915868359041568e-15,44.881629943847656
A,14,5,only_T10,200,0.004999999888241291,0.8499999642372131,-6.705432415008545,-0.9179151654243469,10.442570006116066,44.881629943847656
A,14,5,only_T100,200,0.0,0.98499995470047,-7.3315958976745605,-0.6706831455230713,3.110818135639932,44.881629943847656
A,14,5,only_lin,200,0.0,1.0,-7.373419761657715,-0.6678186655044556,1.738280110786271,44.881629943847656
A,14,5,random_orth,200,0.0,0.98499995470047,-7.356008052825928,-0.6835850477218628,13.619420766381241,44.881629943847656
A,14,5,real_diff_in_helix_subspace,200,0.009999999776482582,0.7450000047683716,-6.17264986038208,-1.1498996019363403,14.368849460948509,44.881629943847656
A,14,5,full_swap,200,0.07000000029802322,0.6049999594688416,-5.201154708862305,-1.6210308074951172,27.62542724609375,44.881629943847656
A,15,5,helix,200,0.009999999776482582,0.75,-6.156000137329102,-1.1448078155517578,14.823914684842894,50.054840087890625
A,15,5,only_T2,200,0.0,0.8650000095367432,-6.9933342933654785,-0.8705618977546692,8.545167192946852,50.054840087890625
A,15,5,only_T5,200,0.0,0.9950000047683716,-7.360935688018799,-0.6841424703598022,1.093813326515796e-14,50.054840087890625
A,15,5,only_T10,200,0.004999999888241291,0.8499999642372131,-6.703245639801025,-0.9194492101669312,11.343654772612906,50.054840087890625
A,15,5,only_T100,200,0.0,0.98499995470047,-7.331052780151367,-0.6721183061599731,3.523896828417565,50.054840087890625
A,15,5,only_lin,200,0.0,1.0,-7.375230312347412,-0.6691181659698486,1.9045534961904413,50.054840087890625
A,15,5,random_orth,200,0.0,0.98499995470047,-7.350586891174316,-0.6977423429489136,14.823914684842894,50.054840087890625
A,15,5,real_diff_in_helix_subspace,200,0.009999999776482582,0.7400000095367432,-6.162603855133057,-1.1573240756988525,15.772449719953299,50.054840087890625
A,15,5,full_swap,200,0.07000000029802322,0.5999999642372131,-5.218635082244873,-1.611020565032959,30.215024948120117,50.054840087890625
A,16,5,helix,200,0.009999999776482582,0.7549999952316284,-6.23486852645874,-1.1026861667633057,16.68368080238444,54.79728698730469
A,16,5,only_T2,200,0.0,0.85999995470047,-7.026415824890137,-0.85166996717453,9.60340500562586,54.79728698730469
A,16,5,only_T5,200,0.0,0.9950000047683716,-7.360935688018799,-0.6841424703598022,1.214153189711847e-14,54.79728698730469
A,16,5,only_T10,200,0.004999999888241291,0.8499999642372131,-6.724511623382568,-0.9090625047683716,12.775439391935974,54.79728698730469
A,16,5,only_T100,200,0.0,0.9899999499320984,-7.334368705749512,-0.6706878542900085,4.021156518630707,54.79728698730469
A,16,5,only_lin,200,0.0,1.0,-7.376613616943359,-0.6692994832992554,2.179338929087168,54.79728698730469
A,16,5,random_orth,200,0.0,0.9799999594688416,-7.352360725402832,-0.6946719288825989,16.683680802384437,54.79728698730469
A,16,5,real_diff_in_helix_subspace,200,0.009999999776482582,0.73499995470047,-6.234091758728027,-1.1193691492080688,18.05962924655624,54.79728698730469
A,16,5,full_swap,200,0.044999998062849045,0.6349999904632568,-5.39457893371582,-1.460728406906128,34.55778884887695,54.79728698730469
A,17,5,helix,200,0.009999999776482582,0.8050000071525574,-6.5047287940979,-0.980120062828064,18.323761162179142,59.93586730957031
A,17,5,only_T2,200,0.0,0.8949999809265137,-7.11783504486084,-0.8027409911155701,10.477199228541833,59.93586730957031
A,17,5,only_T5,200,0.0,0.9950000047683716,-7.360935688018799,-0.6841424703598022,1.3367798231174238e-14,59.93586730957031
A,17,5,only_T10,200,0.004999999888241291,0.8799999952316284,-6.875856399536133,-0.8427807688713074,14.040629424422118,59.93586730957031
A,17,5,only_T100,200,0.0,0.9950000047683716,-7.341409206390381,-0.6726019382476807,4.5005259786971505,59.93586730957031
A,17,5,only_lin,200,0.0,1.0,-7.372076034545898,-0.6723838448524475,2.444419636256249,59.93586730957031
A,17,5,random_orth,200,0.0,0.98499995470047,-7.33859920501709,-0.696319043636322,18.323761162179142,59.93586730957031
A,17,5,real_diff_in_helix_subspace,200,0.004999999888241291,0.7899999618530273,-6.517171382904053,-0.9846012592315674,20.011743359313858,59.93586730957031
A,17,5,full_swap,200,0.02499999850988388,0.7450000047683716,-5.859677791595459,-1.1640733480453491,38.292198181152344,59.93586730957031
A,18,5,helix,200,0.0,0.9549999833106995,-7.147037982940674,-0.728924036026001,19.58233945258037,65.35437774658203
A,18,5,only_T2,200,0.0,0.98499995470047,-7.333536148071289,-0.6955350041389465,11.106820706692252,65.35437774658203
A,18,5,only_T5,200,0.0,0.9950000047683716,-7.360935688018799,-0.6841424703598022,1.4369545730253932e-14,65.35437774658203
A,18,5,only_T10,200,0.0,0.949999988079071,-7.234195232391357,-0.7157388925552368,15.012315479887107,65.35437774658203
A,18,5,only_T100,200,0.0,0.98499995470047,-7.35455322265625,-0.6817588806152344,4.887707173345685,65.35437774658203
A,18,5,only_lin,200,0.0,1.0,-7.372106552124023,-0.679219663143158,2.65105334960964,65.35437774658203
A,18,5,random_orth,200,0.0,1.0,-7.356541633605957,-0.6882345676422119,19.58233945258037,65.35437774658203
A,18,5,real_diff_in_helix_subspace,200,0.0,0.9350000023841858,-7.160848140716553,-0.729335606098175,21.661384422975633,65.35437774658203
A,18,5,full_swap,200,0.004999999888241291,0.9249999523162842,-6.847170829772949,-0.760213315486908,41.256778717041016,65.35437774658203
A,19,5,helix,200,0.0,0.9699999690055847,-7.296385288238525,-0.6947027444839478,20.632078166268997,69.05240631103516
A,19,5,only_T2,200,0.0,0.9799999594688416,-7.3585028648376465,-0.6879836320877075,11.687237678146143,69.05240631103516
A,19,5,only_T5,200,0.0,0.9950000047683716,-7.360935688018799,-0.6841424703598022,1.505649329154266e-14,69.05240631103516
A,19,5,only_T10,200,0.0,0.9749999642372131,-7.319952011108398,-0.690478503704071,15.82362334623302,69.05240631103516
A,19,5,only_T100,200,0.0,0.9899999499320984,-7.357741355895996,-0.6835458278656006,5.163439373379979,69.05240631103516
A,19,5,only_lin,200,0.0,1.0,-7.368772029876709,-0.6819897890090942,2.818332646400681,69.05240631103516
A,19,5,random_orth,200,0.0,0.9899999499320984,-7.361849784851074,-0.6850025653839111,20.632078166268997,69.05240631103516
A,19,5,real_diff_in_helix_subspace,200,0.0,0.9699999690055847,-7.300637245178223,-0.6971287131309509,22.828937157067195,69.05240631103516
A,19,5,full_swap,200,0.004999999888241291,0.9599999785423279,-7.15587854385376,-0.6960545182228088,43.59730529785156,69.05240631103516
A,20,5,helix,200,0.0,0.9649999737739563,-7.293436527252197,-0.6944329142570496,21.656507620263227,73.56587219238281
A,20,5,only_T2,200,0.0,0.9799999594688416,-7.361766338348389,-0.687390148639679,12.252311387324776,73.56587219238281
A,20,5,only_T5,200,0.0,0.9950000047683716,-7.360935688018799,-0.6841424703598022,1.5801043852886842e-14,73.56587219238281
A,20,5,only_T10,200,0.0,0.9749999642372131,-7.317512035369873,-0.6908689737319946,16.59930745064194,73.56587219238281
A,20,5,only_T100,200,0.0,0.9899999499320984,-7.359236717224121,-0.683120846748352,5.4649828864239645,73.56587219238281
A,20,5,only_lin,200,0.0,0.9950000047683716,-7.367153644561768,-0.6829429268836975,3.01968355634025,73.56587219238281
A,20,5,random_orth,200,0.0,0.9950000047683716,-7.363589286804199,-0.6857059597969055,21.656507620263227,73.56587219238281
A,20,5,real_diff_in_helix_subspace,200,0.0,0.9649999737739563,-7.305107116699219,-0.6963213682174683,24.18142909588752,73.56587219238281
A,20,5,full_swap,200,0.004999999888241291,0.9599999785423279,-7.168486595153809,-0.6937251091003418,46.1778678894043,73.56587219238281
A,21,5,helix,200,0.0,0.9799999594688416,-7.3786797523498535,-0.6817752718925476,22.638633081086017,77.02938079833984
A,21,5,only_T2,200,0.0,0.9950000047683716,-7.381056785583496,-0.6823791861534119,12.787630179287818,77.02938079833984
A,21,5,only_T5,200,0.0,0.9950000047683716,-7.360935688018799,-0.6841424703598022,1.6444575218134808e-14,77.02938079833984
A,21,5,only_T10,200,0.0,0.98499995470047,-7.3776373863220215,-0.6821025609970093,17.334121344357282,77.02938079833984
A,21,5,only_T100,200,0.0,0.9899999499320984,-7.361700057983398,-0.6833746433258057,5.738097173793144,77.02938079833984
A,21,5,only_lin,200,0.0,0.9950000047683716,-7.3652024269104,-0.6845329999923706,3.1834551359830208,77.02938079833984
A,21,5,random_orth,200,0.0,0.9899999499320984,-7.369612693786621,-0.6839787364006042,22.638633081086017,77.02938079833984
A,21,5,real_diff_in_helix_subspace,200,0.0,0.9799999594688416,-7.3896989822387695,-0.6818333864212036,25.446617900379422,77.02938079833984
A,21,5,full_swap,200,0.0,0.98499995470047,-7.357947826385498,-0.6710723638534546,48.405731201171875,77.02938079833984
A,22,5,helix,200,0.0,0.9799999594688416,-7.386743068695068,-0.6808891296386719,23.619814704333507,81.38883972167969
A,22,5,only_T2,200,0.0,0.9950000047683716,-7.384487152099609,-0.6821925044059753,13.346159680311215,81.38883972167969
A,22,5,only_T5,200,0.0,0.9950000047683716,-7.360935688018799,-0.6841424703598022,1.7279228511428206e-14,81.38883972167969
A,22,5,only_T10,200,0.0,0.98499995470047,-7.38087272644043,-0.6821426749229431,18.064908057518437,81.38883972167969
A,22,5,only_T100,200,0.0,0.9899999499320984,-7.365062236785889,-0.6828914284706116,6.0372962551737555,81.38883972167969
A,22,5,only_lin,200,0.0,0.9950000047683716,-7.365363597869873,-0.6839284896850586,3.360026732814491,81.38883972167969
A,22,5,random_orth,200,0.0,0.9950000047683716,-7.36795711517334,-0.6821295022964478,23.61981470433351,81.38883972167969
A,22,5,real_diff_in_helix_subspace,200,0.0,0.98499995470047,-7.392816066741943,-0.6815134286880493,26.660070950156083,81.38883972167969
A,22,5,full_swap,200,0.0,0.9899999499320984,-7.3632049560546875,-0.6714320778846741,50.68575668334961,81.38883972167969
A,23,5,helix,200,0.0,0.9799999594688416,-7.395644187927246,-0.6823354363441467,24.443196587761122,85.60205078125
A,23,5,only_T2,200,0.0,0.9950000047683716,-7.384626388549805,-0.6819701790809631,13.785613108539794,85.60205078125
A,23,5,only_T5,200,0.0,0.9950000047683716,-7.360935688018799,-0.6841424703598022,1.787916305633125e-14,85.60205078125
A,23,5,only_T10,200,0.0,0.98499995470047,-7.387330055236816,-0.6832853555679321,18.68863702428392,85.60205078125
A,23,5,only_T100,200,0.0,0.9899999499320984,-7.366511821746826,-0.6836661100387573,6.232744403059542,85.60205078125
A,23,5,only_lin,200,0.0,0.9950000047683716,-7.365869045257568,-0.6838293075561523,3.4822979282370428,85.60205078125
A,23,5,random_orth,200,0.0,0.9950000047683716,-7.3682861328125,-0.6838703751564026,24.443196587761122,85.60205078125
A,23,5,real_diff_in_helix_subspace,200,0.0,0.9799999594688416,-7.40244197845459,-0.68241947889328,27.655278801125338,85.60205078125
A,23,5,full_swap,200,0.0,0.9899999499320984,-7.384942531585693,-0.674755871295929,52.45729446411133,85.60205078125
A,24,5,helix,200,0.0,0.9950000047683716,-7.365096092224121,-0.6746392846107483,24.928987464677498,89.2212905883789
A,24,5,only_T2,200,0.0,0.9950000047683716,-7.370211601257324,-0.6817041039466858,14.0395324505704,89.2212905883789
A,24,5,only_T5,200,0.0,0.9950000047683716,-7.360935688018799,-0.6841424703598022,1.840630209015389e-14,89.2212905883789
A,24,5,only_T10,200,0.0,0.9950000047683716,-7.363494873046875,-0.6772516965866089,19.059930212475333,89.2212905883789
A,24,5,only_T100,200,0.0,0.9950000047683716,-7.362248420715332,-0.6830900311470032,6.355996111308326,89.2212905883789
A,24,5,only_lin,200,0.0,0.9950000047683716,-7.363335609436035,-0.6831533908843994,3.5781760492532624,89.2212905883789
A,24,5,random_orth,200,0.0,0.9899999499320984,-7.367178916931152,-0.6830145120620728,24.928987464677498,89.2212905883789
A,24,5,real_diff_in_helix_subspace,200,0.0,0.9950000047683716,-7.3675537109375,-0.6741041541099548,28.28459702990085,89.2212905883789
A,24,5,full_swap,200,0.0,0.9950000047683716,-7.35523796081543,-0.6638058423995972,53.75202941894531,89.2212905883789
A,25,5,helix,200,0.0,0.9950000047683716,-7.36610746383667,-0.6742488145828247,25.53074308874531,93.9815902709961
A,25,5,only_T2,200,0.0,0.9950000047683716,-7.373156547546387,-0.6812823414802551,14.30586594595053,93.9815902709961
A,25,5,only_T5,200,0.0,0.9950000047683716,-7.360935688018799,-0.6841424703598022,1.8883487756650655e-14,93.9815902709961
A,25,5,only_T10,200,0.0,0.9950000047683716,-7.363658428192139,-0.6776260137557983,19.537861797792843,93.9815902709961
A,25,5,only_T100,200,0.0,0.9950000047683716,-7.362451076507568,-0.6829285025596619,6.550386978871824,93.9815902709961
A,25,5,only_lin,200,0.0,0.9950000047683716,-7.362778186798096,-0.6831788420677185,3.692354393154998,93.9815902709961
A,25,5,random_orth,200,0.0,0.9950000047683716,-7.366476058959961,-0.6828839182853699,25.53074308874531,93.9815902709961
A,25,5,real_diff_in_helix_subspace,200,0.0,0.9950000047683716,-7.370758533477783,-0.6741878986358643,29.137486058022382,93.9815902709961
A,25,5,full_swap,200,0.0,0.9950000047683716,-7.354118347167969,-0.6645206809043884,55.28758239746094,93.9815902709961
A,26,5,helix,200,0.0,0.9950000047683716,-7.366608619689941,-0.6748303174972534,26.057123179159316,102.33081817626953
A,26,5,only_T2,200,0.0,0.9950000047683716,-7.37253999710083,-0.6813701391220093,14.531783585479785,102.33081817626953
A,26,5,only_T5,200,0.0,0.9950000047683716,-7.360935688018799,-0.6841424703598022,1.917292365607545e-14,102.33081817626953
A,26,5,only_T10,200,0.0,0.9950000047683716,-7.363400936126709,-0.6780881285667419,19.980004289165446,102.33081817626953
A,26,5,only_T100,200,0.0,0.9950000047683716,-7.364591121673584,-0.6831082701683044,6.6788670942713795,102.33081817626953
A,26,5,only_lin,200,0.0,0.9950000047683716,-7.36307954788208,-0.6835353970527649,3.76449226337227,102.33081817626953
A,26,5,random_orth,200,0.0,0.9950000047683716,-7.36425256729126,-0.6838777661323547,26.05712317915932,102.33081817626953
A,26,5,real_diff_in_helix_subspace,200,0.0,0.9950000047683716,-7.371059417724609,-0.6746214628219604,29.808796886271868,102.33081817626953
A,26,5,full_swap,200,0.0,0.9950000047683716,-7.354649543762207,-0.664579451084137,56.50859832763672,102.33081817626953
A,27,5,helix,200,0.0,0.9950000047683716,-7.365322113037109,-0.6841745376586914,26.391529051376065,111.35279083251953
A,27,5,only_T2,200,0.0,0.9950000047683716,-7.361661434173584,-0.6840505599975586,14.602141556046378,111.35279083251953
A,27,5,only_T5,200,0.0,0.9950000047683716,-7.360935688018799,-0.6841424703598022,1.944442880251407e-14,111.35279083251953
A,27,5,only_T10,200,0.0,0.9950000047683716,-7.364264965057373,-0.6834020018577576,20.2712593055238,111.35279083251953
A,27,5,only_T100,200,0.0,0.9950000047683716,-7.363796234130859,-0.68443363904953,6.8149525568834655,111.35279083251953
A,27,5,only_lin,200,0.0,0.9950000047683716,-7.362192153930664,-0.6839595437049866,3.8254539656606217,111.35279083251953
A,27,5,random_orth,200,0.0,0.9950000047683716,-7.366337299346924,-0.6840550303459167,26.391529051376065,111.35279083251953
A,27,5,real_diff_in_helix_subspace,200,0.0,0.9950000047683716,-7.364053726196289,-0.6843081712722778,30.338535443131313,111.35279083251953
A,27,5,full_swap,200,0.0,0.9950000047683716,-7.363946914672852,-0.6844338774681091,57.4904670715332,111.35279083251953
A,28,5,helix,200,0.0,0.9950000047683716,-7.363420009613037,-0.684123158454895,26.936409161257497,122.3427963256836
A,28,5,only_T2,200,0.0,0.9950000047683716,-7.363921165466309,-0.6841864585876465,14.825671763659242,122.3427963256836
A,28,5,only_T5,200,0.0,0.9950000047683716,-7.360935688018799,-0.6841424703598022,1.9867966614803696e-14,122.3427963256836
A,28,5,only_T10,200,0.0,0.9950000047683716,-7.362689018249512,-0.6836589574813843,20.69864418251029,122.3427963256836
A,28,5,only_T100,200,0.0,0.9950000047683716,-7.363200664520264,-0.6844624876976013,7.0116094889988,122.3427963256836
A,28,5,only_lin,200,0.0,0.9950000047683716,-7.363397598266602,-0.6842507719993591,3.8725239906606106,122.3427963256836
A,28,5,random_orth,200,0.0,0.9950000047683716,-7.363780498504639,-0.6839480400085449,26.936409161257497,122.3427963256836
A,28,5,real_diff_in_helix_subspace,200,0.0,0.9950000047683716,-7.36181640625,-0.6845638751983643,31.029938065466986,122.3427963256836
A,28,5,full_swap,200,0.0,0.9950000047683716,-7.361905574798584,-0.684416651725769,58.573726654052734,122.3427963256836
A,29,5,helix,200,0.0,0.9950000047683716,-7.362934589385986,-0.6839179992675781,27.55025494335533,137.76100158691406
A,29,5,only_T2,200,0.0,0.9950000047683716,-7.36193323135376,-0.6840276718139648,15.091159424343685,137.76100158691406
A,29,5,only_T5,200,0.0,0.9950000047683716,-7.360935688018799,-0.6841424703598022,2.0388100401184304e-14,137.76100158691406
A,29,5,only_T10,200,0.0,0.9950000047683716,-7.363637447357178,-0.6837001442909241,21.144540251653353,137.76100158691406
A,29,5,only_T100,200,0.0,0.9950000047683716,-7.362122535705566,-0.6840512156486511,7.254657462684892,137.76100158691406
A,29,5,only_lin,200,0.0,0.9950000047683716,-7.361291408538818,-0.6839231848716736,3.9564285377389727,137.76100158691406
A,29,5,random_orth,200,0.0,0.9950000047683716,-7.3639068603515625,-0.684039294719696,27.55025494335533,137.76100158691406
A,29,5,real_diff_in_helix_subspace,200,0.0,0.9950000047683716,-7.360822677612305,-0.6843554377555847,31.92318249752347,137.76100158691406
A,29,5,full_swap,200,0.0,0.9950000047683716,-7.360784530639648,-0.6842764616012573,59.90077209472656,137.76100158691406
A,30,5,helix,200,0.0,0.9950000047683716,-7.362106800079346,-0.6841837763786316,28.368060512432294,161.6311492919922
A,30,5,only_T2,200,0.0,0.9950000047683716,-7.363922119140625,-0.6838829517364502,15.341500624193495,161.6311492919922
A,30,5,only_T5,200,0.0,0.9950000047683716,-7.360935688018799,-0.6841424703598022,2.0969030458408267e-14,161.6311492919922
A,30,5,only_T10,200,0.0,0.9950000047683716,-7.360964298248291,-0.684097945690155,21.822629218200213,161.6311492919922
A,30,5,only_T100,200,0.0,0.9950000047683716,-7.362127304077148,-0.6840398907661438,7.527593626390509,161.6311492919922
A,30,5,only_lin,200,0.0,0.9950000047683716,-7.361494541168213,-0.6840471029281616,4.06306189719956,161.6311492919922
A,30,5,random_orth,200,0.0,0.9950000047683716,-7.36254358291626,-0.6838153600692749,28.368060512432294,161.6311492919922
A,30,5,real_diff_in_helix_subspace,200,0.0,0.9950000047683716,-7.362496852874756,-0.6843183636665344,33.10145150056031,161.6311492919922
A,30,5,full_swap,200,0.0,0.9950000047683716,-7.360701560974121,-0.6840792894363403,61.55901336669922,161.6311492919922
A,31,5,helix,200,0.0,0.9950000047683716,-7.360935688018799,-0.6841424703598022,29.00056096885702,191.24969482421875
A,31,5,only_T2,200,0.0,0.9950000047683716,-7.360935688018799,-0.6841424703598022,15.521177385453907,191.24969482421875
A,31,5,only_T5,200,0.0,0.9950000047683716,-7.360935688018799,-0.6841424703598022,2.1378905589557953e-14,191.24969482421875
A,31,5,only_T10,200,0.0,0.9950000047683716,-7.360935688018799,-0.6841424703598022,22.289068079248718,191.24969482421875
A,31,5,only_T100,200,0.0,0.9950000047683716,-7.360935688018799,-0.6841424703598022,7.817316801509964,191.24969482421875
A,31,5,only_lin,200,0.0,0.9950000047683716,-7.360935688018799,-0.6841424703598022,4.170027538776881,191.24969482421875
A,31,5,random_orth,200,0.0,0.9950000047683716,-7.360935688018799,-0.6841424703598022,29.00056096885702,191.24969482421875
A,31,5,real_diff_in_helix_subspace,200,0.0,0.9950000047683716,-7.360935688018799,-0.6841424703598022,34.202836567094735,191.24969482421875
A,31,5,full_swap,200,0.0,0.9950000047683716,-7.360935688018799,-0.6841424703598022,63.10618209838867,191.24969482421875
A,0,10,helix,200,0.03500000014901161,0.8999999761581421,-4.143142223358154,-0.7348025441169739,1.4092446369227956,6.904922962188721
A,0,10,only_T2,200,0.0,1.0,-4.979837417602539,-0.6012619733810425,0.0,6.904922962188721
A,0,10,only_T5,200,0.0,1.0,-4.979837417602539,-0.6012619733810425,2.1779895574481523e-15,6.904922962188721
A,0,10,only_T10,200,0.0,1.0,-4.979837417602539,-0.6012619733810425,1.0941521554734718e-15,6.904922962188721
A,0,10,only_T100,200,0.02499999850988388,0.9399999976158142,-4.408993721008301,-0.6795974373817444,1.25084392418755,6.904922962188721
A,0,10,only_lin,200,0.0,0.98499995470047,-4.739030838012695,-0.6038493514060974,0.6180691320097016,6.904922962188721
A,0,10,random_orth,200,0.0,0.9799999594688416,-4.978794574737549,-0.5944928526878357,1.4092446369227951,6.904922962188721
A,0,10,real_diff_in_helix_subspace,200,0.03999999910593033,0.9249999523162842,-4.210156440734863,-0.6797808408737183,1.4342335168768177,6.904922962188721
A,0,10,full_swap,200,0.48499998450279236,0.20999999344348907,-1.7331407070159912,-3.594020366668701,6.135430812835693,6.904922962188721
A,1,10,helix,200,0.03500000014901161,0.9249999523162842,-4.15511417388916,-0.7068977355957031,1.5974372670355905,7.381628513336182
A,1,10,only_T2,200,0.0,1.0,-4.979837417602539,-0.6012619733810425,0.0,7.381628513336182
A,1,10,only_T5,200,0.0,1.0,-4.979837417602539,-0.6012619733810425,2.322186798414894e-15,7.381628513336182
A,1,10,only_T10,200,0.0,1.0,-4.979837417602539,-0.6012619733810425,1.1750676325411231e-15,7.381628513336182
A,1,10,only_T100,200,0.02499999850988388,0.9399999976158142,-4.409008502960205,-0.6929357647895813,1.3927420165334754,7.381628513336182
A,1,10,only_lin,200,0.0,1.0,-4.739843368530273,-0.5760362148284912,0.7361951090257739,7.381628513336182
A,1,10,random_orth,200,0.0,0.98499995470047,-4.993505954742432,-0.5936184525489807,1.5974372670355905,7.381628513336182
A,1,10,real_diff_in_helix_subspace,200,0.03500000014901161,0.9199999570846558,-4.172054767608643,-0.691271185874939,1.6984168222927067,7.381628513336182
A,1,10,full_swap,200,0.4899999797344208,0.2199999988079071,-1.6883198022842407,-3.513068199157715,6.659092426300049,7.381628513336182
A,2,10,helix,200,0.03500000014901161,0.9350000023841858,-4.211808204650879,-0.6785036325454712,1.9492602226623204,9.847967147827148
A,2,10,only_T2,200,0.0,1.0,-4.979837417602539,-0.6012619733810425,0.0,9.847967147827148
A,2,10,only_T5,200,0.0,1.0,-4.979837417602539,-0.6012619733810425,2.7084181520790874e-15,9.847967147827148
A,2,10,only_T10,200,0.0,1.0,-4.979837417602539,-0.6012619733810425,1.367721997918217e-15,9.847967147827148
A,2,10,only_T100,200,0.014999999664723873,0.9549999833106995,-4.444346904754639,-0.6906167268753052,1.6797672929060679,9.847967147827148
A,2,10,only_lin,200,0.0,1.0,-4.770482063293457,-0.5605883002281189,0.9042545943735621,9.847967147827148
A,2,10,random_orth,200,0.0,0.9749999642372131,-4.97339391708374,-0.6007064580917358,1.9492602226623204,9.847967147827148
A,2,10,real_diff_in_helix_subspace,200,0.03500000014901161,0.9149999618530273,-4.192336559295654,-0.6998472213745117,2.149587155113049,9.847967147827148
A,2,10,full_swap,200,0.4899999797344208,0.23999999463558197,-1.7340699434280396,-3.4007749557495117,7.688574314117432,9.847967147827148
A,3,10,helix,200,0.019999999552965164,0.949999988079071,-4.202825546264648,-0.6668394207954407,2.357975089971358,12.34796142578125
A,3,10,only_T2,200,0.0,1.0,-4.979837417602539,-0.6012619733810425,0.0,12.34796142578125
A,3,10,only_T5,200,0.0,1.0,-4.979837417602539,-0.6012619733810425,3.29631601497862e-15,12.34796142578125
A,3,10,only_T10,200,0.0,1.0,-4.979837417602539,-0.6012619733810425,1.6341107308520924e-15,12.34796142578125
A,3,10,only_T100,200,0.004999999888241291,0.9699999690055847,-4.4180097579956055,-0.6743398904800415,2.03531594365082,12.34796142578125
A,3,10,only_lin,200,0.0,1.0,-4.792837619781494,-0.562736451625824,1.076352502283971,12.34796142578125
A,3,10,random_orth,200,0.0,0.9749999642372131,-4.972256183624268,-0.6042157411575317,2.357975089971359,12.34796142578125
A,3,10,real_diff_in_helix_subspace,200,0.029999999329447746,0.9249999523162842,-4.171992301940918,-0.6921941041946411,2.6604112839397986,12.34796142578125
A,3,10,full_swap,200,0.48499998450279236,0.23499999940395355,-1.738943099975586,-3.3975465297698975,9.09791374206543,12.34796142578125
A,4,10,helix,200,0.014999999664723873,0.9599999785423279,-4.277795791625977,-0.6311732530593872,2.7411261988394346,15.328376770019531
A,4,10,only_T2,200,0.0,1.0,-4.979837417602539,-0.6012619733810425,0.0,15.328376770019531
A,4,10,only_T5,200,0.0,1.0,-4.979837417602539,-0.6012619733810425,3.65334374089682e-15,15.328376770019531
A,4,10,only_T10,200,0.0,1.0,-4.979837417602539,-0.6012619733810425,1.797269114429752e-15,15.328376770019531
A,4,10,only_T100,200,0.004999999888241291,0.9749999642372131,-4.4597578048706055,-0.6533660888671875,2.3282464204174436,15.328376770019531
A,4,10,only_lin,200,0.0,1.0,-4.822169303894043,-0.5556310415267944,1.279099083693492,15.328376770019531
A,4,10,random_orth,200,0.0,0.98499995470047,-4.976240158081055,-0.6082150936126709,2.741126198839434,15.328376770019531
A,4,10,real_diff_in_helix_subspace,200,0.02499999850988388,0.9249999523162842,-4.226965427398682,-0.6703887581825256,3.123870177503382,15.328376770019531
A,4,10,full_swap,200,0.429999977350235,0.2800000011920929,-1.882689118385315,-3.13927960395813,10.29708480834961,15.328376770019531
A,5,10,helix,200,0.014999999664723873,0.9599999785423279,-4.316714763641357,-0.6255300641059875,3.174748006637133,18.381328582763672
A,5,10,only_T2,200,0.0,1.0,-4.979837417602539,-0.6012619733810425,0.0,18.381328582763672
A,5,10,only_T5,200,0.0,1.0,-4.979837417602539,-0.6012619733810425,4.380673757432476e-15,18.381328582763672
A,5,10,only_T10,200,0.0,1.0,-4.979837417602539,-0.6012619733810425,2.017093886155409e-15,18.381328582763672
A,5,10,only_T100,200,0.004999999888241291,0.9899999499320984,-4.484075546264648,-0.6532570719718933,2.691566086963627,18.381328582763672
A,5,10,only_lin,200,0.0,1.0,-4.832742691040039,-0.5566335916519165,1.475962158858911,18.381328582763672
A,5,10,random_orth,200,0.0,0.9799999594688416,-4.986705780029297,-0.6057896614074707,3.174748006637133,18.381328582763672
A,5,10,real_diff_in_helix_subspace,200,0.02499999850988388,0.9099999666213989,-4.273401260375977,-0.6821698546409607,3.7443237445863327,18.381328582763672
A,5,10,full_swap,200,0.4099999964237213,0.3050000071525574,-1.983758807182312,-3.020477533340454,11.853320121765137,18.381328582763672
A,6,10,helix,200,0.009999999776482582,0.9699999690055847,-4.384694576263428,-0.6082632541656494,3.597678308227975,21.36905288696289
A,6,10,only_T2,200,0.0,1.0,-4.979837417602539,-0.6012619733810425,0.0,21.36905288696289
A,6,10,only_T5,200,0.0,1.0,-4.979837417602539,-0.6012619733810425,5.071862720139341e-15,21.36905288696289
A,6,10,only_T10,200,0.0,1.0,-4.979837417602539,-0.6012619733810425,2.253659549890969e-15,21.36905288696289
A,6,10,only_T100,200,0.0,0.9950000047683716,-4.523273944854736,-0.6418233513832092,3.0396797881907913,21.36905288696289
A,6,10,only_lin,200,0.0,1.0,-4.860167503356934,-0.5551550984382629,1.654546845001146,21.36905288696289
A,6,10,random_orth,200,0.0,0.9749999642372131,-4.990223407745361,-0.6085681319236755,3.597678308227974,21.36905288696289
A,6,10,real_diff_in_helix_subspace,200,0.014999999664723873,0.9049999713897705,-4.355534076690674,-0.6859176754951477,4.430418565488526,21.36905288696289
A,6,10,full_swap,200,0.38499999046325684,0.3199999928474426,-2.0679283142089844,-2.894362688064575,13.178523063659668,21.36905288696289
A,7,10,helix,200,0.004999999888241291,0.9649999737739563,-4.409746170043945,-0.6095418930053711,3.883589858649957,23.297679901123047
A,7,10,only_T2,200,0.0,1.0,-4.979837417602539,-0.6012619733810425,0.0,23.297679901123047
A,7,10,only_T5,200,0.0,1.0,-4.979837417602539,-0.6012619733810425,5.485426845765851e-15,23.297679901123047
A,7,10,only_T10,200,0.0,1.0,-4.979837417602539,-0.6012619733810425,2.4079440898490872e-15,23.297679901123047
A,7,10,only_T100,200,0.0,1.0,-4.536014080047607,-0.6326655149459839,3.263017792170351,23.297679901123047
A,7,10,only_lin,200,0.0,1.0,-4.8713836669921875,-0.5626596212387085,1.8106296674232036,23.297679901123047
A,7,10,random_orth,200,0.0,0.98499995470047,-4.966074466705322,-0.5961902141571045,3.883589858649957,23.297679901123047
A,7,10,real_diff_in_helix_subspace,200,0.004999999888241291,0.9199999570846558,-4.39280366897583,-0.6917539834976196,4.875252906355327,23.297679901123047
A,7,10,full_swap,200,0.375,0.3649999797344208,-2.1339099407196045,-2.7795019149780273,14.181329727172852,23.297679901123047
A,8,10,helix,200,0.004999999888241291,0.9799999594688416,-4.41556978225708,-0.6063551306724548,4.071632546925854,25.717723846435547
A,8,10,only_T2,200,0.0,1.0,-4.979837417602539,-0.6012619733810425,0.0,25.717723846435547
A,8,10,only_T5,200,0.0,1.0,-4.979837417602539,-0.6012619733810425,5.831500373980908e-15,25.717723846435547
A,8,10,only_T10,200,0.0,1.0,-4.979837417602539,-0.6012619733810425,2.5467527023056157e-15,25.717723846435547
A,8,10,only_T100,200,0.0,0.9950000047683716,-4.542470455169678,-0.6275429129600525,3.4136995216890718,25.717723846435547
A,8,10,only_lin,200,0.0,1.0,-4.872043132781982,-0.562653660774231,1.9115799054130533,25.717723846435547
A,8,10,random_orth,200,0.0,0.9749999642372131,-4.985110282897949,-0.6020014882087708,4.071632546925854,25.717723846435547
A,8,10,real_diff_in_helix_subspace,200,0.009999999776482582,0.8949999809265137,-4.411932945251465,-0.702907145023346,5.135059540744569,25.717723846435547
A,8,10,full_swap,200,0.375,0.375,-2.154045581817627,-2.740224838256836,14.881567001342773,25.717723846435547
A,9,10,helix,200,0.004999999888241291,0.9749999642372131,-4.41649055480957,-0.6053414344787598,4.441042697202753,28.610380172729492
A,9,10,only_T2,200,0.0,1.0,-4.979837417602539,-0.6012619733810425,0.0,28.610380172729492
A,9,10,only_T5,200,0.0,1.0,-4.979837417602539,-0.6012619733810425,6.344109661544836e-15,28.610380172729492
A,9,10,only_T10,200,0.0,1.0,-4.979837417602539,-0.6012619733810425,2.795498911523712e-15,28.610380172729492
A,9,10,only_T100,200,0.0,0.9899999499320984,-4.549253463745117,-0.6262062788009644,3.718599286788027,28.610380172729492
A,9,10,only_lin,200,0.0,1.0,-4.863163471221924,-0.5624122023582458,2.0755870792521645,28.610380172729492
A,9,10,random_orth,200,0.0,0.9799999594688416,-4.9840617179870605,-0.6131044030189514,4.441042697202753,28.610380172729492
A,9,10,real_diff_in_helix_subspace,200,0.009999999776482582,0.8949999809265137,-4.406923294067383,-0.7080500721931458,5.663884083180031,28.610380172729492
A,9,10,full_swap,200,0.375,0.3649999797344208,-2.1555349826812744,-2.738147497177124,16.154069900512695,28.610380172729492
A,10,10,helix,200,0.004999999888241291,0.9749999642372131,-4.408829689025879,-0.6063012480735779,4.845446502533247,31.057695388793945
A,10,10,only_T2,200,0.0,1.0,-4.979837417602539,-0.6012619733810425,0.0,31.057695388793945
A,10,10,only_T5,200,0.0,1.0,-4.979837417602539,-0.6012619733810425,6.986776931290169e-15,31.057695388793945
A,10,10,only_T10,200,0.0,1.0,-4.979837417602539,-0.6012619733810425,3.1142338927740406e-15,31.057695388793945
A,10,10,only_T100,200,0.0,0.9950000047683716,-4.545852184295654,-0.6281050443649292,4.039413091888107,31.057695388793945
A,10,10,only_lin,200,0.0,1.0,-4.859233379364014,-0.5598320364952087,2.2501723227143056,31.057695388793945
A,10,10,random_orth,200,0.0,0.9899999499320984,-4.982386589050293,-0.6144887208938599,4.845446502533248,31.057695388793945
A,10,10,real_diff_in_helix_subspace,200,0.009999999776482582,0.9199999570846558,-4.402429580688477,-0.7133412957191467,6.182543578315704,31.057695388793945
A,10,10,full_swap,200,0.375,0.35999998450279236,-2.154271125793457,-2.7267913818359375,17.776491165161133,31.057695388793945
A,11,10,helix,200,0.004999999888241291,0.9799999594688416,-4.452067852020264,-0.6032979488372803,5.311721124150231,33.983585357666016
A,11,10,only_T2,200,0.0,1.0,-4.979837417602539,-0.6012619733810425,0.0,33.983585357666016
A,11,10,only_T5,200,0.0,1.0,-4.979837417602539,-0.6012619733810425,7.837083752719293e-15,33.983585357666016
A,11,10,only_T10,200,0.0,1.0,-4.979837417602539,-0.6012619733810425,3.4908123366972417e-15,33.983585357666016
A,11,10,only_T100,200,0.0,0.9950000047683716,-4.578912258148193,-0.6264925003051758,4.403165406468071,33.983585357666016
A,11,10,only_lin,200,0.0,1.0,-4.869479656219482,-0.5643638968467712,2.48069171311564,33.983585357666016
A,11,10,random_orth,200,0.0,0.98499995470047,-4.970507621765137,-0.6213250160217285,5.311721124150231,33.983585357666016
A,11,10,real_diff_in_helix_subspace,200,0.009999999776482582,0.9249999523162842,-4.438027381896973,-0.6927228569984436,6.80899455566291,33.983585357666016
A,11,10,full_swap,200,0.3400000035762787,0.38999998569488525,-2.1967813968658447,-2.6411235332489014,19.560508728027344,33.983585357666016
A,12,10,helix,200,0.004999999888241291,0.9799999594688416,-4.443553447723389,-0.6059300899505615,5.86385360762158,37.439552307128906
A,12,10,only_T2,200,0.0,1.0,-4.979837417602539,-0.6012619733810425,0.0,37.439552307128906
A,12,10,only_T5,200,0.0,1.0,-4.979837417602539,-0.6012619733810425,8.796960244037505e-15,37.439552307128906
A,12,10,only_T10,200,0.0,1.0,-4.979837417602539,-0.6012619733810425,4.0080993864298205e-15,37.439552307128906
A,12,10,only_T100,200,0.0,0.9899999499320984,-4.573599815368652,-0.6282933950424194,4.858517098359665,37.439552307128906
A,12,10,only_lin,200,0.0,1.0,-4.86517858505249,-0.56458580493927,2.7362647620749647,37.439552307128906
A,12,10,random_orth,200,0.0,0.9649999737739563,-4.987582683563232,-0.6234163045883179,5.86385360762158,37.439552307128906
A,12,10,real_diff_in_helix_subspace,200,0.009999999776482582,0.9300000071525574,-4.4307074546813965,-0.6952446103096008,7.512368000683549,37.439552307128906
A,12,10,full_swap,200,0.3349999785423279,0.39499998092651367,-2.208117723464966,-2.6307201385498047,21.844310760498047,37.439552307128906
A,13,10,helix,200,0.0,0.9950000047683716,-4.57249641418457,-0.6017268896102905,6.61329418090351,41.21458053588867
A,13,10,only_T2,200,0.0,1.0,-4.979837417602539,-0.6012619733810425,0.0,41.21458053588867
A,13,10,only_T5,200,0.0,1.0,-4.979837417602539,-0.6012619733810425,9.7386629947242e-15,41.21458053588867
A,13,10,only_T10,200,0.0,1.0,-4.979837417602539,-0.6012619733810425,4.476559984573283e-15,41.21458053588867
A,13,10,only_T100,200,0.0,0.9899999499320984,-4.680911064147949,-0.6122443675994873,5.435616154019724,41.21458053588867
A,13,10,only_lin,200,0.0,1.0,-4.886463642120361,-0.5849384665489197,3.103399023804051,41.21458053588867
A,13,10,random_orth,200,0.0,0.98499995470047,-4.988701820373535,-0.6186050176620483,6.613294180903511,41.21458053588867
A,13,10,real_diff_in_helix_subspace,200,0.0,0.9300000071525574,-4.562214374542236,-0.6595298051834106,8.632754519829298,41.21458053588867
A,13,10,full_swap,200,0.26999998092651367,0.5099999904632568,-2.621283769607544,-1.9319566488265991,24.705772399902344,41.21458053588867
A,14,10,helix,200,0.0,1.0,-4.714763164520264,-0.5703901648521423,7.394742369789563,45.01963424682617
A,14,10,only_T2,200,0.0,1.0,-4.979837417602539,-0.6012619733810425,0.0,45.01963424682617
A,14,10,only_T5,200,0.0,1.0,-4.979837417602539,-0.6012619733810425,1.0735667619349534e-14,45.01963424682617
A,14,10,only_T10,200,0.0,1.0,-4.979837417602539,-0.6012619733810425,4.9069350316565836e-15,45.01963424682617
A,14,10,only_T100,200,0.0,1.0,-4.781965732574463,-0.5932472348213196,6.048256937772536,45.01963424682617
A,14,10,only_lin,200,0.0,1.0,-4.923307418823242,-0.5770366787910461,3.476560221572542,45.01963424682617
A,14,10,random_orth,200,0.0,1.0,-4.9823174476623535,-0.6000171899795532,7.394742369789563,45.01963424682617
A,14,10,real_diff_in_helix_subspace,200,0.0,0.98499995470047,-4.708474159240723,-0.5891181230545044,9.773377374252519,45.01963424682617
A,14,10,full_swap,200,0.14499999582767487,0.699999988079071,-3.207650661468506,-1.2843115329742432,27.472728729248047,45.01963424682617
A,15,10,helix,200,0.0,1.0,-4.713115692138672,-0.5721457004547119,8.312358507031185,50.20207977294922
A,15,10,only_T2,200,0.0,1.0,-4.979837417602539,-0.6012619733810425,0.0,50.20207977294922
A,15,10,only_T5,200,0.0,1.0,-4.979837417602539,-0.6012619733810425,1.1828874601761646e-14,50.20207977294922
A,15,10,only_T10,200,0.0,1.0,-4.979837417602539,-0.6012619733810425,5.33555972052133e-15,50.20207977294922
A,15,10,only_T100,200,0.0,0.9950000047683716,-4.784996509552002,-0.5952972769737244,6.847889588067731,50.20207977294922
A,15,10,only_lin,200,0.0,1.0,-4.922131061553955,-0.5763503909111023,3.8091069923808827,50.20207977294922
A,15,10,random_orth,200,0.0,1.0,-4.976827144622803,-0.6031122207641602,8.312358507031185,50.20207977294922
A,15,10,real_diff_in_helix_subspace,200,0.0,0.9799999594688416,-4.703903675079346,-0.592215895652771,11.062064231271506,50.20207977294922
A,15,10,full_swap,200,0.14499999582767487,0.699999988079071,-3.2108583450317383,-1.2792155742645264,30.276262283325195,50.20207977294922
A,16,10,helix,200,0.0,1.0,-4.733697414398193,-0.5727893710136414,9.54252518767298,54.949153900146484
A,16,10,only_T2,200,0.0,1.0,-4.979837417602539,-0.6012619733810425,0.0,54.949153900146484
A,16,10,only_T5,200,0.0,1.0,-4.979837417602539,-0.6012619733810425,1.3146438779639276e-14,54.949153900146484
A,16,10,only_T10,200,0.0,1.0,-4.979837417602539,-0.6012619733810425,6.008872200392792e-15,54.949153900146484
A,16,10,only_T100,200,0.0,1.0,-4.800520420074463,-0.5914089679718018,7.832033288698677,54.949153900146484
A,16,10,only_lin,200,0.0,1.0,-4.928251266479492,-0.5816162824630737,4.358677858174335,54.949153900146484
A,16,10,random_orth,200,0.0,0.98499995470047,-4.977585792541504,-0.6048418283462524,9.542525187672982,54.949153900146484
A,16,10,real_diff_in_helix_subspace,200,0.0,0.9749999642372131,-4.724413871765137,-0.5904732942581177,12.703900686305158,54.949153900146484
A,16,10,full_swap,200,0.12999999523162842,0.7400000095367432,-3.3283097743988037,-1.145794153213501,34.67033386230469,54.949153900146484
A,17,10,helix,200,0.0,1.0,-4.7813005447387695,-0.5762882232666016,10.717995863675421,60.05183029174805
A,17,10,only_T2,200,0.0,1.0,-4.979837417602539,-0.6012619733810425,0.0,60.05183029174805
A,17,10,only_T5,200,0.0,1.0,-4.979837417602539,-0.6012619733810425,1.44621853502886e-14,60.05183029174805
A,17,10,only_T10,200,0.0,1.0,-4.979837417602539,-0.6012619733810425,6.6054711966777e-15,60.05183029174805
A,17,10,only_T100,200,0.0,1.0,-4.8374457359313965,-0.5901533961296082,8.772432030329693,60.05183029174805
A,17,10,only_lin,200,0.0,1.0,-4.935565948486328,-0.5852365493774414,4.888839272512499,60.05183029174805
A,17,10,random_orth,200,0.0,0.9950000047683716,-4.984036445617676,-0.6029152274131775,10.717995863675421,60.05183029174805
A,17,10,real_diff_in_helix_subspace,200,0.0,0.9799999594688416,-4.777245998382568,-0.5897056460380554,14.43215265346323,60.05183029174805
A,17,10,full_swap,200,0.07000000029802322,0.8199999928474426,-3.6093661785125732,-0.8853012919425964,38.538658142089844,60.05183029174805
A,18,10,helix,200,0.0,1.0,-4.908398151397705,-0.5925676226615906,11.657596583972555,65.468994140625
A,18,10,only_T2,200,0.0,1.0,-4.979837417602539,-0.6012619733810425,0.0,65.468994140625
A,18,10,only_T5,200,0.0,1.0,-4.979837417602539,-0.6012619733810425,1.5531357028023917e-14,65.468994140625
A,18,10,only_T10,200,0.0,1.0,-4.979837417602539,-0.6012619733810425,7.066771120272769e-15,65.468994140625
A,18,10,only_T100,200,0.0,0.9950000047683716,-4.92724609375,-0.5997026562690735,9.528921429183415,65.468994140625
A,18,10,only_lin,200,0.0,1.0,-4.9696879386901855,-0.5945109128952026,5.30210669921928,65.468994140625
A,18,10,random_orth,200,0.0,1.0,-4.984024524688721,-0.6005243062973022,11.657596583972555,65.468994140625
A,18,10,real_diff_in_helix_subspace,200,0.0,0.9950000047683716,-4.910472393035889,-0.5954546332359314,15.93371204940915,65.468994140625
A,18,10,full_swap,200,0.004999999888241291,0.9199999570846558,-4.324367523193359,-0.6551024317741394,41.60124588012695,65.468994140625
A,19,10,helix,200,0.0,1.0,-4.946290493011475,-0.6000106930732727,12.345523136676368,69.16557312011719
A,19,10,only_T2,200,0.0,1.0,-4.979837417602539,-0.6012619733810425,0.0,69.16557312011719
A,19,10,only_T5,200,0.0,1.0,-4.979837417602539,-0.6012619733810425,1.6271651935951486e-14,69.16557312011719
A,19,10,only_T10,200,0.0,1.0,-4.979837417602539,-0.6012619733810425,7.440557091803125e-15,69.16557312011719
A,19,10,only_T100,200,0.0,0.9950000047683716,-4.962558746337891,-0.6004781126976013,10.064160969700083,69.16557312011719
A,19,10,only_lin,200,0.0,1.0,-4.970883846282959,-0.6005672216415405,5.636665292801361,69.16557312011719
A,19,10,random_orth,200,0.0,1.0,-4.982290744781494,-0.6015270948410034,12.345523136676368,69.16557312011719
A,19,10,real_diff_in_helix_subspace,200,0.0,0.9950000047683716,-4.945656776428223,-0.6040729284286499,16.952776586541336,69.16557312011719
A,19,10,full_swap,200,0.0,0.9649999737739563,-4.699282646179199,-0.621188223361969,43.99934387207031,69.16557312011719
A,20,10,helix,200,0.0,1.0,-4.948127746582031,-0.5994824171066284,13.13731210185491,73.63282012939453
A,20,10,only_T2,200,0.0,1.0,-4.979837417602539,-0.6012619733810425,0.0,73.63282012939453
A,20,10,only_T5,200,0.0,1.0,-4.979837417602539,-0.6012619733810425,1.706931495182289e-14,73.63282012939453
A,20,10,only_T10,200,0.0,1.0,-4.979837417602539,-0.6012619733810425,7.804515196528637e-15,73.63282012939453
A,20,10,only_T100,200,0.0,0.9950000047683716,-4.9619951248168945,-0.5997999906539917,10.651102200944257,73.63282012939453
A,20,10,only_lin,200,0.0,1.0,-4.972888946533203,-0.6009212136268616,6.039367112680501,73.63282012939453
A,20,10,random_orth,200,0.0,0.9950000047683716,-4.981297969818115,-0.602023720741272,13.137312101854912,73.63282012939453
A,20,10,real_diff_in_helix_subspace,200,0.0,0.9950000047683716,-4.949360370635986,-0.604240894317627,18.199775413808744,73.63282012939453
A,20,10,full_swap,200,0.0,0.9649999737739563,-4.713133811950684,-0.6200951337814331,46.7295036315918,73.63282012939453
A,21,10,helix,200,0.0,1.0,-4.974630832672119,-0.601141631603241,13.831440027076933,77.076171875
A,21,10,only_T2,200,0.0,1.0,-4.979837417602539,-0.6012619733810425,0.0,77.076171875
A,21,10,only_T5,200,0.0,1.0,-4.979837417602539,-0.6012619733810425,1.7757452806776034e-14,77.076171875
A,21,10,only_T10,200,0.0,1.0,-4.979837417602539,-0.6012619733810425,8.137800935833488e-15,77.076171875
A,21,10,only_T100,200,0.0,1.0,-4.9792585372924805,-0.6008707284927368,11.185106618696079,77.076171875
A,21,10,only_lin,200,0.0,1.0,-4.978759765625,-0.6020525097846985,6.3669102719660415,77.076171875
A,21,10,random_orth,200,0.0,1.0,-4.982600688934326,-0.6014707684516907,13.831440027076933,77.076171875
A,21,10,real_diff_in_helix_subspace,200,0.0,1.0,-4.97430419921875,-0.6011269092559814,19.30878672234046,77.076171875
A,21,10,full_swap,200,0.0,0.9749999642372131,-4.949423313140869,-0.6042009592056274,48.97804641723633,77.076171875
A,22,10,helix,200,0.0,1.0,-4.973097324371338,-0.6017146706581116,14.562413858338159,81.40147399902344
A,22,10,only_T2,200,0.0,1.0,-4.979837417602539,-0.6012619733810425,0.0,81.40147399902344
A,22,10,only_T5,200,0.0,1.0,-4.979837417602539,-0.6012619733810425,1.8646380308582522e-14,81.40147399902344
A,22,10,only_T10,200,0.0,1.0,-4.979837417602539,-0.6012619733810425,8.466476157118716e-15,81.40147399902344
A,22,10,only_T100,200,0.0,1.0,-4.978377342224121,-0.6006567478179932,11.773097834798355,81.40147399902344
A,22,10,only_lin,200,0.0,1.0,-4.979467868804932,-0.6024134755134583,6.720053465628982,81.40147399902344
A,22,10,random_orth,200,0.0,1.0,-4.98192024230957,-0.6003605723381042,14.562413858338159,81.40147399902344
A,22,10,real_diff_in_helix_subspace,200,0.0,1.0,-4.975069522857666,-0.6005450487136841,20.44677274121421,81.40147399902344
A,22,10,full_swap,200,0.0,0.9749999642372131,-4.9572553634643555,-0.6047573089599609,51.359981536865234,81.40147399902344
A,23,10,helix,200,0.0,1.0,-4.979474067687988,-0.601599395275116,15.048421732257378,85.61367797851562
A,23,10,only_T2,200,0.0,1.0,-4.979837417602539,-0.6012619733810425,0.0,85.61367797851562
A,23,10,only_T5,200,0.0,1.0,-4.979837417602539,-0.6012619733810425,1.9287399371415054e-14,85.61367797851562
A,23,10,only_T10,200,0.0,1.0,-4.979837417602539,-0.6012619733810425,8.767594378601586e-15,85.61367797851562
A,23,10,only_T100,200,0.0,1.0,-4.982712745666504,-0.600841760635376,12.151101745982295,85.61367797851562
A,23,10,only_lin,200,0.0,1.0,-4.981425762176514,-0.6013954281806946,6.964595856474084,85.61367797851562
A,23,10,random_orth,200,0.0,1.0,-4.9817705154418945,-0.6002563238143921,15.048421732257378,85.61367797851562
A,23,10,real_diff_in_helix_subspace,200,0.0,1.0,-4.980293273925781,-0.6009119153022766,21.330251275968585,85.61367797851562
A,23,10,full_swap,200,0.0,0.9749999642372131,-4.997386455535889,-0.6058546900749207,53.180049896240234,85.61367797851562
A,24,10,helix,200,0.0,1.0,-4.966422080993652,-0.5996764898300171,15.387978258062885,89.18836212158203
A,24,10,only_T2,200,0.0,1.0,-4.979837417602539,-0.6012619733810425,0.0,89.18836212158203
A,24,10,only_T5,200,0.0,1.0,-4.979837417602539,-0.6012619733810425,1.9849028678360226e-14,89.18836212158203
A,24,10,only_T10,200,0.0,1.0,-4.979837417602539,-0.6012619733810425,8.942928016676839e-15,89.18836212158203
A,24,10,only_T100,200,0.0,1.0,-4.97382116317749,-0.5998497009277344,12.392360035192837,89.18836212158203
A,24,10,only_lin,200,0.0,1.0,-4.97299861907959,-0.6003142595291138,7.156352098506525,89.18836212158203
A,24,10,random_orth,200,0.0,1.0,-4.980771541595459,-0.6003011465072632,15.387978258062885,89.18836212158203
A,24,10,real_diff_in_helix_subspace,200,0.0,1.0,-4.961716651916504,-0.5988883376121521,21.992870859170615,89.18836212158203
A,24,10,full_swap,200,0.0,0.9950000047683716,-4.936279773712158,-0.5956644415855408,54.5358772277832,89.18836212158203
A,25,10,helix,200,0.0,1.0,-4.967052459716797,-0.5991533398628235,15.880566972598956,93.86868286132812
A,25,10,only_T2,200,0.0,1.0,-4.979837417602539,-0.6012619733810425,0.0,93.86868286132812
A,25,10,only_T5,200,0.0,1.0,-4.979837417602539,-0.6012619733810425,2.035922381373466e-14,93.86868286132812
A,25,10,only_T10,200,0.0,1.0,-4.979837417602539,-0.6012619733810425,9.167467053864835e-15,93.86868286132812
A,25,10,only_T100,200,0.0,1.0,-4.974282264709473,-0.5997322201728821,12.769929404297264,93.86868286132812
A,25,10,only_lin,200,0.0,1.0,-4.971551895141602,-0.6004678010940552,7.384708786309996,93.86868286132812
A,25,10,random_orth,200,0.0,1.0,-4.981042861938477,-0.6005478501319885,15.880566972598956,93.86868286132812
A,25,10,real_diff_in_helix_subspace,200,0.0,1.0,-4.962588310241699,-0.5984991788864136,23.19784922112409,93.86868286132812
A,25,10,full_swap,200,0.0,0.9899999499320984,-4.9396491050720215,-0.595637321472168,56.30084991455078,93.86868286132812
A,26,10,helix,200,0.0,1.0,-4.967315673828125,-0.5995510220527649,16.199296121779945,102.066650390625
A,26,10,only_T2,200,0.0,1.0,-4.979837417602539,-0.6012619733810425,0.0,102.066650390625
A,26,10,only_T5,200,0.0,1.0,-4.979837417602539,-0.6012619733810425,2.0667557163254452e-14,102.066650390625
A,26,10,only_T10,200,0.0,1.0,-4.979837417602539,-0.6012619733810425,9.357771117695795e-15,102.066650390625
A,26,10,only_T100,200,0.0,1.0,-4.974953651428223,-0.5994597673416138,13.021781422175714,102.066650390625
A,26,10,only_lin,200,0.0,1.0,-4.971606254577637,-0.6008773446083069,7.528984526744539,102.066650390625
A,26,10,random_orth,200,0.0,1.0,-4.981661796569824,-0.6010565161705017,16.199296121779945,102.066650390625
A,26,10,real_diff_in_helix_subspace,200,0.0,1.0,-4.961881160736084,-0.5990157127380371,23.978698123376713,102.066650390625
A,26,10,full_swap,200,0.0,0.9950000047683716,-4.939758777618408,-0.5953976511955261,57.57144546508789,102.066650390625
A,27,10,helix,200,0.0,1.0,-4.982169151306152,-0.6019664406776428,16.51183055008609,110.94165802001953
A,27,10,only_T2,200,0.0,1.0,-4.979837417602539,-0.6012619733810425,0.0,110.94165802001953
A,27,10,only_T5,200,0.0,1.0,-4.979837417602539,-0.6012619733810425,2.0959306009136197e-14,110.94165802001953
A,27,10,only_T10,200,0.0,1.0,-4.979837417602539,-0.6012619733810425,9.479729935536555e-15,110.94165802001953
A,27,10,only_T100,200,0.0,1.0,-4.98042631149292,-0.6014938950538635,13.278132704729087,110.94165802001953
A,27,10,only_lin,200,0.0,1.0,-4.981570720672607,-0.60111004114151,7.650907931321243,110.94165802001953
A,27,10,random_orth,200,0.0,1.0,-4.981077671051025,-0.6006950736045837,16.51183055008609,110.94165802001953
A,27,10,real_diff_in_helix_subspace,200,0.0,1.0,-4.9816484451293945,-0.6021727323532104,24.713189710481046,110.94165802001953
A,27,10,full_swap,200,0.0,1.0,-4.975595951080322,-0.6020439863204956,58.69233322143555,110.94165802001953
A,28,10,helix,200,0.0,1.0,-4.98067569732666,-0.6018959879875183,16.913833232775396,121.79205322265625
A,28,10,only_T2,200,0.0,1.0,-4.979837417602539,-0.6012619733810425,0.0,121.79205322265625
A,28,10,only_T5,200,0.0,1.0,-4.979837417602539,-0.6012619733810425,2.140036748179674e-14,121.79205322265625
A,28,10,only_T10,200,0.0,1.0,-4.979837417602539,-0.6012619733810425,9.658408474502702e-15,121.79205322265625
A,28,10,only_T100,200,0.0,1.0,-4.980363845825195,-0.6014012694358826,13.65191150050895,121.79205322265625
A,28,10,only_lin,200,0.0,1.0,-4.980395317077637,-0.6015475988388062,7.745047981321221,121.79205322265625
A,28,10,random_orth,200,0.0,1.0,-4.980368137359619,-0.6007362008094788,16.913833232775396,121.79205322265625
A,28,10,real_diff_in_helix_subspace,200,0.0,1.0,-4.980220317840576,-0.6024430990219116,25.71370038095928,121.79205322265625
A,28,10,full_swap,200,0.0,1.0,-4.975143909454346,-0.602555513381958,59.92742156982422,121.79205322265625
A,29,10,helix,200,0.0,1.0,-4.980961322784424,-0.6010958552360535,17.455739985377246,137.11883544921875
A,29,10,only_T2,200,0.0,1.0,-4.979837417602539,-0.6012619733810425,0.0,137.11883544921875
A,29,10,only_T5,200,0.0,1.0,-4.979837417602539,-0.6012619733810425,2.1951080345685158e-14,137.11883544921875
A,29,10,only_T10,200,0.0,1.0,-4.979837417602539,-0.6012619733810425,9.825384837865608e-15,137.11883544921875
A,29,10,only_T100,200,0.0,1.0,-4.981060028076172,-0.6010966897010803,14.121377718731432,137.11883544921875
A,29,10,only_lin,200,0.0,1.0,-4.980746269226074,-0.6014482378959656,7.912857075477947,137.11883544921875
A,29,10,random_orth,200,0.0,1.0,-4.97866153717041,-0.6011338829994202,17.455739985377246,137.11883544921875
A,29,10,real_diff_in_helix_subspace,200,0.0,1.0,-4.978928089141846,-0.6012367010116577,26.98925030245643,137.11883544921875
A,29,10,full_swap,200,0.0,1.0,-4.980073928833008,-0.601126492023468,61.430660247802734,137.11883544921875
A,30,10,helix,200,0.0,1.0,-4.980754375457764,-0.601222038269043,18.077042638816668,160.83273315429688
A,30,10,only_T2,200,0.0,1.0,-4.979837417602539,-0.6012619733810425,0.0,160.83273315429688
A,30,10,only_T5,200,0.0,1.0,-4.979837417602539,-0.6012619733810425,2.2568004856094165e-14,160.83273315429688
A,30,10,only_T10,200,0.0,1.0,-4.979837417602539,-0.6012619733810425,1.0095721706178207e-14,160.83273315429688
A,30,10,only_T100,200,0.0,1.0,-4.979991436004639,-0.601119875907898,14.641071746392342,160.83273315429688
A,30,10,only_lin,200,0.0,1.0,-4.980318546295166,-0.6011284589767456,8.12612379439912,160.83273315429688
A,30,10,random_orth,200,0.0,1.0,-4.980381488800049,-0.6008614897727966,18.077042638816668,160.83273315429688
A,30,10,real_diff_in_helix_subspace,200,0.0,1.0,-4.979781150817871,-0.6014987230300903,28.509573615961315,160.83273315429688
A,30,10,full_swap,200,0.0,1.0,-4.979686737060547,-0.6012208461761475,63.1918830871582,160.83273315429688
A,31,10,helix,200,0.0,1.0,-4.979837417602539,-0.6012619733810425,18.768163953268125,190.43191528320312
A,31,10,only_T2,200,0.0,1.0,-4.979837417602539,-0.6012619733810425,0.0,190.43191528320312
A,31,10,only_T5,200,0.0,1.0,-4.979837417602539,-0.6012619733810425,2.301799952205071e-14,190.43191528320312
A,31,10,only_T10,200,0.0,1.0,-4.979837417602539,-0.6012619733810425,1.0286244370575381e-14,190.43191528320312
A,31,10,only_T100,200,0.0,1.0,-4.979837417602539,-0.6012619733810425,15.196482315391869,190.43191528320312
A,31,10,only_lin,200,0.0,1.0,-4.979837417602539,-0.6012619733810425,8.340055077553762,190.43191528320312
A,31,10,random_orth,200,0.0,1.0,-4.979837417602539,-0.6012619733810425,18.768163953268125,190.43191528320312
A,31,10,real_diff_in_helix_subspace,200,0.0,1.0,-4.979837417602539,-0.6012619733810425,30.17914686870255,190.43191528320312
A,31,10,full_swap,200,0.0,1.0,-4.979837417602539,-0.6012619733810425,65.1244888305664,190.43191528320312
A,0,20,helix,200,0.03999999910593033,0.6949999928474426,-4.697389602661133,-1.2530900239944458,2.536884288121301,6.918555736541748
A,0,20,only_T2,200,0.0,1.0,-6.987067699432373,-0.6337934732437134,0.0,6.918555736541748
A,0,20,only_T5,200,0.0,1.0,-6.987067699432373,-0.6337934732437134,3.288580856912909e-15,6.918555736541748
A,0,20,only_T10,200,0.0,1.0,-6.987067699432373,-0.6337934732437134,1.6311896915465372e-15,6.918555736541748
A,0,20,only_T100,200,0.009999999776482582,0.7699999809265137,-5.532681941986084,-0.9727434515953064,2.3615011747306704,6.918555736541748
A,0,20,only_lin,200,0.0,0.9199999570846558,-6.41252326965332,-0.6935997605323792,1.2361382640194034,6.918555736541748
A,0,20,random_orth,200,0.0,0.9399999976158142,-7.022615432739258,-0.610112726688385,2.536884288121301,6.918555736541748
A,0,20,real_diff_in_helix_subspace,200,0.019999999552965164,0.7249999642372131,-4.7300262451171875,-1.096710205078125,2.5228717188043435,6.918555736541748
A,0,20,full_swap,200,0.38999998569488525,0.10999999940395355,-2.167677402496338,-4.752464294433594,6.48898458480835,6.918555736541748
A,1,20,helix,200,0.029999999329447746,0.73499995470047,-4.749173641204834,-1.1643086671829224,2.865452690504079,7.405552387237549
A,1,20,only_T2,200,0.0,1.0,-6.987067699432373,-0.6337934732437134,0.0,7.405552387237549
A,1,20,only_T5,200,0.0,1.0,-6.987067699432373,-0.6337934732437134,3.5064733784256527e-15,7.405552387237549
A,1,20,only_T10,200,0.0,1.0,-6.987067699432373,-0.6337934732437134,1.750701827078772e-15,7.405552387237549
A,1,20,only_T100,200,0.009999999776482582,0.7799999713897705,-5.581451416015625,-1.0112403631210327,2.6244999259173767,7.405552387237549
A,1,20,only_lin,200,0.0,0.9249999523162842,-6.419379711151123,-0.6442574858665466,1.4723902180515478,7.405552387237549
A,1,20,random_orth,200,0.0,0.9799999594688416,-6.974557399749756,-0.6121805906295776,2.865452690504079,7.405552387237549
A,1,20,real_diff_in_helix_subspace,200,0.03500000014901161,0.7299999594688416,-4.6887030601501465,-1.110122561454773,2.9117984031993003,7.405552387237549
A,1,20,full_swap,200,0.3999999761581421,0.10499999672174454,-2.1357457637786865,-4.663188457489014,7.045836925506592,7.405552387237549
A,2,20,helix,200,0.014999999664723873,0.7799999713897705,-4.849789142608643,-1.0507266521453857,3.4734754291308394,9.864845275878906
A,2,20,only_T2,200,0.0,1.0,-6.987067699432373,-0.6337934732437134,0.0,9.864845275878906
A,2,20,only_T5,200,0.0,1.0,-6.987067699432373,-0.6337934732437134,4.099100632910631e-15,9.864845275878906
A,2,20,only_T10,200,0.0,1.0,-6.987067699432373,-0.6337934732437134,2.043211841078216e-15,9.864845275878906
A,2,20,only_T100,200,0.009999999776482582,0.7899999618530273,-5.651270389556885,-0.9838273525238037,3.1528498543611727,9.864845275878906
A,2,20,only_lin,200,0.0,0.9449999928474426,-6.468437194824219,-0.6009605526924133,1.8085091887471243,9.864845275878906
A,2,20,random_orth,200,0.0,0.9599999785423279,-6.952611923217773,-0.6202855706214905,3.47347542913084,9.864845275878906
A,2,20,real_diff_in_helix_subspace,200,0.02499999850988388,0.7599999904632568,-4.786713600158691,-1.0333744287490845,3.5782831735109877,9.864845275878906
A,2,20,full_swap,200,0.3799999952316284,0.11999999731779099,-2.2318341732025146,-4.462470531463623,8.161876678466797,9.864845275878906
A,3,20,helix,200,0.014999999664723873,0.7999999523162842,-4.859872817993164,-1.0185943841934204,4.2078817280908245,12.366177558898926
A,3,20,only_T2,200,0.0,1.0,-6.987067699432373,-0.6337934732437134,0.0,12.366177558898926
A,3,20,only_T5,200,0.0,1.0,-6.987067699432373,-0.6337934732437134,5.0044112565906664e-15,12.366177558898926
A,3,20,only_T10,200,0.0,1.0,-6.987067699432373,-0.6337934732437134,2.4395524833013252e-15,12.366177558898926
A,3,20,only_T100,200,0.009999999776482582,0.824999988079071,-5.587843894958496,-0.9415223598480225,3.816362834776714,12.366177558898926
A,3,20,only_lin,200,0.0,0.9350000023841858,-6.50917387008667,-0.5993040800094604,2.152705004567942,12.366177558898926
A,3,20,random_orth,200,0.0,0.9549999833106995,-6.943371295928955,-0.6326930522918701,4.207881728090825,12.366177558898926
A,3,20,real_diff_in_helix_subspace,200,0.029999999329447746,0.7699999809265137,-4.767541885375977,-1.023568034172058,4.379976433676409,12.366177558898926
A,3,20,full_swap,200,0.39499998092651367,0.13499999046325684,-2.311222553253174,-4.410564422607422,9.62780475616455,12.366177558898926
A,4,20,helix,200,0.014999999664723873,0.8399999737739563,-5.052578449249268,-0.9049325585365295,4.894241947969757,15.353708267211914
A,4,20,only_T2,200,0.0,1.0,-6.987067699432373,-0.6337934732437134,0.0,15.353708267211914
A,4,20,only_T5,200,0.0,1.0,-6.987067699432373,-0.6337934732437134,5.547346241832796e-15,15.353708267211914
A,4,20,only_T10,200,0.0,1.0,-6.987067699432373,-0.6337934732437134,2.68357656176892e-15,15.353708267211914
A,4,20,only_T100,200,0.004999999888241291,0.8449999690055847,-5.662634372711182,-0.8968038558959961,4.361435055951554,15.353708267211914
A,4,20,only_lin,200,0.0,0.949999988079071,-6.570916652679443,-0.57757169008255,2.558198167386984,15.353708267211914
A,4,20,random_orth,200,0.0,0.9549999833106995,-6.990752220153809,-0.6433053612709045,4.894241947969757,15.353708267211914
A,4,20,real_diff_in_helix_subspace,200,0.019999999552965164,0.8149999976158142,-4.9384684562683105,-0.9223939180374146,5.088665263257705,15.353708267211914
A,4,20,full_swap,200,0.3149999976158142,0.17000000178813934,-2.589329719543457,-4.100330829620361,10.910102844238281,15.353708267211914
A,5,20,helix,200,0.004999999888241291,0.8449999690055847,-5.181231498718262,-0.8792486190795898,5.685820584700383,18.386716842651367
A,5,20,only_T2,200,0.0,1.0,-6.987067699432373,-0.6337934732437134,0.0,18.386716842651367
A,5,20,only_T5,200,0.0,1.0,-6.987067699432373,-0.6337934732437134,6.698229695532392e-15,18.386716842651367
A,5,20,only_T10,200,0.0,1.0,-6.987067699432373,-0.6337934732437134,3.0164828346022918e-15,18.386716842651367
A,5,20,only_T100,200,0.004999999888241291,0.8449999690055847,-5.733874320983887,-0.8926239609718323,5.034614885544848,18.386716842651367
A,5,20,only_lin,200,0.0,0.9549999833106995,-6.6089019775390625,-0.5732169151306152,2.951924317717822,18.386716842651367
A,5,20,random_orth,200,0.0,0.9549999833106995,-6.957587242126465,-0.6695399284362793,5.685820584700383,18.386716842651367
A,5,20,real_diff_in_helix_subspace,200,0.014999999664723873,0.8349999785423279,-5.034903526306152,-0.9053758978843689,6.016284684457357,18.386716842651367
A,5,20,full_swap,200,0.28999999165534973,0.20499999821186066,-2.7534379959106445,-3.9066240787506104,12.62720012664795,18.386716842651367
A,6,20,helix,200,0.004999999888241291,0.8650000095367432,-5.361670017242432,-0.8195558786392212,6.451690344173929,21.353837966918945
A,6,20,only_T2,200,0.0,1.0,-6.987067699432373,-0.6337934732437134,0.0,21.353837966918945
A,6,20,only_T5,200,0.0,1.0,-6.987067699432373,-0.6337934732437134,7.828684636300667e-15,21.353837966918945
A,6,20,only_T10,200,0.0,1.0,-6.987067699432373,-0.6337934732437134,3.3592268476962253e-15,21.353837966918945
A,6,20,only_T100,200,0.0,0.8449999690055847,-5.818778991699219,-0.8531224727630615,5.68597021694421,21.353837966918945
A,6,20,only_lin,200,0.0,0.9599999785423279,-6.696384906768799,-0.5642351508140564,3.309093690002292,21.353837966918945
A,6,20,random_orth,200,0.0,0.9549999833106995,-6.960667610168457,-0.6425468325614929,6.451690344173929,21.353837966918945
A,6,20,real_diff_in_helix_subspace,200,0.004999999888241291,0.8349999785423279,-5.211198806762695,-0.861163854598999,6.964090919698392,21.353837966918945
A,6,20,full_swap,200,0.2800000011920929,0.26999998092651367,-2.9946324825286865,-3.680067300796509,14.13595962524414,21.353837966918945
A,7,20,helix,200,0.009999999776482582,0.8650000095367432,-5.44373893737793,-0.8057965040206909,6.952273733563414,23.26782989501953
A,7,20,only_T2,200,0.0,1.0,-6.987067699432373,-0.6337934732437134,0.0,23.26782989501953
A,7,20,only_T5,200,0.0,1.0,-6.987067699432373,-0.6337934732437134,8.48254180884249e-15,23.26782989501953
A,7,20,only_T10,200,0.0,1.0,-6.987067699432373,-0.6337934732437134,3.598970248627161e-15,23.26782989501953
A,7,20,only_T100,200,0.0,0.8650000095367432,-5.858365535736084,-0.8279879093170166,6.099647399908125,23.26782989501953
A,7,20,only_lin,200,0.0,0.9599999785423279,-6.708515644073486,-0.5766608119010925,3.6212593348464073,23.26782989501953
A,7,20,random_orth,200,0.0,0.9599999785423279,-7.016584396362305,-0.6785194873809814,6.952273733563414,23.26782989501953
A,7,20,real_diff_in_helix_subspace,200,0.004999999888241291,0.8449999690055847,-5.295595645904541,-0.853379487991333,7.573407160009003,23.26782989501953
A,7,20,full_swap,200,0.2800000011920929,0.25,-3.195411205291748,-3.5121099948883057,15.2691650390625,23.26782989501953
A,8,20,helix,200,0.014999999664723873,0.8650000095367432,-5.453606605529785,-0.8104194402694702,7.2907060265747194,25.693431854248047
A,8,20,only_T2,200,0.0,1.0,-6.987067699432373,-0.6337934732437134,0.0,25.693431854248047
A,8,20,only_T5,200,0.0,1.0,-6.987067699432373,-0.6337934732437134,9.027358326128038e-15,25.693431854248047
A,8,20,only_T10,200,0.0,1.0,-6.987067699432373,-0.6337934732437134,3.810992770179026e-15,25.693431854248047
A,8,20,only_T100,200,0.0,0.8549999594688416,-5.884556770324707,-0.8162254691123962,6.3786765006734045,25.693431854248047
A,8,20,only_lin,200,0.0,0.9599999785423279,-6.683592796325684,-0.5826007723808289,3.8231598108261067,25.693431854248047
A,8,20,random_orth,200,0.0,0.9350000023841858,-7.000617027282715,-0.6880534291267395,7.290706026574718,25.693431854248047
A,8,20,real_diff_in_helix_subspace,200,0.009999999776482582,0.8349999785423279,-5.316542148590088,-0.8651505708694458,7.934060821123831,25.693431854248047
A,8,20,full_swap,200,0.2750000059604645,0.26499998569488525,-3.2570202350616455,-3.4384007453918457,16.014354705810547,25.693431854248047
A,9,20,helix,200,0.014999999664723873,0.8499999642372131,-5.42913818359375,-0.8123080134391785,7.947862593947908,28.593677520751953
A,9,20,only_T2,200,0.0,1.0,-6.987067699432373,-0.6337934732437134,0.0,28.593677520751953
A,9,20,only_T5,200,0.0,1.0,-6.987067699432373,-0.6337934732437134,9.808174575835509e-15,28.593677520751953
A,9,20,only_T10,200,0.0,1.0,-6.987067699432373,-0.6337934732437134,4.174920871521251e-15,28.593677520751953
A,9,20,only_T100,200,0.0,0.8499999642372131,-5.875043869018555,-0.812761127948761,6.94499706411275,28.593677520751953
A,9,20,only_lin,200,0.0,0.9599999785423279,-6.671496391296387,-0.5829444527626038,4.151174158504329,28.593677520751953
A,9,20,random_orth,200,0.0,0.9549999833106995,-6.966629981994629,-0.6819578409194946,7.947862593947908,28.593677520751953
A,9,20,real_diff_in_helix_subspace,200,0.004999999888241291,0.824999988079071,-5.302455902099609,-0.8764237761497498,8.699349978940624,28.593677520751953
A,9,20,full_swap,200,0.26999998092651367,0.25999999046325684,-3.237924337387085,-3.440659761428833,17.451147079467773,28.593677520751953
A,10,20,helix,200,0.009999999776482582,0.8549999594688416,-5.396245002746582,-0.8143484592437744,8.673084640263802,31.029111862182617
A,10,20,only_T2,200,0.0,1.0,-6.987067699432373,-0.6337934732437134,0.0,31.029111862182617
A,10,20,only_T5,200,0.0,1.0,-6.987067699432373,-0.6337934732437134,1.0796665892468823e-14,31.029111862182617
A,10,20,only_T10,200,0.0,1.0,-6.987067699432373,-0.6337934732437134,4.662733071759799e-15,31.029111862182617
A,10,20,only_T100,200,0.0,0.85999995470047,-5.85744571685791,-0.8192071318626404,7.539973758088846,31.029111862182617
A,10,20,only_lin,200,0.0,0.9699999690055847,-6.661656856536865,-0.577485978603363,4.500344645428611,31.029111862182617
A,10,20,random_orth,200,0.0,0.949999988079071,-6.981746673583984,-0.677918016910553,8.673084640263802,31.029111862182617
A,10,20,real_diff_in_helix_subspace,200,0.009999999776482582,0.8050000071525574,-5.281290054321289,-0.8822129368782043,9.464762834271797,31.029111862182617
A,10,20,full_swap,200,0.2750000059604645,0.2549999952316284,-3.217006206512451,-3.43863582611084,19.112194061279297,31.029111862182617
A,11,20,helix,200,0.004999999888241291,0.8700000047683716,-5.498050212860107,-0.7766051292419434,9.496409833504476,33.94329071044922
A,11,20,only_T2,200,0.0,1.0,-6.987067699432373,-0.6337934732437134,0.0,33.94329071044922
A,11,20,only_T5,200,0.0,1.0,-6.987067699432373,-0.6337934732437134,1.2094391275452921e-14,33.94329071044922
A,11,20,only_T10,200,0.0,1.0,-6.987067699432373,-0.6337934732437134,5.215823243204963e-15,33.94329071044922
A,11,20,only_T100,200,0.0,0.85999995470047,-5.932175159454346,-0.7905369997024536,8.219340794216851,33.94329071044922
A,11,20,only_lin,200,0.0,0.9649999737739563,-6.66618013381958,-0.583012580871582,4.961383426231281,33.94329071044922
A,11,20,random_orth,200,0.0,0.9249999523162842,-6.970856666564941,-0.6845234036445618,9.496409833504474,33.94329071044922
A,11,20,real_diff_in_helix_subspace,200,0.009999999776482582,0.8349999785423279,-5.366776466369629,-0.847055196762085,10.385273187298292,33.94329071044922
A,11,20,full_swap,200,0.25999999046325684,0.3050000071525574,-3.3283562660217285,-3.273297071456909,20.9837646484375,33.94329071044922
A,12,20,helix,200,0.004999999888241291,0.8799999952316284,-5.46626091003418,-0.7765592932701111,10.472862930572893,37.41364288330078
A,12,20,only_T2,200,0.0,1.0,-6.987067699432373,-0.6337934732437134,0.0,37.41364288330078
A,12,20,only_T5,200,0.0,1.0,-6.987067699432373,-0.6337934732437134,1.35850064113612e-14,37.41364288330078
A,12,20,only_T10,200,0.0,1.0,-6.987067699432373,-0.6337934732437134,5.973676980723112e-15,37.41364288330078
A,12,20,only_T100,200,0.0,0.8700000047683716,-5.922830581665039,-0.794082522392273,9.069921298962765,37.41364288330078
A,12,20,only_lin,200,0.0,0.9699999690055847,-6.656590938568115,-0.5784850120544434,5.472529524149929,37.41364288330078
A,12,20,random_orth,200,0.0,0.9599999785423279,-6.971397399902344,-0.6935790181159973,10.472862930572893,37.41364288330078
A,12,20,real_diff_in_helix_subspace,200,0.009999999776482582,0.8299999833106995,-5.35911750793457,-0.8567696809768677,11.36581023001666,37.41364288330078
A,12,20,full_swap,200,0.25999999046325684,0.29999998211860657,-3.3270280361175537,-3.269340991973877,23.3444881439209,37.41364288330078
A,13,20,helix,200,0.004999999888241291,0.8949999809265137,-5.993564128875732,-0.7022488117218018,11.81446703964699,41.140419006347656
A,13,20,only_T2,200,0.0,1.0,-6.987067699432373,-0.6337934732437134,0.0,41.140419006347656
A,13,20,only_T5,200,0.0,1.0,-6.987067699432373,-0.6337934732437134,1.5035886028621215e-14,41.140419006347656
A,13,20,only_T10,200,0.0,1.0,-6.987067699432373,-0.6337934732437134,6.670066431863074e-15,41.140419006347656
A,13,20,only_T100,200,0.0,0.9249999523162842,-6.299412250518799,-0.7110267281532288,10.130138682198067,41.140419006347656
A,13,20,only_lin,200,0.0,0.9549999833106995,-6.734760761260986,-0.6221933960914612,6.206798047608102,41.140419006347656
A,13,20,random_orth,200,0.0,0.9699999690055847,-6.962804794311523,-0.6651315093040466,11.814467039646992,41.140419006347656
A,13,20,real_diff_in_helix_subspace,200,0.0,0.8999999761581421,-5.923771858215332,-0.740017831325531,12.951068063058214,41.140419006347656
A,13,20,full_swap,200,0.1599999964237213,0.41999998688697815,-4.2276835441589355,-2.187840461730957,26.26706314086914,41.140419006347656
A,14,20,helix,200,0.0,0.9799999594688416,-6.3064799308776855,-0.596314013004303,13.200287997252435,44.948360443115234
A,14,20,only_T2,200,0.0,1.0,-6.987067699432373,-0.6337934732437134,0.0,44.948360443115234
A,14,20,only_T5,200,0.0,1.0,-6.987067699432373,-0.6337934732437134,1.6600348926e-14,44.948360443115234
A,14,20,only_T10,200,0.0,1.0,-6.987067699432373,-0.6337934732437134,7.3136998111017e-15,44.948360443115234
A,14,20,only_T100,200,0.0,0.9549999833106995,-6.543452739715576,-0.6431562900543213,11.267321847801488,44.948360443115234
A,14,20,only_lin,200,0.0,0.9799999594688416,-6.798508167266846,-0.594674289226532,6.953120443145084,44.948360443115234
A,14,20,random_orth,200,0.0,1.0,-6.984090805053711,-0.6445274353027344,13.200287997252435,44.948360443115234
A,14,20,real_diff_in_helix_subspace,200,0.0,0.9799999594688416,-6.265773773193359,-0.6011161804199219,14.479543043044114,44.948360443115234
A,14,20,full_swap,200,0.12999999523162842,0.6649999618530273,-4.795444488525391,-1.3838173151016235,29.048145294189453,44.948360443115234
A,15,20,helix,200,0.0,0.98499995470047,-6.290534973144531,-0.5968902707099915,14.821982096913658,50.12843704223633
A,15,20,only_T2,200,0.0,1.0,-6.987067699432373,-0.6337934732437134,0.0,50.12843704223633
A,15,20,only_T5,200,0.0,1.0,-6.987067699432373,-0.6337934732437134,1.8337586979169376e-14,50.12843704223633
A,15,20,only_T10,200,0.0,1.0,-6.987067699432373,-0.6337934732437134,7.934826952808287e-15,50.12843704223633
A,15,20,only_T100,200,0.0,0.9549999833106995,-6.532376766204834,-0.6451213955879211,12.723658640510388,50.12843704223633
A,15,20,only_lin,200,0.0,0.9799999594688416,-6.794155120849609,-0.5947176814079285,7.618213984761765,50.12843704223633
A,15,20,random_orth,200,0.0,0.9950000047683716,-6.984811782836914,-0.6443929076194763,14.821982096913658,50.12843704223633
A,15,20,real_diff_in_helix_subspace,200,0.0,0.9799999594688416,-6.25161075592041,-0.604856550693512,16.370511922565232,50.12843704223633
A,15,20,full_swap,200,0.12999999523162842,0.6699999570846558,-4.796130657196045,-1.37591552734375,32.02704620361328,50.12843704223633
A,16,20,helix,200,0.0,0.9799999594688416,-6.324199199676514,-0.5962026119232178,17.113946591215186,54.860958099365234
A,16,20,only_T2,200,0.0,1.0,-6.987067699432373,-0.6337934732437134,0.0,54.860958099365234
A,16,20,only_T5,200,0.0,1.0,-6.987067699432373,-0.6337934732437134,2.0327532834310277e-14,54.860958099365234
A,16,20,only_T10,200,0.0,1.0,-6.987067699432373,-0.6337934732437134,8.935813678721233e-15,54.860958099365234
A,16,20,only_T100,200,0.0,0.9649999737739563,-6.5466179847717285,-0.6383081078529358,14.579489737172349,54.860958099365234
A,16,20,only_lin,200,0.0,0.9799999594688416,-6.8081278800964355,-0.5976018905639648,8.717355716348672,54.860958099365234
A,16,20,random_orth,200,0.0,0.9950000047683716,-6.969160079956055,-0.6391638517379761,17.113946591215186,54.860958099365234
A,16,20,real_diff_in_helix_subspace,200,0.0,0.9899999499320984,-6.279386043548584,-0.6091485023498535,19.042573766780745,54.860958099365234
A,16,20,full_swap,200,0.11999999731779099,0.6850000023841858,-4.888645648956299,-1.2559504508972168,36.54693603515625,54.860958099365234
A,17,20,helix,200,0.0,0.9950000047683716,-6.472388744354248,-0.5905409455299377,19.262708593166806,60.00751876831055
A,17,20,only_T2,200,0.0,1.0,-6.987067699432373,-0.6337934732437134,0.0,60.00751876831055
A,17,20,only_T5,200,0.0,1.0,-6.987067699432373,-0.6337934732437134,2.238137952910994e-14,60.00751876831055
A,17,20,only_T10,200,0.0,1.0,-6.987067699432373,-0.6337934732437134,9.831319900965927e-15,60.00751876831055
A,17,20,only_T100,200,0.0,0.9749999642372131,-6.669256210327148,-0.6231586933135986,16.33511364592121,60.00751876831055
A,17,20,only_lin,200,0.0,0.98499995470047,-6.834124565124512,-0.6029909253120422,9.777678545024997,60.00751876831055
A,17,20,random_orth,200,0.0,0.9950000047683716,-6.973543643951416,-0.650358259677887,19.262708593166806,60.00751876831055
A,17,20,real_diff_in_helix_subspace,200,0.0,0.9899999499320984,-6.441760063171387,-0.5987240076065063,21.48900904324094,60.00751876831055
A,17,20,full_swap,200,0.04999999701976776,0.8149999976158142,-5.277956962585449,-0.9005486965179443,40.634857177734375,60.00751876831055
A,18,20,helix,200,0.0,0.9899999499320984,-6.776777267456055,-0.6078615188598633,20.965213320075918,65.4289321899414
A,18,20,only_T2,200,0.0,1.0,-6.987067699432373,-0.6337934732437134,0.0,65.4289321899414
A,18,20,only_T5,200,0.0,1.0,-6.987067699432373,-0.6337934732437134,2.409062099308616e-14,65.4289321899414
A,18,20,only_T10,200,0.0,1.0,-6.987067699432373,-0.6337934732437134,1.0513234166384471e-14,65.4289321899414
A,18,20,only_T100,200,0.0,0.9899999499320984,-6.873086929321289,-0.6243014931678772,17.731590313130035,65.4289321899414
A,18,20,only_lin,200,0.0,0.98499995470047,-6.929109573364258,-0.6200941801071167,10.60421339843856,65.4289321899414
A,18,20,random_orth,200,0.0,1.0,-6.982814788818359,-0.633111298084259,20.965213320075918,65.4289321899414
A,18,20,real_diff_in_helix_subspace,200,0.0,1.0,-6.7743449211120605,-0.6085113286972046,23.408018967153456,65.4289321899414
A,18,20,full_swap,200,0.0,0.9599999785423279,-6.180854797363281,-0.6580506563186646,43.84653854370117,65.4289321899414
A,19,20,helix,200,0.0,0.9950000047683716,-6.869354248046875,-0.6262909770011902,22.20911143581411,69.1557388305664
A,19,20,only_T2,200,0.0,1.0,-6.987067699432373,-0.6337934732437134,0.0,69.1557388305664
A,19,20,only_T5,200,0.0,1.0,-6.987067699432373,-0.6337934732437134,2.5236338105396845e-14,69.1557388305664
A,19,20,only_T10,200,0.0,1.0,-6.987067699432373,-0.6337934732437134,1.1075527344853592e-14,69.1557388305664
A,19,20,only_T100,200,0.0,0.9899999499320984,-6.943301677703857,-0.6266405582427979,18.717801792913953,69.1557388305664
A,19,20,only_lin,200,0.0,0.9899999499320984,-6.928755760192871,-0.6356925964355469,11.273330585602721,69.1557388305664
A,19,20,random_orth,200,0.0,1.0,-6.986629962921143,-0.6367681622505188,22.20911143581411,69.1557388305664
A,19,20,real_diff_in_helix_subspace,200,0.0,0.9899999499320984,-6.869451522827148,-0.6296168565750122,24.82257934349853,69.1557388305664
A,19,20,full_swap,200,0.0,0.9749999642372131,-6.625510215759277,-0.6360843777656555,46.332881927490234,69.1557388305664
A,20,20,helix,200,0.0,0.9950000047683716,-6.875518798828125,-0.6268761157989502,23.653346110199404,73.62982177734375
A,20,20,only_T2,200,0.0,1.0,-6.987067699432373,-0.6337934732437134,0.0,73.62982177734375
A,20,20,only_T5,200,0.0,1.0,-6.987067699432373,-0.6337934732437134,2.6483276609082416e-14,73.62982177734375
A,20,20,only_T10,200,0.0,1.0,-6.987067699432373,-0.6337934732437134,1.1612532478959081e-14,73.62982177734375
A,20,20,only_T100,200,0.0,0.9950000047683716,-6.942800045013428,-0.6265145540237427,19.80058297024149,73.62982177734375
A,20,20,only_lin,200,0.0,0.98499995470047,-6.927652359008789,-0.6365015506744385,12.078734225361,73.62982177734375
A,20,20,random_orth,200,0.0,1.0,-6.989858150482178,-0.6349565982818604,23.6533461101994,73.62982177734375
A,20,20,real_diff_in_helix_subspace,200,0.0,0.9899999499320984,-6.867241859436035,-0.6307397484779358,26.3941160383283,73.62982177734375
A,20,20,full_swap,200,0.0,0.9649999737739563,-6.640627861022949,-0.6347732543945312,49.144012451171875,73.62982177734375
A,21,20,helix,200,0.0,1.0,-6.951064109802246,-0.6349304914474487,24.921914979422354,77.10987091064453
A,21,20,only_T2,200,0.0,1.0,-6.987067699432373,-0.6337934732437134,0.0,77.10987091064453
A,21,20,only_T5,200,0.0,1.0,-6.987067699432373,-0.6337934732437134,2.756599174542956e-14,77.10987091064453
A,21,20,only_T10,200,0.0,1.0,-6.987067699432373,-0.6337934732437134,1.2117664293421115e-14,77.10987091064453
A,21,20,only_T100,200,0.0,1.0,-6.9781341552734375,-0.632609486579895,20.78647107048429,77.10987091064453
A,21,20,only_lin,200,0.0,0.9899999499320984,-6.966864585876465,-0.6388000249862671,12.733820543932083,77.10987091064453
A,21,20,random_orth,200,0.0,1.0,-6.983649730682373,-0.6340893507003784,24.921914979422358,77.10987091064453
A,21,20,real_diff_in_helix_subspace,200,0.0,0.9950000047683716,-6.949069023132324,-0.6361789703369141,27.872013403230376,77.10987091064453
A,21,20,full_swap,200,0.0,0.98499995470047,-6.903683185577393,-0.6307401657104492,51.576271057128906,77.10987091064453
A,22,20,helix,200,0.0,1.0,-6.956467151641846,-0.6343851089477539,26.24839170180392,81.48960876464844
A,22,20,only_T2,200,0.0,1.0,-6.987067699432373,-0.6337934732437134,0.0,81.48960876464844
A,22,20,only_T5,200,0.0,1.0,-6.987067699432373,-0.6337934732437134,2.8972193839031933e-14,81.48960876464844
A,22,20,only_T10,200,0.0,1.0,-6.987067699432373,-0.6337934732437134,1.2632867043023865e-14,81.48960876464844
A,22,20,only_T100,200,0.0,1.0,-6.976460933685303,-0.6317232251167297,21.887706654599633,81.48960876464844
A,22,20,only_lin,200,0.0,0.9950000047683716,-6.9666290283203125,-0.6381863355636597,13.440106931257963,81.48960876464844
A,22,20,random_orth,200,0.0,1.0,-6.990895748138428,-0.6344859004020691,26.24839170180392,81.48960876464844
A,22,20,real_diff_in_helix_subspace,200,0.0,0.9950000047683716,-6.955546855926514,-0.6360318064689636,29.445508878904057,81.48960876464844
A,22,20,full_swap,200,0.0,0.9899999499320984,-6.910600662231445,-0.6320832967758179,54.077354431152344,81.48960876464844
A,23,20,helix,200,0.0,0.9950000047683716,-6.973882675170898,-0.635156512260437,27.121367873870046,85.70511627197266
A,23,20,only_T2,200,0.0,1.0,-6.987067699432373,-0.6337934732437134,0.0,85.70511627197266
A,23,20,only_T5,200,0.0,1.0,-6.987067699432373,-0.6337934732437134,2.9999492572179976e-14,85.70511627197266
A,23,20,only_T10,200,0.0,1.0,-6.987067699432373,-0.6337934732437134,1.3061121868581248e-14,85.70511627197266
A,23,20,only_T100,200,0.0,0.9950000047683716,-6.988883972167969,-0.6325303912162781,22.580634856926864,85.70511627197266
A,23,20,only_lin,200,0.0,0.9950000047683716,-6.980231761932373,-0.6360912919044495,13.929191712948167,85.70511627197266
A,23,20,random_orth,200,0.0,1.0,-6.983952522277832,-0.6338820457458496,27.12136787387004,85.70511627197266
A,23,20,real_diff_in_helix_subspace,200,0.0,0.9950000047683716,-6.974838733673096,-0.6361256837844849,30.50238688860065,85.70511627197266
A,23,20,full_swap,200,0.0,0.9899999499320984,-6.948009014129639,-0.6340092420578003,55.97150802612305,85.70511627197266
A,24,20,helix,200,0.0,1.0,-6.932750225067139,-0.6289409399032593,27.73669493354947,89.34351348876953
A,24,20,only_T2,200,0.0,1.0,-6.987067699432373,-0.6337934732437134,0.0,89.34351348876953
A,24,20,only_T5,200,0.0,1.0,-6.987067699432373,-0.6337934732437134,3.090378217758704e-14,89.34351348876953
A,24,20,only_T10,200,0.0,1.0,-6.987067699432373,-0.6337934732437134,1.332349033481334e-14,89.34351348876953
A,24,20,only_T100,200,0.0,1.0,-6.947678089141846,-0.6304734945297241,23.027877530324243,89.34351348876953
A,24,20,only_lin,200,0.0,1.0,-6.95849609375,-0.6321455240249634,14.312704197013051,89.34351348876953
A,24,20,random_orth,200,0.0,1.0,-6.982588768005371,-0.6333492994308472,27.73669493354947,89.34351348876953
A,24,20,real_diff_in_helix_subspace,200,0.0,1.0,-6.929619789123535,-0.6290151476860046,31.27158349205649,89.34351348876953
A,24,20,full_swap,200,0.0,1.0,-6.909572601318359,-0.6183962225914001,57.28703308105469,89.34351348876953
A,25,20,helix,200,0.0,1.0,-6.932706832885742,-0.6294119358062744,28.647269987435855,94.10687255859375
A,25,20,only_T2,200,0.0,1.0,-6.987067699432373,-0.6337934732437134,0.0,94.10687255859375
A,25,20,only_T5,200,0.0,1.0,-6.987067699432373,-0.6337934732437134,3.170821339138107e-14,94.10687255859375
A,25,20,only_T10,200,0.0,1.0,-6.987067699432373,-0.6337934732437134,1.3661863780220853e-14,94.10687255859375
A,25,20,only_T100,200,0.0,1.0,-6.9511027336120605,-0.6306147575378418,23.728908017300167,94.10687255859375
A,25,20,only_lin,200,0.0,1.0,-6.959331035614014,-0.6326071619987488,14.769417572619991,94.10687255859375
A,25,20,random_orth,200,0.0,1.0,-6.9872965812683105,-0.6339811086654663,28.647269987435855,94.10687255859375
A,25,20,real_diff_in_helix_subspace,200,0.0,1.0,-6.931667327880859,-0.629208505153656,32.55296622213518,94.10687255859375
A,25,20,full_swap,200,0.0,1.0,-6.913017272949219,-0.618218719959259,59.163658142089844,94.10687255859375
A,26,20,helix,200,0.0,1.0,-6.935855388641357,-0.6290826797485352,29.240871201328808,102.52120208740234
A,26,20,only_T2,200,0.0,1.0,-6.987067699432373,-0.6337934732437134,0.0,102.52120208740234
A,26,20,only_T5,200,0.0,1.0,-6.987067699432373,-0.6337934732437134,3.217476807786204e-14,102.52120208740234
A,26,20,only_T10,200,0.0,1.0,-6.987067699432373,-0.6337934732437134,1.3981097483358336e-14,102.52120208740234
A,26,20,only_T100,200,0.0,1.0,-6.954843997955322,-0.6297563910484314,24.190673653219736,102.52120208740234
A,26,20,only_lin,200,0.0,1.0,-6.959205150604248,-0.6327953338623047,15.057969053489078,102.52120208740234
A,26,20,random_orth,200,0.0,1.0,-6.982115268707275,-0.634573757648468,29.240871201328808,102.52120208740234
A,26,20,real_diff_in_helix_subspace,200,0.0,1.0,-6.938019752502441,-0.6290801763534546,33.504647308059035,102.52120208740234
A,26,20,full_swap,200,0.0,1.0,-6.920026779174805,-0.6175158619880676,60.552947998046875,102.52120208740234
A,27,20,helix,200,0.0,1.0,-6.984639644622803,-0.6350396871566772,29.793245403154998,111.60717010498047
A,27,20,only_T2,200,0.0,1.0,-6.987067699432373,-0.6337934732437134,0.0,111.60717010498047
A,27,20,only_T5,200,0.0,1.0,-6.987067699432373,-0.6337934732437134,3.264439553180272e-14,111.60717010498047
A,27,20,only_T10,200,0.0,1.0,-6.987067699432373,-0.6337934732437134,1.419372989369668e-14,111.60717010498047
A,27,20,only_T100,200,0.0,1.0,-6.984116554260254,-0.6347374320030212,24.64269427337337,111.60717010498047
A,27,20,only_lin,200,0.0,1.0,-6.986937046051025,-0.633906364440918,15.301815862642487,111.60717010498047
A,27,20,random_orth,200,0.0,1.0,-6.985637664794922,-0.6332193613052368,29.793245403155,111.60717010498047
A,27,20,real_diff_in_helix_subspace,200,0.0,1.0,-6.983011722564697,-0.6351417303085327,34.35459783930554,111.60717010498047
A,27,20,full_swap,200,0.0,1.0,-6.981022834777832,-0.6345778107643127,61.75605392456055,111.60717010498047
A,28,20,helix,200,0.0,1.0,-6.982492923736572,-0.6353830099105835,30.483189742707246,122.67646789550781
A,28,20,only_T2,200,0.0,1.0,-6.987067699432373,-0.6337934732437134,0.0,122.67646789550781
A,28,20,only_T5,200,0.0,1.0,-6.987067699432373,-0.6337934732437134,3.337114740895672e-14,122.67646789550781
A,28,20,only_T10,200,0.0,1.0,-6.987067699432373,-0.6337934732437134,1.450912196073153e-14,122.67646789550781
A,28,20,only_T100,200,0.0,1.0,-6.9839372634887695,-0.6346207857131958,25.302775093504742,122.67646789550781
A,28,20,only_lin,200,0.0,1.0,-6.984399318695068,-0.6342995166778564,15.490095962642442,122.67646789550781
A,28,20,random_orth,200,0.0,1.0,-6.988463401794434,-0.6335980892181396,30.483189742707246,122.67646789550781
A,28,20,real_diff_in_helix_subspace,200,0.0,1.0,-6.983016014099121,-0.635586678981781,35.52189249023727,122.67646789550781
A,28,20,full_swap,200,0.0,1.0,-6.977802753448486,-0.6356143951416016,63.19279479980469,122.67646789550781
A,29,20,helix,200,0.0,1.0,-6.98588752746582,-0.6335419416427612,31.43923770082132,138.1920928955078
A,29,20,only_T2,200,0.0,1.0,-6.987067699432373,-0.6337934732437134,0.0,138.1920928955078
A,29,20,only_T5,200,0.0,1.0,-6.987067699432373,-0.6337934732437134,3.424356964546082e-14,138.1920928955078
A,29,20,only_T10,200,0.0,1.0,-6.987067699432373,-0.6337934732437134,1.4825188140793294e-14,138.1920928955078
A,29,20,only_T100,200,0.0,1.0,-6.98789644241333,-0.6337108612060547,26.144613518180414,138.1920928955078
A,29,20,only_lin,200,0.0,1.0,-6.98574686050415,-0.6337752938270569,15.825714150955895,138.1920928955078
A,29,20,random_orth,200,0.0,1.0,-6.985581398010254,-0.6336853504180908,31.43923770082132,138.1920928955078
A,29,20,real_diff_in_helix_subspace,200,0.0,1.0,-6.986257553100586,-0.6339462399482727,37.094430991318696,138.1920928955078
A,29,20,full_swap,200,0.0,1.0,-6.982575416564941,-0.633653998374939,64.9654769897461,138.1920928955078
A,30,20,helix,200,0.0,1.0,-6.985537052154541,-0.6337288022041321,32.551488455989904,162.1596221923828
A,30,20,only_T2,200,0.0,1.0,-6.987067699432373,-0.6337934732437134,0.0,162.1596221923828
A,30,20,only_T5,200,0.0,1.0,-6.987067699432373,-0.6337934732437134,3.522269385330155e-14,162.1596221923828
A,30,20,only_T10,200,0.0,1.0,-6.987067699432373,-0.6337934732437134,1.5325010872091867e-14,162.1596221923828
A,30,20,only_T100,200,0.0,1.0,-6.987590789794922,-0.6337416172027588,27.06814982131657,162.1596221923828
A,30,20,only_lin,200,0.0,1.0,-6.986941814422607,-0.6341110467910767,16.25224758879824,162.1596221923828
A,30,20,random_orth,200,0.0,1.0,-6.986887454986572,-0.6336491703987122,32.551488455989904,162.1596221923828
A,30,20,real_diff_in_helix_subspace,200,0.0,1.0,-6.985505104064941,-0.6339541673660278,38.84331647662907,162.1596221923828
A,30,20,full_swap,200,0.0,1.0,-6.984134197235107,-0.6338507533073425,66.95793914794922,162.1596221923828
A,31,20,helix,200,0.0,1.0,-6.987067699432373,-0.6337934732437134,33.74235529292356,191.86277770996094
A,31,20,only_T2,200,0.0,1.0,-6.987067699432373,-0.6337934732437134,0.0,191.86277770996094
A,31,20,only_T5,200,0.0,1.0,-6.987067699432373,-0.6337934732437134,3.593065507038919e-14,191.86277770996094
A,31,20,only_T10,200,0.0,1.0,-6.987067699432373,-0.6337934732437134,1.5671470184376277e-14,191.86277770996094
A,31,20,only_T100,200,0.0,1.0,-6.987067699432373,-0.6337934732437134,28.0539372431318,191.86277770996094
A,31,20,only_lin,200,0.0,1.0,-6.987067699432373,-0.6337934732437134,16.680110155107524,191.86277770996094
A,31,20,random_orth,200,0.0,1.0,-6.987067699432373,-0.6337934732437134,33.74235529292356,191.86277770996094
A,31,20,real_diff_in_helix_subspace,200,0.0,1.0,-6.987067699432373,-0.6337934732437134,40.84793706638264,191.86277770996094
A,31,20,full_swap,200,0.0,1.0,-6.987067699432373,-0.6337934732437134,69.19615936279297,191.86277770996094
B,0,-20,helix,200,0.17499999701976776,0.3400000035762787,-4.02943229675293,-2.9543514251708984,2.6413808338530487,7.712894916534424
B,0,-20,only_T2,200,0.0,0.9950000047683716,-8.235624313354492,-0.8050357103347778,0.0,7.712894916534424
B,0,-20,only_T5,200,0.0,0.9950000047683716,-8.235624313354492,-0.8050357103347778,4.076230329644192e-15,7.712894916534424
B,0,-20,only_T10,200,0.0,0.9950000047683716,-8.235624313354492,-0.8050357103347778,2.061808141673812e-15,7.712894916534424
B,0,-20,only_T100,200,0.08500000089406967,0.5299999713897705,-4.8469672203063965,-1.9275704622268677,2.5768466867241413,7.712894916534424
B,0,-20,only_lin,200,0.044999998062849045,0.6850000023841858,-6.947846412658691,-1.15941321849823,1.4734827794142444,7.712894916534424
B,0,-20,random_orth,200,0.0,0.9350000023841858,-8.216263771057129,-0.8426963686943054,2.6413808338530487,7.712894916534424
B,0,-20,real_diff_in_helix_subspace,200,0.1550000011920929,0.3100000023841858,-4.060109615325928,-3.349642753601074,2.7742058706242485,7.712894916534424
B,0,-20,full_swap,200,0.675000011920929,0.0,-1.2079625129699707,-6.914042949676514,6.642092227935791,7.712894916534424
B,1,-20,helix,200,0.1850000023841858,0.3349999785423279,-4.0158371925354,-3.0212674140930176,3.168973325921279,8.29525375366211
B,1,-20,only_T2,200,0.0,0.9950000047683716,-8.235624313354492,-0.8050357103347778,0.0,8.29525375366211
B,1,-20,only_T5,200,0.0,0.9950000047683716,-8.235624313354492,-0.8050357103347778,4.482428063934875e-15,8.29525375366211
B,1,-20,only_T10,200,0.0,0.9950000047683716,-8.235624313354492,-0.8050357103347778,2.2795171624140206e-15,8.29525375366211
B,1,-20,only_T100,200,0.10999999940395355,0.4899999797344208,-4.8994832038879395,-1.9837480783462524,3.0385899266278473,8.29525375366211
B,1,-20,only_lin,200,0.06499999761581421,0.6499999761581421,-6.7587175369262695,-1.3207125663757324,1.8699830473199506,8.29525375366211
B,1,-20,random_orth,200,0.004999999888241291,0.9249999523162842,-8.157917022705078,-0.8339394330978394,3.168973325921279,8.29525375366211
B,1,-20,real_diff_in_helix_subspace,200,0.14999999105930328,0.3499999940395355,-4.14251708984375,-3.2231051921844482,3.246841571647949,8.29525375366211
B,1,-20,full_swap,200,0.6850000023841858,0.0,-1.195090889930725,-6.911615371704102,7.353044033050537,8.29525375366211
B,2,-20,helix,200,0.17999999225139618,0.3349999785423279,-4.076132297515869,-2.9954705238342285,3.7036277364313457,10.367162704467773
B,2,-20,only_T2,200,0.0,0.9950000047683716,-8.235624313354492,-0.8050357103347778,0.0,10.367162704467773
B,2,-20,only_T5,200,0.0,0.9950000047683716,-8.235624313354492,-0.8050357103347778,5.207800203584626e-15,10.367162704467773
B,2,-20,only_T10,200,0.0,0.9950000047683716,-8.235624313354492,-0.8050357103347778,2.640808045212342e-15,10.367162704467773
B,2,-20,only_T100,200,0.09999999403953552,0.48499998450279236,-4.92948055267334,-2.0057761669158936,3.5450569182728717,10.367162704467773
B,2,-20,only_lin,200,0.06499999761581421,0.6449999809265137,-6.763283729553223,-1.3523260354995728,2.2101404573761774,10.367162704467773
B,2,-20,random_orth,200,0.004999999888241291,0.9099999666213989,-8.167380332946777,-0.8337024450302124,3.7036277364313457,10.367162704467773
B,2,-20,real_diff_in_helix_subspace,200,0.14000000059604645,0.3649999797344208,-4.194870471954346,-3.1828999519348145,3.7748345198070665,10.367162704467773
B,2,-20,full_swap,200,0.6899999976158142,0.0,-1.1956573724746704,-6.895884990692139,8.382203102111816,10.367162704467773
B,3,-20,helix,200,0.17499999701976776,0.3449999988079071,-4.140841007232666,-3.0418777465820312,4.4282546150633735,12.747507095336914
B,3,-20,only_T2,200,0.0,0.9950000047683716,-8.235624313354492,-0.8050357103347778,0.0,12.747507095336914
B,3,-20,only_T5,200,0.0,0.9950000047683716,-8.235624313354492,-0.8050357103347778,6.241855101753586e-15,12.747507095336914
B,3,-20,only_T10,200,0.0,0.9950000047683716,-8.235624313354492,-0.8050357103347778,3.0915020096211613e-15,12.747507095336914
B,3,-20,only_T100,200,0.10499999672174454,0.47999998927116394,-4.968722820281982,-2.0507092475891113,4.179321306413451,12.747507095336914
B,3,-20,only_lin,200,0.07499999552965164,0.5999999642372131,-6.712287425994873,-1.431847095489502,2.7356473684645373,12.747507095336914
B,3,-20,random_orth,200,0.0,0.8949999809265137,-8.137883186340332,-0.8324285745620728,4.4282546150633735,12.747507095336914
B,3,-20,real_diff_in_helix_subspace,200,0.1550000011920929,0.3700000047683716,-4.252451419830322,-3.1286609172821045,4.479181975460748,12.747507095336914
B,3,-20,full_swap,200,0.6949999928474426,0.0,-1.1884006261825562,-6.895131587982178,9.673178672790527,12.747507095336914
B,4,-20,helix,200,0.1550000011920929,0.3349999785423279,-4.177791118621826,-2.9909420013427734,5.167322000677661,15.337377548217773
B,4,-20,only_T2,200,0.0,0.9950000047683716,-8.235624313354492,-0.8050357103347778,0.0,15.337377548217773
B,4,-20,only_T5,200,0.0,0.9950000047683716,-8.235624313354492,-0.8050357103347778,6.956776571971717e-15,15.337377548217773
B,4,-20,only_T10,200,0.0,0.9950000047683716,-8.235624313354492,-0.8050357103347778,3.412183855458073e-15,15.337377548217773
B,4,-20,only_T100,200,0.07999999821186066,0.4949999749660492,-4.991403579711914,-2.040741205215454,4.828978659951966,15.337377548217773
B,4,-20,only_lin,200,0.07000000029802322,0.6150000095367432,-6.714725017547607,-1.4326149225234985,3.182504586883141,15.337377548217773
B,4,-20,random_orth,200,0.009999999776482582,0.8949999809265137,-8.103612899780273,-0.8515056371688843,5.167322000677661,15.337377548217773
B,4,-20,real_diff_in_helix_subspace,200,0.12999999523162842,0.3649999797344208,-4.360159873962402,-3.1178765296936035,5.223607034350525,15.337377548217773
B,4,-20,full_swap,200,0.6850000023841858,0.0,-1.2024235725402832,-6.8718390464782715,11.083349227905273,15.337377548217773
B,5,-20,helix,200,0.16499999165534973,0.3449999988079071,-4.259064197540283,-2.9259698390960693,6.093961368153798,17.99118423461914
B,5,-20,only_T2,200,0.0,0.9950000047683716,-8.235624313354492,-0.8050357103347778,0.0,17.99118423461914
B,5,-20,only_T5,200,0.0,0.9950000047683716,-8.235624313354492,-0.8050357103347778,8.049547459153176e-15,17.99118423461914
B,5,-20,only_T10,200,0.0,0.9950000047683716,-8.235624313354492,-0.8050357103347778,3.956040206147097e-15,17.99118423461914
B,5,-20,only_T100,200,0.08999999612569809,0.4749999940395355,-5.050374507904053,-2.067230701446533,5.670411022216809,17.99118423461914
B,5,-20,only_lin,200,0.06499999761581421,0.5949999690055847,-6.715611457824707,-1.5180219411849976,3.769621939350259,17.99118423461914
B,5,-20,random_orth,200,0.004999999888241291,0.9049999713897705,-8.16401481628418,-0.8431621193885803,6.093961368153798,17.99118423461914
B,5,-20,real_diff_in_helix_subspace,200,0.14499999582767487,0.3649999797344208,-4.486077785491943,-3.002758741378784,6.079379490900444,17.99118423461914
B,5,-20,full_swap,200,0.6800000071525574,0.0,-1.2101868391036987,-6.828433513641357,13.103257179260254,17.99118423461914
B,6,-20,helix,200,0.17499999701976776,0.35499998927116394,-4.261661529541016,-2.921405792236328,6.911034747611037,21.499778747558594
B,6,-20,only_T2,200,0.0,0.9950000047683716,-8.235624313354492,-0.8050357103347778,0.0,21.499778747558594
B,6,-20,only_T5,200,0.0,0.9950000047683716,-8.235624313354492,-0.8050357103347778,8.926448930993308e-15,21.499778747558594
B,6,-20,only_T10,200,0.0,0.9950000047683716,-8.235624313354492,-0.8050357103347778,4.424125271158498e-15,21.499778747558594
B,6,-20,only_T100,200,0.0949999988079071,0.4749999940395355,-5.011893272399902,-2.062944173812866,6.41821336902085,21.499778747558594
B,6,-20,only_lin,200,0.07499999552965164,0.5649999976158142,-6.713115215301514,-1.573344349861145,4.316148374362051,21.499778747558594
B,6,-20,random_orth,200,0.0,0.9099999666213989,-8.105053901672363,-0.872294008731842,6.911034747611036,21.499778747558594
B,6,-20,real_diff_in_helix_subspace,200,0.1599999964237213,0.3449999988079071,-4.500409126281738,-3.021211862564087,6.9085053868758965,21.499778747558594
B,6,-20,full_swap,200,0.675000011920929,0.0,-1.2118244171142578,-6.8094329833984375,14.878913879394531,21.499778747558594
B,7,-20,helix,200,0.1599999964237213,0.35999998450279236,-4.316230773925781,-2.880906343460083,7.743577508166759,24.866361618041992
B,7,-20,only_T2,200,0.0,0.9950000047683716,-8.235624313354492,-0.8050357103347778,0.0,24.866361618041992
B,7,-20,only_T5,200,0.0,0.9950000047683716,-8.235624313354492,-0.8050357103347778,9.747655645441366e-15,24.866361618041992
B,7,-20,only_T10,200,0.0,0.9950000047683716,-8.235624313354492,-0.8050357103347778,4.849439061753946e-15,24.866361618041992
B,7,-20,only_T100,200,0.0949999988079071,0.4949999749660492,-5.05411958694458,-2.0568840503692627,7.156201068364641,24.866361618041992
B,7,-20,only_lin,200,0.06499999761581421,0.5849999785423279,-6.735328197479248,-1.558627724647522,4.841981787824104,24.866361618041992
B,7,-20,random_orth,200,0.009999999776482582,0.9099999666213989,-8.132246017456055,-0.847368061542511,7.743577508166759,24.866361618041992
B,7,-20,real_diff_in_helix_subspace,200,0.12999999523162842,0.3400000035762787,-4.560967445373535,-3.005711078643799,7.7524649458197885,24.866361618041992
B,7,-20,full_swap,200,0.6850000023841858,0.0,-1.2101168632507324,-6.810967922210693,16.70176887512207,24.866361618041992
B,8,-20,helix,200,0.1599999964237213,0.3700000047683716,-4.41121244430542,-2.7876625061035156,8.446856593798024,28.098115921020508
B,8,-20,only_T2,200,0.0,0.9950000047683716,-8.235624313354492,-0.8050357103347778,0.0,28.098115921020508
B,8,-20,only_T5,200,0.0,0.9950000047683716,-8.235624313354492,-0.8050357103347778,1.0573179639592397e-14,28.098115921020508
B,8,-20,only_T10,200,0.0,0.9950000047683716,-8.235624313354492,-0.8050357103347778,5.257186871432276e-15,28.098115921020508
B,8,-20,only_T100,200,0.09999999403953552,0.48499998450279236,-5.148525238037109,-2.073438882827759,7.811653269623528,28.098115921020508
B,8,-20,only_lin,200,0.05999999865889549,0.5799999833106995,-6.759496688842773,-1.5193902254104614,5.266633040857127,28.098115921020508
B,8,-20,random_orth,200,0.004999999888241291,0.9149999618530273,-8.124286651611328,-0.8333561420440674,8.446856593798024,28.098115921020508
B,8,-20,real_diff_in_helix_subspace,200,0.11499999463558197,0.35499998927116394,-4.7404327392578125,-2.89810848236084,8.406053925974385,28.098115921020508
B,8,-20,full_swap,200,0.6949999928474426,0.0,-1.1845484972000122,-6.699239253997803,18.1856632232666,28.098115921020508
B,9,-20,helix,200,0.14999999105930328,0.375,-4.419599533081055,-2.772597074508667,9.051797773664255,30.85641098022461
B,9,-20,only_T2,200,0.0,0.9950000047683716,-8.235624313354492,-0.8050357103347778,0.0,30.85641098022461
B,9,-20,only_T5,200,0.0,0.9950000047683716,-8.235624313354492,-0.8050357103347778,1.1420857367762154e-14,30.85641098022461
B,9,-20,only_T10,200,0.0,0.9950000047683716,-8.235624313354492,-0.8050357103347778,5.613698809824809e-15,30.85641098022461
B,9,-20,only_T100,200,0.10499999672174454,0.4699999988079071,-5.160816669464111,-2.1025805473327637,8.396537493959507,30.85641098022461
B,9,-20,only_lin,200,0.054999999701976776,0.5799999833106995,-6.73533821105957,-1.5420031547546387,5.649269400180856,30.85641098022461
B,9,-20,random_orth,200,0.0,0.9300000071525574,-8.147592544555664,-0.8182231187820435,9.051797773664253,30.85641098022461
B,9,-20,real_diff_in_helix_subspace,200,0.10999999940395355,0.3449999988079071,-4.762457847595215,-2.889491558074951,9.01404418264299,30.85641098022461
B,9,-20,full_swap,200,0.6800000071525574,0.0,-1.1831185817718506,-6.711689472198486,19.663097381591797,30.85641098022461
B,10,-20,helix,200,0.16499999165534973,0.375,-4.407118320465088,-2.7750377655029297,9.829819659686713,33.46974563598633
B,10,-20,only_T2,200,0.0,0.9950000047683716,-8.235624313354492,-0.8050357103347778,0.0,33.46974563598633
B,10,-20,only_T5,200,0.0,0.9950000047683716,-8.235624313354492,-0.8050357103347778,1.2562837306988673e-14,33.46974563598633
B,10,-20,only_T10,200,0.0,0.9950000047683716,-8.235624313354492,-0.8050357103347778,6.154887013430917e-15,33.46974563598633
B,10,-20,only_T100,200,0.10499999672174454,0.4449999928474426,-5.160112380981445,-2.147083044052124,9.14110578493736,33.46974563598633
B,10,-20,only_lin,200,0.054999999701976776,0.5949999690055847,-6.736937522888184,-1.5597500801086426,6.065195224656135,33.46974563598633
B,10,-20,random_orth,200,0.004999999888241291,0.8799999952316284,-8.151650428771973,-0.8594676852226257,9.829819659686713,33.46974563598633
B,10,-20,real_diff_in_helix_subspace,200,0.10499999672174454,0.32999998331069946,-4.815317153930664,-2.9502933025360107,9.8211639307461,33.46974563598633
B,10,-20,full_swap,200,0.6800000071525574,0.0,-1.182845115661621,-6.708477020263672,21.591777801513672,33.46974563598633
B,11,-20,helix,200,0.14499999582767487,0.45499998331069946,-5.04749870300293,-2.174060344696045,10.805811336780094,38.31606674194336
B,11,-20,only_T2,200,0.0,0.9950000047683716,-8.235624313354492,-0.8050357103347778,0.0,38.31606674194336
B,11,-20,only_T5,200,0.0,0.9950000047683716,-8.235624313354492,-0.8050357103347778,1.4012827260376724e-14,38.31606674194336
B,11,-20,only_T10,200,0.0,0.9950000047683716,-8.235624313354492,-0.8050357103347778,6.8402747495674275e-15,38.31606674194336
B,11,-20,only_T100,200,0.08500000089406967,0.5149999856948853,-5.766335487365723,-1.8817733526229858,10.066607904054544,38.31606674194336
B,11,-20,only_lin,200,0.03999999910593033,0.6449999809265137,-7.11568546295166,-1.2876629829406738,6.564505269239609,38.31606674194336
B,11,-20,random_orth,200,0.0,0.9049999713897705,-8.189385414123535,-0.832534909248352,10.805811336780094,38.31606674194336
B,11,-20,real_diff_in_helix_subspace,200,0.11999999731779099,0.35499998927116394,-5.492463111877441,-2.52746844291687,10.835995984432477,38.31606674194336
B,11,-20,full_swap,200,0.7049999833106995,0.0,-1.1440235376358032,-5.873575687408447,23.859804153442383,38.31606674194336
B,12,-20,helix,200,0.08999999612569809,0.6100000143051147,-5.856290340423584,-1.3057420253753662,11.536836289073976,41.414764404296875
B,12,-20,only_T2,200,0.0,0.9950000047683716,-8.235624313354492,-0.8050357103347778,0.0,41.414764404296875
B,12,-20,only_T5,200,0.0,0.9950000047683716,-8.235624313354492,-0.8050357103347778,1.5396215877285598e-14,41.414764404296875
B,12,-20,only_T10,200,0.0,0.9950000047683716,-8.235624313354492,-0.8050357103347778,7.601761299054994e-15,41.414764404296875
B,12,-20,only_T100,200,0.054999999701976776,0.6649999618530273,-6.521636962890625,-1.2436772584915161,10.776153568732157,41.414764404296875
B,12,-20,only_lin,200,0.014999999664723873,0.8100000023841858,-7.5289459228515625,-0.9159342646598816,6.969653513334676,41.414764404296875
B,12,-20,random_orth,200,0.004999999888241291,0.9549999833106995,-8.177980422973633,-0.7914018630981445,11.536836289073976,41.414764404296875
B,12,-20,real_diff_in_helix_subspace,200,0.09999999403953552,0.5550000071525574,-6.08294153213501,-1.4317858219146729,11.60451935259829,41.414764404296875
B,12,-20,full_swap,200,0.45499998331069946,0.13499999046325684,-2.0436220169067383,-3.2349765300750732,25.869007110595703,41.414764404296875
B,13,-20,helix,200,0.05999999865889549,0.7299999594688416,-6.955298900604248,-1.1160894632339478,12.464054421764558,45.659454345703125
B,13,-20,only_T2,200,0.0,0.9950000047683716,-8.235624313354492,-0.8050357103347778,0.0,45.659454345703125
B,13,-20,only_T5,200,0.0,0.9950000047683716,-8.235624313354492,-0.8050357103347778,1.675303714389691e-14,45.659454345703125
B,13,-20,only_T10,200,0.0,0.9950000047683716,-8.235624313354492,-0.8050357103347778,8.339321634672458e-15,45.659454345703125
B,13,-20,only_T100,200,0.044999998062849045,0.7450000047683716,-7.357675075531006,-1.1014572381973267,11.6306753270931,45.659454345703125
B,13,-20,only_lin,200,0.009999999776482582,0.8299999833106995,-7.830019474029541,-0.9023860096931458,7.570782965285758,45.659454345703125
B,13,-20,random_orth,200,0.0,0.9649999737739563,-8.213866233825684,-0.8025665283203125,12.464054421764558,45.659454345703125
B,13,-20,real_diff_in_helix_subspace,200,0.07000000029802322,0.6800000071525574,-7.045454978942871,-1.1911882162094116,12.5230119202662,45.659454345703125
B,13,-20,full_swap,200,0.17499999701976776,0.48499998450279236,-4.475839614868164,-1.8421069383621216,27.922096252441406,45.659454345703125
B,14,-20,helix,200,0.014999999664723873,0.8999999761581421,-7.640815258026123,-0.7862235903739929,13.19839407398757,50.984012603759766
B,14,-20,only_T2,200,0.0,0.9950000047683716,-8.235624313354492,-0.8050357103347778,0.0,50.984012603759766
B,14,-20,only_T5,200,0.0,0.9950000047683716,-8.235624313354492,-0.8050357103347778,1.7864245007225892e-14,50.984012603759766
B,14,-20,only_T10,200,0.0,0.9950000047683716,-8.235624313354492,-0.8050357103347778,8.869513726906108e-15,50.984012603759766
B,14,-20,only_T100,200,0.02499999850988388,0.8700000047683716,-7.776030540466309,-0.8474647402763367,12.322693704539642,50.984012603759766
B,14,-20,only_lin,200,0.004999999888241291,0.9300000071525574,-8.080419540405273,-0.7618390321731567,7.982534710060618,50.984012603759766
B,14,-20,random_orth,200,0.0,0.9749999642372131,-8.226387977600098,-0.7932851910591125,13.19839407398757,50.984012603759766
B,14,-20,real_diff_in_helix_subspace,200,0.014999999664723873,0.8949999809265137,-7.667500019073486,-0.7910317182540894,13.359271912948804,50.984012603759766
B,14,-20,full_swap,200,0.04999999701976776,0.7699999809265137,-6.294153690338135,-0.9705718755722046,29.830036163330078,50.984012603759766
B,15,-20,helix,200,0.009999999776482582,0.9300000071525574,-7.703688621520996,-0.770669162273407,14.345598161994204,55.75
B,15,-20,only_T2,200,0.0,0.9950000047683716,-8.235624313354492,-0.8050357103347778,0.0,55.75
B,15,-20,only_T5,200,0.0,0.9950000047683716,-8.235624313354492,-0.8050357103347778,2.0038470511027862e-14,55.75
B,15,-20,only_T10,200,0.0,0.9950000047683716,-8.235624313354492,-0.8050357103347778,9.55010589319149e-15,55.75
B,15,-20,only_T100,200,0.02499999850988388,0.875,-7.789821624755859,-0.8354252576828003,13.397527573831482,55.75
B,15,-20,only_lin,200,0.004999999888241291,0.9399999976158142,-8.135358810424805,-0.755884051322937,8.607122513851468,55.75
B,15,-20,random_orth,200,0.0,0.9749999642372131,-8.243104934692383,-0.789867103099823,14.345598161994204,55.75
B,15,-20,real_diff_in_helix_subspace,200,0.009999999776482582,0.8949999809265137,-7.731786251068115,-0.7800982594490051,14.722701738097278,55.75
B,15,-20,full_swap,200,0.044999998062849045,0.8050000071525574,-6.402321815490723,-0.9458069205284119,32.304264068603516,55.75
B,16,-20,helix,200,0.004999999888241291,0.9399999976158142,-7.740889072418213,-0.7634378671646118,15.616979281658887,60.40380859375
B,16,-20,only_T2,200,0.0,0.9950000047683716,-8.235624313354492,-0.8050357103347778,0.0,60.40380859375
B,16,-20,only_T5,200,0.0,0.9950000047683716,-8.235624313354492,-0.8050357103347778,2.2348388421867266e-14,60.40380859375
B,16,-20,only_T10,200,0.0,0.9950000047683716,-8.235624313354492,-0.8050357103347778,1.0585078210929265e-14,60.40380859375
B,16,-20,only_T100,200,0.014999999664723873,0.9199999570846558,-7.7999091148376465,-0.8295941948890686,14.594991201629718,60.40380859375
B,16,-20,only_lin,200,0.004999999888241291,0.9649999737739563,-8.16242504119873,-0.7547802329063416,9.366799836320897,60.40380859375
B,16,-20,random_orth,200,0.0,0.9799999594688416,-8.240907669067383,-0.8024327158927917,15.616979281658887,60.40380859375
B,16,-20,real_diff_in_helix_subspace,200,0.004999999888241291,0.9249999523162842,-7.760828495025635,-0.7716866731643677,16.107469245097636,60.40380859375
B,16,-20,full_swap,200,0.019999999552965164,0.8549999594688416,-6.625810623168945,-0.8839397430419922,35.24131393432617,60.40380859375
B,17,-20,helix,200,0.004999999888241291,0.9599999785423279,-7.831038475036621,-0.7567307949066162,16.76238852327218,66.87777709960938
B,17,-20,only_T2,200,0.0,0.9950000047683716,-8.235624313354492,-0.8050357103347778,0.0,66.87777709960938
B,17,-20,only_T5,200,0.0,0.9950000047683716,-8.235624313354492,-0.8050357103347778,2.3976428657326896e-14,66.87777709960938
B,17,-20,only_T10,200,0.0,0.9950000047683716,-8.235624313354492,-0.8050357103347778,1.1322777408732078e-14,66.87777709960938
B,17,-20,only_T100,200,0.009999999776482582,0.9300000071525574,-7.871476650238037,-0.8217770457267761,15.649898290957816,66.87777709960938
B,17,-20,only_lin,200,0.0,0.9599999785423279,-8.1759033203125,-0.7598830461502075,10.068928578346403,66.87777709960938
B,17,-20,random_orth,200,0.0,0.98499995470047,-8.248260498046875,-0.7968897819519043,16.76238852327218,66.87777709960938
B,17,-20,real_diff_in_helix_subspace,200,0.0,0.9350000023841858,-7.8487420082092285,-0.7666786313056946,17.269166725220742,66.87777709960938
B,17,-20,full_swap,200,0.009999999776482582,0.8700000047683716,-6.806556701660156,-0.8769226670265198,37.8265495300293,66.87777709960938
B,18,-20,helix,200,0.004999999888241291,0.9549999833106995,-7.953589916229248,-0.7635860443115234,17.81327591596737,72.7655258178711
B,18,-20,only_T2,200,0.0,0.9950000047683716,-8.235624313354492,-0.8050357103347778,0.0,72.7655258178711
B,18,-20,only_T5,200,0.0,0.9950000047683716,-8.235624313354492,-0.8050357103347778,2.5607585807383167e-14,72.7655258178711
B,18,-20,only_T10,200,0.0,0.9950000047683716,-8.235624313354492,-0.8050357103347778,1.204884426434648e-14,72.7655258178711
B,18,-20,only_T100,200,0.004999999888241291,0.949999988079071,-7.982596397399902,-0.8002617955207825,16.56469010941256,72.7655258178711
B,18,-20,only_lin,200,0.0,0.9799999594688416,-8.196723937988281,-0.7765958309173584,10.728756213139858,72.7655258178711
B,18,-20,random_orth,200,0.0,0.9799999594688416,-8.240290641784668,-0.7985224723815918,17.81327591596737,72.7655258178711
B,18,-20,real_diff_in_helix_subspace,200,0.004999999888241291,0.9549999833106995,-7.97468376159668,-0.7709516882896423,18.529900163746525,72.7655258178711
B,18,-20,full_swap,200,0.009999999776482582,0.8949999809265137,-7.293289661407471,-0.8260452151298523,40.501468658447266,72.7655258178711
B,19,-20,helix,200,0.009999999776482582,0.9649999737739563,-8.11535358428955,-0.7981724143028259,18.67866782960649,79.8611068725586
B,19,-20,only_T2,200,0.0,0.9950000047683716,-8.235624313354492,-0.8050357103347778,0.0,79.8611068725586
B,19,-20,only_T5,200,0.0,0.9950000047683716,-8.235624313354492,-0.8050357103347778,2.705416089364176e-14,79.8611068725586
B,19,-20,only_T10,200,0.0,0.9950000047683716,-8.235624313354492,-0.8050357103347778,1.2618028901491596e-14,79.8611068725586
B,19,-20,only_T100,200,0.0,0.9799999594688416,-8.112557411193848,-0.8054951429367065,17.355674269243835,79.8611068725586
B,19,-20,only_lin,200,0.004999999888241291,0.9749999642372131,-8.24164867401123,-0.7984556555747986,11.273701149314402,79.8611068725586
B,19,-20,random_orth,200,0.0,0.98499995470047,-8.239643096923828,-0.8074728846549988,18.67866782960649,79.8611068725586
B,19,-20,real_diff_in_helix_subspace,200,0.009999999776482582,0.9549999833106995,-8.096659660339355,-0.8002117872238159,19.631182718766986,79.8611068725586
B,19,-20,full_swap,200,0.004999999888241291,0.9449999928474426,-7.9442267417907715,-0.8209816813468933,42.796329498291016,79.8611068725586
B,20,-20,helix,200,0.009999999776482582,0.9699999690055847,-8.112242698669434,-0.7985391616821289,19.762205171372095,85.49519348144531
B,20,-20,only_T2,200,0.0,0.9950000047683716,-8.235624313354492,-0.8050357103347778,0.0,85.49519348144531
B,20,-20,only_T5,200,0.0,0.9950000047683716,-8.235624313354492,-0.8050357103347778,2.86429164721484e-14,85.49519348144531
B,20,-20,only_T10,200,0.0,0.9950000047683716,-8.235624313354492,-0.8050357103347778,1.3221049720383867e-14,85.49519348144531
B,20,-20,only_T100,200,0.0,0.9799999594688416,-8.111844062805176,-0.805205762386322,18.29317215258591,85.49519348144531
B,20,-20,only_lin,200,0.0,0.9799999594688416,-8.246604919433594,-0.7984316349029541,11.956850071662284,85.49519348144531
B,20,-20,random_orth,200,0.0,0.9799999594688416,-8.235671043395996,-0.8047671318054199,19.762205171372095,85.49519348144531
B,20,-20,real_diff_in_helix_subspace,200,0.009999999776482582,0.9549999833106995,-8.094918251037598,-0.8001808524131775,20.964821549994777,85.49519348144531
B,20,-20,full_swap,200,0.004999999888241291,0.9449999928474426,-7.94317102432251,-0.820246696472168,45.35893630981445,85.49519348144531
B,21,-20,helix,200,0.0,0.98499995470047,-8.11744213104248,-0.7979195713996887,20.668799289793373,90.5964126586914
B,21,-20,only_T2,200,0.0,0.9950000047683716,-8.235624313354492,-0.8050357103347778,0.0,90.5964126586914
B,21,-20,only_T5,200,0.0,0.9950000047683716,-8.235624313354492,-0.8050357103347778,2.997439809221132e-14,90.5964126586914
B,21,-20,only_T10,200,0.0,0.9950000047683716,-8.235624313354492,-0.8050357103347778,1.3783386441276558e-14,90.5964126586914
B,21,-20,only_T100,200,0.0,0.9799999594688416,-8.118575096130371,-0.8044169545173645,19.13042013235774,90.5964126586914
B,21,-20,only_lin,200,0.0,0.98499995470047,-8.242093086242676,-0.7978914380073547,12.51157023638656,90.5964126586914
B,21,-20,random_orth,200,0.0,0.9899999499320984,-8.241844177246094,-0.8068343997001648,20.66879928979337,90.5964126586914
B,21,-20,real_diff_in_helix_subspace,200,0.0,0.9699999690055847,-8.101008415222168,-0.8018316626548767,22.012421001029896,90.5964126586914
B,21,-20,full_swap,200,0.004999999888241291,0.9300000071525574,-7.982158660888672,-0.824451208114624,47.57072448730469,90.5964126586914
B,22,-20,helix,200,0.0,0.98499995470047,-8.113729476928711,-0.7986047267913818,21.505902761642503,97.11991119384766
B,22,-20,only_T2,200,0.0,0.9950000047683716,-8.235624313354492,-0.8050357103347778,0.0,97.11991119384766
B,22,-20,only_T5,200,0.0,0.9950000047683716,-8.235624313354492,-0.8050357103347778,3.123330508449473e-14,97.11991119384766
B,22,-20,only_T10,200,0.0,0.9950000047683716,-8.235624313354492,-0.8050357103347778,1.4403786874979718e-14,97.11991119384766
B,22,-20,only_T100,200,0.0,0.9799999594688416,-8.115710258483887,-0.8043941855430603,19.892392882432052,97.11991119384766
B,22,-20,only_lin,200,0.0,0.98499995470047,-8.238466262817383,-0.8000311851501465,13.045573585969272,97.11991119384766
B,22,-20,random_orth,200,0.0,0.9899999499320984,-8.234259605407715,-0.8066169023513794,21.505902761642503,97.11991119384766
B,22,-20,real_diff_in_helix_subspace,200,0.0,0.9749999642372131,-8.102804183959961,-0.8026766180992126,23.135241659789635,97.11991119384766
B,22,-20,full_swap,200,0.004999999888241291,0.9300000071525574,-7.977356910705566,-0.8255600333213806,49.68589782714844,97.11991119384766
B,23,-20,helix,200,0.0,0.9649999737739563,-8.255156517028809,-0.8116698861122131,22.314168597195692,101.67302703857422
B,23,-20,only_T2,200,0.0,0.9950000047683716,-8.235624313354492,-0.8050357103347778,0.0,101.67302703857422
B,23,-20,only_T5,200,0.0,0.9950000047683716,-8.235624313354492,-0.8050357103347778,3.251031434939892e-14,101.67302703857422
B,23,-20,only_T10,200,0.0,0.9950000047683716,-8.235624313354492,-0.8050357103347778,1.49793367802476e-14,101.67302703857422
B,23,-20,only_T100,200,0.0,0.9549999833106995,-8.242835998535156,-0.8186360597610474,20.582736853945935,101.67302703857422
B,23,-20,only_lin,200,0.0,0.98499995470047,-8.247654914855957,-0.8009892702102661,13.576963876763557,101.67302703857422
B,23,-20,random_orth,200,0.0,0.9749999642372131,-8.242152214050293,-0.802730917930603,22.314168597195692,101.67302703857422
B,23,-20,real_diff_in_helix_subspace,200,0.0,0.9599999785423279,-8.251785278320312,-0.8182039260864258,24.16485799087005,101.67302703857422
B,23,-20,full_swap,200,0.004999999888241291,0.9199999570846558,-8.190587997436523,-0.8388848900794983,51.69287109375,101.67302703857422
B,24,-20,helix,200,0.0,0.98499995470047,-8.21725845336914,-0.804071307182312,22.779794233672114,105.96891784667969
B,24,-20,only_T2,200,0.0,0.9950000047683716,-8.235624313354492,-0.8050357103347778,0.0,105.96891784667969
B,24,-20,only_T5,200,0.0,0.9950000047683716,-8.235624313354492,-0.8050357103347778,3.350771677824661e-14,105.96891784667969
B,24,-20,only_T10,200,0.0,0.9950000047683716,-8.235624313354492,-0.8050357103347778,1.5462538116802427e-14,105.96891784667969
B,24,-20,only_T100,200,0.0,0.9899999499320984,-8.224884033203125,-0.8049564957618713,21.019134511499214,105.96891784667969
B,24,-20,only_lin,200,0.0,0.98499995470047,-8.231708526611328,-0.8053185343742371,13.91839025474125,105.96891784667969
B,24,-20,random_orth,200,0.0,0.98499995470047,-8.239660263061523,-0.8035866618156433,22.779794233672114,105.96891784667969
B,24,-20,real_diff_in_helix_subspace,200,0.0,0.9899999499320984,-8.215119361877441,-0.8055175542831421,24.958114010517278,105.96891784667969
B,24,-20,full_swap,200,0.0,0.98499995470047,-8.208186149597168,-0.806023359298706,53.287986755371094,105.96891784667969
B,25,-20,helix,200,0.0,0.98499995470047,-8.216432571411133,-0.805053174495697,23.384306730423585,110.798828125
B,25,-20,only_T2,200,0.0,0.9950000047683716,-8.235624313354492,-0.8050357103347778,0.0,110.798828125
B,25,-20,only_T5,200,0.0,0.9950000047683716,-8.235624313354492,-0.8050357103347778,3.441976255523125e-14,110.798828125
B,25,-20,only_T10,200,0.0,0.9950000047683716,-8.235624313354492,-0.8050357103347778,1.6002102971785517e-14,110.798828125
B,25,-20,only_T100,200,0.0,0.9899999499320984,-8.221083641052246,-0.8054631352424622,21.564545527520313,110.798828125
B,25,-20,only_lin,200,0.0,0.9899999499320984,-8.234210968017578,-0.8041415810585022,14.218072900966387,110.798828125
B,25,-20,random_orth,200,0.0,0.9899999499320984,-8.235758781433105,-0.8034740090370178,23.384306730423585,110.798828125
B,25,-20,real_diff_in_helix_subspace,200,0.0,0.9899999499320984,-8.212668418884277,-0.8053459525108337,25.919510398057355,110.798828125
B,25,-20,full_swap,200,0.0,0.98499995470047,-8.207040786743164,-0.8068438768386841,55.00130844116211,110.798828125
B,26,-20,helix,200,0.0,0.9899999499320984,-8.218443870544434,-0.8059750199317932,24.02923174962647,117.82650756835938
B,26,-20,only_T2,200,0.0,0.9950000047683716,-8.235624313354492,-0.8050357103347778,0.0,117.82650756835938
B,26,-20,only_T5,200,0.0,0.9950000047683716,-8.235624313354492,-0.8050357103347778,3.5333142567459344e-14,117.82650756835938
B,26,-20,only_T10,200,0.0,0.9950000047683716,-8.235624313354492,-0.8050357103347778,1.6502866152744812e-14,117.82650756835938
B,26,-20,only_T100,200,0.0,0.9899999499320984,-8.22707748413086,-0.8052850961685181,22.177003152896543,117.82650756835938
B,26,-20,only_lin,200,0.0,0.9899999499320984,-8.231850624084473,-0.8061560392379761,14.655808707563162,117.82650756835938
B,26,-20,random_orth,200,0.0,0.9950000047683716,-8.238110542297363,-0.8044605851173401,24.02923174962647,117.82650756835938
B,26,-20,real_diff_in_helix_subspace,200,0.0,0.9899999499320984,-8.216707229614258,-0.8056454062461853,26.995280212431208,117.82650756835938
B,26,-20,full_swap,200,0.0,0.98499995470047,-8.211731910705566,-0.8057292103767395,56.8492317199707,117.82650756835938
B,27,-20,helix,200,0.0,0.98499995470047,-8.228114128112793,-0.8067600131034851,24.49559363282549,126.72771453857422
B,27,-20,only_T2,200,0.0,0.9950000047683716,-8.235624313354492,-0.8050357103347778,0.0,126.72771453857422
B,27,-20,only_T5,200,0.0,0.9950000047683716,-8.235624313354492,-0.8050357103347778,3.588323679200302e-14,126.72771453857422
B,27,-20,only_T10,200,0.0,0.9950000047683716,-8.235624313354492,-0.8050357103347778,1.6897249848579227e-14,126.72771453857422
B,27,-20,only_T100,200,0.0,0.98499995470047,-8.238632202148438,-0.8050962686538696,22.656162924848644,126.72771453857422
B,27,-20,only_lin,200,0.0,0.9899999499320984,-8.22700023651123,-0.8059557676315308,14.981263056863165,126.72771453857422
B,27,-20,random_orth,200,0.0,0.9950000047683716,-8.23559856414795,-0.804563581943512,24.49559363282549,126.72771453857422
B,27,-20,real_diff_in_helix_subspace,200,0.0,0.9899999499320984,-8.23031997680664,-0.8063328266143799,27.703715348103074,126.72771453857422
B,27,-20,full_swap,200,0.0,0.9799999594688416,-8.236300468444824,-0.8075489401817322,58.092529296875,126.72771453857422
B,28,-20,helix,200,0.0,0.98499995470047,-8.229154586791992,-0.806466817855835,25.107697952853506,138.80935668945312
B,28,-20,only_T2,200,0.0,0.9950000047683716,-8.235624313354492,-0.8050357103347778,0.0,138.80935668945312
B,28,-20,only_T5,200,0.0,0.9950000047683716,-8.235624313354492,-0.8050357103347778,3.6676353549260727e-14,138.80935668945312
B,28,-20,only_T10,200,0.0,0.9950000047683716,-8.235624313354492,-0.8050357103347778,1.7380187976919027e-14,138.80935668945312
B,28,-20,only_T100,200,0.0,0.9899999499320984,-8.238512992858887,-0.8050692677497864,23.285442034409808,138.80935668945312
B,28,-20,only_lin,200,0.0,0.9899999499320984,-8.228827476501465,-0.8061763644218445,15.32999242232515,138.80935668945312
B,28,-20,random_orth,200,0.0,0.98499995470047,-8.236957550048828,-0.8048365116119385,25.107697952853506,138.80935668945312
B,28,-20,real_diff_in_helix_subspace,200,0.0,0.9899999499320984,-8.231170654296875,-0.8059564232826233,28.781511873951985,138.80935668945312
B,28,-20,full_swap,200,0.0,0.98499995470047,-8.232342720031738,-0.8072475790977478,59.787147521972656,138.80935668945312
B,29,-20,helix,200,0.0,0.9950000047683716,-8.236469268798828,-0.8051470518112183,25.678169055684666,155.3553009033203
B,29,-20,only_T2,200,0.0,0.9950000047683716,-8.235624313354492,-0.8050357103347778,0.0,155.3553009033203
B,29,-20,only_T5,200,0.0,0.9950000047683716,-8.235624313354492,-0.8050357103347778,3.73667363226746e-14,155.3553009033203
B,29,-20,only_T10,200,0.0,0.9950000047683716,-8.235624313354492,-0.8050357103347778,1.7791466922980948e-14,155.3553009033203
B,29,-20,only_T100,200,0.0,0.9950000047683716,-8.236855506896973,-0.804625928401947,23.89078372059688,155.3553009033203
B,29,-20,only_lin,200,0.0,0.9950000047683716,-8.235213279724121,-0.804928719997406,15.667652447152653,155.3553009033203
B,29,-20,random_orth,200,0.0,0.9899999499320984,-8.235307693481445,-0.8048800230026245,25.678169055684666,155.3553009033203
B,29,-20,real_diff_in_helix_subspace,200,0.0,0.9950000047683716,-8.237874984741211,-0.8048140406608582,29.853331006373363,155.3553009033203
B,29,-20,full_swap,200,0.0,0.9899999499320984,-8.238361358642578,-0.8043019771575928,61.47279739379883,155.3553009033203
B,30,-20,helix,200,0.0,0.9950000047683716,-8.236115455627441,-0.8050211668014526,26.180369316261114,178.41636657714844
B,30,-20,only_T2,200,0.0,0.9950000047683716,-8.235624313354492,-0.8050357103347778,0.0,178.41636657714844
B,30,-20,only_T5,200,0.0,0.9950000047683716,-8.235624313354492,-0.8050357103347778,3.833583097146374e-14,178.41636657714844
B,30,-20,only_T10,200,0.0,0.9950000047683716,-8.235624313354492,-0.8050357103347778,1.82055116839863e-14,178.41636657714844
B,30,-20,only_T100,200,0.0,0.9950000047683716,-8.237410545349121,-0.8050079941749573,24.475007182585404,178.41636657714844
B,30,-20,only_lin,200,0.0,0.9950000047683716,-8.235305786132812,-0.8049920201301575,15.985867672773768,178.41636657714844
B,30,-20,random_orth,200,0.0,0.9950000047683716,-8.236924171447754,-0.8051092624664307,26.180369316261114,178.41636657714844
B,30,-20,real_diff_in_helix_subspace,200,0.0,0.9950000047683716,-8.236955642700195,-0.8045737743377686,30.85757790529567,178.41636657714844
B,30,-20,full_swap,200,0.0,0.9899999499320984,-8.235772132873535,-0.804480791091919,63.06279373168945,178.41636657714844
B,31,-20,helix,200,0.0,0.9950000047683716,-8.235624313354492,-0.8050357103347778,26.469731716378018,205.51629638671875
B,31,-20,only_T2,200,0.0,0.9950000047683716,-8.235624313354492,-0.8050357103347778,0.0,205.51629638671875
B,31,-20,only_T5,200,0.0,0.9950000047683716,-8.235624313354492,-0.8050357103347778,3.883731914980063e-14,205.51629638671875
B,31,-20,only_T10,200,0.0,0.9950000047683716,-8.235624313354492,-0.8050357103347778,1.8422458705746502e-14,205.51629638671875
B,31,-20,only_T100,200,0.0,0.9950000047683716,-8.235624313354492,-0.8050357103347778,24.771672901902846,205.51629638671875
B,31,-20,only_lin,200,0.0,0.9950000047683716,-8.235624313354492,-0.8050357103347778,16.199146627575512,205.51629638671875
B,31,-20,random_orth,200,0.0,0.9950000047683716,-8.235624313354492,-0.8050357103347778,26.469731716378018,205.51629638671875
B,31,-20,real_diff_in_helix_subspace,200,0.0,0.9950000047683716,-8.235624313354492,-0.8050357103347778,31.434015979596296,205.51629638671875
B,31,-20,full_swap,200,0.0,0.9950000047683716,-8.235624313354492,-0.8050357103347778,64.2345962524414,205.51629638671875
B,0,-10,helix,200,0.17999999225139618,0.6299999952316284,-4.3400702476501465,-1.224338173866272,1.4491935160280907,7.520270347595215
B,0,-10,only_T2,200,0.0,1.0,-5.690953254699707,-0.73255455493927,0.0,7.520270347595215
B,0,-10,only_T5,200,0.0,1.0,-5.690953254699707,-0.73255455493927,2.535613422217604e-15,7.520270347595215
B,0,-10,only_T10,200,0.0,1.0,-5.690953254699707,-0.73255455493927,1.3152907006057316e-15,7.520270347595215
B,0,-10,only_T100,200,0.08999999612569809,0.7699999809265137,-4.88686466217041,-0.9141168594360352,1.3698127041546053,7.520270347595215
B,0,-10,only_lin,200,0.07000000029802322,0.8499999642372131,-5.0919270515441895,-0.8288401365280151,0.7367413897071222,7.520270347595215
B,0,-10,random_orth,200,0.0,0.9899999499320984,-5.67572021484375,-0.7385967969894409,1.4491935160280907,7.520270347595215
B,0,-10,real_diff_in_helix_subspace,200,0.17000000178813934,0.574999988079071,-4.350533485412598,-1.5778177976608276,1.6172536628517162,7.520270347595215
B,0,-10,full_swap,200,0.625,0.02499999850988388,-1.221556544303894,-4.533703804016113,6.3914408683776855,7.520270347595215
B,1,-10,helix,200,0.17499999701976776,0.6100000143051147,-4.284830570220947,-1.3023120164871216,1.7503511652971553,8.071303367614746
B,1,-10,only_T2,200,0.0,1.0,-5.690953254699707,-0.73255455493927,0.0,8.071303367614746
B,1,-10,only_T5,200,0.0,1.0,-5.690953254699707,-0.73255455493927,2.7926785358338312e-15,8.071303367614746
B,1,-10,only_T10,200,0.0,1.0,-5.690953254699707,-0.73255455493927,1.4530906975016335e-15,8.071303367614746
B,1,-10,only_T100,200,0.0949999988079071,0.7699999809265137,-4.8767313957214355,-0.9494001269340515,1.624433000657194,8.071303367614746
B,1,-10,only_lin,200,0.08999999612569809,0.8050000071525574,-5.002816200256348,-0.8572366237640381,0.9349915236599753,8.071303367614746
B,1,-10,random_orth,200,0.014999999664723873,0.9549999833106995,-5.691463947296143,-0.7330475449562073,1.7503511652971553,8.071303367614746
B,1,-10,real_diff_in_helix_subspace,200,0.1599999964237213,0.5550000071525574,-4.356040000915527,-1.6552103757858276,1.924440165226111,8.071303367614746
B,1,-10,full_swap,200,0.6299999952316284,0.02499999850988388,-1.2186893224716187,-4.518538475036621,7.010824680328369,8.071303367614746
B,2,-10,helix,200,0.17499999701976776,0.5949999690055847,-4.303122043609619,-1.3042685985565186,2.0507022245452395,10.171224594116211
B,2,-10,only_T2,200,0.0,1.0,-5.690953254699707,-0.73255455493927,0.0,10.171224594116211
B,2,-10,only_T5,200,0.0,1.0,-5.690953254699707,-0.73255455493927,3.2378589162158842e-15,10.171224594116211
B,2,-10,only_T10,200,0.0,1.0,-5.690953254699707,-0.73255455493927,1.682782233410377e-15,10.171224594116211
B,2,-10,only_T100,200,0.07999999821186066,0.7699999809265137,-4.8845906257629395,-0.9607318639755249,1.8988945112847224,10.171224594116211
B,2,-10,only_lin,200,0.09999999403953552,0.7949999570846558,-4.997720718383789,-0.8684375286102295,1.1050702286880887,10.171224594116211
B,2,-10,random_orth,200,0.019999999552965164,0.9449999928474426,-5.66397762298584,-0.7351916432380676,2.050702224545239,10.171224594116211
B,2,-10,real_diff_in_helix_subspace,200,0.1550000011920929,0.5450000166893005,-4.395336151123047,-1.6818972826004028,2.266850176660502,10.171224594116211
B,2,-10,full_swap,200,0.6299999952316284,0.029999999329447746,-1.2220968008041382,-4.497460842132568,7.983984470367432,10.171224594116211
B,3,-10,helix,200,0.17499999701976776,0.5899999737739563,-4.290538311004639,-1.3465975522994995,2.4538215590906645,12.54426383972168
B,3,-10,only_T2,200,0.0,1.0,-5.690953254699707,-0.73255455493927,0.0,12.54426383972168
B,3,-10,only_T5,200,0.0,1.0,-5.690953254699707,-0.73255455493927,3.868939088136887e-15,12.54426383972168
B,3,-10,only_T10,200,0.0,1.0,-5.690953254699707,-0.73255455493927,1.969218152329725e-15,12.54426383972168
B,3,-10,only_T100,200,0.08500000089406967,0.7599999904632568,-4.897900104522705,-0.9794951677322388,2.241611752091806,12.54426383972168
B,3,-10,only_lin,200,0.10999999940395355,0.7649999856948853,-4.955721378326416,-0.8886962532997131,1.3678236842322686,12.54426383972168
B,3,-10,random_orth,200,0.009999999776482582,0.949999988079071,-5.675511837005615,-0.7515429258346558,2.453821559090665,12.54426383972168
B,3,-10,real_diff_in_helix_subspace,200,0.1550000011920929,0.5450000166893005,-4.409054279327393,-1.7096993923187256,2.7218225257233097,12.54426383972168
B,3,-10,full_swap,200,0.6349999904632568,0.02499999850988388,-1.215043067932129,-4.495458126068115,9.132950782775879,12.54426383972168
B,4,-10,helix,200,0.1850000023841858,0.5849999785423279,-4.318042278289795,-1.3200442790985107,2.8604060057629725,15.14111328125
B,4,-10,only_T2,200,0.0,1.0,-5.690953254699707,-0.73255455493927,0.0,15.14111328125
B,4,-10,only_T5,200,0.0,1.0,-5.690953254699707,-0.73255455493927,4.299380805109991e-15,15.14111328125
B,4,-10,only_T10,200,0.0,1.0,-5.690953254699707,-0.73255455493927,2.1793040645890127e-15,15.14111328125
B,4,-10,only_T100,200,0.08500000089406967,0.75,-4.912747383117676,-0.9759731888771057,2.590508188935562,15.14111328125
B,4,-10,only_lin,200,0.09999999403953552,0.7799999713897705,-4.962182521820068,-0.8861130475997925,1.5912522934415705,15.14111328125
B,4,-10,random_orth,200,0.014999999664723873,0.9599999785423279,-5.6339545249938965,-0.7341873645782471,2.860406005762972,15.14111328125
B,4,-10,real_diff_in_helix_subspace,200,0.14999999105930328,0.5450000166893005,-4.449550151824951,-1.6880204677581787,3.1613778827273653,15.14111328125
B,4,-10,full_swap,200,0.6349999904632568,0.029999999329447746,-1.2190170288085938,-4.468540191650391,10.333566665649414,15.14111328125
B,5,-10,helix,200,0.17999999225139618,0.5999999642372131,-4.333868503570557,-1.315093994140625,3.3788755877316192,17.812911987304688
B,5,-10,only_T2,200,0.0,1.0,-5.690953254699707,-0.73255455493927,0.0,17.812911987304688
B,5,-10,only_T5,200,0.0,1.0,-5.690953254699707,-0.73255455493927,4.971068028919153e-15,17.812911987304688
B,5,-10,only_T10,200,0.0,1.0,-5.690953254699707,-0.73255455493927,2.527212530312783e-15,17.812911987304688
B,5,-10,only_T100,200,0.07999999821186066,0.7549999952316284,-4.940194129943848,-0.9927380084991455,3.0463571021106772,17.812911987304688
B,5,-10,only_lin,200,0.10999999940395355,0.7699999809265137,-4.947807312011719,-0.9211779832839966,1.8848109696751294,17.812911987304688
B,5,-10,random_orth,200,0.009999999776482582,0.9449999928474426,-5.677526950836182,-0.7364080548286438,3.378875587731619,17.812911987304688
B,5,-10,real_diff_in_helix_subspace,200,0.1599999964237213,0.5600000023841858,-4.478590488433838,-1.6601154804229736,3.6948066259823498,17.812911987304688
B,5,-10,full_swap,200,0.625,0.02499999850988388,-1.2190425395965576,-4.43888521194458,12.178049087524414,17.812911987304688
B,6,-10,helix,200,0.17999999225139618,0.5899999737739563,-4.340725898742676,-1.3124678134918213,3.8354953787510744,21.33649253845215
B,6,-10,only_T2,200,0.0,1.0,-5.690953254699707,-0.73255455493927,0.0,21.33649253845215
B,6,-10,only_T5,200,0.0,1.0,-5.690953254699707,-0.73255455493927,5.4979401115826005e-15,21.33649253845215
B,6,-10,only_T10,200,0.0,1.0,-5.690953254699707,-0.73255455493927,2.8268382961396542e-15,21.33649253845215
B,6,-10,only_T100,200,0.07999999821186066,0.75,-4.931729793548584,-0.9950627088546753,3.449321511638752,21.33649253845215
B,6,-10,only_lin,200,0.11499999463558197,0.7549999952316284,-4.948424816131592,-0.9358270168304443,2.1580741871810254,21.33649253845215
B,6,-10,random_orth,200,0.02499999850988388,0.9300000071525574,-5.644315242767334,-0.755217969417572,3.835495378751074,21.33649253845215
B,6,-10,real_diff_in_helix_subspace,200,0.1599999964237213,0.550000011920929,-4.510121822357178,-1.6606876850128174,4.190191125345026,21.33649253845215
B,6,-10,full_swap,200,0.6299999952316284,0.02499999850988388,-1.2128932476043701,-4.426558017730713,13.710977554321289,21.33649253845215
B,7,-10,helix,200,0.17999999225139618,0.5799999833106995,-4.3596086502075195,-1.3022509813308716,4.29678457181583,24.655000686645508
B,7,-10,only_T2,200,0.0,1.0,-5.690953254699707,-0.73255455493927,0.0,24.655000686645508
B,7,-10,only_T5,200,0.0,1.0,-5.690953254699707,-0.73255455493927,6.008940415457827e-15,24.655000686645508
B,7,-10,only_T10,200,0.0,1.0,-5.690953254699707,-0.73255455493927,3.0997217981662655e-15,24.655000686645508
B,7,-10,only_T100,200,0.07999999821186066,0.75,-4.9505534172058105,-1.000696063041687,3.8455450094029846,24.655000686645508
B,7,-10,only_lin,200,0.11499999463558197,0.7649999856948853,-4.956284999847412,-0.935515284538269,2.420990893912052,24.655000686645508
B,7,-10,random_orth,200,0.014999999664723873,0.949999988079071,-5.673150062561035,-0.7494364976882935,4.29678457181583,24.655000686645508
B,7,-10,real_diff_in_helix_subspace,200,0.1550000011920929,0.5299999713897705,-4.545244216918945,-1.6483385562896729,4.686084876484018,24.655000686645508
B,7,-10,full_swap,200,0.6499999761581421,0.019999999552965164,-1.2033305168151855,-4.406937122344971,15.2706937789917,24.655000686645508
B,8,-10,helix,200,0.17000000178813934,0.6049999594688416,-4.377640247344971,-1.2784584760665894,4.693993180970025,27.904088973999023
B,8,-10,only_T2,200,0.0,1.0,-5.690953254699707,-0.73255455493927,0.0,27.904088973999023
B,8,-10,only_T5,200,0.0,1.0,-5.690953254699707,-0.73255455493927,6.523844593357853e-15,27.904088973999023
B,8,-10,only_T10,200,0.0,1.0,-5.690953254699707,-0.73255455493927,3.361666142330182e-15,27.904088973999023
B,8,-10,only_T100,200,0.08500000089406967,0.75,-4.962131500244141,-1.0097270011901855,4.201983248187753,27.904088973999023
B,8,-10,only_lin,200,0.10499999672174454,0.7749999761581421,-4.9603681564331055,-0.9261326193809509,2.6333165204285636,27.904088973999023
B,8,-10,random_orth,200,0.009999999776482582,0.9549999833106995,-5.657252788543701,-0.7319523692131042,4.693993180970025,27.904088973999023
B,8,-10,real_diff_in_helix_subspace,200,0.1550000011920929,0.5399999618530273,-4.626648902893066,-1.6683393716812134,5.130635031047625,27.904088973999023
B,8,-10,full_swap,200,0.6449999809265137,0.019999999552965164,-1.1811985969543457,-4.326546669006348,16.59406852722168,27.904088973999023
B,9,-10,helix,200,0.16499999165534973,0.5999999642372131,-4.3773417472839355,-1.2853763103485107,5.041578620590269,30.684988021850586
B,9,-10,only_T2,200,0.0,1.0,-5.690953254699707,-0.73255455493927,0.0,30.684988021850586
B,9,-10,only_T5,200,0.0,1.0,-5.690953254699707,-0.73255455493927,7.041715551282166e-15,30.684988021850586
B,9,-10,only_T10,200,0.0,1.0,-5.690953254699707,-0.73255455493927,3.590384044559344e-15,30.684988021850586
B,9,-10,only_T100,200,0.08999999612569809,0.75,-4.9742431640625,-1.0309280157089233,4.5216944490657465,30.684988021850586
B,9,-10,only_lin,200,0.10999999940395355,0.7699999809265137,-4.949006080627441,-0.9343779683113098,2.824634700090428,30.684988021850586
B,9,-10,random_orth,200,0.009999999776482582,0.9399999976158142,-5.692801475524902,-0.7377901077270508,5.041578620590269,30.684988021850586
B,9,-10,real_diff_in_helix_subspace,200,0.14499999582767487,0.5149999856948853,-4.673841953277588,-1.7007482051849365,5.546709697989588,30.684988021850586
B,9,-10,full_swap,200,0.625,0.019999999552965164,-1.1819452047348022,-4.334433078765869,17.927139282226562,30.684988021850586
B,10,-10,helix,200,0.16499999165534973,0.5999999642372131,-4.375177383422852,-1.302499771118164,5.474985327554621,33.282020568847656
B,10,-10,only_T2,200,0.0,1.0,-5.690953254699707,-0.73255455493927,0.0,33.282020568847656
B,10,-10,only_T5,200,0.0,1.0,-5.690953254699707,-0.73255455493927,7.754767687636533e-15,33.282020568847656
B,10,-10,only_T10,200,0.0,1.0,-5.690953254699707,-0.73255455493927,3.931301509390999e-15,33.282020568847656
B,10,-10,only_T100,200,0.08999999612569809,0.7450000047683716,-4.967833995819092,-1.0488711595535278,4.922390456530657,33.282020568847656
B,10,-10,only_lin,200,0.10999999940395355,0.7649999856948853,-4.944516658782959,-0.9409706592559814,3.032597612328067,33.282020568847656
B,10,-10,random_orth,200,0.004999999888241291,0.9599999785423279,-5.669473648071289,-0.7328290939331055,5.474985327554621,33.282020568847656
B,10,-10,real_diff_in_helix_subspace,200,0.14000000059604645,0.5099999904632568,-4.72111701965332,-1.7696537971496582,6.121961581910418,33.282020568847656
B,10,-10,full_swap,200,0.6449999809265137,0.02499999850988388,-1.1855928897857666,-4.335221290588379,19.751300811767578,33.282020568847656
B,11,-10,helix,200,0.13499999046325684,0.6699999570846558,-4.572860240936279,-1.0936778783798218,6.01744839599354,38.218536376953125
B,11,-10,only_T2,200,0.0,1.0,-5.690953254699707,-0.73255455493927,0.0,38.218536376953125
B,11,-10,only_T5,200,0.0,1.0,-5.690953254699707,-0.73255455493927,8.688651447442262e-15,38.218536376953125
B,11,-10,only_T10,200,0.0,1.0,-5.690953254699707,-0.73255455493927,4.3875128563382154e-15,38.218536376953125
B,11,-10,only_T100,200,0.07999999821186066,0.7699999809265137,-5.099605083465576,-0.9584885835647583,5.419496789711957,38.218536376953125
B,11,-10,only_lin,200,0.0949999988079071,0.8100000023841858,-5.097379207611084,-0.852997899055481,3.282252634619805,38.218536376953125
B,11,-10,random_orth,200,0.004999999888241291,0.9649999737739563,-5.691580772399902,-0.72990483045578,6.01744839599354,38.218536376953125
B,11,-10,real_diff_in_helix_subspace,200,0.14000000059604645,0.5199999809265137,-4.913951396942139,-1.5871728658676147,6.853991204955025,38.218536376953125
B,11,-10,full_swap,200,0.7149999737739563,0.044999998062849045,-1.0661470890045166,-3.877002239227295,21.805498123168945,38.218536376953125
B,12,-10,helix,200,0.07499999552965164,0.8349999785423279,-4.84716796875,-0.8077095746994019,6.423365899942487,41.345458984375
B,12,-10,only_T2,200,0.0,1.0,-5.690953254699707,-0.73255455493927,0.0,41.345458984375
B,12,-10,only_T5,200,0.0,1.0,-5.690953254699707,-0.73255455493927,9.556587196647824e-15,41.345458984375
B,12,-10,only_T10,200,0.0,1.0,-5.690953254699707,-0.73255455493927,4.869850692000381e-15,41.345458984375
B,12,-10,only_T100,200,0.05999999865889549,0.8449999690055847,-5.210747718811035,-0.7715473771095276,5.800642034068871,41.345458984375
B,12,-10,only_lin,200,0.06499999761581421,0.8899999856948853,-5.334163188934326,-0.7448937892913818,3.484826756667338,41.345458984375
B,12,-10,random_orth,200,0.004999999888241291,0.9749999642372131,-5.682340145111084,-0.7242255806922913,6.423365899942487,41.345458984375
B,12,-10,real_diff_in_helix_subspace,200,0.08500000089406967,0.7400000095367432,-4.937300205230713,-0.9733834862709045,7.352019275562936,41.345458984375
B,12,-10,full_swap,200,0.47999998927116394,0.35999998450279236,-1.6570570468902588,-2.0273234844207764,23.729814529418945,41.345458984375
B,13,-10,helix,200,0.054999999701976776,0.8650000095367432,-5.179686069488525,-0.796965479850769,6.945217966595756,45.58904266357422
B,13,-10,only_T2,200,0.0,1.0,-5.690953254699707,-0.73255455493927,0.0,45.58904266357422
B,13,-10,only_T5,200,0.0,1.0,-5.690953254699707,-0.73255455493927,1.0379765311185747e-14,45.58904266357422
B,13,-10,only_T10,200,0.0,1.0,-5.690953254699707,-0.73255455493927,5.33362493814896e-15,45.58904266357422
B,13,-10,only_T100,200,0.03500000014901161,0.8899999856948853,-5.43475341796875,-0.7638733983039856,6.265467745540484,45.58904266357422
B,13,-10,only_lin,200,0.06499999761581421,0.9049999713897705,-5.446242332458496,-0.7621041536331177,3.785391482642879,45.58904266357422
B,13,-10,random_orth,200,0.0,0.9950000047683716,-5.684262752532959,-0.7259743213653564,6.945217966595756,45.58904266357422
B,13,-10,real_diff_in_helix_subspace,200,0.07000000029802322,0.7999999523162842,-5.191812038421631,-0.9007490277290344,8.03891134899172,45.58904266357422
B,13,-10,full_swap,200,0.23999999463558197,0.6150000095367432,-3.0840885639190674,-1.380845308303833,25.687339782714844,45.58904266357422
B,14,-10,helix,200,0.029999999329447746,0.9449999928474426,-5.4314866065979,-0.6943289041519165,7.351227222616372,50.94926452636719
B,14,-10,only_T2,200,0.0,1.0,-5.690953254699707,-0.73255455493927,0.0,50.94926452636719
B,14,-10,only_T5,200,0.0,1.0,-5.690953254699707,-0.73255455493927,1.10673001197383e-14,50.94926452636719
B,14,-10,only_T10,200,0.0,1.0,-5.690953254699707,-0.73255455493927,5.675215882527369e-15,50.94926452636719
B,14,-10,only_T100,200,0.014999999664723873,0.9549999833106995,-5.538348197937012,-0.7063090205192566,6.635700240268791,50.94926452636719
B,14,-10,only_lin,200,0.03500000014901161,0.9449999928474426,-5.593717098236084,-0.7154157757759094,3.991267355030309,50.94926452636719
B,14,-10,random_orth,200,0.0,0.9749999642372131,-5.681517124176025,-0.7317273020744324,7.351227222616372,50.94926452636719
B,14,-10,real_diff_in_helix_subspace,200,0.03500000014901161,0.9199999570846558,-5.415496826171875,-0.7104764580726624,8.654316615382747,50.94926452636719
B,14,-10,full_swap,200,0.08999999612569809,0.8449999690055847,-4.160536289215088,-0.8392903208732605,27.463603973388672,50.94926452636719
B,15,-10,helix,200,0.014999999664723873,0.9549999833106995,-5.470126628875732,-0.6900457739830017,7.991505958025055,55.713741302490234
B,15,-10,only_T2,200,0.0,1.0,-5.690953254699707,-0.73255455493927,0.0,55.713741302490234
B,15,-10,only_T5,200,0.0,1.0,-5.690953254699707,-0.73255455493927,1.2265711807549689e-14,55.713741302490234
B,15,-10,only_T10,200,0.0,1.0,-5.690953254699707,-0.73255455493927,6.1154480095036605e-15,55.713741302490234
B,15,-10,only_T100,200,0.014999999664723873,0.9649999737739563,-5.544346809387207,-0.7044456601142883,7.217812526077133,55.713741302490234
B,15,-10,only_lin,200,0.029999999329447746,0.9549999833106995,-5.61973237991333,-0.7137002348899841,4.303561256925733,55.713741302490234
B,15,-10,random_orth,200,0.0,0.98499995470047,-5.69068717956543,-0.7318134903907776,7.991505958025055,55.713741302490234
B,15,-10,real_diff_in_helix_subspace,200,0.029999999329447746,0.9249999523162842,-5.447318077087402,-0.7054014205932617,9.570966133407245,55.713741302490234
B,15,-10,full_swap,200,0.07999999821186066,0.8499999642372131,-4.219585418701172,-0.8262051343917847,29.691883087158203,55.713741302490234
B,16,-10,helix,200,0.019999999552965164,0.949999988079071,-5.486552715301514,-0.690156102180481,8.695887257551288,60.44459915161133
B,16,-10,only_T2,200,0.0,1.0,-5.690953254699707,-0.73255455493927,0.0,60.44459915161133
B,16,-10,only_T5,200,0.0,1.0,-5.690953254699707,-0.73255455493927,1.3631718828733379e-14,60.44459915161133
B,16,-10,only_T10,200,0.0,1.0,-5.690953254699707,-0.73255455493927,6.77433742495915e-15,60.44459915161133
B,16,-10,only_T100,200,0.019999999552965164,0.9649999737739563,-5.54581880569458,-0.706384539604187,7.859791099861353,60.44459915161133
B,16,-10,only_lin,200,0.019999999552965164,0.9649999737739563,-5.635870933532715,-0.7130493521690369,4.683399918160449,60.44459915161133
B,16,-10,random_orth,200,0.004999999888241291,0.9899999499320984,-5.686832904815674,-0.7323252558708191,8.695887257551288,60.44459915161133
B,16,-10,real_diff_in_helix_subspace,200,0.029999999329447746,0.9449999928474426,-5.468438625335693,-0.7001646757125854,10.624439668155103,60.44459915161133
B,16,-10,full_swap,200,0.07000000029802322,0.875,-4.450292110443115,-0.7791206240653992,32.473567962646484,60.44459915161133
B,17,-10,helix,200,0.02499999850988388,0.9599999785423279,-5.520216464996338,-0.6905244588851929,9.33047944921259,66.9288558959961
B,17,-10,only_T2,200,0.0,1.0,-5.690953254699707,-0.73255455493927,0.0,66.9288558959961
B,17,-10,only_T5,200,0.0,1.0,-5.690953254699707,-0.73255455493927,1.4562949411223224e-14,66.9288558959961
B,17,-10,only_T10,200,0.0,1.0,-5.690953254699707,-0.73255455493927,7.242096892540549e-15,66.9288558959961
B,17,-10,only_T100,200,0.014999999664723873,0.9599999785423279,-5.570991039276123,-0.7074869871139526,8.424302440751156,66.9288558959961
B,17,-10,only_lin,200,0.019999999552965164,0.9649999737739563,-5.64167594909668,-0.7152089476585388,5.034464289173202,66.9288558959961
B,17,-10,random_orth,200,0.004999999888241291,0.9799999594688416,-5.693262577056885,-0.72911137342453,9.33047944921259,66.9288558959961
B,17,-10,real_diff_in_helix_subspace,200,0.02499999850988388,0.9449999928474426,-5.497007846832275,-0.6980190277099609,11.449519704928749,66.9288558959961
B,17,-10,full_swap,200,0.054999999701976776,0.8849999904632568,-4.572859287261963,-0.7766959071159363,34.84782409667969,66.9288558959961
B,18,-10,helix,200,0.019999999552965164,0.9649999737739563,-5.566363334655762,-0.6987854838371277,9.909769506731028,72.84392547607422
B,18,-10,only_T2,200,0.0,1.0,-5.690953254699707,-0.73255455493927,0.0,72.84392547607422
B,18,-10,only_T5,200,0.0,1.0,-5.690953254699707,-0.73255455493927,1.5535184225657053e-14,72.84392547607422
B,18,-10,only_T10,200,0.0,1.0,-5.690953254699707,-0.73255455493927,7.709644821138494e-15,72.84392547607422
B,18,-10,only_T100,200,0.009999999776482582,0.9799999594688416,-5.59896183013916,-0.7072768211364746,8.917104214871879,72.84392547607422
B,18,-10,only_lin,200,0.019999999552965164,0.9649999737739563,-5.664124488830566,-0.7214124202728271,5.364378106569929,72.84392547607422
B,18,-10,random_orth,200,0.004999999888241291,0.9899999499320984,-5.691456317901611,-0.7321889400482178,9.909769506731028,72.84392547607422
B,18,-10,real_diff_in_helix_subspace,200,0.02499999850988388,0.9549999833106995,-5.554664134979248,-0.7008846402168274,12.351365958304656,72.84392547607422
B,18,-10,full_swap,200,0.04999999701976776,0.8999999761581421,-4.909549236297607,-0.7395826578140259,37.276649475097656,72.84392547607422
B,19,-10,helix,200,0.009999999776482582,0.98499995470047,-5.631961345672607,-0.723121166229248,10.390871358778373,80.03255462646484
B,19,-10,only_T2,200,0.0,1.0,-5.690953254699707,-0.73255455493927,0.0,80.03255462646484
B,19,-10,only_T5,200,0.0,1.0,-5.690953254699707,-0.73255455493927,1.639818634721574e-14,80.03255462646484
B,19,-10,only_T10,200,0.0,1.0,-5.690953254699707,-0.73255455493927,8.077615444818025e-15,80.03255462646484
B,19,-10,only_T100,200,0.014999999664723873,0.9799999594688416,-5.638477802276611,-0.7245317101478577,9.344918151015092,80.03255462646484
B,19,-10,only_lin,200,0.004999999888241291,0.9899999499320984,-5.685632228851318,-0.7309491038322449,5.636850574657202,80.03255462646484
B,19,-10,random_orth,200,0.0,0.9950000047683716,-5.6927385330200195,-0.7352965474128723,10.39087135877837,80.03255462646484
B,19,-10,real_diff_in_helix_subspace,200,0.009999999776482582,0.9799999594688416,-5.612515926361084,-0.7252159714698792,13.180038069116403,80.03255462646484
B,19,-10,full_swap,200,0.03500000014901161,0.9249999523162842,-5.471005916595459,-0.7327984571456909,39.36085891723633,80.03255462646484
B,20,-10,helix,200,0.009999999776482582,0.98499995470047,-5.632252216339111,-0.7240263223648071,10.989655181596799,85.57962036132812
B,20,-10,only_T2,200,0.0,1.0,-5.690953254699707,-0.73255455493927,0.0,85.57962036132812
B,20,-10,only_T5,200,0.0,1.0,-5.690953254699707,-0.73255455493927,1.7341091412536354e-14,85.57962036132812
B,20,-10,only_T10,200,0.0,1.0,-5.690953254699707,-0.73255455493927,8.463847933677317e-15,85.57962036132812
B,20,-10,only_T100,200,0.014999999664723873,0.98499995470047,-5.638946533203125,-0.7254678010940552,9.851189109760918,85.57962036132812
B,20,-10,only_lin,200,0.004999999888241291,0.9899999499320984,-5.68745756149292,-0.7299832701683044,5.97842503583114,85.57962036132812
B,20,-10,random_orth,200,0.0,0.9950000047683716,-5.691483020782471,-0.7327677607536316,10.989655181596799,85.57962036132812
B,20,-10,real_diff_in_helix_subspace,200,0.009999999776482582,0.9799999594688416,-5.613856792449951,-0.727118968963623,14.077571264033786,85.57962036132812
B,20,-10,full_swap,200,0.029999999329447746,0.9350000023841858,-5.469480991363525,-0.7341321110725403,41.584327697753906,85.57962036132812
B,21,-10,helix,200,0.014999999664723873,0.9799999594688416,-5.631102561950684,-0.7216931581497192,11.494342238880764,90.71888732910156
B,21,-10,only_T2,200,0.0,1.0,-5.690953254699707,-0.73255455493927,0.0,90.71888732910156
B,21,-10,only_T5,200,0.0,1.0,-5.690953254699707,-0.73255455493927,1.8129939840022677e-14,90.71888732910156
B,21,-10,only_T10,200,0.0,1.0,-5.690953254699707,-0.73255455493927,8.834842137306953e-15,90.71888732910156
B,21,-10,only_T100,200,0.014999999664723873,0.9799999594688416,-5.640553951263428,-0.7237303853034973,10.300150542765005,90.71888732910156
B,21,-10,only_lin,200,0.004999999888241291,0.9899999499320984,-5.683487892150879,-0.7295658588409424,6.25578511819328,90.71888732910156
B,21,-10,random_orth,200,0.0,1.0,-5.691809177398682,-0.7313429117202759,11.494342238880764,90.71888732910156
B,21,-10,real_diff_in_helix_subspace,200,0.009999999776482582,0.9799999594688416,-5.618630409240723,-0.7273338437080383,14.887915163888179,90.71888732910156
B,21,-10,full_swap,200,0.029999999329447746,0.9449999928474426,-5.508460521697998,-0.7272768020629883,43.5443000793457,90.71888732910156
B,22,-10,helix,200,0.014999999664723873,0.9799999594688416,-5.625280857086182,-0.7218490242958069,11.957639948307506,97.23657989501953
B,22,-10,only_T2,200,0.0,1.0,-5.690953254699707,-0.73255455493927,0.0,97.23657989501953
B,22,-10,only_T5,200,0.0,1.0,-5.690953254699707,-0.73255455493927,1.887803577584368e-14,97.23657989501953
B,22,-10,only_T10,200,0.0,1.0,-5.690953254699707,-0.73255455493927,9.24124142240525e-15,97.23657989501953
B,22,-10,only_T100,200,0.014999999664723873,0.9799999594688416,-5.635648727416992,-0.7246257066726685,10.707603950862598,97.23657989501953
B,22,-10,only_lin,200,0.004999999888241291,0.9899999499320984,-5.681612491607666,-0.7295798063278198,6.522786792984635,97.23657989501953
B,22,-10,random_orth,200,0.004999999888241291,0.9950000047683716,-5.693279266357422,-0.7323533296585083,11.957639948307506,97.23657989501953
B,22,-10,real_diff_in_helix_subspace,200,0.009999999776482582,0.9749999642372131,-5.612897872924805,-0.7287508249282837,15.784215493014567,97.23657989501953
B,22,-10,full_swap,200,0.029999999329447746,0.9449999928474426,-5.504489421844482,-0.7286785840988159,45.418663024902344,97.23657989501953
B,23,-10,helix,200,0.009999999776482582,0.9799999594688416,-5.682982444763184,-0.7330369353294373,12.399398885623645,101.82736206054688
B,23,-10,only_T2,200,0.0,1.0,-5.690953254699707,-0.73255455493927,0.0,101.82736206054688
B,23,-10,only_T5,200,0.0,1.0,-5.690953254699707,-0.73255455493927,1.960741999231922e-14,101.82736206054688
B,23,-10,only_T10,200,0.0,1.0,-5.690953254699707,-0.73255455493927,9.612751890997165e-15,101.82736206054688
B,23,-10,only_T100,200,0.014999999664723873,0.98499995470047,-5.680405139923096,-0.7341701984405518,11.075341326675666,101.82736206054688
B,23,-10,only_lin,200,0.004999999888241291,0.9899999499320984,-5.689852237701416,-0.7306597828865051,6.7884819383817785,101.82736206054688
B,23,-10,random_orth,200,0.0,0.98499995470047,-5.692795276641846,-0.7320472002029419,12.399398885623645,101.82736206054688
B,23,-10,real_diff_in_helix_subspace,200,0.009999999776482582,0.9749999642372131,-5.674020290374756,-0.7412238717079163,16.574090189176676,101.82736206054688
B,23,-10,full_swap,200,0.02499999850988388,0.9449999928474426,-5.6179423332214355,-0.7418777346611023,47.22013854980469,101.82736206054688
B,24,-10,helix,200,0.0,1.0,-5.684982776641846,-0.7311691045761108,12.6712800444835,106.10945129394531
B,24,-10,only_T2,200,0.0,1.0,-5.690953254699707,-0.73255455493927,0.0,106.10945129394531
B,24,-10,only_T5,200,0.0,1.0,-5.690953254699707,-0.73255455493927,2.0153228471394774e-14,106.10945129394531
B,24,-10,only_T10,200,0.0,1.0,-5.690953254699707,-0.73255455493927,9.91969402503399e-15,106.10945129394531
B,24,-10,only_T100,200,0.0,1.0,-5.687901020050049,-0.7311088442802429,11.317956107979965,106.10945129394531
B,24,-10,only_lin,200,0.0,1.0,-5.687814712524414,-0.7319653034210205,6.959195127370624,106.10945129394531
B,24,-10,random_orth,200,0.0,1.0,-5.692172527313232,-0.7322908043861389,12.6712800444835,106.10945129394531
B,24,-10,real_diff_in_helix_subspace,200,0.0,1.0,-5.679744243621826,-0.7309374213218689,17.22802201575035,106.10945129394531
B,24,-10,full_swap,200,0.0,1.0,-5.67634391784668,-0.7303274273872375,48.6508903503418,106.10945129394531
B,25,-10,helix,200,0.0,1.0,-5.682766437530518,-0.7310800552368164,12.997736060381785,111.0922622680664
B,25,-10,only_T2,200,0.0,1.0,-5.690953254699707,-0.73255455493927,0.0,111.0922622680664
B,25,-10,only_T5,200,0.0,1.0,-5.690953254699707,-0.73255455493927,2.06528951033214e-14,111.0922622680664
B,25,-10,only_T10,200,0.0,1.0,-5.690953254699707,-0.73255455493927,1.0263181565492062e-14,111.0922622680664
B,25,-10,only_T100,200,0.0,1.0,-5.68711519241333,-0.7314107418060303,11.60633711983483,111.0922622680664
B,25,-10,only_lin,200,0.0,1.0,-5.690327167510986,-0.7319797873497009,7.109036450483193,111.0922622680664
B,25,-10,random_orth,200,0.0,1.0,-5.690840721130371,-0.7313145399093628,12.997736060381785,111.0922622680664
B,25,-10,real_diff_in_helix_subspace,200,0.0,1.0,-5.6821417808532715,-0.7309548258781433,18.122187685489653,111.0922622680664
B,25,-10,full_swap,200,0.0,1.0,-5.675720691680908,-0.7306176424026489,50.25210952758789,111.0922622680664
B,26,-10,helix,200,0.0,1.0,-5.683979511260986,-0.7316197156906128,13.36572602256736,118.19185638427734
B,26,-10,only_T2,200,0.0,1.0,-5.690953254699707,-0.73255455493927,0.0,118.19185638427734
B,26,-10,only_T5,200,0.0,1.0,-5.690953254699707,-0.73255455493927,2.117659578673918e-14,118.19185638427734
B,26,-10,only_T10,200,0.0,1.0,-5.690953254699707,-0.73255455493927,1.059826397170698e-14,118.19185638427734
B,26,-10,only_T100,200,0.0,1.0,-5.687563419342041,-0.7312740683555603,11.937376391979065,118.19185638427734
B,26,-10,only_lin,200,0.0,1.0,-5.687333106994629,-0.7322854399681091,7.32790435378158,118.19185638427734
B,26,-10,random_orth,200,0.0,1.0,-5.69075345993042,-0.7316177487373352,13.36572602256736,118.19185638427734
B,26,-10,real_diff_in_helix_subspace,200,0.0,1.0,-5.680690765380859,-0.7322478890419006,19.103842699563252,118.19185638427734
B,26,-10,full_swap,200,0.0,0.9950000047683716,-5.677148342132568,-0.730145275592804,51.9874267578125,118.19185638427734
B,27,-10,helix,200,0.0,1.0,-5.686883449554443,-0.732685923576355,13.634115250555656,127.181396484375
B,27,-10,only_T2,200,0.0,1.0,-5.690953254699707,-0.73255455493927,0.0,127.181396484375
B,27,-10,only_T5,200,0.0,1.0,-5.690953254699707,-0.73255455493927,2.1471727848829323e-14,127.181396484375
B,27,-10,only_T10,200,0.0,1.0,-5.690953254699707,-0.73255455493927,1.0860515391640874e-14,127.181396484375
B,27,-10,only_T100,200,0.0,1.0,-5.691040992736816,-0.731780469417572,12.194499268186286,127.181396484375
B,27,-10,only_lin,200,0.0,1.0,-5.688204765319824,-0.7329739928245544,7.4906315284315825,127.181396484375
B,27,-10,random_orth,200,0.0,1.0,-5.69062614440918,-0.731978714466095,13.634115250555656,127.181396484375
B,27,-10,real_diff_in_helix_subspace,200,0.0,1.0,-5.686643123626709,-0.7325322031974792,19.85637836378112,127.181396484375
B,27,-10,full_swap,200,0.0,1.0,-5.6908392906188965,-0.7320031523704529,53.17466354370117,127.181396484375
B,28,-10,helix,200,0.0,1.0,-5.688144207000732,-0.7323246002197266,13.995105768021377,139.49708557128906
B,28,-10,only_T2,200,0.0,1.0,-5.690953254699707,-0.73255455493927,0.0,139.49708557128906
B,28,-10,only_T5,200,0.0,1.0,-5.690953254699707,-0.73255455493927,2.1902922799558387e-14,139.49708557128906
B,28,-10,only_T10,200,0.0,1.0,-5.690953254699707,-0.73255455493927,1.1187254929649531e-14,139.49708557128906
B,28,-10,only_T100,200,0.0,1.0,-5.691166877746582,-0.7318962812423706,12.542518913055428,139.49708557128906
B,28,-10,only_lin,200,0.0,1.0,-5.686643123626709,-0.7329915165901184,7.664996211162576,139.49708557128906
B,28,-10,random_orth,200,0.0,1.0,-5.690739631652832,-0.7317838072776794,13.995105768021377,139.49708557128906
B,28,-10,real_diff_in_helix_subspace,200,0.0,1.0,-5.687149524688721,-0.7323579788208008,20.907064713967134,139.49708557128906
B,28,-10,full_swap,200,0.0,1.0,-5.691824913024902,-0.7313846945762634,54.74380874633789,139.49708557128906
B,29,-10,helix,200,0.0,1.0,-5.690620422363281,-0.7324619293212891,14.338246236060472,156.2926788330078
B,29,-10,only_T2,200,0.0,1.0,-5.690953254699707,-0.73255455493927,0.0,156.2926788330078
B,29,-10,only_T5,200,0.0,1.0,-5.690953254699707,-0.73255455493927,2.2286510099650565e-14,156.2926788330078
B,29,-10,only_T10,200,0.0,1.0,-5.690953254699707,-0.73255455493927,1.1458908716092867e-14,156.2926788330078
B,29,-10,only_T100,200,0.0,1.0,-5.691656589508057,-0.7318060398101807,12.882945297223733,156.2926788330078
B,29,-10,only_lin,200,0.0,1.0,-5.689342021942139,-0.73245769739151,7.8338262235763265,156.2926788330078
B,29,-10,random_orth,200,0.0,1.0,-5.69115686416626,-0.7319995164871216,14.338246236060472,156.2926788330078
B,29,-10,real_diff_in_helix_subspace,200,0.0,1.0,-5.691343784332275,-0.7322884202003479,21.919366177777636,156.2926788330078
B,29,-10,full_swap,200,0.0,0.9950000047683716,-5.69212532043457,-0.7322486639022827,56.21044921875,156.2926788330078
B,30,-10,helix,200,0.0,1.0,-5.69133186340332,-0.7322102785110474,14.641410438980765,179.54066467285156
B,30,-10,only_T2,200,0.0,1.0,-5.690953254699707,-0.73255455493927,0.0,179.54066467285156
B,30,-10,only_T5,200,0.0,1.0,-5.690953254699707,-0.73255455493927,2.279816378860203e-14,179.54066467285156
B,30,-10,only_T10,200,0.0,1.0,-5.690953254699707,-0.73255455493927,1.1731738560408962e-14,179.54066467285156
B,30,-10,only_T100,200,0.0,1.0,-5.690667152404785,-0.7323006391525269,13.20359962368167,179.54066467285156
B,30,-10,only_lin,200,0.0,1.0,-5.690732479095459,-0.7323605418205261,7.992933836386884,179.54066467285156
B,30,-10,random_orth,200,0.0,1.0,-5.690013885498047,-0.7323963642120361,14.641410438980763,179.54066467285156
B,30,-10,real_diff_in_helix_subspace,200,0.0,1.0,-5.690648078918457,-0.7322307229042053,22.979036583001797,179.54066467285156
B,30,-10,full_swap,200,0.0,1.0,-5.692193508148193,-0.731818675994873,57.67897033691406,179.54066467285156
B,31,-10,helix,200,0.0,1.0,-5.690953254699707,-0.73255455493927,14.803988025936201,206.74179077148438
B,31,-10,only_T2,200,0.0,1.0,-5.690953254699707,-0.73255455493927,0.0,206.74179077148438
B,31,-10,only_T5,200,0.0,1.0,-5.690953254699707,-0.73255455493927,2.3101834894863293e-14,206.74179077148438
B,31,-10,only_T10,200,0.0,1.0,-5.690953254699707,-0.73255455493927,1.1867744352216319e-14,206.74179077148438
B,31,-10,only_T100,200,0.0,1.0,-5.690953254699707,-0.73255455493927,13.35880681870443,206.74179077148438
B,31,-10,only_lin,200,0.0,1.0,-5.690953254699707,-0.73255455493927,8.099573313787754,206.74179077148438
B,31,-10,random_orth,200,0.0,1.0,-5.690953254699707,-0.73255455493927,14.803988025936201,206.74179077148438
B,31,-10,real_diff_in_helix_subspace,200,0.0,1.0,-5.690953254699707,-0.73255455493927,23.40771601520333,206.74179077148438
B,31,-10,full_swap,200,0.0,1.0,-5.690953254699707,-0.73255455493927,58.72225570678711,206.74179077148438
B,0,-5,helix,200,0.32999998331069946,0.019999999552965164,-2.7598018646240234,-5.635695457458496,2.9053200615670813,7.358425140380859
B,0,-5,only_T2,200,0.009999999776482582,0.25,-6.098633766174316,-2.5293045043945312,1.7003811502911572,7.358425140380859
B,0,-5,only_T5,200,0.0,1.0,-7.815040111541748,-0.7303555607795715,2.6375982313319065e-15,7.358425140380859
B,0,-5,only_T10,200,0.02499999850988388,0.20499999821186066,-5.505338668823242,-3.179295063018799,2.253185025619015,7.358425140380859
B,0,-5,only_T100,200,0.0,0.8949999809265137,-7.711996078491211,-0.783431351184845,0.7066986964071983,7.358425140380859
B,0,-5,only_lin,200,0.0,0.9249999523162842,-7.696448802947998,-0.7592071890830994,0.36837069485356116,7.358425140380859
B,0,-5,random_orth,200,0.0,0.9249999523162842,-7.742765426635742,-0.7448777556419373,2.9053200615670813,7.358425140380859
B,0,-5,real_diff_in_helix_subspace,200,0.29499998688697815,0.029999999329447746,-2.9732418060302734,-5.569156169891357,2.9587243268800365,7.358425140380859
B,0,-5,full_swap,200,0.625,0.0,-1.3217620849609375,-7.129310131072998,6.418492317199707,7.358425140380859
B,1,-5,helix,200,0.3199999928474426,0.02499999850988388,-2.7382593154907227,-5.6629767417907715,3.222929834522591,7.875519275665283
B,1,-5,only_T2,200,0.004999999888241291,0.23999999463558197,-6.069969177246094,-2.585423469543457,1.86623007108649,7.875519275665283
B,1,-5,only_T5,200,0.0,1.0,-7.815040111541748,-0.7303555607795715,2.9012697209931415e-15,7.875519275665283
B,1,-5,only_T10,200,0.019999999552965164,0.17999999225139618,-5.460801124572754,-3.2692441940307617,2.489917915342014,7.875519275665283
B,1,-5,only_T100,200,0.004999999888241291,0.875,-7.688685894012451,-0.8106473088264465,0.8417623698929902,7.875519275665283
B,1,-5,only_lin,200,0.0,0.9199999570846558,-7.679771423339844,-0.7692605257034302,0.46749576182998764,7.875519275665283
B,1,-5,random_orth,200,0.0,0.9449999928474426,-7.734428405761719,-0.7628876566886902,3.222929834522591,7.875519275665283
B,1,-5,real_diff_in_helix_subspace,200,0.3199999928474426,0.029999999329447746,-2.853368043899536,-5.687348365783691,3.28436101631528,7.875519275665283
B,1,-5,full_swap,200,0.625,0.0,-1.3199814558029175,-7.1325364112854,7.039069652557373,7.875519275665283
B,2,-5,helix,200,0.3349999785423279,0.02499999850988388,-2.7086822986602783,-5.686666011810303,3.7307183193211517,9.990263938903809
B,2,-5,only_T2,200,0.004999999888241291,0.22999998927116394,-6.044727802276611,-2.6193435192108154,2.1481704391108605,9.990263938903809
B,2,-5,only_T5,200,0.0,1.0,-7.815040111541748,-0.7303555607795715,3.3677898483078045e-15,9.990263938903809
B,2,-5,only_T10,200,0.019999999552965164,0.17000000178813934,-5.415061950683594,-3.3156819343566895,2.8868221308086275,9.990263938903809
B,2,-5,only_T100,200,0.004999999888241291,0.8700000047683716,-7.687610149383545,-0.813483715057373,0.9857033115211132,9.990263938903809
B,2,-5,only_lin,200,0.0,0.9149999618530273,-7.6779937744140625,-0.7713980078697205,0.5525351143440445,9.990263938903809
B,2,-5,random_orth,200,0.004999999888241291,0.9350000023841858,-7.774977684020996,-0.7557986974716187,3.730718319321152,9.990263938903809
B,2,-5,real_diff_in_helix_subspace,200,0.32999998331069946,0.029999999329447746,-2.814685583114624,-5.731839656829834,3.7958637935322113,9.990263938903809
B,2,-5,full_swap,200,0.625,0.0,-1.3057152032852173,-7.135883808135986,8.007800102233887,9.990263938903809
B,3,-5,helix,200,0.32999998331069946,0.02499999850988388,-2.644641160964966,-5.777945518493652,4.513729313506982,12.380395889282227
B,3,-5,only_T2,200,0.009999999776482582,0.1850000023841858,-5.986926555633545,-2.710947275161743,2.7505365176690395,12.380395889282227
B,3,-5,only_T5,200,0.0,1.0,-7.815040111541748,-0.7303555607795715,4.0273922913922036e-15,12.380395889282227
B,3,-5,only_T10,200,0.019999999552965164,0.16499999165534973,-5.333827018737793,-3.4333226680755615,3.3778031855276525,12.380395889282227
B,3,-5,only_T100,200,0.004999999888241291,0.875,-7.685521125793457,-0.817319393157959,1.1654002037232452,12.380395889282227
B,3,-5,only_lin,200,0.0,0.9199999570846558,-7.671370506286621,-0.7731702327728271,0.6839118421161343,12.380395889282227
B,3,-5,random_orth,200,0.0,0.9449999928474426,-7.7790207862854,-0.7640016078948975,4.513729313506982,12.380395889282227
B,3,-5,real_diff_in_helix_subspace,200,0.32499998807907104,0.02499999850988388,-2.7661547660827637,-5.787131309509277,4.594606619139791,12.380395889282227
B,3,-5,full_swap,200,0.6399999856948853,0.0,-1.299582839012146,-7.148444652557373,9.290377616882324,12.380395889282227
B,4,-5,helix,200,0.3499999940395355,0.019999999552965164,-2.616364002227783,-5.7493577003479,5.033450225535941,15.007499694824219
B,4,-5,only_T2,200,0.014999999664723873,0.17999999225139618,-5.9917120933532715,-2.7232820987701416,3.0714876702372145,15.007499694824219
B,4,-5,only_T5,200,0.0,1.0,-7.815040111541748,-0.7303555607795715,4.4806207238471726e-15,15.007499694824219
B,4,-5,only_T10,200,0.02499999850988388,0.17499999701976776,-5.318648338317871,-3.4350523948669434,3.736963704538178,15.007499694824219
B,4,-5,only_T100,200,0.004999999888241291,0.8549999594688416,-7.691720962524414,-0.8168774247169495,1.3449685599019379,15.007499694824219
B,4,-5,only_lin,200,0.0,0.9099999666213989,-7.657380104064941,-0.7755274772644043,0.7956261467207852,15.007499694824219
B,4,-5,random_orth,200,0.0,0.949999988079071,-7.682748794555664,-0.7766492962837219,5.033450225535941,15.007499694824219
B,4,-5,real_diff_in_helix_subspace,200,0.32499998807907104,0.02499999850988388,-2.778872013092041,-5.733443260192871,5.128165083327331,15.007499694824219
B,4,-5,full_swap,200,0.6349999904632568,0.0,-1.2830015420913696,-7.13980770111084,10.487105369567871,15.007499694824219
B,5,-5,helix,200,0.35999998450279236,0.02499999850988388,-2.5794596672058105,-5.750978946685791,5.844012167358895,17.734142303466797
B,5,-5,only_T2,200,0.014999999664723873,0.1599999964237213,-5.972695350646973,-2.7743051052093506,3.5694233257061807,17.734142303466797
B,5,-5,only_T5,200,0.0,1.0,-7.815040111541748,-0.7303555607795715,5.186858827227077e-15,17.734142303466797
B,5,-5,only_T10,200,0.02499999850988388,0.16499999165534973,-5.284510612487793,-3.4801082611083984,4.334881541404277,17.734142303466797
B,5,-5,only_T100,200,0.004999999888241291,0.8549999594688416,-7.713895320892334,-0.8102644085884094,1.5830935678776594,17.734142303466797
B,5,-5,only_lin,200,0.0,0.9149999618530273,-7.624590873718262,-0.7831127047538757,0.9424054848375647,17.734142303466797
B,5,-5,random_orth,200,0.0,0.9449999928474426,-7.707200050354004,-0.7810293436050415,5.844012167358895,17.734142303466797
B,5,-5,real_diff_in_helix_subspace,200,0.3199999928474426,0.02499999850988388,-2.80429744720459,-5.693642616271973,5.929675917099611,17.734142303466797
B,5,-5,full_swap,200,0.6299999952316284,0.0,-1.2714014053344727,-7.14151668548584,12.352581024169922,17.734142303466797
B,6,-5,helix,200,0.35999998450279236,0.019999999552965164,-2.5647850036621094,-5.763986587524414,6.564768653183503,21.2836971282959
B,6,-5,only_T2,200,0.014999999664723873,0.1599999964237213,-5.967285633087158,-2.805821418762207,4.005672734587426,21.2836971282959
B,6,-5,only_T5,200,0.0,1.0,-7.815040111541748,-0.7303555607795715,5.744417803790668e-15,21.2836971282959
B,6,-5,only_T10,200,0.019999999552965164,0.17000000178813934,-5.2563347816467285,-3.5187864303588867,4.850271869528294,21.2836971282959
B,6,-5,only_T100,200,0.004999999888241291,0.85999995470047,-7.723691940307617,-0.8090619444847107,1.7926133206232726,21.2836971282959
B,6,-5,only_lin,200,0.0,0.9099999666213989,-7.620015621185303,-0.7862610220909119,1.0790370935905127,21.2836971282959
B,6,-5,random_orth,200,0.0,0.9199999570846558,-7.730156898498535,-0.7568779587745667,6.564768653183503,21.2836971282959
B,6,-5,real_diff_in_helix_subspace,200,0.3349999785423279,0.03500000014901161,-2.8233537673950195,-5.690086364746094,6.659397840928726,21.2836971282959
B,6,-5,full_swap,200,0.6200000047683716,0.0,-1.2700700759887695,-7.142544269561768,13.922928810119629,21.2836971282959
B,7,-5,helix,200,0.35499998927116394,0.019999999552965164,-2.5640869140625,-5.75142765045166,7.215917360969256,24.582412719726562
B,7,-5,only_T2,200,0.014999999664723873,0.1599999964237213,-5.959753513336182,-2.8224170207977295,4.400040224505184,24.582412719726562
B,7,-5,only_T5,200,0.0,1.0,-7.815040111541748,-0.7303555607795715,6.272296606799772e-15,24.582412719726562
B,7,-5,only_T10,200,0.02499999850988388,0.17000000178813934,-5.242161273956299,-3.5332753658294678,5.31685221435445,24.582412719726562
B,7,-5,only_T100,200,0.004999999888241291,0.8549999594688416,-7.723293304443359,-0.8137644529342651,1.9979062914682566,24.582412719726562
B,7,-5,only_lin,200,0.0,0.9149999618530273,-7.624648094177246,-0.7856078147888184,1.210495446956026,24.582412719726562
B,7,-5,random_orth,200,0.0,0.9199999570846558,-7.756814002990723,-0.7676144242286682,7.215917360969256,24.582412719726562
B,7,-5,real_diff_in_helix_subspace,200,0.32499998807907104,0.03999999910593033,-2.859145402908325,-5.656641006469727,7.336332280414602,24.582412719726562
B,7,-5,full_swap,200,0.6499999761581421,0.0,-1.2582160234451294,-7.147644996643066,15.497661590576172,24.582412719726562
B,8,-5,helix,200,0.3499999940395355,0.02499999850988388,-2.5561413764953613,-5.722543239593506,7.802042591269792,27.822742462158203
B,8,-5,only_T2,200,0.019999999552965164,0.14999999105930328,-5.952520847320557,-2.834174633026123,4.702917537491045,27.822742462158203
B,8,-5,only_T5,200,0.0,1.0,-7.815040111541748,-0.7303555607795715,6.807863169213495e-15,27.822742462158203
B,8,-5,only_T10,200,0.02499999850988388,0.1550000011920929,-5.223854064941406,-3.539823532104492,5.7639252999139465,27.822742462158203
B,8,-5,only_T100,200,0.004999999888241291,0.85999995470047,-7.726752758026123,-0.8191784620285034,2.1841411051871584,27.822742462158203
B,8,-5,only_lin,200,0.0,0.9149999618530273,-7.614548206329346,-0.7815377712249756,1.3166582602142818,27.822742462158203
B,8,-5,random_orth,200,0.0,0.9649999737739563,-7.73941707611084,-0.7435944080352783,7.802042591269792,27.822742462158203
B,8,-5,real_diff_in_helix_subspace,200,0.3199999928474426,0.029999999329447746,-2.881049394607544,-5.5974273681640625,7.932284354366482,27.822742462158203
B,8,-5,full_swap,200,0.6649999618530273,0.0,-1.2493133544921875,-7.13299560546875,16.831092834472656,27.822742462158203
B,9,-5,helix,200,0.3700000047683716,0.019999999552965164,-2.5168113708496094,-5.723992824554443,8.360000288296295,30.584413528442383
B,9,-5,only_T2,200,0.019999999552965164,0.1550000011920929,-5.953866958618164,-2.859344959259033,5.037354578232935,30.584413528442383
B,9,-5,only_T5,200,0.0,1.0,-7.815040111541748,-0.7303555607795715,7.35291749365456e-15,30.584413528442383
B,9,-5,only_T10,200,0.029999999329447746,0.14499999582767487,-5.188152313232422,-3.5768442153930664,6.152753312906072,30.584413528442383
B,9,-5,only_T100,200,0.004999999888241291,0.8499999642372131,-7.719581604003906,-0.8278173804283142,2.3523638656792194,30.584413528442383
B,9,-5,only_lin,200,0.0,0.9099999666213989,-7.607812881469727,-0.7816351056098938,1.412317350045214,30.584413528442383
B,9,-5,random_orth,200,0.0,0.9350000023841858,-7.777472972869873,-0.7418087720870972,8.360000288296296,30.584413528442383
B,9,-5,real_diff_in_helix_subspace,200,0.3349999785423279,0.03999999910593033,-2.8838415145874023,-5.565903186798096,8.504141374964407,30.584413528442383
B,9,-5,full_swap,200,0.6649999618530273,0.0,-1.2395333051681519,-7.107394695281982,18.170578002929688,30.584413528442383
B,10,-5,helix,200,0.375,0.02499999850988388,-2.5144460201263428,-5.721724510192871,9.194112602700063,33.17279052734375
B,10,-5,only_T2,200,0.019999999552965164,0.1550000011920929,-5.950300693511963,-2.8850793838500977,5.572609725082822,33.17279052734375
B,10,-5,only_T5,200,0.0,1.0,-7.815040111541748,-0.7303555607795715,8.09182475131192e-15,33.17279052734375
B,10,-5,only_T10,200,0.02499999850988388,0.14499999582767487,-5.172930717468262,-3.6155312061309814,6.739992929102995,33.17279052734375
B,10,-5,only_T100,200,0.004999999888241291,0.8499999642372131,-7.717626571655273,-0.836273193359375,2.560672155526399,33.17279052734375
B,10,-5,only_lin,200,0.0,0.9099999666213989,-7.602366924285889,-0.7851511836051941,1.5162988061640335,33.17279052734375
B,10,-5,random_orth,200,0.0,0.9449999928474426,-7.802909851074219,-0.7305780649185181,9.194112602700063,33.17279052734375
B,10,-5,real_diff_in_helix_subspace,200,0.32999998331069946,0.044999998062849045,-2.934662103652954,-5.534051895141602,9.33481346437508,33.17279052734375
B,10,-5,full_swap,200,0.6649999618530273,0.0,-1.2390143871307373,-7.108797550201416,19.998088836669922,33.17279052734375
B,11,-5,helix,200,0.3499999940395355,0.03500000014901161,-2.5703892707824707,-5.69942569732666,10.252265519075333,38.13300323486328
B,11,-5,only_T2,200,0.019999999552965164,0.14999999105930328,-5.961859703063965,-2.899890661239624,6.271057024454833,38.13300323486328
B,11,-5,only_T5,200,0.0,1.0,-7.815040111541748,-0.7303555607795715,9.040005416807656e-15,38.13300323486328
B,11,-5,only_T10,200,0.03500000014901161,0.13499999046325684,-5.162729263305664,-3.6619012355804443,7.5181343874998126,38.13300323486328
B,11,-5,only_T100,200,0.004999999888241291,0.8999999761581421,-7.724385738372803,-0.8057419657707214,2.8193593078654247,38.13300323486328
B,11,-5,only_lin,200,0.0,0.9249999523162842,-7.681078910827637,-0.7584817409515381,1.6411263173099024,38.13300323486328
B,11,-5,random_orth,200,0.0,0.9399999976158142,-7.814833641052246,-0.7166329622268677,10.252265519075333,38.13300323486328
B,11,-5,real_diff_in_helix_subspace,200,0.28999999165534973,0.04999999701976776,-3.054898977279663,-5.39924430847168,10.39338254314556,38.13300323486328
B,11,-5,full_swap,200,0.6899999976158142,0.0,-1.1574066877365112,-7.049953460693359,22.172632217407227,38.13300323486328
B,12,-5,helix,200,0.11999999731779099,0.1899999976158142,-4.196547508239746,-3.315333127975464,11.350911371020862,41.29777526855469
B,12,-5,only_T2,200,0.009999999776482582,0.550000011920929,-6.6355881690979,-1.889392614364624,6.974565198183925,41.29777526855469
B,12,-5,only_T5,200,0.0,1.0,-7.815040111541748,-0.7303555607795715,9.93216260792276e-15,41.29777526855469
B,12,-5,only_T10,200,0.019999999552965164,0.41499999165534973,-6.027618408203125,-2.118760585784912,8.343809599346391,41.29777526855469
B,12,-5,only_T100,200,0.0,0.9399999976158142,-7.729741096496582,-0.7433647513389587,3.01873735446789,41.29777526855469
B,12,-5,only_lin,200,0.0,0.9449999928474426,-7.746342658996582,-0.7246884107589722,1.7424133783336695,41.29777526855469
B,12,-5,random_orth,200,0.0,0.949999988079071,-7.805459022521973,-0.7399774789810181,11.350911371020862,41.29777526855469
B,12,-5,real_diff_in_helix_subspace,200,0.11499999463558197,0.20499999821186066,-4.4842681884765625,-3.2382633686065674,11.468483519229881,41.29777526855469
B,12,-5,full_swap,200,0.32999998331069946,0.07000000029802322,-2.5881597995758057,-4.393797874450684,24.308256149291992,41.29777526855469
B,13,-5,helix,200,0.05999999865889549,0.3199999928474426,-5.475556373596191,-2.3871469497680664,12.387293911534558,45.479305267333984
B,13,-5,only_T2,200,0.004999999888241291,0.5999999642372131,-6.927308082580566,-1.5819189548492432,7.554680554266612,45.479305267333984
B,13,-5,only_T5,200,0.0,1.0,-7.815040111541748,-0.7303555607795715,1.0799373831591965e-14,45.479305267333984
B,13,-5,only_T10,200,0.019999999552965164,0.6150000095367432,-6.652944564819336,-1.4667937755584717,9.144950300217237,45.479305267333984
B,13,-5,only_T100,200,0.0,0.9399999976158142,-7.757940292358398,-0.7478076815605164,3.2648397044574016,45.479305267333984
B,13,-5,only_lin,200,0.0,0.9399999976158142,-7.744091510772705,-0.7409214377403259,1.8926957413214394,45.479305267333984
B,13,-5,random_orth,200,0.0,0.9699999690055847,-7.834228515625,-0.7234029769897461,12.387293911534558,45.479305267333984
B,13,-5,real_diff_in_helix_subspace,200,0.04999999701976776,0.4099999964237213,-5.62856912612915,-2.2696988582611084,12.51230372086688,45.479305267333984
B,13,-5,full_swap,200,0.1599999964237213,0.26499998569488525,-4.440589904785156,-3.0394093990325928,26.351762771606445,45.479305267333984
B,14,-5,helix,200,0.019999999552965164,0.7249999642372131,-6.95195198059082,-1.0650585889816284,13.215342818333387,50.823463439941406
B,14,-5,only_T2,200,0.004999999888241291,0.8349999785423279,-7.517513275146484,-0.9394338726997375,8.083755488322707,50.823463439941406
B,14,-5,only_T5,200,0.0,1.0,-7.815040111541748,-0.7303555607795715,1.1510903440361372e-14,50.823463439941406
B,14,-5,only_T10,200,0.004999999888241291,0.85999995470047,-7.341217994689941,-0.8610358238220215,9.728076079907378,50.823463439941406
B,14,-5,only_T100,200,0.0,0.9649999737739563,-7.7773871421813965,-0.7234969735145569,3.458810595444297,50.823463439941406
B,14,-5,only_lin,200,0.0,0.9749999642372131,-7.7937235832214355,-0.722054660320282,1.9956336775151544,50.823463439941406
B,14,-5,random_orth,200,0.0,0.9649999737739563,-7.811060428619385,-0.7280390858650208,13.215342818333387,50.823463439941406
B,14,-5,real_diff_in_helix_subspace,200,0.009999999776482582,0.73499995470047,-7.037229061126709,-1.019595980644226,13.436955491081333,50.823463439941406
B,14,-5,full_swap,200,0.009999999776482582,0.6850000023841858,-6.314011096954346,-1.205747127532959,28.196483612060547,50.823463439941406
B,15,-5,helix,200,0.019999999552965164,0.73499995470047,-6.9800238609313965,-1.048291563987732,14.328640074229462,55.6168327331543
B,15,-5,only_T2,200,0.004999999888241291,0.8349999785423279,-7.531278133392334,-0.9302952885627747,8.818343118337694,55.6168327331543
B,15,-5,only_T5,200,0.0,1.0,-7.815040111541748,-0.7303555607795715,1.2829884121612966e-14,55.6168327331543
B,15,-5,only_T10,200,0.004999999888241291,0.8549999594688416,-7.342771053314209,-0.8588955402374268,10.473043935521869,55.6168327331543
B,15,-5,only_T100,200,0.0,0.9699999690055847,-7.778525352478027,-0.7235392332077026,3.7636799303779127,55.6168327331543
B,15,-5,only_lin,200,0.0,0.9749999642372131,-7.797873497009277,-0.7222126722335815,2.151780628462867,55.6168327331543
B,15,-5,random_orth,200,0.0,0.9799999594688416,-7.811800479888916,-0.7287487387657166,14.328640074229462,55.6168327331543
B,15,-5,real_diff_in_helix_subspace,200,0.004999999888241291,0.7400000095367432,-7.075941562652588,-1.0046066045761108,14.652234621238296,55.6168327331543
B,15,-5,full_swap,200,0.004999999888241291,0.6949999928474426,-6.35679817199707,-1.1709158420562744,30.523603439331055,55.6168327331543
B,16,-5,helix,200,0.004999999888241291,0.7599999904632568,-7.113555908203125,-0.9614713191986084,15.940255666520946,60.42034149169922
B,16,-5,only_T2,200,0.004999999888241291,0.85999995470047,-7.588096618652344,-0.8806273937225342,9.888718377134538,60.42034149169922
B,16,-5,only_T5,200,0.0,1.0,-7.815040111541748,-0.7303555607795715,1.4287119903268906e-14,60.42034149169922
B,16,-5,only_T10,200,0.004999999888241291,0.8700000047683716,-7.396249771118164,-0.8299732208251953,11.606348889728078,60.42034149169922
B,16,-5,only_T100,200,0.0,0.9950000047683716,-7.776310920715332,-0.7224445939064026,4.098631015729203,60.42034149169922
B,16,-5,only_lin,200,0.0,0.9799999594688416,-7.809168338775635,-0.7221710085868835,2.3416999590802248,60.42034149169922
B,16,-5,random_orth,200,0.0,0.9799999594688416,-7.816567420959473,-0.7295780777931213,15.940255666520944,60.42034149169922
B,16,-5,real_diff_in_helix_subspace,200,0.004999999888241291,0.7999999523162842,-7.199736595153809,-0.9327825903892517,16.340159630965076,60.42034149169922
B,16,-5,full_swap,200,0.004999999888241291,0.7249999642372131,-6.614224910736084,-1.009480357170105,33.61212158203125,60.42034149169922
B,17,-5,helix,200,0.004999999888241291,0.7699999809265137,-7.128790855407715,-0.9467357993125916,17.124199700595288,66.91722869873047
B,17,-5,only_T2,200,0.0,0.8899999856948853,-7.6065826416015625,-0.8554425835609436,10.687811074913466,66.91722869873047
B,17,-5,only_T5,200,0.0,1.0,-7.815040111541748,-0.7303555607795715,1.5302128223132412e-14,66.91722869873047
B,17,-5,only_T10,200,0.0,0.8700000047683716,-7.391343593597412,-0.8404415845870972,12.408640334574514,66.91722869873047
B,17,-5,only_T100,200,0.0,0.9950000047683716,-7.780589580535889,-0.7196764945983887,4.393642138190451,66.91722869873047
B,17,-5,only_lin,200,0.0,0.9749999642372131,-7.805869102478027,-0.7224401831626892,2.517232144586601,66.91722869873047
B,17,-5,random_orth,200,0.0,0.9799999594688416,-7.8240251541137695,-0.7267172336578369,17.12419970059529,66.91722869873047
B,17,-5,real_diff_in_helix_subspace,200,0.0,0.8050000071525574,-7.218680381774902,-0.915959894657135,17.589234981118153,66.91722869873047
B,17,-5,full_swap,200,0.004999999888241291,0.7599999904632568,-6.662675857543945,-0.9897046685218811,36.14486312866211,66.91722869873047
B,18,-5,helix,200,0.0,0.8650000095367432,-7.398448944091797,-0.8085246086120605,18.20499823176125,72.84432983398438
B,18,-5,only_T2,200,0.0,0.9249999523162842,-7.725558757781982,-0.778568685054779,11.331779264560478,72.84432983398438
B,18,-5,only_T5,200,0.0,1.0,-7.815040111541748,-0.7303555607795715,1.6326973297037664e-14,72.84432983398438
B,18,-5,only_T10,200,0.0,0.9199999570846558,-7.542698383331299,-0.7768531441688538,13.208204735951233,72.84432983398438
B,18,-5,only_T100,200,0.0,0.9899999499320984,-7.779557704925537,-0.7205641269683838,4.652490234424072,72.84432983398438
B,18,-5,only_lin,200,0.0,0.9799999594688416,-7.811496257781982,-0.7249876856803894,2.6821890532849655,72.84432983398438
B,18,-5,random_orth,200,0.0,1.0,-7.8221435546875,-0.7228001356124878,18.20499823176125,72.84432983398438
B,18,-5,real_diff_in_helix_subspace,200,0.0,0.85999995470047,-7.451283931732178,-0.7932650446891785,18.800156219910214,72.84432983398438
B,18,-5,full_swap,200,0.0,0.8149999976158142,-7.079056262969971,-0.8347317576408386,38.662967681884766,72.84432983398438
B,19,-5,helix,200,0.0,0.9449999928474426,-7.777257919311523,-0.7343590259552002,19.15144601307356,80.10199737548828
B,19,-5,only_T2,200,0.0,0.9799999594688416,-7.832518100738525,-0.7239522933959961,11.991369314817296,80.10199737548828
B,19,-5,only_T5,200,0.0,1.0,-7.815040111541748,-0.7303555607795715,1.7236364448698052e-14,80.10199737548828
B,19,-5,only_T10,200,0.0,0.9549999833106995,-7.799356460571289,-0.7460035681724548,13.837672627598595,80.10199737548828
B,19,-5,only_T100,200,0.0,0.9899999499320984,-7.791379451751709,-0.7278640866279602,4.878898705598946,80.10199737548828
B,19,-5,only_lin,200,0.0,0.9899999499320984,-7.81804895401001,-0.7310261130332947,2.8184252873286004,80.10199737548828
B,19,-5,random_orth,200,0.0,0.9899999499320984,-7.808608055114746,-0.7345109581947327,19.15144601307356,80.10199737548828
B,19,-5,real_diff_in_helix_subspace,200,0.0,0.9350000023841858,-7.787807464599609,-0.7322304248809814,19.831648485068573,80.10199737548828
B,19,-5,full_swap,200,0.0,0.9350000023841858,-7.647162914276123,-0.7342565059661865,40.834468841552734,80.10199737548828
B,20,-5,helix,200,0.0,0.9449999928474426,-7.78002405166626,-0.7347490787506104,20.09818429670822,85.6264419555664
B,20,-5,only_T2,200,0.0,0.98499995470047,-7.835065841674805,-0.7237932682037354,12.594323891049955,85.6264419555664
B,20,-5,only_T5,200,0.0,1.0,-7.815040111541748,-0.7303555607795715,1.8237421298573323e-14,85.6264419555664
B,20,-5,only_T10,200,0.0,0.949999988079071,-7.799159526824951,-0.7456071376800537,14.498612699819954,85.6264419555664
B,20,-5,only_T100,200,0.0,0.9899999499320984,-7.79200553894043,-0.7278845310211182,5.144378186862684,85.6264419555664
B,20,-5,only_lin,200,0.0,0.98499995470047,-7.818765640258789,-0.730798602104187,2.989212517915571,85.6264419555664
B,20,-5,random_orth,200,0.0,0.9799999594688416,-7.81174898147583,-0.7327357530593872,20.09818429670822,85.6264419555664
B,20,-5,real_diff_in_helix_subspace,200,0.0,0.9399999976158142,-7.792051792144775,-0.7305153608322144,20.99041981279129,85.6264419555664
B,20,-5,full_swap,200,0.0,0.9399999976158142,-7.644000053405762,-0.7332428693771362,43.17726516723633,85.6264419555664
B,21,-5,helix,200,0.0,0.9399999976158142,-7.798981666564941,-0.7363290190696716,21.0740260518093,90.7877426147461
B,21,-5,only_T2,200,0.0,0.9899999499320984,-7.83890962600708,-0.7237762212753296,13.290569977020628,90.7877426147461
B,21,-5,only_T5,200,0.0,1.0,-7.815040111541748,-0.7303555607795715,1.9078589589211318e-14,90.7877426147461
B,21,-5,only_T10,200,0.0,0.9549999833106995,-7.815934658050537,-0.7479945421218872,15.119822512785653,90.7877426147461
B,21,-5,only_T100,200,0.0,0.9950000047683716,-7.79382848739624,-0.7286723256111145,5.377389513404995,90.7877426147461
B,21,-5,only_lin,200,0.0,0.9899999499320984,-7.814733505249023,-0.7297034859657288,3.12789255909664,90.7877426147461
B,21,-5,random_orth,200,0.0,0.98499995470047,-7.822675704956055,-0.7302108407020569,21.074026051809298,90.7877426147461
B,21,-5,real_diff_in_helix_subspace,200,0.0,0.9350000023841858,-7.802767276763916,-0.7345573306083679,22.11511138126526,90.7877426147461
B,21,-5,full_swap,200,0.0,0.9399999976158142,-7.677268981933594,-0.7314384579658508,45.33332061767578,90.7877426147461
B,22,-5,helix,200,0.0,0.9399999976158142,-7.798386573791504,-0.7378027439117432,22.02898992123931,97.39916229248047
B,22,-5,only_T2,200,0.0,0.98499995470047,-7.842041015625,-0.7238701581954956,13.850957234492968,97.39916229248047
B,22,-5,only_T5,200,0.0,1.0,-7.815040111541748,-0.7303555607795715,1.98712277783708e-14,97.39916229248047
B,22,-5,only_T10,200,0.0,0.9549999833106995,-7.81838846206665,-0.7483916878700256,15.806225558015203,97.39916229248047
B,22,-5,only_T100,200,0.0,0.9899999499320984,-7.794467449188232,-0.7281129956245422,5.590987377487738,97.39916229248047
B,22,-5,only_lin,200,0.0,0.9899999499320984,-7.817886829376221,-0.7302467823028564,3.2613933964923176,97.39916229248047
B,22,-5,random_orth,200,0.0,0.98499995470047,-7.818559169769287,-0.7314698696136475,22.02898992123931,97.39916229248047
B,22,-5,real_diff_in_helix_subspace,200,0.0,0.9249999523162842,-7.805595397949219,-0.7347776889801025,23.278731584860896,97.39916229248047
B,22,-5,full_swap,200,0.0,0.9449999928474426,-7.681466102600098,-0.7310317158699036,47.396724700927734,97.39916229248047
B,23,-5,helix,200,0.0,0.9399999976158142,-7.818528652191162,-0.7482014894485474,22.899768391335865,102.0203628540039
B,23,-5,only_T2,200,0.0,0.9799999594688416,-7.837825775146484,-0.7274183630943298,14.396670069910416,102.0203628540039
B,23,-5,only_T5,200,0.0,1.0,-7.815040111541748,-0.7303555607795715,2.0664033101049923e-14,102.0203628540039
B,23,-5,only_T10,200,0.0,0.9549999833106995,-7.832591533660889,-0.7530813217163086,16.435385244437676,102.0203628540039
B,23,-5,only_T100,200,0.0,0.9899999499320984,-7.799441814422607,-0.731619119644165,5.779623676823751,102.0203628540039
B,23,-5,only_lin,200,0.0,0.9950000047683716,-7.8144049644470215,-0.7297388911247253,3.3942409691908892,102.0203628540039
B,23,-5,random_orth,200,0.0,0.9950000047683716,-7.814982891082764,-0.7294237613677979,22.899768391335865,102.0203628540039
B,23,-5,real_diff_in_helix_subspace,200,0.0,0.9249999523162842,-7.823883056640625,-0.7483141422271729,24.316576515953866,102.0203628540039
B,23,-5,full_swap,200,0.0,0.9300000071525574,-7.704599380493164,-0.7464807629585266,49.31788635253906,102.0203628540039
B,24,-5,helix,200,0.0,0.9950000047683716,-7.80050802230835,-0.7293278574943542,23.62050835435826,106.37886810302734
B,24,-5,only_T2,200,0.0,0.9899999499320984,-7.811026573181152,-0.7294279336929321,14.860461138084615,106.37886810302734
B,24,-5,only_T5,200,0.0,1.0,-7.815040111541748,-0.7303555607795715,2.127108103161786e-14,106.37886810302734
B,24,-5,only_T10,200,0.0,1.0,-7.809957504272461,-0.7299808859825134,16.955219212856335,106.37886810302734
B,24,-5,only_T100,200,0.0,1.0,-7.811877250671387,-0.7300735116004944,5.911177525377973,106.37886810302734
B,24,-5,only_lin,200,0.0,0.9950000047683716,-7.816360950469971,-0.7301464676856995,3.4795975636853127,106.37886810302734
B,24,-5,random_orth,200,0.0,0.9950000047683716,-7.821873188018799,-0.7287853360176086,23.62050835435826,106.37886810302734
B,24,-5,real_diff_in_helix_subspace,200,0.0,1.0,-7.802354335784912,-0.7285529375076294,25.21936830474001,106.37886810302734
B,24,-5,full_swap,200,0.0,0.9950000047683716,-7.786270618438721,-0.7263031005859375,50.918739318847656,106.37886810302734
B,25,-5,helix,200,0.0,1.0,-7.802516937255859,-0.7295093536376953,24.4067797438275,111.51050567626953
B,25,-5,only_T2,200,0.0,0.9950000047683716,-7.81084680557251,-0.729766845703125,15.32322587808783,111.51050567626953
B,25,-5,only_T5,200,0.0,1.0,-7.815040111541748,-0.7303555607795715,2.1830646162077756e-14,111.51050567626953
B,25,-5,only_T10,200,0.0,1.0,-7.807861328125,-0.7306405305862427,17.53578178113408,111.51050567626953
B,25,-5,only_T100,200,0.0,1.0,-7.813743591308594,-0.7296993136405945,6.064339919506466,111.51050567626953
B,25,-5,only_lin,200,0.0,0.9950000047683716,-7.817084312438965,-0.7300156950950623,3.5545182252415968,111.51050567626953
B,25,-5,random_orth,200,0.0,0.9950000047683716,-7.817617416381836,-0.7301560044288635,24.4067797438275,111.51050567626953
B,25,-5,real_diff_in_helix_subspace,200,0.0,1.0,-7.800319671630859,-0.7287530899047852,26.247182749659704,111.51050567626953
B,25,-5,full_swap,200,0.0,1.0,-7.785953998565674,-0.7263180613517761,52.661590576171875,111.51050567626953
B,26,-5,helix,200,0.0,0.9950000047683716,-7.800197601318359,-0.7298769354820251,25.198123612284544,118.79281616210938
B,26,-5,only_T2,200,0.0,0.9950000047683716,-7.808177471160889,-0.729727029800415,15.802003745807182,118.79281616210938
B,26,-5,only_T5,200,0.0,1.0,-7.815040111541748,-0.7303555607795715,2.2395373363054114e-14,118.79281616210938
B,26,-5,only_T10,200,0.0,0.9950000047683716,-7.812509536743164,-0.7304526567459106,18.093644638067016,118.79281616210938
B,26,-5,only_T100,200,0.0,1.0,-7.815822601318359,-0.7300988435745239,6.2412829178021125,118.79281616210938
B,26,-5,only_lin,200,0.0,0.9950000047683716,-7.815366744995117,-0.7308424115180969,3.66395217689079,118.79281616210938
B,26,-5,random_orth,200,0.0,0.9899999499320984,-7.818891525268555,-0.7301447987556458,25.198123612284544,118.79281616210938
B,26,-5,real_diff_in_helix_subspace,200,0.0,1.0,-7.799230575561523,-0.7297361493110657,27.347275250419454,118.79281616210938
B,26,-5,full_swap,200,0.0,0.9950000047683716,-7.782700538635254,-0.727813184261322,54.482276916503906,118.79281616210938
B,27,-5,helix,200,0.0,1.0,-7.813342094421387,-0.7300965189933777,25.740335109580318,127.92525482177734
B,27,-5,only_T2,200,0.0,1.0,-7.812722206115723,-0.7305380702018738,16.05940002871308,127.92525482177734
B,27,-5,only_T5,200,0.0,1.0,-7.815040111541748,-0.7303555607795715,2.272629543215977e-14,127.92525482177734
B,27,-5,only_T10,200,0.0,0.9899999499320984,-7.817491054534912,-0.729723334312439,18.522415584488773,127.92525482177734
B,27,-5,only_T100,200,0.0,0.9950000047683716,-7.818592548370361,-0.7297537326812744,6.377358402605325,127.92525482177734
B,27,-5,only_lin,200,0.0,0.9950000047683716,-7.814920902252197,-0.7305178642272949,3.7453157642157917,127.92525482177734
B,27,-5,random_orth,200,0.0,0.9899999499320984,-7.817605972290039,-0.73057621717453,25.740335109580318,127.92525482177734
B,27,-5,real_diff_in_helix_subspace,200,0.0,1.0,-7.812516689300537,-0.7305131554603577,28.087063019704264,127.92525482177734
B,27,-5,full_swap,200,0.0,0.9950000047683716,-7.815879821777344,-0.7297401428222656,55.732322692871094,127.92525482177734
B,28,-5,helix,200,0.0,0.9950000047683716,-7.815968036651611,-0.7304368615150452,26.46608079837694,140.37953186035156
B,28,-5,only_T2,200,0.0,0.9950000047683716,-7.814558982849121,-0.7304837107658386,16.465482842910625,140.37953186035156
B,28,-5,only_T5,200,0.0,1.0,-7.815040111541748,-0.7303555607795715,2.3192756121480603e-14,140.37953186035156
B,28,-5,only_T10,200,0.0,0.9899999499320984,-7.81727409362793,-0.730047345161438,19.058958805295163,140.37953186035156
B,28,-5,only_T100,200,0.0,0.9950000047683716,-7.814113616943359,-0.7303810119628906,6.564007557204037,140.37953186035156
B,28,-5,only_lin,200,0.0,1.0,-7.812309265136719,-0.7308841347694397,3.8324981055812875,140.37953186035156
B,28,-5,random_orth,200,0.0,0.9950000047683716,-7.816938400268555,-0.7306135296821594,26.466080798376943,140.37953186035156
B,28,-5,real_diff_in_helix_subspace,200,0.0,0.9899999499320984,-7.814608097076416,-0.7307851910591125,29.10914039873287,140.37953186035156
B,28,-5,full_swap,200,0.0,0.9950000047683716,-7.814455986022949,-0.7301118969917297,57.39455032348633,140.37953186035156
B,29,-5,helix,200,0.0,0.9950000047683716,-7.815821170806885,-0.7300603985786438,27.097285123805314,157.23243713378906
B,29,-5,only_T2,200,0.0,1.0,-7.814318656921387,-0.7305058240890503,16.7919794748307,157.23243713378906
B,29,-5,only_T5,200,0.0,1.0,-7.815040111541748,-0.7303555607795715,2.3611535341290366e-14,157.23243713378906
B,29,-5,only_T10,200,0.0,0.9950000047683716,-7.815725326538086,-0.7302511930465698,19.51333869440526,157.23243713378906
B,29,-5,only_T100,200,0.0,1.0,-7.814908504486084,-0.7300654649734497,6.750931267715274,157.23243713378906
B,29,-5,only_lin,200,0.0,1.0,-7.8152689933776855,-0.7303391695022583,3.9169131117881624,157.23243713378906
B,29,-5,random_orth,200,0.0,0.9950000047683716,-7.817176342010498,-0.7299819588661194,27.097285123805314,157.23243713378906
B,29,-5,real_diff_in_helix_subspace,200,0.0,0.9899999499320984,-7.8146867752075195,-0.7304379343986511,30.009791949585424,157.23243713378906
B,29,-5,full_swap,200,0.0,0.9950000047683716,-7.817280292510986,-0.7300880551338196,58.901737213134766,157.23243713378906
B,30,-5,helix,200,0.0,1.0,-7.81664514541626,-0.7300342321395874,27.776081717317894,180.6766357421875
B,30,-5,only_T2,200,0.0,1.0,-7.815521717071533,-0.7302418351173401,17.240872039344225,180.6766357421875
B,30,-5,only_T5,200,0.0,1.0,-7.815040111541748,-0.7303555607795715,2.418538767460661e-14,180.6766357421875
B,30,-5,only_T10,200,0.0,1.0,-7.815593242645264,-0.7301508188247681,19.968926316374493,180.6766357421875
B,30,-5,only_T100,200,0.0,1.0,-7.815558910369873,-0.7300060987472534,6.924267813123077,180.6766357421875
B,30,-5,only_lin,200,0.0,1.0,-7.81525993347168,-0.7300963997840881,3.9964669181934416,180.6766357421875
B,30,-5,random_orth,200,0.0,1.0,-7.816193580627441,-0.7296740412712097,27.776081717317894,180.6766357421875
B,30,-5,real_diff_in_helix_subspace,200,0.0,0.9950000047683716,-7.816097259521484,-0.7302829027175903,30.981973872868366,180.6766357421875
B,30,-5,full_swap,200,0.0,0.9950000047683716,-7.817852020263672,-0.7303677201271057,60.4328498840332,180.6766357421875
B,31,-5,helix,200,0.0,1.0,-7.815040111541748,-0.7303555607795715,28.132936324304307,207.90548706054688
B,31,-5,only_T2,200,0.0,1.0,-7.815040111541748,-0.7303555607795715,17.50191268932781,207.90548706054688
B,31,-5,only_T5,200,0.0,1.0,-7.815040111541748,-0.7303555607795715,2.4495780711791838e-14,207.90548706054688
B,31,-5,only_T10,200,0.0,1.0,-7.815040111541748,-0.7303555607795715,20.207482751037936,207.90548706054688
B,31,-5,only_T100,200,0.0,1.0,-7.815040111541748,-0.7303555607795715,7.005310585757431,207.90548706054688
B,31,-5,only_lin,200,0.0,1.0,-7.815040111541748,-0.7303555607795715,4.049786656893877,207.90548706054688
B,31,-5,random_orth,200,0.0,1.0,-7.815040111541748,-0.7303555607795715,28.13293632430431,207.90548706054688
B,31,-5,real_diff_in_helix_subspace,200,0.0,1.0,-7.815040111541748,-0.7303555607795715,31.501486482482115,207.90548706054688
B,31,-5,full_swap,200,0.0,1.0,-7.815040111541748,-0.7303555607795715,61.536827087402344,207.90548706054688
B,0,-2,helix,200,0.4449999928474426,0.3100000023841858,-1.978879451751709,-2.537843942642212,2.5268986462977323,7.102562427520752
B,0,-2,only_T2,200,0.0,1.0,-4.903133869171143,-0.6846322417259216,0.0,7.102562427520752
B,0,-2,only_T5,200,0.1850000023841858,0.47999998927116394,-3.33526349067688,-1.7501212358474731,2.1238599877581494,7.102562427520752
B,0,-2,only_T10,200,0.07499999552965164,0.73499995470047,-4.093104362487793,-1.0915708541870117,1.323988794796694,7.102562427520752
B,0,-2,only_T100,200,0.0,0.949999988079071,-4.869566440582275,-0.6917117238044739,0.2841807546626901,7.102562427520752
B,0,-2,only_lin,200,0.0,0.9799999594688416,-4.886266231536865,-0.6839874386787415,0.14734827794142447,7.102562427520752
B,0,-2,random_orth,200,0.004999999888241291,0.9449999928474426,-4.887750625610352,-0.7013113498687744,2.5268986462977323,7.102562427520752
B,0,-2,real_diff_in_helix_subspace,200,0.375,0.32999998331069946,-2.0747694969177246,-2.468686103820801,2.5221258235212924,7.102562427520752
B,0,-2,full_swap,200,0.7099999785423279,0.029999999329447746,-1.1115483045578003,-4.3543009757995605,5.773033618927002,7.102562427520752
B,1,-2,helix,200,0.4399999976158142,0.29999998211860657,-1.9332692623138428,-2.6063590049743652,2.79102305278999,7.568709850311279
B,1,-2,only_T2,200,0.0,1.0,-4.903133869171143,-0.6846322417259216,0.0,7.568709850311279
B,1,-2,only_T5,200,0.1850000023841858,0.47999998927116394,-3.306328296661377,-1.8006081581115723,2.336006572698646,7.568709850311279
B,1,-2,only_T10,200,0.07999999821186066,0.7099999785423279,-4.078151226043701,-1.1300606727600098,1.46308251210036,7.568709850311279
B,1,-2,only_T100,200,0.0,0.9350000023841858,-4.85420560836792,-0.695015549659729,0.3389141533663391,7.568709850311279
B,1,-2,only_lin,200,0.0,0.9699999690055847,-4.879362106323242,-0.6850345730781555,0.18699830473199505,7.568709850311279
B,1,-2,random_orth,200,0.004999999888241291,0.949999988079071,-4.852812767028809,-0.6902682185173035,2.79102305278999,7.568709850311279
B,1,-2,real_diff_in_helix_subspace,200,0.42499998211860657,0.28999999165534973,-1.9986103773117065,-2.5362255573272705,2.8081566120781165,7.568709850311279
B,1,-2,full_swap,200,0.699999988079071,0.03500000014901161,-1.1077567338943481,-4.358550071716309,6.353109359741211,7.568709850311279
B,2,-2,helix,200,0.4650000035762787,0.26999998092651367,-1.888999104499817,-2.655054807662964,3.243170350430578,9.674173355102539
B,2,-2,only_T2,200,0.0,1.0,-4.903133869171143,-0.6846322417259216,0.0,9.674173355102539
B,2,-2,only_T5,200,0.19999998807907104,0.47999998927116394,-3.26043438911438,-1.828015685081482,2.714281019837598,9.674173355102539
B,2,-2,only_T10,200,0.07999999821186066,0.7049999833106995,-4.057840347290039,-1.1522632837295532,1.697392933900125,9.674173355102539
B,2,-2,only_T100,200,0.0,0.9399999976158142,-4.856364727020264,-0.6953335404396057,0.3970173210482283,9.674173355102539
B,2,-2,only_lin,200,0.0,0.9749999642372131,-4.886663913726807,-0.683857262134552,0.22101404573761776,9.674173355102539
B,2,-2,random_orth,200,0.0,0.9350000023841858,-4.8982462882995605,-0.7096725106239319,3.243170350430578,9.674173355102539
B,2,-2,real_diff_in_helix_subspace,200,0.44999998807907104,0.26999998092651367,-1.942201852798462,-2.6003222465515137,3.279529667769814,9.674173355102539
B,2,-2,full_swap,200,0.7049999833106995,0.03999999910593033,-1.099603533744812,-4.347371578216553,7.2331671714782715,9.674173355102539
B,3,-2,helix,200,0.4949999749660492,0.2549999952316284,-1.8160152435302734,-2.7408275604248047,3.8643612925926645,12.068818092346191
B,3,-2,only_T2,200,0.0,1.0,-4.903133869171143,-0.6846322417259216,0.0,12.068818092346191
B,3,-2,only_T5,200,0.19999998807907104,0.4599999785423279,-3.2073135375976562,-1.8920080661773682,3.2559892122557574,12.068818092346191
B,3,-2,only_T10,200,0.07999999821186066,0.6850000023841858,-4.023273944854736,-1.1954506635665894,1.985760846912533,12.068818092346191
B,3,-2,only_T100,200,0.0,0.9449999928474426,-4.855663299560547,-0.6950719952583313,0.46948486357317876,12.068818092346191
B,3,-2,only_lin,200,0.0,0.9649999737739563,-4.8781657218933105,-0.6841859221458435,0.2735647368464537,12.068818092346191
B,3,-2,random_orth,200,0.0,0.9749999642372131,-4.8532185554504395,-0.6797956228256226,3.8643612925926645,12.068818092346191
B,3,-2,real_diff_in_helix_subspace,200,0.4399999976158142,0.26499998569488525,-1.8876824378967285,-2.679624319076538,3.918153335516438,12.068818092346191
B,3,-2,full_swap,200,0.7049999833106995,0.03500000014901161,-1.0960760116577148,-4.359845161437988,8.341523170471191,12.068818092346191
B,4,-2,helix,200,0.48499998450279236,0.26499998569488525,-1.8115824460983276,-2.7366552352905273,4.306576828615179,14.75910758972168
B,4,-2,only_T2,200,0.0,1.0,-4.903133869171143,-0.6846322417259216,0.0,14.75910758972168
B,4,-2,only_T5,200,0.20499999821186066,0.44999998807907104,-3.204329490661621,-1.9060413837432861,3.6308727276847663,14.75910758972168
B,4,-2,only_T10,200,0.07499999552965164,0.675000011920929,-4.018458366394043,-1.1996337175369263,2.1977897636871657,14.75910758972168
B,4,-2,only_T100,200,0.0,0.9399999976158142,-4.854614734649658,-0.6948519945144653,0.5419727581627352,14.75910758972168
B,4,-2,only_lin,200,0.0,0.9699999690055847,-4.874115943908691,-0.6847115755081177,0.3182504586883141,14.75910758972168
B,4,-2,random_orth,200,0.0,0.9300000071525574,-4.889195442199707,-0.7035931348800659,4.306576828615179,14.75910758972168
B,4,-2,real_diff_in_helix_subspace,200,0.4699999988079071,0.25,-1.9002050161361694,-2.6670784950256348,4.389472391780123,14.75910758972168
B,4,-2,full_swap,200,0.7099999785423279,0.03500000014901161,-1.090233564376831,-4.317970275878906,9.440637588500977,14.75910758972168
B,5,-2,helix,200,0.4899999797344208,0.26499998569488525,-1.7710206508636475,-2.7794878482818604,4.991648989911288,17.55377197265625
B,5,-2,only_T2,200,0.0,1.0,-4.903133869171143,-0.6846322417259216,0.0,17.55377197265625
B,5,-2,only_T5,200,0.20499999821186066,0.4350000023841858,-3.1687707901000977,-1.9402118921279907,4.198960457975281,17.55377197265625
B,5,-2,only_T10,200,0.07000000029802322,0.6800000071525574,-3.991833448410034,-1.2324246168136597,2.5500172715422194,17.55377197265625
B,5,-2,only_T100,200,0.0,0.949999988079071,-4.849613189697266,-0.6888222098350525,0.6381437786550435,17.55377197265625
B,5,-2,only_lin,200,0.0,0.9749999642372131,-4.869570255279541,-0.6833207011222839,0.3769621939350259,17.55377197265625
B,5,-2,random_orth,200,0.009999999776482582,0.9399999976158142,-4.866913318634033,-0.6981038451194763,4.991648989911288,17.55377197265625
B,5,-2,real_diff_in_helix_subspace,200,0.4699999988079071,0.26499998569488525,-1.8648592233657837,-2.6904592514038086,5.084699480135718,17.55377197265625
B,5,-2,full_swap,200,0.7149999737739563,0.03500000014901161,-1.0934008359909058,-4.306122303009033,11.158988952636719,17.55377197265625
B,6,-2,helix,200,0.5099999904632568,0.26499998569488525,-1.7401788234710693,-2.8191442489624023,5.558064943514565,21.185562133789062
B,6,-2,only_T2,200,0.0,1.0,-4.903133869171143,-0.6846322417259216,0.0,21.185562133789062
B,6,-2,only_T5,200,0.19999998807907104,0.4449999928474426,-3.147465229034424,-1.9611650705337524,4.6575874679855485,21.185562133789062
B,6,-2,only_T10,200,0.07499999552965164,0.6699999570846558,-3.9742515087127686,-1.2538028955459595,2.853808653245671,21.185562133789062
B,6,-2,only_T100,200,0.0,0.949999988079071,-4.85630464553833,-0.6882362365722656,0.7226788011174865,21.185562133789062
B,6,-2,only_lin,200,0.0,0.9749999642372131,-4.8723297119140625,-0.6839094161987305,0.431614837436205,21.185562133789062
B,6,-2,random_orth,200,0.0,0.9549999833106995,-4.878163814544678,-0.6983305215835571,5.558064943514565,21.185562133789062
B,6,-2,real_diff_in_helix_subspace,200,0.48499998450279236,0.26499998569488525,-1.8415560722351074,-2.7222511768341064,5.719690017779496,21.185562133789062
B,6,-2,full_swap,200,0.7149999737739563,0.03500000014901161,-1.0938690900802612,-4.302926063537598,12.6415433883667,21.185562133789062
B,7,-2,helix,200,0.5049999952316284,0.25,-1.7419952154159546,-2.8195581436157227,6.082588882654396,24.46505355834961
B,7,-2,only_T2,200,0.0,1.0,-4.903133869171143,-0.6846322417259216,0.0,24.46505355834961
B,7,-2,only_T5,200,0.20999999344348907,0.4350000023841858,-3.1547563076019287,-1.9703210592269897,5.087577685763563,24.46505355834961
B,7,-2,only_T10,200,0.08500000089406967,0.6599999666213989,-3.9613606929779053,-1.2699044942855835,3.128030566452791,24.46505355834961
B,7,-2,only_T100,200,0.0,0.949999988079071,-4.854033470153809,-0.690247654914856,0.8054562013465323,24.46505355834961
B,7,-2,only_lin,200,0.0,0.9799999594688416,-4.869631767272949,-0.6829805374145508,0.4841981787824105,24.46505355834961
B,7,-2,random_orth,200,0.0,0.9649999737739563,-4.862546443939209,-0.6881027221679688,6.082588882654396,24.46505355834961
B,7,-2,real_diff_in_helix_subspace,200,0.4599999785423279,0.2800000011920929,-1.8849577903747559,-2.732945203781128,6.302022421453946,24.46505355834961
B,7,-2,full_swap,200,0.7149999737739563,0.03500000014901161,-1.0854216814041138,-4.269216060638428,14.081401824951172,24.46505355834961
B,8,-2,helix,200,0.5,0.25,-1.718304991722107,-2.846501111984253,6.601264983682881,27.706907272338867
B,8,-2,only_T2,200,0.0,1.0,-4.903133869171143,-0.6846322417259216,0.0,27.706907272338867
B,8,-2,only_T5,200,0.20999999344348907,0.4350000023841858,-3.1528139114379883,-1.9834518432617188,5.517177110420939,27.706907272338867
B,8,-2,only_T10,200,0.0949999988079071,0.6499999761581421,-3.9280576705932617,-1.2785428762435913,3.390591701044814,27.706907272338867
B,8,-2,only_T100,200,0.0,0.949999988079071,-4.851507663726807,-0.6903021335601807,0.88076250731915,27.706907272338867
B,8,-2,only_lin,200,0.0,0.9799999594688416,-4.860965251922607,-0.6797745227813721,0.5266633040857127,27.706907272338867
B,8,-2,random_orth,200,0.0,0.9649999737739563,-4.925313472747803,-0.684895932674408,6.601264983682881,27.706907272338867
B,8,-2,real_diff_in_helix_subspace,200,0.4699999988079071,0.25,-1.8664120435714722,-2.7986104488372803,6.896248500353603,27.706907272338867
B,8,-2,full_swap,200,0.7149999737739563,0.03500000014901161,-1.0876892805099487,-4.248804092407227,15.35351848602295,27.706907272338867
B,9,-2,helix,200,0.5349999666213989,0.2199999988079071,-1.6992141008377075,-2.8808250427246094,7.114766169125594,30.468393325805664
B,9,-2,only_T2,200,0.0,1.0,-4.903133869171143,-0.6846322417259216,0.0,30.468393325805664
B,9,-2,only_T5,200,0.20499999821186066,0.4449999928474426,-3.134350299835205,-2.009899854660034,5.958801136796271,30.468393325805664
B,9,-2,only_T10,200,0.09999999403953552,0.6499999761581421,-3.911832809448242,-1.298517107963562,3.618357953236903,30.468393325805664
B,9,-2,only_T100,200,0.0,0.9399999976158142,-4.8537821769714355,-0.6897088289260864,0.9488166097335298,30.468393325805664
B,9,-2,only_lin,200,0.0,0.9799999594688416,-4.859084129333496,-0.681119441986084,0.5649269400180856,30.468393325805664
B,9,-2,random_orth,200,0.004999999888241291,0.9350000023841858,-4.909505367279053,-0.6890063881874084,7.114766169125594,30.468393325805664
B,9,-2,real_diff_in_helix_subspace,200,0.4749999940395355,0.2549999952316284,-1.85845148563385,-2.864825487136841,7.477797610916123,30.468393325805664
B,9,-2,full_swap,200,0.7199999690055847,0.03500000014901161,-1.077345609664917,-4.2427215576171875,16.665441513061523,30.468393325805664
B,10,-2,helix,200,0.5349999666213989,0.2199999988079071,-1.6781033277511597,-2.9326491355895996,7.816395776911086,33.02250289916992
B,10,-2,only_T2,200,0.0,1.0,-4.903133869171143,-0.6846322417259216,0.0,33.02250289916992
B,10,-2,only_T5,200,0.2199999988079071,0.4399999976158142,-3.115473508834839,-2.036724328994751,6.554421540478237,33.02250289916992
B,10,-2,only_T10,200,0.09999999403953552,0.6349999904632568,-3.885118246078491,-1.3357573747634888,3.963579492771227,33.02250289916992
B,10,-2,only_T100,200,0.0,0.9399999976158142,-4.854887962341309,-0.6908887624740601,1.0328285749260264,33.02250289916992
B,10,-2,only_lin,200,0.0,0.9749999642372131,-4.857632160186768,-0.6809651255607605,0.6065195224656135,33.02250289916992
B,10,-2,random_orth,200,0.004999999888241291,0.9350000023841858,-4.894099712371826,-0.6893181204795837,7.816395776911086,33.02250289916992
B,10,-2,real_diff_in_helix_subspace,200,0.45499998331069946,0.25999999046325684,-1.9306446313858032,-2.887190103530884,8.229123038457157,33.02250289916992
B,10,-2,full_swap,200,0.7099999785423279,0.03999999910593033,-1.0756620168685913,-4.221136569976807,18.391454696655273,33.02250289916992
B,11,-2,helix,200,0.5199999809265137,0.23499999940395355,-1.6853246688842773,-2.8986337184906006,8.72331872086832,37.946014404296875
B,11,-2,only_T2,200,0.0,1.0,-4.903133869171143,-0.6846322417259216,0.0,37.946014404296875
B,11,-2,only_T5,200,0.22499999403953552,0.42499998211860657,-3.129981517791748,-2.0423550605773926,7.311111571598153,37.946014404296875
B,11,-2,only_T10,200,0.08999999612569809,0.6399999856948853,-3.8463828563690186,-1.3593335151672363,4.423844111831015,37.946014404296875
B,11,-2,only_T100,200,0.0,0.949999988079071,-4.864480018615723,-0.6867855787277222,1.1370719783889922,37.946014404296875
B,11,-2,only_lin,200,0.0,0.9899999499320984,-4.876009464263916,-0.6780432462692261,0.6564505269239609,37.946014404296875
B,11,-2,random_orth,200,0.0,0.9599999785423279,-4.906638145446777,-0.6761846542358398,8.72331872086832,37.946014404296875
B,11,-2,real_diff_in_helix_subspace,200,0.3999999761581421,0.26999998092651367,-1.9912043809890747,-2.830831289291382,9.243281341505327,37.946014404296875
B,11,-2,full_swap,200,0.7400000095367432,0.054999999701976776,-1.0405205488204956,-4.073573112487793,20.508787155151367,37.946014404296875
B,12,-2,helix,200,0.2549999952316284,0.5450000166893005,-2.668186664581299,-1.6210452318191528,9.599161007101442,41.17562484741211
B,12,-2,only_T2,200,0.0,1.0,-4.903133869171143,-0.6846322417259216,0.0,41.17562484741211
B,12,-2,only_T5,200,0.14000000059604645,0.6299999952316284,-3.751976251602173,-1.346152663230896,8.035299228301652,41.17562484741211
B,12,-2,only_T10,200,0.05999999865889549,0.8100000023841858,-4.25240421295166,-0.8919057250022888,4.908134151035495,41.17562484741211
B,12,-2,only_T100,200,0.0,0.9749999642372131,-4.874472618103027,-0.6748143434524536,1.2173452864120256,41.17562484741211
B,12,-2,only_lin,200,0.0,0.9950000047683716,-4.885702610015869,-0.6748431921005249,0.6969653513334677,41.17562484741211
B,12,-2,random_orth,200,0.0,0.98499995470047,-4.920896053314209,-0.660953938961029,9.599161007101442,41.17562484741211
B,12,-2,real_diff_in_helix_subspace,200,0.2449999898672104,0.5349999666213989,-2.7639284133911133,-1.5970162153244019,10.206467714089422,41.17562484741211
B,12,-2,full_swap,200,0.429999977350235,0.3649999797344208,-1.8482439517974854,-2.2952589988708496,22.62283706665039,41.17562484741211
B,13,-2,helix,200,0.1550000011920929,0.6349999904632568,-3.3537440299987793,-1.2712857723236084,10.46655776541498,45.37440872192383
B,13,-2,only_T2,200,0.0,1.0,-4.903133869171143,-0.6846322417259216,0.0,45.37440872192383
B,13,-2,only_T5,200,0.09999999403953552,0.7299999594688416,-4.06854248046875,-1.1513031721115112,8.743990158945275,45.37440872192383
B,13,-2,only_T10,200,0.03999999910593033,0.8549999594688416,-4.487403869628906,-0.7928547263145447,5.379662237868092,45.37440872192383
B,13,-2,only_T100,200,0.0,0.9799999594688416,-4.880959987640381,-0.6829458475112915,1.3166315184731774,45.37440872192383
B,13,-2,only_lin,200,0.0,1.0,-4.883327484130859,-0.6818663477897644,0.7570782965285755,45.37440872192383
B,13,-2,random_orth,200,0.009999999776482582,0.9699999690055847,-4.926585674285889,-0.6780650019645691,10.46655776541498,45.37440872192383
B,13,-2,real_diff_in_helix_subspace,200,0.14999999105930328,0.6399999856948853,-3.402587890625,-1.2928696870803833,11.233600661987275,45.37440872192383
B,13,-2,full_swap,200,0.26499998569488525,0.4899999797344208,-2.7556233406066895,-1.7667123079299927,24.6367130279541,45.37440872192383
B,14,-2,helix,200,0.029999999329447746,0.8700000047683716,-4.250523090362549,-0.8013589978218079,11.154016375320325,50.69562911987305
B,14,-2,only_T2,200,0.0,1.0,-4.903133869171143,-0.6846322417259216,0.0,50.69562911987305
B,14,-2,only_T5,200,0.019999999552965164,0.8899999856948853,-4.525062084197998,-0.8055862784385681,9.32655457717044,50.69562911987305
B,14,-2,only_T10,200,0.014999999664723873,0.9449999928474426,-4.706143856048584,-0.6875619292259216,5.722382594461999,50.69562911987305
B,14,-2,only_T100,200,0.0,1.0,-4.892305374145508,-0.6794904470443726,1.3946031152472589,50.69562911987305
B,14,-2,only_lin,200,0.0,1.0,-4.8922014236450195,-0.6792981624603271,0.7982534710060617,50.69562911987305
B,14,-2,random_orth,200,0.0,1.0,-4.897506237030029,-0.6749107241630554,11.154016375320325,50.69562911987305
B,14,-2,real_diff_in_helix_subspace,200,0.03500000014901161,0.8700000047683716,-4.263017654418945,-0.7987529635429382,12.037733365983163,50.69562911987305
B,14,-2,full_swap,200,0.05999999865889549,0.8100000023841858,-3.7812700271606445,-0.8729891180992126,26.343446731567383,50.69562911987305
B,15,-2,helix,200,0.03500000014901161,0.8700000047683716,-4.261965751647949,-0.7964760661125183,12.38742445426087,55.52381896972656
B,15,-2,only_T2,200,0.0,1.0,-4.903133869171143,-0.6846322417259216,0.0,55.52381896972656
B,15,-2,only_T5,200,0.019999999552965164,0.8949999809265137,-4.529129981994629,-0.8015527129173279,10.477548406401931,55.52381896972656
B,15,-2,only_T10,200,0.014999999664723873,0.9399999976158142,-4.707396030426025,-0.68697589635849,6.158424787243725,55.52381896972656
B,15,-2,only_T100,200,0.0,1.0,-4.892548561096191,-0.679266631603241,1.5176549790493525,55.52381896972656
B,15,-2,only_lin,200,0.0,1.0,-4.896363258361816,-0.6788510084152222,0.8607122513851467,55.52381896972656
B,15,-2,random_orth,200,0.0,1.0,-4.909764289855957,-0.6811365485191345,12.38742445426087,55.52381896972656
B,15,-2,real_diff_in_helix_subspace,200,0.03500000014901161,0.8849999904632568,-4.267610549926758,-0.7959951758384705,13.51192559028152,55.52381896972656
B,15,-2,full_swap,200,0.04999999701976776,0.8149999976158142,-3.822678804397583,-0.8658306002616882,28.7991886138916,55.52381896972656
B,16,-2,helix,200,0.02499999850988388,0.8899999856948853,-4.386868953704834,-0.7605106234550476,13.784352232215277,60.41923522949219
B,16,-2,only_T2,200,0.0,1.0,-4.903133869171143,-0.6846322417259216,0.0,60.41923522949219
B,16,-2,only_T5,200,0.019999999552965164,0.8999999761581421,-4.615390300750732,-0.768290102481842,11.687867719463839,60.41923522949219
B,16,-2,only_T10,200,0.014999999664723873,0.9449999928474426,-4.721400737762451,-0.6854658126831055,6.82562713571052,60.41923522949219
B,16,-2,only_T100,200,0.0,1.0,-4.8953657150268555,-0.6789834499359131,1.6524886407294685,60.41923522949219
B,16,-2,only_lin,200,0.0,1.0,-4.899786472320557,-0.6789082288742065,0.9366799836320897,60.41923522949219
B,16,-2,random_orth,200,0.004999999888241291,0.9899999499320984,-4.90132999420166,-0.6831139326095581,13.784352232215277,60.41923522949219
B,16,-2,real_diff_in_helix_subspace,200,0.019999999552965164,0.8999999761581421,-4.396900653839111,-0.7560076713562012,15.11915705605763,60.41923522949219
B,16,-2,full_swap,200,0.03500000014901161,0.8549999594688416,-4.058452606201172,-0.7877039313316345,31.833057403564453,60.41923522949219
B,17,-2,helix,200,0.019999999552965164,0.8999999761581421,-4.373583793640137,-0.7648254036903381,14.778125490521411,66.9224853515625
B,17,-2,only_T2,200,0.0,1.0,-4.903133869171143,-0.6846322417259216,0.0,66.9224853515625
B,17,-2,only_T5,200,0.014999999664723873,0.8999999761581421,-4.601805210113525,-0.7753421664237976,12.541343548637299,66.9224853515625
B,17,-2,only_T10,200,0.014999999664723873,0.9399999976158142,-4.725728988647461,-0.6828263998031616,7.296769806093596,66.9224853515625
B,17,-2,only_T100,200,0.0,1.0,-4.894415855407715,-0.6776403784751892,1.771141160716275,66.9224853515625
B,17,-2,only_lin,200,0.0,1.0,-4.899565696716309,-0.6800626516342163,1.0068928578346403,66.9224853515625
B,17,-2,random_orth,200,0.0,0.98499995470047,-4.909616947174072,-0.6859273910522461,14.778125490521411,66.9224853515625
B,17,-2,real_diff_in_helix_subspace,200,0.019999999552965164,0.8999999761581421,-4.382419109344482,-0.7621239423751831,16.26997382041146,66.9224853515625
B,17,-2,full_swap,200,0.02499999850988388,0.85999995470047,-4.075007915496826,-0.7979587912559509,34.27391052246094,66.9224853515625
B,18,-2,helix,200,0.014999999664723873,0.9300000071525574,-4.567986488342285,-0.710064172744751,15.772830627315038,72.84490203857422
B,18,-2,only_T2,200,0.0,1.0,-4.903133869171143,-0.6846322417259216,0.0,72.84490203857422
B,18,-2,only_T5,200,0.014999999664723873,0.9350000023841858,-4.72634744644165,-0.7291349768638611,13.400139485492204,72.84490203857422
B,18,-2,only_T10,200,0.004999999888241291,0.9549999833106995,-4.77926778793335,-0.6767219305038452,7.767134823471622,72.84490203857422
B,18,-2,only_T100,200,0.0,1.0,-4.892024040222168,-0.6799776554107666,1.8753851397864059,72.84490203857422
B,18,-2,only_lin,200,0.0,1.0,-4.900925636291504,-0.6815919876098633,1.0728756213139858,72.84490203857422
B,18,-2,random_orth,200,0.004999999888241291,0.98499995470047,-4.900846004486084,-0.687352180480957,15.772830627315038,72.84490203857422
B,18,-2,real_diff_in_helix_subspace,200,0.014999999664723873,0.9300000071525574,-4.569370746612549,-0.7136217951774597,17.48743761432698,72.84490203857422
B,18,-2,full_swap,200,0.019999999552965164,0.8949999809265137,-4.339433670043945,-0.7266630530357361,36.6903190612793,72.84490203857422
B,19,-2,helix,200,0.009999999776482582,0.9799999594688416,-4.898559093475342,-0.6779159307479858,16.62996847919262,80.07353973388672
B,19,-2,only_T2,200,0.0,1.0,-4.903133869171143,-0.6846322417259216,0.0,80.07353973388672
B,19,-2,only_T5,200,0.004999999888241291,0.98499995470047,-4.921148300170898,-0.6780234575271606,14.161608489713299,80.07353973388672
B,19,-2,only_T10,200,0.004999999888241291,0.9899999499320984,-4.900119781494141,-0.686614453792572,8.137826840861178,80.07353973388672
B,19,-2,only_T100,200,0.0,1.0,-4.8967814445495605,-0.6831158399581909,1.966563832874424,80.07353973388672
B,19,-2,only_lin,200,0.0,1.0,-4.902799129486084,-0.6843670010566711,1.1273701149314401,80.07353973388672
B,19,-2,random_orth,200,0.0,0.9950000047683716,-4.906117916107178,-0.6822007894515991,16.62996847919262,80.07353973388672
B,19,-2,real_diff_in_helix_subspace,200,0.004999999888241291,0.9899999499320984,-4.900275230407715,-0.6806957721710205,18.554620682411656,80.07353973388672
B,19,-2,full_swap,200,0.004999999888241291,0.9549999833106995,-4.806567192077637,-0.6712881326675415,38.85116958618164,80.07353973388672
B,20,-2,helix,200,0.004999999888241291,0.9899999499320984,-4.896051406860352,-0.679328441619873,17.56763356918191,85.5658950805664
B,20,-2,only_T2,200,0.0,1.0,-4.903133869171143,-0.6846322417259216,0.0,85.5658950805664
B,20,-2,only_T5,200,0.004999999888241291,0.98499995470047,-4.919605255126953,-0.6785123348236084,14.995572437474284,85.5658950805664
B,20,-2,only_T10,200,0.004999999888241291,0.9899999499320984,-4.8975043296813965,-0.6874915957450867,8.526326346894457,85.5658950805664
B,20,-2,only_T100,200,0.0,1.0,-4.896735668182373,-0.6844923496246338,2.0735922056791645,85.5658950805664
B,20,-2,only_lin,200,0.0,1.0,-4.902177810668945,-0.6858407258987427,1.1956850071662282,85.5658950805664
B,20,-2,random_orth,200,0.0,0.9950000047683716,-4.902923583984375,-0.6825845241546631,17.56763356918191,85.5658950805664
B,20,-2,real_diff_in_helix_subspace,200,0.004999999888241291,0.9899999499320984,-4.904314994812012,-0.6796863675117493,19.787169567463117,85.5658950805664
B,20,-2,full_swap,200,0.004999999888241291,0.9649999737739563,-4.8049421310424805,-0.6716794967651367,41.20155334472656,85.5658950805664
B,21,-2,helix,200,0.009999999776482582,0.98499995470047,-4.916708946228027,-0.6830450296401978,18.371503347340727,90.65259552001953
B,21,-2,only_T2,200,0.0,1.0,-4.903133869171143,-0.6846322417259216,0.0,90.65259552001953
B,21,-2,only_T5,200,0.004999999888241291,0.98499995470047,-4.936861991882324,-0.6791850328445435,15.692921959057093,90.65259552001953
B,21,-2,only_T10,200,0.004999999888241291,0.9899999499320984,-4.902426719665527,-0.6899787187576294,8.889348566832908,90.65259552001953
B,21,-2,only_T100,200,0.0,1.0,-4.897941589355469,-0.6836801171302795,2.167484983651155,90.65259552001953
B,21,-2,only_lin,200,0.0,1.0,-4.901181697845459,-0.6847826838493347,1.2511570236386564,90.65259552001953
B,21,-2,random_orth,200,0.0,1.0,-4.909718990325928,-0.6835399270057678,18.371503347340727,90.65259552001953
B,21,-2,real_diff_in_helix_subspace,200,0.004999999888241291,0.98499995470047,-4.926042556762695,-0.6841152310371399,20.867605743633977,90.65259552001953
B,21,-2,full_swap,200,0.004999999888241291,0.9699999690055847,-4.8441081047058105,-0.6713837385177612,43.2902946472168,90.65259552001953
B,22,-2,helix,200,0.009999999776482582,0.98499995470047,-4.920187473297119,-0.6829906105995178,19.15998859034366,97.19511413574219
B,22,-2,only_T2,200,0.0,1.0,-4.903133869171143,-0.6846322417259216,0.0,97.19511413574219
B,22,-2,only_T5,200,0.004999999888241291,0.98499995470047,-4.9376726150512695,-0.6792414784431458,16.35429229546894,97.19511413574219
B,22,-2,only_T10,200,0.004999999888241291,0.9899999499320984,-4.90318489074707,-0.6911526918411255,9.291901253572261,97.19511413574219
B,22,-2,only_T100,200,0.0,1.0,-4.897465229034424,-0.6833465695381165,2.253331039524123,97.19511413574219
B,22,-2,only_lin,200,0.0,1.0,-4.902310848236084,-0.6847729086875916,1.3045573585969277,97.19511413574219
B,22,-2,random_orth,200,0.0,1.0,-4.902549743652344,-0.6821265816688538,19.159988590343662,97.19511413574219
B,22,-2,real_diff_in_helix_subspace,200,0.004999999888241291,0.98499995470047,-4.926110744476318,-0.6845072507858276,21.991145345542137,97.19511413574219
B,22,-2,full_swap,200,0.004999999888241291,0.9699999690055847,-4.844926834106445,-0.6727978587150574,45.2953987121582,97.19511413574219
B,23,-2,helix,200,0.009999999776482582,0.98499995470047,-4.93977689743042,-0.686290442943573,19.938026330728693,101.88392639160156
B,23,-2,only_T2,200,0.0,1.0,-4.903133869171143,-0.6846322417259216,0.0,101.88392639160156
B,23,-2,only_T5,200,0.004999999888241291,0.98499995470047,-4.951838970184326,-0.6788796782493591,17.025640166111344,101.88392639160156
B,23,-2,only_T10,200,0.004999999888241291,0.98499995470047,-4.907893657684326,-0.6924057006835938,9.660178213403361,101.88392639160156
B,23,-2,only_T100,200,0.0,1.0,-4.901310443878174,-0.6855171918869019,2.3293284015320657,101.88392639160156
B,23,-2,only_lin,200,0.0,1.0,-4.900629997253418,-0.684567391872406,1.3576963876763557,101.88392639160156
B,23,-2,random_orth,200,0.0,1.0,-4.909029960632324,-0.6832914352416992,19.938026330728693,101.88392639160156
B,23,-2,real_diff_in_helix_subspace,200,0.004999999888241291,0.98499995470047,-4.951367378234863,-0.6916341781616211,23.10061794196986,101.88392639160156
B,23,-2,full_swap,200,0.004999999888241291,0.9599999785423279,-4.877620220184326,-0.6856591701507568,47.2818603515625,101.88392639160156
B,24,-2,helix,200,0.0,1.0,-4.894070148468018,-0.6835932731628418,20.56357980128574,106.17839050292969
B,24,-2,only_T2,200,0.0,1.0,-4.903133869171143,-0.6846322417259216,0.0,106.17839050292969
B,24,-2,only_T5,200,0.0,1.0,-4.896422386169434,-0.6843296885490417,17.552207832788262,106.17839050292969
B,24,-2,only_T10,200,0.0,1.0,-4.902443885803223,-0.683575451374054,9.96322075336529,106.17839050292969
B,24,-2,only_T100,200,0.0,1.0,-4.903155326843262,-0.6851955056190491,2.3825333148586214,106.17839050292969
B,24,-2,only_lin,200,0.0,1.0,-4.902369022369385,-0.6847187876701355,1.391839025474125,106.17839050292969
B,24,-2,random_orth,200,0.0,1.0,-4.9055399894714355,-0.6834733486175537,20.56357980128574,106.17839050292969
B,24,-2,real_diff_in_helix_subspace,200,0.0,1.0,-4.894949436187744,-0.6828336715698242,23.98197363654029,106.17839050292969
B,24,-2,full_swap,200,0.0,1.0,-4.887764930725098,-0.6809033155441284,48.898475646972656,106.17839050292969
B,25,-2,helix,200,0.0,1.0,-4.893324851989746,-0.6832028031349182,21.17257222921455,111.31017303466797
B,25,-2,only_T2,200,0.0,1.0,-4.903133869171143,-0.6846322417259216,0.0,111.31017303466797
B,25,-2,only_T5,200,0.0,1.0,-4.896111965179443,-0.6847553253173828,18.031256282666064,111.31017303466797
B,25,-2,only_T10,200,0.0,1.0,-4.901775360107422,-0.6829395890235901,10.301362945031256,111.31017303466797
B,25,-2,only_T100,200,0.0,1.0,-4.903398513793945,-0.6847682595252991,2.4437373021758417,111.31017303466797
B,25,-2,only_lin,200,0.0,1.0,-4.902108669281006,-0.6846028566360474,1.4218072900966388,111.31017303466797
B,25,-2,random_orth,200,0.0,1.0,-4.903663635253906,-0.6845185160636902,21.17257222921455,111.31017303466797
B,25,-2,real_diff_in_helix_subspace,200,0.0,1.0,-4.895242691040039,-0.6821965575218201,25.1390796394524,111.31017303466797
B,25,-2,full_swap,200,0.0,1.0,-4.88650369644165,-0.6812638640403748,50.745277404785156,111.31017303466797
B,26,-2,helix,200,0.0,1.0,-4.89394474029541,-0.6837649345397949,21.77646026159644,118.58183288574219
B,26,-2,only_T2,200,0.0,1.0,-4.903133869171143,-0.6846322417259216,0.0,118.58183288574219
B,26,-2,only_T5,200,0.0,1.0,-4.897152423858643,-0.6850278973579407,18.513285766907153,118.58183288574219
B,26,-2,only_T10,200,0.0,1.0,-4.902174949645996,-0.682929277420044,10.62753261072207,118.58183288574219
B,26,-2,only_T100,200,0.0,1.0,-4.903842449188232,-0.68418949842453,2.5148628354595335,118.58183288574219
B,26,-2,only_lin,200,0.0,1.0,-4.904654502868652,-0.6843493580818176,1.4655808707563163,118.58183288574219
B,26,-2,random_orth,200,0.0,1.0,-4.904336452484131,-0.6842448115348816,21.77646026159644,118.58183288574219
B,26,-2,real_diff_in_helix_subspace,200,0.0,1.0,-4.895892143249512,-0.683009922504425,26.24455996103846,118.58183288574219
B,26,-2,full_swap,200,0.0,1.0,-4.885583400726318,-0.6826000809669495,52.58026885986328,118.58183288574219
B,27,-2,helix,200,0.0,1.0,-4.9014763832092285,-0.6834546327590942,22.172766322570624,127.67214965820312
B,27,-2,only_T2,200,0.0,1.0,-4.903133869171143,-0.6846322417259216,0.0,127.67214965820312
B,27,-2,only_T5,200,0.0,1.0,-4.903641223907471,-0.6837428212165833,18.804832281967517,127.67214965820312
B,27,-2,only_T10,200,0.0,1.0,-4.902434349060059,-0.6834315061569214,10.875022430759024,127.67214965820312
B,27,-2,only_T100,200,0.0,1.0,-4.904123306274414,-0.6845406889915466,2.569529315721792,127.67214965820312
B,27,-2,only_lin,200,0.0,1.0,-4.904223918914795,-0.6846771240234375,1.498126305686316,127.67214965820312
B,27,-2,random_orth,200,0.0,1.0,-4.905176162719727,-0.6831744313240051,22.172766322570624,127.67214965820312
B,27,-2,real_diff_in_helix_subspace,200,0.0,1.0,-4.902706623077393,-0.683555006980896,27.0366915652266,127.67214965820312
B,27,-2,full_swap,200,0.0,1.0,-4.901007175445557,-0.6824343800544739,53.9052848815918,127.67214965820312
B,28,-2,helix,200,0.0,1.0,-4.901568412780762,-0.6836832761764526,22.723896700754185,140.1166534423828
B,28,-2,only_T2,200,0.0,1.0,-4.903133869171143,-0.6846322417259216,0.0,140.1166534423828
B,28,-2,only_T5,200,0.0,1.0,-4.901591777801514,-0.6839624047279358,19.232618417699165,140.1166534423828
B,28,-2,only_T10,200,0.0,1.0,-4.902559280395508,-0.6834575533866882,11.18723950431732,140.1166534423828
B,28,-2,only_T100,200,0.0,1.0,-4.904350757598877,-0.6843054890632629,2.645028530177989,140.1166534423828
B,28,-2,only_lin,200,0.0,1.0,-4.90270471572876,-0.6846057176589966,1.5329992422325152,140.1166534423828
B,28,-2,random_orth,200,0.0,1.0,-4.901944637298584,-0.683895468711853,22.723896700754185,140.1166534423828
B,28,-2,real_diff_in_helix_subspace,200,0.0,1.0,-4.901303768157959,-0.6835907101631165,28.360196482110908,140.1166534423828
B,28,-2,full_swap,200,0.0,1.0,-4.90162467956543,-0.6822622418403625,55.78667449951172,140.1166534423828
B,29,-2,helix,200,0.0,1.0,-4.903290748596191,-0.6839411854743958,23.203870750393804,156.8304443359375
B,29,-2,only_T2,200,0.0,1.0,-4.903133869171143,-0.6846322417259216,0.0,156.8304443359375
B,29,-2,only_T5,200,0.0,1.0,-4.902714252471924,-0.6841897964477539,19.599228157338544,156.8304443359375
B,29,-2,only_T10,200,0.0,1.0,-4.902122974395752,-0.683954119682312,11.452949829610063,156.8304443359375
B,29,-2,only_T100,200,0.0,1.0,-4.902216911315918,-0.6844542622566223,2.7206858682076076,156.8304443359375
B,29,-2,only_lin,200,0.0,1.0,-4.90314245223999,-0.68436199426651,1.5667652447152651,156.8304443359375
B,29,-2,random_orth,200,0.0,1.0,-4.903677940368652,-0.6836987137794495,23.203870750393808,156.8304443359375
B,29,-2,real_diff_in_helix_subspace,200,0.0,1.0,-4.903593063354492,-0.6841704249382019,29.41120603245281,156.8304443359375
B,29,-2,full_swap,200,0.0,1.0,-4.902838230133057,-0.6845230460166931,57.36675262451172,156.8304443359375
B,30,-2,helix,200,0.0,1.0,-4.902418613433838,-0.6841229200363159,23.808810880531865,180.25811767578125
B,30,-2,only_T2,200,0.0,1.0,-4.903133869171143,-0.6846322417259216,0.0,180.25811767578125
B,30,-2,only_T5,200,0.0,1.0,-4.9022417068481445,-0.6843997836112976,20.116647455603825,180.25811767578125
B,30,-2,only_T10,200,0.0,1.0,-4.9037580490112305,-0.6841229796409607,11.718927739807395,180.25811767578125
B,30,-2,only_T100,200,0.0,1.0,-4.903773307800293,-0.6843284964561462,2.790535972131847,180.25811767578125
B,30,-2,only_lin,200,0.0,1.0,-4.903651714324951,-0.6842002868652344,1.5985867672773768,180.25811767578125
B,30,-2,random_orth,200,0.0,1.0,-4.902693748474121,-0.6841439604759216,23.808810880531865,180.25811767578125
B,30,-2,real_diff_in_helix_subspace,200,0.0,1.0,-4.9016289710998535,-0.6838204860687256,30.52269628209061,180.25811767578125
B,30,-2,full_swap,200,0.0,1.0,-4.901864528656006,-0.68423992395401,58.96473693847656,180.25811767578125
B,31,-2,helix,200,0.0,1.0,-4.903133869171143,-0.6846322417259216,24.107419632411265,207.43447875976562
B,31,-2,only_T2,200,0.0,1.0,-4.903133869171143,-0.6846322417259216,0.0,207.43447875976562
B,31,-2,only_T5,200,0.0,1.0,-4.903133869171143,-0.6846322417259216,20.384369532240516,207.43447875976562
B,31,-2,only_T10,200,0.0,1.0,-4.903133869171143,-0.6846322417259216,11.860346593907584,207.43447875976562
B,31,-2,only_T100,200,0.0,1.0,-4.903133869171143,-0.6846322417259216,2.822907287323984,207.43447875976562
B,31,-2,only_lin,200,0.0,1.0,-4.903133869171143,-0.6846322417259216,1.6199146627575507,207.43447875976562
B,31,-2,random_orth,200,0.0,1.0,-4.903133869171143,-0.6846322417259216,24.107419632411265,207.43447875976562
B,31,-2,real_diff_in_helix_subspace,200,0.0,1.0,-4.903133869171143,-0.6846322417259216,30.98560150981517,207.43447875976562
B,31,-2,full_swap,200,0.0,1.0,-4.903133869171143,-0.6846322417259216,59.971736907958984,207.43447875976562
B,0,-1,helix,200,0.5049999952316284,0.14499999582767487,-1.7527258396148682,-3.2944116592407227,2.2527623964140164,7.123866081237793
B,0,-1,only_T2,200,0.23499999940395355,0.2849999964237213,-2.698853015899658,-2.5319855213165283,1.7003811502911572,7.123866081237793
B,0,-1,only_T5,200,0.009999999776482582,0.7599999904632568,-4.421952247619629,-1.019298791885376,1.297431868550359,7.123866081237793
B,0,-1,only_T10,200,0.009999999776482582,0.875,-4.652178764343262,-0.8045182824134827,0.6962142881751531,7.123866081237793
B,0,-1,only_T100,200,0.0,0.9899999499320984,-4.846380710601807,-0.7040967345237732,0.14294973298603056,7.123866081237793
B,0,-1,only_lin,200,0.0,0.9950000047683716,-4.8564887046813965,-0.7072062492370605,0.07367413897071223,7.123866081237793
B,0,-1,random_orth,200,0.0,0.9699999690055847,-4.829291343688965,-0.6979308128356934,2.2527623964140164,7.123866081237793
B,0,-1,real_diff_in_helix_subspace,200,0.47999998927116394,0.17000000178813934,-1.854202389717102,-3.337517023086548,2.2713287509245546,7.123866081237793
B,0,-1,full_swap,200,0.7249999642372131,0.019999999552965164,-1.0569952726364136,-4.434443473815918,5.410456657409668,7.123866081237793
B,1,-1,helix,200,0.5049999952316284,0.13499999046325684,-1.7273527383804321,-3.3137288093566895,2.4764347728331906,7.586844444274902
B,1,-1,only_T2,200,0.25,0.2849999964237213,-2.6735689640045166,-2.5618557929992676,1.86623007108649,7.586844444274902
B,1,-1,only_T5,200,0.009999999776482582,0.7450000047683716,-4.399664402008057,-1.044538974761963,1.4270694144891518,7.586844444274902
B,1,-1,only_T10,200,0.009999999776482582,0.85999995470047,-4.646778583526611,-0.8183764219284058,0.7696810499056869,7.586844444274902
B,1,-1,only_T100,200,0.0,0.9899999499320984,-4.846415996551514,-0.7066779732704163,0.17084020341492923,7.586844444274902
B,1,-1,only_lin,200,0.0,0.9950000047683716,-4.8595757484436035,-0.7042080760002136,0.09349915236599753,7.586844444274902
B,1,-1,random_orth,200,0.004999999888241291,0.949999988079071,-4.845392227172852,-0.7300336956977844,2.4764347728331906,7.586844444274902
B,1,-1,real_diff_in_helix_subspace,200,0.48499998450279236,0.1599999964237213,-1.8268896341323853,-3.3987889289855957,2.5216937498443217,7.586844444274902
B,1,-1,full_swap,200,0.7299999594688416,0.019999999552965164,-1.0456340312957764,-4.442171573638916,5.881051063537598,7.586844444274902
B,2,-1,helix,200,0.5149999856948853,0.12999999523162842,-1.695811152458191,-3.342249870300293,2.860586476005084,9.739657402038574
B,2,-1,only_T2,200,0.2549999952316284,0.26999998092651367,-2.64186954498291,-2.581488609313965,2.1481704391108605,9.739657402038574
B,2,-1,only_T5,200,0.009999999776482582,0.7249999642372131,-4.390513896942139,-1.0534732341766357,1.6568705434857753,9.739657402038574
B,2,-1,only_T10,200,0.009999999776482582,0.85999995470047,-4.642239093780518,-0.824877917766571,0.8923740405939613,9.739657402038574
B,2,-1,only_T100,200,0.0,0.9899999499320984,-4.846000671386719,-0.705787718296051,0.20027644975017034,9.739657402038574
B,2,-1,only_lin,200,0.0,0.9950000047683716,-4.85678768157959,-0.7035876512527466,0.1105070228688089,9.739657402038574
B,2,-1,random_orth,200,0.0,0.949999988079071,-4.84110164642334,-0.7197683453559875,2.860586476005084,9.739657402038574
B,2,-1,real_diff_in_helix_subspace,200,0.48499998450279236,0.13499999046325684,-1.7900381088256836,-3.4603664875030518,2.9384562224879396,9.739657402038574
B,2,-1,full_swap,200,0.73499995470047,0.019999999552965164,-1.0445576906204224,-4.442353248596191,6.676029205322266,9.739657402038574
B,3,-1,helix,200,0.5249999761581421,0.10999999940395355,-1.6193804740905762,-3.439896583557129,3.5541001159239456,12.16040325164795
B,3,-1,only_T2,200,0.25999999046325684,0.20999999344348907,-2.555607318878174,-2.644134998321533,2.7505365176690395,12.16040325164795
B,3,-1,only_T5,200,0.009999999776482582,0.73499995470047,-4.37354040145874,-1.0907752513885498,1.9824927113942385,12.16040325164795
B,3,-1,only_T10,200,0.009999999776482582,0.85999995470047,-4.637999057769775,-0.8360288143157959,1.0444220816742578,12.16040325164795
B,3,-1,only_T100,200,0.0,0.9899999499320984,-4.8467535972595215,-0.7052951455116272,0.23695746868460474,12.16040325164795
B,3,-1,only_lin,200,0.0,0.9899999499320984,-4.8551788330078125,-0.7053602337837219,0.13678236842322689,12.16040325164795
B,3,-1,random_orth,200,0.004999999888241291,0.9649999737739563,-4.81857967376709,-0.7184721827507019,3.5541001159239456,12.16040325164795
B,3,-1,real_diff_in_helix_subspace,200,0.5049999952316284,0.11499999463558197,-1.7544628381729126,-3.5134031772613525,3.6632101222160416,12.16040325164795
B,3,-1,full_swap,200,0.7249999642372131,0.019999999552965164,-1.0416474342346191,-4.443593978881836,7.7498321533203125,12.16040325164795
B,4,-1,helix,200,0.550000011920929,0.10499999672174454,-1.5963964462280273,-3.4563090801239014,3.9635476273922787,14.820014953613281
B,4,-1,only_T2,200,0.26499998569488525,0.20999999344348907,-2.5301098823547363,-2.6538732051849365,3.0714876702372145,14.820014953613281
B,4,-1,only_T5,200,0.009999999776482582,0.7249999642372131,-4.370008945465088,-1.0917598009109497,2.2065683144201067,14.820014953613281
B,4,-1,only_T10,200,0.009999999776482582,0.8549999594688416,-4.642403602600098,-0.8408201336860657,1.1536326294587722,14.820014953613281
B,4,-1,only_T100,200,0.0,0.9899999499320984,-4.844733238220215,-0.7049092650413513,0.27352951007650456,14.820014953613281
B,4,-1,only_lin,200,0.0,0.9950000047683716,-4.854518413543701,-0.707392692565918,0.15912522934415704,14.820014953613281
B,4,-1,random_orth,200,0.004999999888241291,0.9249999523162842,-4.841004848480225,-0.7254573702812195,3.963547627392278,14.820014953613281
B,4,-1,real_diff_in_helix_subspace,200,0.4899999797344208,0.10999999940395355,-1.7741094827651978,-3.509989023208618,4.101168832446672,14.820014953613281
B,4,-1,full_swap,200,0.7450000047683716,0.02499999850988388,-1.0327858924865723,-4.450428485870361,8.746316909790039,14.820014953613281
B,5,-1,helix,200,0.5649999976158142,0.08999999612569809,-1.5545709133148193,-3.5122501850128174,4.60165505742931,17.58603286743164
B,5,-1,only_T2,200,0.2750000059604645,0.19499999284744263,-2.467156171798706,-2.708036422729492,3.5694233257061807,17.58603286743164
B,5,-1,only_T5,200,0.009999999776482582,0.7099999785423279,-4.358363628387451,-1.1091346740722656,2.5540139342093813,17.58603286743164
B,5,-1,only_T10,200,0.009999999776482582,0.8349999785423279,-4.629922866821289,-0.8534362316131592,1.337951371308555,17.58603286743164
B,5,-1,only_T100,200,0.0,0.98499995470047,-4.8472747802734375,-0.7051157355308533,0.3222345277421255,17.58603286743164
B,5,-1,only_lin,200,0.0,0.9950000047683716,-4.848066329956055,-0.70716792345047,0.18848109696751295,17.58603286743164
B,5,-1,random_orth,200,0.0,0.9649999737739563,-4.84246826171875,-0.714649498462677,4.60165505742931,17.58603286743164
B,5,-1,real_diff_in_helix_subspace,200,0.47999998927116394,0.11499999463558197,-1.790750503540039,-3.5297229290008545,4.737479033082022,17.58603286743164
B,5,-1,full_swap,200,0.7450000047683716,0.019999999552965164,-1.0329537391662598,-4.4490156173706055,10.3203763961792,17.58603286743164
B,6,-1,helix,200,0.5699999928474426,0.08999999612569809,-1.5468546152114868,-3.534411907196045,5.144610468883559,21.158008575439453
B,6,-1,only_T2,200,0.25999999046325684,0.19999998807907104,-2.464557409286499,-2.7322981357574463,4.005672734587426,21.158008575439453
B,6,-1,only_T5,200,0.014999999664723873,0.6899999976158142,-4.3505659103393555,-1.125100016593933,2.829452333263766,21.158008575439453
B,6,-1,only_T10,200,0.009999999776482582,0.8399999737739563,-4.63026762008667,-0.8590717911720276,1.4967390517364527,21.158008575439453
B,6,-1,only_T100,200,0.0,0.98499995470047,-4.847111225128174,-0.7038574814796448,0.3649624838865215,21.158008575439453
B,6,-1,only_lin,200,0.0,0.9899999499320984,-4.850358009338379,-0.7062751650810242,0.21580741871810255,21.158008575439453
B,6,-1,random_orth,200,0.004999999888241291,0.9549999833106995,-4.861963748931885,-0.713397741317749,5.144610468883559,21.158008575439453
B,6,-1,real_diff_in_helix_subspace,200,0.4650000035762787,0.10999999940395355,-1.82179594039917,-3.5695388317108154,5.354218324525342,21.158008575439453
B,6,-1,full_swap,200,0.7450000047683716,0.019999999552965164,-1.0369607210159302,-4.448453903198242,11.706067085266113,21.158008575439453
B,7,-1,helix,200,0.5600000023841858,0.08999999612569809,-1.5489692687988281,-3.536900043487549,5.64266549836662,24.452138900756836
B,7,-1,only_T2,200,0.26499998569488525,0.19499999284744263,-2.4555647373199463,-2.7483162879943848,4.400040224505184,24.452138900756836
B,7,-1,only_T5,200,0.014999999664723873,0.699999988079071,-4.354010105133057,-1.1333080530166626,3.0895842733674255,24.452138900756836
B,7,-1,only_T10,200,0.009999999776482582,0.8349999785423279,-4.627674579620361,-0.8638503551483154,1.6404574200957853,24.452138900756836
B,7,-1,only_T100,200,0.0,0.98499995470047,-4.850888729095459,-0.7063831686973572,0.40674369159027635,24.452138900756836
B,7,-1,only_lin,200,0.0,0.9950000047683716,-4.847567558288574,-0.7068378329277039,0.24209908939120528,24.452138900756836
B,7,-1,random_orth,200,0.004999999888241291,0.9599999785423279,-4.8197174072265625,-0.726395308971405,5.64266549836662,24.452138900756836
B,7,-1,real_diff_in_helix_subspace,200,0.4650000035762787,0.11999999731779099,-1.8515371084213257,-3.586056709289551,5.9412577196466145,24.452138900756836
B,7,-1,full_swap,200,0.75,0.019999999552965164,-1.0242400169372559,-4.447056770324707,13.034724235534668,24.452138900756836
B,8,-1,helix,200,0.574999988079071,0.09999999403953552,-1.5435248613357544,-3.5472302436828613,6.067791484533764,27.71196746826172
B,8,-1,only_T2,200,0.2800000011920929,0.1899999976158142,-2.448662042617798,-2.772780656814575,4.702917537491045,27.71196746826172
B,8,-1,only_T5,200,0.014999999664723873,0.6899999976158142,-4.354283332824707,-1.141157627105713,3.3528481067966216,27.71196746826172
B,8,-1,only_T10,200,0.009999999776482582,0.8349999785423279,-4.615461826324463,-0.868853747844696,1.7781074618289605,27.71196746826172
B,8,-1,only_T100,200,0.0,0.98499995470047,-4.850457191467285,-0.7065636515617371,0.44492668876971925,27.71196746826172
B,8,-1,only_lin,200,0.0,0.9950000047683716,-4.844855308532715,-0.7078195214271545,0.26333165204285636,27.71196746826172
B,8,-1,random_orth,200,0.004999999888241291,0.9449999928474426,-4.840598106384277,-0.7352409362792969,6.067791484533764,27.71196746826172
B,8,-1,real_diff_in_helix_subspace,200,0.4350000023841858,0.10499999672174454,-1.897619605064392,-3.6179094314575195,6.441973128179277,27.71196746826172
B,8,-1,full_swap,200,0.7549999952316284,0.009999999776482582,-1.0208165645599365,-4.445659637451172,14.172890663146973,27.71196746826172
B,9,-1,helix,200,0.5649999976158142,0.10499999672174454,-1.5417336225509644,-3.560692071914673,6.514001311407128,30.499710083007812
B,9,-1,only_T2,200,0.2750000059604645,0.17499999701976776,-2.429408073425293,-2.7970972061157227,5.037354578232935,30.499710083007812
B,9,-1,only_T5,200,0.014999999664723873,0.6899999976158142,-4.35317325592041,-1.1604206562042236,3.6213443683795243,30.499710083007812
B,9,-1,only_T10,200,0.009999999776482582,0.824999988079071,-4.6117844581604,-0.8800941109657288,1.8980111091099103,30.499710083007812
B,9,-1,only_T100,200,0.0,0.9799999594688416,-4.848992347717285,-0.7073675394058228,0.4795036273210255,30.499710083007812
B,9,-1,only_lin,200,0.0,0.9899999499320984,-4.846246242523193,-0.7066035270690918,0.28246347000904287,30.499710083007812
B,9,-1,random_orth,200,0.0,0.9549999833106995,-4.842390537261963,-0.7218781113624573,6.514001311407128,30.499710083007812
B,9,-1,real_diff_in_helix_subspace,200,0.44999998807907104,0.08999999612569809,-1.9357061386108398,-3.653627872467041,6.966976622882437,30.499710083007812
B,9,-1,full_swap,200,0.7400000095367432,0.019999999552965164,-1.0214712619781494,-4.4372429847717285,15.372241020202637,30.499710083007812
B,10,-1,helix,200,0.5550000071525574,0.10999999940395355,-1.5419384241104126,-3.589721918106079,7.186663380320137,33.050376892089844
B,10,-1,only_T2,200,0.29499998688697815,0.16499999165534973,-2.4130375385284424,-2.826763153076172,5.572609725082822,33.050376892089844
B,10,-1,only_T5,200,0.014999999664723873,0.6850000023841858,-4.347151279449463,-1.186848521232605,3.9848335759986355,33.050376892089844
B,10,-1,only_T10,200,0.004999999888241291,0.8349999785423279,-4.60010290145874,-0.8886517286300659,2.080675383838848,33.050376892089844
B,10,-1,only_T100,200,0.0,0.9799999594688416,-4.846643924713135,-0.706933319568634,0.5219496915708107,33.050376892089844
B,10,-1,only_lin,200,0.0,0.9950000047683716,-4.846681118011475,-0.7062281370162964,0.30325976123280673,33.050376892089844
B,10,-1,random_orth,200,0.0,0.949999988079071,-4.835493564605713,-0.7107705473899841,7.186663380320138,33.050376892089844
B,10,-1,real_diff_in_helix_subspace,200,0.41999998688697815,0.0949999988079071,-1.985472321510315,-3.670802593231201,7.683598188247055,33.050376892089844
B,10,-1,full_swap,200,0.7450000047683716,0.014999999664723873,-1.022789478302002,-4.428511619567871,16.924768447875977,33.050376892089844
B,11,-1,helix,200,0.5600000023841858,0.11499999463558197,-1.5460021495819092,-3.5453267097473145,8.049356769183037,37.98930358886719
B,11,-1,only_T2,200,0.3199999928474426,0.16499999165534973,-2.429323196411133,-2.836477518081665,6.271057024454833,37.98930358886719
B,11,-1,only_T5,200,0.014999999664723873,0.675000011920929,-4.3479204177856445,-1.186078429222107,4.450171770361453,37.98930358886719
B,11,-1,only_T10,200,0.009999999776482582,0.8299999833106995,-4.592494487762451,-0.8959653973579407,2.3151999665556557,37.98930358886719
B,11,-1,only_T100,200,0.0,0.98499995470047,-4.848421096801758,-0.7057944536209106,0.5745897096358843,37.98930358886719
B,11,-1,only_lin,200,0.0,0.9950000047683716,-4.851826190948486,-0.7043455243110657,0.3282252634619806,37.98930358886719
B,11,-1,random_orth,200,0.004999999888241291,0.9699999690055847,-4.848062038421631,-0.6967425346374512,8.049356769183037,37.98930358886719
B,11,-1,real_diff_in_helix_subspace,200,0.41999998688697815,0.08999999612569809,-1.9726122617721558,-3.700016736984253,8.715781638269473,37.98930358886719
B,11,-1,full_swap,200,0.7299999594688416,0.014999999664723873,-0.9686154127120972,-4.379429340362549,19.006032943725586,37.98930358886719
B,12,-1,helix,200,0.32499998807907104,0.38999998569488525,-2.5870137214660645,-2.230915069580078,8.915848275722107,41.177391052246094
B,12,-1,only_T2,200,0.17499999701976776,0.4599999785423279,-3.3017425537109375,-1.9533251523971558,6.974565198183925,41.177391052246094
B,12,-1,only_T5,200,0.009999999776482582,0.8349999785423279,-4.523307800292969,-0.8954988121986389,4.889465644119298,41.177391052246094
B,12,-1,only_T10,200,0.009999999776482582,0.9249999523162842,-4.670627117156982,-0.7354591488838196,2.5714472715387244,41.177391052246094
B,12,-1,only_T100,200,0.0,0.9899999499320984,-4.845337867736816,-0.6982567310333252,0.6151421999695323,41.177391052246094
B,12,-1,only_lin,200,0.0,0.9950000047683716,-4.853697776794434,-0.7024770975112915,0.34848267566673385,41.177391052246094
B,12,-1,random_orth,200,0.0,0.9699999690055847,-4.847864151000977,-0.691087007522583,8.915848275722107,41.177391052246094
B,12,-1,real_diff_in_helix_subspace,200,0.28999999165534973,0.39499998092651367,-2.6449296474456787,-2.3401036262512207,9.586005625632009,41.177391052246094
B,12,-1,full_swap,200,0.47999998927116394,0.23999999463558197,-1.7542024850845337,-2.8387413024902344,20.982666015625,41.177391052246094
B,13,-1,helix,200,0.23499999940395355,0.48499998450279236,-3.1250712871551514,-1.85244619846344,9.678019027196287,45.366153717041016
B,13,-1,only_T2,200,0.14999999105930328,0.5349999666213989,-3.627842426300049,-1.656401515007019,7.554680554266612,45.366153717041016
B,13,-1,only_T5,200,0.009999999776482582,0.875,-4.605956077575684,-0.8423153758049011,5.317308633936596,45.366153717041016
B,13,-1,only_T10,200,0.004999999888241291,0.9449999928474426,-4.7093505859375,-0.7131909132003784,2.8207633981969447,45.366153717041016
B,13,-1,only_T100,200,0.0,0.9899999499320984,-4.849215984344482,-0.7040642499923706,0.6655340930594943,45.366153717041016
B,13,-1,only_lin,200,0.0,0.9950000047683716,-4.853798866271973,-0.7062992453575134,0.3785391482642879,45.366153717041016
B,13,-1,random_orth,200,0.0,0.9749999642372131,-4.855039119720459,-0.7012525200843811,9.678019027196287,45.366153717041016
B,13,-1,real_diff_in_helix_subspace,200,0.1899999976158142,0.5099999904632568,-3.233733654022217,-1.880678415298462,10.461706184305394,45.366153717041016
B,13,-1,full_swap,200,0.32999998331069946,0.35999998450279236,-2.5162787437438965,-2.2630581855773926,22.801673889160156,45.366153717041016
B,14,-1,helix,200,0.044999998062849045,0.8299999833106995,-4.171932220458984,-0.9056583046913147,10.334385215580715,50.618560791015625
B,14,-1,only_T2,200,0.029999999329447746,0.85999995470047,-4.3945465087890625,-0.8741338849067688,8.083755488322707,50.618560791015625
B,14,-1,only_T5,200,0.009999999776482582,0.9449999928474426,-4.73556661605835,-0.7478641867637634,5.668254668285808,50.618560791015625
B,14,-1,only_T10,200,0.0,0.9799999594688416,-4.775022029876709,-0.6952241063117981,2.999977713138196,50.618560791015625
B,14,-1,only_T100,200,0.0,0.9950000047683716,-4.850462913513184,-0.7017989754676819,0.7048776555977938,50.618560791015625
B,14,-1,only_lin,200,0.0,1.0,-4.853172779083252,-0.7022655606269836,0.39912673550303096,50.618560791015625
B,14,-1,random_orth,200,0.004999999888241291,0.9799999594688416,-4.8360724449157715,-0.6999942064285278,10.334385215580715,50.618560791015625
B,14,-1,real_diff_in_helix_subspace,200,0.054999999701976776,0.7999999523162842,-4.1985273361206055,-0.9260331988334656,11.309602110221777,50.618560791015625
B,14,-1,full_swap,200,0.07000000029802322,0.7699999809265137,-3.791767120361328,-0.9860997796058655,24.42145538330078,50.618560791015625
B,15,-1,helix,200,0.03999999910593033,0.8399999737739563,-4.186824321746826,-0.8948667049407959,11.341542067646312,55.38044357299805
B,15,-1,only_T2,200,0.02499999850988388,0.85999995470047,-4.402724266052246,-0.8674402236938477,8.818343118337694,55.38044357299805
B,15,-1,only_T5,200,0.009999999776482582,0.9399999976158142,-4.733392715454102,-0.7466995716094971,6.327722236659774,55.38044357299805
B,15,-1,only_T10,200,0.0,0.9799999594688416,-4.7772064208984375,-0.6948055624961853,3.2287372402804237,55.38044357299805
B,15,-1,only_T100,200,0.0,1.0,-4.8500823974609375,-0.7006053924560547,0.7672020341205382,55.38044357299805
B,15,-1,only_lin,200,0.0,1.0,-4.852603435516357,-0.7025713920593262,0.43035612569257337,55.38044357299805
B,15,-1,random_orth,200,0.0,0.9899999499320984,-4.848780155181885,-0.6980481743812561,11.341542067646314,55.38044357299805
B,15,-1,real_diff_in_helix_subspace,200,0.054999999701976776,0.8100000023841858,-4.2250285148620605,-0.9136415123939514,12.618117767996111,55.38044357299805
B,15,-1,full_swap,200,0.044999998062849045,0.7999999523162842,-3.8509538173675537,-0.9606125950813293,26.690717697143555,55.38044357299805
B,16,-1,helix,200,0.029999999329447746,0.8849999904632568,-4.3138251304626465,-0.8471928238868713,12.674987121269133,60.19743347167969
B,16,-1,only_T2,200,0.014999999664723873,0.9149999618530273,-4.48862886428833,-0.8275541663169861,9.888718377134538,60.19743347167969
B,16,-1,only_T5,200,0.009999999776482582,0.9300000071525574,-4.759822368621826,-0.738318145275116,7.0491613117977625,60.19743347167969
B,16,-1,only_T10,200,0.0,0.9799999594688416,-4.782259464263916,-0.6959537863731384,3.579086932906715,60.19743347167969
B,16,-1,only_T100,200,0.0,0.9950000047683716,-4.852583885192871,-0.7014029026031494,0.835261621007665,60.19743347167969
B,16,-1,only_lin,200,0.0,1.0,-4.85204553604126,-0.7015594840049744,0.46833999181604496,60.19743347167969
B,16,-1,random_orth,200,0.004999999888241291,0.98499995470047,-4.853508472442627,-0.7010940313339233,12.674987121269133,60.19743347167969
B,16,-1,real_diff_in_helix_subspace,200,0.02499999850988388,0.8299999833106995,-4.3528666496276855,-0.8499179482460022,14.110999404978154,60.19743347167969
B,16,-1,full_swap,200,0.02499999850988388,0.85999995470047,-4.081441402435303,-0.8563456535339355,29.50589370727539,60.19743347167969
B,17,-1,helix,200,0.019999999552965164,0.8899999856948853,-4.352254390716553,-0.8261812925338745,13.64941635445025,66.71142578125
B,17,-1,only_T2,200,0.009999999776482582,0.9350000023841858,-4.529112815856934,-0.8049785494804382,10.687811074913466,66.71142578125
B,17,-1,only_T5,200,0.009999999776482582,0.9449999928474426,-4.75771951675415,-0.7360491156578064,7.553239450838302,66.71142578125
B,17,-1,only_T10,200,0.0,0.9749999642372131,-4.779356956481934,-0.6946079134941101,3.827844525511773,66.71142578125
B,17,-1,only_T100,200,0.0,0.9950000047683716,-4.851446628570557,-0.7009558081626892,0.8951257807180528,66.71142578125
B,17,-1,only_lin,200,0.0,1.0,-4.852033615112305,-0.7022460699081421,0.5034464289173202,66.71142578125
B,17,-1,random_orth,200,0.0,0.9899999499320984,-4.854974269866943,-0.6977767944335938,13.64941635445025,66.71142578125
B,17,-1,real_diff_in_helix_subspace,200,0.014999999664723873,0.8549999594688416,-4.393451690673828,-0.8276324272155762,15.280064868026262,66.71142578125
B,17,-1,full_swap,200,0.019999999552965164,0.8650000095367432,-4.118404388427734,-0.8314797282218933,31.869043350219727,66.71142578125
B,18,-1,helix,200,0.0,0.9399999976158142,-4.577352046966553,-0.7450711727142334,14.505873541434854,72.62715148925781
B,18,-1,only_T2,200,0.004999999888241291,0.9599999785423279,-4.691421985626221,-0.7394513487815857,11.331779264560478,72.62715148925781
B,18,-1,only_T5,200,0.0,0.9699999690055847,-4.803421497344971,-0.7225391864776611,8.061226461959452,72.62715148925781
B,18,-1,only_T10,200,0.0,0.98499995470047,-4.794440269470215,-0.6934196352958679,4.073567556065321,72.62715148925781
B,18,-1,only_T100,200,0.0,1.0,-4.849653720855713,-0.7012315392494202,0.9478473479927854,72.62715148925781
B,18,-1,only_lin,200,0.0,1.0,-4.852027893066406,-0.7022469639778137,0.536437810656993,72.62715148925781
B,18,-1,random_orth,200,0.0,0.9950000047683716,-4.852495193481445,-0.7021980285644531,14.505873541434854,72.62715148925781
B,18,-1,real_diff_in_helix_subspace,200,0.0,0.9049999713897705,-4.606237411499023,-0.7485948801040649,16.400422519810036,72.62715148925781
B,18,-1,full_swap,200,0.004999999888241291,0.9249999523162842,-4.4280290603637695,-0.7395418882369995,34.155765533447266,72.62715148925781
B,19,-1,helix,200,0.0,0.9799999594688416,-4.8369975090026855,-0.6986017227172852,15.331323861742879,79.8518295288086
B,19,-1,only_T2,200,0.0,0.9899999499320984,-4.8455729484558105,-0.7012670636177063,11.991369314817296,79.8518295288086
B,19,-1,only_T5,200,0.0,0.9899999499320984,-4.861867427825928,-0.7020768523216248,8.511914645106822,79.8518295288086
B,19,-1,only_T10,200,0.0,1.0,-4.849248886108398,-0.7028653025627136,4.266545752818693,79.8518295288086
B,19,-1,only_T100,200,0.0,1.0,-4.852969169616699,-0.7033768892288208,0.9940395508447029,79.8518295288086
B,19,-1,only_lin,200,0.0,1.0,-4.85347318649292,-0.7045539617538452,0.5636850574657202,79.8518295288086
B,19,-1,random_orth,200,0.0,1.0,-4.8560686111450195,-0.6994677782058716,15.331323861742879,79.8518295288086
B,19,-1,real_diff_in_helix_subspace,200,0.0,0.9699999690055847,-4.840568542480469,-0.7027052044868469,17.535623111131564,79.8518295288086
B,19,-1,full_swap,200,0.0,0.9649999737739563,-4.770787715911865,-0.6929763555526733,36.273441314697266,79.8518295288086
B,20,-1,helix,200,0.0,0.9749999642372131,-4.836958408355713,-0.698269784450531,16.136546568540595,85.38417053222656
B,20,-1,only_T2,200,0.0,0.9899999499320984,-4.844849586486816,-0.7008469104766846,12.594323891049955,85.38417053222656
B,20,-1,only_T5,200,0.0,0.98499995470047,-4.861786365509033,-0.7021163702011108,9.007732951285504,85.38417053222656
B,20,-1,only_T10,200,0.0,0.9950000047683716,-4.850139141082764,-0.7029515504837036,4.470307970447127,85.38417053222656
B,20,-1,only_T100,200,0.0,0.9950000047683716,-4.849690914154053,-0.703794538974762,1.0482036748176824,85.38417053222656
B,20,-1,only_lin,200,0.0,1.0,-4.852383136749268,-0.7042068243026733,0.5978425035831143,85.38417053222656
B,20,-1,random_orth,200,0.0,0.98499995470047,-4.84889030456543,-0.7013541460037231,16.136546568540595,85.38417053222656
B,20,-1,real_diff_in_helix_subspace,200,0.0,0.9699999690055847,-4.8419928550720215,-0.7027286291122437,18.654250338321013,85.38417053222656
B,20,-1,full_swap,200,0.0,0.9649999737739563,-4.769385814666748,-0.6920238137245178,38.48667526245117,85.38417053222656
B,21,-1,helix,200,0.0,0.9799999594688416,-4.858696460723877,-0.7042190432548523,16.96307308968288,90.46261596679688
B,21,-1,only_T2,200,0.0,0.98499995470047,-4.852412223815918,-0.7051631212234497,13.290569977020628,90.46261596679688
B,21,-1,only_T5,200,0.0,0.9899999499320984,-4.8710036277771,-0.703997015953064,9.424071060380617,90.46261596679688
B,21,-1,only_T10,200,0.0,1.0,-4.85584020614624,-0.7035104036331177,4.659102228578299,90.46261596679688
B,21,-1,only_T100,200,0.0,1.0,-4.850979328155518,-0.7044305205345154,1.0955844979911726,90.46261596679688
B,21,-1,only_lin,200,0.0,1.0,-4.85319185256958,-0.7039707899093628,0.6255785118193283,90.46261596679688
B,21,-1,random_orth,200,0.0,1.0,-4.8494672775268555,-0.7019556164741516,16.96307308968288,90.46261596679688
B,21,-1,real_diff_in_helix_subspace,200,0.0,0.9699999690055847,-4.862791538238525,-0.7082842588424683,19.72938128022417,90.46261596679688
B,21,-1,full_swap,200,0.004999999888241291,0.9549999833106995,-4.826187610626221,-0.6964836120605469,40.5359992980957,90.46261596679688
B,22,-1,helix,200,0.0,0.98499995470047,-4.858574867248535,-0.7046520709991455,17.669560427810783,96.95734405517578
B,22,-1,only_T2,200,0.0,0.98499995470047,-4.851089954376221,-0.7053269147872925,13.850957234492968,96.95734405517578
B,22,-1,only_T5,200,0.0,0.9899999499320984,-4.870046138763428,-0.7033659219741821,9.81674517669081,96.95734405517578
B,22,-1,only_T10,200,0.0,1.0,-4.852391242980957,-0.7035266757011414,4.868305226322106,96.95734405517578
B,22,-1,only_T100,200,0.0,1.0,-4.851367473602295,-0.704288899898529,1.1388953437572216,96.95734405517578
B,22,-1,only_lin,200,0.0,1.0,-4.853177070617676,-0.7044497728347778,0.6522786792984638,96.95734405517578
B,22,-1,random_orth,200,0.0,1.0,-4.850290298461914,-0.7037043571472168,17.669560427810783,96.95734405517578
B,22,-1,real_diff_in_helix_subspace,200,0.0,0.9699999690055847,-4.861929893493652,-0.7092269659042358,20.710819541220634,96.95734405517578
B,22,-1,full_swap,200,0.004999999888241291,0.949999988079071,-4.82770299911499,-0.6975686550140381,42.38749694824219,96.95734405517578
B,23,-1,helix,200,0.0,0.9799999594688416,-4.861827850341797,-0.7099810838699341,18.365594157700134,101.63643646240234
B,23,-1,only_T2,200,0.0,0.98499995470047,-4.846956253051758,-0.7091343402862549,14.396670069910416,101.63643646240234
B,23,-1,only_T5,200,0.0,0.98499995470047,-4.8750529289245605,-0.7041599750518799,10.211021895099266,101.63643646240234
B,23,-1,only_T10,200,0.0,1.0,-4.8610944747924805,-0.7048132419586182,5.06167775224689,101.63643646240234
B,23,-1,only_T100,200,0.0,1.0,-4.851471900939941,-0.7051876783370972,1.177134468866778,101.63643646240234
B,23,-1,only_lin,200,0.0,1.0,-4.853020668029785,-0.7041205167770386,0.6788481938381778,101.63643646240234
B,23,-1,random_orth,200,0.0,0.9950000047683716,-4.850301265716553,-0.7035855054855347,18.365594157700134,101.63643646240234
B,23,-1,real_diff_in_helix_subspace,200,0.0,0.9799999594688416,-4.869102478027344,-0.7139106392860413,21.69897698554898,101.63643646240234
B,23,-1,full_swap,200,0.0,0.9649999737739563,-4.835605144500732,-0.7066146731376648,44.262821197509766,101.63643646240234
B,24,-1,helix,200,0.0,0.9950000047683716,-4.850200653076172,-0.7023676633834839,18.94197973634529,105.88127136230469
B,24,-1,only_T2,200,0.0,0.9950000047683716,-4.850732803344727,-0.7030259370803833,14.860461138084615,105.88127136230469
B,24,-1,only_T5,200,0.0,0.9950000047683716,-4.849931240081787,-0.703593373298645,10.514609065877226,105.88127136230469
B,24,-1,only_T10,200,0.0,0.9950000047683716,-4.852314472198486,-0.7038394808769226,5.222991824768369,105.88127136230469
B,24,-1,only_T100,200,0.0,0.9950000047683716,-4.8528733253479,-0.7046783566474915,1.204344678694551,105.88127136230469
B,24,-1,only_lin,200,0.0,0.9950000047683716,-4.852624893188477,-0.7040966749191284,0.6959195127370625,105.88127136230469
B,24,-1,random_orth,200,0.0,1.0,-4.851917266845703,-0.703273594379425,18.94197973634529,105.88127136230469
B,24,-1,real_diff_in_helix_subspace,200,0.0,0.9950000047683716,-4.845507621765137,-0.7025596499443054,22.47125694750528,105.88127136230469
B,24,-1,full_swap,200,0.0,0.9899999499320984,-4.8406500816345215,-0.6996253132820129,45.74471664428711,105.88127136230469
B,25,-1,helix,200,0.0,0.9950000047683716,-4.84783935546875,-0.7023781538009644,19.511103926958523,111.02204132080078
B,25,-1,only_T2,200,0.0,1.0,-4.850959777832031,-0.7031817436218262,15.32322587808783,111.02204132080078
B,25,-1,only_T5,200,0.0,0.9950000047683716,-4.851015090942383,-0.7036411166191101,10.793851526463163,111.02204132080078
B,25,-1,only_T10,200,0.0,1.0,-4.852267742156982,-0.7040180563926697,5.402961725508664,111.02204132080078
B,25,-1,only_T100,200,0.0,1.0,-4.8532915115356445,-0.7040512561798096,1.235139990596698,111.02204132080078
B,25,-1,only_lin,200,0.0,0.9950000047683716,-4.854623794555664,-0.7042791843414307,0.7109036450483194,111.02204132080078
B,25,-1,random_orth,200,0.0,0.9950000047683716,-4.852556228637695,-0.705054521560669,19.511103926958523,111.02204132080078
B,25,-1,real_diff_in_helix_subspace,200,0.0,0.9950000047683716,-4.846735000610352,-0.7026260495185852,23.333559544049002,111.02204132080078
B,25,-1,full_swap,200,0.0,0.9899999499320984,-4.841773509979248,-0.6995714902877808,47.383365631103516,111.02204132080078
B,26,-1,helix,200,0.0,0.9950000047683716,-4.849745750427246,-0.7026976346969604,20.08898973695438,118.34506225585938
B,26,-1,only_T2,200,0.0,0.9950000047683716,-4.852799415588379,-0.7028523087501526,15.802003745807182,118.34506225585938
B,26,-1,only_T5,200,0.0,0.9950000047683716,-4.851269245147705,-0.7041608095169067,11.075062302181314,118.34506225585938
B,26,-1,only_T10,200,0.0,0.9950000047683716,-4.852772235870361,-0.7042980790138245,5.571082677004109,118.34506225585938
B,26,-1,only_T100,200,0.0,0.9950000047683716,-4.85357666015625,-0.7042558193206787,1.2711854071672524,118.34506225585938
B,26,-1,only_lin,200,0.0,0.9950000047683716,-4.852939128875732,-0.7044807076454163,0.7327904353781581,118.34506225585938
B,26,-1,random_orth,200,0.0,0.9950000047683716,-4.853934288024902,-0.7043284177780151,20.08898973695438,118.34506225585938
B,26,-1,real_diff_in_helix_subspace,200,0.0,0.9950000047683716,-4.847323417663574,-0.7026512622833252,24.260828812150347,118.34506225585938
B,26,-1,full_swap,200,0.0,0.9899999499320984,-4.840338230133057,-0.7000209093093872,49.045074462890625,118.34506225585938
B,27,-1,helix,200,0.0,0.9950000047683716,-4.85369873046875,-0.7039428353309631,20.4232005981165,127.4740219116211
B,27,-1,only_T2,200,0.0,0.9950000047683716,-4.8524885177612305,-0.7042350769042969,16.05940002871308,127.4740219116211
B,27,-1,only_T5,200,0.0,1.0,-4.853731155395508,-0.7041453123092651,11.241150156101893,127.4740219116211
B,27,-1,only_T10,200,0.0,0.9950000047683716,-4.853642463684082,-0.7041493654251099,5.701004082817398,127.4740219116211
B,27,-1,only_T100,200,0.0,0.9950000047683716,-4.853067398071289,-0.7042934894561768,1.2988113950381697,127.4740219116211
B,27,-1,only_lin,200,0.0,0.9950000047683716,-4.8530731201171875,-0.7046612501144409,0.7490631528431583,127.4740219116211
B,27,-1,random_orth,200,0.0,1.0,-4.855494499206543,-0.7043113708496094,20.423200598116495,127.4740219116211
B,27,-1,real_diff_in_helix_subspace,200,0.0,0.9950000047683716,-4.851851940155029,-0.704090416431427,24.812325479102757,127.4740219116211
B,27,-1,full_swap,200,0.0,0.9950000047683716,-4.850972652435303,-0.7030759453773499,50.179443359375,127.4740219116211
B,28,-1,helix,200,0.0,0.9950000047683716,-4.853458881378174,-0.7038188576698303,20.913243283440764,139.8256378173828
B,28,-1,only_T2,200,0.0,0.9950000047683716,-4.852414608001709,-0.7039352059364319,16.465482842910625,139.8256378173828
B,28,-1,only_T5,200,0.0,0.9950000047683716,-4.8544135093688965,-0.7042387127876282,11.476793560245888,139.8256378173828
B,28,-1,only_T10,200,0.0,1.0,-4.853790283203125,-0.7042659521102905,5.861753261216375,139.8256378173828
B,28,-1,only_T100,200,0.0,0.9950000047683716,-4.853562355041504,-0.7043511271476746,1.3373389035321441,139.8256378173828
B,28,-1,only_lin,200,0.0,0.9950000047683716,-4.853090286254883,-0.7043864130973816,0.7664996211162577,139.8256378173828
B,28,-1,random_orth,200,0.0,0.9950000047683716,-4.854637145996094,-0.7042379379272461,20.91324328344077,139.8256378173828
B,28,-1,real_diff_in_helix_subspace,200,0.0,1.0,-4.852729797363281,-0.704260528087616,25.722856733813245,139.8256378173828
B,28,-1,full_swap,200,0.0,0.9950000047683716,-4.851340293884277,-0.7027027010917664,51.76384353637695,139.8256378173828
B,29,-1,helix,200,0.0,0.9950000047683716,-4.852503776550293,-0.7038588523864746,21.31356404389955,156.43402099609375
B,29,-1,only_T2,200,0.0,0.9950000047683716,-4.8527655601501465,-0.7039744257926941,16.7919794748307,156.43402099609375
B,29,-1,only_T5,200,0.0,0.9950000047683716,-4.854071140289307,-0.7038798332214355,11.686493277714101,156.43402099609375
B,29,-1,only_T10,200,0.0,0.9950000047683716,-4.85186767578125,-0.7039076685905457,5.99961384382636,156.43402099609375
B,29,-1,only_T100,200,0.0,0.9950000047683716,-4.852463722229004,-0.7041613459587097,1.3761720229187926,156.43402099609375
B,29,-1,only_lin,200,0.0,0.9950000047683716,-4.853021144866943,-0.7042086720466614,0.7833826223576327,156.43402099609375
B,29,-1,random_orth,200,0.0,1.0,-4.853119373321533,-0.7040678262710571,21.31356404389955,156.43402099609375
B,29,-1,real_diff_in_helix_subspace,200,0.0,0.9950000047683716,-4.851826190948486,-0.7038564682006836,26.50019526069496,156.43402099609375
B,29,-1,full_swap,200,0.0,0.9950000047683716,-4.852535247802734,-0.7037646174430847,53.201141357421875,156.43402099609375
B,30,-1,helix,200,0.0,0.9950000047683716,-4.852774620056152,-0.7042362689971924,21.85072114122306,179.6449432373047
B,30,-1,only_T2,200,0.0,0.9950000047683716,-4.853247165679932,-0.7043527960777283,17.240872039344225,179.6449432373047
B,30,-1,only_T5,200,0.0,0.9950000047683716,-4.85308313369751,-0.704181969165802,11.97591918315501,179.6449432373047
B,30,-1,only_T10,200,0.0,0.9950000047683716,-4.8527679443359375,-0.7042229175567627,6.13803904592498,179.6449432373047
B,30,-1,only_T100,200,0.0,0.9950000047683716,-4.853152275085449,-0.7041438817977905,1.4117497780037644,179.6449432373047
B,30,-1,only_lin,200,0.0,0.9950000047683716,-4.852414131164551,-0.7042999863624573,0.7992933836386885,179.6449432373047
B,30,-1,random_orth,200,0.0,0.9950000047683716,-4.851910591125488,-0.7042416334152222,21.85072114122306,179.6449432373047
B,30,-1,real_diff_in_helix_subspace,200,0.0,0.9950000047683716,-4.851458549499512,-0.7045202255249023,27.338284659171336,179.6449432373047
B,30,-1,full_swap,200,0.0,0.9950000047683716,-4.85255241394043,-0.7039146423339844,54.573211669921875,179.6449432373047
B,31,-1,helix,200,0.0,0.9950000047683716,-4.852431297302246,-0.7043471932411194,22.159709820121584,206.64828491210938
B,31,-1,only_T2,200,0.0,0.9950000047683716,-4.852431297302246,-0.7043471932411194,17.50191268932781,206.64828491210938
B,31,-1,only_T5,200,0.0,0.9950000047683716,-4.852431297302246,-0.7043471932411194,12.130392743238172,206.64828491210938
B,31,-1,only_T10,200,0.0,0.9950000047683716,-4.852431297302246,-0.7043471932411194,6.212348416027312,206.64828491210938
B,31,-1,only_T100,200,0.0,0.9950000047683716,-4.852431297302246,-0.7043471932411194,1.4279608071028094,206.64828491210938
B,31,-1,only_lin,200,0.0,0.9950000047683716,-4.852431297302246,-0.7043471932411194,0.8099573313787753,206.64828491210938
B,31,-1,random_orth,200,0.0,0.9950000047683716,-4.852431297302246,-0.7043471932411194,22.159709820121584,206.64828491210938
B,31,-1,real_diff_in_helix_subspace,200,0.0,0.9950000047683716,-4.852431297302246,-0.7043471932411194,27.917155742623553,206.64828491210938
B,31,-1,full_swap,200,0.0,0.9950000047683716,-4.852431297302246,-0.7043471932411194,55.61640548706055,206.64828491210938
B,0,1,helix,200,0.4699999988079071,0.16499999165534973,-1.7767832279205322,-3.4203855991363525,2.2530170757603445,7.198942184448242
B,0,1,only_T2,200,0.3050000071525574,0.35999998450279236,-2.4271209239959717,-2.438945770263672,1.7003811502911572,7.198942184448242
B,0,1,only_T5,200,0.0,0.7549999952316284,-4.11664342880249,-1.0202919244766235,1.3017652831569015,7.198942184448242
B,0,1,only_T10,200,0.004999999888241291,0.8199999928474426,-4.254647254943848,-0.8913032412528992,0.6958737066583204,7.198942184448242
B,0,1,only_T100,200,0.0,0.9899999499320984,-4.376319885253906,-0.7156915068626404,0.14324090059281036,7.198942184448242
B,0,1,only_lin,200,0.0,1.0,-4.36848258972168,-0.7086930871009827,0.07367413897071223,7.198942184448242
B,0,1,random_orth,200,0.0,0.9399999976158142,-4.419236660003662,-0.7342984080314636,2.2530170757603445,7.198942184448242
B,0,1,real_diff_in_helix_subspace,200,0.4399999976158142,0.22499999403953552,-2.04270076751709,-3.4362704753875732,2.263743594206111,7.198942184448242
B,0,1,full_swap,200,0.6949999928474426,0.029999999329447746,-1.2788727283477783,-4.732132911682129,5.506799221038818,7.198942184448242
B,1,1,helix,200,0.4650000035762787,0.17000000178813934,-1.7747827768325806,-3.4584808349609375,2.4746634263640592,7.705636024475098
B,1,1,only_T2,200,0.3050000071525574,0.3349999785423279,-2.3806967735290527,-2.477895975112915,1.86623007108649,7.705636024475098
B,1,1,only_T5,200,0.0,0.75,-4.112429618835449,-1.0381238460540771,1.4303806827329237,7.705636024475098
B,1,1,only_T10,200,0.004999999888241291,0.8050000071525574,-4.259776592254639,-0.9140124320983887,0.7693592597452914,7.705636024475098
B,1,1,only_T100,200,0.0,0.98499995470047,-4.378515720367432,-0.717581033706665,0.1710299723577478,7.705636024475098
B,1,1,only_lin,200,0.0,1.0,-4.366738319396973,-0.7116959095001221,0.09349915236599753,7.705636024475098
B,1,1,random_orth,200,0.0,0.949999988079071,-4.3663010597229,-0.7265042066574097,2.4746634263640597,7.705636024475098
B,1,1,real_diff_in_helix_subspace,200,0.45499998331069946,0.22999998927116394,-2.0001628398895264,-3.466799020767212,2.5137901523018784,7.705636024475098
B,1,1,full_swap,200,0.6800000071525574,0.019999999552965164,-1.2797338962554932,-4.738401412963867,5.999441146850586,7.705636024475098
B,2,1,helix,200,0.4749999940395355,0.17000000178813934,-1.7445385456085205,-3.497730255126953,2.8594221248593463,9.832426071166992
B,2,1,only_T2,200,0.3050000071525574,0.3100000023841858,-2.343618631362915,-2.5098063945770264,2.1481704391108605,9.832426071166992
B,2,1,only_T5,200,0.0,0.7400000095367432,-4.102275371551514,-1.0495905876159668,1.6617719037672496,9.832426071166992
B,2,1,only_T10,200,0.004999999888241291,0.8050000071525574,-4.262304306030273,-0.9192584753036499,0.8928971875980471,9.832426071166992
B,2,1,only_T100,200,0.0,0.9899999499320984,-4.376760005950928,-0.7159464955329895,0.20045715065742492,9.832426071166992
B,2,1,only_lin,200,0.0,0.9950000047683716,-4.364224910736084,-0.7115966081619263,0.11050702286880888,9.832426071166992
B,2,1,random_orth,200,0.0,0.949999988079071,-4.398324489593506,-0.7410262823104858,2.8594221248593463,9.832426071166992
B,2,1,real_diff_in_helix_subspace,200,0.4399999976158142,0.20999999344348907,-1.9653877019882202,-3.4857378005981445,2.9327777048762913,9.832426071166992
B,2,1,full_swap,200,0.6899999976158142,0.029999999329447746,-1.274046540260315,-4.735623836517334,6.801756381988525,9.832426071166992
B,3,1,helix,200,0.47999998927116394,0.14999999105930328,-1.6668652296066284,-3.5948877334594727,3.552585000127548,12.248425483703613
B,3,1,only_T2,200,0.3199999928474426,0.26499998569488525,-2.2494239807128906,-2.574584484100342,2.7505365176690395,12.248425483703613
B,3,1,only_T5,200,0.0,0.7149999737739563,-4.093826770782471,-1.0700494050979614,1.9875414683557744,12.248425483703613
B,3,1,only_T10,200,0.004999999888241291,0.7999999523162842,-4.259888172149658,-0.9413992762565613,1.0448171652972427,12.248425483703613
B,3,1,only_T100,200,0.0,0.98499995470047,-4.379269123077393,-0.7153370976448059,0.23717307990301484,12.248425483703613
B,3,1,only_lin,200,0.0,0.9950000047683716,-4.365545749664307,-0.710945725440979,0.13678236842322689,12.248425483703613
B,3,1,random_orth,200,0.0,0.949999988079071,-4.3934783935546875,-0.7230603694915771,3.552585000127548,12.248425483703613
B,3,1,real_diff_in_helix_subspace,200,0.4350000023841858,0.19499999284744263,-1.949976921081543,-3.558985471725464,3.656467369092327,12.248425483703613
B,3,1,full_swap,200,0.6949999928474426,0.02499999850988388,-1.2719614505767822,-4.732942581176758,7.897105693817139,12.248425483703613
B,4,1,helix,200,0.4949999749660492,0.14999999105930328,-1.6469484567642212,-3.6012890338897705,3.9602748903681766,14.903695106506348
B,4,1,only_T2,200,0.3199999928474426,0.25999999046325684,-2.229274034500122,-2.580705165863037,3.0714876702372145,14.903695106506348
B,4,1,only_T5,200,0.0,0.7049999833106995,-4.094738006591797,-1.0765811204910278,2.2125143673559085,14.903695106506348
B,4,1,only_T10,200,0.004999999888241291,0.8050000071525574,-4.261560916900635,-0.9461387395858765,1.1544819798130643,14.903695106506348
B,4,1,only_T100,200,0.0,0.9799999594688416,-4.380220413208008,-0.7181636095046997,0.2736061854053585,14.903695106506348
B,4,1,only_lin,200,0.0,1.0,-4.363363742828369,-0.710904061794281,0.15912522934415704,14.903695106506348
B,4,1,random_orth,200,0.004999999888241291,0.9099999666213989,-4.401458263397217,-0.7497671842575073,3.960274890368176,14.903695106506348
B,4,1,real_diff_in_helix_subspace,200,0.429999977350235,0.20999999344348907,-1.9847848415374756,-3.5165843963623047,4.103522626894883,14.903695106506348
B,4,1,full_swap,200,0.699999988079071,0.029999999329447746,-1.2642372846603394,-4.744502067565918,8.92953872680664,14.903695106506348
B,5,1,helix,200,0.5049999952316284,0.125,-1.5968393087387085,-3.6815242767333984,4.597325844402088,17.674903869628906
B,5,1,only_T2,200,0.3100000023841858,0.25,-2.179171323776245,-2.6308276653289795,3.5694233257061807,17.674903869628906
B,5,1,only_T5,200,0.004999999888241291,0.7049999833106995,-4.074827671051025,-1.094663143157959,2.5642259338977045,17.674903869628906
B,5,1,only_T10,200,0.004999999888241291,0.7949999570846558,-4.261362552642822,-0.9568677544593811,1.339400802083823,17.674903869628906
B,5,1,only_T100,200,0.0,0.9699999690055847,-4.378117561340332,-0.7204549908638,0.3222265795895455,17.674903869628906
B,5,1,only_lin,200,0.0,0.9950000047683716,-4.370835304260254,-0.7121910452842712,0.18848109696751295,17.674903869628906
B,5,1,random_orth,200,0.0,0.9300000071525574,-4.3946943283081055,-0.7321972250938416,4.597325844402088,17.674903869628906
B,5,1,real_diff_in_helix_subspace,200,0.4399999976158142,0.19999998807907104,-1.9570618867874146,-3.546840190887451,4.735116192037723,17.674903869628906
B,5,1,full_swap,200,0.6949999928474426,0.029999999329447746,-1.265903353691101,-4.74705171585083,10.548025131225586,17.674903869628906
B,6,1,helix,200,0.5099999904632568,0.09999999403953552,-1.5780483484268188,-3.701418399810791,5.138236575325865,21.23843002319336
B,6,1,only_T2,200,0.3050000071525574,0.25,-2.14902925491333,-2.65506649017334,4.005672734587426,21.23843002319336
B,6,1,only_T5,200,0.004999999888241291,0.699999988079071,-4.05975341796875,-1.1057358980178833,2.8423829664307245,21.23843002319336
B,6,1,only_T10,200,0.004999999888241291,0.7849999666213989,-4.257599830627441,-0.9668493270874023,1.4988606704970084,21.23843002319336
B,6,1,only_T100,200,0.0,0.9749999642372131,-4.38109827041626,-0.7208324074745178,0.36490315423565844,21.23843002319336
B,6,1,only_lin,200,0.0,1.0,-4.3700032234191895,-0.7113754153251648,0.21580741871810255,21.23843002319336
B,6,1,random_orth,200,0.0,0.9549999833106995,-4.388924598693848,-0.7273796200752258,5.138236575325865,21.23843002319336
B,6,1,real_diff_in_helix_subspace,200,0.4350000023841858,0.19999998807907104,-1.979791522026062,-3.5622663497924805,5.359038043764156,21.23843002319336
B,6,1,full_swap,200,0.6899999976158142,0.029999999329447746,-1.2710835933685303,-4.746102333068848,11.978168487548828,21.23843002319336
B,7,1,helix,200,0.5,0.10999999940395355,-1.5596190690994263,-3.7188432216644287,5.631612723768975,24.52371597290039
B,7,1,only_T2,200,0.32499998807907104,0.23499999940395355,-2.127793312072754,-2.6676437854766846,4.400040224505184,24.52371597290039
B,7,1,only_T5,200,0.009999999776482582,0.699999988079071,-4.063828945159912,-1.114548921585083,3.100923057592203,24.52371597290039
B,7,1,only_T10,200,0.004999999888241291,0.7749999761581421,-4.258498668670654,-0.9765939712524414,1.6424550503956146,24.52371597290039
B,7,1,only_T100,200,0.0,0.9749999642372131,-4.385756492614746,-0.7214410901069641,0.4066443845136484,24.52371597290039
B,7,1,only_lin,200,0.0,0.9950000047683716,-4.368979454040527,-0.7104981541633606,0.24209908939120525,24.52371597290039
B,7,1,random_orth,200,0.004999999888241291,0.9399999976158142,-4.3878655433654785,-0.7359588742256165,5.631612723768975,24.52371597290039
B,7,1,real_diff_in_helix_subspace,200,0.4399999976158142,0.1850000023841858,-2.033834457397461,-3.580434560775757,5.9374752563417905,24.52371597290039
B,7,1,full_swap,200,0.6949999928474426,0.029999999329447746,-1.2621711492538452,-4.739187717437744,13.360817909240723,24.52371597290039
B,8,1,helix,200,0.5049999952316284,0.10499999672174454,-1.559288740158081,-3.7490575313568115,6.0528174265462376,27.792234420776367
B,8,1,only_T2,200,0.3199999928474426,0.22999998927116394,-2.124157428741455,-2.6842448711395264,4.702917537491045,27.792234420776367
B,8,1,only_T5,200,0.009999999776482582,0.6949999928474426,-4.058320999145508,-1.1244738101959229,3.3653709145620474,27.792234420776367
B,8,1,only_T10,200,0.004999999888241291,0.7749999761581421,-4.255007743835449,-0.9748809337615967,1.7797948841689084,27.792234420776367
B,8,1,only_T100,200,0.0,0.9699999690055847,-4.377084732055664,-0.722652018070221,0.4446992543209026,27.792234420776367
B,8,1,only_lin,200,0.0,1.0,-4.3708176612854,-0.7101168632507324,0.26333165204285636,27.792234420776367
B,8,1,random_orth,200,0.0,0.9249999523162842,-4.397761344909668,-0.7236829996109009,6.0528174265462376,27.792234420776367
B,8,1,real_diff_in_helix_subspace,200,0.4350000023841858,0.19499999284744263,-2.0954511165618896,-3.6214659214019775,6.421905610310931,27.792234420776367
B,8,1,full_swap,200,0.6800000071525574,0.02499999850988388,-1.264283299446106,-4.712470531463623,14.520005226135254,27.792234420776367
B,9,1,helix,200,0.5099999904632568,0.09999999403953552,-1.5500092506408691,-3.760934352874756,6.495646049273614,30.57514190673828
B,9,1,only_T2,200,0.3400000035762787,0.20499999821186066,-2.1016013622283936,-2.703089475631714,5.037354578232935,30.57514190673828
B,9,1,only_T5,200,0.009999999776482582,0.6899999976158142,-4.047219276428223,-1.1404638290405273,3.636723399824226,30.57514190673828
B,9,1,only_T10,200,0.004999999888241291,0.7699999809265137,-4.258078575134277,-0.9853445291519165,1.898938337630213,30.57514190673828
B,9,1,only_T100,200,0.0,0.9649999737739563,-4.3792219161987305,-0.7232331037521362,0.4791809649295294,30.57514190673828
B,9,1,only_lin,200,0.0,1.0,-4.371489524841309,-0.7110594511032104,0.2824634700090428,30.57514190673828
B,9,1,random_orth,200,0.004999999888241291,0.9399999976158142,-4.379110813140869,-0.7126855254173279,6.495646049273614,30.57514190673828
B,9,1,real_diff_in_helix_subspace,200,0.41999998688697815,0.17999999225139618,-2.1405832767486572,-3.6832902431488037,6.95733864121893,30.57514190673828
B,9,1,full_swap,200,0.675000011920929,0.02499999850988388,-1.2622851133346558,-4.70573091506958,15.77662467956543,30.57514190673828
B,10,1,helix,200,0.5149999856948853,0.0949999988079071,-1.5266691446304321,-3.7986161708831787,7.161536775399257,33.112998962402344
B,10,1,only_T2,200,0.32999998331069946,0.2149999886751175,-2.0828068256378174,-2.7323858737945557,5.572609725082822,33.112998962402344
B,10,1,only_T5,200,0.004999999888241291,0.6899999976158142,-4.0514020919799805,-1.1544522047042847,4.000166960000087,33.112998962402344
B,10,1,only_T10,200,0.004999999888241291,0.7649999856948853,-4.257205009460449,-0.9977681040763855,2.0818902411614912,33.112998962402344
B,10,1,only_T100,200,0.0,0.9699999690055847,-4.379514217376709,-0.722463846206665,0.5215989311154925,33.112998962402344
B,10,1,only_lin,200,0.0,0.9950000047683716,-4.373114109039307,-0.710827648639679,0.30325976123280673,33.112998962402344
B,10,1,random_orth,200,0.0,0.9399999976158142,-4.398160457611084,-0.7145374417304993,7.161536775399257,33.112998962402344
B,10,1,real_diff_in_helix_subspace,200,0.41999998688697815,0.17000000178813934,-2.1921989917755127,-3.6837072372436523,7.697061490539782,33.112998962402344
B,10,1,full_swap,200,0.6800000071525574,0.02499999850988388,-1.2630780935287476,-4.70087194442749,17.407808303833008,33.112998962402344
B,11,1,helix,200,0.5299999713897705,0.0949999988079071,-1.5293914079666138,-3.825894594192505,8.047241252687906,37.98599624633789
B,11,1,only_T2,200,0.32999998331069946,0.2149999886751175,-2.070970058441162,-2.7407751083374023,6.271057024454833,37.98599624633789
B,11,1,only_T5,200,0.004999999888241291,0.6899999976158142,-4.06923770904541,-1.1634142398834229,4.459177240037227,37.98599624633789
B,11,1,only_T10,200,0.004999999888241291,0.7400000095367432,-4.25471305847168,-1.0261845588684082,2.3178012713990905,37.98599624633789
B,11,1,only_T100,200,0.0,0.9799999594688416,-4.378302097320557,-0.7204904556274414,0.574273045277534,37.98599624633789
B,11,1,only_lin,200,0.0,0.9950000047683716,-4.370405673980713,-0.7128429412841797,0.3282252634619806,37.98599624633789
B,11,1,random_orth,200,0.0,0.9599999785423279,-4.42536735534668,-0.7235020399093628,8.047241252687906,37.98599624633789
B,11,1,real_diff_in_helix_subspace,200,0.42499998211860657,0.17999999225139618,-2.167926549911499,-3.694894313812256,8.731503955540482,37.98599624633789
B,11,1,full_swap,200,0.675000011920929,0.03500000014901161,-1.2246237993240356,-4.644380569458008,19.515504837036133,37.98599624633789
B,12,1,helix,200,0.3100000023841858,0.38999998569488525,-2.5872015953063965,-2.451963186264038,8.900635582569937,41.15232467651367
B,12,1,only_T2,200,0.23499999940395355,0.5249999761581421,-3.018383741378784,-1.8985037803649902,6.974565198183925,41.15232467651367
B,12,1,only_T5,200,0.004999999888241291,0.8149999976158142,-4.1660614013671875,-0.923629641532898,4.894472627829409,41.15232467651367
B,12,1,only_T10,200,0.004999999888241291,0.8549999594688416,-4.246354103088379,-0.8457465171813965,2.5732988643609427,41.15232467651367
B,12,1,only_T100,200,0.0,0.9799999594688416,-4.382454872131348,-0.7195466160774231,0.6149371771406291,41.15232467651367
B,12,1,only_lin,200,0.0,1.0,-4.377643585205078,-0.7135812044143677,0.34848267566673385,41.15232467651367
B,12,1,random_orth,200,0.0,0.9549999833106995,-4.4126434326171875,-0.7136074900627136,8.900635582569937,41.15232467651367
B,12,1,real_diff_in_helix_subspace,200,0.26499998569488525,0.38999998569488525,-2.7377965450286865,-2.424607992172241,9.60956203889755,41.15232467651367
B,12,1,full_swap,200,0.42499998211860657,0.23999999463558197,-1.993072509765625,-3.1099090576171875,21.55426025390625,41.15232467651367
B,13,1,helix,200,0.2149999886751175,0.5,-2.97082257270813,-1.9086849689483643,9.664844488830983,45.353389739990234
B,13,1,only_T2,200,0.17999999225139618,0.5899999737739563,-3.3474278450012207,-1.6067413091659546,7.554680554266612,45.353389739990234
B,13,1,only_T5,200,0.004999999888241291,0.8449999690055847,-4.176196098327637,-0.832844078540802,5.325976627322152,45.353389739990234
B,13,1,only_T10,200,0.004999999888241291,0.875,-4.2812957763671875,-0.7810824513435364,2.823555875742237,45.353389739990234
B,13,1,only_T100,200,0.0,0.98499995470047,-4.379645824432373,-0.7152155637741089,0.6654294180154199,45.353389739990234
B,13,1,only_lin,200,0.0,0.9899999499320984,-4.38373327255249,-0.711168110370636,0.3785391482642879,45.353389739990234
B,13,1,random_orth,200,0.0,0.9699999690055847,-4.396093845367432,-0.7056334018707275,9.664844488830983,45.353389739990234
B,13,1,real_diff_in_helix_subspace,200,0.20999999344348907,0.5249999761581421,-3.0666091442108154,-1.898667812347412,10.544788430227037,45.353389739990234
B,13,1,full_swap,200,0.3199999928474426,0.35999998450279236,-2.49029803276062,-2.4118704795837402,23.421924591064453,45.353389739990234
B,14,1,helix,200,0.07499999552965164,0.7549999952316284,-3.8252012729644775,-1.0415387153625488,10.321341935685023,50.650753021240234
B,14,1,only_T2,200,0.06499999761581421,0.8199999928474426,-4.009830951690674,-0.9628612995147705,8.083755488322707,50.650753021240234
B,14,1,only_T5,200,0.0,0.9399999976158142,-4.285062313079834,-0.7529682517051697,5.674666194909602,50.650753021240234
B,14,1,only_T10,200,0.0,0.949999988079071,-4.32625675201416,-0.7276341319084167,3.0025279643769682,50.650753021240234
B,14,1,only_T100,200,0.0,0.9899999499320984,-4.384157180786133,-0.713506281375885,0.7049786057301575,50.650753021240234
B,14,1,only_lin,200,0.0,0.9950000047683716,-4.3845696449279785,-0.7132317423820496,0.39912673550303085,50.650753021240234
B,14,1,random_orth,200,0.0,0.9749999642372131,-4.376441955566406,-0.7137377262115479,10.321341935685023,50.650753021240234
B,14,1,real_diff_in_helix_subspace,200,0.06499999761581421,0.7649999856948853,-3.839066743850708,-1.0536993741989136,11.391892258999631,50.650753021240234
B,14,1,full_swap,200,0.09999999403953552,0.6899999976158142,-3.536743640899658,-1.1610496044158936,25.090131759643555,50.650753021240234
B,15,1,helix,200,0.07499999552965164,0.7400000095367432,-3.8459630012512207,-1.0303740501403809,11.339237132814812,55.40229415893555
B,15,1,only_T2,200,0.06499999761581421,0.8149999976158142,-4.022105693817139,-0.9533821940422058,8.818343118337694,55.40229415893555
B,15,1,only_T5,200,0.0,0.9399999976158142,-4.290542125701904,-0.753429114818573,6.347434182717739,55.40229415893555
B,15,1,only_T10,200,0.0,0.9549999833106995,-4.323222637176514,-0.7269042730331421,3.2292908020976063,55.40229415893555
B,15,1,only_T100,200,0.0,0.9950000047683716,-4.3830461502075195,-0.7137224674224854,0.7672722907077769,55.40229415893555
B,15,1,only_lin,200,0.0,0.9950000047683716,-4.384252548217773,-0.71433424949646,0.43035612569257337,55.40229415893555
B,15,1,random_orth,200,0.0,0.9950000047683716,-4.394532203674316,-0.7143967747688293,11.339237132814812,55.40229415893555
B,15,1,real_diff_in_helix_subspace,200,0.06499999761581421,0.7599999904632568,-3.866487979888916,-1.0472710132598877,12.709292281748025,55.40229415893555
B,15,1,full_swap,200,0.09999999403953552,0.699999988079071,-3.5828137397766113,-1.133568286895752,27.430280685424805,55.40229415893555
B,16,1,helix,200,0.04999999701976776,0.8050000071525574,-3.9406871795654297,-0.9555462598800659,12.690283205878556,60.19231414794922
B,16,1,only_T2,200,0.04999999701976776,0.8399999737739563,-4.083733081817627,-0.8964591026306152,9.888718377134538,60.19231414794922
B,16,1,only_T5,200,0.0,0.9549999833106995,-4.311633586883545,-0.7436406016349792,7.078380817500506,60.19231414794922
B,16,1,only_T10,200,0.0,0.9699999690055847,-4.331295490264893,-0.7229567766189575,3.580631579098766,60.19231414794922
B,16,1,only_T100,200,0.0,0.9899999499320984,-4.385963439941406,-0.7136529088020325,0.8355063187388384,60.19231414794922
B,16,1,only_lin,200,0.0,0.9950000047683716,-4.386302471160889,-0.7144503593444824,0.46833999181604496,60.19231414794922
B,16,1,random_orth,200,0.0,0.98499995470047,-4.384487152099609,-0.7104371190071106,12.690283205878554,60.19231414794922
B,16,1,real_diff_in_helix_subspace,200,0.04999999701976776,0.7799999713897705,-3.9587526321411133,-0.9670376181602478,14.209406052812774,60.19231414794922
B,16,1,full_swap,200,0.05999999865889549,0.7749999761581421,-3.7791085243225098,-1.002789855003357,30.330053329467773,60.19231414794922
B,17,1,helix,200,0.044999998062849045,0.8100000023841858,-3.9821813106536865,-0.9247134327888489,13.673677973121169,66.70199584960938
B,17,1,only_T2,200,0.03999999910593033,0.875,-4.11967658996582,-0.857503354549408,10.687811074913466,66.70199584960938
B,17,1,only_T5,200,0.0,0.9449999928474426,-4.31371545791626,-0.7521310448646545,7.5953801343926886,66.70199584960938
B,17,1,only_T10,200,0.0,0.9699999690055847,-4.334048271179199,-0.7284132242202759,3.829183433008108,66.70199584960938
B,17,1,only_T100,200,0.0,0.9950000047683716,-4.383947849273682,-0.7140650749206543,0.8956136901161637,66.70199584960938
B,17,1,only_lin,200,0.0,0.9899999499320984,-4.384822368621826,-0.7139596343040466,0.5034464289173202,66.70199584960938
B,17,1,random_orth,200,0.0,0.9799999594688416,-4.391388893127441,-0.7091754674911499,13.673677973121169,66.70199584960938
B,17,1,real_diff_in_helix_subspace,200,0.03500000014901161,0.8050000071525574,-4.010448932647705,-0.9428077340126038,15.370081721801713,66.70199584960938
B,17,1,full_swap,200,0.054999999701976776,0.7599999904632568,-3.8327414989471436,-0.9782969355583191,32.708946228027344,66.70199584960938
B,18,1,helix,200,0.009999999776482582,0.9099999666213989,-4.174068450927734,-0.8041470646858215,14.528234883141517,72.56497192382812
B,18,1,only_T2,200,0.014999999664723873,0.9199999570846558,-4.2632951736450195,-0.7683008909225464,11.331779264560478,72.56497192382812
B,18,1,only_T5,200,0.0,0.9649999737739563,-4.352199554443359,-0.7359796166419983,8.103922224599263,72.56497192382812
B,18,1,only_T10,200,0.0,0.9699999690055847,-4.3465704917907715,-0.721156895160675,4.074958162653166,72.56497192382812
B,18,1,only_T100,200,0.0,0.9950000047683716,-4.382246971130371,-0.7130868434906006,0.9484977753149871,72.56497192382812
B,18,1,only_lin,200,0.0,0.9899999499320984,-4.386936664581299,-0.713882327079773,0.5364378106569929,72.56497192382812
B,18,1,random_orth,200,0.0,0.98499995470047,-4.386733531951904,-0.7159716486930847,14.52823488314152,72.56497192382812
B,18,1,real_diff_in_helix_subspace,200,0.004999999888241291,0.875,-4.185729503631592,-0.8208086490631104,16.49037423740154,72.56497192382812
B,18,1,full_swap,200,0.009999999776482582,0.8499999642372131,-4.063074111938477,-0.8354609608650208,35.02431106567383,72.56497192382812
B,19,1,helix,200,0.0,0.9799999594688416,-4.414058685302734,-0.7075516581535339,15.350680757182294,79.74746704101562
B,19,1,only_T2,200,0.0,0.98499995470047,-4.401149749755859,-0.7113500833511353,11.991369314817296,79.74746704101562
B,19,1,only_T5,200,0.0,0.98499995470047,-4.3997602462768555,-0.7107820510864258,8.555114682975464,79.74746704101562
B,19,1,only_T10,200,0.0,0.9950000047683716,-4.388000965118408,-0.7089794874191284,4.2682222281943005,79.74746704101562
B,19,1,only_T100,200,0.0,0.9899999499320984,-4.3854804039001465,-0.7127256393432617,0.9948894247055702,79.74746704101562
B,19,1,only_lin,200,0.0,0.9899999499320984,-4.386818885803223,-0.712428092956543,0.5636850574657202,79.74746704101562
B,19,1,random_orth,200,0.0,0.98499995470047,-4.388608932495117,-0.7139983773231506,15.350680757182294,79.74746704101562
B,19,1,real_diff_in_helix_subspace,200,0.0,0.9699999690055847,-4.416643142700195,-0.7114654183387756,17.606723598504065,79.74746704101562
B,19,1,full_swap,200,0.0,0.9799999594688416,-4.365726947784424,-0.7253626585006714,37.204654693603516,79.74746704101562
B,20,1,helix,200,0.0,0.9799999594688416,-4.4149041175842285,-0.7081519961357117,16.151328391401673,85.24443054199219
B,20,1,only_T2,200,0.0,0.9899999499320984,-4.401597023010254,-0.7113233208656311,12.594323891049955,85.24443054199219
B,20,1,only_T5,200,0.0,0.98499995470047,-4.400053024291992,-0.7111866474151611,9.055183033154993,85.24443054199219
B,20,1,only_T10,200,0.0,0.9899999499320984,-4.38884162902832,-0.7101480960845947,4.471883272185464,85.24443054199219
B,20,1,only_T100,200,0.0,0.9899999499320984,-4.385589122772217,-0.7124274969100952,1.0491243402549828,85.24443054199219
B,20,1,only_lin,200,0.0,0.9950000047683716,-4.386180877685547,-0.7136378288269043,0.5978425035831142,85.24443054199219
B,20,1,random_orth,200,0.0,0.9950000047683716,-4.388487339019775,-0.71329665184021,16.151328391401673,85.24443054199219
B,20,1,real_diff_in_helix_subspace,200,0.0,0.9749999642372131,-4.415065288543701,-0.712601900100708,18.77994742891662,85.24443054199219
B,20,1,full_swap,200,0.0,0.98499995470047,-4.366901397705078,-0.7243622541427612,39.54469299316406,85.24443054199219
B,21,1,helix,200,0.0,0.9799999594688416,-4.427671432495117,-0.7056403756141663,16.979814298205056,90.32080078125
B,21,1,only_T2,200,0.0,0.9749999642372131,-4.410340309143066,-0.7103506326675415,13.290569977020628,90.32080078125
B,21,1,only_T5,200,0.0,0.98499995470047,-4.405798435211182,-0.7108009457588196,9.477131791173433,90.32080078125
B,21,1,only_T10,200,0.0,0.9950000047683716,-4.391059875488281,-0.7080064415931702,4.658011620975252,90.32080078125
B,21,1,only_T100,200,0.0,0.9899999499320984,-4.385612964630127,-0.7130209803581238,1.096519386469386,90.32080078125
B,21,1,only_lin,200,0.0,0.9950000047683716,-4.385866165161133,-0.7122176289558411,0.6255785118193282,90.32080078125
B,21,1,random_orth,200,0.0,0.9950000047683716,-4.3902130126953125,-0.7131287455558777,16.979814298205056,90.32080078125
B,21,1,real_diff_in_helix_subspace,200,0.0,0.9699999690055847,-4.423749923706055,-0.7099835276603699,19.88290822141011,90.32080078125
B,21,1,full_swap,200,0.0,0.9749999642372131,-4.395453929901123,-0.7194747924804688,41.690799713134766,90.32080078125
B,22,1,helix,200,0.0,0.9749999642372131,-4.426328659057617,-0.7066890001296997,17.69126958776899,96.86045837402344
B,22,1,only_T2,200,0.0,0.9749999642372131,-4.409350872039795,-0.7105631828308105,13.850957234492968,96.86045837402344
B,22,1,only_T5,200,0.0,0.98499995470047,-4.404876232147217,-0.7111790180206299,9.872375334120893,96.86045837402344
B,22,1,only_T10,200,0.0,0.9950000047683716,-4.3917694091796875,-0.7082337737083435,4.865654343657171,96.86045837402344
B,22,1,only_T100,200,0.0,0.9899999499320984,-4.384862422943115,-0.7130451798439026,1.1400738246733157,96.86045837402344
B,22,1,only_lin,200,0.0,0.9950000047683716,-4.38524055480957,-0.7124942541122437,0.6522786792984638,96.86045837402344
B,22,1,random_orth,200,0.0,0.9899999499320984,-4.389451026916504,-0.7160752415657043,17.69126958776899,96.86045837402344
B,22,1,real_diff_in_helix_subspace,200,0.0,0.9699999690055847,-4.4232096672058105,-0.7124789357185364,20.968481063172693,96.86045837402344
B,22,1,full_swap,200,0.0,0.9799999594688416,-4.396934509277344,-0.7207407355308533,43.674861907958984,96.86045837402344
B,23,1,helix,200,0.0,0.9749999642372131,-4.4240851402282715,-0.7067604064941406,18.392146099359454,101.48545837402344
B,23,1,only_T2,200,0.0,0.9749999642372131,-4.397921085357666,-0.7145636081695557,14.396670069910416,101.48545837402344
B,23,1,only_T5,200,0.0,0.9899999499320984,-4.408139228820801,-0.709542989730835,10.275104467290088,101.48545837402344
B,23,1,only_T10,200,0.0,0.9950000047683716,-4.392745018005371,-0.7060083746910095,5.05738181259086,101.48545837402344
B,23,1,only_T100,200,0.0,0.9899999499320984,-4.3842267990112305,-0.7121661305427551,1.1782592657032263,101.48545837402344
B,23,1,only_lin,200,0.0,0.9950000047683716,-4.387220859527588,-0.7128167748451233,0.678848193838178,101.48545837402344
B,23,1,random_orth,200,0.0,0.9950000047683716,-4.385570526123047,-0.7121433615684509,18.392146099359454,101.48545837402344
B,23,1,real_diff_in_helix_subspace,200,0.0,0.9649999737739563,-4.42710542678833,-0.7138169407844543,22.063466836897845,101.48545837402344
B,23,1,full_swap,200,0.0,0.9599999785423279,-4.404041290283203,-0.7229840159416199,45.675079345703125,101.48545837402344
B,24,1,helix,200,0.0,0.9950000047683716,-4.382254600524902,-0.7130354642868042,18.972012987471945,105.751220703125
B,24,1,only_T2,200,0.0,0.9950000047683716,-4.381211757659912,-0.712647020816803,14.860461138084615,105.751220703125
B,24,1,only_T5,200,0.0,0.9899999499320984,-4.385729789733887,-0.7135276794433594,10.588046330394636,105.751220703125
B,24,1,only_T10,200,0.0,0.9950000047683716,-4.384972095489502,-0.7133296132087708,5.216689179050174,105.751220703125
B,24,1,only_T100,200,0.0,0.9950000047683716,-4.3867106437683105,-0.712992250919342,1.2055296430070994,105.751220703125
B,24,1,only_lin,200,0.0,0.9899999499320984,-4.385869979858398,-0.7131773233413696,0.6959195127370625,105.751220703125
B,24,1,random_orth,200,0.0,0.9950000047683716,-4.383098125457764,-0.7116959691047668,18.972012987471945,105.751220703125
B,24,1,real_diff_in_helix_subspace,200,0.0,0.9950000047683716,-4.381985187530518,-0.7128203511238098,22.88818039773967,105.751220703125
B,24,1,full_swap,200,0.0,0.9799999594688416,-4.366897106170654,-0.7140811681747437,47.266231536865234,105.751220703125
B,25,1,helix,200,0.0,0.9950000047683716,-4.382320404052734,-0.7132748961448669,19.53566796324218,110.80603790283203
B,25,1,only_T2,200,0.0,0.9950000047683716,-4.383394241333008,-0.7124906778335571,15.32322587808783,110.80603790283203
B,25,1,only_T5,200,0.0,0.9950000047683716,-4.384921073913574,-0.713475227355957,10.878445935884399,110.80603790283203
B,25,1,only_T10,200,0.0,0.9899999499320984,-4.385263442993164,-0.7130724787712097,5.394167053548424,110.80603790283203
B,25,1,only_T100,200,0.0,0.9899999499320984,-4.386177062988281,-0.7128909826278687,1.2368167881376473,110.80603790283203
B,25,1,only_lin,200,0.0,0.9950000047683716,-4.385900974273682,-0.7131931781768799,0.7109036450483194,110.80603790283203
B,25,1,random_orth,200,0.0,0.9950000047683716,-4.385978698730469,-0.7128040790557861,19.53566796324218,110.80603790283203
B,25,1,real_diff_in_helix_subspace,200,0.0,0.9950000047683716,-4.381875991821289,-0.7128678560256958,23.90793500675817,110.80603790283203
B,25,1,full_swap,200,0.0,0.9799999594688416,-4.3666768074035645,-0.7138476371765137,49.081016540527344,110.80603790283203
B,26,1,helix,200,0.0,0.9950000047683716,-4.380687236785889,-0.7136149406433105,20.105914592247508,117.91940307617188
B,26,1,only_T2,200,0.0,0.9950000047683716,-4.3820037841796875,-0.7129920721054077,15.802003745807182,117.91940307617188
B,26,1,only_T5,200,0.0,0.9950000047683716,-4.384183883666992,-0.7141019105911255,11.16333215107911,117.91940307617188
B,26,1,only_T10,200,0.0,0.9950000047683716,-4.385725498199463,-0.7136411070823669,5.559552182223521,117.91940307617188
B,26,1,only_T100,200,0.0,0.9950000047683716,-4.385380268096924,-0.713338315486908,1.2731688466413311,117.91940307617188
B,26,1,only_lin,200,0.0,0.9950000047683716,-4.385703086853027,-0.7131650447845459,0.7327904353781581,117.91940307617188
B,26,1,random_orth,200,0.0,0.9950000047683716,-4.386049270629883,-0.713269054889679,20.105914592247508,117.91940307617188
B,26,1,real_diff_in_helix_subspace,200,0.0,0.9899999499320984,-4.379884719848633,-0.7137388586997986,25.01853058695705,117.91940307617188
B,26,1,full_swap,200,0.0,0.9799999594688416,-4.366655349731445,-0.7142050266265869,50.922569274902344,117.91940307617188
B,27,1,helix,200,0.0,0.9950000047683716,-4.384545803070068,-0.7128934860229492,20.43769734442662,126.80119323730469
B,27,1,only_T2,200,0.0,0.9950000047683716,-4.3843159675598145,-0.713053286075592,16.05940002871308,126.80119323730469
B,27,1,only_T5,200,0.0,0.9950000047683716,-4.384469032287598,-0.7136099338531494,11.334709263050085,126.80119323730469
B,27,1,only_T10,200,0.0,0.9950000047683716,-4.385806083679199,-0.7133380174636841,5.684825620760681,126.80119323730469
B,27,1,only_T100,200,0.0,0.9950000047683716,-4.385536193847656,-0.7133691906929016,1.301009405915764,126.80119323730469
B,27,1,only_lin,200,0.0,0.9950000047683716,-4.385406017303467,-0.7130467891693115,0.7490631528431583,126.80119323730469
B,27,1,random_orth,200,0.0,0.9950000047683716,-4.388373374938965,-0.7124063968658447,20.43769734442662,126.80119323730469
B,27,1,real_diff_in_helix_subspace,200,0.0,0.9950000047683716,-4.382878303527832,-0.7128905057907104,25.73329639644727,126.80119323730469
B,27,1,full_swap,200,0.0,0.9950000047683716,-4.380822658538818,-0.7117062211036682,52.239356994628906,126.80119323730469
B,28,1,helix,200,0.0,0.9950000047683716,-4.384767532348633,-0.7129926681518555,20.915230530451026,138.8876190185547
B,28,1,only_T2,200,0.0,0.9950000047683716,-4.3842692375183105,-0.713314950466156,16.465482842910625,138.8876190185547
B,28,1,only_T5,200,0.0,0.9950000047683716,-4.384954929351807,-0.7135647535324097,11.568797800652998,138.8876190185547
B,28,1,only_T10,200,0.0,0.9950000047683716,-4.384837627410889,-0.713227391242981,5.841206627531579,138.8876190185547
B,28,1,only_T100,200,0.0,0.9950000047683716,-4.385821342468262,-0.7134490013122559,1.3395398953731643,138.8876190185547
B,28,1,only_lin,200,0.0,0.9950000047683716,-4.386223793029785,-0.7132521867752075,0.7664996211162577,138.8876190185547
B,28,1,random_orth,200,0.0,0.9899999499320984,-4.385410308837891,-0.7126312255859375,20.915230530451026,138.8876190185547
B,28,1,real_diff_in_helix_subspace,200,0.0,0.9950000047683716,-4.383937835693359,-0.712450385093689,26.853678828500406,138.8876190185547
B,28,1,full_swap,200,0.0,0.9950000047683716,-4.379574298858643,-0.7116493582725525,54.02006530761719,138.8876190185547
B,29,1,helix,200,0.0,0.9950000047683716,-4.3861870765686035,-0.7132933735847473,21.311529831832576,155.22755432128906
B,29,1,only_T2,200,0.0,0.9950000047683716,-4.384842872619629,-0.7134464383125305,16.7919794748307,155.22755432128906
B,29,1,only_T5,200,0.0,0.9950000047683716,-4.384994029998779,-0.7136549949645996,11.781606044900625,155.22755432128906
B,29,1,only_T10,200,0.0,0.9950000047683716,-4.385324478149414,-0.7130938768386841,5.977031136421642,155.22755432128906
B,29,1,only_T100,200,0.0,0.9950000047683716,-4.384975910186768,-0.7133113741874695,1.378474946970735,155.22755432128906
B,29,1,only_lin,200,0.0,0.9950000047683716,-4.385602951049805,-0.7133423686027527,0.7833826223576327,155.22755432128906
B,29,1,random_orth,200,0.0,0.9950000047683716,-4.385609149932861,-0.7133535742759705,21.311529831832576,155.22755432128906
B,29,1,real_diff_in_helix_subspace,200,0.0,0.9950000047683716,-4.3845391273498535,-0.713541567325592,27.723577445843198,155.22755432128906
B,29,1,full_swap,200,0.0,0.9950000047683716,-4.38474702835083,-0.7131778001785278,55.56696701049805,155.22755432128906
B,30,1,helix,200,0.0,0.9950000047683716,-4.384822368621826,-0.7134420871734619,21.840430048045263,177.9670867919922
B,30,1,only_T2,200,0.0,0.9950000047683716,-4.3850016593933105,-0.7131890654563904,17.240872039344225,177.9670867919922
B,30,1,only_T5,200,0.0,0.9950000047683716,-4.384901523590088,-0.7135307788848877,12.07837073043302,177.9670867919922
B,30,1,only_T10,200,0.0,0.9950000047683716,-4.384655475616455,-0.7135732769966125,6.113106785943439,177.9670867919922
B,30,1,only_T100,200,0.0,0.9950000047683716,-4.385862350463867,-0.7132877111434937,1.4142816011780774,177.9670867919922
B,30,1,only_lin,200,0.0,0.9950000047683716,-4.385955810546875,-0.7134045958518982,0.7992933836386884,177.9670867919922
B,30,1,random_orth,200,0.0,0.9950000047683716,-4.384397029876709,-0.7132419943809509,21.840430048045263,177.9670867919922
B,30,1,real_diff_in_helix_subspace,200,0.0,0.9950000047683716,-4.383388042449951,-0.7134460210800171,28.587059154097638,177.9670867919922
B,30,1,full_swap,200,0.0,0.9950000047683716,-4.383514404296875,-0.7136855721473694,57.009490966796875,177.9670867919922
B,31,1,helix,200,0.0,0.9950000047683716,-4.385844707489014,-0.7135358452796936,22.136977500173472,204.72671508789062
B,31,1,only_T2,200,0.0,0.9950000047683716,-4.385844707489014,-0.7135358452796936,17.50191268932781,204.72671508789062
B,31,1,only_T5,200,0.0,0.9950000047683716,-4.385844707489014,-0.7135358452796936,12.22810665286168,204.72671508789062
B,31,1,only_T10,200,0.0,0.9950000047683716,-4.385844707489014,-0.7135358452796936,6.188683173096962,204.72671508789062
B,31,1,only_T100,200,0.0,0.9950000047683716,-4.385844707489014,-0.7135358452796936,1.430719025435851,204.72671508789062
B,31,1,only_lin,200,0.0,0.9950000047683716,-4.385844707489014,-0.7135358452796936,0.8099573313787752,204.72671508789062
B,31,1,random_orth,200,0.0,0.9950000047683716,-4.385844707489014,-0.7135358452796936,22.136977500173472,204.72671508789062
B,31,1,real_diff_in_helix_subspace,200,0.0,0.9950000047683716,-4.385844707489014,-0.7135358452796936,29.00808342302852,204.72671508789062
B,31,1,full_swap,200,0.0,0.9950000047683716,-4.385844707489014,-0.7135358452796936,57.969703674316406,204.72671508789062
B,0,2,helix,200,0.39499998092651367,0.3449999988079071,-2.0417943000793457,-2.5197653770446777,2.5213605861464057,7.082910060882568
B,0,2,only_T2,200,0.0,1.0,-4.3568854331970215,-0.6417245268821716,0.0,7.082910060882568
B,0,2,only_T5,200,0.20499999821186066,0.5699999928474426,-3.2427990436553955,-1.497214674949646,2.1166439693193206,7.082910060882568
B,0,2,only_T10,200,0.14999999105930328,0.625,-3.557450532913208,-1.2489677667617798,1.324714350023204,7.082910060882568
B,0,2,only_T100,200,0.0,0.9899999499320984,-4.327108383178711,-0.6522951126098633,0.28581297097764413,7.082910060882568
B,0,2,only_lin,200,0.0,0.9950000047683716,-4.317678451538086,-0.643048107624054,0.14734827794142447,7.082910060882568
B,0,2,random_orth,200,0.009999999776482582,0.9549999833106995,-4.345490455627441,-0.6609525084495544,2.5213605861464057,7.082910060882568
B,0,2,real_diff_in_helix_subspace,200,0.38999998569488525,0.3400000035762787,-2.307464361190796,-2.6157219409942627,2.468025509445159,7.082910060882568
B,0,2,full_swap,200,0.6649999618530273,0.04999999701976776,-1.230249047279358,-4.4864606857299805,5.793541431427002,7.082910060882568
B,1,2,helix,200,0.41499999165534973,0.32999998331069946,-2.080509662628174,-2.581611156463623,2.7829492555714053,7.5839385986328125
B,1,2,only_T2,200,0.0,1.0,-4.3568854331970215,-0.6417245268821716,0.0,7.5839385986328125
B,1,2,only_T5,200,0.20999999344348907,0.550000011920929,-3.2465062141418457,-1.543814778327942,2.3267792922531005,7.5839385986328125
B,1,2,only_T10,200,0.1550000011920929,0.6100000143051147,-3.555656671524048,-1.308458685874939,1.4637128812160103,7.5839385986328125
B,1,2,only_T100,200,0.0,0.9899999499320984,-4.329843521118164,-0.6541624069213867,0.34162542357467723,7.5839385986328125
B,1,2,only_lin,200,0.0,0.9950000047683716,-4.312265872955322,-0.6449620127677917,0.18699830473199505,7.5839385986328125
B,1,2,random_orth,200,0.009999999776482582,0.9649999737739563,-4.328302383422852,-0.6559408903121948,2.7829492555714053,7.5839385986328125
B,1,2,real_diff_in_helix_subspace,200,0.4099999964237213,0.32499998807907104,-2.257164239883423,-2.6710784435272217,2.7591650417217664,7.5839385986328125
B,1,2,full_swap,200,0.6850000023841858,0.054999999701976776,-1.223063349723816,-4.4872260093688965,6.375064849853516,7.5839385986328125
B,2,2,helix,200,0.41999998688697815,0.3199999928474426,-2.0733864307403564,-2.625373363494873,3.2326476413433896,9.726170539855957
B,2,2,only_T2,200,0.0,1.0,-4.3568854331970215,-0.6417245268821716,0.0,9.726170539855957
B,2,2,only_T5,200,0.2149999886751175,0.5399999618530273,-3.231275796890259,-1.5762826204299927,2.7035703778197013,9.726170539855957
B,2,2,only_T10,200,0.1599999964237213,0.5999999642372131,-3.5436084270477295,-1.3348450660705566,1.6962570236991417,9.726170539855957
B,2,2,only_T100,200,0.004999999888241291,0.9799999594688416,-4.327052593231201,-0.654491662979126,0.4005149386409502,9.726170539855957
B,2,2,only_lin,200,0.004999999888241291,0.98499995470047,-4.311715126037598,-0.6459380984306335,0.22101404573761776,9.726170539855957
B,2,2,random_orth,200,0.009999999776482582,0.9699999690055847,-4.360132217407227,-0.6600541472434998,3.2326476413433896,9.726170539855957
B,2,2,real_diff_in_helix_subspace,200,0.4399999976158142,0.29499998688697815,-2.2347044944763184,-2.7249467372894287,3.23487367216488,9.726170539855957
B,2,2,full_swap,200,0.6699999570846558,0.06499999761581421,-1.1990431547164917,-4.486598014831543,7.264826774597168,9.726170539855957
B,3,2,helix,200,0.44999998807907104,0.2800000011920929,-2.013542413711548,-2.7035698890686035,3.8501848455407055,12.141491889953613
B,3,2,only_T2,200,0.0,1.0,-4.3568854331970215,-0.6417245268821716,0.0,12.141491889953613
B,3,2,only_T5,200,0.2149999886751175,0.5249999761581421,-3.1791958808898926,-1.617653727531433,3.238685684349717,12.141491889953613
B,3,2,only_T10,200,0.14999999105930328,0.574999988079071,-3.528085947036743,-1.3973684310913086,1.9848281162759869,12.141491889953613
B,3,2,only_T100,200,0.0,0.9899999499320984,-4.3314433097839355,-0.6546233892440796,0.47390323772770093,12.141491889953613
B,3,2,only_lin,200,0.004999999888241291,0.98499995470047,-4.312683582305908,-0.649760365486145,0.2735647368464537,12.141491889953613
B,3,2,random_orth,200,0.0,0.9549999833106995,-4.332083225250244,-0.6705169677734375,3.850184845540706,12.141491889953613
B,3,2,real_diff_in_helix_subspace,200,0.4350000023841858,0.28999999165534973,-2.16263747215271,-2.7856743335723877,3.8664443338130905,12.141491889953613
B,3,2,full_swap,200,0.6649999618530273,0.07000000029802322,-1.1987932920455933,-4.4925761222839355,8.378528594970703,12.141491889953613
B,4,2,helix,200,0.4399999976158142,0.29499998688697815,-2.0119645595550537,-2.711009979248047,4.289625145285308,14.823846817016602
B,4,2,only_T2,200,0.0,1.0,-4.3568854331970215,-0.6417245268821716,0.0,14.823846817016602
B,4,2,only_T5,200,0.20999999344348907,0.5299999713897705,-3.1708340644836426,-1.6235665082931519,3.608802239287887,14.823846817016602
B,4,2,only_T10,200,0.14999999105930328,0.5699999928474426,-3.524139404296875,-1.4085729122161865,2.196221166943826,14.823846817016602
B,4,2,only_T100,200,0.0,0.98499995470047,-4.331904888153076,-0.6574884653091431,0.5469967714640397,14.823846817016602
B,4,2,only_lin,200,0.004999999888241291,0.98499995470047,-4.314814567565918,-0.6469649076461792,0.31825045868831414,14.823846817016602
B,4,2,random_orth,200,0.014999999664723873,0.9549999833106995,-4.391035079956055,-0.6477937698364258,4.289625145285308,14.823846817016602
B,4,2,real_diff_in_helix_subspace,200,0.4350000023841858,0.29499998688697815,-2.172025442123413,-2.766366481781006,4.326756399387162,14.823846817016602
B,4,2,full_swap,200,0.6699999570846558,0.07000000029802322,-1.1769049167633057,-4.476470947265625,9.46667766571045,14.823846817016602
B,5,2,helix,200,0.45499998331069946,0.2849999964237213,-1.9851783514022827,-2.7882275581359863,4.974108538054569,17.628795623779297
B,5,2,only_T2,200,0.0,1.0,-4.3568854331970215,-0.6417245268821716,0.0,17.628795623779297
B,5,2,only_T5,200,0.2149999886751175,0.5249999761581421,-3.1469264030456543,-1.654927134513855,4.17805739536348,17.628795623779297
B,5,2,only_T10,200,0.14000000059604645,0.5649999976158142,-3.499379873275757,-1.4460498094558716,2.547291796779547,17.628795623779297
B,5,2,only_T100,200,0.004999999888241291,0.9699999690055847,-4.336544513702393,-0.6634560227394104,0.6444115136591826,17.628795623779297
B,5,2,only_lin,200,0.0,0.9899999499320984,-4.3128862380981445,-0.6482125520706177,0.3769621939350259,17.628795623779297
B,5,2,random_orth,200,0.009999999776482582,0.9549999833106995,-4.350810527801514,-0.659153401851654,4.97410853805457,17.628795623779297
B,5,2,real_diff_in_helix_subspace,200,0.429999977350235,0.28999999165534973,-2.147573471069336,-2.8157958984375,5.015966492613631,17.628795623779297
B,5,2,full_swap,200,0.6599999666213989,0.07499999552965164,-1.179399013519287,-4.48368501663208,11.163285255432129,17.628795623779297
B,6,2,helix,200,0.4399999976158142,0.2849999964237213,-1.961322546005249,-2.81618070602417,5.539397751166319,21.233339309692383
B,6,2,only_T2,200,0.0,1.0,-4.3568854331970215,-0.6417245268821716,0.0,21.233339309692383
B,6,2,only_T5,200,0.19499999284744263,0.5199999809265137,-3.132255792617798,-1.6778558492660522,4.633263410061422,21.233339309692383
B,6,2,only_T10,200,0.14999999105930328,0.550000011920929,-3.4937028884887695,-1.4729459285736084,2.849792174015635,21.233339309692383
B,6,2,only_T100,200,0.0,0.9899999499320984,-4.337718486785889,-0.6668148636817932,0.7298562149762037,21.233339309692383
B,6,2,only_lin,200,0.0,0.9899999499320984,-4.311526298522949,-0.6494561433792114,0.4316148374362051,21.233339309692383
B,6,2,random_orth,200,0.004999999888241291,0.9749999642372131,-4.349161148071289,-0.6292976140975952,5.539397751166319,21.233339309692383
B,6,2,real_diff_in_helix_subspace,200,0.42499998211860657,0.28999999165534973,-2.127504825592041,-2.8330392837524414,5.635156453472552,21.233339309692383
B,6,2,full_swap,200,0.6399999856948853,0.07499999552965164,-1.1732209920883179,-4.484577178955078,12.616886138916016,21.233339309692383
B,7,2,helix,200,0.4599999785423279,0.26999998092651367,-1.9414037466049194,-2.8428478240966797,6.061385304311487,24.529541015625
B,7,2,only_T2,200,0.0,1.0,-4.3568854331970215,-0.6417245268821716,0.0,24.529541015625
B,7,2,only_T5,200,0.2149999886751175,0.5049999952316284,-3.1189897060394287,-1.6904120445251465,5.0577070187178155,24.529541015625
B,7,2,only_T10,200,0.14999999105930328,0.5550000071525574,-3.4767773151397705,-1.4900786876678467,3.1243253848559323,24.529541015625
B,7,2,only_T100,200,0.0,0.9749999642372131,-4.339775562286377,-0.6674721240997314,0.813395763193806,24.529541015625
B,7,2,only_lin,200,0.0,0.9899999499320984,-4.31044340133667,-0.6506468057632446,0.4841981787824105,24.529541015625
B,7,2,random_orth,200,0.004999999888241291,0.9599999785423279,-4.361549377441406,-0.6670460104942322,6.061385304311488,24.529541015625
B,7,2,real_diff_in_helix_subspace,200,0.4350000023841858,0.28999999165534973,-2.128998041152954,-2.8830926418304443,6.215375216405948,24.529541015625
B,7,2,full_swap,200,0.6800000071525574,0.07000000029802322,-1.1704013347625732,-4.472203254699707,14.054387092590332,24.529541015625
B,8,2,helix,200,0.4449999928474426,0.2849999964237213,-1.9363139867782593,-2.875763416290283,6.5788417259863925,27.798839569091797
B,8,2,only_T2,200,0.0,1.0,-4.3568854331970215,-0.6417245268821716,0.0,27.798839569091797
B,8,2,only_T5,200,0.19999998807907104,0.5049999952316284,-3.1103515625,-1.7055096626281738,5.4867283005657335,27.798839569091797
B,8,2,only_T10,200,0.1550000011920929,0.5600000023841858,-3.4674932956695557,-1.5204923152923584,3.387583110967366,27.798839569091797
B,8,2,only_T100,200,0.004999999888241291,0.9699999690055847,-4.337087631225586,-0.6687588095664978,0.8897577304585691,27.798839569091797
B,8,2,only_lin,200,0.004999999888241291,0.98499995470047,-4.310705661773682,-0.6521592736244202,0.5266633040857127,27.798839569091797
B,8,2,random_orth,200,0.0,0.9699999690055847,-4.336416721343994,-0.6619861721992493,6.5788417259863925,27.798839569091797
B,8,2,real_diff_in_helix_subspace,200,0.4599999785423279,0.25999999046325684,-2.126110792160034,-2.9182426929473877,6.778469904140113,27.798839569091797
B,8,2,full_swap,200,0.6599999666213989,0.07999999821186066,-1.1785670518875122,-4.418190956115723,15.300750732421875,27.798839569091797
B,9,2,helix,200,0.4599999785423279,0.26499998569488525,-1.942149043083191,-2.9119439125061035,7.091199304576131,30.521257400512695
B,9,2,only_T2,200,0.0,1.0,-4.3568854331970215,-0.6417245268821716,0.0,30.521257400512695
B,9,2,only_T5,200,0.20999999344348907,0.4899999797344208,-3.0963191986083984,-1.7337865829467773,5.92767002485412,30.521257400512695
B,9,2,only_T10,200,0.14999999105930328,0.550000011920929,-3.4643449783325195,-1.5477126836776733,3.6169398970028492,30.521257400512695
B,9,2,only_T100,200,0.004999999888241291,0.9699999690055847,-4.338747978210449,-0.667896568775177,0.958931581670898,30.521257400512695
B,9,2,only_lin,200,0.004999999888241291,0.98499995470047,-4.3089141845703125,-0.652410626411438,0.5649269400180856,30.521257400512695
B,9,2,random_orth,200,0.009999999776482582,0.9799999594688416,-4.339688777923584,-0.6357473731040955,7.091199304576131,30.521257400512695
B,9,2,real_diff_in_helix_subspace,200,0.4399999976158142,0.2750000059604645,-2.1469244956970215,-2.9465432167053223,7.336727549568511,30.521257400512695
B,9,2,full_swap,200,0.6599999666213989,0.07000000029802322,-1.1905121803283691,-4.403219223022461,16.590375900268555,30.521257400512695
B,10,2,helix,200,0.45499998331069946,0.26499998569488525,-1.9247088432312012,-2.9578857421875,7.787542122818925,33.07377624511719
B,10,2,only_T2,200,0.0,1.0,-4.3568854331970215,-0.6417245268821716,0.0,33.07377624511719
B,10,2,only_T5,200,0.20499999821186066,0.4749999940395355,-3.085832357406616,-1.7567787170410156,6.519861509671878,33.07377624511719
B,10,2,only_T10,200,0.1599999964237213,0.5299999713897705,-3.461013078689575,-1.5874078273773193,3.9614028740724105,33.07377624511719
B,10,2,only_T100,200,0.0,0.9649999737739563,-4.338917255401611,-0.6710061430931091,1.0438142938735624,33.07377624511719
B,10,2,only_lin,200,0.004999999888241291,0.98499995470047,-4.3119635581970215,-0.6527689695358276,0.6065195224656135,33.07377624511719
B,10,2,random_orth,200,0.0,0.9749999642372131,-4.372254371643066,-0.6487622857093811,7.787542122818926,33.07377624511719
B,10,2,real_diff_in_helix_subspace,200,0.429999977350235,0.25999999046325684,-2.1691784858703613,-3.0007879734039307,8.093735573205615,33.07377624511719
B,10,2,full_swap,200,0.6449999809265137,0.07999999821186066,-1.1863672733306885,-4.396587371826172,18.312795639038086,33.07377624511719
B,11,2,helix,200,0.45499998331069946,0.26499998569488525,-1.9729732275009155,-2.9624154567718506,8.682387692450266,37.910030364990234
B,11,2,only_T2,200,0.0,1.0,-4.3568854331970215,-0.6417245268821716,0.0,37.910030364990234
B,11,2,only_T5,200,0.20999999344348907,0.47999998927116394,-3.087782859802246,-1.7758238315582275,7.26913863940992,37.910030364990234
B,11,2,only_T10,200,0.16499999165534973,0.4949999749660492,-3.466386556625366,-1.654878854751587,4.419574653148363,37.910030364990234
B,11,2,only_T100,200,0.0,0.9799999594688416,-4.332984924316406,-0.6659103035926819,1.149096448194912,37.910030364990234
B,11,2,only_lin,200,0.0,0.9899999499320984,-4.314286708831787,-0.6519718766212463,0.6564505269239611,37.910030364990234
B,11,2,random_orth,200,0.009999999776482582,0.9649999737739563,-4.320586204528809,-0.6488075256347656,8.682387692450266,37.910030364990234
B,11,2,real_diff_in_helix_subspace,200,0.41999998688697815,0.2800000011920929,-2.2841756343841553,-2.9902775287628174,9.083649717437593,37.910030364990234
B,11,2,full_swap,200,0.6649999618530273,0.10999999940395355,-1.1888080835342407,-4.226996421813965,20.417917251586914,37.910030364990234
B,12,2,helix,200,0.2750000059604645,0.5,-2.7035200595855713,-1.8064653873443604,9.55804878587001,41.07033157348633
B,12,2,only_T2,200,0.0,1.0,-4.3568854331970215,-0.6417245268821716,0.0,41.07033157348633
B,12,2,only_T5,200,0.1550000011920929,0.7099999785423279,-3.554591655731201,-1.155320644378662,7.983653615009182,41.07033157348633
B,12,2,only_T10,200,0.11999999731779099,0.675000011920929,-3.680312156677246,-1.0911155939102173,4.905293519418308,41.07033157348633
B,12,2,only_T100,200,0.004999999888241291,0.98499995470047,-4.336328983306885,-0.6627093553543091,1.2302331347571451,41.07033157348633
B,12,2,only_lin,200,0.0,1.0,-4.339052200317383,-0.6521438956260681,0.6969653513334677,41.07033157348633
B,12,2,random_orth,200,0.004999999888241291,0.9749999642372131,-4.370491027832031,-0.6325762867927551,9.55804878587001,41.07033157348633
B,12,2,real_diff_in_helix_subspace,200,0.25999999046325684,0.5199999809265137,-2.773186683654785,-1.8474875688552856,10.065490290512791,41.07033157348633
B,12,2,full_swap,200,0.4650000035762787,0.32999998331069946,-1.9334670305252075,-2.6686859130859375,22.57181167602539,41.07033157348633
B,13,2,helix,200,0.19499999284744263,0.6850000023841858,-3.138991355895996,-1.2959853410720825,10.425730171252285,45.271080017089844
B,13,2,only_T2,200,0.0,1.0,-4.3568854331970215,-0.6417245268821716,0.0,45.271080017089844
B,13,2,only_T5,200,0.10499999672174454,0.8149999976158142,-3.75195050239563,-0.9559553265571594,8.688214752530715,45.271080017089844
B,13,2,only_T10,200,0.07000000029802322,0.8399999737739563,-3.832876443862915,-0.8869273066520691,5.374701775370429,45.271080017089844
B,13,2,only_T100,200,0.0,0.9950000047683716,-4.341725826263428,-0.6512728929519653,1.331109596178412,45.271080017089844
B,13,2,only_lin,200,0.0,1.0,-4.344245910644531,-0.6429004669189453,0.7570782965285757,45.271080017089844
B,13,2,random_orth,200,0.004999999888241291,0.9799999594688416,-4.372247695922852,-0.631754457950592,10.425730171252285,45.271080017089844
B,13,2,real_diff_in_helix_subspace,200,0.19499999284744263,0.6599999666213989,-3.201413154602051,-1.3399277925491333,11.0918783273717,45.271080017089844
B,13,2,full_swap,200,0.3100000023841858,0.5699999928474426,-2.4927802085876465,-1.7892969846725464,24.58563995361328,45.271080017089844
B,14,2,helix,200,0.0949999988079071,0.8549999594688416,-3.810694456100464,-0.8637060523033142,11.10599018171784,50.557247161865234
B,14,2,only_T2,200,0.0,1.0,-4.3568854331970215,-0.6417245268821716,0.0,50.557247161865234
B,14,2,only_T5,200,0.04999999701976776,0.9099999666213989,-4.093323230743408,-0.7529874444007874,9.262089665281948,50.557247161865234
B,14,2,only_T10,200,0.03999999910593033,0.9449999928474426,-4.107856273651123,-0.6996913552284241,5.7180444953939356,50.557247161865234
B,14,2,only_T100,200,0.0,1.0,-4.345602512359619,-0.647966206073761,1.4098454367545088,50.557247161865234
B,14,2,only_lin,200,0.0,1.0,-4.352233409881592,-0.647408127784729,0.7982534710060617,50.557247161865234
B,14,2,random_orth,200,0.0,1.0,-4.35282564163208,-0.6322928667068481,11.10599018171784,50.557247161865234
B,14,2,real_diff_in_helix_subspace,200,0.0949999988079071,0.8650000095367432,-3.8274388313293457,-0.8773294687271118,11.89981829303224,50.557247161865234
B,14,2,full_swap,200,0.13499999046325684,0.8299999833106995,-3.4310619831085205,-1.0435372591018677,26.299114227294922,50.557247161865234
B,15,2,helix,200,0.0949999988079071,0.85999995470047,-3.8180651664733887,-0.8618243932723999,12.32022607562185,55.299678802490234
B,15,2,only_T2,200,0.0,1.0,-4.3568854331970215,-0.6417245268821716,0.0,55.299678802490234
B,15,2,only_T5,200,0.04999999701976776,0.8999999761581421,-4.0978007316589355,-0.7550556659698486,10.387170549704292,55.299678802490234
B,15,2,only_T10,200,0.03999999910593033,0.9449999928474426,-4.106724262237549,-0.6985758543014526,6.158378688286607,55.299678802490234
B,15,2,only_T100,200,0.0,1.0,-4.345465183258057,-0.6477493047714233,1.5345276365115914,55.299678802490234
B,15,2,only_lin,200,0.0,1.0,-4.354071140289307,-0.6456446647644043,0.8607122513851467,55.299678802490234
B,15,2,random_orth,200,0.0,1.0,-4.355747699737549,-0.6387152075767517,12.32022607562185,55.299678802490234
B,15,2,real_diff_in_helix_subspace,200,0.08999999612569809,0.85999995470047,-3.8393986225128174,-0.8804402947425842,13.215097272387913,55.299678802490234
B,15,2,full_swap,200,0.125,0.824999988079071,-3.4579827785491943,-1.0347765684127808,28.66109848022461,55.299678802490234
B,16,2,helix,200,0.07499999552965164,0.8799999952316284,-3.916063070297241,-0.8201672434806824,13.718310706848236,60.14739227294922
B,16,2,only_T2,200,0.0,1.0,-4.3568854331970215,-0.6417245268821716,0.0,60.14739227294922
B,16,2,only_T5,200,0.044999998062849045,0.9249999523162842,-4.161032676696777,-0.7315385341644287,11.586576490984083,60.14739227294922
B,16,2,only_T10,200,0.03999999910593033,0.9449999928474426,-4.1352009773254395,-0.6881711483001709,6.823534925175866,60.14739227294922
B,16,2,only_T100,200,0.0,1.0,-4.349074840545654,-0.6479591727256775,1.6706808808220004,60.14739227294922
B,16,2,only_lin,200,0.0,1.0,-4.353871822357178,-0.6459696888923645,0.9366799836320898,60.14739227294922
B,16,2,random_orth,200,0.0,1.0,-4.338819980621338,-0.6393334269523621,13.718310706848236,60.14739227294922
B,16,2,real_diff_in_helix_subspace,200,0.08999999612569809,0.8700000047683716,-3.9341251850128174,-0.8296754956245422,14.792530097590541,60.14739227294922
B,16,2,full_swap,200,0.11999999731779099,0.8449999690055847,-3.642850160598755,-0.9350611567497253,31.712841033935547,60.14739227294922
B,17,2,helix,200,0.07499999552965164,0.8799999952316284,-3.924095869064331,-0.8362704515457153,14.708974976807847,66.65370178222656
B,17,2,only_T2,200,0.0,1.0,-4.3568854331970215,-0.6417245268821716,0.0,66.65370178222656
B,17,2,only_T5,200,0.044999998062849045,0.9199999570846558,-4.159796237945557,-0.7408422827720642,12.43448620333452,66.65370178222656
B,17,2,only_T10,200,0.03500000014901161,0.949999988079071,-4.137333869934082,-0.6940662860870361,7.295003802822112,66.65370178222656
B,17,2,only_T100,200,0.0,1.0,-4.349215507507324,-0.6478047966957092,1.7904579475726439,66.65370178222656
B,17,2,only_lin,200,0.0,1.0,-4.354928016662598,-0.6453455686569214,1.0068928578346403,66.65370178222656
B,17,2,random_orth,200,0.0,0.9950000047683716,-4.359728813171387,-0.6382904648780823,14.708974976807847,66.65370178222656
B,17,2,real_diff_in_helix_subspace,200,0.08999999612569809,0.8549999594688416,-3.9482929706573486,-0.8500658869743347,15.904223461493975,66.65370178222656
B,17,2,full_swap,200,0.11999999731779099,0.8449999690055847,-3.655280590057373,-0.9455136060714722,34.13813018798828,66.65370178222656
B,18,2,helix,200,0.054999999701976776,0.9049999713897705,-4.078487873077393,-0.7390545606613159,15.694181038335165,72.52645874023438
B,18,2,only_T2,200,0.0,1.0,-4.3568854331970215,-0.6417245268821716,0.0,72.52645874023438
B,18,2,only_T5,200,0.03500000014901161,0.949999988079071,-4.250106334686279,-0.6945231556892395,13.277171035981155,72.52645874023438
B,18,2,only_T10,200,0.03500000014901161,0.949999988079071,-4.204439640045166,-0.6696875095367432,7.765447014462183,72.52645874023438
B,18,2,only_T100,200,0.0,1.0,-4.350618839263916,-0.6454446315765381,1.8959660394105973,72.52645874023438
B,18,2,only_lin,200,0.0,1.0,-4.356356143951416,-0.6429590582847595,1.072875621313986,72.52645874023438
B,18,2,random_orth,200,0.0,1.0,-4.36159610748291,-0.6376417875289917,15.694181038335161,72.52645874023438
B,18,2,real_diff_in_helix_subspace,200,0.06499999761581421,0.8949999809265137,-4.094006061553955,-0.749854326248169,17.099820150697987,72.52645874023438
B,18,2,full_swap,200,0.07000000029802322,0.8899999856948853,-3.882467269897461,-0.7827162146568298,36.57121658325195,72.52645874023438
B,19,2,helix,200,0.009999999776482582,0.9749999642372131,-4.380035400390625,-0.649107813835144,16.539900822984265,79.6774673461914
B,19,2,only_T2,200,0.0,1.0,-4.3568854331970215,-0.6417245268821716,0.0,79.6774673461914
B,19,2,only_T5,200,0.004999999888241291,0.98499995470047,-4.375607013702393,-0.6469053626060486,14.024573448063684,79.6774673461914
B,19,2,only_T10,200,0.009999999776482582,0.98499995470047,-4.372872829437256,-0.6410638093948364,8.135748960272672,79.6774673461914
B,19,2,only_T100,200,0.0,1.0,-4.353949069976807,-0.6422277092933655,1.9884502369540604,79.6774673461914
B,19,2,only_lin,200,0.0,1.0,-4.355081558227539,-0.6417640447616577,1.12737011493144,79.6774673461914
B,19,2,random_orth,200,0.0,1.0,-4.357283115386963,-0.6438214778900146,16.539900822984265,79.6774673461914
B,19,2,real_diff_in_helix_subspace,200,0.009999999776482582,0.9699999690055847,-4.38118839263916,-0.6498044729232788,18.158531990095806,79.6774673461914
B,19,2,full_swap,200,0.004999999888241291,0.9799999594688416,-4.326280117034912,-0.6620562672615051,38.72017288208008,79.6774673461914
B,20,2,helix,200,0.004999999888241291,0.9799999594688416,-4.37761116027832,-0.6493064165115356,17.4706591463401,85.09262084960938
B,20,2,only_T2,200,0.0,1.0,-4.3568854331970215,-0.6417245268821716,0.0,85.09262084960938
B,20,2,only_T5,200,0.004999999888241291,0.98499995470047,-4.376384735107422,-0.6465232968330383,14.84802799156892,85.09262084960938
B,20,2,only_T10,200,0.009999999776482582,0.98499995470047,-4.370700836181641,-0.6406248211860657,8.524526051985426,85.09262084960938
B,20,2,only_T100,200,0.0,1.0,-4.356121063232422,-0.642024040222168,2.096826957858549,85.09262084960938
B,20,2,only_lin,200,0.0,1.0,-4.356225967407227,-0.6411927938461304,1.1956850071662282,85.09262084960938
B,20,2,random_orth,200,0.0,1.0,-4.363007068634033,-0.6406927108764648,17.4706591463401,85.09262084960938
B,20,2,real_diff_in_helix_subspace,200,0.009999999776482582,0.9699999690055847,-4.379913806915283,-0.6515612602233887,19.33070038495118,85.09262084960938
B,20,2,full_swap,200,0.004999999888241291,0.9799999594688416,-4.325474262237549,-0.6617987155914307,41.035125732421875,85.09262084960938
B,21,2,helix,200,0.004999999888241291,0.98499995470047,-4.401980400085449,-0.6463342905044556,18.271977632642283,90.13890838623047
B,21,2,only_T2,200,0.0,1.0,-4.3568854331970215,-0.6417245268821716,0.0,90.13890838623047
B,21,2,only_T5,200,0.009999999776482582,0.9749999642372131,-4.388888359069824,-0.6450070738792419,15.539674463137416,90.13890838623047
B,21,2,only_T10,200,0.009999999776482582,0.98499995470047,-4.383668899536133,-0.6404454112052917,8.893465641903529,90.13890838623047
B,21,2,only_T100,200,0.0,1.0,-4.35547399520874,-0.642005980014801,2.191572815848348,90.13890838623047
B,21,2,only_lin,200,0.0,1.0,-4.354928016662598,-0.6412116289138794,1.2511570236386562,90.13890838623047
B,21,2,random_orth,200,0.0,1.0,-4.360826015472412,-0.6407632231712341,18.271977632642283,90.13890838623047
B,21,2,real_diff_in_helix_subspace,200,0.009999999776482582,0.9749999642372131,-4.404215335845947,-0.6475588083267212,20.383201047706883,90.13890838623047
B,21,2,full_swap,200,0.0,0.9749999642372131,-4.3727707862854,-0.6592567563056946,43.10813522338867,90.13890838623047
B,22,2,helix,200,0.004999999888241291,0.98499995470047,-4.402148723602295,-0.6465637683868408,19.05953344506931,96.60277557373047
B,22,2,only_T2,200,0.0,1.0,-4.3568854331970215,-0.6417245268821716,0.0,96.60277557373047
B,22,2,only_T5,200,0.004999999888241291,0.98499995470047,-4.388306617736816,-0.6459261178970337,16.19161425884048,96.60277557373047
B,22,2,only_T10,200,0.009999999776482582,0.98499995470047,-4.38226318359375,-0.6402672529220581,9.299612032086099,96.60277557373047
B,22,2,only_T100,200,0.0,1.0,-4.354139804840088,-0.641941487789154,2.2782493880780335,96.60277557373047
B,22,2,only_lin,200,0.0,1.0,-4.35451078414917,-0.6410414576530457,1.3045573585969275,96.60277557373047
B,22,2,random_orth,200,0.0,0.9950000047683716,-4.362067222595215,-0.6384850144386292,19.05953344506931,96.60277557373047
B,22,2,real_diff_in_helix_subspace,200,0.009999999776482582,0.9749999642372131,-4.404497146606445,-0.6476138234138489,21.46737297620466,96.60277557373047
B,22,2,full_swap,200,0.0,0.9749999642372131,-4.37614631652832,-0.6589999198913574,45.09840774536133,96.60277557373047
B,23,2,helix,200,0.004999999888241291,0.98499995470047,-4.426178455352783,-0.6462955474853516,19.834817809086957,101.24591827392578
B,23,2,only_T2,200,0.0,1.0,-4.3568854331970215,-0.6417245268821716,0.0,101.24591827392578
B,23,2,only_T5,200,0.009999999776482582,0.9799999594688416,-4.398815155029297,-0.6457849144935608,16.855418020112165,101.24591827392578
B,23,2,only_T10,200,0.009999999776482582,0.98499995470047,-4.393284320831299,-0.6386473178863525,9.671500230182929,101.24591827392578
B,23,2,only_T100,200,0.0,1.0,-4.358561992645264,-0.6402778625488281,2.3546596424034014,101.24591827392578
B,23,2,only_lin,200,0.0,1.0,-4.3593244552612305,-0.6415414214134216,1.3576963876763557,101.24591827392578
B,23,2,random_orth,200,0.0,1.0,-4.357144355773926,-0.6389199495315552,19.834817809086957,101.24591827392578
B,23,2,real_diff_in_helix_subspace,200,0.009999999776482582,0.9699999690055847,-4.431483268737793,-0.648590087890625,22.509271578544272,101.24591827392578
B,23,2,full_swap,200,0.0,0.9699999690055847,-4.419651985168457,-0.6586860418319702,47.0483512878418,101.24591827392578
B,24,2,helix,200,0.0,1.0,-4.351459980010986,-0.641779363155365,20.450784281092506,105.4450912475586
B,24,2,only_T2,200,0.0,1.0,-4.3568854331970215,-0.6417245268821716,0.0,105.4450912475586
B,24,2,only_T5,200,0.0,1.0,-4.354387283325195,-0.6417323350906372,17.374356622569074,105.4450912475586
B,24,2,only_T10,200,0.0,1.0,-4.356304168701172,-0.6415669322013855,9.978798878205465,105.4450912475586
B,24,2,only_T100,200,0.0,1.0,-4.358406066894531,-0.6413328647613525,2.4092024070202114,105.4450912475586
B,24,2,only_lin,200,0.0,1.0,-4.357180595397949,-0.641109049320221,1.391839025474125,105.4450912475586
B,24,2,random_orth,200,0.0,1.0,-4.357229709625244,-0.6405664086341858,20.450784281092506,105.4450912475586
B,24,2,real_diff_in_helix_subspace,200,0.0,1.0,-4.351237773895264,-0.6425400972366333,23.329591001002917,105.4450912475586
B,24,2,full_swap,200,0.0,1.0,-4.336877822875977,-0.6441615223884583,48.63905334472656,105.4450912475586
B,25,2,helix,200,0.0,1.0,-4.3515167236328125,-0.642160952091217,21.05516817560522,110.4247817993164
B,25,2,only_T2,200,0.0,1.0,-4.3568854331970215,-0.6417245268821716,0.0,110.4247817993164
B,25,2,only_T5,200,0.0,1.0,-4.352709770202637,-0.6422170996665955,17.851002985624906,110.4247817993164
B,25,2,only_T10,200,0.0,1.0,-4.357235908508301,-0.641717791557312,10.322301858282096,110.4247817993164
B,25,2,only_T100,200,0.0,1.0,-4.357416152954102,-0.6414876580238342,2.470904863104955,110.4247817993164
B,25,2,only_lin,200,0.0,1.0,-4.356256484985352,-0.6418478488922119,1.4218072900966385,110.4247817993164
B,25,2,random_orth,200,0.0,1.0,-4.357451438903809,-0.6410784721374512,21.05516817560522,110.4247817993164
B,25,2,real_diff_in_helix_subspace,200,0.0,1.0,-4.351986408233643,-0.6426064372062683,24.445863964235837,110.4247817993164
B,25,2,full_swap,200,0.0,1.0,-4.337116718292236,-0.6450278162956238,50.458648681640625,110.4247817993164
B,26,2,helix,200,0.0,1.0,-4.350765705108643,-0.6421955823898315,21.64257339452246,117.43051147460938
B,26,2,only_T2,200,0.0,1.0,-4.3568854331970215,-0.6417245268821716,0.0,117.43051147460938
B,26,2,only_T5,200,0.0,1.0,-4.3513078689575195,-0.642096221446991,18.324126241587884,117.43051147460938
B,26,2,only_T10,200,0.0,1.0,-4.357292175292969,-0.6421374082565308,10.654865106035093,117.43051147460938
B,26,2,only_T100,200,0.0,1.0,-4.357979774475098,-0.6409777402877808,2.5431275947878036,117.43051147460938
B,26,2,only_lin,200,0.0,1.0,-4.356501579284668,-0.6412438750267029,1.4655808707563163,117.43051147460938
B,26,2,random_orth,200,0.0,1.0,-4.358058452606201,-0.6407437920570374,21.64257339452246,117.43051147460938
B,26,2,real_diff_in_helix_subspace,200,0.0,1.0,-4.350045204162598,-0.6424894332885742,25.531430195810945,117.43051147460938
B,26,2,full_swap,200,0.0,1.0,-4.33914852142334,-0.6426795125007629,52.31520462036133,117.43051147460938
B,27,2,helix,200,0.0,1.0,-4.358850955963135,-0.6404664516448975,22.037753218552087,126.1156997680664
B,27,2,only_T2,200,0.0,1.0,-4.3568854331970215,-0.6417245268821716,0.0,126.1156997680664
B,27,2,only_T5,200,0.0,1.0,-4.358112812042236,-0.6407860517501831,18.61008078385734,126.1156997680664
B,27,2,only_T10,200,0.0,1.0,-4.358267307281494,-0.6410409212112427,10.912938088723388,126.1156997680664
B,27,2,only_T100,200,0.0,1.0,-4.357881546020508,-0.6413149833679199,2.5984482056744462,126.1156997680664
B,27,2,only_lin,200,0.0,1.0,-4.35696268081665,-0.6412530541419983,1.4981263056863166,126.1156997680664
B,27,2,random_orth,200,0.0,1.0,-4.357402324676514,-0.6418637037277222,22.037753218552087,126.1156997680664
B,27,2,real_diff_in_helix_subspace,200,0.0,1.0,-4.359555721282959,-0.6403184533119202,26.343417854905557,126.1156997680664
B,27,2,full_swap,200,0.0,1.0,-4.353050231933594,-0.6390148997306824,53.647823333740234,126.1156997680664
B,28,2,helix,200,0.0,1.0,-4.3582868576049805,-0.6404269337654114,22.57032927720412,137.95220947265625
B,28,2,only_T2,200,0.0,1.0,-4.3568854331970215,-0.6417245268821716,0.0,137.95220947265625
B,28,2,only_T5,200,0.0,1.0,-4.35970401763916,-0.640769362449646,19.015645723057396,137.95220947265625
B,28,2,only_T10,200,0.0,1.0,-4.358924388885498,-0.6412923336029053,11.235412260796766,137.95220947265625
B,28,2,only_T100,200,0.0,1.0,-4.357137203216553,-0.6413185000419617,2.6756352853427194,137.95220947265625
B,28,2,only_lin,200,0.0,1.0,-4.358648300170898,-0.6411110758781433,1.5329992422325152,137.95220947265625
B,28,2,random_orth,200,0.0,1.0,-4.358895778656006,-0.6416959166526794,22.57032927720412,137.95220947265625
B,28,2,real_diff_in_helix_subspace,200,0.0,1.0,-4.358401775360107,-0.6403798460960388,27.588935422663283,137.95220947265625
B,28,2,full_swap,200,0.0,1.0,-4.353447914123535,-0.6390209197998047,55.503780364990234,137.95220947265625
B,29,2,helix,200,0.0,1.0,-4.359347343444824,-0.6410728096961975,23.03501998460265,153.9670867919922
B,29,2,only_T2,200,0.0,1.0,-4.3568854331970215,-0.6417245268821716,0.0,153.9670867919922
B,29,2,only_T5,200,0.0,1.0,-4.358026504516602,-0.6412278413772583,19.372742208351756,153.9670867919922
B,29,2,only_T10,200,0.0,1.0,-4.359302997589111,-0.641436755657196,11.505930859278442,153.9670867919922
B,29,2,only_T100,200,0.0,1.0,-4.3577961921691895,-0.6416274309158325,2.7535507053738,153.9670867919922
B,29,2,only_lin,200,0.0,1.0,-4.357043743133545,-0.6415588855743408,1.5667652447152653,153.9670867919922
B,29,2,random_orth,200,0.0,1.0,-4.357210636138916,-0.6414234638214111,23.03501998460265,153.9670867919922
B,29,2,real_diff_in_helix_subspace,200,0.0,1.0,-4.3584699630737305,-0.6410446166992188,28.610682468568722,153.9670867919922
B,29,2,full_swap,200,0.0,1.0,-4.358138561248779,-0.6402774453163147,57.067604064941406,153.9670867919922
B,30,2,helix,200,0.0,1.0,-4.358256816864014,-0.6414986848831177,23.623166387122673,176.33566284179688
B,30,2,only_T2,200,0.0,1.0,-4.3568854331970215,-0.6417245268821716,0.0,176.33566284179688
B,30,2,only_T5,200,0.0,1.0,-4.357297420501709,-0.6414371132850647,19.874596491911035,176.33566284179688
B,30,2,only_T10,200,0.0,1.0,-4.357448101043701,-0.6417080760002136,11.777459214111982,176.33566284179688
B,30,2,only_T100,200,0.0,1.0,-4.357359409332275,-0.6416706442832947,2.824887186948169,176.33566284179688
B,30,2,only_lin,200,0.0,1.0,-4.3566179275512695,-0.6417986750602722,1.5985867672773768,176.33566284179688
B,30,2,random_orth,200,0.0,1.0,-4.358333587646484,-0.6414724588394165,23.623166387122673,176.33566284179688
B,30,2,real_diff_in_helix_subspace,200,0.0,1.0,-4.357455730438232,-0.6416033506393433,29.717988011197466,176.33566284179688
B,30,2,full_swap,200,0.0,1.0,-4.357476234436035,-0.6411369442939758,58.665409088134766,176.33566284179688
B,31,2,helix,200,0.0,1.0,-4.3568854331970215,-0.6417245268821716,23.917105031234733,202.81369018554688
B,31,2,only_T2,200,0.0,1.0,-4.3568854331970215,-0.6417245268821716,0.0,202.81369018554688
B,31,2,only_T5,200,0.0,1.0,-4.3568854331970215,-0.6417245268821716,20.130223946576375,202.81369018554688
B,31,2,only_T10,200,0.0,1.0,-4.3568854331970215,-0.6417245268821716,11.915885039157697,202.81369018554688
B,31,2,only_T100,200,0.0,1.0,-4.3568854331970215,-0.6417245268821716,2.857331147560617,202.81369018554688
B,31,2,only_lin,200,0.0,1.0,-4.3568854331970215,-0.6417245268821716,1.6199146627575507,202.81369018554688
B,31,2,random_orth,200,0.0,1.0,-4.3568854331970215,-0.6417245268821716,23.917105031234733,202.81369018554688
B,31,2,real_diff_in_helix_subspace,200,0.0,1.0,-4.3568854331970215,-0.6417245268821716,30.1804362950842,202.81369018554688
B,31,2,full_swap,200,0.0,1.0,-4.3568854331970215,-0.6417245268821716,59.71393966674805,202.81369018554688
B,0,5,helix,200,0.3349999785423279,0.054999999701976776,-2.7219810485839844,-5.172432899475098,2.916455187642965,7.177312850952148
B,0,5,only_T2,200,0.0,0.3499999940395355,-5.891024112701416,-2.3425776958465576,1.7003811502911572,7.177312850952148
B,0,5,only_T5,200,0.0,0.9899999499320984,-7.394139289855957,-0.6900694966316223,3.2781958760369784e-15,7.177312850952148
B,0,5,only_T10,200,0.029999999329447746,0.22999998927116394,-5.358034610748291,-3.123901844024658,2.251640973686153,7.177312850952148
B,0,5,only_T100,200,0.004999999888241291,0.9249999523162842,-7.221324920654297,-0.7077512145042419,0.7036373569054141,7.177312850952148
B,0,5,only_lin,200,0.0,0.9449999928474426,-7.18983268737793,-0.6898327469825745,0.36837069485356116,7.177312850952148
B,0,5,random_orth,200,0.0,0.9549999833106995,-7.391163349151611,-0.720158040523529,2.916455187642965,7.177312850952148
B,0,5,real_diff_in_helix_subspace,200,0.3050000071525574,0.09999999403953552,-2.9222912788391113,-5.083961486816406,2.9682175261557266,7.177312850952148
B,0,5,full_swap,200,0.5049999952316284,0.009999999776482582,-1.7283600568771362,-7.631293296813965,6.398978233337402,7.177312850952148
B,1,5,helix,200,0.3349999785423279,0.07000000029802322,-2.7357213497161865,-5.164004802703857,3.238745841088662,7.662020683288574
B,1,5,only_T2,200,0.0,0.32999998331069946,-5.849245548248291,-2.3782336711883545,1.86623007108649,7.662020683288574
B,1,5,only_T5,200,0.0,0.9899999499320984,-7.394139289855957,-0.6900694966316223,3.6064007793405914e-15,7.662020683288574
B,1,5,only_T10,200,0.029999999329447746,0.2199999988079071,-5.283623695373535,-3.2041876316070557,2.4880066528333025,7.662020683288574
B,1,5,only_T100,200,0.004999999888241291,0.9249999523162842,-7.227923393249512,-0.7109248042106628,0.8385577785357698,7.662020683288574
B,1,5,only_lin,200,0.0,0.9399999976158142,-7.153420448303223,-0.6969430446624756,0.46749576182998764,7.662020683288574
B,1,5,random_orth,200,0.0,0.9649999737739563,-7.330047607421875,-0.7131080627441406,3.238745841088662,7.662020683288574
B,1,5,real_diff_in_helix_subspace,200,0.29999998211860657,0.10499999672174454,-2.7933475971221924,-5.0950493812561035,3.2956300907974105,7.662020683288574
B,1,5,full_swap,200,0.5199999809265137,0.009999999776482582,-1.7074302434921265,-7.617525577545166,7.0089430809021,7.662020683288574
B,2,5,helix,200,0.35499998927116394,0.07000000029802322,-2.7128093242645264,-5.207007884979248,3.754584835805996,9.80805778503418
B,2,5,only_T2,200,0.004999999888241291,0.3100000023841858,-5.816169738769531,-2.4014341831207275,2.1481704391108605,9.80805778503418
B,2,5,only_T5,200,0.0,0.9899999499320984,-7.394139289855957,-0.6900694966316223,4.186971196727213e-15,9.80805778503418
B,2,5,only_T10,200,0.029999999329447746,0.20999999344348907,-5.251681327819824,-3.2531683444976807,2.888871373149683,9.80805778503418
B,2,5,only_T100,200,0.004999999888241291,0.9249999523162842,-7.230457782745361,-0.7135571241378784,0.9819972996417277,9.80805778503418
B,2,5,only_lin,200,0.0,0.9350000023841858,-7.156813144683838,-0.6990149617195129,0.5525351143440445,9.80805778503418
B,2,5,random_orth,200,0.0,0.9249999523162842,-7.339488506317139,-0.7231568694114685,3.754584835805996,9.80805778503418
B,2,5,real_diff_in_helix_subspace,200,0.3149999976158142,0.0949999988079071,-2.762974739074707,-5.135190963745117,3.83308881482268,9.80805778503418
B,2,5,full_swap,200,0.5299999713897705,0.004999999888241291,-1.704753041267395,-7.629998683929443,7.995697498321533,9.80805778503418
B,3,5,helix,200,0.3100000023841858,0.06499999761581421,-2.6589512825012207,-5.268244743347168,4.539558941948573,12.216216087341309
B,3,5,only_T2,200,0.0,0.29499998688697815,-5.76598596572876,-2.4505488872528076,2.7505365176690395,12.216216087341309
B,3,5,only_T5,200,0.0,0.9899999499320984,-7.394139289855957,-0.6900694966316223,5.011440299849928e-15,12.216216087341309
B,3,5,only_T10,200,0.019999999552965164,0.20999999344348907,-5.185153007507324,-3.3418116569519043,3.3787772924652133,12.216216087341309
B,3,5,only_T100,200,0.004999999888241291,0.9149999618530273,-7.230340003967285,-0.721619188785553,1.1608155819081454,12.216216087341309
B,3,5,only_lin,200,0.0,0.9350000023841858,-7.129169940948486,-0.7049819231033325,0.6839118421161343,12.216216087341309
B,3,5,random_orth,200,0.0,0.9300000071525574,-7.317102432250977,-0.7543670535087585,4.539558941948573,12.216216087341309
B,3,5,real_diff_in_helix_subspace,200,0.29499998688697815,0.07999999821186066,-2.7016735076904297,-5.162830829620361,4.6456544140837375,12.216216087341309
B,3,5,full_swap,200,0.5299999713897705,0.004999999888241291,-1.7024599313735962,-7.623928070068359,9.280691146850586,12.216216087341309
B,4,5,helix,200,0.32999998331069946,0.07999999821186066,-2.691504955291748,-5.276885032653809,5.06565109255846,14.858118057250977
B,4,5,only_T2,200,0.0,0.28999999165534973,-5.74976921081543,-2.4548087120056152,3.0714876702372145,14.858118057250977
B,4,5,only_T5,200,0.0,0.9899999499320984,-7.394139289855957,-0.6900694966316223,5.578712459724241e-15,14.858118057250977
B,4,5,only_T10,200,0.014999999664723873,0.2149999886751175,-5.1971435546875,-3.346879243850708,3.742670756485312,14.858118057250977
B,4,5,only_T100,200,0.004999999888241291,0.9149999618530273,-7.225623607635498,-0.7311859130859375,1.340846621904494,14.858118057250977
B,4,5,only_lin,200,0.0,0.9350000023841858,-7.1547441482543945,-0.7031864523887634,0.7956261467207854,14.858118057250977
B,4,5,random_orth,200,0.004999999888241291,0.949999988079071,-7.321654319763184,-0.7289394736289978,5.06565109255846,14.858118057250977
B,4,5,real_diff_in_helix_subspace,200,0.28999999165534973,0.07499999552965164,-2.7224998474121094,-5.138772964477539,5.188184962616718,14.858118057250977
B,4,5,full_swap,200,0.5349999666213989,0.004999999888241291,-1.684257984161377,-7.633444786071777,10.462154388427734,14.858118057250977
B,5,5,helix,200,0.3400000035762787,0.04999999701976776,-2.648998975753784,-5.341716766357422,5.888282862957101,17.63782501220703
B,5,5,only_T2,200,0.0,0.2849999964237213,-5.70391321182251,-2.4993748664855957,3.5694233257061807,17.63782501220703
B,5,5,only_T5,200,0.0,0.9899999499320984,-7.394139289855957,-0.6900694966316223,6.4549836545029845e-15,17.63782501220703
B,5,5,only_T10,200,0.019999999552965164,0.20499999821186066,-5.146655082702637,-3.413658380508423,4.344055710213155,17.63782501220703
B,5,5,only_T100,200,0.004999999888241291,0.8949999809265137,-7.228297710418701,-0.7518435716629028,1.578653547928087,17.63782501220703
B,5,5,only_lin,200,0.0,0.9350000023841858,-7.162109375,-0.7029972672462463,0.9424054848375647,17.63782501220703
B,5,5,random_orth,200,0.0,0.9599999785423279,-7.337976455688477,-0.7085604667663574,5.888282862957102,17.63782501220703
B,5,5,real_diff_in_helix_subspace,200,0.3100000023841858,0.054999999701976776,-2.6627960205078125,-5.198163986206055,6.01786040410054,17.63782501220703
B,5,5,full_swap,200,0.5199999809265137,0.004999999888241291,-1.6835294961929321,-7.6260085105896,12.342829704284668,17.63782501220703
B,6,5,helix,200,0.3449999988079071,0.04999999701976776,-2.6456634998321533,-5.357741355895996,6.61027132711385,21.21274185180664
B,6,5,only_T2,200,0.0,0.2800000011920929,-5.67500638961792,-2.528416633605957,4.005672734587426,21.21274185180664
B,6,5,only_T5,200,0.0,0.9899999499320984,-7.394139289855957,-0.6900694966316223,7.151129100077854e-15,21.21274185180664
B,6,5,only_T10,200,0.019999999552965164,0.19999998807907104,-5.135153770446777,-3.4297218322753906,4.863273749291928,21.21274185180664
B,6,5,only_T100,200,0.004999999888241291,0.8899999856948853,-7.232882499694824,-0.7563210725784302,1.7878615952329477,21.21274185180664
B,6,5,only_lin,200,0.0,0.9350000023841858,-7.1566901206970215,-0.7061057686805725,1.0790370935905127,21.21274185180664
B,6,5,random_orth,200,0.004999999888241291,0.9249999523162842,-7.388315200805664,-0.7234379649162292,6.61027132711385,21.21274185180664
B,6,5,real_diff_in_helix_subspace,200,0.29999998211860657,0.05999999865889549,-2.6929445266723633,-5.170402526855469,6.759159297121255,21.21274185180664
B,6,5,full_swap,200,0.5099999904632568,0.004999999888241291,-1.6810615062713623,-7.628976345062256,13.902702331542969,21.21274185180664
B,7,5,helix,200,0.35499998927116394,0.04999999701976776,-2.6439995765686035,-5.357307434082031,7.266216582784903,24.523046493530273
B,7,5,only_T2,200,0.0,0.2800000011920929,-5.665337562561035,-2.539849281311035,4.400040224505184,24.523046493530273
B,7,5,only_T5,200,0.0,0.9899999499320984,-7.394139289855957,-0.6900694966316223,7.810203463534117e-15,24.523046493530273
B,7,5,only_T10,200,0.019999999552965164,0.19499999284744263,-5.122722148895264,-3.437026023864746,5.329980073446802,24.523046493530273
B,7,5,only_T100,200,0.004999999888241291,0.8899999856948853,-7.238767147064209,-0.7549661993980408,1.992860360356605,24.523046493530273
B,7,5,only_lin,200,0.0,0.9300000071525574,-7.149618148803711,-0.7106689214706421,1.2104954469560263,24.523046493530273
B,7,5,random_orth,200,0.0,0.9199999570846558,-7.371690273284912,-0.7389320731163025,7.266216582784903,24.523046493530273
B,7,5,real_diff_in_helix_subspace,200,0.29999998211860657,0.07000000029802322,-2.721959114074707,-5.117979526519775,7.441427249376378,24.523046493530273
B,7,5,full_swap,200,0.5149999856948853,0.004999999888241291,-1.6779370307922363,-7.630722522735596,15.475297927856445,24.523046493530273
B,8,5,helix,200,0.32999998331069946,0.054999999701976776,-2.6240036487579346,-5.357832908630371,7.844990085023715,27.787031173706055
B,8,5,only_T2,200,0.0,0.26499998569488525,-5.658358097076416,-2.5525755882263184,4.702917537491045,27.787031173706055
B,8,5,only_T5,200,0.0,0.9899999499320984,-7.394139289855957,-0.6900694966316223,8.47505879714474e-15,27.787031173706055
B,8,5,only_T10,200,0.02499999850988388,0.20499999821186066,-5.08612060546875,-3.458820343017578,5.776373845624278,27.787031173706055
B,8,5,only_T100,200,0.004999999888241291,0.8799999952316284,-7.242340564727783,-0.7572422623634338,2.1792013446292176,27.787031173706055
B,8,5,only_lin,200,0.0,0.9350000023841858,-7.146946907043457,-0.7113887667655945,1.3166582602142818,27.787031173706055
B,8,5,random_orth,200,0.004999999888241291,0.9249999523162842,-7.359562873840332,-0.7368542551994324,7.844990085023715,27.787031173706055
B,8,5,real_diff_in_helix_subspace,200,0.2800000011920929,0.07499999552965164,-2.7296197414398193,-5.0827131271362305,8.050073129935882,27.787031173706055
B,8,5,full_swap,200,0.5199999809265137,0.004999999888241291,-1.6859241724014282,-7.587115287780762,16.800861358642578,27.787031173706055
B,9,5,helix,200,0.3449999988079071,0.05999999865889549,-2.630601644515991,-5.372742652893066,8.39362161053349,30.5476131439209
B,9,5,only_T2,200,0.004999999888241291,0.25,-5.644919395446777,-2.5614709854125977,5.037354578232935,30.5476131439209
B,9,5,only_T5,200,0.0,0.9899999499320984,-7.394139289855957,-0.6900694966316223,9.152805744376826e-15,30.5476131439209
B,9,5,only_T10,200,0.02499999850988388,0.1899999976158142,-5.0551533699035645,-3.480278968811035,6.1620342089636475,30.5476131439209
B,9,5,only_T100,200,0.004999999888241291,0.8799999952316284,-7.24370813369751,-0.7599685788154602,2.3472978122799835,30.5476131439209
B,9,5,only_lin,200,0.0,0.9399999976158142,-7.142571926116943,-0.7143738865852356,1.412317350045214,30.5476131439209
B,9,5,random_orth,200,0.0,0.949999988079071,-7.439139366149902,-0.7034164071083069,8.393621610533488,30.5476131439209
B,9,5,real_diff_in_helix_subspace,200,0.2849999964237213,0.08500000089406967,-2.771030902862549,-5.07057523727417,8.606583354245469,30.5476131439209
B,9,5,full_swap,200,0.5,0.009999999776482582,-1.6941735744476318,-7.561075687408447,18.101171493530273,30.5476131439209
B,10,5,helix,200,0.35999998450279236,0.05999999865889549,-2.6256816387176514,-5.394129753112793,9.225760482606495,33.123287200927734
B,10,5,only_T2,200,0.004999999888241291,0.22999998927116394,-5.633575439453125,-2.5931448936462402,5.572609725082822,33.123287200927734
B,10,5,only_T5,200,0.0,0.9899999499320984,-7.394139289855957,-0.6900694966316223,1.0071943357139892e-14,33.123287200927734
B,10,5,only_T10,200,0.02499999850988388,0.19499999284744263,-5.013284206390381,-3.52117657661438,6.7488277278268125,33.123287200927734
B,10,5,only_T100,200,0.004999999888241291,0.8849999904632568,-7.249656677246094,-0.7625752091407776,2.5551685831526503,33.123287200927734
B,10,5,only_lin,200,0.0,0.9350000023841858,-7.136929988861084,-0.7155337929725647,1.5162988061640335,33.123287200927734
B,10,5,random_orth,200,0.0,0.9599999785423279,-7.441735744476318,-0.693024754524231,9.225760482606495,33.123287200927734
B,10,5,real_diff_in_helix_subspace,200,0.26999998092651367,0.08999999612569809,-2.8920555114746094,-5.066153526306152,9.490742400102747,33.123287200927734
B,10,5,full_swap,200,0.5199999809265137,0.004999999888241291,-1.6951736211776733,-7.542752742767334,19.978450775146484,33.123287200927734
B,11,5,helix,200,0.3449999988079071,0.06499999761581421,-2.654712677001953,-5.332350730895996,10.324221738749692,38.0136833190918
B,11,5,only_T2,200,0.004999999888241291,0.2449999898672104,-5.621148109436035,-2.6042189598083496,6.271057024454833,38.0136833190918
B,11,5,only_T5,200,0.0,0.9899999499320984,-7.394139289855957,-0.6900694966316223,1.1250831667683592e-14,38.0136833190918
B,11,5,only_T10,200,0.029999999329447746,0.1899999976158142,-5.0041632652282715,-3.548158884048462,7.542424193197547,38.0136833190918
B,11,5,only_T100,200,0.004999999888241291,0.8999999761581421,-7.259031772613525,-0.7418418526649475,2.812892154249082,38.0136833190918
B,11,5,only_lin,200,0.0,0.9399999976158142,-7.154977321624756,-0.7092826962471008,1.6411263173099027,38.0136833190918
B,11,5,random_orth,200,0.004999999888241291,0.9549999833106995,-7.414229393005371,-0.683700442314148,10.324221738749692,38.0136833190918
B,11,5,real_diff_in_helix_subspace,200,0.23999999463558197,0.09999999403953552,-2.947528123855591,-4.965038776397705,10.66665910594251,38.0136833190918
B,11,5,full_swap,200,0.4949999749660492,0.014999999664723873,-1.7040890455245972,-7.373467922210693,22.217653274536133,38.0136833190918
B,12,5,helix,200,0.11999999731779099,0.2549999952316284,-4.16110897064209,-3.272031784057617,11.409200717323849,41.189964294433594
B,12,5,only_T2,200,0.004999999888241291,0.574999988079071,-6.432177543640137,-1.729088544845581,6.974565198183925,41.189964294433594
B,12,5,only_T5,200,0.0,0.9899999499320984,-7.394139289855957,-0.6900694966316223,1.2364243101693574e-14,41.189964294433594
B,12,5,only_T10,200,0.009999999776482582,0.41499999165534973,-5.754324436187744,-2.1086602210998535,8.36292495485747,41.189964294433594
B,12,5,only_T100,200,0.004999999888241291,0.9300000071525574,-7.255349636077881,-0.7226952910423279,3.010938495021796,41.189964294433594
B,12,5,only_lin,200,0.0,0.9599999785423279,-7.254343032836914,-0.7046240568161011,1.742413378333669,41.189964294433594
B,12,5,random_orth,200,0.0,0.9399999976158142,-7.459542274475098,-0.6884874105453491,11.409200717323849,41.189964294433594
B,12,5,real_diff_in_helix_subspace,200,0.08999999612569809,0.2800000011920929,-4.253215312957764,-3.1515443325042725,11.741284727683519,41.189964294433594
B,12,5,full_swap,200,0.2800000011920929,0.12999999523162842,-3.110675096511841,-4.875965595245361,24.364826202392578,41.189964294433594
B,13,5,helix,200,0.04999999701976776,0.39499998092651367,-5.163236141204834,-2.3377761840820312,12.44728431398416,45.375762939453125
B,13,5,only_T2,200,0.004999999888241291,0.6100000143051147,-6.684304714202881,-1.4798535108566284,7.554680554266612,45.375762939453125
B,13,5,only_T5,200,0.0,0.9899999499320984,-7.394139289855957,-0.6900694966316223,1.3445390160566979e-14,45.375762939453125
B,13,5,only_T10,200,0.0,0.5550000071525574,-6.280218601226807,-1.5224159955978394,9.16576603332319,45.375762939453125
B,13,5,only_T100,200,0.004999999888241291,0.9549999833106995,-7.309481620788574,-0.6921104192733765,3.2553282605670506,45.375762939453125
B,13,5,only_lin,200,0.0,0.9799999594688416,-7.298425674438477,-0.6835461854934692,1.8926957413214394,45.375762939453125
B,13,5,random_orth,200,0.0,0.9399999976158142,-7.4205522537231445,-0.6928689479827881,12.44728431398416,45.375762939453125
B,13,5,real_diff_in_helix_subspace,200,0.03500000014901161,0.4099999964237213,-5.218191623687744,-2.25754714012146,12.847610703893476,45.375762939453125
B,13,5,full_swap,200,0.14999999105930328,0.3050000071525574,-4.3663434982299805,-3.0876922607421875,26.429616928100586,45.375762939453125
B,14,5,helix,200,0.004999999888241291,0.7299999594688416,-6.551135540008545,-1.0674664974212646,13.269584535225073,50.69874954223633
B,14,5,only_T2,200,0.0,0.8700000047683716,-7.214433670043945,-0.8807837963104248,8.083755488322707,50.69874954223633
B,14,5,only_T5,200,0.0,0.9899999499320984,-7.394139289855957,-0.6900694966316223,1.4335051026163686e-14,50.69874954223633
B,14,5,only_T10,200,0.0,0.8299999833106995,-6.933756351470947,-0.8487574458122253,9.74925111103901,50.69874954223633
B,14,5,only_T100,200,0.004999999888241291,0.9799999594688416,-7.3264479637146,-0.6930371522903442,3.4473998592572666,50.69874954223633
B,14,5,only_lin,200,0.0,0.9899999499320984,-7.33559513092041,-0.6953736543655396,1.9956336775151544,50.69874954223633
B,14,5,random_orth,200,0.0,0.9649999737739563,-7.421922206878662,-0.681727409362793,13.269584535225073,50.69874954223633
B,14,5,real_diff_in_helix_subspace,200,0.0,0.7099999785423279,-6.561964988708496,-1.0556488037109375,13.82502241559253,50.69874954223633
B,14,5,full_swap,200,0.019999999552965164,0.699999988079071,-6.05142879486084,-1.222761869430542,28.308927536010742,50.69874954223633
B,15,5,helix,200,0.004999999888241291,0.7400000095367432,-6.571919918060303,-1.0617684125900269,14.367365294132458,55.45891571044922
B,15,5,only_T2,200,0.0,0.8499999642372131,-7.224605083465576,-0.8782273530960083,8.818343118337694,55.45891571044922
B,15,5,only_T5,200,0.0,0.9899999499320984,-7.394139289855957,-0.6900694966316223,1.6005703613166123e-14,55.45891571044922
B,15,5,only_T10,200,0.0,0.8349999785423279,-6.934535503387451,-0.8458214998245239,10.48709371892786,55.45891571044922
B,15,5,only_T100,200,0.0,0.98499995470047,-7.326758861541748,-0.6958426237106323,3.7513540431058834,55.45891571044922
B,15,5,only_lin,200,0.0,0.9899999499320984,-7.347160339355469,-0.6955379843711853,2.151780628462867,55.45891571044922
B,15,5,random_orth,200,0.0,0.9799999594688416,-7.385441780090332,-0.693425714969635,14.367365294132455,55.45891571044922
B,15,5,real_diff_in_helix_subspace,200,0.0,0.7249999642372131,-6.590183734893799,-1.0466588735580444,15.043246239987242,55.45891571044922
B,15,5,full_swap,200,0.019999999552965164,0.6949999928474426,-6.100656509399414,-1.2101287841796875,30.629060745239258,55.45891571044922
B,16,5,helix,200,0.004999999888241291,0.7699999809265137,-6.711962699890137,-0.9716620445251465,15.989073430707755,60.29213333129883
B,16,5,only_T2,200,0.0,0.8949999809265137,-7.2802019119262695,-0.8310524821281433,9.888718377134538,60.29213333129883
B,16,5,only_T5,200,0.0,0.9899999499320984,-7.394139289855957,-0.6900694966316223,1.7828649853990652e-14,60.29213333129883
B,16,5,only_T10,200,0.0,0.8449999690055847,-6.992425441741943,-0.8098148703575134,11.624809256468497,60.29213333129883
B,16,5,only_T100,200,0.004999999888241291,0.9799999594688416,-7.330445766448975,-0.6938329935073853,4.084205954421322,60.29213333129883
B,16,5,only_lin,200,0.0,0.9899999499320984,-7.350302696228027,-0.6957667469978333,2.3416999590802243,60.29213333129883
B,16,5,random_orth,200,0.0,0.9799999594688416,-7.39481258392334,-0.6903762817382812,15.989073430707755,60.29213333129883
B,16,5,real_diff_in_helix_subspace,200,0.0,0.7549999952316284,-6.737950325012207,-0.9569630026817322,16.744166372235735,60.29213333129883
B,16,5,full_swap,200,0.004999999888241291,0.7450000047683716,-6.327526569366455,-1.0379219055175781,33.71526336669922,60.29213333129883
B,17,5,helix,200,0.0,0.7849999666213989,-6.729283332824707,-0.963032603263855,17.17597372610755,66.78303527832031
B,17,5,only_T2,200,0.0,0.9199999570846558,-7.292720317840576,-0.8112147450447083,10.687811074913466,66.78303527832031
B,17,5,only_T5,200,0.0,0.9899999499320984,-7.394139289855957,-0.6900694966316223,1.909978648005956e-14,66.78303527832031
B,17,5,only_T10,200,0.0,0.8499999642372131,-6.990223407745361,-0.8233398199081421,12.424855851424361,66.78303527832031
B,17,5,only_T100,200,0.004999999888241291,0.9799999594688416,-7.335636615753174,-0.6962531805038452,4.376796089994725,66.78303527832031
B,17,5,only_lin,200,0.0,0.9899999499320984,-7.35791540145874,-0.6946165561676025,2.517232144586601,66.78303527832031
B,17,5,random_orth,200,0.0,0.9799999594688416,-7.408447265625,-0.683475911617279,17.17597372610755,66.78303527832031
B,17,5,real_diff_in_helix_subspace,200,0.0,0.7849999666213989,-6.752232551574707,-0.9439246654510498,18.026958469010193,66.78303527832031
B,17,5,full_swap,200,0.004999999888241291,0.7549999952316284,-6.35554838180542,-1.0367181301116943,36.28361892700195,66.78303527832031
B,18,5,helix,200,0.0,0.8549999594688416,-7.051718711853027,-0.8070801496505737,18.24823441733159,72.68107604980469
B,18,5,only_T2,200,0.0,0.9449999928474426,-7.389670372009277,-0.7378311157226562,11.331779264560478,72.68107604980469
B,18,5,only_T5,200,0.0,0.9899999499320984,-7.394139289855957,-0.6900694966316223,2.0387450403159158e-14,72.68107604980469
B,18,5,only_T10,200,0.0,0.8849999904632568,-7.163849830627441,-0.7511052489280701,13.226713025082665,72.68107604980469
B,18,5,only_T100,200,0.0,0.98499995470047,-7.352437496185303,-0.6931207180023193,4.63368308629817,72.68107604980469
B,18,5,only_lin,200,0.0,0.9950000047683716,-7.370606422424316,-0.692190408706665,2.6821890532849646,72.68107604980469
B,18,5,random_orth,200,0.0,0.9799999594688416,-7.40492057800293,-0.688559353351593,18.24823441733159,72.68107604980469
B,18,5,real_diff_in_helix_subspace,200,0.0,0.875,-7.0595316886901855,-0.7984071373939514,19.264362457410236,72.68107604980469
B,18,5,full_swap,200,0.0,0.8449999690055847,-6.801355838775635,-0.8256804943084717,38.80195617675781,72.68107604980469
B,19,5,helix,200,0.0,0.9599999785423279,-7.440102577209473,-0.6890438199043274,19.19345028996931,79.87238311767578
B,19,5,only_T2,200,0.0,0.9749999642372131,-7.4336419105529785,-0.6856820583343506,11.991369314817296,79.87238311767578
B,19,5,only_T5,200,0.0,0.9899999499320984,-7.394139289855957,-0.6900694966316223,2.1529827460705157e-14,79.87238311767578
B,19,5,only_T10,200,0.0,0.9599999785423279,-7.442276477813721,-0.6926814317703247,13.859859096466856,79.87238311767578
B,19,5,only_T100,200,0.0,0.9899999499320984,-7.38516092300415,-0.6881139874458313,4.857863607553477,79.87238311767578
B,19,5,only_lin,200,0.0,0.9899999499320984,-7.386631965637207,-0.6888048648834229,2.8184252873286004,79.87238311767578
B,19,5,random_orth,200,0.0,0.9799999594688416,-7.398784160614014,-0.6890254020690918,19.19345028996931,79.87238311767578
B,19,5,real_diff_in_helix_subspace,200,0.0,0.9599999785423279,-7.436684608459473,-0.685779333114624,20.339520125055852,79.87238311767578
B,19,5,full_swap,200,0.0,0.9599999785423279,-7.357484340667725,-0.6920664310455322,41.0085563659668,79.87238311767578
B,20,5,helix,200,0.0,0.9549999833106995,-7.437402248382568,-0.6884492635726929,20.137719491299965,85.3697280883789
B,20,5,only_T2,200,0.0,0.9749999642372131,-7.438138484954834,-0.6863645911216736,12.594323891049955,85.3697280883789
B,20,5,only_T5,200,0.0,0.9899999499320984,-7.394139289855957,-0.6900694966316223,2.278402951001315e-14,85.3697280883789
B,20,5,only_T10,200,0.0,0.9549999833106995,-7.440175533294678,-0.6938055157661438,14.521047467108499,85.3697280883789
B,20,5,only_T100,200,0.0,0.9799999594688416,-7.388146877288818,-0.688651442527771,5.121934901772338,85.3697280883789
B,20,5,only_lin,200,0.0,0.9899999499320984,-7.3897833824157715,-0.6888630390167236,2.989212517915571,85.3697280883789
B,20,5,random_orth,200,0.0,0.98499995470047,-7.394428730010986,-0.6880872845649719,20.137719491299965,85.3697280883789
B,20,5,real_diff_in_helix_subspace,200,0.0,0.9599999785423279,-7.436255931854248,-0.6860337853431702,21.490264869818887,85.3697280883789
B,20,5,full_swap,200,0.0,0.9599999785423279,-7.356313228607178,-0.6930345296859741,43.36371612548828,85.3697280883789
B,21,5,helix,200,0.0,0.9649999737739563,-7.462876796722412,-0.692297637462616,21.096593289041266,90.5052261352539
B,21,5,only_T2,200,0.0,0.98499995470047,-7.446653366088867,-0.6856763362884521,13.290569977020628,90.5052261352539
B,21,5,only_T5,200,0.0,0.9899999499320984,-7.394139289855957,-0.6900694966316223,2.383564614913174e-14,90.5052261352539
B,21,5,only_T10,200,0.0,0.9599999785423279,-7.453542709350586,-0.6963896155357361,15.13460875673632,90.5052261352539
B,21,5,only_T100,200,0.0,0.98499995470047,-7.391114234924316,-0.6877593994140625,5.3542392162647685,90.5052261352539
B,21,5,only_lin,200,0.0,0.9899999499320984,-7.391443729400635,-0.6896670460700989,3.1278925590966407,90.5052261352539
B,21,5,random_orth,200,0.0,0.9799999594688416,-7.400905609130859,-0.6879681348800659,21.096593289041262,90.5052261352539
B,21,5,real_diff_in_helix_subspace,200,0.0,0.9649999737739563,-7.454759120941162,-0.6890146732330322,22.635539478221855,90.5052261352539
B,21,5,full_swap,200,0.0,0.9649999737739563,-7.406941890716553,-0.6927005052566528,45.5275764465332,90.5052261352539
B,22,5,helix,200,0.0,0.9649999737739563,-7.45794677734375,-0.692129373550415,22.0303681861957,97.02013397216797
B,22,5,only_T2,200,0.0,0.98499995470047,-7.444218158721924,-0.6857133507728577,13.850957234492968,97.02013397216797
B,22,5,only_T5,200,0.0,0.9899999499320984,-7.394139289855957,-0.6900694966316223,2.4829477906423542e-14,97.02013397216797
B,22,5,only_T10,200,0.0,0.9549999833106995,-7.452355861663818,-0.696849524974823,15.818177855005024,97.02013397216797
B,22,5,only_T100,200,0.0,0.98499995470047,-7.386510372161865,-0.6875880360603333,5.565609417116942,97.02013397216797
B,22,5,only_lin,200,0.0,0.9950000047683716,-7.3910136222839355,-0.6899572610855103,3.2613933964923176,97.02013397216797
B,22,5,random_orth,200,0.0,0.9950000047683716,-7.395951747894287,-0.6893489956855774,22.0303681861957,97.02013397216797
B,22,5,real_diff_in_helix_subspace,200,0.0,0.9649999737739563,-7.4529128074646,-0.6891255974769592,23.81534943539974,97.02013397216797
B,22,5,full_swap,200,0.0,0.9599999785423279,-7.405922889709473,-0.6943009495735168,47.58749008178711,97.02013397216797
B,23,5,helix,200,0.0,0.949999988079071,-7.494179725646973,-0.7017471790313721,22.89505873888942,101.6463851928711
B,23,5,only_T2,200,0.0,0.98499995470047,-7.440396785736084,-0.6889103651046753,14.396670069910416,101.6463851928711
B,23,5,only_T5,200,0.0,0.9899999499320984,-7.394139289855957,-0.6900694966316223,2.5824778429590155e-14,101.6463851928711
B,23,5,only_T10,200,0.0,0.9549999833106995,-7.463853359222412,-0.702086865901947,16.44114327664049,101.6463851928711
B,23,5,only_T100,200,0.0,0.98499995470047,-7.402730464935303,-0.6864656209945679,5.754290137597045,101.6463851928711
B,23,5,only_lin,200,0.0,0.9899999499320984,-7.4022369384765625,-0.6899126768112183,3.3942409691908892,101.6463851928711
B,23,5,random_orth,200,0.0,0.9950000047683716,-7.398980140686035,-0.6890180110931396,22.89505873888942,101.6463851928711
B,23,5,real_diff_in_helix_subspace,200,0.0,0.9449999928474426,-7.48528528213501,-0.698584258556366,24.898463774727325,101.6463851928711
B,23,5,full_swap,200,0.0,0.9300000071525574,-7.456734657287598,-0.7059056162834167,49.55020523071289,101.6463851928711
B,24,5,helix,200,0.0,0.98499995470047,-7.385257244110107,-0.6873948574066162,23.604987613435263,105.91046905517578
B,24,5,only_T2,200,0.0,0.98499995470047,-7.392625331878662,-0.6880816221237183,14.860461138084615,105.91046905517578
B,24,5,only_T5,200,0.0,0.9899999499320984,-7.394139289855957,-0.6900694966316223,2.6590488274189456e-14,105.91046905517578
B,24,5,only_T10,200,0.0,0.9899999499320984,-7.390563011169434,-0.6896014213562012,16.95024790326795,105.91046905517578
B,24,5,only_T100,200,0.0,0.9899999499320984,-7.395030498504639,-0.6891341209411621,5.8845517078970815,105.91046905517578
B,24,5,only_lin,200,0.0,0.9899999499320984,-7.393548011779785,-0.6899499297142029,3.4795975636853127,105.91046905517578
B,24,5,random_orth,200,0.0,0.98499995470047,-7.398133277893066,-0.6891193985939026,23.604987613435263,105.91046905517578
B,24,5,real_diff_in_helix_subspace,200,0.0,0.9899999499320984,-7.383700370788574,-0.6868032217025757,25.82787013851968,105.91046905517578
B,24,5,full_swap,200,0.0,0.9899999499320984,-7.3694329261779785,-0.6880311369895935,51.17024230957031,105.91046905517578
B,25,5,helix,200,0.0,0.9899999499320984,-7.387811660766602,-0.6866096258163452,24.355205092856966,110.91712951660156
B,25,5,only_T2,200,0.0,0.9899999499320984,-7.391107082366943,-0.6883646249771118,15.32322587808783,110.91712951660156
B,25,5,only_T5,200,0.0,0.9899999499320984,-7.394139289855957,-0.6900694966316223,2.7292639825546403e-14,110.91712951660156
B,25,5,only_T10,200,0.0,0.9899999499320984,-7.38962984085083,-0.6894717812538147,17.51782845999203,110.91712951660156
B,25,5,only_T100,200,0.0,0.98499995470047,-7.3939385414123535,-0.6891322135925293,6.034027822941581,110.91712951660156
B,25,5,only_lin,200,0.0,0.9899999499320984,-7.389416217803955,-0.6898481845855713,3.5545182252415977,110.91712951660156
B,25,5,random_orth,200,0.0,0.9899999499320984,-7.397581100463867,-0.6895442008972168,24.355205092856966,110.91712951660156
B,25,5,real_diff_in_helix_subspace,200,0.0,0.9899999499320984,-7.386032581329346,-0.6866523623466492,26.854081207737025,110.91712951660156
B,25,5,full_swap,200,0.0,0.9899999499320984,-7.36929178237915,-0.6878847479820251,52.959476470947266,110.91712951660156
B,26,5,helix,200,0.0,0.98499995470047,-7.388751029968262,-0.6875700354576111,25.115290207063854,118.0054702758789
B,26,5,only_T2,200,0.0,0.98499995470047,-7.392181873321533,-0.6888059973716736,15.802003745807182,118.0054702758789
B,26,5,only_T5,200,0.0,0.9899999499320984,-7.394139289855957,-0.6900694966316223,2.8004088643569848e-14,118.0054702758789
B,26,5,only_T10,200,0.0,0.9899999499320984,-7.393925666809082,-0.6897549033164978,18.069247460688313,118.0054702758789
B,26,5,only_T100,200,0.0,0.98499995470047,-7.393299579620361,-0.6895062327384949,6.2081297979365555,118.0054702758789
B,26,5,only_lin,200,0.0,0.9899999499320984,-7.393807411193848,-0.689570963382721,3.6639521768907906,118.0054702758789
B,26,5,random_orth,200,0.0,0.9899999499320984,-7.396944522857666,-0.6896736025810242,25.115290207063854,118.0054702758789
B,26,5,real_diff_in_helix_subspace,200,0.0,0.9899999499320984,-7.3894476890563965,-0.6873646974563599,27.961179332971515,118.0054702758789
B,26,5,full_swap,200,0.0,0.9899999499320984,-7.3736443519592285,-0.6884880065917969,54.8132209777832,118.0054702758789
B,27,5,helix,200,0.0,0.9899999499320984,-7.394193649291992,-0.6888081431388855,25.629751534323148,126.7368392944336
B,27,5,only_T2,200,0.0,0.9899999499320984,-7.395081996917725,-0.6898849606513977,16.05940002871308,126.7368392944336
B,27,5,only_T5,200,0.0,0.9899999499320984,-7.394139289855957,-0.6900694966316223,2.842311278733671e-14,126.7368392944336
B,27,5,only_T10,200,0.0,0.9899999499320984,-7.393699645996094,-0.689748227596283,18.479360465145533,126.7368392944336
B,27,5,only_T100,200,0.0,0.9899999499320984,-7.394204139709473,-0.6899994015693665,6.34228356823774,126.7368392944336
B,27,5,only_lin,200,0.0,0.9899999499320984,-7.395022869110107,-0.689551055431366,3.7453157642157913,126.7368392944336
B,27,5,random_orth,200,0.0,0.9899999499320984,-7.393829345703125,-0.6895750761032104,25.629751534323148,126.7368392944336
B,27,5,real_diff_in_helix_subspace,200,0.0,0.9899999499320984,-7.393667221069336,-0.6893656849861145,28.739984097471762,126.7368392944336
B,27,5,full_swap,200,0.0,0.9950000047683716,-7.388066291809082,-0.688714861869812,56.105255126953125,126.7368392944336
B,28,5,helix,200,0.0,0.9899999499320984,-7.3950324058532715,-0.6891970634460449,26.325278560222642,138.66847229003906
B,28,5,only_T2,200,0.0,0.9899999499320984,-7.39414644241333,-0.6899625062942505,16.465482842910625,138.66847229003906
B,28,5,only_T5,200,0.0,0.9899999499320984,-7.394139289855957,-0.6900694966316223,2.902439661810947e-14,138.66847229003906
B,28,5,only_T10,200,0.0,0.9899999499320984,-7.395632743835449,-0.6893839836120605,19.00261224413037,138.66847229003906
B,28,5,only_T100,200,0.0,0.9899999499320984,-7.394955158233643,-0.6899828910827637,6.52776973092131,138.66847229003906
B,28,5,only_lin,200,0.0,0.9899999499320984,-7.395491600036621,-0.6897295117378235,3.8324981055812875,138.66847229003906
B,28,5,random_orth,200,0.0,0.9899999499320984,-7.396068096160889,-0.6895145177841187,26.325278560222642,138.66847229003906
B,28,5,real_diff_in_helix_subspace,200,0.0,0.9899999499320984,-7.394880294799805,-0.6892274618148804,29.8383169189443,138.66847229003906
B,28,5,full_swap,200,0.0,0.9950000047683716,-7.386560440063477,-0.688623309135437,57.812931060791016,138.66847229003906
B,29,5,helix,200,0.0,0.9899999499320984,-7.393016338348389,-0.689898669719696,26.92405373023772,154.93113708496094
B,29,5,only_T2,200,0.0,0.9899999499320984,-7.394318580627441,-0.6899194121360779,16.7919794748307,154.93113708496094
B,29,5,only_T5,200,0.0,0.9899999499320984,-7.394139289855957,-0.6900694966316223,2.955534790083069e-14,154.93113708496094
B,29,5,only_T10,200,0.0,0.9899999499320984,-7.394534111022949,-0.6898766160011292,19.451114377950418,154.93113708496094
B,29,5,only_T100,200,0.0,0.9899999499320984,-7.395088195800781,-0.6897943019866943,6.712482696578514,154.93113708496094
B,29,5,only_lin,200,0.0,0.9899999499320984,-7.396236896514893,-0.6898880004882812,3.9169131117881633,154.93113708496094
B,29,5,random_orth,200,0.0,0.9899999499320984,-7.393442630767822,-0.6897066235542297,26.92405373023772,154.93113708496094
B,29,5,real_diff_in_helix_subspace,200,0.0,0.9899999499320984,-7.393904685974121,-0.6899346709251404,30.814749509599892,154.93113708496094
B,29,5,full_swap,200,0.0,0.9950000047683716,-7.391931533813477,-0.6895527243614197,59.336143493652344,154.93113708496094
B,30,5,helix,200,0.0,0.9899999499320984,-7.392665863037109,-0.6899433732032776,27.571249677769465,177.6519012451172
B,30,5,only_T2,200,0.0,0.9899999499320984,-7.394875526428223,-0.6901254057884216,17.240872039344225,177.6519012451172
B,30,5,only_T5,200,0.0,0.9899999499320984,-7.394139289855957,-0.6900694966316223,3.028731340071364e-14,177.6519012451172
B,30,5,only_T10,200,0.0,0.9899999499320984,-7.393768310546875,-0.6897969841957092,19.898895564997538,177.6519012451172
B,30,5,only_T100,200,0.0,0.98499995470047,-7.394578456878662,-0.6900923848152161,6.883230200277419,177.6519012451172
B,30,5,only_lin,200,0.0,0.9899999499320984,-7.394464015960693,-0.6902047395706177,3.996466918193442,177.6519012451172
B,30,5,random_orth,200,0.0,0.9899999499320984,-7.394786834716797,-0.690048336982727,27.571249677769465,177.6519012451172
B,30,5,real_diff_in_helix_subspace,200,0.0,0.9899999499320984,-7.393248558044434,-0.6899212002754211,31.9186584160468,177.6519012451172
B,30,5,full_swap,200,0.0,0.9899999499320984,-7.395115375518799,-0.6893696188926697,60.92710494995117,177.6519012451172
B,31,5,helix,200,0.0,0.9899999499320984,-7.394139289855957,-0.6900694966316223,27.916569770771,204.3711700439453
B,31,5,only_T2,200,0.0,0.9899999499320984,-7.394139289855957,-0.6900694966316223,17.50191268932781,204.3711700439453
B,31,5,only_T5,200,0.0,0.9899999499320984,-7.394139289855957,-0.6900694966316223,3.068255673730529e-14,204.3711700439453
B,31,5,only_T10,200,0.0,0.9899999499320984,-7.394139289855957,-0.6900694966316223,20.142829785298673,204.3711700439453
B,31,5,only_T100,200,0.0,0.9899999499320984,-7.394139289855957,-0.6900694966316223,6.962631123606216,204.3711700439453
B,31,5,only_lin,200,0.0,0.9899999499320984,-7.394139289855957,-0.6900694966316223,4.049786656893877,204.3711700439453
B,31,5,random_orth,200,0.0,0.9899999499320984,-7.394139289855957,-0.6900694966316223,27.916569770771005,204.3711700439453
B,31,5,real_diff_in_helix_subspace,200,0.0,0.9899999499320984,-7.394139289855957,-0.6900694966316223,32.45665046835464,204.3711700439453
B,31,5,full_swap,200,0.0,0.9899999499320984,-7.394139289855957,-0.6900694966316223,62.0140495300293,204.3711700439453
B,0,10,helix,200,0.0949999988079071,0.7599999904632568,-3.6280415058135986,-1.0359711647033691,1.4962204692936938,7.148189544677734
B,0,10,only_T2,200,0.0,1.0,-4.753767490386963,-0.6524836421012878,0.0,7.148189544677734
B,0,10,only_T5,200,0.0,1.0,-4.753767490386963,-0.6524836421012878,1.99241626253902e-15,7.148189544677734
B,0,10,only_T10,200,0.0,1.0,-4.753767490386963,-0.6524836421012878,1.0456783222166305e-15,7.148189544677734
B,0,10,only_T100,200,0.029999999329447746,0.8349999785423279,-4.159090042114258,-0.8522023558616638,1.397943791655248,7.148189544677734
B,0,10,only_lin,200,0.044999998062849045,0.9199999570846558,-4.242214202880859,-0.7533777952194214,0.7367413897071223,7.148189544677734
B,0,10,random_orth,200,0.004999999888241291,0.9749999642372131,-4.775371074676514,-0.6501585245132446,1.4962204692936938,7.148189544677734
B,0,10,real_diff_in_helix_subspace,200,0.11499999463558197,0.7149999737739563,-3.5984349250793457,-1.1870102882385254,1.671248573276411,7.148189544677734
B,0,10,full_swap,200,0.5099999904632568,0.20499999821186066,-1.66457998752594,-4.962287425994873,6.345719814300537,7.148189544677734
B,1,10,helix,200,0.09999999403953552,0.75,-3.616236448287964,-1.0964258909225464,1.8100487005981052,7.635796070098877
B,1,10,only_T2,200,0.0,1.0,-4.753767490386963,-0.6524836421012878,0.0,7.635796070098877
B,1,10,only_T5,200,0.0,1.0,-4.753767490386963,-0.6524836421012878,2.1930614698633578e-15,7.635796070098877
B,1,10,only_T10,200,0.0,1.0,-4.753767490386963,-0.6524836421012878,1.1561643402401427e-15,7.635796070098877
B,1,10,only_T100,200,0.04999999701976776,0.8100000023841858,-4.1943769454956055,-0.8687958121299744,1.6669491141102495,7.635796070098877
B,1,10,only_lin,200,0.054999999701976776,0.9049999713897705,-4.154677867889404,-0.800563633441925,0.9349915236599753,7.635796070098877
B,1,10,random_orth,200,0.004999999888241291,0.98499995470047,-4.753943920135498,-0.6716387867927551,1.8100487005981052,7.635796070098877
B,1,10,real_diff_in_helix_subspace,200,0.11999999731779099,0.6699999570846558,-3.5225493907928467,-1.2639713287353516,2.0191052979762305,7.635796070098877
B,1,10,full_swap,200,0.5149999856948853,0.20499999821186066,-1.6267648935317993,-4.938516139984131,7.037927627563477,7.635796070098877
B,2,10,helix,200,0.10499999672174454,0.7400000095367432,-3.630505323410034,-1.1147663593292236,2.123376070506174,9.7968168258667
B,2,10,only_T2,200,0.0,1.0,-4.753767490386963,-0.6524836421012878,0.0,9.7968168258667
B,2,10,only_T5,200,0.0,1.0,-4.753767490386963,-0.6524836421012878,2.5425813191132373e-15,9.7968168258667
B,2,10,only_T10,200,0.0,1.0,-4.753767490386963,-0.6524836421012878,1.3405387000991617e-15,9.7968168258667
B,2,10,only_T100,200,0.04999999701976776,0.8050000071525574,-4.205300331115723,-0.8837356567382812,1.9527321211424424,9.7968168258667
B,2,10,only_lin,200,0.054999999701976776,0.9049999713897705,-4.1474785804748535,-0.8047071695327759,1.1050702286880887,9.7968168258667
B,2,10,random_orth,200,0.009999999776482582,0.98499995470047,-4.757621765136719,-0.6554219126701355,2.123376070506174,9.7968168258667
B,2,10,real_diff_in_helix_subspace,200,0.10999999940395355,0.6599999666213989,-3.530874490737915,-1.3231247663497925,2.391714608715741,9.7968168258667
B,2,10,full_swap,200,0.5199999809265137,0.19499999284744263,-1.6150143146514893,-4.904533386230469,8.034926414489746,9.7968168258667
B,3,10,helix,200,0.11999999731779099,0.7049999833106995,-3.5991270542144775,-1.1395635604858398,2.5408976123789357,12.199092864990234
B,3,10,only_T2,200,0.0,1.0,-4.753767490386963,-0.6524836421012878,0.0,12.199092864990234
B,3,10,only_T5,200,0.0,1.0,-4.753767490386963,-0.6524836421012878,3.0330824241020833e-15,12.199092864990234
B,3,10,only_T10,200,0.0,1.0,-4.753767490386963,-0.6524836421012878,1.5690437104934773e-15,12.199092864990234
B,3,10,only_T100,200,0.06499999761581421,0.7849999666213989,-4.2111592292785645,-0.8989740014076233,2.309273577511391,12.199092864990234
B,3,10,only_lin,200,0.04999999701976776,0.9049999713897705,-4.102267742156982,-0.8279613852500916,1.3678236842322686,12.199092864990234
B,3,10,random_orth,200,0.0,0.9799999594688416,-4.747618675231934,-0.6652682423591614,2.5408976123789357,12.199092864990234
B,3,10,real_diff_in_helix_subspace,200,0.11499999463558197,0.625,-3.519131660461426,-1.3600285053253174,2.8747938774312445,12.199092864990234
B,3,10,full_swap,200,0.5199999809265137,0.1899999976158142,-1.6116089820861816,-4.897998332977295,9.219625473022461,12.199092864990234
B,4,10,helix,200,0.10499999672174454,0.7149999737739563,-3.6250975131988525,-1.1527265310287476,2.951846453905712,14.88880729675293
B,4,10,only_T2,200,0.0,1.0,-4.753767490386963,-0.6524836421012878,0.0,14.88880729675293
B,4,10,only_T5,200,0.0,1.0,-4.753767490386963,-0.6524836421012878,3.367208804417888e-15,14.88880729675293
B,4,10,only_T10,200,0.0,1.0,-4.753767490386963,-0.6524836421012878,1.7324163351640613e-15,14.88880729675293
B,4,10,only_T100,200,0.06499999761581421,0.7999999523162842,-4.228665351867676,-0.9135991930961609,2.6654078448445055,14.88880729675293
B,4,10,only_lin,200,0.04999999701976776,0.9149999618530273,-4.097575664520264,-0.8158283829689026,1.5912522934415707,14.88880729675293
B,4,10,random_orth,200,0.009999999776482582,0.9749999642372131,-4.751887321472168,-0.6562663316726685,2.951846453905712,14.88880729675293
B,4,10,real_diff_in_helix_subspace,200,0.11999999731779099,0.6599999666213989,-3.5574841499328613,-1.3306291103363037,3.3255173280299117,14.88880729675293
B,4,10,full_swap,200,0.5199999809265137,0.20499999821186066,-1.6463236808776855,-4.832131385803223,10.448260307312012,14.88880729675293
B,5,10,helix,200,0.10499999672174454,0.699999988079071,-3.6137547492980957,-1.1928948163986206,3.485469538453549,17.66128921508789
B,5,10,only_T2,200,0.0,1.0,-4.753767490386963,-0.6524836421012878,0.0,17.66128921508789
B,5,10,only_T5,200,0.0,1.0,-4.753767490386963,-0.6524836421012878,3.89835778649169e-15,17.66128921508789
B,5,10,only_T10,200,0.0,1.0,-4.753767490386963,-0.6524836421012878,2.0091636927021285e-15,17.66128921508789
B,5,10,only_T100,200,0.05999999865889549,0.7999999523162842,-4.258648872375488,-0.9545640349388123,3.13828634220082,17.66128921508789
B,5,10,only_lin,200,0.05999999865889549,0.8899999856948853,-4.033796787261963,-0.8321045637130737,1.8848109696751294,17.66128921508789
B,5,10,random_orth,200,0.004999999888241291,0.9799999594688416,-4.76143217086792,-0.6482775807380676,3.485469538453549,17.66128921508789
B,5,10,real_diff_in_helix_subspace,200,0.125,0.625,-3.5591204166412354,-1.3768274784088135,3.9189172119429765,17.66128921508789
B,5,10,full_swap,200,0.5249999761581421,0.20499999821186066,-1.650681734085083,-4.821560859680176,12.284411430358887,17.66128921508789
B,6,10,helix,200,0.11499999463558197,0.6949999928474426,-3.6226260662078857,-1.2058805227279663,3.955211089895554,21.243783950805664
B,6,10,only_T2,200,0.0,1.0,-4.753767490386963,-0.6524836421012878,0.0,21.243783950805664
B,6,10,only_T5,200,0.0,1.0,-4.753767490386963,-0.6524836421012878,4.310016716323329e-15,21.243783950805664
B,6,10,only_T10,200,0.0,1.0,-4.753767490386963,-0.6524836421012878,2.2475662285463832e-15,21.243783950805664
B,6,10,only_T100,200,0.06499999761581421,0.7899999618530273,-4.289124011993408,-0.9639906287193298,3.5539275733066837,21.243783950805664
B,6,10,only_lin,200,0.05999999865889549,0.8899999856948853,-4.007057189941406,-0.8440737128257751,2.1580741871810254,21.243783950805664
B,6,10,random_orth,200,0.0,0.9950000047683716,-4.735441207885742,-0.6487732529640198,3.955211089895554,21.243783950805664
B,6,10,real_diff_in_helix_subspace,200,0.11999999731779099,0.6549999713897705,-3.603302478790283,-1.4036065340042114,4.496706274546443,21.243783950805664
B,6,10,full_swap,200,0.5199999809265137,0.19999998807907104,-1.65006422996521,-4.8243818283081055,13.844400405883789,21.243783950805664
B,7,10,helix,200,0.11499999463558197,0.699999988079071,-3.6248555183410645,-1.198806881904602,4.424384669944208,24.498811721801758
B,7,10,only_T2,200,0.0,1.0,-4.753767490386963,-0.6524836421012878,0.0,24.498811721801758
B,7,10,only_T5,200,0.0,1.0,-4.753767490386963,-0.6524836421012878,4.7069870300543684e-15,24.498811721801758
B,7,10,only_T10,200,0.0,1.0,-4.753767490386963,-0.6524836421012878,2.4632420349167915e-15,24.498811721801758
B,7,10,only_T100,200,0.05999999865889549,0.7899999618530273,-4.293027877807617,-0.958166778087616,3.960892515612906,24.498811721801758
B,7,10,only_lin,200,0.06499999761581421,0.875,-4.000822067260742,-0.8467199802398682,2.420990893912052,24.498811721801758
B,7,10,random_orth,200,0.0,0.9950000047683716,-4.746462821960449,-0.6544718742370605,4.424384669944208,24.498811721801758
B,7,10,real_diff_in_helix_subspace,200,0.11499999463558197,0.625,-3.650073766708374,-1.4089181423187256,5.054368229547409,24.498811721801758
B,7,10,full_swap,200,0.5149999856948853,0.2149999886751175,-1.6703466176986694,-4.78861141204834,15.419607162475586,24.498811721801758
B,8,10,helix,200,0.125,0.6850000023841858,-3.6255409717559814,-1.1944615840911865,4.83273742567006,27.752031326293945
B,8,10,only_T2,200,0.0,1.0,-4.753767490386963,-0.6524836421012878,0.0,27.752031326293945
B,8,10,only_T5,200,0.0,1.0,-4.753767490386963,-0.6524836421012878,5.112626048789155e-15,27.752031326293945
B,8,10,only_T10,200,0.0,1.0,-4.753767490386963,-0.6524836421012878,2.6697600053171105e-15,27.752031326293945
B,8,10,only_T100,200,0.054999999701976776,0.7949999570846558,-4.294610977172852,-0.9511350989341736,4.331060274952973,27.752031326293945
B,8,10,only_lin,200,0.07000000029802322,0.8700000047683716,-3.9764742851257324,-0.8528982400894165,2.6333165204285636,27.752031326293945
B,8,10,random_orth,200,0.004999999888241291,0.9799999594688416,-4.757228851318359,-0.6456676125526428,4.83273742567006,27.752031326293945
B,8,10,real_diff_in_helix_subspace,200,0.11999999731779099,0.625,-3.678537607192993,-1.3804186582565308,5.532912019695573,27.752031326293945
B,8,10,full_swap,200,0.5099999904632568,0.22499999403953552,-1.7056279182434082,-4.7334771156311035,16.71503448486328,27.752031326293945
B,9,10,helix,200,0.125,0.6899999976158142,-3.622093439102173,-1.2146525382995605,5.193753125353869,30.510522842407227
B,9,10,only_T2,200,0.0,1.0,-4.753767490386963,-0.6524836421012878,0.0,30.510522842407227
B,9,10,only_T5,200,0.0,1.0,-4.753767490386963,-0.6524836421012878,5.520348327715715e-15,30.510522842407227
B,9,10,only_T10,200,0.0,1.0,-4.753767490386963,-0.6524836421012878,2.849650821033868e-15,30.510522842407227
B,9,10,only_T100,200,0.05999999865889549,0.7949999570846558,-4.298651218414307,-0.9568507075309753,4.6657259514463805,30.510522842407227
B,9,10,only_lin,200,0.07999999821186066,0.8700000047683716,-3.9577267169952393,-0.8689592480659485,2.824634700090428,30.510522842407227
B,9,10,random_orth,200,0.004999999888241291,0.9699999690055847,-4.781374454498291,-0.6633735299110413,5.193753125353869,30.510522842407227
B,9,10,real_diff_in_helix_subspace,200,0.10499999672174454,0.6349999904632568,-3.73294997215271,-1.4135369062423706,5.9830761392313265,30.510522842407227
B,9,10,full_swap,200,0.5099999904632568,0.23499999940395355,-1.7479779720306396,-4.759927749633789,18.04974365234375,30.510522842407227
B,10,10,helix,200,0.13499999046325684,0.6850000023841858,-3.6140313148498535,-1.226002812385559,5.639267816377565,33.06272888183594
B,10,10,only_T2,200,0.0,1.0,-4.753767490386963,-0.6524836421012878,0.0,33.06272888183594
B,10,10,only_T5,200,0.0,1.0,-4.753767490386963,-0.6524836421012878,6.0791448209966046e-15,33.06272888183594
B,10,10,only_T10,200,0.0,1.0,-4.753767490386963,-0.6524836421012878,3.1245169585419814e-15,33.06272888183594
B,10,10,only_T100,200,0.05999999865889549,0.7849999666213989,-4.304619312286377,-0.9624332785606384,5.0788353295146,33.06272888183594
B,10,10,only_lin,200,0.08999999612569809,0.8449999690055847,-3.936645030975342,-0.8849114179611206,3.032597612328067,33.06272888183594
B,10,10,random_orth,200,0.0,0.9699999690055847,-4.787993907928467,-0.6597984433174133,5.639267816377565,33.06272888183594
B,10,10,real_diff_in_helix_subspace,200,0.09999999403953552,0.6200000047683716,-3.784590005874634,-1.479552984237671,6.558515038482051,33.06272888183594
B,10,10,full_swap,200,0.5,0.23499999940395355,-1.7517681121826172,-4.757060527801514,19.885082244873047,33.06272888183594
B,11,10,helix,200,0.0949999988079071,0.7599999904632568,-3.73069429397583,-1.0795552730560303,6.194945264040618,37.899818420410156
B,11,10,only_T2,200,0.0,1.0,-4.753767490386963,-0.6524836421012878,0.0,37.899818420410156
B,11,10,only_T5,200,0.0,1.0,-4.753767490386963,-0.6524836421012878,6.8081339969641695e-15,37.899818420410156
B,11,10,only_T10,200,0.0,1.0,-4.753767490386963,-0.6524836421012878,3.4747741529621556e-15,37.899818420410156
B,11,10,only_T100,200,0.04999999701976776,0.8100000023841858,-4.341866493225098,-0.8911033272743225,5.591588883689731,37.899818420410156
B,11,10,only_lin,200,0.054999999701976776,0.9099999666213989,-4.05787992477417,-0.8183750510215759,3.282252634619805,37.899818420410156
B,11,10,random_orth,200,0.004999999888241291,0.9649999737739563,-4.7762346267700195,-0.6491530537605286,6.194945264040619,37.899818420410156
B,11,10,real_diff_in_helix_subspace,200,0.07499999552965164,0.6899999976158142,-3.984849214553833,-1.3629354238510132,7.37494760398298,37.899818420410156
B,11,10,full_swap,200,0.4949999749660492,0.2750000059604645,-1.881042718887329,-4.470234394073486,22.016225814819336,37.899818420410156
B,12,10,helix,200,0.07000000029802322,0.8100000023841858,-4.017139911651611,-0.9036941528320312,6.618129871101288,41.0283317565918
B,12,10,only_T2,200,0.0,1.0,-4.753767490386963,-0.6524836421012878,0.0,41.0283317565918
B,12,10,only_T5,200,0.0,1.0,-4.753767490386963,-0.6524836421012878,7.482321229642465e-15,41.0283317565918
B,12,10,only_T10,200,0.0,1.0,-4.753767490386963,-0.6524836421012878,3.859894664205829e-15,41.0283317565918
B,12,10,only_T100,200,0.03500000014901161,0.8650000095367432,-4.395598888397217,-0.7982257008552551,5.986692689222614,41.0283317565918
B,12,10,only_lin,200,0.029999999329447746,0.949999988079071,-4.342976093292236,-0.7325839996337891,3.484826756667339,41.0283317565918
B,12,10,random_orth,200,0.004999999888241291,0.9950000047683716,-4.754853248596191,-0.6414989829063416,6.618129871101288,41.0283317565918
B,12,10,real_diff_in_helix_subspace,200,0.07000000029802322,0.7949999570846558,-4.135805606842041,-1.024910569190979,7.919791216393949,41.0283317565918
B,12,10,full_swap,200,0.45499998331069946,0.3449999988079071,-2.3574881553649902,-3.1445279121398926,24.025285720825195,41.0283317565918
B,13,10,helix,200,0.04999999701976776,0.8899999856948853,-4.164307117462158,-0.7539032697677612,7.163896685469244,45.230587005615234
B,13,10,only_T2,200,0.0,1.0,-4.753767490386963,-0.6524836421012878,0.0,45.230587005615234
B,13,10,only_T5,200,0.0,1.0,-4.753767490386963,-0.6524836421012878,8.126889721387672e-15,45.230587005615234
B,13,10,only_T10,200,0.0,1.0,-4.753767490386963,-0.6524836421012878,4.235152157935799e-15,45.230587005615234
B,13,10,only_T100,200,0.029999999329447746,0.9149999618530273,-4.505650997161865,-0.7186654210090637,6.47557455035249,45.230587005615234
B,13,10,only_lin,200,0.014999999664723873,0.9649999737739563,-4.4098124504089355,-0.6799839735031128,3.785391482642879,45.230587005615234
B,13,10,random_orth,200,0.004999999888241291,0.9899999499320984,-4.759214401245117,-0.6470478177070618,7.163896685469244,45.230587005615234
B,13,10,real_diff_in_helix_subspace,200,0.054999999701976776,0.8549999594688416,-4.213452339172363,-0.7867522239685059,8.680911107879496,45.230587005615234
B,13,10,full_swap,200,0.3400000035762787,0.5349999666213989,-2.8104913234710693,-1.7860336303710938,26.051498413085938,45.230587005615234
B,14,10,helix,200,0.029999999329447746,0.9350000023841858,-4.355720520019531,-0.7229522466659546,7.584848703084119,50.536827087402344
B,14,10,only_T2,200,0.0,1.0,-4.753767490386963,-0.6524836421012878,0.0,50.536827087402344
B,14,10,only_T5,200,0.0,1.0,-4.753767490386963,-0.6524836421012878,8.659641977598765e-15,50.536827087402344
B,14,10,only_T10,200,0.0,1.0,-4.753767490386963,-0.6524836421012878,4.503924089755757e-15,50.536827087402344
B,14,10,only_T100,200,0.014999999664723873,0.9649999737739563,-4.552676677703857,-0.6856037974357605,6.85953245134674,50.536827087402344
B,14,10,only_lin,200,0.009999999776482582,0.9799999594688416,-4.559371471405029,-0.6819370985031128,3.9912673550303093,50.536827087402344
B,14,10,random_orth,200,0.004999999888241291,0.9899999499320984,-4.7622809410095215,-0.651089608669281,7.584848703084119,50.536827087402344
B,14,10,real_diff_in_helix_subspace,200,0.014999999664723873,0.9399999976158142,-4.364601135253906,-0.711463451385498,9.388988775592614,50.536827087402344
B,14,10,full_swap,200,0.19499999284744263,0.7149999737739563,-3.4040348529815674,-1.1609333753585815,27.921043395996094,50.536827087402344
B,15,10,helix,200,0.02499999850988388,0.9399999976158142,-4.390839576721191,-0.7200822830200195,8.245925798988134,55.273582458496094
B,15,10,only_T2,200,0.0,1.0,-4.753767490386963,-0.6524836421012878,0.0,55.273582458496094
B,15,10,only_T5,200,0.0,1.0,-4.753767490386963,-0.6524836421012878,9.573108471620118e-15,55.273582458496094
B,15,10,only_T10,200,0.0,1.0,-4.753767490386963,-0.6524836421012878,4.846645886173643e-15,55.273582458496094
B,15,10,only_T100,200,0.009999999776482582,0.9699999690055847,-4.551652908325195,-0.6878719925880432,7.464856386948911,55.273582458496094
B,15,10,only_lin,200,0.004999999888241291,0.9799999594688416,-4.588517189025879,-0.6791870594024658,4.303561256925733,55.273582458496094
B,15,10,random_orth,200,0.0,1.0,-4.749528408050537,-0.6443135738372803,8.245925798988134,55.273582458496094
B,15,10,real_diff_in_helix_subspace,200,0.014999999664723873,0.9300000071525574,-4.402456283569336,-0.7132806181907654,10.425648036284029,55.273582458496094
B,15,10,full_swap,200,0.19499999284744263,0.7149999737739563,-3.4603140354156494,-1.1468642950057983,30.286462783813477,55.273582458496094
B,16,10,helix,200,0.019999999552965164,0.9449999928474426,-4.4164838790893555,-0.7143625617027283,8.975835090302633,60.11436080932617
B,16,10,only_T2,200,0.0,1.0,-4.753767490386963,-0.6524836421012878,0.0,60.11436080932617
B,16,10,only_T5,200,0.0,1.0,-4.753767490386963,-0.6524836421012878,1.0637253325120184e-14,60.11436080932617
B,16,10,only_T10,200,0.0,1.0,-4.753767490386963,-0.6524836421012878,5.3730791207935305e-15,60.11436080932617
B,16,10,only_T100,200,0.009999999776482582,0.9699999690055847,-4.560308933258057,-0.6876068115234375,8.128357725132231,60.11436080932617
B,16,10,only_lin,200,0.004999999888241291,0.98499995470047,-4.608973979949951,-0.6759502291679382,4.683399918160449,60.11436080932617
B,16,10,random_orth,200,0.0,0.9899999499320984,-4.750363826751709,-0.6509040594100952,8.975835090302633,60.11436080932617
B,16,10,real_diff_in_helix_subspace,200,0.014999999664723873,0.9350000023841858,-4.414957523345947,-0.7062997817993164,11.544434048625389,60.11436080932617
B,16,10,full_swap,200,0.16499999165534973,0.7649999856948853,-3.5921995639801025,-1.018264651298523,33.22221755981445,60.11436080932617
B,17,10,helix,200,0.019999999552965164,0.9549999833106995,-4.438597202301025,-0.710465133190155,9.63055802018386,66.61558532714844
B,17,10,only_T2,200,0.0,1.0,-4.753767490386963,-0.6524836421012878,0.0,66.61558532714844
B,17,10,only_T5,200,0.0,1.0,-4.753767490386963,-0.6524836421012878,1.1364232817213256e-14,66.61558532714844
B,17,10,only_T10,200,0.0,1.0,-4.753767490386963,-0.6524836421012878,5.747006252131248e-15,66.61558532714844
B,17,10,only_T100,200,0.009999999776482582,0.98499995470047,-4.574581623077393,-0.6864013671875,8.712413869592371,66.61558532714844
B,17,10,only_lin,200,0.004999999888241291,0.98499995470047,-4.613147735595703,-0.6746515035629272,5.034464289173201,66.61558532714844
B,17,10,random_orth,200,0.0,1.0,-4.756768226623535,-0.6503522992134094,9.63055802018386,66.61558532714844
B,17,10,real_diff_in_helix_subspace,200,0.014999999664723873,0.9449999928474426,-4.444947242736816,-0.7035700678825378,12.417089971177012,66.61558532714844
B,17,10,full_swap,200,0.14499999582767487,0.7699999809265137,-3.6644914150238037,-1.0050091743469238,35.6981315612793,66.61558532714844
B,18,10,helix,200,0.014999999664723873,0.9749999642372131,-4.529262065887451,-0.6919085383415222,10.226921382954432,72.49012756347656
B,18,10,only_T2,200,0.0,1.0,-4.753767490386963,-0.6524836421012878,0.0,72.49012756347656
B,18,10,only_T5,200,0.0,1.0,-4.753767490386963,-0.6524836421012878,1.2111872365601703e-14,72.49012756347656
B,18,10,only_T10,200,0.0,1.0,-4.753767490386963,-0.6524836421012878,6.1155578425674684e-15,72.49012756347656
B,18,10,only_T100,200,0.009999999776482582,0.9799999594688416,-4.620743751525879,-0.6792402267456055,9.225585329891265,72.49012756347656
B,18,10,only_lin,200,0.004999999888241291,0.98499995470047,-4.667095184326172,-0.6641687154769897,5.364378106569929,72.49012756347656
B,18,10,random_orth,200,0.0,1.0,-4.758414268493652,-0.652740478515625,10.226921382954432,72.49012756347656
B,18,10,real_diff_in_helix_subspace,200,0.014999999664723873,0.9649999737739563,-4.541419506072998,-0.6770205497741699,13.392168560589074,72.49012756347656
B,18,10,full_swap,200,0.054999999701976776,0.875,-4.036609172821045,-0.7772226333618164,38.20637512207031,72.49012756347656
B,19,10,helix,200,0.004999999888241291,0.9899999499320984,-4.687591552734375,-0.6509437561035156,10.730749916146246,79.59888458251953
B,19,10,only_T2,200,0.0,1.0,-4.753767490386963,-0.6524836421012878,0.0,79.59888458251953
B,19,10,only_T5,200,0.0,1.0,-4.753767490386963,-0.6524836421012878,1.2775735792280683e-14,79.59888458251953
B,19,10,only_T10,200,0.0,1.0,-4.753767490386963,-0.6524836421012878,6.404855125215653e-15,79.59888458251953
B,19,10,only_T100,200,0.004999999888241291,0.9899999499320984,-4.7154693603515625,-0.6545366048812866,9.674691411489494,79.59888458251953
B,19,10,only_lin,200,0.0,1.0,-4.727625846862793,-0.6490901708602905,5.636850574657202,79.59888458251953
B,19,10,random_orth,200,0.0,1.0,-4.755822658538818,-0.6512517333030701,10.730749916146246,79.59888458251953
B,19,10,real_diff_in_helix_subspace,200,0.0,0.9950000047683716,-4.704655170440674,-0.6459556221961975,14.365079265512968,79.59888458251953
B,19,10,full_swap,200,0.004999999888241291,0.9649999737739563,-4.644430160522461,-0.6458432078361511,40.45964050292969,79.59888458251953
B,20,10,helix,200,0.0,0.9950000047683716,-4.68806266784668,-0.6508720517158508,11.34493033802113,85.05191040039062
B,20,10,only_T2,200,0.0,1.0,-4.753767490386963,-0.6524836421012878,0.0,85.05191040039062
B,20,10,only_T5,200,0.0,1.0,-4.753767490386963,-0.6524836421012878,1.3506713851565718e-14,85.05191040039062
B,20,10,only_T10,200,0.0,1.0,-4.753767490386963,-0.6524836421012878,6.710700681279218e-15,85.05191040039062
B,20,10,only_T100,200,0.004999999888241291,0.9899999499320984,-4.715816020965576,-0.6536251902580261,10.201383818605885,85.05191040039062
B,20,10,only_lin,200,0.0,1.0,-4.72783088684082,-0.6490697860717773,5.97842503583114,85.05191040039062
B,20,10,random_orth,200,0.0,1.0,-4.753716945648193,-0.6512607932090759,11.34493033802113,85.05191040039062
B,20,10,real_diff_in_helix_subspace,200,0.0,0.9950000047683716,-4.709866046905518,-0.6444844007492065,15.392760400349534,85.05191040039062
B,20,10,full_swap,200,0.004999999888241291,0.9649999737739563,-4.64690637588501,-0.6459397673606873,42.8504753112793,85.05191040039062
B,21,10,helix,200,0.004999999888241291,0.9899999499320984,-4.6967902183532715,-0.6489851474761963,11.86125296998259,90.09025573730469
B,21,10,only_T2,200,0.0,1.0,-4.753767490386963,-0.6524836421012878,0.0,90.09025573730469
B,21,10,only_T5,200,0.0,1.0,-4.753767490386963,-0.6524836421012878,1.4121932585793573e-14,90.09025573730469
B,21,10,only_T10,200,0.0,1.0,-4.753767490386963,-0.6524836421012878,6.992560588708826e-15,90.09025573730469
B,21,10,only_T100,200,0.004999999888241291,0.9899999499320984,-4.720934867858887,-0.6515854001045227,10.663115177394648,90.09025573730469
B,21,10,only_lin,200,0.0,1.0,-4.7330732345581055,-0.6499659419059753,6.25578511819328,90.09025573730469
B,21,10,random_orth,200,0.0,1.0,-4.751889705657959,-0.6512352824211121,11.86125296998259,90.09025573730469
B,21,10,real_diff_in_helix_subspace,200,0.0,0.9950000047683716,-4.718580722808838,-0.645264208316803,16.348523290179358,90.09025573730469
B,21,10,full_swap,200,0.004999999888241291,0.9749999642372131,-4.706452369689941,-0.644067645072937,44.98779296875,90.09025573730469
B,22,10,helix,200,0.0,0.9950000047683716,-4.6940436363220215,-0.6481074094772339,12.340529654110723,96.62078857421875
B,22,10,only_T2,200,0.0,1.0,-4.753767490386963,-0.6524836421012878,0.0,96.62078857421875
B,22,10,only_T5,200,0.0,1.0,-4.753767490386963,-0.6524836421012878,1.470057596637845e-14,96.62078857421875
B,22,10,only_T10,200,0.0,1.0,-4.753767490386963,-0.6524836421012878,7.305313624859322e-15,96.62078857421875
B,22,10,only_T100,200,0.0,0.9950000047683716,-4.718393325805664,-0.651436984539032,11.085817705381064,96.62078857421875
B,22,10,only_lin,200,0.0,1.0,-4.730010032653809,-0.6491863131523132,6.522786792984635,96.62078857421875
B,22,10,random_orth,200,0.0,1.0,-4.752509117126465,-0.6517305374145508,12.340529654110723,96.62078857421875
B,22,10,real_diff_in_helix_subspace,200,0.0,0.9899999499320984,-4.714895725250244,-0.6446934938430786,17.39300459060986,96.62078857421875
B,22,10,full_swap,200,0.004999999888241291,0.9749999642372131,-4.705484390258789,-0.6426068544387817,47.062774658203125,96.62078857421875
B,23,10,helix,200,0.0,0.9950000047683716,-4.768687725067139,-0.6489341855049133,12.78529320485626,101.23538970947266
B,23,10,only_T2,200,0.0,1.0,-4.753767490386963,-0.6524836421012878,0.0,101.23538970947266
B,23,10,only_T5,200,0.0,1.0,-4.753767490386963,-0.6524836421012878,1.5265990012512404e-14,101.23538970947266
B,23,10,only_T10,200,0.0,1.0,-4.753767490386963,-0.6524836421012878,7.59500285228127e-15,101.23538970947266
B,23,10,only_T100,200,0.0,0.9950000047683716,-4.761667251586914,-0.6492105722427368,11.459234492486287,101.23538970947266
B,23,10,only_lin,200,0.0,0.9950000047683716,-4.762102127075195,-0.6509420871734619,6.7884819383817785,101.23538970947266
B,23,10,random_orth,200,0.0,0.9950000047683716,-4.751049518585205,-0.6531833410263062,12.78529320485626,101.23538970947266
B,23,10,real_diff_in_helix_subspace,200,0.0,0.9899999499320984,-4.797424793243408,-0.6493157744407654,18.339265427093636,101.23538970947266
B,23,10,full_swap,200,0.004999999888241291,0.9699999690055847,-4.862652778625488,-0.6487472653388977,49.05869674682617,101.23538970947266
B,24,10,helix,200,0.0,1.0,-4.747376441955566,-0.6517199277877808,13.075462826203793,105.43058776855469
B,24,10,only_T2,200,0.0,1.0,-4.753767490386963,-0.6524836421012878,0.0,105.43058776855469
B,24,10,only_T5,200,0.0,1.0,-4.753767490386963,-0.6524836421012878,1.5686039990934193e-14,105.43058776855469
B,24,10,only_T10,200,0.0,1.0,-4.753767490386963,-0.6524836421012878,7.83718962235944e-15,105.43058776855469
B,24,10,only_T100,200,0.0,1.0,-4.749858856201172,-0.6514497399330139,11.721534611356113,105.43058776855469
B,24,10,only_lin,200,0.0,1.0,-4.75096321105957,-0.651770830154419,6.959195127370624,105.43058776855469
B,24,10,random_orth,200,0.0,1.0,-4.755345821380615,-0.6512824892997742,13.075462826203793,105.43058776855469
B,24,10,real_diff_in_helix_subspace,200,0.0,0.9950000047683716,-4.743835926055908,-0.6509996056556702,19.125931658286063,105.43058776855469
B,24,10,full_swap,200,0.0,0.9950000047683716,-4.720243453979492,-0.6525434851646423,50.6440315246582,105.43058776855469
B,25,10,helix,200,0.0,1.0,-4.7475481033325195,-0.6516047716140747,13.41504542781573,110.4031753540039
B,25,10,only_T2,200,0.0,1.0,-4.753767490386963,-0.6524836421012878,0.0,110.4031753540039
B,25,10,only_T5,200,0.0,1.0,-4.753767490386963,-0.6524836421012878,1.6076217891531874e-14,110.4031753540039
B,25,10,only_T10,200,0.0,1.0,-4.753767490386963,-0.6524836421012878,8.107281995717492e-15,110.4031753540039
B,25,10,only_T100,200,0.0,1.0,-4.75001859664917,-0.6512923240661621,12.023507973497601,110.4031753540039
B,25,10,only_lin,200,0.0,1.0,-4.749837398529053,-0.6519749164581299,7.109036450483193,110.4031753540039
B,25,10,random_orth,200,0.0,1.0,-4.752588272094727,-0.6519555449485779,13.41504542781573,110.4031753540039
B,25,10,real_diff_in_helix_subspace,200,0.0,0.9950000047683716,-4.744759559631348,-0.651270866394043,20.264905453336613,110.4031753540039
B,25,10,full_swap,200,0.0,0.9950000047683716,-4.720948219299316,-0.6525658965110779,52.469505310058594,110.4031753540039
B,26,10,helix,200,0.0,1.0,-4.748048305511475,-0.6512823104858398,13.802444151573981,117.40081787109375
B,26,10,only_T2,200,0.0,1.0,-4.753767490386963,-0.6524836421012878,0.0,117.40081787109375
B,26,10,only_T5,200,0.0,1.0,-4.753767490386963,-0.6524836421012878,1.647790297158591e-14,117.40081787109375
B,26,10,only_T10,200,0.0,1.0,-4.753767490386963,-0.6524836421012878,8.357330354281605e-15,117.40081787109375
B,26,10,only_T100,200,0.0,1.0,-4.749144554138184,-0.6521990299224854,12.374186125587018,117.40081787109375
B,26,10,only_lin,200,0.0,1.0,-4.753661632537842,-0.6515688300132751,7.32790435378158,117.40081787109375
B,26,10,random_orth,200,0.0,1.0,-4.752144813537598,-0.6519211530685425,13.802444151573985,117.40081787109375
B,26,10,real_diff_in_helix_subspace,200,0.0,1.0,-4.748202323913574,-0.6517811417579651,21.536653290100993,117.40081787109375
B,26,10,full_swap,200,0.0,1.0,-4.728490829467773,-0.6532015204429626,54.435935974121094,117.40081787109375
B,27,10,helix,200,0.0,1.0,-4.752471923828125,-0.6509813666343689,14.086863991156376,126.0595703125
B,27,10,only_T2,200,0.0,1.0,-4.753767490386963,-0.6524836421012878,0.0,126.0595703125
B,27,10,only_T5,200,0.0,1.0,-4.753767490386963,-0.6524836421012878,1.6703006999911874e-14,126.0595703125
B,27,10,only_T10,200,0.0,1.0,-4.753767490386963,-0.6524836421012878,8.550228094339105e-15,126.0595703125
B,27,10,only_T100,200,0.0,1.0,-4.750635147094727,-0.6524927616119385,12.643537775854929,126.0595703125
B,27,10,only_lin,200,0.0,1.0,-4.755247592926025,-0.6511834859848022,7.4906315284315825,126.0595703125
B,27,10,random_orth,200,0.0,1.0,-4.755806922912598,-0.6518883109092712,14.086863991156376,126.0595703125
B,27,10,real_diff_in_helix_subspace,200,0.0,1.0,-4.752777576446533,-0.6519292593002319,22.573962660122323,126.0595703125
B,27,10,full_swap,200,0.0,1.0,-4.751399517059326,-0.650334894657135,55.886810302734375,126.0595703125
B,28,10,helix,200,0.0,1.0,-4.751830101013184,-0.6513862609863281,14.468931972881444,137.82778930664062
B,28,10,only_T2,200,0.0,1.0,-4.753767490386963,-0.6524836421012878,0.0,137.82778930664062
B,28,10,only_T5,200,0.0,1.0,-4.753767490386963,-0.6524836421012878,1.701432262698306e-14,137.82778930664062
B,28,10,only_T10,200,0.0,1.0,-4.753767490386963,-0.6524836421012878,8.788157718699074e-15,137.82778930664062
B,28,10,only_T100,200,0.0,1.0,-4.751195430755615,-0.6525718569755554,13.015499573238912,137.82778930664062
B,28,10,only_lin,200,0.0,1.0,-4.7547712326049805,-0.6510961651802063,7.664996211162575,137.82778930664062
B,28,10,random_orth,200,0.0,1.0,-4.755194187164307,-0.6519648432731628,14.468931972881444,137.82778930664062
B,28,10,real_diff_in_helix_subspace,200,0.0,1.0,-4.752229690551758,-0.6518437266349792,23.983653013008496,137.82778930664062
B,28,10,full_swap,200,0.0,1.0,-4.751098155975342,-0.6506365537643433,57.783836364746094,137.82778930664062
B,29,10,helix,200,0.0,1.0,-4.752650737762451,-0.6520516276359558,14.84437014269878,153.7303466796875
B,29,10,only_T2,200,0.0,1.0,-4.753767490386963,-0.6524836421012878,0.0,153.7303466796875
B,29,10,only_T5,200,0.0,1.0,-4.753767490386963,-0.6524836421012878,1.7304252176922052e-14,153.7303466796875
B,29,10,only_T10,200,0.0,1.0,-4.753767490386963,-0.6524836421012878,8.993460722072102e-15,153.7303466796875
B,29,10,only_T100,200,0.0,1.0,-4.752660751342773,-0.6526789665222168,13.38890456005434,153.7303466796875
B,29,10,only_lin,200,0.0,1.0,-4.753688812255859,-0.6525009870529175,7.8338262235763265,153.7303466796875
B,29,10,random_orth,200,0.0,1.0,-4.75317907333374,-0.6524534225463867,14.84437014269878,153.7303466796875
B,29,10,real_diff_in_helix_subspace,200,0.0,1.0,-4.75181770324707,-0.6526254415512085,25.227409127099346,153.7303466796875
B,29,10,full_swap,200,0.0,1.0,-4.751865863800049,-0.6522618532180786,59.471317291259766,153.7303466796875
B,30,10,helix,200,0.0,1.0,-4.753133296966553,-0.6525241136550903,15.177150766454552,175.98316955566406
B,30,10,only_T2,200,0.0,1.0,-4.753767490386963,-0.6524836421012878,0.0,175.98316955566406
B,30,10,only_T5,200,0.0,1.0,-4.753767490386963,-0.6524836421012878,1.768633481228323e-14,175.98316955566406
B,30,10,only_T10,200,0.0,1.0,-4.753767490386963,-0.6524836421012878,9.199585344155752e-15,175.98316955566406
B,30,10,only_T100,200,0.0,1.0,-4.753397464752197,-0.652445912361145,13.733501467158728,175.98316955566406
B,30,10,only_lin,200,0.0,1.0,-4.753651142120361,-0.6525967121124268,7.992933836386884,175.98316955566406
B,30,10,random_orth,200,0.0,1.0,-4.753693103790283,-0.6524757146835327,15.177150766454552,175.98316955566406
B,30,10,real_diff_in_helix_subspace,200,0.0,1.0,-4.751557350158691,-0.6527352929115295,26.482778928796183,175.98316955566406
B,30,10,full_swap,200,0.0,1.0,-4.753496170043945,-0.6524189710617065,61.19644546508789,175.98316955566406
B,31,10,helix,200,0.0,1.0,-4.753767490386963,-0.6524836421012878,15.348390174988682,202.47483825683594
B,31,10,only_T2,200,0.0,1.0,-4.753767490386963,-0.6524836421012878,0.0,202.47483825683594
B,31,10,only_T5,200,0.0,1.0,-4.753767490386963,-0.6524836421012878,1.7910705994799518e-14,202.47483825683594
B,31,10,only_T10,200,0.0,1.0,-4.753767490386963,-0.6524836421012878,9.3119208978445e-15,202.47483825683594
B,31,10,only_T100,200,0.0,1.0,-4.753767490386963,-0.6524836421012878,13.892943033583208,202.47483825683594
B,31,10,only_lin,200,0.0,1.0,-4.753767490386963,-0.6524836421012878,8.099573313787754,202.47483825683594
B,31,10,random_orth,200,0.0,1.0,-4.753767490386963,-0.6524836421012878,15.348390174988682,202.47483825683594
B,31,10,real_diff_in_helix_subspace,200,0.0,1.0,-4.753767490386963,-0.6524836421012878,26.7923047888484,202.47483825683594
B,31,10,full_swap,200,0.0,1.0,-4.753767490386963,-0.6524836421012878,62.1801643371582,202.47483825683594
B,0,20,helix,200,0.08999999612569809,0.38999998569488525,-3.8488433361053467,-2.223106861114502,2.6835833497277664,7.091279983520508
B,0,20,only_T2,200,0.0,0.9950000047683716,-6.826183795928955,-0.6342969536781311,0.0,7.091279983520508
B,0,20,only_T5,200,0.0,0.9950000047683716,-6.826183795928955,-0.6342969536781311,4.314290075248119e-15,7.091279983520508
B,0,20,only_T10,200,0.0,0.9950000047683716,-6.826183795928955,-0.6342969536781311,2.202490408384007e-15,7.091279983520508
B,0,20,only_T100,200,0.054999999701976776,0.6699999570846558,-5.016240119934082,-1.3363268375396729,2.609774635403749,7.091279983520508
B,0,20,only_lin,200,0.004999999888241291,0.7699999809265137,-5.820992469787598,-0.9494935274124146,1.4734827794142444,7.091279983520508
B,0,20,random_orth,200,0.0,0.9749999642372131,-6.801263332366943,-0.6463615894317627,2.683583349727767,7.091279983520508
B,0,20,real_diff_in_helix_subspace,200,0.125,0.3199999928474426,-3.94219708442688,-2.5823400020599365,2.83771621259429,7.091279983520508
B,0,20,full_swap,200,0.4949999749660492,0.10999999940395355,-1.7390087842941284,-6.899738788604736,6.612343788146973,7.091279983520508
B,1,20,helix,200,0.07999999821186066,0.41999998688697815,-3.96349835395813,-2.1892871856689453,3.231552380896369,7.596487045288086
B,1,20,only_T2,200,0.0,0.9950000047683716,-6.826183795928955,-0.6342969536781311,0.0,7.596487045288086
B,1,20,only_T5,200,0.0,0.9950000047683716,-6.826183795928955,-0.6342969536781311,4.747142101079763e-15,7.596487045288086
B,1,20,only_T10,200,0.0,0.9950000047683716,-6.826183795928955,-0.6342969536781311,2.435229695544316e-15,7.596487045288086
B,1,20,only_T100,200,0.04999999701976776,0.6699999570846558,-5.200945854187012,-1.336098551750183,3.0986362167395085,7.596487045288086
B,1,20,only_lin,200,0.009999999776482582,0.7249999642372131,-5.629733562469482,-1.0921931266784668,1.8699830473199506,7.596487045288086
B,1,20,random_orth,200,0.0,0.9549999833106995,-6.796175956726074,-0.6605321168899536,3.231552380896369,7.596487045288086
B,1,20,real_diff_in_helix_subspace,200,0.0949999988079071,0.32999998331069946,-4.0358781814575195,-2.578035593032837,3.3855431784669894,7.596487045288086
B,1,20,full_swap,200,0.5049999952316284,0.09999999403953552,-1.7296727895736694,-6.876513481140137,7.396021842956543,7.596487045288086
B,2,20,helix,200,0.08999999612569809,0.41999998688697815,-4.000480651855469,-2.207205057144165,3.782836424626093,9.754486083984375
B,2,20,only_T2,200,0.0,0.9950000047683716,-6.826183795928955,-0.6342969536781311,0.0,9.754486083984375
B,2,20,only_T5,200,0.0,0.9950000047683716,-6.826183795928955,-0.6342969536781311,5.51002679117429e-15,9.754486083984375
B,2,20,only_T10,200,0.0,0.9950000047683716,-6.826183795928955,-0.6342969536781311,2.8236394613418946e-15,9.754486083984375
B,2,20,only_T100,200,0.04999999701976776,0.6699999570846558,-5.230815410614014,-1.378615379333496,3.623709233233132,9.754486083984375
B,2,20,only_lin,200,0.009999999776482582,0.7199999690055847,-5.581088066101074,-1.1103076934814453,2.2101404573761774,9.754486083984375
B,2,20,random_orth,200,0.0,0.9449999928474426,-6.807105541229248,-0.6586530804634094,3.782836424626092,9.754486083984375
B,2,20,real_diff_in_helix_subspace,200,0.08999999612569809,0.3449999988079071,-4.03558349609375,-2.5696401596069336,3.9600734440146823,9.754486083984375
B,2,20,full_swap,200,0.47999998927116394,0.10499999672174454,-1.7352910041809082,-6.8643059730529785,8.459234237670898,9.754486083984375
B,3,20,helix,200,0.09999999403953552,0.429999977350235,-3.950427770614624,-2.268810749053955,4.523952566967372,12.143454551696777
B,3,20,only_T2,200,0.0,0.9950000047683716,-6.826183795928955,-0.6342969536781311,0.0,12.143454551696777
B,3,20,only_T5,200,0.0,0.9950000047683716,-6.826183795928955,-0.6342969536781311,6.592834954423491e-15,12.143454551696777
B,3,20,only_T10,200,0.0,0.9950000047683716,-6.826183795928955,-0.6342969536781311,3.304964551391312e-15,12.143454551696777
B,3,20,only_T100,200,0.04999999701976776,0.6100000143051147,-5.24613094329834,-1.436259150505066,4.278872733414672,12.143454551696777
B,3,20,only_lin,200,0.014999999664723873,0.6599999666213989,-5.4635210037231445,-1.1979284286499023,2.7356473684645373,12.143454551696777
B,3,20,random_orth,200,0.0,0.9549999833106995,-6.705219745635986,-0.663187563419342,4.523952566967372,12.143454551696777
B,3,20,real_diff_in_helix_subspace,200,0.0949999988079071,0.3199999928474426,-3.9847047328948975,-2.6526777744293213,4.733220648229315,12.143454551696777
B,3,20,full_swap,200,0.4949999749660492,0.10499999672174454,-1.742145299911499,-6.8543925285339355,9.785148620605469,12.143454551696777
B,4,20,helix,200,0.08999999612569809,0.44999998807907104,-4.077889442443848,-2.24782133102417,5.272196198186976,14.826888084411621
B,4,20,only_T2,200,0.0,0.9950000047683716,-6.826183795928955,-0.6342969536781311,0.0,14.826888084411621
B,4,20,only_T5,200,0.0,0.9950000047683716,-6.826183795928955,-0.6342969536781311,7.336658318122021e-15,14.826888084411621
B,4,20,only_T10,200,0.0,0.9950000047683716,-6.826183795928955,-0.6342969536781311,3.648880400758317e-15,14.826888084411621
B,4,20,only_T100,200,0.04999999701976776,0.625,-5.313758373260498,-1.470931053161621,4.945570117574412,14.826888084411621
B,4,20,only_lin,200,0.014999999664723873,0.6850000023841858,-5.472034931182861,-1.16371750831604,3.182504586883141,14.826888084411621
B,4,20,random_orth,200,0.0,0.9449999928474426,-6.788942813873291,-0.6470193266868591,5.272196198186976,14.826888084411621
B,4,20,real_diff_in_helix_subspace,200,0.10499999672174454,0.3349999785423279,-4.101292133331299,-2.567625045776367,5.456053963959453,14.826888084411621
B,4,20,full_swap,200,0.48499998450279236,0.125,-1.7507716417312622,-6.747509002685547,11.151152610778809,14.826888084411621
B,5,20,helix,200,0.10499999672174454,0.45499998331069946,-4.113288879394531,-2.273512125015259,6.220790242239746,17.618629455566406
B,5,20,only_T2,200,0.0,0.9950000047683716,-6.826183795928955,-0.6342969536781311,0.0,17.618629455566406
B,5,20,only_T5,200,0.0,0.9950000047683716,-6.826183795928955,-0.6342969536781311,8.488253472987963e-15,17.618629455566406
B,5,20,only_T10,200,0.0,0.9950000047683716,-6.826183795928955,-0.6342969536781311,4.231738033827174e-15,17.618629455566406
B,5,20,only_T100,200,0.044999998062849045,0.574999988079071,-5.396174430847168,-1.567878246307373,5.817907497237423,17.618629455566406
B,5,20,only_lin,200,0.019999999552965164,0.6850000023841858,-5.359968185424805,-1.2215954065322876,3.769621939350259,17.618629455566406
B,5,20,random_orth,200,0.0,0.9449999928474426,-6.771574020385742,-0.6644265651702881,6.220790242239746,17.618629455566406
B,5,20,real_diff_in_helix_subspace,200,0.07999999821186066,0.3449999988079071,-4.153595924377441,-2.5855302810668945,6.38517421124556,17.618629455566406
B,5,20,full_swap,200,0.5,0.11999999731779099,-1.760727047920227,-6.722979545593262,13.173110008239746,17.618629455566406
B,6,20,helix,200,0.10999999940395355,0.44999998807907104,-4.146087169647217,-2.2791337966918945,7.054371110117017,21.224878311157227
B,6,20,only_T2,200,0.0,0.9950000047683716,-6.826183795928955,-0.6342969536781311,0.0,21.224878311157227
B,6,20,only_T5,200,0.0,0.9950000047683716,-6.826183795928955,-0.6342969536781311,9.400820360276663e-15,21.224878311157227
B,6,20,only_T10,200,0.0,0.9950000047683716,-6.826183795928955,-0.6342969536781311,4.7338155954181634e-15,21.224878311157227
B,6,20,only_T100,200,0.044999998062849045,0.5799999833106995,-5.435926914215088,-1.5707119703292847,6.588118474919693,21.224878311157227
B,6,20,only_lin,200,0.029999999329447746,0.6699999570846558,-5.29957389831543,-1.2514816522598267,4.316148374362051,21.224878311157227
B,6,20,random_orth,200,0.0,0.9350000023841858,-6.783847332000732,-0.6451032161712646,7.054371110117017,21.224878311157227
B,6,20,real_diff_in_helix_subspace,200,0.05999999865889549,0.3349999785423279,-4.2308349609375,-2.625020742416382,7.274514991612161,21.224878311157227
B,6,20,full_swap,200,0.4949999749660492,0.11999999731779099,-1.764853835105896,-6.710066795349121,14.934748649597168,21.224878311157227
B,7,20,helix,200,0.11999999731779099,0.4449999928474426,-4.149158954620361,-2.2467567920684814,7.8972677562573725,24.507831573486328
B,7,20,only_T2,200,0.0,0.9950000047683716,-6.826183795928955,-0.6342969536781311,0.0,24.507831573486328
B,7,20,only_T5,200,0.0,0.9950000047683716,-6.826183795928955,-0.6342969536781311,1.0268302699590688e-14,24.507831573486328
B,7,20,only_T10,200,0.0,0.9950000047683716,-6.826183795928955,-0.6342969536781311,5.188030467493552e-15,24.507831573486328
B,7,20,only_T100,200,0.044999998062849045,0.5899999737739563,-5.450859069824219,-1.5381786823272705,7.344821048093893,24.507831573486328
B,7,20,only_lin,200,0.029999999329447746,0.6649999618530273,-5.272505760192871,-1.2617336511611938,4.841981787824104,24.507831573486328
B,7,20,random_orth,200,0.0,0.949999988079071,-6.774677753448486,-0.6336390376091003,7.8972677562573725,24.507831573486328
B,7,20,real_diff_in_helix_subspace,200,0.06499999761581421,0.3400000035762787,-4.293717384338379,-2.6615447998046875,8.144929677232028,24.507831573486328
B,7,20,full_swap,200,0.5,0.125,-1.77061128616333,-6.696547508239746,16.705913543701172,24.507831573486328
B,8,20,helix,200,0.10999999940395355,0.4650000035762787,-4.162750244140625,-2.1996071338653564,8.619021656669428,27.717178344726562
B,8,20,only_T2,200,0.0,0.9950000047683716,-6.826183795928955,-0.6342969536781311,0.0,27.717178344726562
B,8,20,only_T5,200,0.0,0.9950000047683716,-6.826183795928955,-0.6342969536781311,1.1143566397440232e-14,27.717178344726562
B,8,20,only_T10,200,0.0,0.9950000047683716,-6.826183795928955,-0.6342969536781311,5.62295860306518e-15,27.717178344726562
B,8,20,only_T100,200,0.04999999701976776,0.5999999642372131,-5.449488639831543,-1.5008312463760376,8.027648002565181,27.717178344726562
B,8,20,only_lin,200,0.029999999329447746,0.6599999666213989,-5.248129844665527,-1.293182611465454,5.266633040857129,27.717178344726562
B,8,20,random_orth,200,0.0,0.9300000071525574,-6.823631286621094,-0.6639495491981506,8.619021656669428,27.717178344726562
B,8,20,real_diff_in_helix_subspace,200,0.06499999761581421,0.3449999988079071,-4.350698947906494,-2.5778942108154297,8.86290253811305,27.717178344726562
B,8,20,full_swap,200,0.4899999797344208,0.13499999046325684,-1.8040695190429688,-6.613401889801025,18.186546325683594,27.717178344726562
B,9,20,helix,200,0.10499999672174454,0.4749999940395355,-4.175856113433838,-2.2373836040496826,9.244023390206436,30.442678451538086
B,9,20,only_T2,200,0.0,0.9950000047683716,-6.826183795928955,-0.6342969536781311,0.0,30.442678451538086
B,9,20,only_T5,200,0.0,0.9950000047683716,-6.826183795928955,-0.6342969536781311,1.2033669198665286e-14,30.442678451538086
B,9,20,only_T10,200,0.0,0.9950000047683716,-6.826183795928955,-0.6342969536781311,6.001858540702562e-15,30.442678451538086
B,9,20,only_T100,200,0.04999999701976776,0.5799999833106995,-5.451192378997803,-1.539351463317871,8.640777746572656,30.442678451538086
B,9,20,only_lin,200,0.029999999329447746,0.6449999809265137,-5.209716796875,-1.3422976732254028,5.649269400180856,30.442678451538086
B,9,20,random_orth,200,0.0,0.9649999737739563,-6.792871475219727,-0.6477272510528564,9.244023390206436,30.442678451538086
B,9,20,real_diff_in_helix_subspace,200,0.04999999701976776,0.3349999785423279,-4.4429545402526855,-2.7056798934936523,9.571822407420733,30.442678451538086
B,9,20,full_swap,200,0.48499998450279236,0.13499999046325684,-1.8453032970428467,-6.614780902862549,19.688684463500977,30.442678451538086
B,10,20,helix,200,0.10499999672174454,0.47999998927116394,-4.172118663787842,-2.2601239681243896,10.038523791934056,32.996456146240234
B,10,20,only_T2,200,0.0,0.9950000047683716,-6.826183795928955,-0.6342969536781311,0.0,32.996456146240234
B,10,20,only_T5,200,0.0,0.9950000047683716,-6.826183795928955,-0.6342969536781311,1.3243872161270266e-14,32.996456146240234
B,10,20,only_T10,200,0.0,0.9950000047683716,-6.826183795928955,-0.6342969536781311,6.58097108526679e-15,32.996456146240234
B,10,20,only_T100,200,0.04999999701976776,0.5899999737739563,-5.449193000793457,-1.5617824792861938,9.40637638434828,32.996456146240234
B,10,20,only_lin,200,0.029999999329447746,0.625,-5.184204578399658,-1.3913284540176392,6.065195224656134,32.996456146240234
B,10,20,random_orth,200,0.0,0.949999988079071,-6.828999042510986,-0.6402021050453186,10.038523791934056,32.996456146240234
B,10,20,real_diff_in_helix_subspace,200,0.04999999701976776,0.32999998331069946,-4.5265984535217285,-2.79667067527771,10.449134579096395,32.996456146240234
B,10,20,full_swap,200,0.48499998450279236,0.12999999523162842,-1.854582667350769,-6.5914835929870605,21.6486873626709,32.996456146240234
B,11,20,helix,200,0.08500000089406967,0.550000011920929,-4.348069190979004,-1.7903565168380737,11.031335587641138,37.85294723510742
B,11,20,only_T2,200,0.0,0.9950000047683716,-6.826183795928955,-0.6342969536781311,0.0,37.85294723510742
B,11,20,only_T5,200,0.0,0.9950000047683716,-6.826183795928955,-0.6342969536781311,1.4801770565258898e-14,37.85294723510742
B,11,20,only_T10,200,0.0,0.9950000047683716,-6.826183795928955,-0.6342969536781311,7.317726135867323e-15,37.85294723510742
B,11,20,only_T100,200,0.044999998062849045,0.6899999976158142,-5.547121047973633,-1.330034613609314,10.355610130929081,37.85294723510742
B,11,20,only_lin,200,0.019999999552965164,0.699999988079071,-5.4041972160339355,-1.1606543064117432,6.564505269239611,37.85294723510742
B,11,20,random_orth,200,0.0,0.949999988079071,-6.840063095092773,-0.6372235417366028,11.031335587641138,37.85294723510742
B,11,20,real_diff_in_helix_subspace,200,0.044999998062849045,0.429999977350235,-4.754078388214111,-2.310478448867798,11.63945485748909,37.85294723510742
B,11,20,full_swap,200,0.4650000035762787,0.1850000023841858,-2.0644567012786865,-6.004103660583496,24.01465606689453,37.85294723510742
B,12,20,helix,200,0.04999999701976776,0.6649999618530273,-4.944589614868164,-1.2822933197021484,11.78085843016242,41.04148864746094
B,12,20,only_T2,200,0.0,0.9950000047683716,-6.826183795928955,-0.6342969536781311,0.0,41.04148864746094
B,12,20,only_T5,200,0.0,0.9950000047683716,-6.826183795928955,-0.6342969536781311,1.6268731068073286e-14,41.04148864746094
B,12,20,only_T10,200,0.0,0.9950000047683716,-6.826183795928955,-0.6342969536781311,8.129216119493067e-15,41.04148864746094
B,12,20,only_T100,200,0.029999999329447746,0.7999999523162842,-5.773771286010742,-0.993058443069458,11.083210096153762,41.04148864746094
B,12,20,only_lin,200,0.0,0.85999995470047,-5.910574436187744,-0.8575079441070557,6.969653513334676,41.04148864746094
B,12,20,random_orth,200,0.0,0.9549999833106995,-6.868099212646484,-0.618658721446991,11.78085843016242,41.04148864746094
B,12,20,real_diff_in_helix_subspace,200,0.044999998062849045,0.6100000143051147,-5.112462997436523,-1.4711374044418335,12.519758543752676,41.04148864746094
B,12,20,full_swap,200,0.41499999165534973,0.29499998688697815,-2.8277320861816406,-4.037909984588623,26.114274978637695,41.04148864746094
B,13,20,helix,200,0.019999999552965164,0.8399999737739563,-5.4364013671875,-0.85157710313797,12.73666302349327,45.174346923828125
B,13,20,only_T2,200,0.0,0.9950000047683716,-6.826183795928955,-0.6342969536781311,0.0,45.174346923828125
B,13,20,only_T5,200,0.0,0.9950000047683716,-6.826183795928955,-0.6342969536781311,1.7687497839658673e-14,45.174346923828125
B,13,20,only_T10,200,0.0,0.9950000047683716,-6.826183795928955,-0.6342969536781311,8.919875420689168e-15,45.174346923828125
B,13,20,only_T100,200,0.009999999776482582,0.8849999904632568,-6.142244338989258,-0.7623754739761353,11.973091961085547,45.174346923828125
B,13,20,only_lin,200,0.0,0.9049999713897705,-6.107192039489746,-0.7138612270355225,7.570782965285758,45.174346923828125
B,13,20,random_orth,200,0.0,0.9699999690055847,-6.826948165893555,-0.6314366459846497,12.73666302349327,45.174346923828125
B,13,20,real_diff_in_helix_subspace,200,0.019999999552965164,0.8199999928474426,-5.504490852355957,-0.8917677998542786,13.622683415577558,45.174346923828125
B,13,20,full_swap,200,0.17499999701976776,0.5049999952316284,-3.7696034908294678,-1.8339896202087402,28.278179168701172,45.174346923828125
B,14,20,helix,200,0.004999999888241291,0.9099999666213989,-5.911214351654053,-0.7490569949150085,13.48389055746437,50.422183990478516
B,14,20,only_T2,200,0.0,0.9950000047683716,-6.826183795928955,-0.6342969536781311,0.0,50.422183990478516
B,14,20,only_T5,200,0.0,0.9950000047683716,-6.826183795928955,-0.6342969536781311,1.8857741929898097e-14,50.422183990478516
B,14,20,only_T10,200,0.0,0.9950000047683716,-6.826183795928955,-0.6342969536781311,9.485864147454206e-15,50.422183990478516
B,14,20,only_T100,200,0.0,0.9649999737739563,-6.409158706665039,-0.6613797545433044,12.678902915990097,50.422183990478516
B,14,20,only_lin,200,0.0,0.9549999833106995,-6.357644557952881,-0.7026591300964355,7.9825347100606185,50.422183990478516
B,14,20,random_orth,200,0.0,0.9749999642372131,-6.8104729652404785,-0.6302376389503479,13.48389055746437,50.422183990478516
B,14,20,real_diff_in_helix_subspace,200,0.004999999888241291,0.8999999761581421,-5.943122386932373,-0.7528340220451355,14.551499094637407,50.422183990478516
B,14,20,full_swap,200,0.08500000089406967,0.7299999594688416,-4.892838954925537,-1.0390150547027588,30.249189376831055,50.422183990478516
B,15,20,helix,200,0.0,0.9300000071525574,-5.972017288208008,-0.7398502826690674,14.660891440911536,55.143409729003906
B,15,20,only_T2,200,0.0,0.9950000047683716,-6.826183795928955,-0.6342969536781311,0.0,55.143409729003906
B,15,20,only_T5,200,0.0,0.9950000047683716,-6.826183795928955,-0.6342969536781311,2.102579731458378e-14,55.143409729003906
B,15,20,only_T10,200,0.0,0.9950000047683716,-6.826183795928955,-0.6342969536781311,1.0207667715417272e-14,55.143409729003906
B,15,20,only_T100,200,0.0,0.9649999737739563,-6.411299705505371,-0.6629925966262817,13.79267516376985,55.143409729003906
B,15,20,only_lin,200,0.0,0.9599999785423279,-6.410094261169434,-0.694214403629303,8.607122513851468,55.143409729003906
B,15,20,random_orth,200,0.0,0.98499995470047,-6.813691139221191,-0.6329321265220642,14.660891440911536,55.143409729003906
B,15,20,real_diff_in_helix_subspace,200,0.0,0.9099999666213989,-6.002769470214844,-0.7472313046455383,16.013113323340814,55.143409729003906
B,15,20,full_swap,200,0.07499999552965164,0.7450000047683716,-5.008118152618408,-1.011193871498108,32.827247619628906,55.143409729003906
B,16,20,helix,200,0.0,0.9199999570846558,-6.02384090423584,-0.7341574430465698,15.958088835682783,59.94105529785156
B,16,20,only_T2,200,0.0,0.9950000047683716,-6.826183795928955,-0.6342969536781311,0.0,59.94105529785156
B,16,20,only_T5,200,0.0,0.9950000047683716,-6.826183795928955,-0.6342969536781311,2.341091067957233e-14,59.94105529785156
B,16,20,only_T10,200,0.0,0.9950000047683716,-6.826183795928955,-0.6342969536781311,1.1316475493952224e-14,59.94105529785156
B,16,20,only_T100,200,0.0,0.9599999785423279,-6.408840179443359,-0.6689218282699585,15.01760693105927,59.94105529785156
B,16,20,only_lin,200,0.0,0.9599999785423279,-6.463192462921143,-0.6876535415649414,9.366799836320897,59.94105529785156
B,16,20,random_orth,200,0.0,0.98499995470047,-6.807477951049805,-0.6293270587921143,15.958088835682783,59.94105529785156
B,16,20,real_diff_in_helix_subspace,200,0.0,0.9049999713897705,-6.05230712890625,-0.7396023273468018,17.454290072313082,59.94105529785156
B,16,20,full_swap,200,0.07000000029802322,0.7749999761581421,-5.187544345855713,-0.9390447735786438,35.8200569152832,59.94105529785156
B,17,20,helix,200,0.0,0.9199999570846558,-6.08906364440918,-0.7272712588310242,17.120629075677936,66.4464340209961
B,17,20,only_T2,200,0.0,0.9950000047683716,-6.826183795928955,-0.6342969536781311,0.0,66.4464340209961
B,17,20,only_T5,200,0.0,0.9950000047683716,-6.826183795928955,-0.6342969536781311,2.5067790081979865e-14,66.4464340209961
B,17,20,only_T10,200,0.0,0.9950000047683716,-6.826183795928955,-0.6342969536781311,1.210420968913657e-14,66.4464340209961
B,17,20,only_T100,200,0.0,0.9599999785423279,-6.458276271820068,-0.6669674515724182,16.09399254418092,66.4464340209961
B,17,20,only_lin,200,0.0,0.9549999833106995,-6.465270042419434,-0.6857073307037354,10.068928578346403,66.4464340209961
B,17,20,random_orth,200,0.0,0.9950000047683716,-6.826444149017334,-0.6240437030792236,17.120629075677932,66.4464340209961
B,17,20,real_diff_in_helix_subspace,200,0.004999999888241291,0.9049999713897705,-6.111080169677734,-0.7363536953926086,18.690202024373907,66.4464340209961
B,17,20,full_swap,200,0.044999998062849045,0.7999999523162842,-5.318029880523682,-0.9199342131614685,38.45146942138672,66.4464340209961
B,18,20,helix,200,0.0,0.949999988079071,-6.322788715362549,-0.6793981194496155,18.189867383999864,72.30648040771484
B,18,20,only_T2,200,0.0,0.9950000047683716,-6.826183795928955,-0.6342969536781311,0.0,72.30648040771484
B,18,20,only_T5,200,0.0,0.9950000047683716,-6.826183795928955,-0.6342969536781311,2.675379439649875e-14,72.30648040771484
B,18,20,only_T10,200,0.0,0.9950000047683716,-6.826183795928955,-0.6342969536781311,1.2880327166184788e-14,72.30648040771484
B,18,20,only_T100,200,0.0,0.9599999785423279,-6.550196170806885,-0.6494300961494446,17.03516319716968,72.30648040771484
B,18,20,only_lin,200,0.0,0.9699999690055847,-6.620309829711914,-0.6602367162704468,10.728756213139858,72.30648040771484
B,18,20,random_orth,200,0.0,0.98499995470047,-6.828542709350586,-0.631428599357605,18.189867383999864,72.30648040771484
B,18,20,real_diff_in_helix_subspace,200,0.0,0.949999988079071,-6.34977912902832,-0.6783115267753601,20.04037011224937,72.30648040771484
B,18,20,full_swap,200,0.004999999888241291,0.8899999856948853,-5.838560581207275,-0.7370536923408508,41.23594284057617,72.30648040771484
B,19,20,helix,200,0.0,0.9799999594688416,-6.684797286987305,-0.6330640912055969,19.07924936057288,79.4243392944336
B,19,20,only_T2,200,0.0,0.9950000047683716,-6.826183795928955,-0.6342969536781311,0.0,79.4243392944336
B,19,20,only_T5,200,0.0,0.9950000047683716,-6.826183795928955,-0.6342969536781311,2.8249679987543312e-14,79.4243392944336
B,19,20,only_T10,200,0.0,0.9950000047683716,-6.826183795928955,-0.6342969536781311,1.3489468966680417e-14,79.4243392944336
B,19,20,only_T100,200,0.0,0.9699999690055847,-6.751582622528076,-0.6340548396110535,17.852713418208666,79.4243392944336
B,19,20,only_lin,200,0.0,0.98499995470047,-6.758883953094482,-0.6335750222206116,11.273701149314403,79.4243392944336
B,19,20,random_orth,200,0.0,0.98499995470047,-6.825978755950928,-0.6323589086532593,19.079249360572877,79.4243392944336
B,19,20,real_diff_in_helix_subspace,200,0.0,0.9549999833106995,-6.690801620483398,-0.6367108821868896,21.23679962318605,79.4243392944336
B,19,20,full_swap,200,0.0,0.9549999833106995,-6.554596424102783,-0.647906482219696,43.633140563964844,79.4243392944336
B,20,20,helix,200,0.0,0.9799999594688416,-6.68740177154541,-0.6329853534698486,20.182033142945667,84.87966918945312
B,20,20,only_T2,200,0.0,0.9950000047683716,-6.826183795928955,-0.6342969536781311,0.0,84.87966918945312
B,20,20,only_T5,200,0.0,0.9950000047683716,-6.826183795928955,-0.6342969536781311,2.989120215291977e-14,84.87966918945312
B,20,20,only_T10,200,0.0,0.9950000047683716,-6.826183795928955,-0.6342969536781311,1.4133627377896271e-14,84.87966918945312
B,20,20,only_T100,200,0.0,0.9699999690055847,-6.7542009353637695,-0.6336774826049805,18.82043756246712,84.87966918945312
B,20,20,only_lin,200,0.0,0.98499995470047,-6.759103775024414,-0.6330928206443787,11.95685007166228,84.87966918945312
B,20,20,random_orth,200,0.0,0.9899999499320984,-6.829439640045166,-0.6301273107528687,20.18203314294567,84.87966918945312
B,20,20,real_diff_in_helix_subspace,200,0.0,0.9549999833106995,-6.696688652038574,-0.6346659064292908,22.64217792840416,84.87966918945312
B,20,20,full_swap,200,0.0,0.9549999833106995,-6.556946754455566,-0.648330807685852,46.285926818847656,84.87966918945312
B,21,20,helix,200,0.0,0.9799999594688416,-6.71635103225708,-0.6278175115585327,21.101673521153415,89.9406967163086
B,21,20,only_T2,200,0.0,0.9950000047683716,-6.826183795928955,-0.6342969536781311,0.0,89.9406967163086
B,21,20,only_T5,200,0.0,0.9950000047683716,-6.826183795928955,-0.6342969536781311,3.1267455320458075e-14,89.9406967163086
B,21,20,only_T10,200,0.0,0.9950000047683716,-6.826183795928955,-0.6342969536781311,1.4727137072906432e-14,89.9406967163086
B,21,20,only_T100,200,0.0,0.98499995470047,-6.760073661804199,-0.6289480924606323,19.67746660065039,89.9406967163086
B,21,20,only_lin,200,0.0,0.98499995470047,-6.782249450683594,-0.6357980966567993,12.51157023638656,89.9406967163086
B,21,20,random_orth,200,0.0,1.0,-6.825883865356445,-0.6298669576644897,21.101673521153412,89.9406967163086
B,21,20,real_diff_in_helix_subspace,200,0.0,0.9549999833106995,-6.724389553070068,-0.6300968527793884,23.816623601100183,89.9406967163086
B,21,20,full_swap,200,0.0,0.9649999737739563,-6.62576961517334,-0.644069492816925,48.605892181396484,89.9406967163086
B,22,20,helix,200,0.0,0.9799999594688416,-6.708071708679199,-0.6278897523880005,21.950806532817996,96.22022247314453
B,22,20,only_T2,200,0.0,0.9950000047683716,-6.826183795928955,-0.6342969536781311,0.0,96.22022247314453
B,22,20,only_T5,200,0.0,0.9950000047683716,-6.826183795928955,-0.6342969536781311,3.25683299896316e-14,96.22022247314453
B,22,20,only_T10,200,0.0,0.9950000047683716,-6.826183795928955,-0.6342969536781311,1.5385751212596574e-14,96.22022247314453
B,22,20,only_T100,200,0.0,0.98499995470047,-6.748025894165039,-0.6286645531654358,20.453958766080554,96.22022247314453
B,22,20,only_lin,200,0.0,0.98499995470047,-6.787850856781006,-0.6339181065559387,13.045573585969272,96.22022247314453
B,22,20,random_orth,200,0.0,0.98499995470047,-6.82513952255249,-0.6333560943603516,21.950806532817996,96.22022247314453
B,22,20,real_diff_in_helix_subspace,200,0.0,0.9549999833106995,-6.714034080505371,-0.6300907135009766,25.001186963020974,96.22022247314453
B,22,20,full_swap,200,0.0,0.9549999833106995,-6.6160502433776855,-0.6454212069511414,50.83511734008789,96.22022247314453
B,23,20,helix,200,0.0,0.9699999690055847,-6.908054828643799,-0.6246349215507507,22.76286024601515,100.80142211914062
B,23,20,only_T2,200,0.0,0.9950000047683716,-6.826183795928955,-0.6342969536781311,0.0,100.80142211914062
B,23,20,only_T5,200,0.0,0.9950000047683716,-6.826183795928955,-0.6342969536781311,3.386529409095812e-14,100.80142211914062
B,23,20,only_T10,200,0.0,0.9950000047683716,-6.826183795928955,-0.6342969536781311,1.5996019520483384e-14,100.80142211914062
B,23,20,only_T100,200,0.0,0.9699999690055847,-6.864145278930664,-0.6271642446517944,21.15516706110405,100.80142211914062
B,23,20,only_lin,200,0.0,0.9899999499320984,-6.865187168121338,-0.636527955532074,13.576963876763557,100.80142211914062
B,23,20,random_orth,200,0.0,0.9899999499320984,-6.838384628295898,-0.6348055005073547,22.762860246015148,100.80142211914062
B,23,20,real_diff_in_helix_subspace,200,0.0,0.9549999833106995,-6.915430068969727,-0.6304556727409363,26.156179028651955,100.80142211914062
B,23,20,full_swap,200,0.0,0.9449999928474426,-6.890841960906982,-0.6537421345710754,53.02555847167969,100.80142211914062
B,24,20,helix,200,0.0,0.9950000047683716,-6.808843612670898,-0.6326533555984497,23.251355813356703,104.93820190429688
B,24,20,only_T2,200,0.0,0.9950000047683716,-6.826183795928955,-0.6342969536781311,0.0,104.93820190429688
B,24,20,only_T5,200,0.0,0.9950000047683716,-6.826183795928955,-0.6342969536781311,3.4858114673445873e-14,104.93820190429688
B,24,20,only_T10,200,0.0,0.9950000047683716,-6.826183795928955,-0.6342969536781311,1.650640938452795e-14,104.93820190429688
B,24,20,only_T100,200,0.0,0.9950000047683716,-6.8153510093688965,-0.6333741545677185,21.62169383480311,104.93820190429688
B,24,20,only_lin,200,0.0,0.9950000047683716,-6.81809139251709,-0.6331964135169983,13.918390254741247,104.93820190429688
B,24,20,random_orth,200,0.0,0.9950000047683716,-6.8300957679748535,-0.6330934762954712,23.251355813356703,104.93820190429688
B,24,20,real_diff_in_helix_subspace,200,0.0,0.9950000047683716,-6.803336143493652,-0.6333396434783936,27.009356645374336,104.93820190429688
B,24,20,full_swap,200,0.0,1.0,-6.782311916351318,-0.6341949105262756,54.74103546142578,104.93820190429688
B,25,20,helix,200,0.0,0.9950000047683716,-6.810035228729248,-0.6325027346611023,23.859663275936946,109.8593521118164
B,25,20,only_T2,200,0.0,0.9950000047683716,-6.826183795928955,-0.6342969536781311,0.0,109.8593521118164
B,25,20,only_T5,200,0.0,0.9950000047683716,-6.826183795928955,-0.6342969536781311,3.5768987651049267e-14,109.8593521118164
B,25,20,only_T10,200,0.0,0.9950000047683716,-6.826183795928955,-0.6342969536781311,1.7075573604754477e-14,109.8593521118164
B,25,20,only_T100,200,0.0,0.9950000047683716,-6.818329334259033,-0.6335514187812805,22.168670179460342,109.8593521118164
B,25,20,only_lin,200,0.0,0.9899999499320984,-6.814695358276367,-0.6337953209877014,14.218072900966385,109.8593521118164
B,25,20,random_orth,200,0.0,0.9950000047683716,-6.825553894042969,-0.6343098282814026,23.859663275936946,109.8593521118164
B,25,20,real_diff_in_helix_subspace,200,0.0,0.9950000047683716,-6.807718276977539,-0.6336138248443604,28.113455386701027,109.8593521118164
B,25,20,full_swap,200,0.0,0.9950000047683716,-6.785017967224121,-0.6339415311813354,56.64866256713867,109.8593521118164
B,26,20,helix,200,0.0,0.9950000047683716,-6.813172340393066,-0.6322954297065735,24.51957801798765,116.69197082519531
B,26,20,only_T2,200,0.0,0.9950000047683716,-6.826183795928955,-0.6342969536781311,0.0,116.69197082519531
B,26,20,only_T5,200,0.0,0.9950000047683716,-6.826183795928955,-0.6342969536781311,3.669624766468701e-14,116.69197082519531
B,26,20,only_T10,200,0.0,0.9950000047683716,-6.826183795928955,-0.6342969536781311,1.7602431436799105e-14,116.69197082519531
B,26,20,only_T100,200,0.0,0.9950000047683716,-6.811883926391602,-0.6347703337669373,22.800507266313303,116.69197082519531
B,26,20,only_lin,200,0.0,0.9950000047683716,-6.822415828704834,-0.6317455768585205,14.655808707563162,116.69197082519531
B,26,20,random_orth,200,0.0,0.9950000047683716,-6.827170372009277,-0.6334537267684937,24.51957801798765,116.69197082519531
B,26,20,real_diff_in_helix_subspace,200,0.0,0.9950000047683716,-6.810566425323486,-0.6337727308273315,29.37602449654056,116.69197082519531
B,26,20,full_swap,200,0.0,0.9950000047683716,-6.791807651519775,-0.633013129234314,58.69087219238281,116.69197082519531
B,27,20,helix,200,0.0,0.9950000047683716,-6.822527885437012,-0.6328942179679871,24.99727633542074,125.18224334716797
B,27,20,only_T2,200,0.0,0.9950000047683716,-6.826183795928955,-0.6342969536781311,0.0,125.18224334716797
B,27,20,only_T5,200,0.0,0.9950000047683716,-6.826183795928955,-0.6342969536781311,3.7238240807025073e-14,125.18224334716797
B,27,20,only_T10,200,0.0,0.9950000047683716,-6.826183795928955,-0.6342969536781311,1.8009401709160172e-14,125.18224334716797
B,27,20,only_T100,200,0.0,0.9950000047683716,-6.818509578704834,-0.6353074908256531,23.29056899396808,125.18224334716797
B,27,20,only_lin,200,0.0,0.9950000047683716,-6.8315110206604,-0.6315888166427612,14.981263056863165,125.18224334716797
B,27,20,random_orth,200,0.0,0.9950000047683716,-6.826506614685059,-0.6335309743881226,24.99727633542074,125.18224334716797
B,27,20,real_diff_in_helix_subspace,200,0.0,0.9950000047683716,-6.82145357131958,-0.6336640119552612,30.360602528636328,125.18224334716797
B,27,20,full_swap,200,0.0,0.9899999499320984,-6.816071510314941,-0.6324847936630249,60.21906661987305,125.18224334716797
B,28,20,helix,200,0.0,0.9950000047683716,-6.822397232055664,-0.6330329775810242,25.638227677487517,136.84951782226562
B,28,20,only_T2,200,0.0,0.9950000047683716,-6.826183795928955,-0.6342969536781311,0.0,136.84951782226562
B,28,20,only_T5,200,0.0,0.9950000047683716,-6.826183795928955,-0.6342969536781311,3.801584801165607e-14,136.84951782226562
B,28,20,only_T10,200,0.0,0.9950000047683716,-6.826183795928955,-0.6342969536781311,1.851146085126153e-14,136.84951782226562
B,28,20,only_T100,200,0.0,0.9950000047683716,-6.81775426864624,-0.6354421973228455,23.959357193893478,136.84951782226562
B,28,20,only_lin,200,0.0,0.9950000047683716,-6.830141067504883,-0.6320040225982666,15.32999242232515,136.84951782226562
B,28,20,random_orth,200,0.0,0.9950000047683716,-6.82793664932251,-0.633392333984375,25.638227677487517,136.84951782226562
B,28,20,real_diff_in_helix_subspace,200,0.0,0.9950000047683716,-6.820405006408691,-0.6335739493370056,31.789019503767513,136.84951782226562
B,28,20,full_swap,200,0.0,0.9899999499320984,-6.815341472625732,-0.6321583390235901,62.2446403503418,136.84951782226562
B,29,20,helix,200,0.0,0.9950000047683716,-6.825396537780762,-0.6338534951210022,26.25078618205875,152.70379638671875
B,29,20,only_T2,200,0.0,0.9950000047683716,-6.826183795928955,-0.6342969536781311,0.0,152.70379638671875
B,29,20,only_T5,200,0.0,0.9950000047683716,-6.826183795928955,-0.6342969536781311,3.870501913396703e-14,152.70379638671875
B,29,20,only_T10,200,0.0,0.9950000047683716,-6.826183795928955,-0.6342969536781311,1.8944370629764064e-14,152.70379638671875
B,29,20,only_T100,200,0.0,0.9950000047683716,-6.823094367980957,-0.6343687176704407,24.61550025480912,152.70379638671875
B,29,20,only_lin,200,0.0,0.9950000047683716,-6.827574253082275,-0.633715808391571,15.66765244715265,152.70379638671875
B,29,20,random_orth,200,0.0,0.9950000047683716,-6.826327323913574,-0.6347780227661133,26.25078618205875,152.70379638671875
B,29,20,real_diff_in_helix_subspace,200,0.0,0.9950000047683716,-6.823876857757568,-0.6344348788261414,33.11460965209659,152.70379638671875
B,29,20,full_swap,200,0.0,0.9950000047683716,-6.823544979095459,-0.6341841220855713,64.09881591796875,152.70379638671875
B,30,20,helix,200,0.0,0.9950000047683716,-6.824334621429443,-0.6347097754478455,26.782855880476237,174.89834594726562
B,30,20,only_T2,200,0.0,0.9950000047683716,-6.826183795928955,-0.6342969536781311,0.0,174.89834594726562
B,30,20,only_T5,200,0.0,0.9950000047683716,-6.826183795928955,-0.6342969536781311,3.964927155289491e-14,174.89834594726562
B,30,20,only_T10,200,0.0,0.9950000047683716,-6.826183795928955,-0.6342969536781311,1.9379124701193608e-14,174.89834594726562
B,30,20,only_T100,200,0.0,0.9950000047683716,-6.824432849884033,-0.6345892548561096,25.229804086227904,174.89834594726562
B,30,20,only_lin,200,0.0,0.9950000047683716,-6.825466156005859,-0.634518563747406,15.985867672773766,174.89834594726562
B,30,20,random_orth,200,0.0,0.9950000047683716,-6.827492713928223,-0.634119987487793,26.782855880476237,174.89834594726562
B,30,20,real_diff_in_helix_subspace,200,0.0,0.9950000047683716,-6.824731349945068,-0.6346763968467712,34.32610478856853,174.89834594726562
B,30,20,full_swap,200,0.0,0.9950000047683716,-6.821862697601318,-0.6346623301506042,65.91004180908203,174.89834594726562
B,31,20,helix,200,0.0,0.9950000047683716,-6.826183795928955,-0.6342969536781311,27.073209178352503,201.3300018310547
B,31,20,only_T2,200,0.0,0.9950000047683716,-6.826183795928955,-0.6342969536781311,0.0,201.3300018310547
B,31,20,only_T5,200,0.0,0.9950000047683716,-6.826183795928955,-0.6342969536781311,4.016685178998088e-14,201.3300018310547
B,31,20,only_T10,200,0.0,0.9950000047683716,-6.826183795928955,-0.6342969536781311,1.9615306733931497e-14,201.3300018310547
B,31,20,only_T100,200,0.0,0.9950000047683716,-6.826183795928955,-0.6342969536781311,25.52344015709705,201.3300018310547
B,31,20,only_lin,200,0.0,0.9950000047683716,-6.826183795928955,-0.6342969536781311,16.199146627575512,201.3300018310547
B,31,20,random_orth,200,0.0,0.9950000047683716,-6.826183795928955,-0.6342969536781311,27.073209178352503,201.3300018310547
B,31,20,real_diff_in_helix_subspace,200,0.0,0.9950000047683716,-6.826183795928955,-0.6342969536781311,34.802887245800584,201.3300018310547
B,31,20,full_swap,200,0.0,0.9950000047683716,-6.826183795928955,-0.6342969536781311,67.02215576171875,201.3300018310547
