slot,kind,delta,layer,cond,n,success,stay,edit_norm
A,units,-3,0,full_swap,200,0.9449999928474426,0.0,4.215834617614746
A,units,-3,0,helix:all,200,0.8449999690055847,0.0,2.2659010757809015
A,units,-3,0,helix:tens,200,0.0,0.949999988079071,0.3132894850061299
A,units,-3,0,helix:units,200,0.8499999642372131,0.0,2.245713733112782
A,units,-3,0,helix:random_orth,200,0.0,0.9699999690055847,2.2659010757809015
A,units,-3,0,digit_1hot:all,200,0.8949999809265137,0.0,2.427019431003035
A,units,-3,0,digit_1hot:tens,200,0.0,1.0,0.0
A,units,-3,0,digit_1hot:units,200,0.8949999809265137,0.0,2.427019431003035
A,units,-3,0,digit_1hot:random_orth,200,0.0,0.9699999690055847,2.427019431003035
A,units,-3,0,digit_circ:all,200,0.0,0.5649999976158142,1.2772175817621696
A,units,-3,0,digit_circ:tens,200,0.0,1.0,0.0
A,units,-3,0,digit_circ:units,200,0.0,0.5649999976158142,1.2772175817621696
A,units,-3,0,digit_circ:random_orth,200,0.0,0.9799999594688416,1.2772175817621696
A,units,-3,0,both:all,200,0.8999999761581421,0.0,2.47767584280418
A,units,-3,0,both:tens,200,0.0,0.98499995470047,0.5732623615599638
A,units,-3,0,both:units,200,0.8949999809265137,0.0,2.4290124731165226
A,units,-3,0,both:random_orth,200,0.0,0.9649999737739563,2.47767584280418
A,units,-3,2,full_swap,200,0.9350000023841858,0.0,4.216003894805908
A,units,-3,2,helix:all,200,0.8399999737739563,0.0,2.3046550196175577
A,units,-3,2,helix:tens,200,0.0,0.9549999833106995,0.3290128515062558
A,units,-3,2,helix:units,200,0.8349999785423279,0.0,2.2828162119363653
A,units,-3,2,helix:random_orth,200,0.0,0.9749999642372131,2.3046550196175577
A,units,-3,2,digit_1hot:all,200,0.8899999856948853,0.0,2.4518096341238005
A,units,-3,2,digit_1hot:tens,200,0.0,1.0,0.0
A,units,-3,2,digit_1hot:units,200,0.8899999856948853,0.0,2.4518096341238005
A,units,-3,2,digit_1hot:random_orth,200,0.0,0.9649999737739563,2.4518096341238005
A,units,-3,2,digit_circ:all,200,0.0,0.550000011920929,1.2852055134134963
A,units,-3,2,digit_circ:tens,200,0.0,1.0,0.0
A,units,-3,2,digit_circ:units,200,0.0,0.550000011920929,1.2852055134134963
A,units,-3,2,digit_circ:random_orth,200,0.0,0.9749999642372131,1.2852055134134963
A,units,-3,2,both:all,200,0.9149999618530273,0.0,2.501566013989185
A,units,-3,2,both:tens,200,0.0,0.9899999499320984,0.5559037879961374
A,units,-3,2,both:units,200,0.8949999809265137,0.0,2.45296699485819
A,units,-3,2,both:random_orth,200,0.0,0.9799999594688416,2.501566013989185
A,units,-3,4,full_swap,200,0.9399999976158142,0.0,4.796077251434326
A,units,-3,4,helix:all,200,0.8449999690055847,0.0,2.6342937484533038
A,units,-3,4,helix:tens,200,0.0,0.949999988079071,0.39512027505606667
A,units,-3,4,helix:units,200,0.85999995470047,0.0,2.608114073847767
A,units,-3,4,helix:random_orth,200,0.0,0.9649999737739563,2.6342937484533038
A,units,-3,4,digit_1hot:all,200,0.8899999856948853,0.0,2.786453249392639
A,units,-3,4,digit_1hot:tens,200,0.0,1.0,0.0
A,units,-3,4,digit_1hot:units,200,0.8899999856948853,0.0,2.786453249392639
A,units,-3,4,digit_1hot:random_orth,200,0.0,0.9899999499320984,2.786453249392639
A,units,-3,4,digit_circ:all,200,0.0,0.550000011920929,1.5035329864366396
A,units,-3,4,digit_circ:tens,200,0.0,1.0,0.0
A,units,-3,4,digit_circ:units,200,0.0,0.550000011920929,1.5035329864366396
A,units,-3,4,digit_circ:random_orth,200,0.0,0.9899999499320984,1.5035329864366391
A,units,-3,4,both:all,200,0.9099999666213989,0.0,2.8466367017387144
A,units,-3,4,both:tens,200,0.0,0.98499995470047,0.6169179213185247
A,units,-3,4,both:units,200,0.8899999856948853,0.0,2.787112306784834
A,units,-3,4,both:random_orth,200,0.0,0.9799999594688416,2.8466367017387144
A,units,-3,6,full_swap,200,0.9350000023841858,0.0,5.3077263832092285
A,units,-3,6,helix:all,200,0.824999988079071,0.0,2.977625588267539
A,units,-3,6,helix:tens,200,0.0,0.9649999737739563,0.463567184833957
A,units,-3,6,helix:units,200,0.8349999785423279,0.0,2.9450335066805637
A,units,-3,6,helix:random_orth,200,0.0,0.9749999642372131,2.977625588267539
A,units,-3,6,digit_1hot:all,200,0.8849999904632568,0.0,3.159186543025284
A,units,-3,6,digit_1hot:tens,200,0.0,1.0,0.0
A,units,-3,6,digit_1hot:units,200,0.8849999904632568,0.0,3.159186543025284
A,units,-3,6,digit_1hot:random_orth,200,0.0,0.98499995470047,3.159186543025284
A,units,-3,6,digit_circ:all,200,0.0,0.550000011920929,1.6100515074993842
A,units,-3,6,digit_circ:tens,200,0.0,1.0,0.0
A,units,-3,6,digit_circ:units,200,0.0,0.550000011920929,1.6100515074993842
A,units,-3,6,digit_circ:random_orth,200,0.0,0.9899999499320984,1.6100515074993842
A,units,-3,6,both:all,200,0.8899999856948853,0.0,3.2304452358268048
A,units,-3,6,both:tens,200,0.0,0.98499995470047,0.6910781200964522
A,units,-3,6,both:units,200,0.8849999904632568,0.0,3.160477544614316
A,units,-3,6,both:random_orth,200,0.0,1.0,3.2304452358268048
A,units,-3,8,full_swap,200,0.9199999570846558,0.0,5.583364963531494
A,units,-3,8,helix:all,200,0.8399999737739563,0.0,3.1533070924823807
A,units,-3,8,helix:tens,200,0.0,0.9699999690055847,0.4996414634973098
A,units,-3,8,helix:units,200,0.8399999737739563,0.0,3.1176686869438983
A,units,-3,8,helix:random_orth,200,0.0,0.98499995470047,3.1533070924823807
A,units,-3,8,digit_1hot:all,200,0.8799999952316284,0.0,3.3500311204759616
A,units,-3,8,digit_1hot:tens,200,0.0,1.0,0.0
A,units,-3,8,digit_1hot:units,200,0.8799999952316284,0.0,3.3500311204759616
A,units,-3,8,digit_1hot:random_orth,200,0.0,0.9899999499320984,3.350031120475961
A,units,-3,8,digit_circ:all,200,0.0,0.5399999618530273,1.6910074185769417
A,units,-3,8,digit_circ:tens,200,0.0,1.0,0.0
A,units,-3,8,digit_circ:units,200,0.0,0.5399999618530273,1.6910074185769417
A,units,-3,8,digit_circ:random_orth,200,0.0,1.0,1.6910074185769417
A,units,-3,8,both:all,200,0.8849999904632568,0.0,3.430979174982437
A,units,-3,8,both:tens,200,0.0,0.98499995470047,0.7229029062125938
A,units,-3,8,both:units,200,0.8849999904632568,0.0,3.353450828014388
A,units,-3,8,both:random_orth,200,0.0,0.98499995470047,3.430979174982437
A,units,-3,10,full_swap,200,0.9249999523162842,0.0,5.8409833908081055
A,units,-3,10,helix:all,200,0.8349999785423279,0.0,3.3254908173091153
A,units,-3,10,helix:tens,200,0.0,0.9649999737739563,0.5092054631772772
A,units,-3,10,helix:units,200,0.8399999737739563,0.0,3.292269476282687
A,units,-3,10,helix:random_orth,200,0.0,0.9899999499320984,3.3254908173091153
A,units,-3,10,digit_1hot:all,200,0.8849999904632568,0.0,3.580871017868843
A,units,-3,10,digit_1hot:tens,200,0.0,1.0,0.0
A,units,-3,10,digit_1hot:units,200,0.8849999904632568,0.0,3.580871017868843
A,units,-3,10,digit_1hot:random_orth,200,0.0,0.9950000047683716,3.580871017868843
A,units,-3,10,digit_circ:all,200,0.0,0.5299999713897705,1.7773273101090172
A,units,-3,10,digit_circ:tens,200,0.0,1.0,0.0
A,units,-3,10,digit_circ:units,200,0.0,0.5299999713897705,1.7773273101090172
A,units,-3,10,digit_circ:random_orth,200,0.0,0.9950000047683716,1.7773273101090168
A,units,-3,10,both:all,200,0.8899999856948853,0.0,3.667122828084295
A,units,-3,10,both:tens,200,0.0,0.9950000047683716,0.7532371168470587
A,units,-3,10,both:units,200,0.8899999856948853,0.0,3.588097163445133
A,units,-3,10,both:random_orth,200,0.0,0.9699999690055847,3.667122828084296
A,units,-3,12,full_swap,200,0.9199999570846558,0.0,6.494862079620361
A,units,-3,12,helix:all,200,0.8349999785423279,0.0,3.9333045634033317
A,units,-3,12,helix:tens,200,0.0,0.9699999690055847,0.5310665208553855
A,units,-3,12,helix:units,200,0.8399999737739563,0.0,3.9048934476660317
A,units,-3,12,helix:random_orth,200,0.0,0.9749999642372131,3.9333045634033317
A,units,-3,12,digit_1hot:all,200,0.8949999809265137,0.0,4.289938581199754
A,units,-3,12,digit_1hot:tens,200,0.0,1.0,0.0
A,units,-3,12,digit_1hot:units,200,0.8949999809265137,0.0,4.289938581199754
A,units,-3,12,digit_1hot:random_orth,200,0.0,0.9950000047683716,4.289938581199754
A,units,-3,12,digit_circ:all,200,0.0,0.5049999952316284,2.1011362566365275
A,units,-3,12,digit_circ:tens,200,0.0,1.0,0.0
A,units,-3,12,digit_circ:units,200,0.0,0.5049999952316284,2.1011362566365275
A,units,-3,12,digit_circ:random_orth,200,0.0,0.9950000047683716,2.1011362566365275
A,units,-3,12,both:all,200,0.8949999809265137,0.0,4.377793521604566
A,units,-3,12,both:tens,200,0.0,0.9950000047683716,0.7948648384447264
A,units,-3,12,both:units,200,0.8949999809265137,0.0,4.30049240801576
A,units,-3,12,both:random_orth,200,0.0,0.9799999594688416,4.377793521604566
A,units,-3,14,full_swap,200,0.9300000071525574,0.0,7.0836262702941895
A,units,-3,14,helix:all,200,0.8199999928474426,0.0,4.239326502391654
A,units,-3,14,helix:tens,200,0.0,0.9649999737739563,0.5988789907917222
A,units,-3,14,helix:units,200,0.8199999928474426,0.0,4.206454625072002
A,units,-3,14,helix:random_orth,200,0.0,0.9950000047683716,4.239326502391654
A,units,-3,14,digit_1hot:all,200,0.8650000095367432,0.0,4.6216489887908425
A,units,-3,14,digit_1hot:tens,200,0.0,1.0,0.0
A,units,-3,14,digit_1hot:units,200,0.8650000095367432,0.0,4.6216489887908425
A,units,-3,14,digit_1hot:random_orth,200,0.0,0.9799999594688416,4.6216489887908425
A,units,-3,14,digit_circ:all,200,0.0,0.5049999952316284,2.2956291981335237
A,units,-3,14,digit_circ:tens,200,0.0,1.0,0.0
A,units,-3,14,digit_circ:units,200,0.0,0.5049999952316284,2.2956291981335237
A,units,-3,14,digit_circ:random_orth,200,0.0,0.9899999499320984,2.2956291981335237
A,units,-3,14,both:all,200,0.8849999904632568,0.0,4.724709409755082
A,units,-3,14,both:tens,200,0.0,0.9950000047683716,0.8609786849999077
A,units,-3,14,both:units,200,0.875,0.0,4.63324082830066
A,units,-3,14,both:random_orth,200,0.0,0.9799999594688416,4.724709409755082
A,units,-3,16,full_swap,200,0.9249999523162842,0.0,9.088964462280273
A,units,-3,16,helix:all,200,0.8100000023841858,0.004999999888241291,5.35630709620413
A,units,-3,16,helix:tens,200,0.0,0.9549999833106995,0.8128278663709603
A,units,-3,16,helix:units,200,0.8050000071525574,0.004999999888241291,5.308272285121461
A,units,-3,16,helix:random_orth,200,0.0,0.9549999833106995,5.35630709620413
A,units,-3,16,digit_1hot:all,200,0.8449999690055847,0.0,5.790004578772002
A,units,-3,16,digit_1hot:tens,200,0.0,1.0,0.0
A,units,-3,16,digit_1hot:units,200,0.8449999690055847,0.0,5.790004578772002
A,units,-3,16,digit_1hot:random_orth,200,0.0,0.9749999642372131,5.790004578772002
A,units,-3,16,digit_circ:all,200,0.0,0.32999998331069946,2.9766891097057773
A,units,-3,16,digit_circ:tens,200,0.0,1.0,0.0
A,units,-3,16,digit_circ:units,200,0.0,0.32999998331069946,2.9766891097057773
A,units,-3,16,digit_circ:random_orth,200,0.0,0.9799999594688416,2.9766891097057773
A,units,-3,16,both:all,200,0.8349999785423279,0.0,5.914328070915683
A,units,-3,16,both:tens,200,0.0,0.9899999499320984,1.0809693332928654
A,units,-3,16,both:units,200,0.8449999690055847,0.0,5.799023804992089
A,units,-3,16,both:random_orth,200,0.0,0.9649999737739563,5.914328070915683
A,units,-3,18,full_swap,200,0.6800000071525574,0.03500000014901161,10.510351181030273
A,units,-3,18,helix:all,200,0.625,0.07499999552965164,6.108214583818206
A,units,-3,18,helix:tens,200,0.0,0.9799999594688416,0.9781368274546302
A,units,-3,18,helix:units,200,0.6150000095367432,0.07999999821186066,6.049573429542267
A,units,-3,18,helix:random_orth,200,0.0,0.98499995470047,6.108214583818206
A,units,-3,18,digit_1hot:all,200,0.625,0.07499999552965164,6.588868173191385
A,units,-3,18,digit_1hot:tens,200,0.0,1.0,0.0
A,units,-3,18,digit_1hot:units,200,0.625,0.07499999552965164,6.588868173191385
A,units,-3,18,digit_1hot:random_orth,200,0.0,0.9749999642372131,6.588868173191385
A,units,-3,18,digit_circ:all,200,0.0,0.48499998450279236,3.399629003854738
A,units,-3,18,digit_circ:tens,200,0.0,1.0,0.0
A,units,-3,18,digit_circ:units,200,0.0,0.48499998450279236,3.399629003854738
A,units,-3,18,digit_circ:random_orth,200,0.0,1.0,3.399629003854738
A,units,-3,18,both:all,200,0.6499999761581421,0.07000000029802322,6.740773020334927
A,units,-3,18,both:tens,200,0.0,0.9899999499320984,1.3056327503986689
A,units,-3,18,both:units,200,0.6449999809265137,0.07000000029802322,6.6018045459646615
A,units,-3,18,both:random_orth,200,0.0,0.98499995470047,6.740773020334927
A,units,-3,20,full_swap,200,0.004999999888241291,0.7949999570846558,12.62057113647461
A,units,-3,20,helix:all,200,0.0,0.8299999833106995,7.3333769227227465
A,units,-3,20,helix:tens,200,0.0,1.0,1.2320974203880575
A,units,-3,20,helix:units,200,0.0,0.8299999833106995,7.257538937838832
A,units,-3,20,helix:random_orth,200,0.0,0.9950000047683716,7.333376922722746
A,units,-3,20,digit_1hot:all,200,0.0,0.824999988079071,7.904896216748077
A,units,-3,20,digit_1hot:tens,200,0.0,1.0,0.0
A,units,-3,20,digit_1hot:units,200,0.0,0.824999988079071,7.904896216748077
A,units,-3,20,digit_1hot:random_orth,200,0.0,0.9950000047683716,7.904896216748077
A,units,-3,20,digit_circ:all,200,0.0,0.9249999523162842,4.036801466094356
A,units,-3,20,digit_circ:tens,200,0.0,1.0,0.0
A,units,-3,20,digit_circ:units,200,0.0,0.9249999523162842,4.036801466094356
A,units,-3,20,digit_circ:random_orth,200,0.0,0.9950000047683716,4.036801466094355
A,units,-3,20,both:all,200,0.004999999888241291,0.8299999833106995,8.09505940824733
A,units,-3,20,both:tens,200,0.0,0.9950000047683716,1.603308528498066
A,units,-3,20,both:units,200,0.0,0.824999988079071,7.917769127176987
A,units,-3,20,both:random_orth,200,0.0,0.9950000047683716,8.09505940824733
A,units,-2,0,full_swap,200,0.9549999833106995,0.0,4.119117736816406
A,units,-2,0,helix:all,200,0.8349999785423279,0.03500000014901161,1.7758247743902986
A,units,-2,0,helix:tens,200,0.0,0.9950000047683716,0.20716865577324042
A,units,-2,0,helix:units,200,0.8449999690055847,0.03500000014901161,1.7627146377598448
A,units,-2,0,helix:random_orth,200,0.0,0.9649999737739563,1.7758247743902986
A,units,-2,0,digit_1hot:all,200,0.9699999690055847,0.004999999888241291,2.239606242120353
A,units,-2,0,digit_1hot:tens,200,0.0,1.0,0.0
A,units,-2,0,digit_1hot:units,200,0.9699999690055847,0.004999999888241291,2.239606242120353
A,units,-2,0,digit_1hot:random_orth,200,0.0,0.98499995470047,2.239606242120353
A,units,-2,0,digit_circ:all,200,0.004999999888241291,0.8549999594688416,0.9286457731104314
A,units,-2,0,digit_circ:tens,200,0.0,1.0,0.0
A,units,-2,0,digit_circ:units,200,0.004999999888241291,0.8549999594688416,0.9286457731104314
A,units,-2,0,digit_circ:random_orth,200,0.0,0.9899999499320984,0.9286457731104315
A,units,-2,0,both:all,200,0.9699999690055847,0.004999999888241291,2.263743079722644
A,units,-2,0,both:tens,200,0.0,1.0,0.3776808234062791
A,units,-2,0,both:units,200,0.9699999690055847,0.004999999888241291,2.2404019117585903
A,units,-2,0,both:random_orth,200,0.0,0.9749999642372131,2.263743079722644
A,units,-2,2,full_swap,200,0.949999988079071,0.0,4.081099033355713
A,units,-2,2,helix:all,200,0.8449999690055847,0.03500000014901161,1.794524087088087
A,units,-2,2,helix:tens,200,0.0,0.9899999499320984,0.21627911900471347
A,units,-2,2,helix:units,200,0.8549999594688416,0.029999999329447746,1.7798386614843276
A,units,-2,2,helix:random_orth,200,0.0,1.0,1.7945240870880865
A,units,-2,2,digit_1hot:all,200,0.9649999737739563,0.004999999888241291,2.2551394730240673
A,units,-2,2,digit_1hot:tens,200,0.0,1.0,0.0
A,units,-2,2,digit_1hot:units,200,0.9649999737739563,0.004999999888241291,2.2551394730240673
A,units,-2,2,digit_1hot:random_orth,200,0.0,0.9899999499320984,2.2551394730240673
A,units,-2,2,digit_circ:all,200,0.019999999552965164,0.8199999928474426,0.9336419842452921
A,units,-2,2,digit_circ:tens,200,0.0,1.0,0.0
A,units,-2,2,digit_circ:units,200,0.019999999552965164,0.8199999928474426,0.9336419842452921
A,units,-2,2,digit_circ:random_orth,200,0.0,1.0,0.9336419842452921
A,units,-2,2,both:all,200,0.9649999737739563,0.004999999888241291,2.278528843293386
A,units,-2,2,both:tens,200,0.0,1.0,0.3657984338564145
A,units,-2,2,both:units,200,0.9749999642372131,0.004999999888241291,2.2554676425524876
A,units,-2,2,both:random_orth,200,0.0,0.98499995470047,2.278528843293386
A,units,-2,4,full_swap,200,0.9599999785423279,0.0,4.6041717529296875
A,units,-2,4,helix:all,200,0.8399999737739563,0.054999999701976776,2.0704482834523787
A,units,-2,4,helix:tens,200,0.0,0.9950000047683716,0.25890991973441113
A,units,-2,4,helix:units,200,0.8449999690055847,0.054999999701976776,2.0523206334876067
A,units,-2,4,helix:random_orth,200,0.0,0.9950000047683716,2.0704482834523787
A,units,-2,4,digit_1hot:all,200,0.9649999737739563,0.009999999776482582,2.5462371222130167
A,units,-2,4,digit_1hot:tens,200,0.0,1.0,0.0
A,units,-2,4,digit_1hot:units,200,0.9649999737739563,0.009999999776482582,2.5462371222130167
A,units,-2,4,digit_1hot:random_orth,200,0.0,0.98499995470047,2.5462371222130167
A,units,-2,4,digit_circ:all,200,0.02499999850988388,0.824999988079071,1.0905816737737537
A,units,-2,4,digit_circ:tens,200,0.0,1.0,0.0
A,units,-2,4,digit_circ:units,200,0.02499999850988388,0.824999988079071,1.0905816737737537
A,units,-2,4,digit_circ:random_orth,200,0.0,1.0,1.0905816737737537
A,units,-2,4,both:all,200,0.9649999737739563,0.009999999776482582,2.575609024029767
A,units,-2,4,both:tens,200,0.0,1.0,0.40750157602846643
A,units,-2,4,both:units,200,0.9599999785423279,0.009999999776482582,2.5466838301250863
A,units,-2,4,both:random_orth,200,0.0,0.9899999499320984,2.575609024029767
A,units,-2,6,full_swap,200,0.9649999737739563,0.0,5.041486740112305
A,units,-2,6,helix:all,200,0.8100000023841858,0.07000000029802322,2.316475523209014
A,units,-2,6,helix:tens,200,0.0,0.9899999499320984,0.30364495187053697
A,units,-2,6,helix:units,200,0.7849999666213989,0.07999999821186066,2.2937367033658664
A,units,-2,6,helix:random_orth,200,0.0,0.98499995470047,2.316475523209014
A,units,-2,6,digit_1hot:all,200,0.9599999785423279,0.014999999664723873,2.8080167728407197
A,units,-2,6,digit_1hot:tens,200,0.0,1.0,0.0
A,units,-2,6,digit_1hot:units,200,0.9599999785423279,0.014999999664723873,2.8080167728407197
A,units,-2,6,digit_1hot:random_orth,200,0.0,0.98499995470047,2.8080167728407197
A,units,-2,6,digit_circ:all,200,0.019999999552965164,0.824999988079071,1.1663300793453473
A,units,-2,6,digit_circ:tens,200,0.0,1.0,0.0
A,units,-2,6,digit_circ:units,200,0.019999999552965164,0.824999988079071,1.1663300793453473
A,units,-2,6,digit_circ:random_orth,200,0.0,1.0,1.1663300793453473
A,units,-2,6,both:all,200,0.9599999785423279,0.014999999664723873,2.8435184023113482
A,units,-2,6,both:tens,200,0.0,1.0,0.4576350174623775
A,units,-2,6,both:units,200,0.9599999785423279,0.014999999664723873,2.80939022046233
A,units,-2,6,both:random_orth,200,0.0,0.98499995470047,2.8435184023113482
A,units,-2,8,full_swap,200,0.9649999737739563,0.0,5.277306079864502
A,units,-2,8,helix:all,200,0.7999999523162842,0.07000000029802322,2.4942482522112743
A,units,-2,8,helix:tens,200,0.0,0.9950000047683716,0.3261147490292393
A,units,-2,8,helix:units,200,0.7949999570846558,0.07499999552965164,2.4690050247942117
A,units,-2,8,helix:random_orth,200,0.0,0.98499995470047,2.4942482522112743
A,units,-2,8,digit_1hot:all,200,0.9549999833106995,0.014999999664723873,2.9931710417619946
A,units,-2,8,digit_1hot:tens,200,0.0,1.0,0.0
A,units,-2,8,digit_1hot:units,200,0.9549999833106995,0.014999999664723873,2.9931710417619946
A,units,-2,8,digit_1hot:random_orth,200,0.0,0.98499995470047,2.9931710417619946
A,units,-2,8,digit_circ:all,200,0.019999999552965164,0.8149999976158142,1.2234387795116755
A,units,-2,8,digit_circ:tens,200,0.0,1.0,0.0
A,units,-2,8,digit_circ:units,200,0.019999999552965164,0.8149999976158142,1.2234387795116755
A,units,-2,8,digit_circ:random_orth,200,0.0,1.0,1.2234387795116755
A,units,-2,8,both:all,200,0.9599999785423279,0.014999999664723873,3.03210353890394
A,units,-2,8,both:tens,200,0.0,1.0,0.47966360572482186
A,units,-2,8,both:units,200,0.9599999785423279,0.014999999664723873,2.9964344726127807
A,units,-2,8,both:random_orth,200,0.0,0.9899999499320984,3.03210353890394
A,units,-2,10,full_swap,200,0.9649999737739563,0.0,5.555531024932861
A,units,-2,10,helix:all,200,0.8050000071525574,0.06499999761581421,2.661219536437252
A,units,-2,10,helix:tens,200,0.0,1.0,0.33308130830105304
A,units,-2,10,helix:units,200,0.8100000023841858,0.06499999761581421,2.6367759756729514
A,units,-2,10,helix:random_orth,200,0.0,0.9950000047683716,2.661219536437252
A,units,-2,10,digit_1hot:all,200,0.9549999833106995,0.014999999664723873,3.1986085737613643
A,units,-2,10,digit_1hot:tens,200,0.0,1.0,0.0
A,units,-2,10,digit_1hot:units,200,0.9549999833106995,0.014999999664723873,3.1986085737613643
A,units,-2,10,digit_1hot:random_orth,200,0.0,0.9899999499320984,3.1986085737613643
A,units,-2,10,digit_circ:all,200,0.02499999850988388,0.8100000023841858,1.2845560914656966
A,units,-2,10,digit_circ:tens,200,0.0,1.0,0.0
A,units,-2,10,digit_circ:units,200,0.02499999850988388,0.8100000023841858,1.2845560914656966
A,units,-2,10,digit_circ:random_orth,200,0.0,0.9950000047683716,1.2845560914656966
A,units,-2,10,both:all,200,0.9549999833106995,0.014999999664723873,3.2421370919305756
A,units,-2,10,both:tens,200,0.0,1.0,0.5014485785680949
A,units,-2,10,both:units,200,0.9599999785423279,0.014999999664723873,3.20508108914525
A,units,-2,10,both:random_orth,200,0.0,0.9799999594688416,3.2421370919305756
A,units,-2,12,full_swap,200,0.9699999690055847,0.0,6.241485595703125
A,units,-2,12,helix:all,200,0.8299999833106995,0.06499999761581421,3.147190354695523
A,units,-2,12,helix:tens,200,0.0,0.9950000047683716,0.34970396617342864
A,units,-2,12,helix:units,200,0.8299999833106995,0.05999999865889549,3.1248357798351325
A,units,-2,12,helix:random_orth,200,0.0,0.9899999499320984,3.147190354695523
A,units,-2,12,digit_1hot:all,200,0.9549999833106995,0.019999999552965164,3.8750532915933174
A,units,-2,12,digit_1hot:tens,200,0.0,1.0,0.0
A,units,-2,12,digit_1hot:units,200,0.9549999833106995,0.019999999552965164,3.8750532915933174
A,units,-2,12,digit_1hot:random_orth,200,0.0,0.98499995470047,3.8750532915933174
A,units,-2,12,digit_circ:all,200,0.029999999329447746,0.7849999666213989,1.5206536397375592
A,units,-2,12,digit_circ:tens,200,0.0,1.0,0.0
A,units,-2,12,digit_circ:units,200,0.029999999329447746,0.7849999666213989,1.5206536397375592
A,units,-2,12,digit_circ:random_orth,200,0.0,1.0,1.520653639737559
A,units,-2,12,both:all,200,0.9599999785423279,0.014999999664723873,3.9206160069293925
A,units,-2,12,both:tens,200,0.0,1.0,0.5292633626888765
A,units,-2,12,both:units,200,0.9549999833106995,0.019999999552965164,3.883756172620707
A,units,-2,12,both:random_orth,200,0.0,0.9799999594688416,3.9206160069293925
A,units,-2,14,full_swap,200,0.9649999737739563,0.0,6.86313009262085
A,units,-2,14,helix:all,200,0.7949999570846558,0.08500000089406967,3.3827293132454552
A,units,-2,14,helix:tens,200,0.0,1.0,0.3985486251812172
A,units,-2,14,helix:units,200,0.7999999523162842,0.08999999612569809,3.358135135515423
A,units,-2,14,helix:random_orth,200,0.0,0.9899999499320984,3.382729313245455
A,units,-2,14,digit_1hot:all,200,0.949999988079071,0.019999999552965164,4.145086454430091
A,units,-2,14,digit_1hot:tens,200,0.0,1.0,0.0
A,units,-2,14,digit_1hot:units,200,0.949999988079071,0.019999999552965164,4.145086454430091
A,units,-2,14,digit_1hot:random_orth,200,0.0,0.9799999594688416,4.145086454430092
A,units,-2,14,digit_circ:all,200,0.03500000014901161,0.7849999666213989,1.6642844586881522
A,units,-2,14,digit_circ:tens,200,0.0,1.0,0.0
A,units,-2,14,digit_circ:units,200,0.03500000014901161,0.7849999666213989,1.6642844586881522
A,units,-2,14,digit_circ:random_orth,200,0.0,0.9950000047683716,1.6642844586881522
A,units,-2,14,both:all,200,0.949999988079071,0.019999999552965164,4.201800911846406
A,units,-2,14,both:tens,200,0.0,1.0,0.5714747559380904
A,units,-2,14,both:units,200,0.949999988079071,0.019999999552965164,4.15484392976313
A,units,-2,14,both:random_orth,200,0.0,0.98499995470047,4.201800911846406
A,units,-2,16,full_swap,200,0.9699999690055847,0.0,8.881647109985352
A,units,-2,16,helix:all,200,0.8399999737739563,0.07000000029802322,4.27431657302304
A,units,-2,16,helix:tens,200,0.0,0.9950000047683716,0.542236444990745
A,units,-2,16,helix:units,200,0.8399999737739563,0.07000000029802322,4.239201531646798
A,units,-2,16,helix:random_orth,200,0.0,0.9899999499320984,4.27431657302304
A,units,-2,16,digit_1hot:all,200,0.9300000071525574,0.03999999910593033,5.316818646639473
A,units,-2,16,digit_1hot:tens,200,0.0,1.0,0.0
A,units,-2,16,digit_1hot:units,200,0.9300000071525574,0.03999999910593033,5.316818646639473
A,units,-2,16,digit_1hot:random_orth,200,0.0,0.98499995470047,5.316818646639473
A,units,-2,16,digit_circ:all,200,0.044999998062849045,0.6899999976158142,2.162833674924889
A,units,-2,16,digit_circ:tens,200,0.0,1.0,0.0
A,units,-2,16,digit_circ:units,200,0.044999998062849045,0.6899999976158142,2.162833674924889
A,units,-2,16,digit_circ:random_orth,200,0.0,1.0,2.162833674924889
A,units,-2,16,both:all,200,0.9249999523162842,0.03999999910593033,5.38273651863811
A,units,-2,16,both:tens,200,0.0,1.0,0.7164514227507212
A,units,-2,16,both:units,200,0.9249999523162842,0.03999999910593033,5.325213606840359
A,units,-2,16,both:random_orth,200,0.0,0.98499995470047,5.382736518638109
A,units,-2,18,full_swap,200,0.8399999737739563,0.08500000089406967,10.289206504821777
A,units,-2,18,helix:all,200,0.6800000071525574,0.1899999976158142,4.909073085296737
A,units,-2,18,helix:tens,200,0.0,1.0,0.6533010491505322
A,units,-2,18,helix:units,200,0.6699999570846558,0.1850000023841858,4.867260104828533
A,units,-2,18,helix:random_orth,200,0.0,0.9899999499320984,4.909073085296737
A,units,-2,18,digit_1hot:all,200,0.7599999904632568,0.1599999964237213,6.065161059077067
A,units,-2,18,digit_1hot:tens,200,0.0,1.0,0.0
A,units,-2,18,digit_1hot:units,200,0.7599999904632568,0.1599999964237213,6.065161059077067
A,units,-2,18,digit_1hot:random_orth,200,0.0,0.9799999594688416,6.065161059077067
A,units,-2,18,digit_circ:all,200,0.02499999850988388,0.7799999713897705,2.4696299379113653
A,units,-2,18,digit_circ:tens,200,0.0,1.0,0.0
A,units,-2,18,digit_circ:units,200,0.02499999850988388,0.7799999713897705,2.4696299379113653
A,units,-2,18,digit_circ:random_orth,200,0.0,1.0,2.4696299379113653
A,units,-2,18,both:all,200,0.7599999904632568,0.16499999165534973,6.144190432330284
A,units,-2,18,both:tens,200,0.0,1.0,0.8605167871203117
A,units,-2,18,both:units,200,0.7649999856948853,0.1599999964237213,6.075779412159815
A,units,-2,18,both:random_orth,200,0.0,0.9899999499320984,6.144190432330284
A,units,-2,20,full_swap,200,0.04999999701976776,0.8650000095367432,12.357583045959473
A,units,-2,20,helix:all,200,0.02499999850988388,0.9049999713897705,6.01416868029828
A,units,-2,20,helix:tens,200,0.0,1.0,0.821196689325418
A,units,-2,20,helix:units,200,0.019999999552965164,0.9049999713897705,5.9599507031027255
A,units,-2,20,helix:random_orth,200,0.0,1.0,6.014168680298278
A,units,-2,20,digit_1hot:all,200,0.03999999910593033,0.8949999809265137,7.341958606073065
A,units,-2,20,digit_1hot:tens,200,0.0,1.0,0.0
A,units,-2,20,digit_1hot:units,200,0.03999999910593033,0.8949999809265137,7.341958606073065
A,units,-2,20,digit_1hot:random_orth,200,0.0,0.9950000047683716,7.341958606073065
A,units,-2,20,digit_circ:all,200,0.004999999888241291,0.9699999690055847,2.9331821636651263
A,units,-2,20,digit_circ:tens,200,0.0,1.0,0.0
A,units,-2,20,digit_circ:units,200,0.004999999888241291,0.9699999690055847,2.9331821636651263
A,units,-2,20,digit_circ:random_orth,200,0.0,1.0,2.9331821636651263
A,units,-2,20,both:all,200,0.03999999910593033,0.8949999809265137,7.438571465399844
A,units,-2,20,both:tens,200,0.0,1.0,1.0565367146915243
A,units,-2,20,both:units,200,0.03999999910593033,0.8899999856948853,7.351257347120394
A,units,-2,20,both:random_orth,200,0.0,0.9899999499320984,7.438571465399844
A,units,-1,0,full_swap,200,0.9449999928474426,0.0,3.9216976165771484
A,units,-1,0,helix:all,200,0.73499995470047,0.07499999552965164,1.5537808391747723
A,units,-1,0,helix:tens,200,0.0,0.9950000047683716,0.10224768822956877
A,units,-1,0,helix:units,200,0.75,0.07499999552965164,1.549401913773666
A,units,-1,0,helix:random_orth,200,0.0,0.98499995470047,1.5537808391747723
A,units,-1,0,digit_1hot:all,200,0.949999988079071,0.004999999888241291,2.2262739623958456
A,units,-1,0,digit_1hot:tens,200,0.0,0.9950000047683716,0.0
A,units,-1,0,digit_1hot:units,200,0.949999988079071,0.004999999888241291,2.2262739623958456
A,units,-1,0,digit_1hot:random_orth,200,0.0,0.9749999642372131,2.2262739623958456
A,units,-1,0,digit_circ:all,200,0.0,0.9699999690055847,0.4879497037827283
A,units,-1,0,digit_circ:tens,200,0.0,0.9950000047683716,0.0
A,units,-1,0,digit_circ:units,200,0.0,0.9699999690055847,0.4879497037827283
A,units,-1,0,digit_circ:random_orth,200,0.0,0.9950000047683716,0.4879497037827283
A,units,-1,0,both:all,200,0.949999988079071,0.004999999888241291,2.2329594842971265
A,units,-1,0,both:tens,200,0.0,0.9899999499320984,0.18946806396700533
A,units,-1,0,both:units,200,0.949999988079071,0.004999999888241291,2.226478645739897
A,units,-1,0,both:random_orth,200,0.0,0.98499995470047,2.2329594842971265
A,units,-1,2,full_swap,200,0.9649999737739563,0.0,3.883247137069702
A,units,-1,2,helix:all,200,0.7599999904632568,0.05999999865889549,1.598093515659059
A,units,-1,2,helix:tens,200,0.0,0.9950000047683716,0.10689205067682978
A,units,-1,2,helix:units,200,0.7549999952316284,0.05999999865889549,1.5932326174371476
A,units,-1,2,helix:random_orth,200,0.0,0.9749999642372131,1.598093515659059
A,units,-1,2,digit_1hot:all,200,0.9449999928474426,0.004999999888241291,2.2470100829617623
A,units,-1,2,digit_1hot:tens,200,0.0,0.9950000047683716,0.0
A,units,-1,2,digit_1hot:units,200,0.9449999928474426,0.004999999888241291,2.2470100829617623
A,units,-1,2,digit_1hot:random_orth,200,0.0,0.98499995470047,2.2470100829617623
A,units,-1,2,digit_circ:all,200,0.0,0.9799999594688416,0.4907463373165309
A,units,-1,2,digit_circ:tens,200,0.0,0.9950000047683716,0.0
A,units,-1,2,digit_circ:units,200,0.0,0.9799999594688416,0.4907463373165309
A,units,-1,2,digit_circ:random_orth,200,0.0,1.0,0.4907463373165309
A,units,-1,2,both:all,200,0.9449999928474426,0.004999999888241291,2.253579025794047
A,units,-1,2,both:tens,200,0.0,1.0,0.18347769960193017
A,units,-1,2,both:units,200,0.9449999928474426,0.004999999888241291,2.24715117357225
A,units,-1,2,both:random_orth,200,0.0,0.9899999499320984,2.253579025794047
A,units,-1,4,full_swap,200,0.949999988079071,0.0,4.322047710418701
A,units,-1,4,helix:all,200,0.7450000047683716,0.07499999552965164,1.8031481260958275
A,units,-1,4,helix:tens,200,0.0,1.0,0.12820721843328825
A,units,-1,4,helix:units,200,0.7450000047683716,0.07000000029802322,1.7970163697059194
A,units,-1,4,helix:random_orth,200,0.0,0.9950000047683716,1.8031481260958275
A,units,-1,4,digit_1hot:all,200,0.9350000023841858,0.019999999552965164,2.492885266662255
A,units,-1,4,digit_1hot:tens,200,0.0,0.9950000047683716,0.0
A,units,-1,4,digit_1hot:units,200,0.9350000023841858,0.019999999552965164,2.492885266662255
A,units,-1,4,digit_1hot:random_orth,200,0.0,0.9950000047683716,2.4928852666622556
A,units,-1,4,digit_circ:all,200,0.0,0.9799999594688416,0.5736127900559381
A,units,-1,4,digit_circ:tens,200,0.0,0.9950000047683716,0.0
A,units,-1,4,digit_circ:units,200,0.0,0.9799999594688416,0.5736127900559381
A,units,-1,4,digit_circ:random_orth,200,0.0,1.0,0.5736127900559382
A,units,-1,4,both:all,200,0.9350000023841858,0.019999999552965164,2.5014954347878144
A,units,-1,4,both:tens,200,0.0,1.0,0.20367227438305702
A,units,-1,4,both:units,200,0.9249999523162842,0.019999999552965164,2.493172832527146
A,units,-1,4,both:random_orth,200,0.0,0.9699999690055847,2.5014954347878144
A,units,-1,6,full_swap,200,0.9399999976158142,0.0,4.751735210418701
A,units,-1,6,helix:all,200,0.73499995470047,0.08999999612569809,2.1088138485499512
A,units,-1,6,helix:tens,200,0.0,0.9950000047683716,0.15017514888750724
A,units,-1,6,helix:units,200,0.7299999594688416,0.08999999612569809,2.101648417187012
A,units,-1,6,helix:random_orth,200,0.0,0.9950000047683716,2.1088138485499512
A,units,-1,6,digit_1hot:all,200,0.9199999570846558,0.019999999552965164,2.818915479173419
A,units,-1,6,digit_1hot:tens,200,0.0,0.9950000047683716,0.0
A,units,-1,6,digit_1hot:units,200,0.9199999570846558,0.019999999552965164,2.818915479173419
A,units,-1,6,digit_1hot:random_orth,200,0.0,0.9950000047683716,2.818915479173419
A,units,-1,6,digit_circ:all,200,0.0,0.98499995470047,0.6137966965581563
A,units,-1,6,digit_circ:tens,200,0.0,0.9950000047683716,0.0
A,units,-1,6,digit_circ:units,200,0.0,0.98499995470047,0.6137966965581563
A,units,-1,6,digit_circ:random_orth,200,0.0,1.0,0.6137966965581563
A,units,-1,6,both:all,200,0.9249999523162842,0.019999999552965164,2.8288068082127826
A,units,-1,6,both:tens,200,0.0,1.0,0.22829308059793127
A,units,-1,6,both:units,200,0.9199999570846558,0.019999999552965164,2.819601039303708
A,units,-1,6,both:random_orth,200,0.0,0.9899999499320984,2.8288068082127826
A,units,-1,8,full_swap,200,0.9350000023841858,0.0,4.876152038574219
A,units,-1,8,helix:all,200,0.7199999690055847,0.08999999612569809,2.2219552221310432
A,units,-1,8,helix:tens,200,0.0,1.0,0.16188992306623434
A,units,-1,8,helix:units,200,0.7249999642372131,0.08999999612569809,2.213561550787626
A,units,-1,8,helix:random_orth,200,0.0,1.0,2.2219552221310432
A,units,-1,8,digit_1hot:all,200,0.9149999618530273,0.019999999552965164,2.9465700431884643
A,units,-1,8,digit_1hot:tens,200,0.0,0.9950000047683716,0.0
A,units,-1,8,digit_1hot:units,200,0.9149999618530273,0.019999999552965164,2.9465700431884643
A,units,-1,8,digit_1hot:random_orth,200,0.0,0.9899999499320984,2.9465700431884643
A,units,-1,8,digit_circ:all,200,0.0,0.9799999594688416,0.6442449248361828
A,units,-1,8,digit_circ:tens,200,0.0,0.9950000047683716,0.0
A,units,-1,8,digit_circ:units,200,0.0,0.9799999594688416,0.6442449248361828
A,units,-1,8,digit_circ:random_orth,200,0.0,1.0,0.6442449248361828
A,units,-1,8,both:all,200,0.9149999618530273,0.019999999552965164,2.9579595170982342
A,units,-1,8,both:tens,200,0.0,1.0,0.2387824242704173
A,units,-1,8,both:units,200,0.9099999666213989,0.019999999552965164,2.947755813960451
A,units,-1,8,both:random_orth,200,0.0,0.9899999499320984,2.9579595170982342
A,units,-1,10,full_swap,200,0.9350000023841858,0.0,5.103890895843506
A,units,-1,10,helix:all,200,0.7450000047683716,0.08500000089406967,2.3619676811629295
A,units,-1,10,helix:tens,200,0.0,1.0,0.16514940605291828
A,units,-1,10,helix:units,200,0.75,0.08500000089406967,2.3532131675557793
A,units,-1,10,helix:random_orth,200,0.0,0.9950000047683716,2.3619676811629295
A,units,-1,10,digit_1hot:all,200,0.9149999618530273,0.019999999552965164,3.163088322972949
A,units,-1,10,digit_1hot:tens,200,0.0,0.9950000047683716,0.0
A,units,-1,10,digit_1hot:units,200,0.9149999618530273,0.019999999552965164,3.163088322972949
A,units,-1,10,digit_1hot:random_orth,200,0.0,1.0,3.163088322972949
A,units,-1,10,digit_circ:all,200,0.0,0.9799999594688416,0.6766546396901247
A,units,-1,10,digit_circ:tens,200,0.0,0.9950000047683716,0.0
A,units,-1,10,digit_circ:units,200,0.0,0.9799999594688416,0.6766546396901247
A,units,-1,10,digit_circ:random_orth,200,0.0,1.0,0.6766546396901247
A,units,-1,10,both:all,200,0.9099999666213989,0.019999999552965164,3.176192682418756
A,units,-1,10,both:tens,200,0.0,1.0,0.24915989087031726
A,units,-1,10,both:units,200,0.9099999666213989,0.019999999552965164,3.1649863277324606
A,units,-1,10,both:random_orth,200,0.0,0.9749999642372131,3.176192682418756
A,units,-1,12,full_swap,200,0.9549999833106995,0.0,5.695493221282959
A,units,-1,12,helix:all,200,0.73499995470047,0.09999999403953552,2.761709807854205
A,units,-1,12,helix:tens,200,0.0,0.9950000047683716,0.1725497520957016
A,units,-1,12,helix:units,200,0.7400000095367432,0.09999999403953552,2.753525664324198
A,units,-1,12,helix:random_orth,200,0.0,1.0,2.761709807854205
A,units,-1,12,digit_1hot:all,200,0.9199999570846558,0.019999999552965164,3.8045693662689923
A,units,-1,12,digit_1hot:tens,200,0.0,0.9950000047683716,0.0
A,units,-1,12,digit_1hot:units,200,0.9199999570846558,0.019999999552965164,3.8045693662689923
A,units,-1,12,digit_1hot:random_orth,200,0.0,0.9899999499320984,3.8045693662689923
A,units,-1,12,digit_circ:all,200,0.004999999888241291,0.9749999642372131,0.800392007048743
A,units,-1,12,digit_circ:tens,200,0.0,0.9950000047683716,0.0
A,units,-1,12,digit_circ:units,200,0.004999999888241291,0.9749999642372131,0.800392007048743
A,units,-1,12,digit_circ:random_orth,200,0.0,1.0,0.8003920070487429
A,units,-1,12,both:all,200,0.9199999570846558,0.019999999552965164,3.8186992308059824
A,units,-1,12,both:tens,200,0.0,1.0,0.26344800360711007
A,units,-1,12,both:units,200,0.9149999618530273,0.019999999552965164,3.807194259030331
A,units,-1,12,both:random_orth,200,0.0,0.9950000047683716,3.8186992308059824
A,units,-1,14,full_swap,200,0.9399999976158142,0.0,6.1772780418396
A,units,-1,14,helix:all,200,0.7450000047683716,0.0949999988079071,2.97123700731467
A,units,-1,14,helix:tens,200,0.0,0.9950000047683716,0.19494363354581126
A,units,-1,14,helix:units,200,0.7549999952316284,0.0949999988079071,2.9617998378572135
A,units,-1,14,helix:random_orth,200,0.0,0.9899999499320984,2.97123700731467
A,units,-1,14,digit_1hot:all,200,0.9149999618530273,0.019999999552965164,4.0861638897760635
A,units,-1,14,digit_1hot:tens,200,0.0,0.9950000047683716,0.0
A,units,-1,14,digit_1hot:units,200,0.9149999618530273,0.019999999552965164,4.0861638897760635
A,units,-1,14,digit_1hot:random_orth,200,0.0,0.98499995470047,4.086163889776063
A,units,-1,14,digit_circ:all,200,0.004999999888241291,0.9799999594688416,0.8754966660381241
A,units,-1,14,digit_circ:tens,200,0.0,0.9950000047683716,0.0
A,units,-1,14,digit_circ:units,200,0.004999999888241291,0.9799999594688416,0.8754966660381241
A,units,-1,14,digit_circ:random_orth,200,0.0,0.9950000047683716,0.8754966660381239
A,units,-1,14,both:all,200,0.9149999618530273,0.019999999552965164,4.1020876631850465
A,units,-1,14,both:tens,200,0.0,0.9950000047683716,0.28619810349673797
A,units,-1,14,both:units,200,0.9149999618530273,0.019999999552965164,4.089020809462796
A,units,-1,14,both:random_orth,200,0.0,0.9899999499320984,4.102087663185046
A,units,-1,16,full_swap,200,0.9449999928474426,0.0,7.85787296295166
A,units,-1,16,helix:all,200,0.8149999976158142,0.07499999552965164,3.667115338121873
A,units,-1,16,helix:tens,200,0.0,0.9950000047683716,0.2652395864434249
A,units,-1,16,helix:units,200,0.8149999976158142,0.07499999552965164,3.6541425227433226
A,units,-1,16,helix:random_orth,200,0.0,1.0,3.667115338121873
A,units,-1,16,digit_1hot:all,200,0.8700000047683716,0.05999999865889549,5.179573550259449
A,units,-1,16,digit_1hot:tens,200,0.0,0.9950000047683716,0.0
A,units,-1,16,digit_1hot:units,200,0.8700000047683716,0.05999999865889549,5.179573550259449
A,units,-1,16,digit_1hot:random_orth,200,0.0,0.98499995470047,5.179573550259449
A,units,-1,16,digit_circ:all,200,0.0,0.949999988079071,1.1366197684383827
A,units,-1,16,digit_circ:tens,200,0.0,0.9950000047683716,0.0
A,units,-1,16,digit_circ:units,200,0.0,0.949999988079071,1.1366197684383827
A,units,-1,16,digit_circ:random_orth,200,0.0,0.9950000047683716,1.1366197684383827
A,units,-1,16,both:all,200,0.8700000047683716,0.05999999865889549,5.1974602321101235
A,units,-1,16,both:tens,200,0.0,0.9950000047683716,0.3588589846705225
A,units,-1,16,both:units,200,0.875,0.05999999865889549,5.182156002895936
A,units,-1,16,both:random_orth,200,0.0,1.0,5.1974602321101235
A,units,-1,18,full_swap,200,0.8149999976158142,0.06499999761581421,9.068294525146484
A,units,-1,18,helix:all,200,0.699999988079071,0.1850000023841858,4.183167915392663
A,units,-1,18,helix:tens,200,0.0,0.9950000047683716,0.31922639823442567
A,units,-1,18,helix:units,200,0.6899999976158142,0.19499999284744263,4.166992589314686
A,units,-1,18,helix:random_orth,200,0.0,0.9950000047683716,4.183167915392663
A,units,-1,18,digit_1hot:all,200,0.7899999618530273,0.11999999731779099,5.936835775504075
A,units,-1,18,digit_1hot:tens,200,0.0,0.9950000047683716,0.0
A,units,-1,18,digit_1hot:units,200,0.7899999618530273,0.11999999731779099,5.936835775504075
A,units,-1,18,digit_1hot:random_orth,200,0.0,0.9950000047683716,5.936835775504075
A,units,-1,18,digit_circ:all,200,0.0,0.9749999642372131,1.2980842892565045
A,units,-1,18,digit_circ:tens,200,0.0,0.9950000047683716,0.0
A,units,-1,18,digit_circ:units,200,0.0,0.9749999642372131,1.2980842892565045
A,units,-1,18,digit_circ:random_orth,200,0.0,1.0,1.298084289256504
A,units,-1,18,both:all,200,0.7849999666213989,0.11999999731779099,5.95694064301342
A,units,-1,18,both:tens,200,0.0,0.9950000047683716,0.43323934240589224
A,units,-1,18,both:units,200,0.7849999666213989,0.11999999731779099,5.940112728140096
A,units,-1,18,both:random_orth,200,0.0,0.9950000047683716,5.95694064301342
A,units,-1,20,full_swap,200,0.02499999850988388,0.8999999761581421,10.903146743774414
A,units,-1,20,helix:all,200,0.009999999776482582,0.9749999642372131,5.040372265823601
A,units,-1,20,helix:tens,200,0.0,1.0,0.40100943570605385
A,units,-1,20,helix:units,200,0.009999999776482582,0.9699999690055847,5.020481002797711
A,units,-1,20,helix:random_orth,200,0.0,1.0,5.040372265823601
A,units,-1,20,digit_1hot:all,200,0.019999999552965164,0.9249999523162842,7.126674643550664
A,units,-1,20,digit_1hot:tens,200,0.0,0.9950000047683716,0.0
A,units,-1,20,digit_1hot:units,200,0.019999999552965164,0.9249999523162842,7.126674643550664
A,units,-1,20,digit_1hot:random_orth,200,0.0,0.9950000047683716,7.126674643550664
A,units,-1,20,digit_circ:all,200,0.0,1.0,1.5412934054426877
A,units,-1,20,digit_circ:tens,200,0.0,0.9950000047683716,0.0
A,units,-1,20,digit_circ:units,200,0.0,1.0,1.5412934054426877
A,units,-1,20,digit_circ:random_orth,200,0.0,0.9950000047683716,1.5412934054426877
A,units,-1,20,both:all,200,0.019999999552965164,0.9249999523162842,7.150061920892069
A,units,-1,20,both:tens,200,0.0,1.0,0.5316213666150218
A,units,-1,20,both:units,200,0.019999999552965164,0.9249999523162842,7.129486435451667
A,units,-1,20,both:random_orth,200,0.0,1.0,7.150061920892069
A,units,1,0,full_swap,200,0.9300000071525574,0.0,3.8917665481567383
A,units,1,0,helix:all,200,0.5199999809265137,0.20999999344348907,1.5527829157696333
A,units,1,0,helix:tens,200,0.0,1.0,0.10263553795457213
A,units,1,0,helix:units,200,0.5149999856948853,0.20499999821186066,1.5485514213456935
A,units,1,0,helix:random_orth,200,0.0,0.9699999690055847,1.5527829157696333
A,units,1,0,digit_1hot:all,200,0.8449999690055847,0.004999999888241291,2.23784227581101
A,units,1,0,digit_1hot:tens,200,0.0,0.9950000047683716,0.0
A,units,1,0,digit_1hot:units,200,0.8449999690055847,0.004999999888241291,2.23784227581101
A,units,1,0,digit_1hot:random_orth,200,0.0,0.9899999499320984,2.23784227581101
A,units,1,0,digit_circ:all,200,0.0,0.9899999499320984,0.4887578886095251
A,units,1,0,digit_circ:tens,200,0.0,0.9950000047683716,0.0
A,units,1,0,digit_circ:units,200,0.0,0.9899999499320984,0.4887578886095251
A,units,1,0,digit_circ:random_orth,200,0.0,0.9950000047683716,0.4887578886095251
A,units,1,0,both:all,200,0.8499999642372131,0.004999999888241291,2.244027501175924
A,units,1,0,both:tens,200,0.0,0.9950000047683716,0.19089395115937388
A,units,1,0,both:units,200,0.8449999690055847,0.004999999888241291,2.238024474452623
A,units,1,0,both:random_orth,200,0.0,0.9799999594688416,2.244027501175924
A,units,1,2,full_swap,200,0.9350000023841858,0.0,3.8589205741882324
A,units,1,2,helix:all,200,0.5399999618530273,0.19999998807907104,1.5973058650704957
A,units,1,2,helix:tens,200,0.0,1.0,0.10800356030504911
A,units,1,2,helix:units,200,0.5149999856948853,0.19499999284744263,1.592437848883321
A,units,1,2,helix:random_orth,200,0.0,0.9899999499320984,1.5973058650704957
A,units,1,2,digit_1hot:all,200,0.8399999737739563,0.004999999888241291,2.2590386525351875
A,units,1,2,digit_1hot:tens,200,0.0,0.9950000047683716,0.0
A,units,1,2,digit_1hot:units,200,0.8399999737739563,0.004999999888241291,2.2590386525351875
A,units,1,2,digit_1hot:random_orth,200,0.0,0.9799999594688416,2.2590386525351875
A,units,1,2,digit_circ:all,200,0.0,0.9950000047683716,0.4914453962691521
A,units,1,2,digit_circ:tens,200,0.0,0.9950000047683716,0.0
A,units,1,2,digit_circ:units,200,0.0,0.9950000047683716,0.4914453962691521
A,units,1,2,digit_circ:random_orth,200,0.0,0.9899999499320984,0.4914453962691521
A,units,1,2,both:all,200,0.8399999737739563,0.004999999888241291,2.2656405365552006
A,units,1,2,both:tens,200,0.0,0.9899999499320984,0.18498168095778791
A,units,1,2,both:units,200,0.8349999785423279,0.004999999888241291,2.2592564056637867
A,units,1,2,both:random_orth,200,0.0,0.9899999499320984,2.2656405365552006
A,units,1,4,full_swap,200,0.9249999523162842,0.004999999888241291,4.300853729248047
A,units,1,4,helix:all,200,0.5249999761581421,0.19499999284744263,1.8012452430879276
A,units,1,4,helix:tens,200,0.0,0.9950000047683716,0.13014775589431116
A,units,1,4,helix:units,200,0.5049999952316284,0.1899999976158142,1.7951531009850499
A,units,1,4,helix:random_orth,200,0.0,0.98499995470047,1.8012452430879278
A,units,1,4,digit_1hot:all,200,0.824999988079071,0.004999999888241291,2.5062847487204203
A,units,1,4,digit_1hot:tens,200,0.0,0.9950000047683716,0.0
A,units,1,4,digit_1hot:units,200,0.824999988079071,0.004999999888241291,2.5062847487204203
A,units,1,4,digit_1hot:random_orth,200,0.0,0.9749999642372131,2.5062847487204207
A,units,1,4,digit_circ:all,200,0.0,0.9950000047683716,0.5740330882327439
A,units,1,4,digit_circ:tens,200,0.0,0.9950000047683716,0.0
A,units,1,4,digit_circ:units,200,0.0,0.9950000047683716,0.5740330882327439
A,units,1,4,digit_circ:random_orth,200,0.0,0.9899999499320984,0.5740330882327439
A,units,1,4,both:all,200,0.8199999928474426,0.004999999888241291,2.515367178153598
A,units,1,4,both:tens,200,0.0,0.9899999499320984,0.2053307403565087
A,units,1,4,both:units,200,0.8100000023841858,0.004999999888241291,2.5067081267397384
A,units,1,4,both:random_orth,200,0.0,0.98499995470047,2.515367178153598
A,units,1,6,full_swap,200,0.9199999570846558,0.004999999888241291,4.735905647277832
A,units,1,6,helix:all,200,0.5049999952316284,0.2149999886751175,2.1034221411948555
A,units,1,6,helix:tens,200,0.0,1.0,0.15283160742387444
A,units,1,6,helix:units,200,0.5,0.2149999886751175,2.0957033266145233
A,units,1,6,helix:random_orth,200,0.0,0.9950000047683716,2.1034221411948555
A,units,1,6,digit_1hot:all,200,0.8199999928474426,0.014999999664723873,2.8363075385809706
A,units,1,6,digit_1hot:tens,200,0.0,0.9950000047683716,0.0
A,units,1,6,digit_1hot:units,200,0.8199999928474426,0.014999999664723873,2.8363075385809706
A,units,1,6,digit_1hot:random_orth,200,0.0,0.9899999499320984,2.8363075385809706
A,units,1,6,digit_circ:all,200,0.0,0.9950000047683716,0.6138431382711684
A,units,1,6,digit_circ:tens,200,0.0,0.9950000047683716,0.0
A,units,1,6,digit_circ:units,200,0.0,0.9950000047683716,0.6138431382711684
A,units,1,6,digit_circ:random_orth,200,0.0,0.9899999499320984,0.6138431382711684
A,units,1,6,both:all,200,0.824999988079071,0.014999999664723873,2.8466096589160395
A,units,1,6,both:tens,200,0.0,0.9899999499320984,0.23011340363408317
A,units,1,6,both:units,200,0.8149999976158142,0.004999999888241291,2.8371474201507874
A,units,1,6,both:random_orth,200,0.0,0.9799999594688416,2.8466096589160395
A,units,1,8,full_swap,200,0.9049999713897705,0.004999999888241291,4.871702671051025
A,units,1,8,helix:all,200,0.5099999904632568,0.22499999403953552,2.2165389161452898
A,units,1,8,helix:tens,200,0.0,1.0,0.16474670525509175
A,units,1,8,helix:units,200,0.5049999952316284,0.22999998927116394,2.2069444834104264
A,units,1,8,helix:random_orth,200,0.0,0.9799999594688416,2.21653891614529
A,units,1,8,digit_1hot:all,200,0.8100000023841858,0.014999999664723873,2.9711546241975544
A,units,1,8,digit_1hot:tens,200,0.0,0.9950000047683716,0.0
A,units,1,8,digit_1hot:units,200,0.8100000023841858,0.014999999664723873,2.9711546241975544
A,units,1,8,digit_1hot:random_orth,200,0.0,0.98499995470047,2.9711546241975544
A,units,1,8,digit_circ:all,200,0.0,0.9899999499320984,0.6435258901106782
A,units,1,8,digit_circ:tens,200,0.0,0.9950000047683716,0.0
A,units,1,8,digit_circ:units,200,0.0,0.9899999499320984,0.6435258901106782
A,units,1,8,digit_circ:random_orth,200,0.0,0.9950000047683716,0.6435258901106782
A,units,1,8,both:all,200,0.8100000023841858,0.014999999664723873,2.9836130753733086
A,units,1,8,both:tens,200,0.0,0.9899999499320984,0.24066180478384666
A,units,1,8,both:units,200,0.8149999976158142,0.014999999664723873,2.972477905576683
A,units,1,8,both:random_orth,200,0.0,0.9899999499320984,2.9836130753733086
A,units,1,10,full_swap,200,0.9149999618530273,0.004999999888241291,5.124592304229736
A,units,1,10,helix:all,200,0.5099999904632568,0.2199999988079071,2.3551019317875745
A,units,1,10,helix:tens,200,0.0,1.0,0.1679259911279318
A,units,1,10,helix:units,200,0.5,0.2199999988079071,2.3444863889364593
A,units,1,10,helix:random_orth,200,0.0,0.9950000047683716,2.3551019317875745
A,units,1,10,digit_1hot:all,200,0.8199999928474426,0.019999999552965164,3.199852426062149
A,units,1,10,digit_1hot:tens,200,0.0,0.9950000047683716,0.0
A,units,1,10,digit_1hot:units,200,0.8199999928474426,0.019999999552965164,3.199852426062149
A,units,1,10,digit_1hot:random_orth,200,0.0,0.9799999594688416,3.199852426062149
A,units,1,10,digit_circ:all,200,0.0,0.9950000047683716,0.676014343280199
A,units,1,10,digit_circ:tens,200,0.0,0.9950000047683716,0.0
A,units,1,10,digit_circ:units,200,0.0,0.9950000047683716,0.676014343280199
A,units,1,10,digit_circ:random_orth,200,0.0,0.9950000047683716,0.676014343280199
A,units,1,10,both:all,200,0.8199999928474426,0.019999999552965164,3.2145175584352703
A,units,1,10,both:tens,200,0.0,0.9950000047683716,0.25096730924298777
A,units,1,10,both:units,200,0.8199999928474426,0.019999999552965164,3.20186770921706
A,units,1,10,both:random_orth,200,0.0,0.9799999594688416,3.2145175584352703
A,units,1,12,full_swap,200,0.9149999618530273,0.004999999888241291,5.749202251434326
A,units,1,12,helix:all,200,0.5450000166893005,0.1899999976158142,2.762457999357305
A,units,1,12,helix:tens,200,0.0,0.9950000047683716,0.17484301604315447
A,units,1,12,helix:units,200,0.5450000166893005,0.19999998807907104,2.752270929079737
A,units,1,12,helix:random_orth,200,0.0,1.0,2.762457999357305
A,units,1,12,digit_1hot:all,200,0.8050000071525574,0.014999999664723873,3.8499458922105214
A,units,1,12,digit_1hot:tens,200,0.0,0.9950000047683716,0.0
A,units,1,12,digit_1hot:units,200,0.8050000071525574,0.014999999664723873,3.8499458922105214
A,units,1,12,digit_1hot:random_orth,200,0.0,0.9899999499320984,3.8499458922105214
A,units,1,12,digit_circ:all,200,0.0,0.9950000047683716,0.8015079499662326
A,units,1,12,digit_circ:tens,200,0.0,0.9950000047683716,0.0
A,units,1,12,digit_circ:units,200,0.0,0.9950000047683716,0.8015079499662326
A,units,1,12,digit_circ:random_orth,200,0.0,0.9899999499320984,0.8015079499662326
A,units,1,12,both:all,200,0.8199999928474426,0.014999999664723873,3.8667408749871015
A,units,1,12,both:tens,200,0.0,0.9899999499320984,0.26518418225700147
A,units,1,12,both:units,200,0.8100000023841858,0.014999999664723873,3.852623424329902
A,units,1,12,both:random_orth,200,0.0,0.98499995470047,3.8667408749871015
A,units,1,14,full_swap,200,0.9149999618530273,0.004999999888241291,6.265765190124512
A,units,1,14,helix:all,200,0.5450000166893005,0.20999999344348907,2.9767258013632456
A,units,1,14,helix:tens,200,0.0,0.9950000047683716,0.19732852078073196
A,units,1,14,helix:units,200,0.5399999618530273,0.2149999886751175,2.9655415199083914
A,units,1,14,helix:random_orth,200,0.0,0.9899999499320984,2.9767258013632456
A,units,1,14,digit_1hot:all,200,0.8050000071525574,0.02499999850988388,4.140583982723886
A,units,1,14,digit_1hot:tens,200,0.0,0.9950000047683716,0.0
A,units,1,14,digit_1hot:units,200,0.8050000071525574,0.02499999850988388,4.140583982723886
A,units,1,14,digit_1hot:random_orth,200,0.0,0.9950000047683716,4.140583982723886
A,units,1,14,digit_circ:all,200,0.0,0.9899999499320984,0.8763001910090127
A,units,1,14,digit_circ:tens,200,0.0,0.9950000047683716,0.0
A,units,1,14,digit_circ:units,200,0.0,0.9899999499320984,0.8763001910090127
A,units,1,14,digit_circ:random_orth,200,0.0,1.0,0.8763001910090127
A,units,1,14,both:all,200,0.8100000023841858,0.02499999850988388,4.162141176591052
A,units,1,14,both:tens,200,0.0,0.9899999499320984,0.28770362466410526
A,units,1,14,both:units,200,0.8050000071525574,0.02499999850988388,4.1432938989847505
A,units,1,14,both:random_orth,200,0.0,0.9799999594688416,4.162141176591052
A,units,1,16,full_swap,200,0.9149999618530273,0.004999999888241291,7.91694450378418
A,units,1,16,helix:all,200,0.6499999761581421,0.125,3.67632562969893
A,units,1,16,helix:tens,200,0.0,0.9950000047683716,0.26780392355423993
A,units,1,16,helix:units,200,0.6299999952316284,0.12999999523162842,3.661301539465328
A,units,1,16,helix:random_orth,200,0.0,0.9899999499320984,3.67632562969893
A,units,1,16,digit_1hot:all,200,0.7599999904632568,0.05999999865889549,5.241230795981198
A,units,1,16,digit_1hot:tens,200,0.0,0.9950000047683716,0.0
A,units,1,16,digit_1hot:units,200,0.7599999904632568,0.05999999865889549,5.241230795981198
A,units,1,16,digit_1hot:random_orth,200,0.0,0.98499995470047,5.241230795981198
A,units,1,16,digit_circ:all,200,0.0,0.98499995470047,1.1391437868595113
A,units,1,16,digit_circ:tens,200,0.0,0.9950000047683716,0.0
A,units,1,16,digit_circ:units,200,0.0,0.98499995470047,1.1391437868595113
A,units,1,16,digit_circ:random_orth,200,0.0,0.9950000047683716,1.1391437868595113
A,units,1,16,both:all,200,0.7699999809265137,0.054999999701976776,5.266115483011628
A,units,1,16,both:tens,200,0.0,1.0,0.3608839296651648
A,units,1,16,both:units,200,0.7649999856948853,0.05999999865889549,5.2436618788815075
A,units,1,16,both:random_orth,200,0.0,0.9799999594688416,5.266115483011628
A,units,1,18,full_swap,200,0.7149999737739563,0.14499999582767487,9.141656875610352
A,units,1,18,helix:all,200,0.4899999797344208,0.32999998331069946,4.190665575378214
A,units,1,18,helix:tens,200,0.0,0.9950000047683716,0.32151610539554765
A,units,1,18,helix:units,200,0.4749999940395355,0.32999998331069946,4.17189705309979
A,units,1,18,helix:random_orth,200,0.0,0.9950000047683716,4.190665575378214
A,units,1,18,digit_1hot:all,200,0.6150000095367432,0.20999999344348907,5.9810791189196015
A,units,1,18,digit_1hot:tens,200,0.0,0.9950000047683716,0.0
A,units,1,18,digit_1hot:units,200,0.6150000095367432,0.20999999344348907,5.9810791189196015
A,units,1,18,digit_1hot:random_orth,200,0.0,0.9899999499320984,5.9810791189196015
A,units,1,18,digit_circ:all,200,0.0,0.9950000047683716,1.300087653756277
A,units,1,18,digit_circ:tens,200,0.0,0.9950000047683716,0.0
A,units,1,18,digit_circ:units,200,0.0,0.9950000047683716,1.300087653756277
A,units,1,18,digit_circ:random_orth,200,0.0,0.9899999499320984,1.300087653756277
A,units,1,18,both:all,200,0.6200000047683716,0.2199999988079071,6.01109070683413
A,units,1,18,both:tens,200,0.0,0.9950000047683716,0.43580707286137144
A,units,1,18,both:units,200,0.6100000143051147,0.22499999403953552,5.9840585406232485
A,units,1,18,both:random_orth,200,0.0,0.9799999594688416,6.011090706834132
A,units,1,20,full_swap,200,0.014999999664723873,0.9300000071525574,10.935949325561523
A,units,1,20,helix:all,200,0.0,0.9549999833106995,5.043879018242183
A,units,1,20,helix:tens,200,0.0,0.9950000047683716,0.40560094789080436
A,units,1,20,helix:units,200,0.0,0.9549999833106995,5.020565392637216
A,units,1,20,helix:random_orth,200,0.0,0.9899999499320984,5.043879018242183
A,units,1,20,digit_1hot:all,200,0.014999999664723873,0.9199999570846558,7.166261192616453
A,units,1,20,digit_1hot:tens,200,0.0,0.9950000047683716,0.0
A,units,1,20,digit_1hot:units,200,0.014999999664723873,0.9199999570846558,7.166261192616453
A,units,1,20,digit_1hot:random_orth,200,0.0,0.9899999499320984,7.166261192616453
A,units,1,20,digit_circ:all,200,0.0,0.9950000047683716,1.5456825032690318
A,units,1,20,digit_circ:tens,200,0.0,0.9950000047683716,0.0
A,units,1,20,digit_circ:units,200,0.0,0.9950000047683716,1.5456825032690318
A,units,1,20,digit_circ:random_orth,200,0.0,0.9899999499320984,1.5456825032690318
A,units,1,20,both:all,200,0.014999999664723873,0.9249999523162842,7.2014050919670645
A,units,1,20,both:tens,200,0.0,0.9950000047683716,0.5345085989429229
A,units,1,20,both:units,200,0.014999999664723873,0.9199999570846558,7.168717492371773
A,units,1,20,both:random_orth,200,0.0,0.9899999499320984,7.2014050919670645
A,units,2,0,full_swap,200,0.9549999833106995,0.0,4.132796764373779
A,units,2,0,helix:all,200,0.5049999952316284,0.1850000023841858,1.749704478871717
A,units,2,0,helix:tens,200,0.0,1.0,0.2094961933017505
A,units,2,0,helix:units,200,0.4749999940395355,0.20999999344348907,1.7389103620855588
A,units,2,0,helix:random_orth,200,0.0,0.98499995470047,1.749704478871717
A,units,2,0,digit_1hot:all,200,0.8299999833106995,0.019999999552965164,2.1929019722933
A,units,2,0,digit_1hot:tens,200,0.0,0.9950000047683716,0.0
A,units,2,0,digit_1hot:units,200,0.8299999833106995,0.019999999552965164,2.1929019722933
A,units,2,0,digit_1hot:random_orth,200,0.0,0.98499995470047,2.1929019722933
A,units,2,0,digit_circ:all,200,0.0,0.949999988079071,0.9284986881835021
A,units,2,0,digit_circ:tens,200,0.0,0.9950000047683716,0.0
A,units,2,0,digit_circ:units,200,0.0,0.949999988079071,0.9284986881835021
A,units,2,0,digit_circ:random_orth,200,0.0,0.9950000047683716,0.9284986881835021
A,units,2,0,both:all,200,0.8349999785423279,0.019999999552965164,2.2198970905087596
A,units,2,0,both:tens,200,0.0,1.0,0.38005640885640046
A,units,2,0,both:units,200,0.824999988079071,0.019999999552965164,2.193928155401207
A,units,2,0,both:random_orth,200,0.0,0.98499995470047,2.2198970905087596
A,units,2,2,full_swap,200,0.9549999833106995,0.0,4.089445114135742
A,units,2,2,helix:all,200,0.5049999952316284,0.19999998807907104,1.7646852132142763
A,units,2,2,helix:tens,200,0.0,1.0,0.21909227761005767
A,units,2,2,helix:units,200,0.47999998927116394,0.19999998807907104,1.7523983557783338
A,units,2,2,helix:random_orth,200,0.0,0.9950000047683716,1.7646852132142763
A,units,2,2,digit_1hot:all,200,0.8050000071525574,0.02499999850988388,2.1998814414499246
A,units,2,2,digit_1hot:tens,200,0.0,0.9950000047683716,0.0
A,units,2,2,digit_1hot:units,200,0.8050000071525574,0.02499999850988388,2.1998814414499246
A,units,2,2,digit_1hot:random_orth,200,0.0,0.98499995470047,2.1998814414499246
A,units,2,2,digit_circ:all,200,0.0,0.949999988079071,0.9348608055239143
A,units,2,2,digit_circ:tens,200,0.0,0.9950000047683716,0.0
A,units,2,2,digit_circ:units,200,0.0,0.949999988079071,0.9348608055239143
A,units,2,2,digit_circ:random_orth,200,0.0,0.98499995470047,0.9348608055239143
A,units,2,2,both:all,200,0.8349999785423279,0.019999999552965164,2.225551085783883
A,units,2,2,both:tens,200,0.0,0.9950000047683716,0.368542185562321
A,units,2,2,both:units,200,0.7949999570846558,0.02499999850988388,2.2003355240068436
A,units,2,2,both:random_orth,200,0.0,0.9649999737739563,2.225551085783883
A,units,2,4,full_swap,200,0.9350000023841858,0.004999999888241291,4.586552619934082
A,units,2,4,helix:all,200,0.47999998927116394,0.20499999821186066,2.029553951224292
A,units,2,4,helix:tens,200,0.0,1.0,0.2621147310194999
A,units,2,4,helix:units,200,0.45499998331069946,0.20499999821186066,2.0144054249550503
A,units,2,4,helix:random_orth,200,0.0,0.98499995470047,2.029553951224292
A,units,2,4,digit_1hot:all,200,0.7949999570846558,0.029999999329447746,2.46597657044577
A,units,2,4,digit_1hot:tens,200,0.0,0.9950000047683716,0.0
A,units,2,4,digit_1hot:units,200,0.7949999570846558,0.029999999329447746,2.46597657044577
A,units,2,4,digit_1hot:random_orth,200,0.0,0.9799999594688416,2.46597657044577
A,units,2,4,digit_circ:all,200,0.0,0.9399999976158142,1.0945037128534787
A,units,2,4,digit_circ:tens,200,0.0,0.9950000047683716,0.0
A,units,2,4,digit_circ:units,200,0.0,0.9399999976158142,1.0945037128534787
A,units,2,4,digit_circ:random_orth,200,0.0,0.9899999499320984,1.0945037128534787
A,units,2,4,both:all,200,0.8199999928474426,0.02499999850988388,2.4966163642074632
A,units,2,4,both:tens,200,0.0,1.0,0.4090698145298377
A,units,2,4,both:units,200,0.7899999618530273,0.029999999329447746,2.4660502042304335
A,units,2,4,both:random_orth,200,0.0,0.98499995470047,2.4966163642074632
A,units,2,6,full_swap,200,0.9350000023841858,0.004999999888241291,4.970615863800049
A,units,2,6,helix:all,200,0.4399999976158142,0.2449999898672104,2.263043847579729
A,units,2,6,helix:tens,200,0.0,0.9950000047683716,0.30715430916662123
A,units,2,6,helix:units,200,0.41999998688697815,0.23999999463558197,2.2440291110738024
A,units,2,6,helix:random_orth,200,0.0,0.98499995470047,2.263043847579729
A,units,2,6,digit_1hot:all,200,0.7749999761581421,0.05999999865889549,2.699044645671163
A,units,2,6,digit_1hot:tens,200,0.0,0.9950000047683716,0.0
A,units,2,6,digit_1hot:units,200,0.7749999761581421,0.05999999865889549,2.699044645671163
A,units,2,6,digit_1hot:random_orth,200,0.0,0.98499995470047,2.699044645671163
A,units,2,6,digit_circ:all,200,0.0,0.9449999928474426,1.172688178810659
A,units,2,6,digit_circ:tens,200,0.0,0.9950000047683716,0.0
A,units,2,6,digit_circ:units,200,0.0,0.9449999928474426,1.172688178810659
A,units,2,6,digit_circ:random_orth,200,0.0,0.9899999499320984,1.172688178810659
A,units,2,6,both:all,200,0.7899999618530273,0.05999999865889549,2.736294921997396
A,units,2,6,both:tens,200,0.0,0.9950000047683716,0.45830385495703985
A,units,2,6,both:units,200,0.7699999809265137,0.05999999865889549,2.6995334461611766
A,units,2,6,both:random_orth,200,0.0,0.98499995470047,2.7362949219973967
A,units,2,8,full_swap,200,0.9199999570846558,0.004999999888241291,5.178142070770264
A,units,2,8,helix:all,200,0.4449999928474426,0.23499999940395355,2.4201168952652314
A,units,2,8,helix:tens,200,0.0,1.0,0.3310323245581995
A,units,2,8,helix:units,200,0.42499998211860657,0.23499999940395355,2.400193967217284
A,units,2,8,helix:random_orth,200,0.0,0.9950000047683716,2.4201168952652314
A,units,2,8,digit_1hot:all,200,0.7849999666213989,0.054999999701976776,2.8470314318953456
A,units,2,8,digit_1hot:tens,200,0.0,0.9950000047683716,0.0
A,units,2,8,digit_1hot:units,200,0.7849999666213989,0.054999999701976776,2.8470314318953456
A,units,2,8,digit_1hot:random_orth,200,0.0,0.9950000047683716,2.8470314318953456
A,units,2,8,digit_circ:all,200,0.0,0.9449999928474426,1.2318077249114614
A,units,2,8,digit_circ:tens,200,0.0,0.9950000047683716,0.0
A,units,2,8,digit_circ:units,200,0.0,0.9449999928474426,1.2318077249114614
A,units,2,8,digit_circ:random_orth,200,0.0,0.9899999499320984,1.2318077249114614
A,units,2,8,both:all,200,0.7999999523162842,0.044999998062849045,2.8875623021865477
A,units,2,8,both:tens,200,0.0,1.0,0.4795686982062285
A,units,2,8,both:units,200,0.7699999809265137,0.054999999701976776,2.849011936274006
A,units,2,8,both:random_orth,200,0.0,0.9950000047683716,2.8875623021865477
A,units,2,10,full_swap,200,0.9350000023841858,0.0,5.405005931854248
A,units,2,10,helix:all,200,0.44999998807907104,0.22999998927116394,2.5735770200868715
A,units,2,10,helix:tens,200,0.0,1.0,0.33765539593955185
A,units,2,10,helix:units,200,0.42499998211860657,0.23499999940395355,2.555339314279203
A,units,2,10,helix:random_orth,200,0.0,0.9899999499320984,2.5735770200868715
A,units,2,10,digit_1hot:all,200,0.7749999761581421,0.054999999701976776,3.023675785416742
A,units,2,10,digit_1hot:tens,200,0.0,0.9950000047683716,0.0
A,units,2,10,digit_1hot:units,200,0.7749999761581421,0.054999999701976776,3.023675785416742
A,units,2,10,digit_1hot:random_orth,200,0.0,0.9899999499320984,3.023675785416742
A,units,2,10,digit_circ:all,200,0.0,0.9449999928474426,1.295787393328393
A,units,2,10,digit_circ:tens,200,0.0,0.9950000047683716,0.0
A,units,2,10,digit_circ:units,200,0.0,0.9449999928474426,1.295787393328393
A,units,2,10,digit_circ:random_orth,200,0.0,1.0,1.295787393328393
A,units,2,10,both:all,200,0.7949999570846558,0.054999999701976776,3.06715235280327
A,units,2,10,both:tens,200,0.0,1.0,0.49964973815045466
A,units,2,10,both:units,200,0.7649999856948853,0.04999999701976776,3.028145118155752
A,units,2,10,both:random_orth,200,0.0,0.98499995470047,3.06715235280327
A,units,2,12,full_swap,200,0.9350000023841858,0.004999999888241291,6.033422946929932
A,units,2,12,helix:all,200,0.5199999809265137,0.2199999988079071,3.0544184552288267
A,units,2,12,helix:tens,200,0.0,1.0,0.35328438016457875
A,units,2,12,helix:units,200,0.5,0.2149999886751175,3.0378247518454176
A,units,2,12,helix:random_orth,200,0.0,0.9899999499320984,3.0544184552288267
A,units,2,12,digit_1hot:all,200,0.7699999809265137,0.054999999701976776,3.685901044668593
A,units,2,12,digit_1hot:tens,200,0.0,0.9950000047683716,0.0
A,units,2,12,digit_1hot:units,200,0.7699999809265137,0.054999999701976776,3.685901044668593
A,units,2,12,digit_1hot:random_orth,200,0.0,0.9799999594688416,3.685901044668593
A,units,2,12,digit_circ:all,200,0.0,0.9350000023841858,1.5329575698527216
A,units,2,12,digit_circ:tens,200,0.0,0.9950000047683716,0.0
A,units,2,12,digit_circ:units,200,0.0,0.9350000023841858,1.5329575698527216
A,units,2,12,digit_circ:random_orth,200,0.0,0.9950000047683716,1.5329575698527216
A,units,2,12,both:all,200,0.7849999666213989,0.04999999701976776,3.728561198970474
A,units,2,12,both:tens,200,0.0,1.0,0.5267282525663078
A,units,2,12,both:units,200,0.7649999856948853,0.054999999701976776,3.6918032474126847
A,units,2,12,both:random_orth,200,0.0,0.9799999594688416,3.728561198970474
A,units,2,14,full_swap,200,0.9300000071525574,0.004999999888241291,6.590543270111084
A,units,2,14,helix:all,200,0.5199999809265137,0.19999998807907104,3.2979722544276093
A,units,2,14,helix:tens,200,0.0,1.0,0.3989045946616677
A,units,2,14,helix:units,200,0.48499998450279236,0.22499999403953552,3.278021169367589
A,units,2,14,helix:random_orth,200,0.0,0.9950000047683716,3.2979722544276093
A,units,2,14,digit_1hot:all,200,0.7649999856948853,0.05999999865889549,3.941397090066684
A,units,2,14,digit_1hot:tens,200,0.0,0.9950000047683716,0.0
A,units,2,14,digit_1hot:units,200,0.7649999856948853,0.05999999865889549,3.941397090066684
A,units,2,14,digit_1hot:random_orth,200,0.0,0.9950000047683716,3.941397090066684
A,units,2,14,digit_circ:all,200,0.0,0.9300000071525574,1.6720289310256533
A,units,2,14,digit_circ:tens,200,0.0,0.9950000047683716,0.0
A,units,2,14,digit_circ:units,200,0.0,0.9300000071525574,1.6720289310256533
A,units,2,14,digit_circ:random_orth,200,0.0,0.9899999499320984,1.6720289310256533
A,units,2,14,both:all,200,0.7799999713897705,0.05999999865889549,3.990522593770119
A,units,2,14,both:tens,200,0.0,1.0,0.5696937222101808
A,units,2,14,both:units,200,0.7599999904632568,0.06499999761581421,3.947996487787021
A,units,2,14,both:random_orth,200,0.0,1.0,3.990522593770119
A,units,2,16,full_swap,200,0.949999988079071,0.004999999888241291,8.627071380615234
A,units,2,16,helix:all,200,0.574999988079071,0.17000000178813934,4.184533264408048
A,units,2,16,helix:tens,200,0.0,1.0,0.5422079432017619
A,units,2,16,helix:units,200,0.550000011920929,0.1599999964237213,4.155222694203982
A,units,2,16,helix:random_orth,200,0.0,0.9799999594688416,4.184533264408048
A,units,2,16,digit_1hot:all,200,0.6899999976158142,0.09999999403953552,5.1219384695828625
A,units,2,16,digit_1hot:tens,200,0.0,0.9950000047683716,0.0
A,units,2,16,digit_1hot:units,200,0.6899999976158142,0.09999999403953552,5.1219384695828625
A,units,2,16,digit_1hot:random_orth,200,0.0,0.9899999499320984,5.1219384695828625
A,units,2,16,digit_circ:all,200,0.0,0.85999995470047,2.1662929061570084
A,units,2,16,digit_circ:tens,200,0.0,0.9950000047683716,0.0
A,units,2,16,digit_circ:units,200,0.0,0.85999995470047,2.1662929061570084
A,units,2,16,digit_circ:random_orth,200,0.0,1.0,2.1662929061570084
A,units,2,16,both:all,200,0.73499995470047,0.0949999988079071,5.1790847143408225
A,units,2,16,both:tens,200,0.0,1.0,0.7158993666326687
A,units,2,16,both:units,200,0.6899999976158142,0.09999999403953552,5.12704122061688
A,units,2,16,both:random_orth,200,0.0,0.98499995470047,5.1790847143408225
A,units,2,18,full_swap,200,0.6299999952316284,0.20499999821186066,9.975912094116211
A,units,2,18,helix:all,200,0.4449999928474426,0.3149999976158142,4.793965785104369
A,units,2,18,helix:tens,200,0.0,1.0,0.6538612892886114
A,units,2,18,helix:units,200,0.4399999976158142,0.3149999976158142,4.757111652946907
A,units,2,18,helix:random_orth,200,0.0,0.9950000047683716,4.79396578510437
A,units,2,18,digit_1hot:all,200,0.5249999761581421,0.2449999898672104,5.79930704910774
A,units,2,18,digit_1hot:tens,200,0.0,0.9950000047683716,0.0
A,units,2,18,digit_1hot:units,200,0.5249999761581421,0.2449999898672104,5.79930704910774
A,units,2,18,digit_1hot:random_orth,200,0.0,0.98499995470047,5.79930704910774
A,units,2,18,digit_circ:all,200,0.0,0.9049999713897705,2.4731671097871133
A,units,2,18,digit_circ:tens,200,0.0,0.9950000047683716,0.0
A,units,2,18,digit_circ:units,200,0.0,0.9049999713897705,2.4731671097871133
A,units,2,18,digit_circ:random_orth,200,0.0,0.9899999499320984,2.4731671097871133
A,units,2,18,both:all,200,0.5349999666213989,0.25,5.868506703596163
A,units,2,18,both:tens,200,0.0,1.0,0.8641564309986421
A,units,2,18,both:units,200,0.5249999761581421,0.23999999463558197,5.80619457270276
A,units,2,18,both:random_orth,200,0.0,0.9950000047683716,5.868506703596163
A,units,2,20,full_swap,200,0.044999998062849045,0.9099999666213989,11.852171897888184
A,units,2,20,helix:all,200,0.004999999888241291,0.9799999594688416,5.820656018673317
A,units,2,20,helix:tens,200,0.0,0.9950000047683716,0.8213313704229884
A,units,2,20,helix:units,200,0.004999999888241291,0.9749999642372131,5.771817010962352
A,units,2,20,helix:random_orth,200,0.0,1.0,5.820656018673317
A,units,2,20,digit_1hot:all,200,0.009999999776482582,0.9599999785423279,6.916249337582458
A,units,2,20,digit_1hot:tens,200,0.0,0.9950000047683716,0.0
A,units,2,20,digit_1hot:units,200,0.009999999776482582,0.9599999785423279,6.916249337582458
A,units,2,20,digit_1hot:random_orth,200,0.0,0.98499995470047,6.916249337582458
A,units,2,20,digit_circ:all,200,0.0,0.9899999499320984,2.939290919240948
A,units,2,20,digit_circ:tens,200,0.0,0.9950000047683716,0.0
A,units,2,20,digit_circ:units,200,0.0,0.9899999499320984,2.939290919240948
A,units,2,20,digit_circ:random_orth,200,0.0,0.9899999499320984,2.939290919240948
A,units,2,20,both:all,200,0.014999999664723873,0.949999988079071,7.002618508330393
A,units,2,20,both:tens,200,0.0,0.9950000047683716,1.0629764068608756
A,units,2,20,both:units,200,0.009999999776482582,0.9599999785423279,6.922352414381644
A,units,2,20,both:random_orth,200,0.0,0.9950000047683716,7.002618508330393
A,units,3,0,full_swap,200,0.9199999570846558,0.0,4.451058387756348
A,units,3,0,helix:all,200,0.625,0.009999999776482582,2.2711759765527746
A,units,3,0,helix:tens,200,0.0,1.0,0.30248622302299977
A,units,3,0,helix:units,200,0.550000011920929,0.009999999776482582,2.2490174260849485
A,units,3,0,helix:random_orth,200,0.0,0.9899999499320984,2.2711759765527746
A,units,3,0,digit_1hot:all,200,0.6399999856948853,0.0,2.424087620060814
A,units,3,0,digit_1hot:tens,200,0.0,1.0,0.0
A,units,3,0,digit_1hot:units,200,0.6399999856948853,0.0,2.424087620060814
A,units,3,0,digit_1hot:random_orth,200,0.0,0.9699999690055847,2.424087620060814
A,units,3,0,digit_circ:all,200,0.0,0.7699999809265137,1.275682961670805
A,units,3,0,digit_circ:tens,200,0.0,1.0,0.0
A,units,3,0,digit_circ:units,200,0.0,0.7699999809265137,1.275682961670805
A,units,3,0,digit_circ:random_orth,200,0.0,0.9799999594688416,1.275682961670805
A,units,3,0,both:all,200,0.6699999570846558,0.0,2.477680995445303
A,units,3,0,both:tens,200,0.0,0.9950000047683716,0.5669710648699631
A,units,3,0,both:units,200,0.6399999856948853,0.0,2.425742722872691
A,units,3,0,both:random_orth,200,0.0,0.9699999690055847,2.477680995445303
A,units,3,2,full_swap,200,0.9350000023841858,0.0,4.3910322189331055
A,units,3,2,helix:all,200,0.5999999642372131,0.009999999776482582,2.3093476463390075
A,units,3,2,helix:tens,200,0.0,1.0,0.31504495492681706
A,units,3,2,helix:units,200,0.5299999713897705,0.009999999776482582,2.284503336759848
A,units,3,2,helix:random_orth,200,0.0,0.9749999642372131,2.3093476463390075
A,units,3,2,digit_1hot:all,200,0.6200000047683716,0.004999999888241291,2.4480439335267175
A,units,3,2,digit_1hot:tens,200,0.0,1.0,0.0
A,units,3,2,digit_1hot:units,200,0.6200000047683716,0.004999999888241291,2.4480439335267175
A,units,3,2,digit_1hot:random_orth,200,0.0,0.98499995470047,2.4480439335267175
A,units,3,2,digit_circ:all,200,0.0,0.7450000047683716,1.2833113193513632
A,units,3,2,digit_circ:tens,200,0.0,1.0,0.0
A,units,3,2,digit_circ:units,200,0.0,0.7450000047683716,1.2833113193513632
A,units,3,2,digit_circ:random_orth,200,0.0,0.9950000047683716,1.2833113193513632
A,units,3,2,both:all,200,0.6399999856948853,0.004999999888241291,2.5010839862719254
A,units,3,2,both:tens,200,0.0,0.9950000047683716,0.5480990930865757
A,units,3,2,both:units,200,0.625,0.004999999888241291,2.4487529966984907
A,units,3,2,both:random_orth,200,0.0,0.9799999594688416,2.5010839862719254
A,units,3,4,full_swap,200,0.9300000071525574,0.0,4.915268421173096
A,units,3,4,helix:all,200,0.5649999976158142,0.009999999776482582,2.6322280831551534
A,units,3,4,helix:tens,200,0.0,1.0,0.37778656545622047
A,units,3,4,helix:units,200,0.5299999713897705,0.014999999664723873,2.601842497739916
A,units,3,4,helix:random_orth,200,0.0,0.9699999690055847,2.6322280831551534
A,units,3,4,digit_1hot:all,200,0.5799999833106995,0.004999999888241291,2.770846651441482
A,units,3,4,digit_1hot:tens,200,0.0,1.0,0.0
A,units,3,4,digit_1hot:units,200,0.5799999833106995,0.004999999888241291,2.770846651441482
A,units,3,4,digit_1hot:random_orth,200,0.0,0.9950000047683716,2.770846651441482
A,units,3,4,digit_circ:all,200,0.0,0.7450000047683716,1.501013602384678
A,units,3,4,digit_circ:tens,200,0.0,1.0,0.0
A,units,3,4,digit_circ:units,200,0.0,0.7450000047683716,1.501013602384678
A,units,3,4,digit_circ:random_orth,200,0.0,0.9899999499320984,1.501013602384678
A,units,3,4,both:all,200,0.6100000143051147,0.004999999888241291,2.8350689355291343
A,units,3,4,both:tens,200,0.0,0.9950000047683716,0.6098199991559984
A,units,3,4,both:units,200,0.5799999833106995,0.004999999888241291,2.77125010617925
A,units,3,4,both:random_orth,200,0.0,0.9749999642372131,2.8350689355291343
A,units,3,6,full_swap,200,0.9149999618530273,0.0,5.410137176513672
A,units,3,6,helix:all,200,0.574999988079071,0.014999999664723873,2.9732515617427286
A,units,3,6,helix:tens,200,0.0,1.0,0.44157255378328736
A,units,3,6,helix:units,200,0.5099999904632568,0.014999999664723873,2.936553674256208
A,units,3,6,helix:random_orth,200,0.0,0.98499995470047,2.9732515617427286
A,units,3,6,digit_1hot:all,200,0.5799999833106995,0.004999999888241291,3.133451290967963
A,units,3,6,digit_1hot:tens,200,0.0,1.0,0.0
A,units,3,6,digit_1hot:units,200,0.5799999833106995,0.004999999888241291,3.133451290967963
A,units,3,6,digit_1hot:random_orth,200,0.0,0.9950000047683716,3.133451290967963
A,units,3,6,digit_circ:all,200,0.0,0.7400000095367432,1.6071672972321942
A,units,3,6,digit_circ:tens,200,0.0,1.0,0.0
A,units,3,6,digit_circ:units,200,0.0,0.7400000095367432,1.6071672972321942
A,units,3,6,digit_circ:random_orth,200,0.0,1.0,1.6071672972321942
A,units,3,6,both:all,200,0.5949999690055847,0.004999999888241291,3.2064364622165584
A,units,3,6,both:tens,200,0.0,0.9950000047683716,0.6846322299727094
A,units,3,6,both:units,200,0.574999988079071,0.004999999888241291,3.134151077061003
A,units,3,6,both:random_orth,200,0.0,0.98499995470047,3.2064364622165584
A,units,3,8,full_swap,200,0.9149999618530273,0.0,5.635661602020264
A,units,3,8,helix:all,200,0.5550000071525574,0.014999999664723873,3.13783153862847
A,units,3,8,helix:tens,200,0.0,1.0,0.4746005302036808
A,units,3,8,helix:units,200,0.5149999856948853,0.014999999664723873,3.0975019279194065
A,units,3,8,helix:random_orth,200,0.0,0.98499995470047,3.1378315386284696
A,units,3,8,digit_1hot:all,200,0.5699999928474426,0.009999999776482582,3.305925383418126
A,units,3,8,digit_1hot:tens,200,0.0,1.0,0.0
A,units,3,8,digit_1hot:units,200,0.5699999928474426,0.009999999776482582,3.305925383418126
A,units,3,8,digit_1hot:random_orth,200,0.0,0.98499995470047,3.305925383418126
A,units,3,8,digit_circ:all,200,0.0,0.7299999594688416,1.6886157963702575
A,units,3,8,digit_circ:tens,200,0.0,1.0,0.0
A,units,3,8,digit_circ:units,200,0.0,0.7299999594688416,1.6886157963702575
A,units,3,8,digit_circ:random_orth,200,0.0,0.98499995470047,1.6886157963702575
A,units,3,8,both:all,200,0.5899999737739563,0.004999999888241291,3.388550643454262
A,units,3,8,both:tens,200,0.0,0.9950000047683716,0.7165857799882107
A,units,3,8,both:units,200,0.5600000023841858,0.009999999776482582,3.3084710660418746
A,units,3,8,both:random_orth,200,0.0,0.9899999499320984,3.388550643454262
A,units,3,10,full_swap,200,0.9149999618530273,0.0,5.885327339172363
A,units,3,10,helix:all,200,0.574999988079071,0.014999999664723873,3.30051418933071
A,units,3,10,helix:tens,200,0.0,1.0,0.4841566969487437
A,units,3,10,helix:units,200,0.5299999713897705,0.014999999664723873,3.261108516067537
A,units,3,10,helix:random_orth,200,0.0,1.0,3.30051418933071
A,units,3,10,digit_1hot:all,200,0.5699999928474426,0.004999999888241291,3.513624346817932
A,units,3,10,digit_1hot:tens,200,0.0,1.0,0.0
A,units,3,10,digit_1hot:units,200,0.5699999928474426,0.004999999888241291,3.513624346817932
A,units,3,10,digit_1hot:random_orth,200,0.0,0.9899999499320984,3.513624346817932
A,units,3,10,digit_circ:all,200,0.0,0.7099999785423279,1.7735176082545991
A,units,3,10,digit_circ:tens,200,0.0,1.0,0.0
A,units,3,10,digit_circ:units,200,0.0,0.7099999785423279,1.7735176082545991
A,units,3,10,digit_circ:random_orth,200,0.0,0.9950000047683716,1.7735176082545991
A,units,3,10,both:all,200,0.5949999690055847,0.004999999888241291,3.6053364175234828
A,units,3,10,both:tens,200,0.0,1.0,0.7503646930876063
A,units,3,10,both:units,200,0.5699999928474426,0.009999999776482582,3.5191522342406087
A,units,3,10,both:random_orth,200,0.0,1.0,3.605336417523483
A,units,3,12,full_swap,200,0.9300000071525574,0.0,6.552973747253418
A,units,3,12,helix:all,200,0.5849999785423279,0.014999999664723873,3.8949391947176304
A,units,3,12,helix:tens,200,0.0,1.0,0.5065294874123084
A,units,3,12,helix:units,200,0.5349999666213989,0.014999999664723873,3.8598658465073346
A,units,3,12,helix:random_orth,200,0.0,0.9799999594688416,3.8949391947176304
A,units,3,12,digit_1hot:all,200,0.5699999928474426,0.009999999776482582,4.191364571606589
A,units,3,12,digit_1hot:tens,200,0.0,1.0,0.0
A,units,3,12,digit_1hot:units,200,0.5699999928474426,0.009999999776482582,4.191364571606589
A,units,3,12,digit_1hot:random_orth,200,0.0,0.9899999499320984,4.191364571606589
A,units,3,12,digit_circ:all,200,0.0,0.699999988079071,2.093834059321282
A,units,3,12,digit_circ:tens,200,0.0,1.0,0.0
A,units,3,12,digit_circ:units,200,0.0,0.699999988079071,2.093834059321282
A,units,3,12,digit_circ:random_orth,200,0.0,0.9899999499320984,2.093834059321282
A,units,3,12,both:all,200,0.5949999690055847,0.004999999888241291,4.287995488093589
A,units,3,12,both:tens,200,0.0,0.9950000047683716,0.7964308535905082
A,units,3,12,both:units,200,0.5799999833106995,0.009999999776482582,4.199758301724975
A,units,3,12,both:random_orth,200,0.0,0.9950000047683716,4.287995488093589
A,units,3,14,full_swap,200,0.9249999523162842,0.0,7.248057842254639
A,units,3,14,helix:all,200,0.5600000023841858,0.014999999664723873,4.21606948157673
A,units,3,14,helix:tens,200,0.0,1.0,0.5744273277915185
A,units,3,14,helix:units,200,0.5099999904632568,0.014999999664723873,4.178265806857711
A,units,3,14,helix:random_orth,200,0.0,0.9950000047683716,4.21606948157673
A,units,3,14,digit_1hot:all,200,0.5799999833106995,0.009999999776482582,4.538326817293985
A,units,3,14,digit_1hot:tens,200,0.0,1.0,0.0
A,units,3,14,digit_1hot:units,200,0.5799999833106995,0.009999999776482582,4.538326817293985
A,units,3,14,digit_1hot:random_orth,200,0.0,0.9799999594688416,4.538326817293985
A,units,3,14,digit_circ:all,200,0.0,0.6699999570846558,2.290741041061583
A,units,3,14,digit_circ:tens,200,0.0,1.0,0.0
A,units,3,14,digit_circ:units,200,0.0,0.6699999570846558,2.290741041061583
A,units,3,14,digit_circ:random_orth,200,0.0,0.9950000047683716,2.290741041061583
A,units,3,14,both:all,200,0.5799999833106995,0.014999999664723873,4.654930495159936
A,units,3,14,both:tens,200,0.0,1.0,0.867653656569365
A,units,3,14,both:units,200,0.5649999976158142,0.009999999776482582,4.547963902380577
A,units,3,14,both:random_orth,200,0.0,0.9950000047683716,4.654930495159936
A,units,3,16,full_swap,200,0.9149999618530273,0.0,9.190311431884766
A,units,3,16,helix:all,200,0.5899999737739563,0.054999999701976776,5.344083630004157
A,units,3,16,helix:tens,200,0.0,1.0,0.7831920536493535
A,units,3,16,helix:units,200,0.5349999666213989,0.054999999701976776,5.2883927593602005
A,units,3,16,helix:random_orth,200,0.0,0.9749999642372131,5.344083630004157
A,units,3,16,digit_1hot:all,200,0.5799999833106995,0.044999998062849045,5.724101471729308
A,units,3,16,digit_1hot:tens,200,0.0,1.0,0.0
A,units,3,16,digit_1hot:units,200,0.5799999833106995,0.044999998062849045,5.724101471729308
A,units,3,16,digit_1hot:random_orth,200,0.0,0.9950000047683716,5.724101471729308
A,units,3,16,digit_circ:all,200,0.0,0.5249999761581421,2.9703186414683875
A,units,3,16,digit_circ:tens,200,0.0,1.0,0.0
A,units,3,16,digit_circ:units,200,0.0,0.5249999761581421,2.9703186414683875
A,units,3,16,digit_circ:random_orth,200,0.0,1.0,2.9703186414683875
A,units,3,16,both:all,200,0.5849999785423279,0.044999998062849045,5.8622582435746065
A,units,3,16,both:tens,200,0.0,0.9950000047683716,1.0839414728961074
A,units,3,16,both:units,200,0.5699999928474426,0.044999998062849045,5.731432565359391
A,units,3,16,both:random_orth,200,0.0,0.9899999499320984,5.8622582435746065
A,units,3,18,full_swap,200,0.6049999594688416,0.05999999865889549,10.771371841430664
A,units,3,18,helix:all,200,0.4350000023841858,0.14499999582767487,6.080313687289943
A,units,3,18,helix:tens,200,0.0,1.0,0.9425021606800565
A,units,3,18,helix:units,200,0.3700000047683716,0.14499999582767487,6.01102346099711
A,units,3,18,helix:random_orth,200,0.0,0.9799999594688416,6.080313687289943
A,units,3,18,digit_1hot:all,200,0.41499999165534973,0.10999999940395355,6.485034035624708
A,units,3,18,digit_1hot:tens,200,0.0,1.0,0.0
A,units,3,18,digit_1hot:units,200,0.41499999165534973,0.10999999940395355,6.485034035624708
A,units,3,18,digit_1hot:random_orth,200,0.0,0.9950000047683716,6.485034035624709
A,units,3,18,digit_circ:all,200,0.0,0.7149999737739563,3.3941926702337355
A,units,3,18,digit_circ:tens,200,0.0,1.0,0.0
A,units,3,18,digit_circ:units,200,0.0,0.7149999737739563,3.3941926702337355
A,units,3,18,digit_circ:random_orth,200,0.0,1.0,3.394192670233736
A,units,3,18,both:all,200,0.41499999165534973,0.10999999940395355,6.6577895463089325
A,units,3,18,both:tens,200,0.0,1.0,1.3051385457381783
A,units,3,18,both:units,200,0.4050000011920929,0.11499999463558197,6.496053204068835
A,units,3,18,both:random_orth,200,0.0,0.9899999499320984,6.6577895463089325
A,units,3,20,full_swap,200,0.0,0.9300000071525574,12.825984001159668
A,units,3,20,helix:all,200,0.0,0.9300000071525574,7.243149495972092
A,units,3,20,helix:tens,200,0.0,1.0,1.1819480481400357
A,units,3,20,helix:units,200,0.0,0.9300000071525574,7.153231102752848
A,units,3,20,helix:random_orth,200,0.0,0.9950000047683716,7.243149495972092
A,units,3,20,digit_1hot:all,200,0.0,0.9199999570846558,7.7142331184301085
A,units,3,20,digit_1hot:tens,200,0.0,1.0,0.0
A,units,3,20,digit_1hot:units,200,0.0,0.9199999570846558,7.7142331184301085
A,units,3,20,digit_1hot:random_orth,200,0.0,1.0,7.714233118430108
A,units,3,20,digit_circ:all,200,0.0,0.9699999690055847,4.025788739595201
A,units,3,20,digit_circ:tens,200,0.0,1.0,0.0
A,units,3,20,digit_circ:units,200,0.0,0.9699999690055847,4.025788739595201
A,units,3,20,digit_circ:random_orth,200,0.0,1.0,4.025788739595201
A,units,3,20,both:all,200,0.0,0.9199999570846558,7.928212717255649
A,units,3,20,both:tens,200,0.0,1.0,1.5955068438696047
A,units,3,20,both:units,200,0.0,0.9249999523162842,7.72461544230686
A,units,3,20,both:random_orth,200,0.0,1.0,7.928212717255649
A,tens,-30,0,full_swap,200,0.9399999976158142,0.0,5.05947732925415
A,tens,-30,0,helix:all,200,0.17999999225139618,0.05999999865889549,2.462103718991674
A,tens,-30,0,helix:tens,200,0.17999999225139618,0.05999999865889549,2.4621037189916737
A,tens,-30,0,helix:units,200,0.0,1.0,3.730864316088839e-15
A,tens,-30,0,helix:random_orth,200,0.0,0.9950000047683716,2.462103718991674
A,tens,-30,0,digit_1hot:all,200,0.7099999785423279,0.0,3.1400582148774094
A,tens,-30,0,digit_1hot:tens,200,0.7099999785423279,0.0,3.1400582148774094
A,tens,-30,0,digit_1hot:units,200,0.0,1.0,0.0
A,tens,-30,0,digit_1hot:random_orth,200,0.0,0.9799999594688416,3.1400582148774094
A,tens,-30,0,digit_circ:all,200,0.03999999910593033,0.17999999225139618,2.364699850222101
A,tens,-30,0,digit_circ:tens,200,0.03999999910593033,0.17999999225139618,2.364699850222101
A,tens,-30,0,digit_circ:units,200,0.0,1.0,0.0
A,tens,-30,0,digit_circ:random_orth,200,0.0,0.9950000047683716,2.364699850222101
A,tens,-30,0,both:all,200,0.7450000047683716,0.0,3.254161911837079
A,tens,-30,0,both:tens,200,0.7450000047683716,0.0,3.254161911837079
A,tens,-30,0,both:units,200,0.0,1.0,3.1273392343125142e-15
A,tens,-30,0,both:random_orth,200,0.0,0.98499995470047,3.254161911837079
A,tens,-30,2,full_swap,200,0.9649999737739563,0.0,4.99193000793457
A,tens,-30,2,helix:all,200,0.16499999165534973,0.04999999701976776,2.5697649680731462
A,tens,-30,2,helix:tens,200,0.16499999165534973,0.04999999701976776,2.5697649680731462
A,tens,-30,2,helix:units,200,0.0,1.0,3.769397626170869e-15
A,tens,-30,2,helix:random_orth,200,0.0,0.98499995470047,2.5697649680731462
A,tens,-30,2,digit_1hot:all,200,0.7199999690055847,0.0,3.2075556627861386
A,tens,-30,2,digit_1hot:tens,200,0.7199999690055847,0.0,3.2075556627861386
A,tens,-30,2,digit_1hot:units,200,0.0,1.0,0.0
A,tens,-30,2,digit_1hot:random_orth,200,0.0,1.0,3.2075556627861386
A,tens,-30,2,digit_circ:all,200,0.03500000014901161,0.1850000023841858,2.401865250606129
A,tens,-30,2,digit_circ:tens,200,0.03500000014901161,0.1850000023841858,2.401865250606129
A,tens,-30,2,digit_circ:units,200,0.0,1.0,0.0
A,tens,-30,2,digit_circ:random_orth,200,0.0,0.9950000047683716,2.401865250606129
A,tens,-30,2,both:all,200,0.7549999952316284,0.0,3.313118782493075
A,tens,-30,2,both:tens,200,0.7549999952316284,0.0,3.3131187824930737
A,tens,-30,2,both:units,200,0.0,1.0,3.1626950924915367e-15
A,tens,-30,2,both:random_orth,200,0.0,0.98499995470047,3.313118782493075
A,tens,-30,4,full_swap,200,0.9599999785423279,0.004999999888241291,5.681804180145264
A,tens,-30,4,helix:all,200,0.1850000023841858,0.054999999701976776,3.1082989206181937
A,tens,-30,4,helix:tens,200,0.1850000023841858,0.054999999701976776,3.1082989206181937
A,tens,-30,4,helix:units,200,0.0,1.0,4.3483979695150105e-15
A,tens,-30,4,helix:random_orth,200,0.0,0.9950000047683716,3.1082989206181937
A,tens,-30,4,digit_1hot:all,200,0.7249999642372131,0.004999999888241291,3.7950802437317943
A,tens,-30,4,digit_1hot:tens,200,0.7249999642372131,0.004999999888241291,3.7950802437317943
A,tens,-30,4,digit_1hot:units,200,0.0,1.0,0.0
A,tens,-30,4,digit_1hot:random_orth,200,0.0,0.9950000047683716,3.7950802437317943
A,tens,-30,4,digit_circ:all,200,0.03999999910593033,0.16499999165534973,2.8673673869881067
A,tens,-30,4,digit_circ:tens,200,0.03999999910593033,0.16499999165534973,2.8673673869881067
A,tens,-30,4,digit_circ:units,200,0.0,1.0,0.0
A,tens,-30,4,digit_circ:random_orth,200,0.0,1.0,2.8673673869881067
A,tens,-30,4,both:all,200,0.7450000047683716,0.004999999888241291,3.909405553154026
A,tens,-30,4,both:tens,200,0.7450000047683716,0.004999999888241291,3.909405553154026
A,tens,-30,4,both:units,200,0.0,1.0,3.646953680569936e-15
A,tens,-30,4,both:random_orth,200,0.0,0.98499995470047,3.909405553154026
A,tens,-30,6,full_swap,200,0.9599999785423279,0.004999999888241291,6.308434963226318
A,tens,-30,6,helix:all,200,0.19499999284744263,0.054999999701976776,3.6371492224640867
A,tens,-30,6,helix:tens,200,0.19499999284744263,0.054999999701976776,3.6371492224640867
A,tens,-30,6,helix:units,200,0.0,1.0,4.90665908084414e-15
A,tens,-30,6,helix:random_orth,200,0.0,0.9950000047683716,3.6371492224640867
A,tens,-30,6,digit_1hot:all,200,0.7400000095367432,0.004999999888241291,4.343931739360548
A,tens,-30,6,digit_1hot:tens,200,0.7400000095367432,0.004999999888241291,4.343931739360548
A,tens,-30,6,digit_1hot:units,200,0.0,1.0,0.0
A,tens,-30,6,digit_1hot:random_orth,200,0.0,0.98499995470047,4.343931739360548
A,tens,-30,6,digit_circ:all,200,0.03500000014901161,0.19499999284744263,3.2951682814497434
A,tens,-30,6,digit_circ:tens,200,0.03500000014901161,0.19499999284744263,3.2951682814497434
A,tens,-30,6,digit_circ:units,200,0.0,1.0,0.0
A,tens,-30,6,digit_circ:random_orth,200,0.0,0.9799999594688416,3.295168281449743
A,tens,-30,6,both:all,200,0.7549999952316284,0.004999999888241291,4.4694340484623725
A,tens,-30,6,both:tens,200,0.7549999952316284,0.004999999888241291,4.469434048462372
A,tens,-30,6,both:units,200,0.0,1.0,4.1201678745225085e-15
A,tens,-30,6,both:random_orth,200,0.0,0.98499995470047,4.4694340484623725
A,tens,-30,8,full_swap,200,0.9399999976158142,0.004999999888241291,6.5994415283203125
A,tens,-30,8,helix:all,200,0.14999999105930328,0.05999999865889549,3.900166617040235
A,tens,-30,8,helix:tens,200,0.14999999105930328,0.05999999865889549,3.900166617040235
A,tens,-30,8,helix:units,200,0.0,1.0,5.331289257695576e-15
A,tens,-30,8,helix:random_orth,200,0.0,0.9950000047683716,3.900166617040235
A,tens,-30,8,digit_1hot:all,200,0.7049999833106995,0.004999999888241291,4.655051590096758
A,tens,-30,8,digit_1hot:tens,200,0.7049999833106995,0.004999999888241291,4.655051590096758
A,tens,-30,8,digit_1hot:units,200,0.0,1.0,0.0
A,tens,-30,8,digit_1hot:random_orth,200,0.0,0.9899999499320984,4.655051590096758
A,tens,-30,8,digit_circ:all,200,0.03999999910593033,0.19999998807907104,3.533965316967711
A,tens,-30,8,digit_circ:tens,200,0.03999999910593033,0.19999998807907104,3.533965316967711
A,tens,-30,8,digit_circ:units,200,0.0,1.0,0.0
A,tens,-30,8,digit_circ:random_orth,200,0.0,0.98499995470047,3.533965316967711
A,tens,-30,8,both:all,200,0.7149999737739563,0.004999999888241291,4.776503107298105
A,tens,-30,8,both:tens,200,0.7149999737739563,0.004999999888241291,4.776503107298105
A,tens,-30,8,both:units,200,0.0,1.0,4.484370135069977e-15
A,tens,-30,8,both:random_orth,200,0.0,0.98499995470047,4.776503107298105
A,tens,-30,10,full_swap,200,0.9399999976158142,0.004999999888241291,6.792149543762207
A,tens,-30,10,helix:all,200,0.1550000011920929,0.05999999865889549,3.984236886857514
A,tens,-30,10,helix:tens,200,0.1550000011920929,0.05999999865889549,3.984236886857514
A,tens,-30,10,helix:units,200,0.0,1.0,5.749625738709312e-15
A,tens,-30,10,helix:random_orth,200,0.0,0.9950000047683716,3.984236886857514
A,tens,-30,10,digit_1hot:all,200,0.6899999976158142,0.004999999888241291,4.744990360942572
A,tens,-30,10,digit_1hot:tens,200,0.6899999976158142,0.004999999888241291,4.744990360942572
A,tens,-30,10,digit_1hot:units,200,0.0,1.0,0.0
A,tens,-30,10,digit_1hot:random_orth,200,0.0,0.9950000047683716,4.744990360942572
A,tens,-30,10,digit_circ:all,200,0.03999999910593033,0.20499999821186066,3.60617992360636
A,tens,-30,10,digit_circ:tens,200,0.03999999910593033,0.20499999821186066,3.60617992360636
A,tens,-30,10,digit_circ:units,200,0.0,1.0,0.0
A,tens,-30,10,digit_circ:random_orth,200,0.0,1.0,3.6061799236063594
A,tens,-30,10,both:all,200,0.7199999690055847,0.004999999888241291,4.873989754081315
A,tens,-30,10,both:tens,200,0.7199999690055847,0.004999999888241291,4.873989754081315
A,tens,-30,10,both:units,200,0.0,1.0,4.84093217508599e-15
A,tens,-30,10,both:random_orth,200,0.0,0.9899999499320984,4.873989754081315
A,tens,-30,12,full_swap,200,0.949999988079071,0.004999999888241291,7.244091987609863
A,tens,-30,12,helix:all,200,0.1599999964237213,0.06499999761581421,4.157911502393782
A,tens,-30,12,helix:tens,200,0.1599999964237213,0.06499999761581421,4.157911502393782
A,tens,-30,12,helix:units,200,0.0,1.0,6.750445115470917e-15
A,tens,-30,12,helix:random_orth,200,0.0,0.9950000047683716,4.157911502393782
A,tens,-30,12,digit_1hot:all,200,0.7049999833106995,0.004999999888241291,5.039422489907318
A,tens,-30,12,digit_1hot:tens,200,0.7049999833106995,0.004999999888241291,5.039422489907318
A,tens,-30,12,digit_1hot:units,200,0.0,1.0,0.0
A,tens,-30,12,digit_1hot:random_orth,200,0.0,0.9950000047683716,5.039422489907318
A,tens,-30,12,digit_circ:all,200,0.03999999910593033,0.20999999344348907,3.7824191921581085
A,tens,-30,12,digit_circ:tens,200,0.03999999910593033,0.20999999344348907,3.7824191921581085
A,tens,-30,12,digit_circ:units,200,0.0,1.0,0.0
A,tens,-30,12,digit_circ:random_orth,200,0.0,1.0,3.7824191921581085
A,tens,-30,12,both:all,200,0.7249999642372131,0.004999999888241291,5.166035371060108
A,tens,-30,12,both:tens,200,0.7249999642372131,0.004999999888241291,5.166035371060108
A,tens,-30,12,both:units,200,0.0,1.0,5.679181753921028e-15
A,tens,-30,12,both:random_orth,200,0.0,0.9950000047683716,5.166035371060108
A,tens,-30,14,full_swap,200,0.9300000071525574,0.004999999888241291,8.252551078796387
A,tens,-30,14,helix:all,200,0.1550000011920929,0.07000000029802322,4.7593535105987375
A,tens,-30,14,helix:tens,200,0.1550000011920929,0.07000000029802322,4.7593535105987375
A,tens,-30,14,helix:units,200,0.0,1.0,7.227444210040075e-15
A,tens,-30,14,helix:random_orth,200,0.0,0.9950000047683716,4.7593535105987375
A,tens,-30,14,digit_1hot:all,200,0.7049999833106995,0.004999999888241291,5.844687498375169
A,tens,-30,14,digit_1hot:tens,200,0.7049999833106995,0.004999999888241291,5.844687498375169
A,tens,-30,14,digit_1hot:units,200,0.0,1.0,0.0
A,tens,-30,14,digit_1hot:random_orth,200,0.0,0.9950000047683716,5.844687498375169
A,tens,-30,14,digit_circ:all,200,0.02499999850988388,0.25,4.313285824191646
A,tens,-30,14,digit_circ:tens,200,0.02499999850988388,0.25,4.313285824191646
A,tens,-30,14,digit_circ:units,200,0.0,1.0,0.0
A,tens,-30,14,digit_circ:random_orth,200,0.0,0.9950000047683716,4.313285824191646
A,tens,-30,14,both:all,200,0.7199999690055847,0.004999999888241291,5.970684346645749
A,tens,-30,14,both:tens,200,0.7199999690055847,0.004999999888241291,5.970684346645749
A,tens,-30,14,both:units,200,0.0,1.0,6.0800115152538796e-15
A,tens,-30,14,both:random_orth,200,0.0,0.9899999499320984,5.970684346645749
A,tens,-30,16,full_swap,200,0.9399999976158142,0.004999999888241291,10.985551834106445
A,tens,-30,16,helix:all,200,0.125,0.11499999463558197,6.511681826860743
A,tens,-30,16,helix:tens,200,0.125,0.11499999463558197,6.511681826860743
A,tens,-30,16,helix:units,200,0.0,1.0,9.011254392988389e-15
A,tens,-30,16,helix:random_orth,200,0.0,1.0,6.511681826860743
A,tens,-30,16,digit_1hot:all,200,0.675000011920929,0.004999999888241291,8.053574013245871
A,tens,-30,16,digit_1hot:tens,200,0.675000011920929,0.004999999888241291,8.053574013245871
A,tens,-30,16,digit_1hot:units,200,0.0,1.0,0.0
A,tens,-30,16,digit_1hot:random_orth,200,0.0,0.9950000047683716,8.053574013245871
A,tens,-30,16,digit_circ:all,200,0.019999999552965164,0.2750000059604645,5.977003453322257
A,tens,-30,16,digit_circ:tens,200,0.019999999552965164,0.2750000059604645,5.977003453322257
A,tens,-30,16,digit_circ:units,200,0.0,1.0,0.0
A,tens,-30,16,digit_circ:random_orth,200,0.0,1.0,5.977003453322257
A,tens,-30,16,both:all,200,0.699999988079071,0.004999999888241291,8.207465051025144
A,tens,-30,16,both:tens,200,0.699999988079071,0.004999999888241291,8.207465051025146
A,tens,-30,16,both:units,200,0.0,1.0,7.567806981598486e-15
A,tens,-30,16,both:random_orth,200,0.0,0.98499995470047,8.207465051025144
A,tens,-30,18,full_swap,200,0.8100000023841858,0.06499999761581421,13.069125175476074
A,tens,-30,18,helix:all,200,0.07499999552965164,0.39499998092651367,7.771802511392384
A,tens,-30,18,helix:tens,200,0.07499999552965164,0.39499998092651367,7.771802511392384
A,tens,-30,18,helix:units,200,0.0,1.0,1.0370177784511464e-14
A,tens,-30,18,helix:random_orth,200,0.0,0.9899999499320984,7.771802511392384
A,tens,-30,18,digit_1hot:all,200,0.5199999809265137,0.07499999552965164,9.584006299954106
A,tens,-30,18,digit_1hot:tens,200,0.5199999809265137,0.07499999552965164,9.584006299954106
A,tens,-30,18,digit_1hot:units,200,0.0,1.0,0.0
A,tens,-30,18,digit_1hot:random_orth,200,0.0,0.9950000047683716,9.584006299954106
A,tens,-30,18,digit_circ:all,200,0.004999999888241291,0.5799999833106995,7.174255207260334
A,tens,-30,18,digit_circ:tens,200,0.004999999888241291,0.5799999833106995,7.174255207260334
A,tens,-30,18,digit_circ:units,200,0.0,1.0,0.0
A,tens,-30,18,digit_circ:random_orth,200,0.0,0.9899999499320984,7.174255207260334
A,tens,-30,18,both:all,200,0.5600000023841858,0.07999999821186066,9.763785736955459
A,tens,-30,18,both:tens,200,0.5600000023841858,0.07999999821186066,9.763785736955459
A,tens,-30,18,both:units,200,0.0,1.0,8.712287544093814e-15
A,tens,-30,18,both:random_orth,200,0.0,0.9899999499320984,9.763785736955459
A,tens,-30,20,full_swap,200,0.009999999776482582,0.9749999642372131,15.84631633758545
A,tens,-30,20,helix:all,200,0.0,0.9899999499320984,9.765946970028647
A,tens,-30,20,helix:tens,200,0.0,0.9899999499320984,9.765946970028645
A,tens,-30,20,helix:units,200,0.0,1.0,1.2672200296289062e-14
A,tens,-30,20,helix:random_orth,200,0.0,1.0,9.765946970028647
A,tens,-30,20,digit_1hot:all,200,0.0,0.9899999499320984,11.787461468102519
A,tens,-30,20,digit_1hot:tens,200,0.0,0.9899999499320984,11.787461468102519
A,tens,-30,20,digit_1hot:units,200,0.0,1.0,0.0
A,tens,-30,20,digit_1hot:random_orth,200,0.0,1.0,11.787461468102519
A,tens,-30,20,digit_circ:all,200,0.0,0.9950000047683716,8.807419099370113
A,tens,-30,20,digit_circ:tens,200,0.0,0.9950000047683716,8.807419099370113
A,tens,-30,20,digit_circ:units,200,0.0,1.0,0.0
A,tens,-30,20,digit_circ:random_orth,200,0.0,1.0,8.807419099370113
A,tens,-30,20,both:all,200,0.0,0.9950000047683716,12.012403644635333
A,tens,-30,20,both:tens,200,0.0,0.9950000047683716,12.01240364463533
A,tens,-30,20,both:units,200,0.0,1.0,1.0642864411120256e-14
A,tens,-30,20,both:random_orth,200,0.0,0.9950000047683716,12.012403644635333
A,tens,-20,0,full_swap,200,0.949999988079071,0.0,4.852118015289307
A,tens,-20,0,helix:all,200,0.04999999701976776,0.4449999928474426,1.828596080426134
A,tens,-20,0,helix:tens,200,0.04999999701976776,0.4449999928474426,1.828596080426134
A,tens,-20,0,helix:units,200,0.0,0.9950000047683716,3.222510262439565e-15
A,tens,-20,0,helix:random_orth,200,0.0,0.9799999594688416,1.8285960804261339
A,tens,-20,0,digit_1hot:all,200,0.7899999618530273,0.0,2.872721892241176
A,tens,-20,0,digit_1hot:tens,200,0.7899999618530273,0.0,2.872721892241176
A,tens,-20,0,digit_1hot:units,200,0.0,0.9950000047683716,0.0
A,tens,-20,0,digit_1hot:random_orth,200,0.0,0.9599999785423279,2.872721892241176
A,tens,-20,0,digit_circ:all,200,0.009999999776482582,0.6699999570846558,1.7328098012091793
A,tens,-20,0,digit_circ:tens,200,0.009999999776482582,0.6699999570846558,1.7328098012091793
A,tens,-20,0,digit_circ:units,200,0.0,0.9950000047683716,0.0
A,tens,-20,0,digit_circ:random_orth,200,0.0,0.9749999642372131,1.7328098012091793
A,tens,-20,0,both:all,200,0.8100000023841858,0.0,2.931618876464791
A,tens,-20,0,both:tens,200,0.8100000023841858,0.0,2.931618876464791
A,tens,-20,0,both:units,200,0.0,0.9950000047683716,2.6950942542981787e-15
A,tens,-20,0,both:random_orth,200,0.0,0.9599999785423279,2.931618876464791
A,tens,-20,2,full_swap,200,0.9699999690055847,0.0,4.792910575866699
A,tens,-20,2,helix:all,200,0.05999999865889549,0.42499998211860657,1.9130811556473584
A,tens,-20,2,helix:tens,200,0.05999999865889549,0.42499998211860657,1.9130811556473584
A,tens,-20,2,helix:units,200,0.0,0.9950000047683716,3.252155897050084e-15
A,tens,-20,2,helix:random_orth,200,0.0,0.9749999642372131,1.9130811556473584
A,tens,-20,2,digit_1hot:all,200,0.8050000071525574,0.0,2.9510540628978856
A,tens,-20,2,digit_1hot:tens,200,0.8050000071525574,0.0,2.9510540628978856
A,tens,-20,2,digit_1hot:units,200,0.0,0.9950000047683716,0.0
A,tens,-20,2,digit_1hot:random_orth,200,0.0,0.9549999833106995,2.9510540628978856
A,tens,-20,2,digit_circ:all,200,0.009999999776482582,0.675000011920929,1.7542808232970504
A,tens,-20,2,digit_circ:tens,200,0.009999999776482582,0.675000011920929,1.7542808232970504
A,tens,-20,2,digit_circ:units,200,0.0,0.9950000047683716,0.0
A,tens,-20,2,digit_circ:random_orth,200,0.0,0.9699999690055847,1.7542808232970504
A,tens,-20,2,both:all,200,0.8299999833106995,0.0,3.003768365140463
A,tens,-20,2,both:tens,200,0.8299999833106995,0.0,3.003768365140463
A,tens,-20,2,both:units,200,0.0,0.9950000047683716,2.7224347429379912e-15
A,tens,-20,2,both:random_orth,200,0.0,0.9649999737739563,3.003768365140463
A,tens,-20,4,full_swap,200,0.9599999785423279,0.004999999888241291,5.406928539276123
A,tens,-20,4,helix:all,200,0.08500000089406967,0.4099999964237213,2.3070488524137125
A,tens,-20,4,helix:tens,200,0.08500000089406967,0.4099999964237213,2.3070488524137125
A,tens,-20,4,helix:units,200,0.0,0.9950000047683716,3.74286805940215e-15
A,tens,-20,4,helix:random_orth,200,0.0,1.0,2.3070488524137125
A,tens,-20,4,digit_1hot:all,200,0.7949999570846558,0.004999999888241291,3.4671554908855917
A,tens,-20,4,digit_1hot:tens,200,0.7949999570846558,0.004999999888241291,3.4671554908855917
A,tens,-20,4,digit_1hot:units,200,0.0,0.9950000047683716,0.0
A,tens,-20,4,digit_1hot:random_orth,200,0.0,0.9799999594688416,3.467155490885592
A,tens,-20,4,digit_circ:all,200,0.014999999664723873,0.6800000071525574,2.081191964414671
A,tens,-20,4,digit_circ:tens,200,0.014999999664723873,0.6800000071525574,2.081191964414671
A,tens,-20,4,digit_circ:units,200,0.0,0.9950000047683716,0.0
A,tens,-20,4,digit_circ:random_orth,200,0.0,0.9749999642372131,2.0811919644146712
A,tens,-20,4,both:all,200,0.8149999976158142,0.004999999888241291,3.5234235507157643
A,tens,-20,4,both:tens,200,0.8149999976158142,0.004999999888241291,3.5234235507157643
A,tens,-20,4,both:units,200,0.0,0.9950000047683716,3.1325133858255736e-15
A,tens,-20,4,both:random_orth,200,0.0,0.9599999785423279,3.5234235507157643
A,tens,-20,6,full_swap,200,0.9749999642372131,0.004999999888241291,5.962497711181641
A,tens,-20,6,helix:all,200,0.07499999552965164,0.42499998211860657,2.7029246979922505
A,tens,-20,6,helix:tens,200,0.07499999552965164,0.42499998211860657,2.7029246979922505
A,tens,-20,6,helix:units,200,0.0,0.9950000047683716,4.2108655104778554e-15
A,tens,-20,6,helix:random_orth,200,0.0,0.9699999690055847,2.7029246979922505
A,tens,-20,6,digit_1hot:all,200,0.8100000023841858,0.004999999888241291,3.963441549229108
A,tens,-20,6,digit_1hot:tens,200,0.8100000023841858,0.004999999888241291,3.963441549229108
A,tens,-20,6,digit_1hot:units,200,0.0,0.9950000047683716,0.0
A,tens,-20,6,digit_1hot:random_orth,200,0.0,0.9599999785423279,3.963441549229108
A,tens,-20,6,digit_circ:all,200,0.014999999664723873,0.7099999785423279,2.3889671157409023
A,tens,-20,6,digit_circ:tens,200,0.014999999664723873,0.7099999785423279,2.3889671157409023
A,tens,-20,6,digit_circ:units,200,0.0,0.9950000047683716,0.0
A,tens,-20,6,digit_circ:random_orth,200,0.0,0.9950000047683716,2.3889671157409023
A,tens,-20,6,both:all,200,0.8349999785423279,0.004999999888241291,4.025084929637762
A,tens,-20,6,both:tens,200,0.8349999785423279,0.004999999888241291,4.025084929637762
A,tens,-20,6,both:units,200,0.0,0.9950000047683716,3.5270550581522395e-15
A,tens,-20,6,both:random_orth,200,0.0,0.9899999499320984,4.025084929637762
A,tens,-20,8,full_swap,200,0.9449999928474426,0.004999999888241291,6.256253242492676
A,tens,-20,8,helix:all,200,0.044999998062849045,0.44999998807907104,2.9117831895128767
A,tens,-20,8,helix:tens,200,0.044999998062849045,0.44999998807907104,2.9117831895128767
A,tens,-20,8,helix:units,200,0.0,0.9950000047683716,4.562201592882413e-15
A,tens,-20,8,helix:random_orth,200,0.0,0.9699999690055847,2.9117831895128767
A,tens,-20,8,digit_1hot:all,200,0.7599999904632568,0.009999999776482582,4.234245374462083
A,tens,-20,8,digit_1hot:tens,200,0.7599999904632568,0.009999999776482582,4.234245374462083
A,tens,-20,8,digit_1hot:units,200,0.0,0.9950000047683716,0.0
A,tens,-20,8,digit_1hot:random_orth,200,0.0,0.9699999690055847,4.234245374462083
A,tens,-20,8,digit_circ:all,200,0.009999999776482582,0.699999988079071,2.5749853529000144
A,tens,-20,8,digit_circ:tens,200,0.009999999776482582,0.699999988079071,2.5749853529000144
A,tens,-20,8,digit_circ:units,200,0.0,0.9950000047683716,0.0
A,tens,-20,8,digit_circ:random_orth,200,0.0,0.9899999499320984,2.5749853529000144
A,tens,-20,8,both:all,200,0.7649999856948853,0.009999999776482582,4.29564106210203
A,tens,-20,8,both:tens,200,0.7649999856948853,0.009999999776482582,4.29564106210203
A,tens,-20,8,both:units,200,0.0,0.9950000047683716,3.825127186772966e-15
A,tens,-20,8,both:random_orth,200,0.0,0.9749999642372131,4.29564106210203
A,tens,-20,10,full_swap,200,0.9399999976158142,0.004999999888241291,6.430556774139404
A,tens,-20,10,helix:all,200,0.044999998062849045,0.4449999928474426,2.97320006442754
A,tens,-20,10,helix:tens,200,0.044999998062849045,0.4449999928474426,2.973200064427539
A,tens,-20,10,helix:units,200,0.0,0.9950000047683716,4.898502079136913e-15
A,tens,-20,10,helix:random_orth,200,0.0,0.9799999594688416,2.97320006442754
A,tens,-20,10,digit_1hot:all,200,0.75,0.009999999776482582,4.311114359813567
A,tens,-20,10,digit_1hot:tens,200,0.75,0.009999999776482582,4.311114359813567
A,tens,-20,10,digit_1hot:units,200,0.0,0.9950000047683716,0.0
A,tens,-20,10,digit_1hot:random_orth,200,0.0,0.9899999499320984,4.311114359813567
A,tens,-20,10,digit_circ:all,200,0.009999999776482582,0.7049999833106995,2.6304785093988152
A,tens,-20,10,digit_circ:tens,200,0.009999999776482582,0.7049999833106995,2.6304785093988152
A,tens,-20,10,digit_circ:units,200,0.0,0.9950000047683716,0.0
A,tens,-20,10,digit_circ:random_orth,200,0.0,0.98499995470047,2.6304785093988152
A,tens,-20,10,both:all,200,0.7549999952316284,0.009999999776482582,4.376410681971372
A,tens,-20,10,both:tens,200,0.7549999952316284,0.009999999776482582,4.376410681971372
A,tens,-20,10,both:units,200,0.0,0.9950000047683716,4.1093910113316604e-15
A,tens,-20,10,both:random_orth,200,0.0,0.9749999642372131,4.376410681971373
A,tens,-20,12,full_swap,200,0.9449999928474426,0.004999999888241291,6.825354099273682
A,tens,-20,12,helix:all,200,0.044999998062849045,0.4650000035762787,3.101707760261423
A,tens,-20,12,helix:tens,200,0.044999998062849045,0.4650000035762787,3.101707760261423
A,tens,-20,12,helix:units,200,0.0,0.9950000047683716,5.7640155455956114e-15
A,tens,-20,12,helix:random_orth,200,0.0,0.9799999594688416,3.101707760261423
A,tens,-20,12,digit_1hot:all,200,0.7649999856948853,0.009999999776482582,4.5505028546491335
A,tens,-20,12,digit_1hot:tens,200,0.7649999856948853,0.009999999776482582,4.5505028546491335
A,tens,-20,12,digit_1hot:units,200,0.0,0.9950000047683716,0.0
A,tens,-20,12,digit_1hot:random_orth,200,0.0,0.9799999594688416,4.5505028546491335
A,tens,-20,12,digit_circ:all,200,0.004999999888241291,0.7249999642372131,2.763747672852404
A,tens,-20,12,digit_circ:tens,200,0.004999999888241291,0.7249999642372131,2.763747672852404
A,tens,-20,12,digit_circ:units,200,0.0,0.9950000047683716,0.0
A,tens,-20,12,digit_circ:random_orth,200,0.0,0.98499995470047,2.763747672852404
A,tens,-20,12,both:all,200,0.7599999904632568,0.009999999776482582,4.61657485396476
A,tens,-20,12,both:tens,200,0.7599999904632568,0.009999999776482582,4.61657485396476
A,tens,-20,12,both:units,200,0.0,0.9950000047683716,4.832517757895804e-15
A,tens,-20,12,both:random_orth,200,0.0,0.9749999642372131,4.61657485396476
A,tens,-20,14,full_swap,200,0.9549999833106995,0.004999999888241291,7.7146315574646
A,tens,-20,14,helix:all,200,0.03500000014901161,0.4699999988079071,3.5200627853888613
A,tens,-20,14,helix:tens,200,0.03500000014901161,0.4699999988079071,3.520062785388861
A,tens,-20,14,helix:units,200,0.0,0.9950000047683716,6.175279140920351e-15
A,tens,-20,14,helix:random_orth,200,0.0,0.9699999690055847,3.5200627853888613
A,tens,-20,14,digit_1hot:all,200,0.7649999856948853,0.009999999776482582,5.249495672145245
A,tens,-20,14,digit_1hot:tens,200,0.7649999856948853,0.009999999776482582,5.249495672145245
A,tens,-20,14,digit_1hot:units,200,0.0,0.9950000047683716,0.0
A,tens,-20,14,digit_1hot:random_orth,200,0.0,0.9649999737739563,5.249495672145245
A,tens,-20,14,digit_circ:all,200,0.004999999888241291,0.7199999690055847,3.1309962048604274
A,tens,-20,14,digit_circ:tens,200,0.004999999888241291,0.7199999690055847,3.1309962048604274
A,tens,-20,14,digit_circ:units,200,0.0,0.9950000047683716,0.0
A,tens,-20,14,digit_circ:random_orth,200,0.0,0.98499995470047,3.1309962048604274
A,tens,-20,14,both:all,200,0.7649999856948853,0.009999999776482582,5.3149298428260865
A,tens,-20,14,both:tens,200,0.7649999856948853,0.009999999776482582,5.314929842826087
A,tens,-20,14,both:units,200,0.0,0.9950000047683716,5.1764972013741e-15
A,tens,-20,14,both:random_orth,200,0.0,0.9799999594688416,5.3149298428260865
A,tens,-20,16,full_swap,200,0.9549999833106995,0.004999999888241291,10.2174711227417
A,tens,-20,16,helix:all,200,0.02499999850988388,0.4749999940395355,4.8006187636009585
A,tens,-20,16,helix:tens,200,0.02499999850988388,0.4749999940395355,4.8006187636009585
A,tens,-20,16,helix:units,200,0.0,0.9950000047683716,7.718611613464661e-15
A,tens,-20,16,helix:random_orth,200,0.0,0.9950000047683716,4.8006187636009585
A,tens,-20,16,digit_1hot:all,200,0.7299999594688416,0.004999999888241291,7.242092464956238
A,tens,-20,16,digit_1hot:tens,200,0.7299999594688416,0.004999999888241291,7.242092464956238
A,tens,-20,16,digit_1hot:units,200,0.0,0.9950000047683716,0.0
A,tens,-20,16,digit_1hot:random_orth,200,0.0,0.9749999642372131,7.242092464956238
A,tens,-20,16,digit_circ:all,200,0.0,0.6850000023841858,4.346365431280921
A,tens,-20,16,digit_circ:tens,200,0.0,0.6850000023841858,4.346365431280921
A,tens,-20,16,digit_circ:units,200,0.0,0.9950000047683716,0.0
A,tens,-20,16,digit_circ:random_orth,200,0.0,0.9799999594688416,4.346365431280921
A,tens,-20,16,both:all,200,0.7450000047683716,0.004999999888241291,7.317617105300874
A,tens,-20,16,both:tens,200,0.7450000047683716,0.004999999888241291,7.317617105300875
A,tens,-20,16,both:units,200,0.0,0.9950000047683716,6.463011550950896e-15
A,tens,-20,16,both:random_orth,200,0.0,0.9549999833106995,7.317617105300874
A,tens,-20,18,full_swap,200,0.7999999523162842,0.07000000029802322,12.141300201416016
A,tens,-20,18,helix:all,200,0.004999999888241291,0.6599999666213989,5.750472117368455
A,tens,-20,18,helix:tens,200,0.004999999888241291,0.6599999666213989,5.750472117368455
A,tens,-20,18,helix:units,200,0.0,0.9950000047683716,8.880419846477447e-15
A,tens,-20,18,helix:random_orth,200,0.0,0.9649999737739563,5.750472117368455
A,tens,-20,18,digit_1hot:all,200,0.5649999976158142,0.11499999463558197,8.6338702470887
A,tens,-20,18,digit_1hot:tens,200,0.5649999976158142,0.11499999463558197,8.6338702470887
A,tens,-20,18,digit_1hot:units,200,0.0,0.9950000047683716,0.0
A,tens,-20,18,digit_1hot:random_orth,200,0.0,0.9699999690055847,8.6338702470887
A,tens,-20,18,digit_circ:all,200,0.0,0.8349999785423279,5.230740484157569
A,tens,-20,18,digit_circ:tens,200,0.0,0.8349999785423279,5.230740484157569
A,tens,-20,18,digit_circ:units,200,0.0,0.9950000047683716,0.0
A,tens,-20,18,digit_circ:random_orth,200,0.0,0.9799999594688416,5.23074048415757
A,tens,-20,18,both:all,200,0.5699999928474426,0.10499999672174454,8.722298333754459
A,tens,-20,18,both:tens,200,0.5699999928474426,0.10499999672174454,8.722298333754459
A,tens,-20,18,both:units,200,0.0,0.9950000047683716,7.437019462299824e-15
A,tens,-20,18,both:random_orth,200,0.0,0.9749999642372131,8.722298333754459
A,tens,-20,20,full_swap,200,0.0,0.9300000071525574,14.583596229553223
A,tens,-20,20,helix:all,200,0.0,0.9699999690055847,7.227987556317805
A,tens,-20,20,helix:tens,200,0.0,0.9699999690055847,7.227987556317805
A,tens,-20,20,helix:units,200,0.0,0.9950000047683716,1.085522655924727e-14
A,tens,-20,20,helix:random_orth,200,0.0,0.98499995470047,7.227987556317805
A,tens,-20,20,digit_1hot:all,200,0.0,0.9350000023841858,10.526260668150485
A,tens,-20,20,digit_1hot:tens,200,0.0,0.9350000023841858,10.526260668150485
A,tens,-20,20,digit_1hot:units,200,0.0,0.9950000047683716,0.0
A,tens,-20,20,digit_1hot:random_orth,200,0.0,0.9699999690055847,10.526260668150485
A,tens,-20,20,digit_circ:all,200,0.0,0.98499995470047,6.396970595141372
A,tens,-20,20,digit_circ:tens,200,0.0,0.98499995470047,6.396970595141372
A,tens,-20,20,digit_circ:units,200,0.0,0.9950000047683716,0.0
A,tens,-20,20,digit_circ:random_orth,200,0.0,0.9899999499320984,6.396970595141372
A,tens,-20,20,both:all,200,0.0,0.9300000071525574,10.637991677209408
A,tens,-20,20,both:tens,200,0.0,0.9300000071525574,10.637991677209408
A,tens,-20,20,both:units,200,0.0,0.9950000047683716,9.092457703086038e-15
A,tens,-20,20,both:random_orth,200,0.0,0.98499995470047,10.637991677209408
A,tens,-10,0,full_swap,200,0.9799999594688416,0.0,4.5259294509887695
A,tens,-10,0,helix:all,200,0.054999999701976776,0.8399999737739563,0.9909996413102402
A,tens,-10,0,helix:tens,200,0.054999999701976776,0.8399999737739563,0.9909996413102402
A,tens,-10,0,helix:units,200,0.0,0.9950000047683716,2.0855591789772324e-15
A,tens,-10,0,helix:random_orth,200,0.0,0.9899999499320984,0.9909996413102402
A,tens,-10,0,digit_1hot:all,200,0.73499995470047,0.07999999821186066,2.358717619075117
A,tens,-10,0,digit_1hot:tens,200,0.73499995470047,0.07999999821186066,2.358717619075117
A,tens,-10,0,digit_1hot:units,200,0.0,0.9950000047683716,0.0
A,tens,-10,0,digit_1hot:random_orth,200,0.0,0.9649999737739563,2.358717619075117
A,tens,-10,0,digit_circ:all,200,0.019999999552965164,0.9449999928474426,0.9196087296608709
A,tens,-10,0,digit_circ:tens,200,0.019999999552965164,0.9449999928474426,0.9196087296608709
A,tens,-10,0,digit_circ:units,200,0.0,0.9950000047683716,0.0
A,tens,-10,0,digit_circ:random_orth,200,0.0,0.9950000047683716,0.9196087296608709
A,tens,-10,0,both:all,200,0.7199999690055847,0.07999999821186066,2.38215907930191
A,tens,-10,0,both:tens,200,0.7199999690055847,0.07999999821186066,2.38215907930191
A,tens,-10,0,both:units,200,0.0,0.9950000047683716,1.745516913805608e-15
A,tens,-10,0,both:random_orth,200,0.0,0.9799999594688416,2.38215907930191
A,tens,-10,2,full_swap,200,0.9799999594688416,0.0,4.497386455535889
A,tens,-10,2,helix:all,200,0.054999999701976776,0.8399999737739563,1.0391968272968055
A,tens,-10,2,helix:tens,200,0.054999999701976776,0.8399999737739563,1.0391968272968055
A,tens,-10,2,helix:units,200,0.0,0.9950000047683716,2.1025965923687076e-15
A,tens,-10,2,helix:random_orth,200,0.004999999888241291,0.9950000047683716,1.0391968272968055
A,tens,-10,2,digit_1hot:all,200,0.73499995470047,0.08999999612569809,2.43331503048694
A,tens,-10,2,digit_1hot:tens,200,0.73499995470047,0.08999999612569809,2.43331503048694
A,tens,-10,2,digit_1hot:units,200,0.0,0.9950000047683716,0.0
A,tens,-10,2,digit_1hot:random_orth,200,0.0,0.9599999785423279,2.43331503048694
A,tens,-10,2,digit_circ:all,200,0.019999999552965164,0.9399999976158142,0.9297275964904873
A,tens,-10,2,digit_circ:tens,200,0.019999999552965164,0.9399999976158142,0.9297275964904873
A,tens,-10,2,digit_circ:units,200,0.0,0.9950000047683716,0.0
A,tens,-10,2,digit_circ:random_orth,200,0.0,1.0,0.9297275964904873
A,tens,-10,2,both:all,200,0.7299999594688416,0.08999999612569809,2.4543935786968274
A,tens,-10,2,both:tens,200,0.7299999594688416,0.08999999612569809,2.4543935786968274
A,tens,-10,2,both:units,200,0.0,0.9950000047683716,1.7612073037089137e-15
A,tens,-10,2,both:random_orth,200,0.0,0.9649999737739563,2.4543935786968274
A,tens,-10,4,full_swap,200,0.9699999690055847,0.004999999888241291,5.042645454406738
A,tens,-10,4,helix:all,200,0.054999999701976776,0.824999988079071,1.251016185028536
A,tens,-10,4,helix:tens,200,0.054999999701976776,0.824999988079071,1.251016185028536
A,tens,-10,4,helix:units,200,0.0,0.9950000047683716,2.4195866289085665e-15
A,tens,-10,4,helix:random_orth,200,0.0,0.9899999499320984,1.251016185028536
A,tens,-10,4,digit_1hot:all,200,0.73499995470047,0.09999999403953552,2.806913132581162
A,tens,-10,4,digit_1hot:tens,200,0.73499995470047,0.09999999403953552,2.806913132581162
A,tens,-10,4,digit_1hot:units,200,0.0,0.9950000047683716,0.0
A,tens,-10,4,digit_1hot:random_orth,200,0.0,0.9899999499320984,2.806913132581162
A,tens,-10,4,digit_circ:all,200,0.02499999850988388,0.9350000023841858,1.0985272489260975
A,tens,-10,4,digit_circ:tens,200,0.02499999850988388,0.9350000023841858,1.0985272489260975
A,tens,-10,4,digit_circ:units,200,0.0,0.9950000047683716,0.0
A,tens,-10,4,digit_circ:random_orth,200,0.0,0.9899999499320984,1.0985272489260975
A,tens,-10,4,both:all,200,0.75,0.09999999403953552,2.8298875657623004
A,tens,-10,4,both:tens,200,0.75,0.09999999403953552,2.8298875657623004
A,tens,-10,4,both:units,200,0.0,0.9950000047683716,2.0261343902986364e-15
A,tens,-10,4,both:random_orth,200,0.004999999888241291,0.9950000047683716,2.8298875657623004
A,tens,-10,6,full_swap,200,0.9699999690055847,0.004999999888241291,5.515090465545654
A,tens,-10,6,helix:all,200,0.054999999701976776,0.8449999690055847,1.4663912497482798
A,tens,-10,6,helix:tens,200,0.054999999701976776,0.8449999690055847,1.4663912497482798
A,tens,-10,6,helix:units,200,0.0,0.9950000047683716,2.7155154754056548e-15
A,tens,-10,6,helix:random_orth,200,0.0,0.98499995470047,1.46639124974828
A,tens,-10,6,digit_1hot:all,200,0.73499995470047,0.0949999988079071,3.1882509910151424
A,tens,-10,6,digit_1hot:tens,200,0.73499995470047,0.0949999988079071,3.1882509910151424
A,tens,-10,6,digit_1hot:units,200,0.0,0.9950000047683716,0.0
A,tens,-10,6,digit_1hot:random_orth,200,0.0,0.9799999594688416,3.1882509910151424
A,tens,-10,6,digit_circ:all,200,0.02499999850988388,0.9399999976158142,1.2616830714495575
A,tens,-10,6,digit_circ:tens,200,0.02499999850988388,0.9399999976158142,1.2616830714495575
A,tens,-10,6,digit_circ:units,200,0.0,0.9950000047683716,0.0
A,tens,-10,6,digit_circ:random_orth,200,0.0,0.9950000047683716,1.2616830714495575
A,tens,-10,6,both:all,200,0.73499995470047,0.0949999988079071,3.213878491185221
A,tens,-10,6,both:tens,200,0.73499995470047,0.0949999988079071,3.213878491185221
A,tens,-10,6,both:units,200,0.0,0.9950000047683716,2.2759533991055737e-15
A,tens,-10,6,both:random_orth,200,0.0,0.9899999499320984,3.213878491185221
A,tens,-10,8,full_swap,200,0.9549999833106995,0.009999999776482582,5.782715320587158
A,tens,-10,8,helix:all,200,0.054999999701976776,0.85999995470047,1.5817162165840537
A,tens,-10,8,helix:tens,200,0.054999999701976776,0.85999995470047,1.5817162165840537
A,tens,-10,8,helix:units,200,0.0,0.9950000047683716,2.932042828411246e-15
A,tens,-10,8,helix:random_orth,200,0.0,0.9950000047683716,1.5817162165840537
A,tens,-10,8,digit_1hot:all,200,0.7149999737739563,0.09999999403953552,3.3972071569780975
A,tens,-10,8,digit_1hot:tens,200,0.7149999737739563,0.09999999403953552,3.3972071569780975
A,tens,-10,8,digit_1hot:units,200,0.0,0.9950000047683716,0.0
A,tens,-10,8,digit_1hot:random_orth,200,0.0,0.9749999642372131,3.3972071569780975
A,tens,-10,8,digit_circ:all,200,0.02499999850988388,0.9399999976158142,1.3627209789816503
A,tens,-10,8,digit_circ:tens,200,0.02499999850988388,0.9399999976158142,1.3627209789816503
A,tens,-10,8,digit_circ:units,200,0.0,0.9950000047683716,0.0
A,tens,-10,8,digit_circ:random_orth,200,0.0,1.0,1.3627209789816503
A,tens,-10,8,both:all,200,0.7299999594688416,0.09999999403953552,3.4245926042589976
A,tens,-10,8,both:tens,200,0.7299999594688416,0.09999999403953552,3.4245926042589976
A,tens,-10,8,both:units,200,0.0,0.9950000047683716,2.460238079413014e-15
A,tens,-10,8,both:random_orth,200,0.0,1.0,3.4245926042589976
A,tens,-10,10,full_swap,200,0.9549999833106995,0.009999999776482582,5.971370220184326
A,tens,-10,10,helix:all,200,0.054999999701976776,0.85999995470047,1.6130915820867506
A,tens,-10,10,helix:tens,200,0.054999999701976776,0.85999995470047,1.6130915820867502
A,tens,-10,10,helix:units,200,0.0,0.9950000047683716,3.1486108342157196e-15
A,tens,-10,10,helix:random_orth,200,0.0,0.9950000047683716,1.6130915820867506
A,tens,-10,10,digit_1hot:all,200,0.7199999690055847,0.0949999988079071,3.4656157675737664
A,tens,-10,10,digit_1hot:tens,200,0.7199999690055847,0.0949999988079071,3.4656157675737664
A,tens,-10,10,digit_1hot:units,200,0.0,0.9950000047683716,0.0
A,tens,-10,10,digit_1hot:random_orth,200,0.0,0.9899999499320984,3.465615767573766
A,tens,-10,10,digit_circ:all,200,0.02499999850988388,0.9350000023841858,1.3942712092894483
A,tens,-10,10,digit_circ:tens,200,0.02499999850988388,0.9350000023841858,1.3942712092894483
A,tens,-10,10,digit_circ:units,200,0.0,0.9950000047683716,0.0
A,tens,-10,10,digit_circ:random_orth,200,0.0,0.9950000047683716,1.3942712092894483
A,tens,-10,10,both:all,200,0.7249999642372131,0.09999999403953552,3.4958415094450697
A,tens,-10,10,both:tens,200,0.7249999642372131,0.09999999403953552,3.4958415094450697
A,tens,-10,10,both:units,200,0.0,0.9950000047683716,2.643332662565207e-15
A,tens,-10,10,both:random_orth,200,0.004999999888241291,0.98499995470047,3.4958415094450697
A,tens,-10,12,full_swap,200,0.9549999833106995,0.009999999776482582,6.352639198303223
A,tens,-10,12,helix:all,200,0.054999999701976776,0.875,1.6809769490004982
A,tens,-10,12,helix:tens,200,0.054999999701976776,0.875,1.680976949000498
A,tens,-10,12,helix:units,200,0.0,0.9950000047683716,3.704293750189215e-15
A,tens,-10,12,helix:random_orth,200,0.0,1.0,1.6809769490004982
A,tens,-10,12,digit_1hot:all,200,0.7149999737739563,0.10499999672174454,3.669731558372995
A,tens,-10,12,digit_1hot:tens,200,0.7149999737739563,0.10499999672174454,3.669731558372995
A,tens,-10,12,digit_1hot:units,200,0.0,0.9950000047683716,0.0
A,tens,-10,12,digit_1hot:random_orth,200,0.0,0.98499995470047,3.669731558372994
A,tens,-10,12,digit_circ:all,200,0.019999999552965164,0.9399999976158142,1.469419807373003
A,tens,-10,12,digit_circ:tens,200,0.019999999552965164,0.9399999976158142,1.469419807373003
A,tens,-10,12,digit_circ:units,200,0.0,0.9950000047683716,0.0
A,tens,-10,12,digit_circ:random_orth,200,0.0,0.9950000047683716,1.469419807373003
A,tens,-10,12,both:all,200,0.7249999642372131,0.09999999403953552,3.702202379232366
A,tens,-10,12,both:tens,200,0.7249999642372131,0.09999999403953552,3.702202379232366
A,tens,-10,12,both:units,200,0.0,0.9950000047683716,3.107547652095129e-15
A,tens,-10,12,both:random_orth,200,0.0,0.9899999499320984,3.702202379232366
A,tens,-10,14,full_swap,200,0.9549999833106995,0.009999999776482582,7.141814708709717
A,tens,-10,14,helix:all,200,0.04999999701976776,0.8700000047683716,1.8973131455590642
A,tens,-10,14,helix:tens,200,0.04999999701976776,0.8700000047683716,1.8973131455590642
A,tens,-10,14,helix:units,200,0.0,0.9950000047683716,3.96834652098652e-15
A,tens,-10,14,helix:random_orth,200,0.0,0.9950000047683716,1.8973131455590642
A,tens,-10,14,digit_1hot:all,200,0.7299999594688416,0.09999999403953552,4.2089856751029515
A,tens,-10,14,digit_1hot:tens,200,0.7299999594688416,0.09999999403953552,4.2089856751029515
A,tens,-10,14,digit_1hot:units,200,0.0,0.9950000047683716,0.0
A,tens,-10,14,digit_1hot:random_orth,200,0.004999999888241291,0.98499995470047,4.2089856751029515
A,tens,-10,14,digit_circ:all,200,0.02499999850988388,0.9399999976158142,1.6655130516638308
A,tens,-10,14,digit_circ:tens,200,0.02499999850988388,0.9399999976158142,1.6655130516638308
A,tens,-10,14,digit_circ:units,200,0.0,0.9950000047683716,0.0
A,tens,-10,14,digit_circ:random_orth,200,0.0,1.0,1.6655130516638308
A,tens,-10,14,both:all,200,0.7400000095367432,0.0949999988079071,4.2422141343065345
A,tens,-10,14,both:tens,200,0.7400000095367432,0.0949999988079071,4.2422141343065345
A,tens,-10,14,both:units,200,0.0,0.9950000047683716,3.3276448326740804e-15
A,tens,-10,14,both:random_orth,200,0.0,0.9799999594688416,4.2422141343065345
A,tens,-10,16,full_swap,200,0.949999988079071,0.009999999776482582,9.38501262664795
A,tens,-10,16,helix:all,200,0.054999999701976776,0.8299999833106995,2.5807661656439054
A,tens,-10,16,helix:tens,200,0.054999999701976776,0.8299999833106995,2.5807661656439054
A,tens,-10,16,helix:units,200,0.0,0.9950000047683716,4.976130970343411e-15
A,tens,-10,16,helix:random_orth,200,0.004999999888241291,0.9950000047683716,2.5807661656439054
A,tens,-10,16,digit_1hot:all,200,0.699999988079071,0.09999999403953552,5.756868249185882
A,tens,-10,16,digit_1hot:tens,200,0.699999988079071,0.09999999403953552,5.756868249185882
A,tens,-10,16,digit_1hot:units,200,0.0,0.9950000047683716,0.0
A,tens,-10,16,digit_1hot:random_orth,200,0.0,0.9899999499320984,5.756868249185882
A,tens,-10,16,digit_circ:all,200,0.029999999329447746,0.9099999666213989,2.3141632694661283
A,tens,-10,16,digit_circ:tens,200,0.029999999329447746,0.9099999666213989,2.3141632694661283
A,tens,-10,16,digit_circ:units,200,0.0,0.9950000047683716,0.0
A,tens,-10,16,digit_circ:random_orth,200,0.0,0.9950000047683716,2.3141632694661283
A,tens,-10,16,both:all,200,0.7099999785423279,0.09999999403953552,5.7936053453140035
A,tens,-10,16,both:tens,200,0.7099999785423279,0.09999999403953552,5.7936053453140035
A,tens,-10,16,both:units,200,0.0,0.9950000047683716,4.167572044442056e-15
A,tens,-10,16,both:random_orth,200,0.0,0.9899999499320984,5.7936053453140035
A,tens,-10,18,full_swap,200,0.8499999642372131,0.11999999731779099,11.098553657531738
A,tens,-10,18,helix:all,200,0.03500000014901161,0.8949999809265137,3.098989308802518
A,tens,-10,18,helix:tens,200,0.03500000014901161,0.8949999809265137,3.098989308802518
A,tens,-10,18,helix:units,200,0.0,0.9950000047683716,5.722439974111476e-15
A,tens,-10,18,helix:random_orth,200,0.0,0.9950000047683716,3.098989308802518
A,tens,-10,18,digit_1hot:all,200,0.5600000023841858,0.25,6.829218989535134
A,tens,-10,18,digit_1hot:tens,200,0.5600000023841858,0.25,6.829218989535134
A,tens,-10,18,digit_1hot:units,200,0.0,0.9950000047683716,0.0
A,tens,-10,18,digit_1hot:random_orth,200,0.0,0.9950000047683716,6.829218989535133
A,tens,-10,18,digit_circ:all,200,0.02499999850988388,0.9399999976158142,2.7883078918935875
A,tens,-10,18,digit_circ:tens,200,0.02499999850988388,0.9399999976158142,2.7883078918935875
A,tens,-10,18,digit_circ:units,200,0.0,0.9950000047683716,0.0
A,tens,-10,18,digit_circ:random_orth,200,0.0,1.0,2.7883078918935875
A,tens,-10,18,both:all,200,0.5699999928474426,0.2549999952316284,6.873467091115076
A,tens,-10,18,both:tens,200,0.5699999928474426,0.2549999952316284,6.873467091115076
A,tens,-10,18,both:units,200,0.0,0.9950000047683716,4.7927927751574454e-15
A,tens,-10,18,both:random_orth,200,0.0,0.9950000047683716,6.873467091115076
A,tens,-10,20,full_swap,200,0.044999998062849045,0.9249999523162842,13.256808280944824
A,tens,-10,20,helix:all,200,0.0,0.98499995470047,3.89866168243315
A,tens,-10,20,helix:tens,200,0.0,0.98499995470047,3.89866168243315
A,tens,-10,20,helix:units,200,0.0,0.9950000047683716,7.0136348145311976e-15
A,tens,-10,20,helix:random_orth,200,0.0,0.9950000047683716,3.8986616824331497
A,tens,-10,20,digit_1hot:all,200,0.02499999850988388,0.9449999928474426,8.228550244401072
A,tens,-10,20,digit_1hot:tens,200,0.02499999850988388,0.9449999928474426,8.228550244401072
A,tens,-10,20,digit_1hot:units,200,0.0,0.9950000047683716,0.0
A,tens,-10,20,digit_1hot:random_orth,200,0.0,1.0,8.228550244401072
A,tens,-10,20,digit_circ:all,200,0.0,0.9950000047683716,3.4045666059821458
A,tens,-10,20,digit_circ:tens,200,0.0,0.9950000047683716,3.4045666059821458
A,tens,-10,20,digit_circ:units,200,0.0,0.9950000047683716,0.0
A,tens,-10,20,digit_circ:random_orth,200,0.0,1.0,3.4045666059821458
A,tens,-10,20,both:all,200,0.02499999850988388,0.949999988079071,8.282587639852904
A,tens,-10,20,both:tens,200,0.02499999850988388,0.949999988079071,8.282587639852904
A,tens,-10,20,both:units,200,0.0,0.9950000047683716,5.8739125642974306e-15
A,tens,-10,20,both:random_orth,200,0.0,0.9950000047683716,8.282587639852906
A,tens,10,0,full_swap,200,0.9350000023841858,0.004999999888241291,4.559967041015625
A,tens,10,0,helix:all,200,0.004999999888241291,0.9799999594688416,0.9996035928964574
A,tens,10,0,helix:tens,200,0.004999999888241291,0.9799999594688416,0.9996035928964574
A,tens,10,0,helix:units,200,0.0,1.0,1.930048204716731e-15
A,tens,10,0,helix:random_orth,200,0.0,0.98499995470047,0.9996035928964573
A,tens,10,0,digit_1hot:all,200,0.5999999642372131,0.23999999463558197,2.38549593461199
A,tens,10,0,digit_1hot:tens,200,0.5999999642372131,0.23999999463558197,2.38549593461199
A,tens,10,0,digit_1hot:units,200,0.0,1.0,0.0
A,tens,10,0,digit_1hot:random_orth,200,0.0,0.9749999642372131,2.38549593461199
A,tens,10,0,digit_circ:all,200,0.0,0.9950000047683716,0.9156443726491296
A,tens,10,0,digit_circ:tens,200,0.0,0.9950000047683716,0.9156443726491296
A,tens,10,0,digit_circ:units,200,0.0,1.0,0.0
A,tens,10,0,digit_circ:random_orth,200,0.0,0.9899999499320984,0.9156443726491296
A,tens,10,0,both:all,200,0.5949999690055847,0.25,2.409319483209317
A,tens,10,0,both:tens,200,0.5949999690055847,0.25,2.409319483209317
A,tens,10,0,both:units,200,0.0,1.0,1.6127553104400263e-15
A,tens,10,0,both:random_orth,200,0.0,0.9799999594688416,2.409319483209317
A,tens,10,2,full_swap,200,0.9350000023841858,0.004999999888241291,4.530745983123779
A,tens,10,2,helix:all,200,0.004999999888241291,0.9749999642372131,1.0442868993094208
A,tens,10,2,helix:tens,200,0.004999999888241291,0.9749999642372131,1.0442868993094208
A,tens,10,2,helix:units,200,0.0,1.0,1.944497450040062e-15
A,tens,10,2,helix:random_orth,200,0.0,0.9950000047683716,1.0442868993094208
A,tens,10,2,digit_1hot:all,200,0.550000011920929,0.2800000011920929,2.4594630551115633
A,tens,10,2,digit_1hot:tens,200,0.550000011920929,0.2800000011920929,2.4594630551115633
A,tens,10,2,digit_1hot:units,200,0.0,1.0,0.0
A,tens,10,2,digit_1hot:random_orth,200,0.0,0.9799999594688416,2.4594630551115633
A,tens,10,2,digit_circ:all,200,0.0,0.9950000047683716,0.9257397503040611
A,tens,10,2,digit_circ:tens,200,0.0,0.9950000047683716,0.9257397503040611
A,tens,10,2,digit_circ:units,200,0.0,1.0,0.0
A,tens,10,2,digit_circ:random_orth,200,0.0,0.9950000047683716,0.9257397503040611
A,tens,10,2,both:all,200,0.5399999618530273,0.2849999964237213,2.4800414546469423
A,tens,10,2,both:tens,200,0.5399999618530273,0.2849999964237213,2.4800414546469423
A,tens,10,2,both:units,200,0.0,1.0,1.6257703546762514e-15
A,tens,10,2,both:random_orth,200,0.0,0.9749999642372131,2.4800414546469423
A,tens,10,4,full_swap,200,0.8999999761581421,0.014999999664723873,5.067411422729492
A,tens,10,4,helix:all,200,0.004999999888241291,0.9799999594688416,1.2537469606544678
A,tens,10,4,helix:tens,200,0.004999999888241291,0.9799999594688416,1.2537469606544678
A,tens,10,4,helix:units,200,0.0,1.0,2.232269793898669e-15
A,tens,10,4,helix:random_orth,200,0.0,1.0,1.2537469606544678
A,tens,10,4,digit_1hot:all,200,0.5249999761581421,0.3100000023841858,2.836490016438173
A,tens,10,4,digit_1hot:tens,200,0.5249999761581421,0.3100000023841858,2.836490016438173
A,tens,10,4,digit_1hot:units,200,0.0,1.0,0.0
A,tens,10,4,digit_1hot:random_orth,200,0.0,0.9799999594688416,2.836490016438173
A,tens,10,4,digit_circ:all,200,0.0,0.9950000047683716,1.0948328930953206
A,tens,10,4,digit_circ:tens,200,0.0,0.9950000047683716,1.0948328930953206
A,tens,10,4,digit_circ:units,200,0.0,1.0,0.0
A,tens,10,4,digit_circ:random_orth,200,0.0,0.9950000047683716,1.0948328930953206
A,tens,10,4,both:all,200,0.5249999761581421,0.3100000023841858,2.857778453590543
A,tens,10,4,both:tens,200,0.5249999761581421,0.3100000023841858,2.8577784535905426
A,tens,10,4,both:units,200,0.0,1.0,1.8658530804371804e-15
A,tens,10,4,both:random_orth,200,0.0,0.9749999642372131,2.857778453590543
A,tens,10,6,full_swap,200,0.8549999594688416,0.02499999850988388,5.551999568939209
A,tens,10,6,helix:all,200,0.0,0.9799999594688416,1.4651591232799308
A,tens,10,6,helix:tens,200,0.0,0.9799999594688416,1.4651591232799308
A,tens,10,6,helix:units,200,0.0,1.0,2.4932754145859646e-15
A,tens,10,6,helix:random_orth,200,0.0,0.9950000047683716,1.4651591232799308
A,tens,10,6,digit_1hot:all,200,0.47999998927116394,0.32999998331069946,3.214839108949127
A,tens,10,6,digit_1hot:tens,200,0.47999998927116394,0.32999998331069946,3.214839108949127
A,tens,10,6,digit_1hot:units,200,0.0,1.0,0.0
A,tens,10,6,digit_1hot:random_orth,200,0.0,0.9799999594688416,3.2148391089491275
A,tens,10,6,digit_circ:all,200,0.0,0.9950000047683716,1.2566130480715727
A,tens,10,6,digit_circ:tens,200,0.0,0.9950000047683716,1.2566130480715727
A,tens,10,6,digit_circ:units,200,0.0,1.0,0.0
A,tens,10,6,digit_circ:random_orth,200,0.0,0.9950000047683716,1.2566130480715725
A,tens,10,6,both:all,200,0.4899999797344208,0.32999998331069946,3.2378825445372184
A,tens,10,6,both:tens,200,0.4899999797344208,0.32999998331069946,3.2378825445372184
A,tens,10,6,both:units,200,0.0,1.0,2.0851402526839262e-15
A,tens,10,6,both:random_orth,200,0.0,0.9749999642372131,3.2378825445372184
A,tens,10,8,full_swap,200,0.8449999690055847,0.02499999850988388,5.822317123413086
A,tens,10,8,helix:all,200,0.0,0.98499995470047,1.5788261688600356
A,tens,10,8,helix:tens,200,0.0,0.98499995470047,1.5788261688600351
A,tens,10,8,helix:units,200,0.0,1.0,2.674607969755753e-15
A,tens,10,8,helix:random_orth,200,0.0,0.9899999499320984,1.5788261688600356
A,tens,10,8,digit_1hot:all,200,0.47999998927116394,0.32499998807907104,3.4255030021506663
A,tens,10,8,digit_1hot:tens,200,0.47999998927116394,0.32499998807907104,3.4255030021506663
A,tens,10,8,digit_1hot:units,200,0.0,1.0,0.0
A,tens,10,8,digit_1hot:random_orth,200,0.0,0.9950000047683716,3.4255030021506663
A,tens,10,8,digit_circ:all,200,0.0,0.9899999499320984,1.357279946929046
A,tens,10,8,digit_circ:tens,200,0.0,0.9899999499320984,1.357279946929046
A,tens,10,8,digit_circ:units,200,0.0,1.0,0.0
A,tens,10,8,digit_circ:random_orth,200,0.0,1.0,1.357279946929046
A,tens,10,8,both:all,200,0.4699999988079071,0.32499998807907104,3.447936900925604
A,tens,10,8,both:tens,200,0.4699999988079071,0.32499998807907104,3.447936900925604
A,tens,10,8,both:units,200,0.0,1.0,2.2377272040745493e-15
A,tens,10,8,both:random_orth,200,0.0,0.9950000047683716,3.447936900925604
A,tens,10,10,full_swap,200,0.8499999642372131,0.02499999850988388,6.012643337249756
A,tens,10,10,helix:all,200,0.0,0.98499995470047,1.6083637635515644
A,tens,10,10,helix:tens,200,0.0,0.98499995470047,1.6083637635515646
A,tens,10,10,helix:units,200,0.0,1.0,2.8616192046943924e-15
A,tens,10,10,helix:random_orth,200,0.0,0.9950000047683716,1.6083637635515644
A,tens,10,10,digit_1hot:all,200,0.5,0.29999998211860657,3.4968227277030994
A,tens,10,10,digit_1hot:tens,200,0.5,0.29999998211860657,3.4968227277030994
A,tens,10,10,digit_1hot:units,200,0.0,1.0,0.0
A,tens,10,10,digit_1hot:random_orth,200,0.0,0.9899999499320984,3.4968227277030994
A,tens,10,10,digit_circ:all,200,0.0,0.9899999499320984,1.3877062691581312
A,tens,10,10,digit_circ:tens,200,0.0,0.9899999499320984,1.3877062691581312
A,tens,10,10,digit_circ:units,200,0.0,1.0,0.0
A,tens,10,10,digit_circ:random_orth,200,0.0,0.9950000047683716,1.3877062691581312
A,tens,10,10,both:all,200,0.48499998450279236,0.3149999976158142,3.519582502277763
A,tens,10,10,both:tens,200,0.48499998450279236,0.3149999976158142,3.519582502277763
A,tens,10,10,both:units,200,0.0,1.0,2.394455690446487e-15
A,tens,10,10,both:random_orth,200,0.0,0.9799999594688416,3.5195825022777636
A,tens,10,12,full_swap,200,0.8549999594688416,0.02499999850988388,6.407066822052002
A,tens,10,12,helix:all,200,0.0,0.98499995470047,1.6759662638081168
A,tens,10,12,helix:tens,200,0.0,0.98499995470047,1.675966263808117
A,tens,10,12,helix:units,200,0.0,1.0,3.3818148102169544e-15
A,tens,10,12,helix:random_orth,200,0.0,0.9950000047683716,1.6759662638081168
A,tens,10,12,digit_1hot:all,200,0.4949999749660492,0.2849999964237213,3.710883248858292
A,tens,10,12,digit_1hot:tens,200,0.4949999749660492,0.2849999964237213,3.710883248858292
A,tens,10,12,digit_1hot:units,200,0.0,1.0,0.0
A,tens,10,12,digit_1hot:random_orth,200,0.0,0.9899999499320984,3.710883248858292
A,tens,10,12,digit_circ:all,200,0.0,0.9899999499320984,1.4604011781910222
A,tens,10,12,digit_circ:tens,200,0.0,0.9899999499320984,1.4604011781910222
A,tens,10,12,digit_circ:units,200,0.0,1.0,0.0
A,tens,10,12,digit_circ:random_orth,200,0.0,0.9950000047683716,1.460401178191022
A,tens,10,12,both:all,200,0.48499998450279236,0.29999998211860657,3.7320261361902967
A,tens,10,12,both:tens,200,0.48499998450279236,0.29999998211860657,3.7320261361902967
A,tens,10,12,both:units,200,0.0,1.0,2.8281055142178008e-15
A,tens,10,12,both:random_orth,200,0.0,0.9899999499320984,3.7320261361902967
A,tens,10,14,full_swap,200,0.8449999690055847,0.029999999329447746,7.198817253112793
A,tens,10,14,helix:all,200,0.004999999888241291,0.9799999594688416,1.8870959453203173
A,tens,10,14,helix:tens,200,0.004999999888241291,0.9799999594688416,1.8870959453203175
A,tens,10,14,helix:units,200,0.0,1.0,3.632205779251826e-15
A,tens,10,14,helix:random_orth,200,0.0,0.98499995470047,1.8870959453203175
A,tens,10,14,digit_1hot:all,200,0.4949999749660492,0.3050000071525574,4.254300056172181
A,tens,10,14,digit_1hot:tens,200,0.4949999749660492,0.3050000071525574,4.254300056172181
A,tens,10,14,digit_1hot:units,200,0.0,1.0,0.0
A,tens,10,14,digit_1hot:random_orth,200,0.0,0.9749999642372131,4.254300056172181
A,tens,10,14,digit_circ:all,200,0.0,0.98499995470047,1.6531245986327954
A,tens,10,14,digit_circ:tens,200,0.0,0.98499995470047,1.6531245986327954
A,tens,10,14,digit_circ:units,200,0.0,1.0,0.0
A,tens,10,14,digit_circ:random_orth,200,0.0,0.9950000047683716,1.6531245986327954
A,tens,10,14,both:all,200,0.4949999749660492,0.3149999976158142,4.271242867294401
A,tens,10,14,both:tens,200,0.4949999749660492,0.3149999976158142,4.271242867294402
A,tens,10,14,both:units,200,0.0,1.0,3.035953909847823e-15
A,tens,10,14,both:random_orth,200,0.0,0.9799999594688416,4.271242867294401
A,tens,10,16,full_swap,200,0.8799999952316284,0.029999999329447746,9.442977905273438
A,tens,10,16,helix:all,200,0.009999999776482582,0.9599999785423279,2.5702321014566376
A,tens,10,16,helix:tens,200,0.009999999776482582,0.9599999785423279,2.570232101456638
A,tens,10,16,helix:units,200,0.0,1.0,4.583221736375088e-15
A,tens,10,16,helix:random_orth,200,0.0,0.9899999499320984,2.5702321014566376
A,tens,10,16,digit_1hot:all,200,0.5049999952316284,0.2849999964237213,5.802909336308732
A,tens,10,16,digit_1hot:tens,200,0.5049999952316284,0.2849999964237213,5.802909336308732
A,tens,10,16,digit_1hot:units,200,0.0,1.0,0.0
A,tens,10,16,digit_1hot:random_orth,200,0.0,0.9749999642372131,5.802909336308732
A,tens,10,16,digit_circ:all,200,0.0,0.98499995470047,2.296558596387968
A,tens,10,16,digit_circ:tens,200,0.0,0.98499995470047,2.296558596387968
A,tens,10,16,digit_circ:units,200,0.0,1.0,0.0
A,tens,10,16,digit_circ:random_orth,200,0.0,1.0,2.296558596387968
A,tens,10,16,both:all,200,0.5099999904632568,0.2750000059604645,5.822862155264091
A,tens,10,16,both:tens,200,0.5099999904632568,0.2750000059604645,5.822862155264091
A,tens,10,16,both:units,200,0.0,1.0,3.827920382466843e-15
A,tens,10,16,both:random_orth,200,0.0,0.9699999690055847,5.822862155264091
A,tens,10,18,full_swap,200,0.6049999594688416,0.20999999344348907,11.153829574584961
A,tens,10,18,helix:all,200,0.0,0.9799999594688416,3.0922298921682527
A,tens,10,18,helix:tens,200,0.0,0.9799999594688416,3.0922298921682527
A,tens,10,18,helix:units,200,0.0,1.0,5.265159577871603e-15
A,tens,10,18,helix:random_orth,200,0.0,0.9950000047683716,3.0922298921682527
A,tens,10,18,digit_1hot:all,200,0.3649999797344208,0.44999998807907104,6.901398384201107
A,tens,10,18,digit_1hot:tens,200,0.3649999797344208,0.44999998807907104,6.901398384201107
A,tens,10,18,digit_1hot:units,200,0.0,1.0,0.0
A,tens,10,18,digit_1hot:random_orth,200,0.0,0.9899999499320984,6.901398384201107
A,tens,10,18,digit_circ:all,200,0.0,0.9950000047683716,2.766614650841401
A,tens,10,18,digit_circ:tens,200,0.0,0.9950000047683716,2.766614650841401
A,tens,10,18,digit_circ:units,200,0.0,1.0,0.0
A,tens,10,18,digit_circ:random_orth,200,0.0,0.9950000047683716,2.766614650841402
A,tens,10,18,both:all,200,0.3649999797344208,0.44999998807907104,6.921242634959803
A,tens,10,18,both:tens,200,0.3649999797344208,0.44999998807907104,6.921242634959803
A,tens,10,18,both:units,200,0.0,1.0,4.396748851899556e-15
A,tens,10,18,both:random_orth,200,0.0,0.9799999594688416,6.921242634959803
A,tens,10,20,full_swap,200,0.0,0.9599999785423279,13.33960247039795
A,tens,10,20,helix:all,200,0.0,1.0,3.8795642821099796
A,tens,10,20,helix:tens,200,0.0,1.0,3.8795642821099796
A,tens,10,20,helix:units,200,0.0,1.0,6.482663908990188e-15
A,tens,10,20,helix:random_orth,200,0.0,1.0,3.8795642821099796
A,tens,10,20,digit_1hot:all,200,0.0,0.9649999737739563,8.306236135959477
A,tens,10,20,digit_1hot:tens,200,0.0,0.9649999737739563,8.306236135959477
A,tens,10,20,digit_1hot:units,200,0.0,1.0,0.0
A,tens,10,20,digit_1hot:random_orth,200,0.0,0.9950000047683716,8.306236135959477
A,tens,10,20,digit_circ:all,200,0.0,1.0,3.378759969286574
A,tens,10,20,digit_circ:tens,200,0.0,1.0,3.378759969286574
A,tens,10,20,digit_circ:units,200,0.0,1.0,0.0
A,tens,10,20,digit_circ:random_orth,200,0.0,1.0,3.378759969286574
A,tens,10,20,both:all,200,0.0,0.9649999737739563,8.333772543285194
A,tens,10,20,both:tens,200,0.0,0.9649999737739563,8.333772543285194
A,tens,10,20,both:units,200,0.0,1.0,5.41386194899519e-15
A,tens,10,20,both:random_orth,200,0.0,0.9899999499320984,8.333772543285194
A,tens,20,0,full_swap,200,0.9649999737739563,0.0,4.835853576660156
A,tens,20,0,helix:all,200,0.004999999888241291,0.8799999952316284,1.8317675073906767
A,tens,20,0,helix:tens,200,0.004999999888241291,0.8799999952316284,1.8317675073906765
A,tens,20,0,helix:units,200,0.0,1.0,3.105197893320159e-15
A,tens,20,0,helix:random_orth,200,0.0,0.9749999642372131,1.8317675073906767
A,tens,20,0,digit_1hot:all,200,0.6850000023841858,0.004999999888241291,2.8528987889536177
A,tens,20,0,digit_1hot:tens,200,0.6850000023841858,0.004999999888241291,2.8528987889536177
A,tens,20,0,digit_1hot:units,200,0.0,1.0,0.0
A,tens,20,0,digit_1hot:random_orth,200,0.0,0.9899999499320984,2.8528987889536177
A,tens,20,0,digit_circ:all,200,0.0,0.9599999785423279,1.7190742880450196
A,tens,20,0,digit_circ:tens,200,0.0,0.9599999785423279,1.7190742880450196
A,tens,20,0,digit_circ:units,200,0.0,1.0,0.0
A,tens,20,0,digit_circ:random_orth,200,0.0,0.9899999499320984,1.7190742880450196
A,tens,20,0,both:all,200,0.7249999642372131,0.004999999888241291,2.9263772113167623
A,tens,20,0,both:tens,200,0.7249999642372131,0.004999999888241291,2.9263772113167623
A,tens,20,0,both:units,200,0.0,1.0,2.6048198430091498e-15
A,tens,20,0,both:random_orth,200,0.0,0.9749999642372131,2.9263772113167623
A,tens,20,2,full_swap,200,0.949999988079071,0.0,4.780936241149902
A,tens,20,2,helix:all,200,0.0,0.8999999761581421,1.9202361975367317
A,tens,20,2,helix:tens,200,0.0,0.8999999761581421,1.9202361975367312
A,tens,20,2,helix:units,200,0.0,1.0,3.1333987904499748e-15
A,tens,20,2,helix:random_orth,200,0.0,0.98499995470047,1.9202361975367312
A,tens,20,2,digit_1hot:all,200,0.6299999952316284,0.02499999850988388,2.9381867827658312
A,tens,20,2,digit_1hot:tens,200,0.6299999952316284,0.02499999850988388,2.9381867827658312
A,tens,20,2,digit_1hot:units,200,0.0,1.0,0.0
A,tens,20,2,digit_1hot:random_orth,200,0.0,0.9449999928474426,2.9381867827658312
A,tens,20,2,digit_circ:all,200,0.0,0.9649999737739563,1.740402454945996
A,tens,20,2,digit_circ:tens,200,0.0,0.9649999737739563,1.740402454945996
A,tens,20,2,digit_circ:units,200,0.0,1.0,0.0
A,tens,20,2,digit_circ:random_orth,200,0.0,0.9950000047683716,1.740402454945996
A,tens,20,2,both:all,200,0.6549999713897705,0.02499999850988388,3.0025808442595383
A,tens,20,2,both:tens,200,0.6549999713897705,0.02499999850988388,3.0025808442595383
A,tens,20,2,both:units,200,0.0,1.0,2.632104275847213e-15
A,tens,20,2,both:random_orth,200,0.0,0.98499995470047,3.0025808442595383
A,tens,20,4,full_swap,200,0.9300000071525574,0.004999999888241291,5.424571514129639
A,tens,20,4,helix:all,200,0.0,0.9249999523162842,2.321680077605154
A,tens,20,4,helix:tens,200,0.0,0.9249999523162842,2.321680077605154
A,tens,20,4,helix:units,200,0.0,1.0,3.613147131604401e-15
A,tens,20,4,helix:random_orth,200,0.0,1.0,2.321680077605154
A,tens,20,4,digit_1hot:all,200,0.574999988079071,0.029999999329447746,3.468918105778223
A,tens,20,4,digit_1hot:tens,200,0.574999988079071,0.029999999329447746,3.468918105778223
A,tens,20,4,digit_1hot:units,200,0.0,1.0,0.0
A,tens,20,4,digit_1hot:random_orth,200,0.0,0.9950000047683716,3.468918105778223
A,tens,20,4,digit_circ:all,200,0.0,0.9649999737739563,2.0681193027939813
A,tens,20,4,digit_circ:tens,200,0.0,0.9649999737739563,2.0681193027939813
A,tens,20,4,digit_circ:units,200,0.0,1.0,0.0
A,tens,20,4,digit_circ:random_orth,200,0.0,0.9950000047683716,2.0681193027939817
A,tens,20,4,both:all,200,0.6049999594688416,0.029999999329447746,3.538656922493905
A,tens,20,4,both:tens,200,0.6049999594688416,0.029999999329447746,3.538656922493904
A,tens,20,4,both:units,200,0.0,1.0,3.0340315849065557e-15
A,tens,20,4,both:random_orth,200,0.0,0.9799999594688416,3.538656922493905
A,tens,20,6,full_swap,200,0.9099999666213989,0.004999999888241291,5.996294975280762
A,tens,20,6,helix:all,200,0.0,0.9149999618530273,2.7186993145465412
A,tens,20,6,helix:tens,200,0.0,0.9149999618530273,2.718699314546541
A,tens,20,6,helix:units,200,0.0,1.0,4.084259779965981e-15
A,tens,20,6,helix:random_orth,200,0.0,0.9950000047683716,2.7186993145465412
A,tens,20,6,digit_1hot:all,200,0.5649999976158142,0.029999999329447746,3.9750176117208866
A,tens,20,6,digit_1hot:tens,200,0.5649999976158142,0.029999999329447746,3.9750176117208866
A,tens,20,6,digit_1hot:units,200,0.0,1.0,0.0
A,tens,20,6,digit_1hot:random_orth,200,0.0,0.9899999499320984,3.9750176117208866
A,tens,20,6,digit_circ:all,200,0.0,0.9749999642372131,2.370885471464598
A,tens,20,6,digit_circ:tens,200,0.0,0.9749999642372131,2.370885471464598
A,tens,20,6,digit_circ:units,200,0.0,1.0,0.0
A,tens,20,6,digit_circ:random_orth,200,0.0,0.9950000047683716,2.370885471464598
A,tens,20,6,both:all,200,0.5699999928474426,0.029999999329447746,4.053399192458401
A,tens,20,6,both:tens,200,0.5699999928474426,0.029999999329447746,4.053399192458401
A,tens,20,6,both:units,200,0.0,1.0,3.434478861026056e-15
A,tens,20,6,both:random_orth,200,0.0,0.9799999594688416,4.053399192458401
A,tens,20,8,full_swap,200,0.824999988079071,0.02499999850988388,6.278972148895264
A,tens,20,8,helix:all,200,0.0,0.9249999523162842,2.9253340196525723
A,tens,20,8,helix:tens,200,0.0,0.9249999523162842,2.9253340196525723
A,tens,20,8,helix:units,200,0.0,1.0,4.45050805661003e-15
A,tens,20,8,helix:random_orth,200,0.0,0.9899999499320984,2.9253340196525723
A,tens,20,8,digit_1hot:all,200,0.5249999761581421,0.044999998062849045,4.245244538879464
A,tens,20,8,digit_1hot:tens,200,0.5249999761581421,0.044999998062849045,4.245244538879464
A,tens,20,8,digit_1hot:units,200,0.0,1.0,0.0
A,tens,20,8,digit_1hot:random_orth,200,0.0,0.9899999499320984,4.245244538879464
A,tens,20,8,digit_circ:all,200,0.0,0.9649999737739563,2.555935932899071
A,tens,20,8,digit_circ:tens,200,0.0,0.9649999737739563,2.555935932899071
A,tens,20,8,digit_circ:units,200,0.0,1.0,0.0
A,tens,20,8,digit_circ:random_orth,200,0.0,0.9950000047683716,2.5559359328990707
A,tens,20,8,both:all,200,0.5450000166893005,0.04999999701976776,4.323822414964194
A,tens,20,8,both:tens,200,0.5450000166893005,0.04999999701976776,4.323822414964194
A,tens,20,8,both:units,200,0.0,1.0,3.750202652443393e-15
A,tens,20,8,both:random_orth,200,0.0,0.9899999499320984,4.323822414964194
A,tens,20,10,full_swap,200,0.8349999785423279,0.019999999552965164,6.436960220336914
A,tens,20,10,helix:all,200,0.0,0.9199999570846558,2.982806485952051
A,tens,20,10,helix:tens,200,0.0,0.9199999570846558,2.9828064859520502
A,tens,20,10,helix:units,200,0.0,1.0,4.800749278504545e-15
A,tens,20,10,helix:random_orth,200,0.0,0.9950000047683716,2.982806485952051
A,tens,20,10,digit_1hot:all,200,0.5199999809265137,0.04999999701976776,4.332448320261651
A,tens,20,10,digit_1hot:tens,200,0.5199999809265137,0.04999999701976776,4.332448320261651
A,tens,20,10,digit_1hot:units,200,0.0,1.0,0.0
A,tens,20,10,digit_1hot:random_orth,200,0.0,0.98499995470047,4.332448320261651
A,tens,20,10,digit_circ:all,200,0.0,0.9699999690055847,2.60757959688026
A,tens,20,10,digit_circ:tens,200,0.0,0.9699999690055847,2.60757959688026
A,tens,20,10,digit_circ:units,200,0.0,1.0,0.0
A,tens,20,10,digit_circ:random_orth,200,0.0,1.0,2.6075795968802593
A,tens,20,10,both:all,200,0.5349999666213989,0.054999999701976776,4.419509592911354
A,tens,20,10,both:tens,200,0.5349999666213989,0.054999999701976776,4.419509592911354
A,tens,20,10,both:units,200,0.0,1.0,4.050071815039143e-15
A,tens,20,10,both:random_orth,200,0.0,0.9950000047683716,4.419509592911354
A,tens,20,12,full_swap,200,0.824999988079071,0.02499999850988388,6.820199489593506
A,tens,20,12,helix:all,200,0.0,0.9149999618530273,3.102417404674801
A,tens,20,12,helix:tens,200,0.0,0.9149999618530273,3.1024174046748016
A,tens,20,12,helix:units,200,0.0,1.0,5.624488735469069e-15
A,tens,20,12,helix:random_orth,200,0.0,0.9950000047683716,3.102417404674801
A,tens,20,12,digit_1hot:all,200,0.5149999856948853,0.04999999701976776,4.584091101026289
A,tens,20,12,digit_1hot:tens,200,0.5149999856948853,0.04999999701976776,4.584091101026289
A,tens,20,12,digit_1hot:units,200,0.0,1.0,0.0
A,tens,20,12,digit_1hot:random_orth,200,0.0,0.9899999499320984,4.584091101026289
A,tens,20,12,digit_circ:all,200,0.0,0.9649999737739563,2.732532318095831
A,tens,20,12,digit_circ:tens,200,0.0,0.9649999737739563,2.732532318095831
A,tens,20,12,digit_circ:units,200,0.0,1.0,0.0
A,tens,20,12,digit_circ:random_orth,200,0.0,1.0,2.732532318095831
A,tens,20,12,both:all,200,0.5349999666213989,0.05999999865889549,4.677995738480392
A,tens,20,12,both:tens,200,0.5349999666213989,0.05999999865889549,4.677995738480392
A,tens,20,12,both:units,200,0.0,1.0,4.740752329309753e-15
A,tens,20,12,both:random_orth,200,0.0,0.9950000047683716,4.677995738480392
A,tens,20,14,full_swap,200,0.8050000071525574,0.02499999850988388,7.694921970367432
A,tens,20,14,helix:all,200,0.0,0.9049999713897705,3.5156619863701595
A,tens,20,14,helix:tens,200,0.0,0.9049999713897705,3.5156619863701595
A,tens,20,14,helix:units,200,0.0,1.0,6.022779459965228e-15
A,tens,20,14,helix:random_orth,200,0.0,1.0,3.5156619863701595
A,tens,20,14,digit_1hot:all,200,0.5149999856948853,0.06499999761581421,5.33764816263837
A,tens,20,14,digit_1hot:tens,200,0.5149999856948853,0.06499999761581421,5.33764816263837
A,tens,20,14,digit_1hot:units,200,0.0,1.0,0.0
A,tens,20,14,digit_1hot:random_orth,200,0.0,0.9950000047683716,5.33764816263837
A,tens,20,14,digit_circ:all,200,0.0,0.9599999785423279,3.086466134326416
A,tens,20,14,digit_circ:tens,200,0.0,0.9599999785423279,3.086466134326416
A,tens,20,14,digit_circ:units,200,0.0,1.0,0.0
A,tens,20,14,digit_circ:random_orth,200,0.0,1.0,3.086466134326416
A,tens,20,14,both:all,200,0.5249999761581421,0.06499999761581421,5.440281429735858
A,tens,20,14,both:tens,200,0.5249999761581421,0.06499999761581421,5.440281429735859
A,tens,20,14,both:units,200,0.0,1.0,5.076293186683826e-15
A,tens,20,14,both:random_orth,200,0.0,0.98499995470047,5.440281429735859
A,tens,20,16,full_swap,200,0.824999988079071,0.029999999329447746,10.16649055480957
A,tens,20,16,helix:all,200,0.0,0.8799999952316284,4.791702275298861
A,tens,20,16,helix:tens,200,0.0,0.8799999952316284,4.791702275298861
A,tens,20,16,helix:units,200,0.0,1.0,7.483590074820143e-15
A,tens,20,16,helix:random_orth,200,0.0,0.9950000047683716,4.791702275298861
A,tens,20,16,digit_1hot:all,200,0.5049999952316284,0.07999999821186066,7.307491787518268
A,tens,20,16,digit_1hot:tens,200,0.5049999952316284,0.07999999821186066,7.307491787518268
A,tens,20,16,digit_1hot:units,200,0.0,1.0,0.0
A,tens,20,16,digit_1hot:random_orth,200,0.0,1.0,7.307491787518268
A,tens,20,16,digit_circ:all,200,0.0,0.949999988079071,4.283844674108715
A,tens,20,16,digit_circ:tens,200,0.0,0.949999988079071,4.283844674108715
A,tens,20,16,digit_circ:units,200,0.0,1.0,0.0
A,tens,20,16,digit_circ:random_orth,200,0.0,1.0,4.283844674108715
A,tens,20,16,both:all,200,0.5149999856948853,0.07000000029802322,7.4231204874124455
A,tens,20,16,both:tens,200,0.5149999856948853,0.07000000029802322,7.4231204874124455
A,tens,20,16,both:units,200,0.0,1.0,6.295595804805658e-15
A,tens,20,16,both:random_orth,200,0.0,1.0,7.4231204874124455
A,tens,20,18,full_swap,200,0.550000011920929,0.17000000178813934,12.098186492919922
A,tens,20,18,helix:all,200,0.0,0.9249999523162842,5.732738859022897
A,tens,20,18,helix:tens,200,0.0,0.9249999523162842,5.732738859022897
A,tens,20,18,helix:units,200,0.0,1.0,8.61365448099974e-15
A,tens,20,18,helix:random_orth,200,0.0,1.0,5.732738859022897
A,tens,20,18,digit_1hot:all,200,0.35999998450279236,0.19999998807907104,8.71676267018714
A,tens,20,18,digit_1hot:tens,200,0.35999998450279236,0.19999998807907104,8.71676267018714
A,tens,20,18,digit_1hot:units,200,0.0,1.0,0.0
A,tens,20,18,digit_1hot:random_orth,200,0.0,0.98499995470047,8.71676267018714
A,tens,20,18,digit_circ:all,200,0.0,0.9749999642372131,5.1549488554894705
A,tens,20,18,digit_circ:tens,200,0.0,0.9749999642372131,5.1549488554894705
A,tens,20,18,digit_circ:units,200,0.0,1.0,0.0
A,tens,20,18,digit_circ:random_orth,200,0.0,1.0,5.1549488554894705
A,tens,20,18,both:all,200,0.375,0.19999998807907104,8.85973129814945
A,tens,20,18,both:tens,200,0.375,0.19999998807907104,8.85973129814945
A,tens,20,18,both:units,200,0.0,1.0,7.249723269654329e-15
A,tens,20,18,both:random_orth,200,0.0,0.9899999499320984,8.85973129814945
A,tens,20,20,full_swap,200,0.0,0.9549999833106995,14.586004257202148
A,tens,20,20,helix:all,200,0.0,0.9799999594688416,7.21560734583918
A,tens,20,20,helix:tens,200,0.0,0.9799999594688416,7.21560734583918
A,tens,20,20,helix:units,200,0.0,1.0,1.044203284494643e-14
A,tens,20,20,helix:random_orth,200,0.0,1.0,7.21560734583918
A,tens,20,20,digit_1hot:all,200,0.0,0.9699999690055847,10.680590055464505
A,tens,20,20,digit_1hot:tens,200,0.0,0.9699999690055847,10.680590055464505
A,tens,20,20,digit_1hot:units,200,0.0,1.0,0.0
A,tens,20,20,digit_1hot:random_orth,200,0.0,0.9950000047683716,10.680590055464505
A,tens,20,20,digit_circ:all,200,0.0,0.9950000047683716,6.304554410062627
A,tens,20,20,digit_circ:tens,200,0.0,0.9950000047683716,6.304554410062627
A,tens,20,20,digit_circ:units,200,0.0,1.0,0.0
A,tens,20,20,digit_circ:random_orth,200,0.0,1.0,6.304554410062627
A,tens,20,20,both:all,200,0.0,0.9699999690055847,10.85868030393641
A,tens,20,20,both:tens,200,0.0,0.9699999690055847,10.858680303936408
A,tens,20,20,both:units,200,0.0,1.0,8.788664772641272e-15
A,tens,20,20,both:random_orth,200,0.0,1.0,10.85868030393641
A,tens,30,0,full_swap,200,0.9249999523162842,0.0,5.062587261199951
A,tens,30,0,helix:all,200,0.125,0.3050000071525574,2.4737666150014217
A,tens,30,0,helix:tens,200,0.125,0.3050000071525574,2.4737666150014213
A,tens,30,0,helix:units,200,0.0,0.9950000047683716,3.428533721607593e-15
A,tens,30,0,helix:random_orth,200,0.0,0.9799999594688416,2.4737666150014217
A,tens,30,0,digit_1hot:all,200,0.75,0.0,3.138143999648508
A,tens,30,0,digit_1hot:tens,200,0.75,0.0,3.138143999648508
A,tens,30,0,digit_1hot:units,200,0.0,0.9950000047683716,0.0
A,tens,30,0,digit_1hot:random_orth,200,0.0,0.9699999690055847,3.138143999648508
A,tens,30,0,digit_circ:all,200,0.0,0.6299999952316284,2.3568069868556383
A,tens,30,0,digit_circ:tens,200,0.0,0.6299999952316284,2.3568069868556383
A,tens,30,0,digit_circ:units,200,0.0,0.9950000047683716,0.0
A,tens,30,0,digit_circ:random_orth,200,0.0,0.949999988079071,2.3568069868556383
A,tens,30,0,both:all,200,0.8299999833106995,0.0,3.2421662989548445
A,tens,30,0,both:tens,200,0.8299999833106995,0.0,3.2421662989548445
A,tens,30,0,both:units,200,0.0,0.9950000047683716,2.8712894801407157e-15
A,tens,30,0,both:random_orth,200,0.0,0.9699999690055847,3.242166298954845
A,tens,30,2,full_swap,200,0.8849999904632568,0.0,5.008594512939453
A,tens,30,2,helix:all,200,0.07999999821186066,0.38999998569488525,2.5956325454724345
A,tens,30,2,helix:tens,200,0.07999999821186066,0.38999998569488525,2.5956325454724345
A,tens,30,2,helix:units,200,0.0,0.9950000047683716,3.4645771511756722e-15
A,tens,30,2,helix:random_orth,200,0.0,0.9699999690055847,2.595632545472434
A,tens,30,2,digit_1hot:all,200,0.6850000023841858,0.009999999776482582,3.2343831834706616
A,tens,30,2,digit_1hot:tens,200,0.6850000023841858,0.009999999776482582,3.2343831834706616
A,tens,30,2,digit_1hot:units,200,0.0,0.9950000047683716,0.0
A,tens,30,2,digit_1hot:random_orth,200,0.0,0.9599999785423279,3.2343831834706616
A,tens,30,2,digit_circ:all,200,0.0,0.6449999809265137,2.3881286459185778
A,tens,30,2,digit_circ:tens,200,0.0,0.6449999809265137,2.3881286459185778
A,tens,30,2,digit_circ:units,200,0.0,0.9950000047683716,0.0
A,tens,30,2,digit_circ:random_orth,200,0.0,0.9749999642372131,2.3881286459185778
A,tens,30,2,both:all,200,0.73499995470047,0.009999999776482582,3.328902130646171
A,tens,30,2,both:tens,200,0.73499995470047,0.009999999776482582,3.328902130646171
A,tens,30,2,both:units,200,0.0,0.9950000047683716,2.9037369252025107e-15
A,tens,30,2,both:random_orth,200,0.0,0.9899999499320984,3.328902130646171
A,tens,30,4,full_swap,200,0.8700000047683716,0.0,5.696836471557617
A,tens,30,4,helix:all,200,0.07000000029802322,0.4350000023841858,3.147689736068746
A,tens,30,4,helix:tens,200,0.07000000029802322,0.4350000023841858,3.147689736068746
A,tens,30,4,helix:units,200,0.0,0.9950000047683716,3.996261419113723e-15
A,tens,30,4,helix:random_orth,200,0.0,0.9749999642372131,3.147689736068746
A,tens,30,4,digit_1hot:all,200,0.6649999618530273,0.02499999850988388,3.845013128457943
A,tens,30,4,digit_1hot:tens,200,0.6649999618530273,0.02499999850988388,3.845013128457943
A,tens,30,4,digit_1hot:units,200,0.0,0.9950000047683716,0.0
A,tens,30,4,digit_1hot:random_orth,200,0.0,0.9799999594688416,3.845013128457943
A,tens,30,4,digit_circ:all,200,0.0,0.6850000023841858,2.8441045992577405
A,tens,30,4,digit_circ:tens,200,0.0,0.6850000023841858,2.8441045992577405
A,tens,30,4,digit_circ:units,200,0.0,0.9950000047683716,0.0
A,tens,30,4,digit_circ:random_orth,200,0.0,0.98499995470047,2.8441045992577405
A,tens,30,4,both:all,200,0.7099999785423279,0.019999999552965164,3.9454701406971004
A,tens,30,4,both:tens,200,0.7099999785423279,0.019999999552965164,3.9454701406971004
A,tens,30,4,both:units,200,0.0,0.9950000047683716,3.3480710940526824e-15
A,tens,30,4,both:random_orth,200,0.0,0.9799999594688416,3.9454701406971004
A,tens,30,6,full_swap,200,0.8299999833106995,0.004999999888241291,6.3256916999816895
A,tens,30,6,helix:all,200,0.07000000029802322,0.4599999785423279,3.687679102020918
A,tens,30,6,helix:tens,200,0.07000000029802322,0.4599999785423279,3.687679102020918
A,tens,30,6,helix:units,200,0.0,0.9950000047683716,4.505765888997205e-15
A,tens,30,6,helix:random_orth,200,0.0,0.9699999690055847,3.687679102020918
A,tens,30,6,digit_1hot:all,200,0.6100000143051147,0.03500000014901161,4.427073165004702
A,tens,30,6,digit_1hot:tens,200,0.6100000143051147,0.03500000014901161,4.427073165004702
A,tens,30,6,digit_1hot:units,200,0.0,0.9950000047683716,0.0
A,tens,30,6,digit_1hot:random_orth,200,0.0,0.9799999594688416,4.427073165004702
A,tens,30,6,digit_circ:all,200,0.0,0.7099999785423279,3.2600868930708264
A,tens,30,6,digit_circ:tens,200,0.0,0.7099999785423279,3.2600868930708264
A,tens,30,6,digit_circ:units,200,0.0,0.9950000047683716,0.0
A,tens,30,6,digit_circ:random_orth,200,0.0,0.9799999594688416,3.2600868930708264
A,tens,30,6,both:all,200,0.6399999856948853,0.03500000014901161,4.53830558062835
A,tens,30,6,both:tens,200,0.6399999856948853,0.03500000014901161,4.53830558062835
A,tens,30,6,both:units,200,0.0,0.9950000047683716,3.7787901414814295e-15
A,tens,30,6,both:random_orth,200,0.0,0.9649999737739563,4.53830558062835
A,tens,30,8,full_swap,200,0.7799999713897705,0.019999999552965164,6.642116069793701
A,tens,30,8,helix:all,200,0.044999998062849045,0.5600000023841858,3.9660668226966864
A,tens,30,8,helix:tens,200,0.044999998062849045,0.5600000023841858,3.9660668226966855
A,tens,30,8,helix:units,200,0.0,0.9950000047683716,4.891044845536214e-15
A,tens,30,8,helix:random_orth,200,0.0,0.9899999499320984,3.9660668226966855
A,tens,30,8,digit_1hot:all,200,0.5299999713897705,0.07000000029802322,4.7551197531259914
A,tens,30,8,digit_1hot:tens,200,0.5299999713897705,0.07000000029802322,4.7551197531259914
A,tens,30,8,digit_1hot:units,200,0.0,0.9950000047683716,0.0
A,tens,30,8,digit_1hot:random_orth,200,0.0,0.9799999594688416,4.7551197531259914
A,tens,30,8,digit_circ:all,200,0.0,0.73499995470047,3.5099654436675483
A,tens,30,8,digit_circ:tens,200,0.0,0.73499995470047,3.5099654436675483
A,tens,30,8,digit_circ:units,200,0.0,0.9950000047683716,0.0
A,tens,30,8,digit_circ:random_orth,200,0.0,0.9950000047683716,3.5099654436675483
A,tens,30,8,both:all,200,0.5649999976158142,0.06499999761581421,4.867345633460974
A,tens,30,8,both:tens,200,0.5649999976158142,0.06499999761581421,4.867345633460973
A,tens,30,8,both:units,200,0.0,0.9950000047683716,4.1076647623070396e-15
A,tens,30,8,both:random_orth,200,0.0,0.98499995470047,4.867345633460974
A,tens,30,10,full_swap,200,0.7799999713897705,0.02499999850988388,6.806512355804443
A,tens,30,10,helix:all,200,0.044999998062849045,0.5450000166893005,4.0470126508590365
A,tens,30,10,helix:tens,200,0.044999998062849045,0.5450000166893005,4.0470126508590365
A,tens,30,10,helix:units,200,0.0,0.9950000047683716,5.26700000748111e-15
A,tens,30,10,helix:random_orth,200,0.0,0.9950000047683716,4.047012650859037
A,tens,30,10,digit_1hot:all,200,0.5299999713897705,0.06499999761581421,4.844831734439973
A,tens,30,10,digit_1hot:tens,200,0.5299999713897705,0.06499999761581421,4.844831734439973
A,tens,30,10,digit_1hot:units,200,0.0,0.9950000047683716,0.0
A,tens,30,10,digit_1hot:random_orth,200,0.0,0.98499995470047,4.844831734439973
A,tens,30,10,digit_circ:all,200,0.0,0.73499995470047,3.57833732540764
A,tens,30,10,digit_circ:tens,200,0.0,0.73499995470047,3.57833732540764
A,tens,30,10,digit_circ:units,200,0.0,0.9950000047683716,0.0
A,tens,30,10,digit_circ:random_orth,200,0.0,0.9899999499320984,3.57833732540764
A,tens,30,10,both:all,200,0.5600000023841858,0.06499999761581421,4.964948737592614
A,tens,30,10,both:tens,200,0.5600000023841858,0.06499999761581421,4.964948737592614
A,tens,30,10,both:units,200,0.0,0.9950000047683716,4.426995828837632e-15
A,tens,30,10,both:random_orth,200,0.0,0.98499995470047,4.964948737592614
A,tens,30,12,full_swap,200,0.7549999952316284,0.02499999850988388,7.179754734039307
A,tens,30,12,helix:all,200,0.03999999910593033,0.4949999749660492,4.205106711805583
A,tens,30,12,helix:tens,200,0.03999999910593033,0.4949999749660492,4.205106711805583
A,tens,30,12,helix:units,200,0.0,0.9950000047683716,6.19284206992813e-15
A,tens,30,12,helix:random_orth,200,0.0,0.9749999642372131,4.205106711805583
A,tens,30,12,digit_1hot:all,200,0.5349999666213989,0.06499999761581421,5.113492292397125
A,tens,30,12,digit_1hot:tens,200,0.5349999666213989,0.06499999761581421,5.113492292397125
A,tens,30,12,digit_1hot:units,200,0.0,0.9950000047683716,0.0
A,tens,30,12,digit_1hot:random_orth,200,0.0,0.9749999642372131,5.113492292397125
A,tens,30,12,digit_circ:all,200,0.0,0.7199999690055847,3.7444568557414173
A,tens,30,12,digit_circ:tens,200,0.0,0.7199999690055847,3.7444568557414173
A,tens,30,12,digit_circ:units,200,0.0,0.9950000047683716,0.0
A,tens,30,12,digit_circ:random_orth,200,0.0,0.9899999499320984,3.7444568557414186
A,tens,30,12,both:all,200,0.5600000023841858,0.06499999761581421,5.234454794382567
A,tens,30,12,both:tens,200,0.5600000023841858,0.06499999761581421,5.234454794382567
A,tens,30,12,both:units,200,0.0,0.9950000047683716,5.201736415088275e-15
A,tens,30,12,both:random_orth,200,0.0,0.98499995470047,5.234454794382567
A,tens,30,14,full_swap,200,0.6899999976158142,0.044999998062849045,8.11441707611084
A,tens,30,14,helix:all,200,0.03999999910593033,0.5399999618530273,4.780356082447389
A,tens,30,14,helix:tens,200,0.03999999910593033,0.5399999618530273,4.780356082447389
A,tens,30,14,helix:units,200,0.0,0.9950000047683716,6.626139388542551e-15
A,tens,30,14,helix:random_orth,200,0.0,0.9899999499320984,4.780356082447389
A,tens,30,14,digit_1hot:all,200,0.4949999749660492,0.08999999612569809,5.884070689706671
A,tens,30,14,digit_1hot:tens,200,0.4949999749660492,0.08999999612569809,5.884070689706671
A,tens,30,14,digit_1hot:units,200,0.0,0.9950000047683716,0.0
A,tens,30,14,digit_1hot:random_orth,200,0.0,0.9699999690055847,5.884070689706671
A,tens,30,14,digit_circ:all,200,0.0,0.7099999785423279,4.227308749376631
A,tens,30,14,digit_circ:tens,200,0.0,0.7099999785423279,4.227308749376631
A,tens,30,14,digit_circ:units,200,0.0,0.9950000047683716,0.0
A,tens,30,14,digit_circ:random_orth,200,0.0,0.9899999499320984,4.227308749376631
A,tens,30,14,both:all,200,0.5049999952316284,0.08999999612569809,6.002117795956708
A,tens,30,14,both:tens,200,0.5049999952316284,0.08999999612569809,6.002117795956708
A,tens,30,14,both:units,200,0.0,0.9950000047683716,5.565222335642918e-15
A,tens,30,14,both:random_orth,200,0.0,0.9950000047683716,6.002117795956708
A,tens,30,16,full_swap,200,0.6949999928474426,0.054999999701976776,10.841609001159668
A,tens,30,16,helix:all,200,0.029999999329447746,0.4599999785423279,6.526587785996296
A,tens,30,16,helix:tens,200,0.029999999329447746,0.4599999785423279,6.526587785996296
A,tens,30,16,helix:units,200,0.0,0.9950000047683716,8.278476864423285e-15
A,tens,30,16,helix:random_orth,200,0.0,0.9799999594688416,6.526587785996296
A,tens,30,16,digit_1hot:all,200,0.5199999809265137,0.0949999988079071,8.08585847987823
A,tens,30,16,digit_1hot:tens,200,0.5199999809265137,0.0949999988079071,8.08585847987823
A,tens,30,16,digit_1hot:units,200,0.0,0.9950000047683716,0.0
A,tens,30,16,digit_1hot:random_orth,200,0.0,0.9749999642372131,8.08585847987823
A,tens,30,16,digit_circ:all,200,0.0,0.6599999666213989,5.8649692980177655
A,tens,30,16,digit_circ:tens,200,0.0,0.6599999666213989,5.8649692980177655
A,tens,30,16,digit_circ:units,200,0.0,0.9950000047683716,0.0
A,tens,30,16,digit_circ:random_orth,200,0.0,0.9749999642372131,5.8649692980177655
A,tens,30,16,both:all,200,0.5249999761581421,0.08999999612569809,8.226035188114311
A,tens,30,16,both:tens,200,0.5249999761581421,0.08999999612569809,8.226035188114311
A,tens,30,16,both:units,200,0.0,0.9950000047683716,6.942929244515036e-15
A,tens,30,16,both:random_orth,200,0.0,0.98499995470047,8.226035188114311
A,tens,30,18,full_swap,200,0.5149999856948853,0.1550000011920929,12.820551872253418
A,tens,30,18,helix:all,200,0.019999999552965164,0.6449999809265137,7.780405956746588
A,tens,30,18,helix:tens,200,0.019999999552965164,0.6449999809265137,7.780405956746588
A,tens,30,18,helix:units,200,0.0,0.9950000047683716,9.524695821193496e-15
A,tens,30,18,helix:random_orth,200,0.0,0.9799999594688416,7.780405956746588
A,tens,30,18,digit_1hot:all,200,0.3100000023841858,0.19499999284744263,9.607412212850932
A,tens,30,18,digit_1hot:tens,200,0.3100000023841858,0.19499999284744263,9.607412212850932
A,tens,30,18,digit_1hot:units,200,0.0,0.9950000047683716,0.0
A,tens,30,18,digit_1hot:random_orth,200,0.0,0.9799999594688416,9.607412212850932
A,tens,30,18,digit_circ:all,200,0.0,0.7599999904632568,7.0542052605154595
A,tens,30,18,digit_circ:tens,200,0.0,0.7599999904632568,7.0542052605154595
A,tens,30,18,digit_circ:units,200,0.0,0.9950000047683716,0.0
A,tens,30,18,digit_circ:random_orth,200,0.0,0.9799999594688416,7.0542052605154595
A,tens,30,18,both:all,200,0.3199999928474426,0.1850000023841858,9.771337466564974
A,tens,30,18,both:tens,200,0.3199999928474426,0.1850000023841858,9.77133746656497
A,tens,30,18,both:units,200,0.0,0.9950000047683716,7.990505872958536e-15
A,tens,30,18,both:random_orth,200,0.0,0.98499995470047,9.771337466564974
A,tens,30,20,full_swap,200,0.004999999888241291,0.949999988079071,15.547170639038086
A,tens,30,20,helix:all,200,0.0,0.9649999737739563,9.797937586053306
A,tens,30,20,helix:tens,200,0.0,0.9649999737739563,9.797937586053306
A,tens,30,20,helix:units,200,0.0,0.9950000047683716,1.1666055479232143e-14
A,tens,30,20,helix:random_orth,200,0.0,0.9899999499320984,9.797937586053306
A,tens,30,20,digit_1hot:all,200,0.0,0.9350000023841858,11.854604136697635
A,tens,30,20,digit_1hot:tens,200,0.0,0.9350000023841858,11.854604136697635
A,tens,30,20,digit_1hot:units,200,0.0,0.9950000047683716,0.0
A,tens,30,20,digit_1hot:random_orth,200,0.0,0.9899999499320984,11.854604136697635
A,tens,30,20,digit_circ:all,200,0.0,0.9749999642372131,8.632650504840017
A,tens,30,20,digit_circ:tens,200,0.0,0.9749999642372131,8.632650504840017
A,tens,30,20,digit_circ:units,200,0.0,0.9950000047683716,0.0
A,tens,30,20,digit_circ:random_orth,200,0.0,1.0,8.632650504840017
A,tens,30,20,both:all,200,0.0,0.9350000023841858,12.057804264543392
A,tens,30,20,both:tens,200,0.0,0.9350000023841858,12.057804264543392
A,tens,30,20,both:units,200,0.0,0.9950000047683716,9.783981220638534e-15
A,tens,30,20,both:random_orth,200,0.0,0.98499995470047,12.057804264543392
B,units,-3,0,full_swap,200,0.9549999833106995,0.0,4.146459579467773
B,units,-3,0,helix:all,200,0.8399999737739563,0.0,2.070147395481602
B,units,-3,0,helix:tens,200,0.0,0.9699999690055847,0.32623646077793206
B,units,-3,0,helix:units,200,0.8399999737739563,0.0,2.04655550377751
B,units,-3,0,helix:random_orth,200,0.0,0.9799999594688416,2.070147395481602
B,units,-3,0,digit_1hot:all,200,0.8899999856948853,0.0,2.2035466790940177
B,units,-3,0,digit_1hot:tens,200,0.0,0.9950000047683716,0.0
B,units,-3,0,digit_1hot:units,200,0.8899999856948853,0.0,2.2035466790940177
B,units,-3,0,digit_1hot:random_orth,200,0.0,0.98499995470047,2.2035466790940177
B,units,-3,0,digit_circ:all,200,0.0,0.5849999785423279,1.1664788344453287
B,units,-3,0,digit_circ:tens,200,0.0,0.9950000047683716,0.0
B,units,-3,0,digit_circ:units,200,0.0,0.5849999785423279,1.1664788344453287
B,units,-3,0,digit_circ:random_orth,200,0.0,0.9899999499320984,1.1664788344453287
B,units,-3,0,both:all,200,0.8949999809265137,0.0,2.2634694199208303
B,units,-3,0,both:tens,200,0.0,0.9699999690055847,0.5835758296741304
B,units,-3,0,both:units,200,0.8899999856948853,0.0,2.214566252826611
B,units,-3,0,both:random_orth,200,0.0,0.98499995470047,2.2634694199208303
B,units,-3,2,full_swap,200,0.9549999833106995,0.0,4.207496166229248
B,units,-3,2,helix:all,200,0.8549999594688416,0.0,2.1579975166812204
B,units,-3,2,helix:tens,200,0.0,0.9649999737739563,0.3604118427035048
B,units,-3,2,helix:units,200,0.8299999833106995,0.0,2.1273174762686944
B,units,-3,2,helix:random_orth,200,0.0,0.9799999594688416,2.1579975166812204
B,units,-3,2,digit_1hot:all,200,0.8799999952316284,0.0,2.285354432455044
B,units,-3,2,digit_1hot:tens,200,0.0,0.9950000047683716,0.0
B,units,-3,2,digit_1hot:units,200,0.8799999952316284,0.0,2.285354432455044
B,units,-3,2,digit_1hot:random_orth,200,0.0,0.9799999594688416,2.2853544324550437
B,units,-3,2,digit_circ:all,200,0.0,0.550000011920929,1.214157420139323
B,units,-3,2,digit_circ:tens,200,0.0,0.9950000047683716,0.0
B,units,-3,2,digit_circ:units,200,0.0,0.550000011920929,1.214157420139323
B,units,-3,2,digit_circ:random_orth,200,0.0,1.0,1.2141574201393228
B,units,-3,2,both:all,200,0.8899999856948853,0.0,2.3527451070950907
B,units,-3,2,both:tens,200,0.0,0.9699999690055847,0.6103889404547251
B,units,-3,2,both:units,200,0.8899999856948853,0.0,2.288691022639049
B,units,-3,2,both:random_orth,200,0.0,0.9799999594688416,2.3527451070950907
B,units,-3,4,full_swap,200,0.9449999928474426,0.0,4.901423454284668
B,units,-3,4,helix:all,200,0.8650000095367432,0.0,2.599002640468683
B,units,-3,4,helix:tens,200,0.0,0.949999988079071,0.43828777930844054
B,units,-3,4,helix:units,200,0.8449999690055847,0.0,2.5599920259420457
B,units,-3,4,helix:random_orth,200,0.0,0.9699999690055847,2.599002640468683
B,units,-3,4,digit_1hot:all,200,0.8700000047683716,0.0,2.7141690164442434
B,units,-3,4,digit_1hot:tens,200,0.0,0.9950000047683716,0.0
B,units,-3,4,digit_1hot:units,200,0.8700000047683716,0.0,2.7141690164442434
B,units,-3,4,digit_1hot:random_orth,200,0.0,0.98499995470047,2.7141690164442434
B,units,-3,4,digit_circ:all,200,0.004999999888241291,0.5249999761581421,1.4566766850949895
B,units,-3,4,digit_circ:tens,200,0.0,0.9950000047683716,0.0
B,units,-3,4,digit_circ:units,200,0.004999999888241291,0.5249999761581421,1.4566766850949895
B,units,-3,4,digit_circ:random_orth,200,0.0,0.98499995470047,1.4566766850949895
B,units,-3,4,both:all,200,0.8899999856948853,0.0,2.7911341704809765
B,units,-3,4,both:tens,200,0.0,0.9699999690055847,0.6953428495143583
B,units,-3,4,both:units,200,0.8899999856948853,0.0,2.7092579017754552
B,units,-3,4,both:random_orth,200,0.0,0.9899999499320984,2.7911341704809765
B,units,-3,6,full_swap,200,0.9449999928474426,0.0,5.783673286437988
B,units,-3,6,helix:all,200,0.8499999642372131,0.0,3.034144656523706
B,units,-3,6,helix:tens,200,0.0,0.9649999737739563,0.534798181641825
B,units,-3,6,helix:units,200,0.8399999737739563,0.0,2.9822095397058876
B,units,-3,6,helix:random_orth,200,0.0,0.9799999594688416,3.034144656523706
B,units,-3,6,digit_1hot:all,200,0.875,0.0,3.1425154615125903
B,units,-3,6,digit_1hot:tens,200,0.0,0.9950000047683716,0.0
B,units,-3,6,digit_1hot:units,200,0.875,0.0,3.1425154615125903
B,units,-3,6,digit_1hot:random_orth,200,0.0,0.9699999690055847,3.1425154615125903
B,units,-3,6,digit_circ:all,200,0.004999999888241291,0.5099999904632568,1.739541903536972
B,units,-3,6,digit_circ:tens,200,0.0,0.9950000047683716,0.0
B,units,-3,6,digit_circ:units,200,0.004999999888241291,0.5099999904632568,1.739541903536972
B,units,-3,6,digit_circ:random_orth,200,0.0,0.9899999499320984,1.739541903536972
B,units,-3,6,both:all,200,0.8799999952316284,0.0,3.2322649347690504
B,units,-3,6,both:tens,200,0.0,0.9699999690055847,0.8103426379563572
B,units,-3,6,both:units,200,0.8899999856948853,0.0,3.132923666377772
B,units,-3,6,both:random_orth,200,0.0,0.9799999594688416,3.2322649347690504
B,units,-3,8,full_swap,200,0.9399999976158142,0.0,6.271506309509277
B,units,-3,8,helix:all,200,0.8549999594688416,0.0,3.290704897390072
B,units,-3,8,helix:tens,200,0.0,0.9549999833106995,0.5743704666341609
B,units,-3,8,helix:units,200,0.8499999642372131,0.0,3.2338898859312972
B,units,-3,8,helix:random_orth,200,0.0,0.9699999690055847,3.2907048973900728
B,units,-3,8,digit_1hot:all,200,0.8799999952316284,0.0,3.405783798255012
B,units,-3,8,digit_1hot:tens,200,0.0,0.9950000047683716,0.0
B,units,-3,8,digit_1hot:units,200,0.8799999952316284,0.0,3.405783798255012
B,units,-3,8,digit_1hot:random_orth,200,0.0,0.9749999642372131,3.405783798255012
B,units,-3,8,digit_circ:all,200,0.004999999888241291,0.4899999797344208,1.9484161674375797
B,units,-3,8,digit_circ:tens,200,0.0,0.9950000047683716,0.0
B,units,-3,8,digit_circ:units,200,0.004999999888241291,0.4899999797344208,1.9484161674375797
B,units,-3,8,digit_circ:random_orth,200,0.0,0.9799999594688416,1.9484161674375797
B,units,-3,8,both:all,200,0.8999999761581421,0.0,3.501271401272654
B,units,-3,8,both:tens,200,0.0,0.9749999642372131,0.8755349297260389
B,units,-3,8,both:units,200,0.8899999856948853,0.0,3.389743681072917
B,units,-3,8,both:random_orth,200,0.0,0.9749999642372131,3.5012714012726542
B,units,-3,10,full_swap,200,0.9399999976158142,0.0,6.467200756072998
B,units,-3,10,helix:all,200,0.8549999594688416,0.0,3.4602682174991126
B,units,-3,10,helix:tens,200,0.0,0.9599999785423279,0.5771085628676541
B,units,-3,10,helix:units,200,0.85999995470047,0.0,3.403958047347796
B,units,-3,10,helix:random_orth,200,0.0,0.9699999690055847,3.4602682174991135
B,units,-3,10,digit_1hot:all,200,0.8799999952316284,0.0,3.5796329345836337
B,units,-3,10,digit_1hot:tens,200,0.0,0.9950000047683716,0.0
B,units,-3,10,digit_1hot:units,200,0.8799999952316284,0.0,3.5796329345836337
B,units,-3,10,digit_1hot:random_orth,200,0.0,0.98499995470047,3.5796329345836337
B,units,-3,10,digit_circ:all,200,0.004999999888241291,0.4699999988079071,2.0322294381266985
B,units,-3,10,digit_circ:tens,200,0.0,0.9950000047683716,0.0
B,units,-3,10,digit_circ:units,200,0.004999999888241291,0.4699999988079071,2.0322294381266985
B,units,-3,10,digit_circ:random_orth,200,0.0,0.98499995470047,2.0322294381266985
B,units,-3,10,both:all,200,0.8949999809265137,0.0,3.669236500152565
B,units,-3,10,both:tens,200,0.0,0.9749999642372131,0.8879771477528877
B,units,-3,10,both:units,200,0.8899999856948853,0.0,3.5665142584430156
B,units,-3,10,both:random_orth,200,0.0,0.9699999690055847,3.669236500152565
B,units,-3,12,full_swap,200,0.9449999928474426,0.0,7.051491737365723
B,units,-3,12,helix:all,200,0.8449999690055847,0.0,4.161606723045496
B,units,-3,12,helix:tens,200,0.0,0.9549999833106995,0.6000371962086841
B,units,-3,12,helix:units,200,0.8449999690055847,0.0,4.106986144306194
B,units,-3,12,helix:random_orth,200,0.0,0.9799999594688416,4.161606723045496
B,units,-3,12,digit_1hot:all,200,0.875,0.0,4.351012537594864
B,units,-3,12,digit_1hot:tens,200,0.0,0.9950000047683716,0.0
B,units,-3,12,digit_1hot:units,200,0.875,0.0,4.351012537594864
B,units,-3,12,digit_1hot:random_orth,200,0.0,0.9649999737739563,4.351012537594864
B,units,-3,12,digit_circ:all,200,0.004999999888241291,0.42499998211860657,2.3940927309155495
B,units,-3,12,digit_circ:tens,200,0.0,0.9950000047683716,0.0
B,units,-3,12,digit_circ:units,200,0.004999999888241291,0.42499998211860657,2.3940927309155495
B,units,-3,12,digit_circ:random_orth,200,0.0,0.98499995470047,2.3940927309155495
B,units,-3,12,both:all,200,0.8849999904632568,0.0,4.430463368863412
B,units,-3,12,both:tens,200,0.0,0.9699999690055847,0.9166456829073988
B,units,-3,12,both:units,200,0.8799999952316284,0.0,4.336824490569682
B,units,-3,12,both:random_orth,200,0.0,0.9799999594688416,4.430463368863412
B,units,-3,14,full_swap,200,0.9599999785423279,0.0,7.446321964263916
B,units,-3,14,helix:all,200,0.8399999737739563,0.0,4.572747793316325
B,units,-3,14,helix:tens,200,0.0,0.9599999785423279,0.6651373972112827
B,units,-3,14,helix:units,200,0.8549999594688416,0.0,4.512572297083427
B,units,-3,14,helix:random_orth,200,0.0,0.9699999690055847,4.572747793316325
B,units,-3,14,digit_1hot:all,200,0.875,0.0,4.740867507349791
B,units,-3,14,digit_1hot:tens,200,0.0,0.9950000047683716,0.0
B,units,-3,14,digit_1hot:units,200,0.875,0.0,4.740867507349791
B,units,-3,14,digit_1hot:random_orth,200,0.0,0.9699999690055847,4.740867507349791
B,units,-3,14,digit_circ:all,200,0.004999999888241291,0.4350000023841858,2.6547852358374167
B,units,-3,14,digit_circ:tens,200,0.0,0.9950000047683716,0.0
B,units,-3,14,digit_circ:units,200,0.004999999888241291,0.4350000023841858,2.6547852358374167
B,units,-3,14,digit_circ:random_orth,200,0.0,0.98499995470047,2.6547852358374175
B,units,-3,14,both:all,200,0.8899999856948853,0.0,4.83072915112246
B,units,-3,14,both:tens,200,0.0,0.9749999642372131,0.9978693579399203
B,units,-3,14,both:units,200,0.8849999904632568,0.0,4.723312657710661
B,units,-3,14,both:random_orth,200,0.0,0.9549999833106995,4.83072915112246
B,units,-3,16,full_swap,200,0.9649999737739563,0.0,9.256304740905762
B,units,-3,16,helix:all,200,0.8399999737739563,0.0,5.818649329181687
B,units,-3,16,helix:tens,200,0.0,0.9599999785423279,0.8807296925114858
B,units,-3,16,helix:units,200,0.8299999833106995,0.0,5.743117917923472
B,units,-3,16,helix:random_orth,200,0.0,0.9549999833106995,5.818649329181687
B,units,-3,16,digit_1hot:all,200,0.8799999952316284,0.0,6.105607762133466
B,units,-3,16,digit_1hot:tens,200,0.0,0.9950000047683716,0.0
B,units,-3,16,digit_1hot:units,200,0.8799999952316284,0.0,6.105607762133466
B,units,-3,16,digit_1hot:random_orth,200,0.0,0.9649999737739563,6.105607762133466
B,units,-3,16,digit_circ:all,200,0.004999999888241291,0.3050000071525574,3.3644429822398236
B,units,-3,16,digit_circ:tens,200,0.0,0.9950000047683716,0.0
B,units,-3,16,digit_circ:units,200,0.004999999888241291,0.3050000071525574,3.3644429822398236
B,units,-3,16,digit_circ:random_orth,200,0.0,0.98499995470047,3.3644429822398236
B,units,-3,16,both:all,200,0.8799999952316284,0.0,6.215340402342889
B,units,-3,16,both:tens,200,0.0,0.9649999737739563,1.2335234115370137
B,units,-3,16,both:units,200,0.875,0.0,6.079226664561047
B,units,-3,16,both:random_orth,200,0.0,0.9749999642372131,6.215340402342889
B,units,-3,18,full_swap,200,0.3449999988079071,0.22999998927116394,10.129846572875977
B,units,-3,18,helix:all,200,0.22999998927116394,0.29999998211860657,6.258335942126588
B,units,-3,18,helix:tens,200,0.0,0.9699999690055847,0.945314459631599
B,units,-3,18,helix:units,200,0.23499999940395355,0.28999999165534973,6.179291151135137
B,units,-3,18,helix:random_orth,200,0.0,0.9699999690055847,6.258335942126589
B,units,-3,18,digit_1hot:all,200,0.2800000011920929,0.2849999964237213,6.5724530248401924
B,units,-3,18,digit_1hot:tens,200,0.0,0.9950000047683716,0.0
B,units,-3,18,digit_1hot:units,200,0.2800000011920929,0.2849999964237213,6.5724530248401924
B,units,-3,18,digit_1hot:random_orth,200,0.0,0.9649999737739563,6.572453024840193
B,units,-3,18,digit_circ:all,200,0.004999999888241291,0.6599999666213989,3.6323421343611755
B,units,-3,18,digit_circ:tens,200,0.0,0.9950000047683716,0.0
B,units,-3,18,digit_circ:units,200,0.004999999888241291,0.6599999666213989,3.6323421343611755
B,units,-3,18,digit_circ:random_orth,200,0.0,0.9899999499320984,3.6323421343611755
B,units,-3,18,both:all,200,0.2849999964237213,0.2849999964237213,6.701346582614613
B,units,-3,18,both:tens,200,0.0,0.98499995470047,1.3655317845457784
B,units,-3,18,both:units,200,0.28999999165534973,0.2800000011920929,6.549447391737154
B,units,-3,18,both:random_orth,200,0.0,0.9699999690055847,6.701346582614613
B,units,-3,20,full_swap,200,0.04999999701976776,0.5699999928474426,11.256043434143066
B,units,-3,20,helix:all,200,0.019999999552965164,0.6599999666213989,6.9415089404597685
B,units,-3,20,helix:tens,200,0.0,1.0,1.0582547517135164
B,units,-3,20,helix:units,200,0.019999999552965164,0.6599999666213989,6.856445711643923
B,units,-3,20,helix:random_orth,200,0.0,0.9899999499320984,6.9415089404597685
B,units,-3,20,digit_1hot:all,200,0.02499999850988388,0.6349999904632568,7.333203274065423
B,units,-3,20,digit_1hot:tens,200,0.0,0.9950000047683716,0.0
B,units,-3,20,digit_1hot:units,200,0.02499999850988388,0.6349999904632568,7.333203274065423
B,units,-3,20,digit_1hot:random_orth,200,0.0,0.9950000047683716,7.333203274065423
B,units,-3,20,digit_circ:all,200,0.0,0.9199999570846558,4.029313714640193
B,units,-3,20,digit_circ:tens,200,0.0,0.9950000047683716,0.0
B,units,-3,20,digit_circ:units,200,0.0,0.9199999570846558,4.029313714640193
B,units,-3,20,digit_circ:random_orth,200,0.0,0.9899999499320984,4.029313714640193
B,units,-3,20,both:all,200,0.02499999850988388,0.6449999809265137,7.481455974893347
B,units,-3,20,both:tens,200,0.0,0.9950000047683716,1.5482253422486025
B,units,-3,20,both:units,200,0.02499999850988388,0.6399999856948853,7.311449469670139
B,units,-3,20,both:random_orth,200,0.0,0.98499995470047,7.481455974893347
B,units,-2,0,full_swap,200,0.9549999833106995,0.0,4.003541946411133
B,units,-2,0,helix:all,200,0.699999988079071,0.0949999988079071,1.5840690976614302
B,units,-2,0,helix:tens,200,0.0,0.9649999737739563,0.21192035462277012
B,units,-2,0,helix:units,200,0.699999988079071,0.10499999672174454,1.5723308916248686
B,units,-2,0,helix:random_orth,200,0.0,0.98499995470047,1.5840690976614302
B,units,-2,0,digit_1hot:all,200,0.8899999856948853,0.004999999888241291,2.0086188634092763
B,units,-2,0,digit_1hot:tens,200,0.0,0.9950000047683716,0.0
B,units,-2,0,digit_1hot:units,200,0.8899999856948853,0.004999999888241291,2.0086188634092763
B,units,-2,0,digit_1hot:random_orth,200,0.0,0.9899999499320984,2.0086188634092763
B,units,-2,0,digit_circ:all,200,0.019999999552965164,0.824999988079071,0.846141013566061
B,units,-2,0,digit_circ:tens,200,0.0,0.9950000047683716,0.0
B,units,-2,0,digit_circ:units,200,0.019999999552965164,0.824999988079071,0.846141013566061
B,units,-2,0,digit_circ:random_orth,200,0.0,0.9950000047683716,0.8461410135660611
B,units,-2,0,both:all,200,0.8799999952316284,0.004999999888241291,2.0367892141929693
B,units,-2,0,both:tens,200,0.0,0.9749999642372131,0.3834676573958734
B,units,-2,0,both:units,200,0.9049999713897705,0.004999999888241291,2.0151911350592657
B,units,-2,0,both:random_orth,200,0.0,0.9749999642372131,2.0367892141929698
B,units,-2,2,full_swap,200,0.9449999928474426,0.0,4.036317825317383
B,units,-2,2,helix:all,200,0.73499995470047,0.08500000089406967,1.64325473979104
B,units,-2,2,helix:tens,200,0.0,0.9699999690055847,0.23358805008366954
B,units,-2,2,helix:units,200,0.73499995470047,0.08999999612569809,1.6269915431072741
B,units,-2,2,helix:random_orth,200,0.0,0.98499995470047,1.64325473979104
B,units,-2,2,digit_1hot:all,200,0.9049999713897705,0.004999999888241291,2.0628887339276876
B,units,-2,2,digit_1hot:tens,200,0.0,0.9950000047683716,0.0
B,units,-2,2,digit_1hot:units,200,0.9049999713897705,0.004999999888241291,2.0628887339276876
B,units,-2,2,digit_1hot:random_orth,200,0.0,0.98499995470047,2.0628887339276876
B,units,-2,2,digit_circ:all,200,0.02499999850988388,0.8050000071525574,0.8817732793050773
B,units,-2,2,digit_circ:tens,200,0.0,0.9950000047683716,0.0
B,units,-2,2,digit_circ:units,200,0.02499999850988388,0.8050000071525574,0.8817732793050773
B,units,-2,2,digit_circ:random_orth,200,0.0,0.9950000047683716,0.8817732793050774
B,units,-2,2,both:all,200,0.8999999761581421,0.004999999888241291,2.094162859639705
B,units,-2,2,both:tens,200,0.0,0.9749999642372131,0.401168815874561
B,units,-2,2,both:units,200,0.9049999713897705,0.004999999888241291,2.0651101873120608
B,units,-2,2,both:random_orth,200,0.0,0.9899999499320984,2.094162859639705
B,units,-2,4,full_swap,200,0.949999988079071,0.0,4.597347259521484
B,units,-2,4,helix:all,200,0.75,0.06499999761581421,1.921629560656923
B,units,-2,4,helix:tens,200,0.0,0.9649999737739563,0.28374245263456116
B,units,-2,4,helix:units,200,0.7299999594688416,0.07499999552965164,1.8992052019441577
B,units,-2,4,helix:random_orth,200,0.0,0.9899999499320984,1.9216295606569234
B,units,-2,4,digit_1hot:all,200,0.8849999904632568,0.004999999888241291,2.342675028645729
B,units,-2,4,digit_1hot:tens,200,0.0,0.9950000047683716,0.0
B,units,-2,4,digit_1hot:units,200,0.8849999904632568,0.004999999888241291,2.342675028645729
B,units,-2,4,digit_1hot:random_orth,200,0.0,0.9749999642372131,2.342675028645729
B,units,-2,4,digit_circ:all,200,0.02499999850988388,0.7799999713897705,1.0597468352522075
B,units,-2,4,digit_circ:tens,200,0.0,0.9950000047683716,0.0
B,units,-2,4,digit_circ:units,200,0.02499999850988388,0.7799999713897705,1.0597468352522075
B,units,-2,4,digit_circ:random_orth,200,0.0,0.9799999594688416,1.0597468352522075
B,units,-2,4,both:all,200,0.8849999904632568,0.004999999888241291,2.3801528151575466
B,units,-2,4,both:tens,200,0.0,0.9699999690055847,0.4571998679961611
B,units,-2,4,both:units,200,0.9049999713897705,0.004999999888241291,2.3406932858043086
B,units,-2,4,both:random_orth,200,0.0,0.9749999642372131,2.3801528151575466
B,units,-2,6,full_swap,200,0.9449999928474426,0.0,5.393748760223389
B,units,-2,6,helix:all,200,0.7549999952316284,0.05999999865889549,2.245247400705754
B,units,-2,6,helix:tens,200,0.0,0.9699999690055847,0.34549582859350364
B,units,-2,6,helix:units,200,0.75,0.05999999865889549,2.2148790764940953
B,units,-2,6,helix:random_orth,200,0.0,0.9749999642372131,2.245247400705754
B,units,-2,6,digit_1hot:all,200,0.8949999809265137,0.004999999888241291,2.6833095851610334
B,units,-2,6,digit_1hot:tens,200,0.0,0.9950000047683716,0.0
B,units,-2,6,digit_1hot:units,200,0.8949999809265137,0.004999999888241291,2.6833095851610334
B,units,-2,6,digit_1hot:random_orth,200,0.0,0.98499995470047,2.683309585161033
B,units,-2,6,digit_circ:all,200,0.02499999850988388,0.7749999761581421,1.2715694855569912
B,units,-2,6,digit_circ:tens,200,0.0,0.9950000047683716,0.0
B,units,-2,6,digit_circ:units,200,0.02499999850988388,0.7749999761581421,1.2715694855569912
B,units,-2,6,digit_circ:random_orth,200,0.0,1.0,1.2715694855569912
B,units,-2,6,both:all,200,0.8999999761581421,0.004999999888241291,2.7272578743422957
B,units,-2,6,both:tens,200,0.0,0.9699999690055847,0.5324828568881189
B,units,-2,6,both:units,200,0.9149999618530273,0.004999999888241291,2.6772051561126706
B,units,-2,6,both:random_orth,200,0.0,0.98499995470047,2.7272578743422957
B,units,-2,8,full_swap,200,0.9449999928474426,0.0,5.794597625732422
B,units,-2,8,helix:all,200,0.7649999856948853,0.054999999701976776,2.434152810416032
B,units,-2,8,helix:tens,200,0.0,0.9649999737739563,0.3709500537686431
B,units,-2,8,helix:units,200,0.7599999904632568,0.06499999761581421,2.4012329769974015
B,units,-2,8,helix:random_orth,200,0.0,1.0,2.4341528104160317
B,units,-2,8,digit_1hot:all,200,0.9199999570846558,0.0,2.891615558746059
B,units,-2,8,digit_1hot:tens,200,0.0,0.9950000047683716,0.0
B,units,-2,8,digit_1hot:units,200,0.9199999570846558,0.0,2.891615558746059
B,units,-2,8,digit_1hot:random_orth,200,0.0,0.9799999594688416,2.891615558746059
B,units,-2,8,digit_circ:all,200,0.03500000014901161,0.7699999809265137,1.4221442384145933
B,units,-2,8,digit_circ:tens,200,0.0,0.9950000047683716,0.0
B,units,-2,8,digit_circ:units,200,0.03500000014901161,0.7699999809265137,1.4221442384145933
B,units,-2,8,digit_circ:random_orth,200,0.0,0.9899999499320984,1.4221442384145933
B,units,-2,8,both:all,200,0.8999999761581421,0.0,2.9381346184140593
B,units,-2,8,both:tens,200,0.0,0.9749999642372131,0.5751782218416506
B,units,-2,8,both:units,200,0.9199999570846558,0.0,2.8792440571548394
B,units,-2,8,both:random_orth,200,0.0,0.9950000047683716,2.9381346184140593
B,units,-2,10,full_swap,200,0.9399999976158142,0.0,5.953620433807373
B,units,-2,10,helix:all,200,0.7649999856948853,0.04999999701976776,2.530358882078844
B,units,-2,10,helix:tens,200,0.0,0.9649999737739563,0.3727083996592278
B,units,-2,10,helix:units,200,0.7699999809265137,0.054999999701976776,2.496711851028641
B,units,-2,10,helix:random_orth,200,0.0,0.9699999690055847,2.530358882078844
B,units,-2,10,digit_1hot:all,200,0.9049999713897705,0.0,2.9953532807412944
B,units,-2,10,digit_1hot:tens,200,0.0,0.9950000047683716,0.0
B,units,-2,10,digit_1hot:units,200,0.9049999713897705,0.0,2.9953532807412944
B,units,-2,10,digit_1hot:random_orth,200,0.0,0.98499995470047,2.9953532807412944
B,units,-2,10,digit_circ:all,200,0.03500000014901161,0.7599999904632568,1.487855583028769
B,units,-2,10,digit_circ:tens,200,0.0,0.9950000047683716,0.0
B,units,-2,10,digit_circ:units,200,0.03500000014901161,0.7599999904632568,1.487855583028769
B,units,-2,10,digit_circ:random_orth,200,0.0,0.9899999499320984,1.4878555830287687
B,units,-2,10,both:all,200,0.8949999809265137,0.0,3.040924800028021
B,units,-2,10,both:tens,200,0.0,0.9699999690055847,0.5836647375992027
B,units,-2,10,both:units,200,0.9199999570846558,0.0,2.98245257396822
B,units,-2,10,both:random_orth,200,0.0,0.98499995470047,3.040924800028021
B,units,-2,12,full_swap,200,0.9399999976158142,0.0,6.4715166091918945
B,units,-2,12,helix:all,200,0.7949999570846558,0.044999998062849045,3.068391838276223
B,units,-2,12,helix:tens,200,0.0,0.9649999737739563,0.3877579149806401
B,units,-2,12,helix:units,200,0.7799999713897705,0.054999999701976776,3.0348421063515003
B,units,-2,12,helix:random_orth,200,0.0,0.9899999499320984,3.068391838276223
B,units,-2,12,digit_1hot:all,200,0.8999999761581421,0.004999999888241291,3.7321271191235597
B,units,-2,12,digit_1hot:tens,200,0.0,0.9950000047683716,0.0
B,units,-2,12,digit_1hot:units,200,0.8999999761581421,0.004999999888241291,3.7321271191235597
B,units,-2,12,digit_1hot:random_orth,200,0.0,0.9799999594688416,3.7321271191235597
B,units,-2,12,digit_circ:all,200,0.03999999910593033,0.7149999737739563,1.747020197409259
B,units,-2,12,digit_circ:tens,200,0.0,0.9950000047683716,0.0
B,units,-2,12,digit_circ:units,200,0.03999999910593033,0.7149999737739563,1.747020197409259
B,units,-2,12,digit_circ:random_orth,200,0.0,0.9899999499320984,1.747020197409259
B,units,-2,12,both:all,200,0.8999999761581421,0.004999999888241291,3.7722894208586752
B,units,-2,12,both:tens,200,0.0,0.9699999690055847,0.6029520093765326
B,units,-2,12,both:units,200,0.9099999666213989,0.004999999888241291,3.719297429842679
B,units,-2,12,both:random_orth,200,0.0,0.9899999499320984,3.7722894208586752
B,units,-2,14,full_swap,200,0.9549999833106995,0.0,6.767185211181641
B,units,-2,14,helix:all,200,0.7849999666213989,0.05999999865889549,3.3615738020460406
B,units,-2,14,helix:tens,200,0.0,0.9549999833106995,0.43052408842646644
B,units,-2,14,helix:units,200,0.7849999666213989,0.054999999701976776,3.3248122809066043
B,units,-2,14,helix:random_orth,200,0.0,0.9749999642372131,3.3615738020460406
B,units,-2,14,digit_1hot:all,200,0.9249999523162842,0.004999999888241291,4.028852446128674
B,units,-2,14,digit_1hot:tens,200,0.0,0.9950000047683716,0.0
B,units,-2,14,digit_1hot:units,200,0.9249999523162842,0.004999999888241291,4.028852446128674
B,units,-2,14,digit_1hot:random_orth,200,0.0,0.9749999642372131,4.028852446128675
B,units,-2,14,digit_circ:all,200,0.06499999761581421,0.6899999976158142,1.939546567351751
B,units,-2,14,digit_circ:tens,200,0.0,0.9950000047683716,0.0
B,units,-2,14,digit_circ:units,200,0.06499999761581421,0.6899999976158142,1.939546567351751
B,units,-2,14,digit_circ:random_orth,200,0.0,0.98499995470047,1.9395465673517507
B,units,-2,14,both:all,200,0.9049999713897705,0.004999999888241291,4.0728387904798025
B,units,-2,14,both:tens,200,0.0,0.9649999737739563,0.6569648720740088
B,units,-2,14,both:units,200,0.9249999523162842,0.004999999888241291,4.014389825386976
B,units,-2,14,both:random_orth,200,0.0,0.9699999690055847,4.0728387904798025
B,units,-2,16,full_swap,200,0.9549999833106995,0.0,8.539649963378906
B,units,-2,16,helix:all,200,0.8349999785423279,0.04999999701976776,4.381966335953223
B,units,-2,16,helix:tens,200,0.0,0.9599999785423279,0.5711566502600556
B,units,-2,16,helix:units,200,0.8299999833106995,0.04999999701976776,4.336082371717603
B,units,-2,16,helix:random_orth,200,0.0,0.9599999785423279,4.381966335953224
B,units,-2,16,digit_1hot:all,200,0.8999999761581421,0.004999999888241291,5.3873761677366065
B,units,-2,16,digit_1hot:tens,200,0.0,0.9950000047683716,0.0
B,units,-2,16,digit_1hot:units,200,0.8999999761581421,0.004999999888241291,5.3873761677366065
B,units,-2,16,digit_1hot:random_orth,200,0.0,0.9699999690055847,5.387376167736607
B,units,-2,16,digit_circ:all,200,0.044999998062849045,0.6049999594688416,2.4495781071769973
B,units,-2,16,digit_circ:tens,200,0.0,0.9950000047683716,0.0
B,units,-2,16,digit_circ:units,200,0.044999998062849045,0.6049999594688416,2.4495781071769973
B,units,-2,16,digit_circ:random_orth,200,0.0,0.9899999499320984,2.4495781071769973
B,units,-2,16,both:all,200,0.8949999809265137,0.004999999888241291,5.437859946500533
B,units,-2,16,both:tens,200,0.0,0.9749999642372131,0.8120261558057202
B,units,-2,16,both:units,200,0.8949999809265137,0.009999999776482582,5.370051565294076
B,units,-2,16,both:random_orth,200,0.0,0.9799999594688416,5.437859946500533
B,units,-2,18,full_swap,200,0.4699999988079071,0.38499999046325684,9.494839668273926
B,units,-2,18,helix:all,200,0.3050000071525574,0.5049999952316284,4.742852366547215
B,units,-2,18,helix:tens,200,0.0,0.9799999594688416,0.612699518773493
B,units,-2,18,helix:units,200,0.3100000023841858,0.5049999952316284,4.696432347646192
B,units,-2,18,helix:random_orth,200,0.0,0.9699999690055847,4.742852366547216
B,units,-2,18,digit_1hot:all,200,0.39499998092651367,0.4449999928474426,5.869363739997674
B,units,-2,18,digit_1hot:tens,200,0.0,0.9950000047683716,0.0
B,units,-2,18,digit_1hot:units,200,0.39499998092651367,0.4449999928474426,5.869363739997674
B,units,-2,18,digit_1hot:random_orth,200,0.0,0.9649999737739563,5.869363739997674
B,units,-2,18,digit_circ:all,200,0.02499999850988388,0.8149999976158142,2.639998654507717
B,units,-2,18,digit_circ:tens,200,0.0,0.9950000047683716,0.0
B,units,-2,18,digit_circ:units,200,0.02499999850988388,0.8149999976158142,2.639998654507717
B,units,-2,18,digit_circ:random_orth,200,0.0,0.9950000047683716,2.639998654507717
B,units,-2,18,both:all,200,0.38999998569488525,0.45499998331069946,5.925571619866662
B,units,-2,18,both:tens,200,0.0,0.9799999594688416,0.8985683007836215
B,units,-2,18,both:units,200,0.38499999046325684,0.45499998331069946,5.855385660842457
B,units,-2,18,both:random_orth,200,0.0,0.9699999690055847,5.925571619866662
B,units,-2,20,full_swap,200,0.07000000029802322,0.7849999666213989,10.57741928100586
B,units,-2,20,helix:all,200,0.03500000014901161,0.8499999642372131,5.345281084551286
B,units,-2,20,helix:tens,200,0.0,1.0,0.6849250374785396
B,units,-2,20,helix:units,200,0.029999999329447746,0.85999995470047,5.296676540222718
B,units,-2,20,helix:random_orth,200,0.0,0.98499995470047,5.345281084551286
B,units,-2,20,digit_1hot:all,200,0.03999999910593033,0.8449999690055847,6.568509808278028
B,units,-2,20,digit_1hot:tens,200,0.0,0.9950000047683716,0.0
B,units,-2,20,digit_1hot:units,200,0.03999999910593033,0.8449999690055847,6.568509808278028
B,units,-2,20,digit_1hot:random_orth,200,0.0,0.98499995470047,6.568509808278028
B,units,-2,20,digit_circ:all,200,0.009999999776482582,0.9449999928474426,2.9367512907163973
B,units,-2,20,digit_circ:tens,200,0.0,0.9950000047683716,0.0
B,units,-2,20,digit_circ:units,200,0.009999999776482582,0.9449999928474426,2.9367512907163973
B,units,-2,20,digit_circ:random_orth,200,0.0,0.9950000047683716,2.9367512907163973
B,units,-2,20,both:all,200,0.03999999910593033,0.8449999690055847,6.633512761644401
B,units,-2,20,both:tens,200,0.0,0.9950000047683716,1.019008083349872
B,units,-2,20,both:units,200,0.03999999910593033,0.8449999690055847,6.556187539204971
B,units,-2,20,both:random_orth,200,0.0,0.98499995470047,6.6335127616444
B,units,-1,0,full_swap,200,0.8999999761581421,0.004999999888241291,3.9063916206359863
B,units,-1,0,helix:all,200,0.7400000095367432,0.08500000089406967,1.4175958056341695
B,units,-1,0,helix:tens,200,0.0,0.98499995470047,0.10531441929354472
B,units,-1,0,helix:units,200,0.73499995470047,0.07499999552965164,1.4132791231903172
B,units,-1,0,helix:random_orth,200,0.0,1.0,1.4175958056341695
B,units,-1,0,digit_1hot:all,200,0.8899999856948853,0.019999999552965164,2.034928053832386
B,units,-1,0,digit_1hot:tens,200,0.0,1.0,0.0
B,units,-1,0,digit_1hot:units,200,0.8899999856948853,0.019999999552965164,2.034928053832386
B,units,-1,0,digit_1hot:random_orth,200,0.0,0.9899999499320984,2.034928053832386
B,units,-1,0,digit_circ:all,200,0.0,0.949999988079071,0.44556119661243754
B,units,-1,0,digit_circ:tens,200,0.0,1.0,0.0
B,units,-1,0,digit_circ:units,200,0.0,0.949999988079071,0.44556119661243754
B,units,-1,0,digit_circ:random_orth,200,0.0,1.0,0.4455611966124375
B,units,-1,0,both:all,200,0.8899999856948853,0.02499999850988388,2.0430439766700363
B,units,-1,0,both:tens,200,0.0,0.9899999499320984,0.19110587263043985
B,units,-1,0,both:units,200,0.8899999856948853,0.019999999552965164,2.035937615422101
B,units,-1,0,both:random_orth,200,0.0,0.9899999499320984,2.0430439766700363
B,units,-1,2,full_swap,200,0.8999999761581421,0.0,3.9072017669677734
B,units,-1,2,helix:all,200,0.7599999904632568,0.05999999865889549,1.489910586876269
B,units,-1,2,helix:tens,200,0.0,0.9799999594688416,0.11468171199058123
B,units,-1,2,helix:units,200,0.7649999856948853,0.06499999761581421,1.4848204210092042
B,units,-1,2,helix:random_orth,200,0.0,1.0,1.489910586876269
B,units,-1,2,digit_1hot:all,200,0.9049999713897705,0.014999999664723873,2.0997114807560773
B,units,-1,2,digit_1hot:tens,200,0.0,1.0,0.0
B,units,-1,2,digit_1hot:units,200,0.9049999713897705,0.014999999664723873,2.0997114807560773
B,units,-1,2,digit_1hot:random_orth,200,0.0,0.9799999594688416,2.0997114807560773
B,units,-1,2,digit_circ:all,200,0.0,0.9549999833106995,0.4643565477069515
B,units,-1,2,digit_circ:tens,200,0.0,1.0,0.0
B,units,-1,2,digit_circ:units,200,0.0,0.9549999833106995,0.4643565477069515
B,units,-1,2,digit_circ:random_orth,200,0.0,1.0,0.46435654770695156
B,units,-1,2,both:all,200,0.9049999713897705,0.019999999552965164,2.108200963984539
B,units,-1,2,both:tens,200,0.0,0.98499995470047,0.19989826756785484
B,units,-1,2,both:units,200,0.9099999666213989,0.014999999664723873,2.099485646610049
B,units,-1,2,both:random_orth,200,0.0,1.0,2.108200963984539
B,units,-1,4,full_swap,200,0.9099999666213989,0.0,4.4630126953125
B,units,-1,4,helix:all,200,0.7400000095367432,0.05999999865889549,1.8441661685305162
B,units,-1,4,helix:tens,200,0.0,0.98499995470047,0.13838869899843972
B,units,-1,4,helix:units,200,0.7400000095367432,0.05999999865889549,1.8380544522366278
B,units,-1,4,helix:random_orth,200,0.0,0.98499995470047,1.8441661685305162
B,units,-1,4,digit_1hot:all,200,0.8999999761581421,0.009999999776482582,2.4530701303935634
B,units,-1,4,digit_1hot:tens,200,0.0,1.0,0.0
B,units,-1,4,digit_1hot:units,200,0.8999999761581421,0.009999999776482582,2.4530701303935634
B,units,-1,4,digit_1hot:random_orth,200,0.0,0.98499995470047,2.453070130393564
B,units,-1,4,digit_circ:all,200,0.0,0.949999988079071,0.5577030180910105
B,units,-1,4,digit_circ:tens,200,0.0,1.0,0.0
B,units,-1,4,digit_circ:units,200,0.0,0.949999988079071,0.5577030180910105
B,units,-1,4,digit_circ:random_orth,200,0.0,1.0,0.5577030180910105
B,units,-1,4,both:all,200,0.8949999809265137,0.009999999776482582,2.462184104731972
B,units,-1,4,both:tens,200,0.0,0.9899999499320984,0.22816137649434023
B,units,-1,4,both:units,200,0.8999999761581421,0.009999999776482582,2.4510707233884883
B,units,-1,4,both:random_orth,200,0.0,0.9899999499320984,2.4621841047319717
B,units,-1,6,full_swap,200,0.9049999713897705,0.0,5.239327430725098
B,units,-1,6,helix:all,200,0.73499995470047,0.05999999865889549,2.1592084859658227
B,units,-1,6,helix:tens,200,0.0,0.98499995470047,0.16766500196178452
B,units,-1,6,helix:units,200,0.75,0.054999999701976776,2.151008538905346
B,units,-1,6,helix:random_orth,200,0.0,1.0,2.1592084859658227
B,units,-1,6,digit_1hot:all,200,0.8849999904632568,0.014999999664723873,2.8250551512420845
B,units,-1,6,digit_1hot:tens,200,0.0,1.0,0.0
B,units,-1,6,digit_1hot:units,200,0.8849999904632568,0.014999999664723873,2.8250551512420845
B,units,-1,6,digit_1hot:random_orth,200,0.0,0.9899999499320984,2.8250551512420845
B,units,-1,6,digit_circ:all,200,0.0,0.949999988079071,0.6680465820461668
B,units,-1,6,digit_circ:tens,200,0.0,1.0,0.0
B,units,-1,6,digit_circ:units,200,0.0,0.949999988079071,0.6680465820461668
B,units,-1,6,digit_circ:random_orth,200,0.0,1.0,0.6680465820461668
B,units,-1,6,both:all,200,0.8899999856948853,0.019999999552965164,2.8352679395068985
B,units,-1,6,both:tens,200,0.0,0.9899999499320984,0.26586713853052957
B,units,-1,6,both:units,200,0.8849999904632568,0.014999999664723873,2.821600631538415
B,units,-1,6,both:random_orth,200,0.0,0.9899999499320984,2.8352679395068994
B,units,-1,8,full_swap,200,0.8949999809265137,0.0,5.643062591552734
B,units,-1,8,helix:all,200,0.75,0.054999999701976776,2.323333102802469
B,units,-1,8,helix:tens,200,0.0,0.9799999594688416,0.17990046646098903
B,units,-1,8,helix:units,200,0.7450000047683716,0.054999999701976776,2.3139882958312525
B,units,-1,8,helix:random_orth,200,0.0,1.0,2.323333102802469
B,units,-1,8,digit_1hot:all,200,0.8799999952316284,0.014999999664723873,3.056912260747487
B,units,-1,8,digit_1hot:tens,200,0.0,1.0,0.0
B,units,-1,8,digit_1hot:units,200,0.8799999952316284,0.014999999664723873,3.056912260747487
B,units,-1,8,digit_1hot:random_orth,200,0.0,0.9799999594688416,3.056912260747487
B,units,-1,8,digit_circ:all,200,0.0,0.949999988079071,0.7474681230563136
B,units,-1,8,digit_circ:tens,200,0.0,1.0,0.0
B,units,-1,8,digit_circ:units,200,0.0,0.949999988079071,0.7474681230563136
B,units,-1,8,digit_circ:random_orth,200,0.0,1.0,0.7474681230563136
B,units,-1,8,both:all,200,0.8799999952316284,0.019999999552965164,3.0679180860078326
B,units,-1,8,both:tens,200,0.0,0.9950000047683716,0.2874779348425905
B,units,-1,8,both:units,200,0.8849999904632568,0.014999999664723873,3.0526411284409325
B,units,-1,8,both:random_orth,200,0.0,0.9749999642372131,3.0679180860078326
B,units,-1,10,full_swap,200,0.9049999713897705,0.0,5.884479999542236
B,units,-1,10,helix:all,200,0.7400000095367432,0.044999998062849045,2.4676465263650487
B,units,-1,10,helix:tens,200,0.0,0.98499995470047,0.18063613804236694
B,units,-1,10,helix:units,200,0.75,0.044999998062849045,2.45822743365406
B,units,-1,10,helix:random_orth,200,0.0,0.9899999499320984,2.4676465263650487
B,units,-1,10,digit_1hot:all,200,0.8849999904632568,0.014999999664723873,3.227638209788662
B,units,-1,10,digit_1hot:tens,200,0.0,1.0,0.0
B,units,-1,10,digit_1hot:units,200,0.8849999904632568,0.014999999664723873,3.227638209788662
B,units,-1,10,digit_1hot:random_orth,200,0.0,0.98499995470047,3.227638209788662
B,units,-1,10,digit_circ:all,200,0.0,0.949999988079071,0.7797658540803125
B,units,-1,10,digit_circ:tens,200,0.0,1.0,0.0
B,units,-1,10,digit_circ:units,200,0.0,0.949999988079071,0.7797658540803125
B,units,-1,10,digit_circ:random_orth,200,0.0,1.0,0.7797658540803125
B,units,-1,10,both:all,200,0.8849999904632568,0.014999999664723873,3.239035956700694
B,units,-1,10,both:tens,200,0.0,0.9950000047683716,0.29143057599923283
B,units,-1,10,both:units,200,0.8899999856948853,0.014999999664723873,3.2247425431665615
B,units,-1,10,both:random_orth,200,0.0,0.9950000047683716,3.239035956700694
B,units,-1,12,full_swap,200,0.9049999713897705,0.0,6.3998823165893555
B,units,-1,12,helix:all,200,0.7450000047683716,0.03999999910593033,2.9285442603121963
B,units,-1,12,helix:tens,200,0.0,0.9799999594688416,0.18811588553800784
B,units,-1,12,helix:units,200,0.75,0.03999999910593033,2.91985939706385
B,units,-1,12,helix:random_orth,200,0.0,0.9950000047683716,2.928544260312196
B,units,-1,12,digit_1hot:all,200,0.8799999952316284,0.014999999664723873,3.916116070345832
B,units,-1,12,digit_1hot:tens,200,0.0,1.0,0.0
B,units,-1,12,digit_1hot:units,200,0.8799999952316284,0.014999999664723873,3.916116070345832
B,units,-1,12,digit_1hot:random_orth,200,0.0,0.9799999594688416,3.916116070345831
B,units,-1,12,digit_circ:all,200,0.0,0.9350000023841858,0.9189861957760616
B,units,-1,12,digit_circ:tens,200,0.0,1.0,0.0
B,units,-1,12,digit_circ:units,200,0.0,0.9350000023841858,0.9189861957760616
B,units,-1,12,digit_circ:random_orth,200,0.0,1.0,0.9189861957760616
B,units,-1,12,both:all,200,0.8799999952316284,0.014999999664723873,3.9259550891829527
B,units,-1,12,both:tens,200,0.0,0.98499995470047,0.30115563294778364
B,units,-1,12,both:units,200,0.8849999904632568,0.014999999664723873,3.913076147338314
B,units,-1,12,both:random_orth,200,0.0,0.9899999499320984,3.9259550891829527
B,units,-1,14,full_swap,200,0.9099999666213989,0.0,6.693002223968506
B,units,-1,14,helix:all,200,0.75,0.03999999910593033,3.250751491911388
B,units,-1,14,helix:tens,200,0.0,0.9799999594688416,0.2081602326522794
B,units,-1,14,helix:units,200,0.7549999952316284,0.03999999910593033,3.2414832185585625
B,units,-1,14,helix:random_orth,200,0.0,0.98499995470047,3.250751491911388
B,units,-1,14,digit_1hot:all,200,0.8999999761581421,0.009999999776482582,4.250567943205278
B,units,-1,14,digit_1hot:tens,200,0.0,1.0,0.0
B,units,-1,14,digit_1hot:units,200,0.8999999761581421,0.009999999776482582,4.250567943205278
B,units,-1,14,digit_1hot:random_orth,200,0.0,0.9749999642372131,4.250567943205278
B,units,-1,14,digit_circ:all,200,0.0,0.9399999976158142,1.0167809376436259
B,units,-1,14,digit_circ:tens,200,0.0,1.0,0.0
B,units,-1,14,digit_circ:units,200,0.0,0.9399999976158142,1.0167809376436259
B,units,-1,14,digit_circ:random_orth,200,0.0,0.9950000047683716,1.0167809376436259
B,units,-1,14,both:all,200,0.8899999856948853,0.009999999776482582,4.260444707579165
B,units,-1,14,both:tens,200,0.0,0.98499995470047,0.3285186705465537
B,units,-1,14,both:units,200,0.8999999761581421,0.009999999776482582,4.246478157872584
B,units,-1,14,both:random_orth,200,0.0,1.0,4.260444707579165
B,units,-1,16,full_swap,200,0.9350000023841858,0.0,8.234350204467773
B,units,-1,16,helix:all,200,0.7549999952316284,0.054999999701976776,4.001738409257256
B,units,-1,16,helix:tens,200,0.0,0.9799999594688416,0.27855846339813445
B,units,-1,16,helix:units,200,0.7649999856948853,0.054999999701976776,3.989248500608262
B,units,-1,16,helix:random_orth,200,0.0,0.98499995470047,4.001738409257256
B,units,-1,16,digit_1hot:all,200,0.8899999856948853,0.03500000014901161,5.485594106103101
B,units,-1,16,digit_1hot:tens,200,0.0,1.0,0.0
B,units,-1,16,digit_1hot:units,200,0.8899999856948853,0.03500000014901161,5.485594106103101
B,units,-1,16,digit_1hot:random_orth,200,0.0,0.9950000047683716,5.485594106103101
B,units,-1,16,digit_circ:all,200,0.0,0.8949999809265137,1.2874366832390784
B,units,-1,16,digit_circ:tens,200,0.0,1.0,0.0
B,units,-1,16,digit_circ:units,200,0.0,0.8949999809265137,1.2874366832390784
B,units,-1,16,digit_circ:random_orth,200,0.0,0.9950000047683716,1.2874366832390784
B,units,-1,16,both:all,200,0.8949999809265137,0.03500000014901161,5.496950341767049
B,units,-1,16,both:tens,200,0.0,0.9899999499320984,0.4061741888729709
B,units,-1,16,both:units,200,0.8899999856948853,0.03500000014901161,5.479561979760454
B,units,-1,16,both:random_orth,200,0.0,0.9799999594688416,5.496950341767049
B,units,-1,18,full_swap,200,0.6349999904632568,0.23499999940395355,8.985271453857422
B,units,-1,18,helix:all,200,0.39499998092651367,0.3999999761581421,4.280524394662256
B,units,-1,18,helix:tens,200,0.0,0.9950000047683716,0.2995276825821647
B,units,-1,18,helix:units,200,0.3999999761581421,0.39499998092651367,4.267522097017041
B,units,-1,18,helix:random_orth,200,0.0,0.9950000047683716,4.280524394662256
B,units,-1,18,digit_1hot:all,200,0.5399999618530273,0.3050000071525574,5.945619621146022
B,units,-1,18,digit_1hot:tens,200,0.0,1.0,0.0
B,units,-1,18,digit_1hot:units,200,0.5399999618530273,0.3050000071525574,5.945619621146022
B,units,-1,18,digit_1hot:random_orth,200,0.0,0.9749999642372131,5.945619621146022
B,units,-1,18,digit_circ:all,200,0.0,0.9549999833106995,1.388155430407428
B,units,-1,18,digit_circ:tens,200,0.0,1.0,0.0
B,units,-1,18,digit_circ:units,200,0.0,0.9549999833106995,1.388155430407428
B,units,-1,18,digit_circ:random_orth,200,0.0,1.0,1.388155430407428
B,units,-1,18,both:all,200,0.5299999713897705,0.3100000023841858,5.960968207077761
B,units,-1,18,both:tens,200,0.0,1.0,0.45009023813597326
B,units,-1,18,both:units,200,0.5399999618530273,0.3050000071525574,5.942547827856497
B,units,-1,18,both:random_orth,200,0.0,0.9799999594688416,5.960968207077761
B,units,-1,20,full_swap,200,0.2750000059604645,0.6100000143051147,10.037070274353027
B,units,-1,20,helix:all,200,0.17000000178813934,0.75,4.776570238068157
B,units,-1,20,helix:tens,200,0.0,1.0,0.33336349002181165
B,units,-1,20,helix:units,200,0.17000000178813934,0.75,4.76257341553591
B,units,-1,20,helix:random_orth,200,0.0,1.0,4.776570238068157
B,units,-1,20,digit_1hot:all,200,0.22999998927116394,0.6850000023841858,6.684498043408716
B,units,-1,20,digit_1hot:tens,200,0.0,1.0,0.0
B,units,-1,20,digit_1hot:units,200,0.22999998927116394,0.6850000023841858,6.684498043408716
B,units,-1,20,digit_1hot:random_orth,200,0.0,0.9950000047683716,6.684498043408716
B,units,-1,20,digit_circ:all,200,0.0,0.98499995470047,1.544132149725301
B,units,-1,20,digit_circ:tens,200,0.0,1.0,0.0
B,units,-1,20,digit_circ:units,200,0.0,0.98499995470047,1.544132149725301
B,units,-1,20,digit_circ:random_orth,200,0.0,1.0,1.544132149725301
B,units,-1,20,both:all,200,0.22999998927116394,0.6800000071525574,6.7029398606392325
B,units,-1,20,both:tens,200,0.0,1.0,0.5106927922488412
B,units,-1,20,both:units,200,0.22999998927116394,0.6850000023841858,6.681568423129427
B,units,-1,20,both:random_orth,200,0.0,0.9950000047683716,6.7029398606392325
B,units,1,0,full_swap,200,0.9399999976158142,0.0,3.7470221519470215
B,units,1,0,helix:all,200,0.574999988079071,0.14999999105930328,1.4252465179423808
B,units,1,0,helix:tens,200,0.0,1.0,0.10663568964699369
B,units,1,0,helix:units,200,0.5600000023841858,0.17000000178813934,1.420934383424994
B,units,1,0,helix:random_orth,200,0.0,0.9799999594688416,1.4252465179423808
B,units,1,0,digit_1hot:all,200,0.8499999642372131,0.009999999776482582,2.03129296613367
B,units,1,0,digit_1hot:tens,200,0.0,1.0,0.0
B,units,1,0,digit_1hot:units,200,0.8499999642372131,0.009999999776482582,2.03129296613367
B,units,1,0,digit_1hot:random_orth,200,0.0,0.9799999594688416,2.03129296613367
B,units,1,0,digit_circ:all,200,0.0,0.9799999594688416,0.44544522579880935
B,units,1,0,digit_circ:tens,200,0.0,1.0,0.0
B,units,1,0,digit_circ:units,200,0.0,0.9799999594688416,0.44544522579880935
B,units,1,0,digit_circ:random_orth,200,0.0,1.0,0.44544522579880935
B,units,1,0,both:all,200,0.85999995470047,0.009999999776482582,2.0377117021724818
B,units,1,0,both:tens,200,0.0,1.0,0.19286422759367702
B,units,1,0,both:units,200,0.8499999642372131,0.009999999776482582,2.032322509605763
B,units,1,0,both:random_orth,200,0.0,0.98499995470047,2.0377117021724818
B,units,1,2,full_swap,200,0.9300000071525574,0.0,3.786125421524048
B,units,1,2,helix:all,200,0.5899999737739563,0.14000000059604645,1.498207958957164
B,units,1,2,helix:tens,200,0.0,1.0,0.1173968342190169
B,units,1,2,helix:units,200,0.5799999833106995,0.14499999582767487,1.493047531670054
B,units,1,2,helix:random_orth,200,0.0,0.98499995470047,1.4982079589571642
B,units,1,2,digit_1hot:all,200,0.8549999594688416,0.009999999776482582,2.096739631082827
B,units,1,2,digit_1hot:tens,200,0.0,1.0,0.0
B,units,1,2,digit_1hot:units,200,0.8549999594688416,0.009999999776482582,2.096739631082827
B,units,1,2,digit_1hot:random_orth,200,0.0,0.98499995470047,2.096739631082827
B,units,1,2,digit_circ:all,200,0.0,0.98499995470047,0.46405206063162835
B,units,1,2,digit_circ:tens,200,0.0,1.0,0.0
B,units,1,2,digit_circ:units,200,0.0,0.98499995470047,0.46405206063162835
B,units,1,2,digit_circ:random_orth,200,0.0,1.0,0.46405206063162846
B,units,1,2,both:all,200,0.85999995470047,0.009999999776482582,2.1037155321642675
B,units,1,2,both:tens,200,0.0,1.0,0.20171180420017337
B,units,1,2,both:units,200,0.8549999594688416,0.009999999776482582,2.096391438408352
B,units,1,2,both:random_orth,200,0.0,0.9899999499320984,2.1037155321642675
B,units,1,4,full_swap,200,0.9300000071525574,0.0,4.379061698913574
B,units,1,4,helix:all,200,0.5949999690055847,0.14499999582767487,1.8568059614930714
B,units,1,4,helix:tens,200,0.0,1.0,0.1425850156980996
B,units,1,4,helix:units,200,0.5899999737739563,0.14000000059604645,1.8505996570278358
B,units,1,4,helix:random_orth,200,0.0,0.9899999499320984,1.8568059614930714
B,units,1,4,digit_1hot:all,200,0.875,0.004999999888241291,2.4552762968641146
B,units,1,4,digit_1hot:tens,200,0.0,1.0,0.0
B,units,1,4,digit_1hot:units,200,0.875,0.004999999888241291,2.4552762968641146
B,units,1,4,digit_1hot:random_orth,200,0.0,0.9799999594688416,2.4552762968641146
B,units,1,4,digit_circ:all,200,0.0,0.98499995470047,0.5572090027456298
B,units,1,4,digit_circ:tens,200,0.0,1.0,0.0
B,units,1,4,digit_circ:units,200,0.0,0.98499995470047,0.5572090027456298
B,units,1,4,digit_circ:random_orth,200,0.0,1.0,0.5572090027456298
B,units,1,4,both:all,200,0.8700000047683716,0.004999999888241291,2.4627046713894396
B,units,1,4,both:tens,200,0.0,0.9950000047683716,0.2299177205570281
B,units,1,4,both:units,200,0.8650000095367432,0.004999999888241291,2.453109236960219
B,units,1,4,both:random_orth,200,0.0,0.9899999499320984,2.4627046713894396
B,units,1,6,full_swap,200,0.9350000023841858,0.0,5.176563739776611
B,units,1,6,helix:all,200,0.5999999642372131,0.14000000059604645,2.1769627993405667
B,units,1,6,helix:tens,200,0.0,1.0,0.17357493745341387
B,units,1,6,helix:units,200,0.5849999785423279,0.14499999582767487,2.1683998878957285
B,units,1,6,helix:random_orth,200,0.0,0.9899999499320984,2.1769627993405667
B,units,1,6,digit_1hot:all,200,0.8700000047683716,0.004999999888241291,2.8344210505244187
B,units,1,6,digit_1hot:tens,200,0.0,1.0,0.0
B,units,1,6,digit_1hot:units,200,0.8700000047683716,0.004999999888241291,2.8344210505244187
B,units,1,6,digit_1hot:random_orth,200,0.0,0.9749999642372131,2.8344210505244187
B,units,1,6,digit_circ:all,200,0.0,0.9799999594688416,0.6669643482152046
B,units,1,6,digit_circ:tens,200,0.0,1.0,0.0
B,units,1,6,digit_circ:units,200,0.0,0.9799999594688416,0.6669643482152046
B,units,1,6,digit_circ:random_orth,200,0.0,0.9950000047683716,0.6669643482152046
B,units,1,6,both:all,200,0.875,0.004999999888241291,2.842303692561798
B,units,1,6,both:tens,200,0.0,0.9950000047683716,0.2679034883909802
B,units,1,6,both:units,200,0.8799999952316284,0.004999999888241291,2.830536618782936
B,units,1,6,both:random_orth,200,0.0,0.98499995470047,2.842303692561798
B,units,1,8,full_swap,200,0.9449999928474426,0.0,5.586812973022461
B,units,1,8,helix:all,200,0.6100000143051147,0.13499999046325684,2.3407430214410505
B,units,1,8,helix:tens,200,0.0,1.0,0.18635604729961414
B,units,1,8,helix:units,200,0.5899999737739563,0.14999999105930328,2.330541551303117
B,units,1,8,helix:random_orth,200,0.0,0.9749999642372131,2.3407430214410505
B,units,1,8,digit_1hot:all,200,0.8849999904632568,0.0,3.0670267294840414
B,units,1,8,digit_1hot:tens,200,0.0,1.0,0.0
B,units,1,8,digit_1hot:units,200,0.8849999904632568,0.0,3.0670267294840414
B,units,1,8,digit_1hot:random_orth,200,0.0,0.98499995470047,3.0670267294840414
B,units,1,8,digit_circ:all,200,0.0,0.9749999642372131,0.7464697967900445
B,units,1,8,digit_circ:tens,200,0.0,1.0,0.0
B,units,1,8,digit_circ:units,200,0.0,0.9749999642372131,0.7464697967900445
B,units,1,8,digit_circ:random_orth,200,0.0,0.9950000047683716,0.7464697967900445
B,units,1,8,both:all,200,0.8849999904632568,0.0,3.0747397783918484
B,units,1,8,both:tens,200,0.0,0.9899999499320984,0.28945716705874924
B,units,1,8,both:units,200,0.8849999904632568,0.004999999888241291,3.0620464189383045
B,units,1,8,both:random_orth,200,0.0,0.9950000047683716,3.074739778391849
B,units,1,10,full_swap,200,0.9399999976158142,0.0,5.820378303527832
B,units,1,10,helix:all,200,0.6049999594688416,0.12999999523162842,2.484273457105622
B,units,1,10,helix:tens,200,0.0,1.0,0.18723740875290168
B,units,1,10,helix:units,200,0.5999999642372131,0.14499999582767487,2.47393410722975
B,units,1,10,helix:random_orth,200,0.0,0.9950000047683716,2.484273457105622
B,units,1,10,digit_1hot:all,200,0.8799999952316284,0.0,3.2410029736652284
B,units,1,10,digit_1hot:tens,200,0.0,1.0,0.0
B,units,1,10,digit_1hot:units,200,0.8799999952316284,0.0,3.2410029736652284
B,units,1,10,digit_1hot:random_orth,200,0.0,0.9749999642372131,3.2410029736652293
B,units,1,10,digit_circ:all,200,0.0,0.9799999594688416,0.7790250293935526
B,units,1,10,digit_circ:tens,200,0.0,1.0,0.0
B,units,1,10,digit_circ:units,200,0.0,0.9799999594688416,0.7790250293935526
B,units,1,10,digit_circ:random_orth,200,0.0,0.9899999499320984,0.7790250293935526
B,units,1,10,both:all,200,0.8799999952316284,0.0,3.248399872425632
B,units,1,10,both:tens,200,0.0,1.0,0.29355645052609497
B,units,1,10,both:units,200,0.8799999952316284,0.0,3.2372341330875893
B,units,1,10,both:random_orth,200,0.0,0.9799999594688416,3.248399872425632
B,units,1,12,full_swap,200,0.9449999928474426,0.0,6.331514835357666
B,units,1,12,helix:all,200,0.6649999618530273,0.10999999940395355,2.9400324879428466
B,units,1,12,helix:tens,200,0.0,0.9950000047683716,0.19475486110499862
B,units,1,12,helix:units,200,0.6349999904632568,0.10999999940395355,2.9303319402682124
B,units,1,12,helix:random_orth,200,0.0,0.98499995470047,2.940032487942846
B,units,1,12,digit_1hot:all,200,0.875,0.0,3.9183187499612107
B,units,1,12,digit_1hot:tens,200,0.0,1.0,0.0
B,units,1,12,digit_1hot:units,200,0.875,0.0,3.9183187499612107
B,units,1,12,digit_1hot:random_orth,200,0.0,0.9699999690055847,3.9183187499612107
B,units,1,12,digit_circ:all,200,0.0,0.9749999642372131,0.9174695588952205
B,units,1,12,digit_circ:tens,200,0.0,1.0,0.0
B,units,1,12,digit_circ:units,200,0.0,0.9749999642372131,0.9174695588952205
B,units,1,12,digit_circ:random_orth,200,0.0,1.0,0.9174695588952205
B,units,1,12,both:all,200,0.875,0.0,3.924813633435662
B,units,1,12,both:tens,200,0.0,0.9950000047683716,0.3031729225943926
B,units,1,12,both:units,200,0.8700000047683716,0.0,3.914612177227284
B,units,1,12,both:random_orth,200,0.0,0.9799999594688416,3.924813633435662
B,units,1,14,full_swap,200,0.949999988079071,0.0,6.649371147155762
B,units,1,14,helix:all,200,0.6599999666213989,0.10999999940395355,3.26426979705868
B,units,1,14,helix:tens,200,0.0,1.0,0.2159315175297445
B,units,1,14,helix:units,200,0.6349999904632568,0.11499999463558197,3.25375685341467
B,units,1,14,helix:random_orth,200,0.0,0.9799999594688416,3.26426979705868
B,units,1,14,digit_1hot:all,200,0.8549999594688416,0.009999999776482582,4.265923095108288
B,units,1,14,digit_1hot:tens,200,0.0,1.0,0.0
B,units,1,14,digit_1hot:units,200,0.8549999594688416,0.009999999776482582,4.265923095108288
B,units,1,14,digit_1hot:random_orth,200,0.0,0.9749999642372131,4.265923095108288
B,units,1,14,digit_circ:all,200,0.0,0.9649999737739563,1.0163828444373744
B,units,1,14,digit_circ:tens,200,0.0,1.0,0.0
B,units,1,14,digit_circ:units,200,0.0,0.9649999737739563,1.0163828444373744
B,units,1,14,digit_circ:random_orth,200,0.0,1.0,1.0163828444373744
B,units,1,14,both:all,200,0.85999995470047,0.004999999888241291,4.27336682804216
B,units,1,14,both:tens,200,0.0,0.9950000047683716,0.33029667924976314
B,units,1,14,both:units,200,0.8549999594688416,0.009999999776482582,4.261115233343918
B,units,1,14,both:random_orth,200,0.0,0.98499995470047,4.273366828042161
B,units,1,16,full_swap,200,0.9399999976158142,0.0,8.207318305969238
B,units,1,16,helix:all,200,0.699999988079071,0.09999999403953552,4.015983916128343
B,units,1,16,helix:tens,200,0.0,0.9950000047683716,0.2867595667089886
B,units,1,16,helix:units,200,0.6949999928474426,0.10499999672174454,4.002005615775621
B,units,1,16,helix:random_orth,200,0.0,0.9699999690055847,4.015983916128343
B,units,1,16,digit_1hot:all,200,0.8199999928474426,0.03500000014901161,5.481374090414789
B,units,1,16,digit_1hot:tens,200,0.0,1.0,0.0
B,units,1,16,digit_1hot:units,200,0.8199999928474426,0.03500000014901161,5.481374090414789
B,units,1,16,digit_1hot:random_orth,200,0.0,0.9799999594688416,5.481374090414789
B,units,1,16,digit_circ:all,200,0.0,0.949999988079071,1.2867674900066626
B,units,1,16,digit_circ:tens,200,0.0,1.0,0.0
B,units,1,16,digit_circ:units,200,0.0,0.949999988079071,1.2867674900066626
B,units,1,16,digit_circ:random_orth,200,0.0,0.9950000047683716,1.2867674900066626
B,units,1,16,both:all,200,0.8149999976158142,0.03500000014901161,5.490652346201418
B,units,1,16,both:tens,200,0.0,0.9950000047683716,0.40831539924314597
B,units,1,16,both:units,200,0.8199999928474426,0.03500000014901161,5.474694491840137
B,units,1,16,both:random_orth,200,0.0,0.9699999690055847,5.490652346201416
B,units,1,18,full_swap,200,0.5049999952316284,0.3649999797344208,8.976090431213379
B,units,1,18,helix:all,200,0.3149999976158142,0.4949999749660492,4.295291686267269
B,units,1,18,helix:tens,200,0.0,1.0,0.3078208151653596
B,units,1,18,helix:units,200,0.3149999976158142,0.4899999797344208,4.280462201135421
B,units,1,18,helix:random_orth,200,0.0,0.9899999499320984,4.295291686267269
B,units,1,18,digit_1hot:all,200,0.4399999976158142,0.38999998569488525,5.946029915120423
B,units,1,18,digit_1hot:tens,200,0.0,1.0,0.0
B,units,1,18,digit_1hot:units,200,0.4399999976158142,0.38999998569488525,5.946029915120423
B,units,1,18,digit_1hot:random_orth,200,0.0,0.9699999690055847,5.946029915120423
B,units,1,18,digit_circ:all,200,0.0,0.9749999642372131,1.3878946099111755
B,units,1,18,digit_circ:tens,200,0.0,1.0,0.0
B,units,1,18,digit_circ:units,200,0.0,0.9749999642372131,1.3878946099111755
B,units,1,18,digit_circ:random_orth,200,0.0,1.0,1.3878946099111757
B,units,1,18,both:all,200,0.4350000023841858,0.38999998569488525,5.959452762920664
B,units,1,18,both:tens,200,0.0,1.0,0.45206711771801367
B,units,1,18,both:units,200,0.4399999976158142,0.38999998569488525,5.942470445199213
B,units,1,18,both:random_orth,200,0.0,0.98499995470047,5.959452762920664
B,units,1,20,full_swap,200,0.1850000023841858,0.699999988079071,10.044445037841797
B,units,1,20,helix:all,200,0.06499999761581421,0.7999999523162842,4.801472024242477
B,units,1,20,helix:tens,200,0.0,1.0,0.34395809480579387
B,units,1,20,helix:units,200,0.07000000029802322,0.7849999666213989,4.785742131717027
B,units,1,20,helix:random_orth,200,0.0,0.9950000047683716,4.801472024242477
B,units,1,20,digit_1hot:all,200,0.11499999463558197,0.7249999642372131,6.682098876238536
B,units,1,20,digit_1hot:tens,200,0.0,1.0,0.0
B,units,1,20,digit_1hot:units,200,0.11499999463558197,0.7249999642372131,6.682098876238536
B,units,1,20,digit_1hot:random_orth,200,0.0,0.9749999642372131,6.682098876238536
B,units,1,20,digit_circ:all,200,0.0,0.9899999499320984,1.5425040751434178
B,units,1,20,digit_circ:tens,200,0.0,1.0,0.0
B,units,1,20,digit_circ:units,200,0.0,0.9899999499320984,1.5425040751434178
B,units,1,20,digit_circ:random_orth,200,0.0,1.0,1.5425040751434176
B,units,1,20,both:all,200,0.11999999731779099,0.7149999737739563,6.697632058203214
B,units,1,20,both:tens,200,0.0,1.0,0.5126419565437611
B,units,1,20,both:units,200,0.11499999463558197,0.7199999690055847,6.678473514911409
B,units,1,20,both:random_orth,200,0.0,0.9950000047683716,6.697632058203214
B,units,2,0,full_swap,200,0.9350000023841858,0.0,3.927271842956543
B,units,2,0,helix:all,200,0.5,0.20499999821186066,1.587622243430442
B,units,2,0,helix:tens,200,0.0,1.0,0.2159825249130442
B,units,2,0,helix:units,200,0.4350000023841858,0.23499999940395355,1.574087597683834
B,units,2,0,helix:random_orth,200,0.0,0.9950000047683716,1.587622243430442
B,units,2,0,digit_1hot:all,200,0.7450000047683716,0.019999999552965164,2.0180077277684045
B,units,2,0,digit_1hot:tens,200,0.0,1.0,0.0
B,units,2,0,digit_1hot:units,200,0.7450000047683716,0.019999999552965164,2.0180077277684045
B,units,2,0,digit_1hot:random_orth,200,0.0,0.9950000047683716,2.0180077277684045
B,units,2,0,digit_circ:all,200,0.0,0.9649999737739563,0.8471444358539244
B,units,2,0,digit_circ:tens,200,0.0,1.0,0.0
B,units,2,0,digit_circ:units,200,0.0,0.9649999737739563,0.8471444358539244
B,units,2,0,digit_circ:random_orth,200,0.0,0.9950000047683716,0.8471444358539244
B,units,2,0,both:all,200,0.7549999952316284,0.02499999850988388,2.0475146559435893
B,units,2,0,both:tens,200,0.0,1.0,0.3883370744546983
B,units,2,0,both:units,200,0.7299999594688416,0.019999999552965164,2.0234195500709062
B,units,2,0,both:random_orth,200,0.0,1.0,2.0475146559435893
B,units,2,2,full_swap,200,0.9300000071525574,0.0,3.967193603515625
B,units,2,2,helix:all,200,0.5049999952316284,0.20499999821186066,1.6450313371743857
B,units,2,2,helix:tens,200,0.0,1.0,0.23853296621099374
B,units,2,2,helix:units,200,0.4449999928474426,0.22999998927116394,1.6273983971430988
B,units,2,2,helix:random_orth,200,0.0,1.0,1.6450313371743857
B,units,2,2,digit_1hot:all,200,0.7450000047683716,0.019999999552965164,2.072178986279091
B,units,2,2,digit_1hot:tens,200,0.0,1.0,0.0
B,units,2,2,digit_1hot:units,200,0.7450000047683716,0.019999999552965164,2.072178986279091
B,units,2,2,digit_1hot:random_orth,200,0.0,0.9950000047683716,2.072178986279091
B,units,2,2,digit_circ:all,200,0.0,0.9549999833106995,0.8821391743067033
B,units,2,2,digit_circ:tens,200,0.0,1.0,0.0
B,units,2,2,digit_circ:units,200,0.0,0.9549999833106995,0.8821391743067033
B,units,2,2,digit_circ:random_orth,200,0.0,1.0,0.8821391743067033
B,units,2,2,both:all,200,0.7799999713897705,0.019999999552965164,2.1064455974200054
B,units,2,2,both:tens,200,0.0,1.0,0.4067271179685935
B,units,2,2,both:units,200,0.73499995470047,0.019999999552965164,2.073691834094983
B,units,2,2,both:random_orth,200,0.0,0.9950000047683716,2.1064455974200054
B,units,2,4,full_swap,200,0.9350000023841858,0.0,4.528811931610107
B,units,2,4,helix:all,200,0.5249999761581421,0.2149999886751175,1.9203286005564388
B,units,2,4,helix:tens,200,0.0,1.0,0.2903393839412892
B,units,2,4,helix:units,200,0.48499998450279236,0.20499999821186066,1.8965804140082494
B,units,2,4,helix:random_orth,200,0.0,1.0,1.920328600556439
B,units,2,4,digit_1hot:all,200,0.7450000047683716,0.014999999664723873,2.353086015564008
B,units,2,4,digit_1hot:tens,200,0.0,1.0,0.0
B,units,2,4,digit_1hot:units,200,0.7450000047683716,0.014999999664723873,2.353086015564008
B,units,2,4,digit_1hot:random_orth,200,0.0,0.9950000047683716,2.353086015564008
B,units,2,4,digit_circ:all,200,0.0,0.9350000023841858,1.0589123903608644
B,units,2,4,digit_circ:tens,200,0.0,1.0,0.0
B,units,2,4,digit_circ:units,200,0.0,0.9350000023841858,1.0589123903608644
B,units,2,4,digit_circ:random_orth,200,0.0,1.0,1.0589123903608644
B,units,2,4,both:all,200,0.7749999761581421,0.019999999552965164,2.3947110496889583
B,units,2,4,both:tens,200,0.0,1.0,0.46421122528585074
B,units,2,4,both:units,200,0.7299999594688416,0.019999999552965164,2.350455769110913
B,units,2,4,both:random_orth,200,0.0,0.9950000047683716,2.3947110496889583
B,units,2,6,full_swap,200,0.9399999976158142,0.0,5.356501579284668
B,units,2,6,helix:all,200,0.5249999761581421,0.20999999344348907,2.2377348015723464
B,units,2,6,helix:tens,200,0.0,1.0,0.3541965599003341
B,units,2,6,helix:units,200,0.48499998450279236,0.19999998807907104,2.206314831375218
B,units,2,6,helix:random_orth,200,0.0,0.9950000047683716,2.2377348015723464
B,units,2,6,digit_1hot:all,200,0.7299999594688416,0.029999999329447746,2.6943947808262942
B,units,2,6,digit_1hot:tens,200,0.0,1.0,0.0
B,units,2,6,digit_1hot:units,200,0.7299999594688416,0.029999999329447746,2.6943947808262942
B,units,2,6,digit_1hot:random_orth,200,0.0,1.0,2.6943947808262942
B,units,2,6,digit_circ:all,200,0.0,0.9300000071525574,1.2664012282867685
B,units,2,6,digit_circ:tens,200,0.0,1.0,0.0
B,units,2,6,digit_circ:units,200,0.0,0.9300000071525574,1.2664012282867685
B,units,2,6,digit_circ:random_orth,200,0.0,0.9950000047683716,1.2664012282867685
B,units,2,6,both:all,200,0.7549999952316284,0.02499999850988388,2.742656789525223
B,units,2,6,both:tens,200,0.0,1.0,0.5410094422740661
B,units,2,6,both:units,200,0.7249999642372131,0.03500000014901161,2.6878423536506157
B,units,2,6,both:random_orth,200,0.0,0.9950000047683716,2.742656789525223
B,units,2,8,full_swap,200,0.9449999928474426,0.0,5.805969715118408
B,units,2,8,helix:all,200,0.5199999809265137,0.20499999821186066,2.423562827851898
B,units,2,8,helix:tens,200,0.0,1.0,0.3803954267140211
B,units,2,8,helix:units,200,0.4949999749660492,0.17999999225139618,2.389212357168157
B,units,2,8,helix:random_orth,200,0.0,0.9950000047683716,2.423562827851898
B,units,2,8,digit_1hot:all,200,0.7199999690055847,0.02499999850988388,2.902027604992619
B,units,2,8,digit_1hot:tens,200,0.0,1.0,0.0
B,units,2,8,digit_1hot:units,200,0.7199999690055847,0.02499999850988388,2.902027604992619
B,units,2,8,digit_1hot:random_orth,200,0.0,0.9950000047683716,2.902027604992619
B,units,2,8,digit_circ:all,200,0.0,0.9249999523162842,1.4178029428039678
B,units,2,8,digit_circ:tens,200,0.0,1.0,0.0
B,units,2,8,digit_circ:units,200,0.0,0.9249999523162842,1.4178029428039678
B,units,2,8,digit_circ:random_orth,200,0.0,0.9950000047683716,1.4178029428039678
B,units,2,8,both:all,200,0.7649999856948853,0.019999999552965164,2.9533616296830227
B,units,2,8,both:tens,200,0.0,0.9950000047683716,0.5849125186503374
B,units,2,8,both:units,200,0.7199999690055847,0.02499999850988388,2.8891374686318683
B,units,2,8,both:random_orth,200,0.0,0.9899999499320984,2.9533616296830227
B,units,2,10,full_swap,200,0.9300000071525574,0.0,6.032724380493164
B,units,2,10,helix:all,200,0.5349999666213989,0.20499999821186066,2.513348205522621
B,units,2,10,helix:tens,200,0.0,1.0,0.3823472822656656
B,units,2,10,helix:units,200,0.5049999952316284,0.19999998807907104,2.4797961076772306
B,units,2,10,helix:random_orth,200,0.0,0.98499995470047,2.513348205522621
B,units,2,10,digit_1hot:all,200,0.73499995470047,0.02499999850988388,3.0010260063934457
B,units,2,10,digit_1hot:tens,200,0.0,1.0,0.0
B,units,2,10,digit_1hot:units,200,0.73499995470047,0.02499999850988388,3.0010260063934457
B,units,2,10,digit_1hot:random_orth,200,0.0,0.9899999499320984,3.0010260063934457
B,units,2,10,digit_circ:all,200,0.0,0.9249999523162842,1.479945468522684
B,units,2,10,digit_circ:tens,200,0.0,1.0,0.0
B,units,2,10,digit_circ:units,200,0.0,0.9249999523162842,1.479945468522684
B,units,2,10,digit_circ:random_orth,200,0.0,0.9950000047683716,1.479945468522684
B,units,2,10,both:all,200,0.7549999952316284,0.02499999850988388,3.053734539518674
B,units,2,10,both:tens,200,0.0,0.9950000047683716,0.5929706677462935
B,units,2,10,both:units,200,0.7199999690055847,0.029999999329447746,2.9876770758651334
B,units,2,10,both:random_orth,200,0.0,0.9899999499320984,3.053734539518674
B,units,2,12,full_swap,200,0.9249999523162842,0.0,6.588801860809326
B,units,2,12,helix:all,200,0.5799999833106995,0.16499999165534973,3.0550011839166054
B,units,2,12,helix:tens,200,0.0,1.0,0.39755843801452767
B,units,2,12,helix:units,200,0.550000011920929,0.1599999964237213,3.023348006289487
B,units,2,12,helix:random_orth,200,0.0,0.9899999499320984,3.0550011839166054
B,units,2,12,digit_1hot:all,200,0.73499995470047,0.02499999850988388,3.7418391867037406
B,units,2,12,digit_1hot:tens,200,0.0,1.0,0.0
B,units,2,12,digit_1hot:units,200,0.73499995470047,0.02499999850988388,3.7418391867037406
B,units,2,12,digit_1hot:random_orth,200,0.0,0.9950000047683716,3.7418391867037406
B,units,2,12,digit_circ:all,200,0.0,0.9149999618530273,1.7421052375542694
B,units,2,12,digit_circ:tens,200,0.0,1.0,0.0
B,units,2,12,digit_circ:units,200,0.0,0.9149999618530273,1.7421052375542694
B,units,2,12,digit_circ:random_orth,200,0.0,0.9950000047683716,1.7421052375542694
B,units,2,12,both:all,200,0.7899999618530273,0.014999999664723873,3.7870129644164154
B,units,2,12,both:tens,200,0.0,0.9950000047683716,0.6123959668605368
B,units,2,12,both:units,200,0.73499995470047,0.029999999329447746,3.7289178110650236
B,units,2,12,both:random_orth,200,0.0,0.9899999499320984,3.787012964416415
B,units,2,14,full_swap,200,0.9350000023841858,0.0,6.907418727874756
B,units,2,14,helix:all,200,0.5849999785423279,0.1550000011920929,3.34808999725263
B,units,2,14,helix:tens,200,0.0,1.0,0.4408945811439072
B,units,2,14,helix:units,200,0.5299999713897705,0.1550000011920929,3.312264913108692
B,units,2,14,helix:random_orth,200,0.0,0.98499995470047,3.34808999725263
B,units,2,14,digit_1hot:all,200,0.7199999690055847,0.03999999910593033,4.031606083264622
B,units,2,14,digit_1hot:tens,200,0.0,1.0,0.0
B,units,2,14,digit_1hot:units,200,0.7199999690055847,0.03999999910593033,4.031606083264622
B,units,2,14,digit_1hot:random_orth,200,0.0,1.0,4.031606083264623
B,units,2,14,digit_circ:all,200,0.0,0.8999999761581421,1.9320004961563335
B,units,2,14,digit_circ:tens,200,0.0,1.0,0.0
B,units,2,14,digit_circ:units,200,0.0,0.8999999761581421,1.9320004961563335
B,units,2,14,digit_circ:random_orth,200,0.0,1.0,1.9320004961563335
B,units,2,14,both:all,200,0.7549999952316284,0.029999999329447746,4.083090052003097
B,units,2,14,both:tens,200,0.0,1.0,0.6672760331681485
B,units,2,14,both:units,200,0.7199999690055847,0.03999999910593033,4.016846361927658
B,units,2,14,both:random_orth,200,0.0,0.98499995470047,4.083090052003097
B,units,2,16,full_swap,200,0.9300000071525574,0.004999999888241291,8.727396011352539
B,units,2,16,helix:all,200,0.6549999713897705,0.10999999940395355,4.372647424054799
B,units,2,16,helix:tens,200,0.0,1.0,0.584131294819046
B,units,2,16,helix:units,200,0.6049999594688416,0.09999999403953552,4.328589952414381
B,units,2,16,helix:random_orth,200,0.0,1.0,4.372647424054799
B,units,2,16,digit_1hot:all,200,0.699999988079071,0.07000000029802322,5.390071597075376
B,units,2,16,digit_1hot:tens,200,0.0,1.0,0.0
B,units,2,16,digit_1hot:units,200,0.699999988079071,0.07000000029802322,5.390071597075376
B,units,2,16,digit_1hot:random_orth,200,0.0,0.9899999499320984,5.390071597075376
B,units,2,16,digit_circ:all,200,0.009999999776482582,0.8149999976158142,2.4461110024983053
B,units,2,16,digit_circ:tens,200,0.0,1.0,0.0
B,units,2,16,digit_circ:units,200,0.009999999776482582,0.8149999976158142,2.4461110024983053
B,units,2,16,digit_circ:random_orth,200,0.0,1.0,2.4461110024983053
B,units,2,16,both:all,200,0.7149999737739563,0.06499999761581421,5.4493172314897365
B,units,2,16,both:tens,200,0.0,0.9950000047683716,0.8249524890584691
B,units,2,16,both:units,200,0.6850000023841858,0.07000000029802322,5.372935667038229
B,units,2,16,both:random_orth,200,0.0,0.98499995470047,5.4493172314897365
B,units,2,18,full_swap,200,0.2849999964237213,0.5299999713897705,9.614645957946777
B,units,2,18,helix:all,200,0.14999999105930328,0.6349999904632568,4.739071064543636
B,units,2,18,helix:tens,200,0.0,1.0,0.6267992897497469
B,units,2,18,helix:units,200,0.11999999731779099,0.6499999761581421,4.693206960890994
B,units,2,18,helix:random_orth,200,0.0,0.9950000047683716,4.739071064543636
B,units,2,18,digit_1hot:all,200,0.2149999886751175,0.5799999833106995,5.8767644394360286
B,units,2,18,digit_1hot:tens,200,0.0,1.0,0.0
B,units,2,18,digit_1hot:units,200,0.2149999886751175,0.5799999833106995,5.8767644394360286
B,units,2,18,digit_1hot:random_orth,200,0.0,0.9950000047683716,5.876764439436029
B,units,2,18,digit_circ:all,200,0.0,0.9350000023841858,2.6394088262142468
B,units,2,18,digit_circ:tens,200,0.0,1.0,0.0
B,units,2,18,digit_circ:units,200,0.0,0.9350000023841858,2.6394088262142468
B,units,2,18,digit_circ:random_orth,200,0.0,0.9899999499320984,2.6394088262142468
B,units,2,18,both:all,200,0.20999999344348907,0.574999988079071,5.943140939313853
B,units,2,18,both:tens,200,0.0,1.0,0.9136225323302741
B,units,2,18,both:units,200,0.19999998807907104,0.5699999928474426,5.862054833345236
B,units,2,18,both:random_orth,200,0.0,0.9899999499320984,5.943140939313853
B,units,2,20,full_swap,200,0.044999998062849045,0.8700000047683716,10.72073745727539
B,units,2,20,helix:all,200,0.014999999664723873,0.8999999761581421,5.322008666231203
B,units,2,20,helix:tens,200,0.0,1.0,0.7013048273877648
B,units,2,20,helix:units,200,0.014999999664723873,0.9049999713897705,5.272198753222927
B,units,2,20,helix:random_orth,200,0.0,0.9899999499320984,5.322008666231203
B,units,2,20,digit_1hot:all,200,0.03500000014901161,0.875,6.569116006443302
B,units,2,20,digit_1hot:tens,200,0.0,1.0,0.0
B,units,2,20,digit_1hot:units,200,0.03500000014901161,0.875,6.569116006443302
B,units,2,20,digit_1hot:random_orth,200,0.0,1.0,6.569116006443302
B,units,2,20,digit_circ:all,200,0.0,0.9899999499320984,2.930668211470612
B,units,2,20,digit_circ:tens,200,0.0,1.0,0.0
B,units,2,20,digit_circ:units,200,0.0,0.9899999499320984,2.930668211470612
B,units,2,20,digit_circ:random_orth,200,0.0,1.0,2.930668211470612
B,units,2,20,both:all,200,0.03500000014901161,0.875,6.648749641884701
B,units,2,20,both:tens,200,0.0,1.0,1.0368649630414533
B,units,2,20,both:units,200,0.029999999329447746,0.875,6.554128759556732
B,units,2,20,both:random_orth,200,0.0,1.0,6.648749641884701
B,units,3,0,full_swap,200,0.9399999976158142,0.0,4.15157413482666
B,units,3,0,helix:all,200,0.6899999976158142,0.0,2.068146527083129
B,units,3,0,helix:tens,200,0.0,1.0,0.32313876043675094
B,units,3,0,helix:units,200,0.5999999642372131,0.0,2.0453932446187175
B,units,3,0,helix:random_orth,200,0.0,1.0,2.0681465270831296
B,units,3,0,digit_1hot:all,200,0.6800000071525574,0.0,2.203225304107001
B,units,3,0,digit_1hot:tens,200,0.0,1.0,0.0
B,units,3,0,digit_1hot:units,200,0.6800000071525574,0.0,2.203225304107001
B,units,3,0,digit_1hot:random_orth,200,0.0,0.98499995470047,2.203225304107001
B,units,3,0,digit_circ:all,200,0.0,0.8149999976158142,1.1646981855738614
B,units,3,0,digit_circ:tens,200,0.0,1.0,0.0
B,units,3,0,digit_circ:units,200,0.0,0.8149999976158142,1.1646981855738614
B,units,3,0,digit_circ:random_orth,200,0.0,0.9899999499320984,1.1646981855738614
B,units,3,0,both:all,200,0.7299999594688416,0.0,2.2631675247538783
B,units,3,0,both:tens,200,0.0,0.9950000047683716,0.5822947496971547
B,units,3,0,both:units,200,0.6699999570846558,0.0,2.2152896389722967
B,units,3,0,both:random_orth,200,0.0,1.0,2.2631675247538783
B,units,3,2,full_swap,200,0.9350000023841858,0.0,4.223038196563721
B,units,3,2,helix:all,200,0.6899999976158142,0.0,2.1553501217052666
B,units,3,2,helix:tens,200,0.0,1.0,0.3564193999228361
B,units,3,2,helix:units,200,0.5849999785423279,0.0,2.1251354685076613
B,units,3,2,helix:random_orth,200,0.0,0.98499995470047,2.1553501217052666
B,units,3,2,digit_1hot:all,200,0.699999988079071,0.0,2.2846492261054743
B,units,3,2,digit_1hot:tens,200,0.0,1.0,0.0
B,units,3,2,digit_1hot:units,200,0.699999988079071,0.0,2.2846492261054743
B,units,3,2,digit_1hot:random_orth,200,0.0,0.9950000047683716,2.284649226105474
B,units,3,2,digit_circ:all,200,0.0,0.7649999856948853,1.2121217646575624
B,units,3,2,digit_circ:tens,200,0.0,1.0,0.0
B,units,3,2,digit_circ:units,200,0.0,0.7649999856948853,1.2121217646575624
B,units,3,2,digit_circ:random_orth,200,0.0,0.9950000047683716,1.2121217646575624
B,units,3,2,both:all,200,0.7149999737739563,0.0,2.3524188462335744
B,units,3,2,both:tens,200,0.0,0.9950000047683716,0.6082812978779094
B,units,3,2,both:units,200,0.6850000023841858,0.0,2.2884071628323186
B,units,3,2,both:random_orth,200,0.0,0.9899999499320984,2.3524188462335744
B,units,3,4,full_swap,200,0.9350000023841858,0.0,4.934516429901123
B,units,3,4,helix:all,200,0.675000011920929,0.004999999888241291,2.598431006093575
B,units,3,4,helix:tens,200,0.0,1.0,0.4333229557182811
B,units,3,4,helix:units,200,0.574999988079071,0.004999999888241291,2.5584020240263343
B,units,3,4,helix:random_orth,200,0.0,0.9899999499320984,2.598431006093575
B,units,3,4,digit_1hot:all,200,0.699999988079071,0.0,2.71661450212697
B,units,3,4,digit_1hot:tens,200,0.0,1.0,0.0
B,units,3,4,digit_1hot:units,200,0.699999988079071,0.0,2.71661450212697
B,units,3,4,digit_1hot:random_orth,200,0.0,0.98499995470047,2.71661450212697
B,units,3,4,digit_circ:all,200,0.0,0.7599999904632568,1.455083516743744
B,units,3,4,digit_circ:tens,200,0.0,1.0,0.0
B,units,3,4,digit_circ:units,200,0.0,0.7599999904632568,1.455083516743744
B,units,3,4,digit_circ:random_orth,200,0.0,1.0,1.455083516743744
B,units,3,4,both:all,200,0.73499995470047,0.0,2.7955462946444003
B,units,3,4,both:tens,200,0.0,0.9950000047683716,0.6925446046117844
B,units,3,4,both:units,200,0.675000011920929,0.0,2.712283356080915
B,units,3,4,both:random_orth,200,0.0,0.9950000047683716,2.7955462946444003
B,units,3,6,full_swap,200,0.9449999928474426,0.0,5.851462364196777
B,units,3,6,helix:all,200,0.7049999833106995,0.004999999888241291,3.0344656081126993
B,units,3,6,helix:tens,200,0.0,1.0,0.5281188307484477
B,units,3,6,helix:units,200,0.5899999737739563,0.009999999776482582,2.9807435816447834
B,units,3,6,helix:random_orth,200,0.0,0.9899999499320984,3.0344656081126993
B,units,3,6,digit_1hot:all,200,0.6899999976158142,0.004999999888241291,3.1476064749739714
B,units,3,6,digit_1hot:tens,200,0.0,1.0,0.0
B,units,3,6,digit_1hot:units,200,0.6899999976158142,0.004999999888241291,3.1476064749739714
B,units,3,6,digit_1hot:random_orth,200,0.0,0.9899999499320984,3.1476064749739714
B,units,3,6,digit_circ:all,200,0.0,0.7400000095367432,1.7402287730397297
B,units,3,6,digit_circ:tens,200,0.0,1.0,0.0
B,units,3,6,digit_circ:units,200,0.0,0.7400000095367432,1.7402287730397297
B,units,3,6,digit_circ:random_orth,200,0.0,0.9950000047683716,1.74022877303973
B,units,3,6,both:all,200,0.7549999952316284,0.0,3.2412636232194796
B,units,3,6,both:tens,200,0.0,0.9950000047683716,0.807186392591636
B,units,3,6,both:units,200,0.6599999666213989,0.004999999888241291,3.1372892154715917
B,units,3,6,both:random_orth,200,0.0,0.9950000047683716,3.2412636232194796
B,units,3,8,full_swap,200,0.9449999928474426,0.0,6.396482944488525
B,units,3,8,helix:all,200,0.7149999737739563,0.009999999776482582,3.284904882627006
B,units,3,8,helix:tens,200,0.0,1.0,0.5670950719202925
B,units,3,8,helix:units,200,0.5799999833106995,0.009999999776482582,3.2261969598751477
B,units,3,8,helix:random_orth,200,0.0,0.9899999499320984,3.284904882627006
B,units,3,8,digit_1hot:all,200,0.7199999690055847,0.009999999776482582,3.4107919924417573
B,units,3,8,digit_1hot:tens,200,0.0,1.0,0.0
B,units,3,8,digit_1hot:units,200,0.7199999690055847,0.009999999776482582,3.4107919924417573
B,units,3,8,digit_1hot:random_orth,200,0.0,0.9950000047683716,3.410791992441757
B,units,3,8,digit_circ:all,200,0.0,0.7450000047683716,1.948471923726421
B,units,3,8,digit_circ:tens,200,0.0,1.0,0.0
B,units,3,8,digit_circ:units,200,0.0,0.7450000047683716,1.948471923726421
B,units,3,8,digit_circ:random_orth,200,0.0,1.0,1.948471923726421
B,units,3,8,both:all,200,0.7599999904632568,0.004999999888241291,3.513571097166497
B,units,3,8,both:tens,200,0.0,0.9950000047683716,0.8719181003918506
B,units,3,8,both:units,200,0.6850000023841858,0.009999999776482582,3.3921892730159096
B,units,3,8,both:random_orth,200,0.0,0.98499995470047,3.513571097166497
B,units,3,10,full_swap,200,0.9549999833106995,0.0,6.6609907150268555
B,units,3,10,helix:all,200,0.7199999690055847,0.009999999776482582,3.452916088322204
B,units,3,10,helix:tens,200,0.0,1.0,0.5697659448437268
B,units,3,10,helix:units,200,0.5699999928474426,0.014999999664723873,3.3942416235304536
B,units,3,10,helix:random_orth,200,0.0,0.98499995470047,3.452916088322204
B,units,3,10,digit_1hot:all,200,0.7149999737739563,0.009999999776482582,3.5884759073415613
B,units,3,10,digit_1hot:tens,200,0.0,1.0,0.0
B,units,3,10,digit_1hot:units,200,0.7149999737739563,0.009999999776482582,3.5884759073415613
B,units,3,10,digit_1hot:random_orth,200,0.0,0.9899999499320984,3.5884759073415613
B,units,3,10,digit_circ:all,200,0.0,0.7149999737739563,2.037822562449321
B,units,3,10,digit_circ:tens,200,0.0,1.0,0.0
B,units,3,10,digit_circ:units,200,0.0,0.7149999737739563,2.037822562449321
B,units,3,10,digit_circ:random_orth,200,0.0,0.9950000047683716,2.037822562449321
B,units,3,10,both:all,200,0.7599999904632568,0.009999999776482582,3.6877291629269098
B,units,3,10,both:tens,200,0.0,0.9899999499320984,0.8841669347710989
B,units,3,10,both:units,200,0.6800000071525574,0.009999999776482582,3.571243178340521
B,units,3,10,both:random_orth,200,0.0,0.9950000047683716,3.6877291629269098
B,units,3,12,full_swap,200,0.9549999833106995,0.0,7.2459635734558105
B,units,3,12,helix:all,200,0.7149999737739563,0.009999999776482582,4.146380450667464
B,units,3,12,helix:tens,200,0.0,1.0,0.5923627717388481
B,units,3,12,helix:units,200,0.5949999690055847,0.014999999664723873,4.088986806341386
B,units,3,12,helix:random_orth,200,0.0,0.9749999642372131,4.146380450667465
B,units,3,12,digit_1hot:all,200,0.7199999690055847,0.009999999776482582,4.342717497718162
B,units,3,12,digit_1hot:tens,200,0.0,1.0,0.0
B,units,3,12,digit_1hot:units,200,0.7199999690055847,0.009999999776482582,4.342717497718162
B,units,3,12,digit_1hot:random_orth,200,0.0,0.9799999594688416,4.342717497718162
B,units,3,12,digit_circ:all,200,0.0,0.699999988079071,2.3921880263457167
B,units,3,12,digit_circ:tens,200,0.0,1.0,0.0
B,units,3,12,digit_circ:units,200,0.0,0.699999988079071,2.3921880263457167
B,units,3,12,digit_circ:random_orth,200,0.0,0.98499995470047,2.3921880263457167
B,units,3,12,both:all,200,0.7749999761581421,0.009999999776482582,4.432584569389561
B,units,3,12,both:tens,200,0.0,0.9950000047683716,0.9126772588370305
B,units,3,12,both:units,200,0.6800000071525574,0.009999999776482582,4.325172317333876
B,units,3,12,both:random_orth,200,0.0,0.9950000047683716,4.432584569389561
B,units,3,14,full_swap,200,0.9599999785423279,0.0,7.652993679046631
B,units,3,14,helix:all,200,0.6949999928474426,0.019999999552965164,4.572907863802225
B,units,3,14,helix:tens,200,0.0,1.0,0.6564732841897905
B,units,3,14,helix:units,200,0.5699999928474426,0.029999999329447746,4.5099384328040495
B,units,3,14,helix:random_orth,200,0.0,0.98499995470047,4.572907863802225
B,units,3,14,digit_1hot:all,200,0.6899999976158142,0.019999999552965164,4.756053723842152
B,units,3,14,digit_1hot:tens,200,0.0,1.0,0.0
B,units,3,14,digit_1hot:units,200,0.6899999976158142,0.019999999552965164,4.756053723842152
B,units,3,14,digit_1hot:random_orth,200,0.0,0.98499995470047,4.756053723842152
B,units,3,14,digit_circ:all,200,0.0,0.675000011920929,2.661530149767036
B,units,3,14,digit_circ:tens,200,0.0,1.0,0.0
B,units,3,14,digit_circ:units,200,0.0,0.675000011920929,2.661530149767036
B,units,3,14,digit_circ:random_orth,200,0.0,0.9899999499320984,2.661530149767036
B,units,3,14,both:all,200,0.75,0.009999999776482582,4.855530570286707
B,units,3,14,both:tens,200,0.0,0.9950000047683716,0.9936412533777975
B,units,3,14,both:units,200,0.675000011920929,0.019999999552965164,4.7357114395846605
B,units,3,14,both:random_orth,200,0.0,0.9649999737739563,4.855530570286707
B,units,3,16,full_swap,200,0.949999988079071,0.0,9.408208847045898
B,units,3,16,helix:all,200,0.6699999570846558,0.044999998062849045,5.813281485847269
B,units,3,16,helix:tens,200,0.0,0.9950000047683716,0.8702558171234617
B,units,3,16,helix:units,200,0.5299999713897705,0.04999999701976776,5.734375043448264
B,units,3,16,helix:random_orth,200,0.0,0.9799999594688416,5.813281485847271
B,units,3,16,digit_1hot:all,200,0.6299999952316284,0.04999999701976776,6.112665753785666
B,units,3,16,digit_1hot:tens,200,0.0,1.0,0.0
B,units,3,16,digit_1hot:units,200,0.6299999952316284,0.04999999701976776,6.112665753785666
B,units,3,16,digit_1hot:random_orth,200,0.0,0.9899999499320984,6.112665753785665
B,units,3,16,digit_circ:all,200,0.0,0.5199999809265137,3.365032529035889
B,units,3,16,digit_circ:tens,200,0.0,1.0,0.0
B,units,3,16,digit_circ:units,200,0.0,0.5199999809265137,3.365032529035889
B,units,3,16,digit_circ:random_orth,200,0.0,1.0,3.365032529035889
B,units,3,16,both:all,200,0.6800000071525574,0.03999999910593033,6.231821920995288
B,units,3,16,both:tens,200,0.0,0.98499995470047,1.2283848815526897
B,units,3,16,both:units,200,0.6049999594688416,0.04999999701976776,6.085071932327138
B,units,3,16,both:random_orth,200,0.0,0.9699999690055847,6.231821920995288
B,units,3,18,full_swap,200,0.28999999165534973,0.28999999165534973,10.271336555480957
B,units,3,18,helix:all,200,0.19499999284744263,0.3349999785423279,6.249505871764403
B,units,3,18,helix:tens,200,0.0,1.0,0.9342455964048049
B,units,3,18,helix:units,200,0.17999999225139618,0.3400000035762787,6.168512980547323
B,units,3,18,helix:random_orth,200,0.0,0.98499995470047,6.249505871764403
B,units,3,18,digit_1hot:all,200,0.2149999886751175,0.3199999928474426,6.579103191319292
B,units,3,18,digit_1hot:tens,200,0.0,1.0,0.0
B,units,3,18,digit_1hot:units,200,0.2149999886751175,0.3199999928474426,6.579103191319292
B,units,3,18,digit_1hot:random_orth,200,0.0,0.9799999594688416,6.579103191319292
B,units,3,18,digit_circ:all,200,0.0,0.8149999976158142,3.631665724628304
B,units,3,18,digit_circ:tens,200,0.0,1.0,0.0
B,units,3,18,digit_circ:units,200,0.0,0.8149999976158142,3.631665724628304
B,units,3,18,digit_circ:random_orth,200,0.0,1.0,3.631665724628304
B,units,3,18,both:all,200,0.20499999821186066,0.3149999976158142,6.713359168937988
B,units,3,18,both:tens,200,0.0,1.0,1.360040730956367
B,units,3,18,both:units,200,0.20499999821186066,0.3199999928474426,6.555973115843324
B,units,3,18,both:random_orth,200,0.0,0.9950000047683716,6.713359168937988
B,units,3,20,full_swap,200,0.019999999552965164,0.6800000071525574,11.44186019897461
B,units,3,20,helix:all,200,0.0,0.7199999690055847,6.938368703013282
B,units,3,20,helix:tens,200,0.0,1.0,1.0450038661987688
B,units,3,20,helix:units,200,0.0,0.7249999642372131,6.850926718335981
B,units,3,20,helix:random_orth,200,0.0,1.0,6.938368703013283
B,units,3,20,digit_1hot:all,200,0.0,0.699999988079071,7.342860446514882
B,units,3,20,digit_1hot:tens,200,0.0,1.0,0.0
B,units,3,20,digit_1hot:units,200,0.0,0.699999988079071,7.342860446514882
B,units,3,20,digit_1hot:random_orth,200,0.0,0.9899999499320984,7.34286044651488
B,units,3,20,digit_circ:all,200,0.0,0.9599999785423279,4.028114313661548
B,units,3,20,digit_circ:tens,200,0.0,1.0,0.0
B,units,3,20,digit_circ:units,200,0.0,0.9599999785423279,4.028114313661548
B,units,3,20,digit_circ:random_orth,200,0.0,1.0,4.028114313661548
B,units,3,20,both:all,200,0.0,0.699999988079071,7.497922587321332
B,units,3,20,both:tens,200,0.0,1.0,1.5417195669880919
B,units,3,20,both:units,200,0.0,0.6899999976158142,7.321152196548545
B,units,3,20,both:random_orth,200,0.0,0.9950000047683716,7.497922587321332
B,tens,-30,0,full_swap,200,0.9449999928474426,0.0,5.030609607696533
B,tens,-30,0,helix:all,200,0.3400000035762787,0.014999999664723873,2.460077675658042
B,tens,-30,0,helix:tens,200,0.3400000035762787,0.014999999664723873,2.460077675658042
B,tens,-30,0,helix:units,200,0.0,1.0,2.6855964469606356e-15
B,tens,-30,0,helix:random_orth,200,0.0,0.98499995470047,2.460077675658042
B,tens,-30,0,digit_1hot:all,200,0.7400000095367432,0.0,3.087974138895199
B,tens,-30,0,digit_1hot:tens,200,0.7400000095367432,0.0,3.087974138895199
B,tens,-30,0,digit_1hot:units,200,0.0,1.0,0.0
B,tens,-30,0,digit_1hot:random_orth,200,0.0,0.9649999737739563,3.087974138895199
B,tens,-30,0,digit_circ:all,200,0.2149999886751175,0.044999998062849045,2.3010159008392237
B,tens,-30,0,digit_circ:tens,200,0.2149999886751175,0.044999998062849045,2.3010159008392237
B,tens,-30,0,digit_circ:units,200,0.0,1.0,0.0
B,tens,-30,0,digit_circ:random_orth,200,0.0,0.9699999690055847,2.3010159008392237
B,tens,-30,0,both:all,200,0.7450000047683716,0.0,3.2264364749638923
B,tens,-30,0,both:tens,200,0.7450000047683716,0.0,3.226436474963892
B,tens,-30,0,both:units,200,0.0,1.0,2.281006519863386e-15
B,tens,-30,0,both:random_orth,200,0.0,0.9699999690055847,3.2264364749638923
B,tens,-30,2,full_swap,200,0.949999988079071,0.0,5.078150749206543
B,tens,-30,2,helix:all,200,0.32499998807907104,0.014999999664723873,2.6447023076146787
B,tens,-30,2,helix:tens,200,0.32499998807907104,0.014999999664723873,2.6447023076146787
B,tens,-30,2,helix:units,200,0.0,1.0,2.7917648324578154e-15
B,tens,-30,2,helix:random_orth,200,0.0,0.9699999690055847,2.6447023076146787
B,tens,-30,2,digit_1hot:all,200,0.75,0.0,3.20852255959314
B,tens,-30,2,digit_1hot:tens,200,0.75,0.0,3.20852255959314
B,tens,-30,2,digit_1hot:units,200,0.0,1.0,0.0
B,tens,-30,2,digit_1hot:random_orth,200,0.0,0.9599999785423279,3.20852255959314
B,tens,-30,2,digit_circ:all,200,0.25999999046325684,0.03999999910593033,2.4895471385949217
B,tens,-30,2,digit_circ:tens,200,0.25999999046325684,0.03999999910593033,2.4895471385949217
B,tens,-30,2,digit_circ:units,200,0.0,1.0,0.0
B,tens,-30,2,digit_circ:random_orth,200,0.0,0.9799999594688416,2.4895471385949217
B,tens,-30,2,both:all,200,0.7749999761581421,0.0,3.3517079733435424
B,tens,-30,2,both:tens,200,0.7749999761581421,0.0,3.3517079733435424
B,tens,-30,2,both:units,200,0.0,1.0,2.3596711010735026e-15
B,tens,-30,2,both:random_orth,200,0.0,0.9749999642372131,3.3517079733435424
B,tens,-30,4,full_swap,200,0.9449999928474426,0.0,5.8800859451293945
B,tens,-30,4,helix:all,200,0.35999998450279236,0.014999999664723873,3.1910671520934866
B,tens,-30,4,helix:tens,200,0.35999998450279236,0.014999999664723873,3.1910671520934866
B,tens,-30,4,helix:units,200,0.0,1.0,3.2846640410720565e-15
B,tens,-30,4,helix:random_orth,200,0.0,0.9799999594688416,3.1910671520934866
B,tens,-30,4,digit_1hot:all,200,0.7400000095367432,0.0,3.7468147736779907
B,tens,-30,4,digit_1hot:tens,200,0.7400000095367432,0.0,3.7468147736779907
B,tens,-30,4,digit_1hot:units,200,0.0,1.0,0.0
B,tens,-30,4,digit_1hot:random_orth,200,0.0,0.9699999690055847,3.7468147736779907
B,tens,-30,4,digit_circ:all,200,0.26499998569488525,0.04999999701976776,3.0388328619538867
B,tens,-30,4,digit_circ:tens,200,0.26499998569488525,0.04999999701976776,3.0388328619538867
B,tens,-30,4,digit_circ:units,200,0.0,1.0,0.0
B,tens,-30,4,digit_circ:random_orth,200,0.0,0.9899999499320984,3.0388328619538867
B,tens,-30,4,both:all,200,0.7549999952316284,0.0,3.9100474896327415
B,tens,-30,4,both:tens,200,0.7549999952316284,0.0,3.9100474896327415
B,tens,-30,4,both:units,200,0.0,1.0,2.7627688085095676e-15
B,tens,-30,4,both:random_orth,200,0.0,0.98499995470047,3.9100474896327415
B,tens,-30,6,full_swap,200,0.9449999928474426,0.0,7.034818172454834
B,tens,-30,6,helix:all,200,0.35999998450279236,0.009999999776482582,3.810750167690053
B,tens,-30,6,helix:tens,200,0.35999998450279236,0.009999999776482582,3.810750167690053
B,tens,-30,6,helix:units,200,0.0,1.0,3.874615448407357e-15
B,tens,-30,6,helix:random_orth,200,0.0,0.9799999594688416,3.810750167690053
B,tens,-30,6,digit_1hot:all,200,0.73499995470047,0.0,4.43507513941995
B,tens,-30,6,digit_1hot:tens,200,0.73499995470047,0.0,4.43507513941995
B,tens,-30,6,digit_1hot:units,200,0.0,1.0,0.0
B,tens,-30,6,digit_1hot:random_orth,200,0.0,0.9649999737739563,4.43507513941995
B,tens,-30,6,digit_circ:all,200,0.2800000011920929,0.03500000014901161,3.629749280150526
B,tens,-30,6,digit_circ:tens,200,0.2800000011920929,0.03500000014901161,3.629749280150526
B,tens,-30,6,digit_circ:units,200,0.0,1.0,0.0
B,tens,-30,6,digit_circ:random_orth,200,0.0,0.9699999690055847,3.629749280150526
B,tens,-30,6,both:all,200,0.7599999904632568,0.0,4.61859335757459
B,tens,-30,6,both:tens,200,0.7599999904632568,0.0,4.61859335757459
B,tens,-30,6,both:units,200,0.0,1.0,3.259541991539286e-15
B,tens,-30,6,both:random_orth,200,0.0,0.949999988079071,4.618593357574591
B,tens,-30,8,full_swap,200,0.9399999976158142,0.0,7.638086318969727
B,tens,-30,8,helix:all,200,0.3349999785423279,0.009999999776482582,4.083572313162147
B,tens,-30,8,helix:tens,200,0.3349999785423279,0.009999999776482582,4.083572313162147
B,tens,-30,8,helix:units,200,0.0,1.0,4.201263142435965e-15
B,tens,-30,8,helix:random_orth,200,0.0,0.9699999690055847,4.083572313162147
B,tens,-30,8,digit_1hot:all,200,0.75,0.0,4.755407196362439
B,tens,-30,8,digit_1hot:tens,200,0.75,0.0,4.755407196362439
B,tens,-30,8,digit_1hot:units,200,0.0,1.0,0.0
B,tens,-30,8,digit_1hot:random_orth,200,0.0,0.9899999499320984,4.755407196362439
B,tens,-30,8,digit_circ:all,200,0.26499998569488525,0.03500000014901161,3.907185146983068
B,tens,-30,8,digit_circ:tens,200,0.26499998569488525,0.03500000014901161,3.907185146983068
B,tens,-30,8,digit_circ:units,200,0.0,1.0,0.0
B,tens,-30,8,digit_circ:random_orth,200,0.0,0.9699999690055847,3.907185146983068
B,tens,-30,8,both:all,200,0.7699999809265137,0.0,4.955709445100976
B,tens,-30,8,both:tens,200,0.7699999809265137,0.0,4.955709445100976
B,tens,-30,8,both:units,200,0.0,1.0,3.527870685605585e-15
B,tens,-30,8,both:random_orth,200,0.0,0.9799999594688416,4.955709445100976
B,tens,-30,10,full_swap,200,0.9350000023841858,0.0,7.758676528930664
B,tens,-30,10,helix:all,200,0.32999998331069946,0.014999999664723873,4.097445927603298
B,tens,-30,10,helix:tens,200,0.32999998331069946,0.014999999664723873,4.097445927603298
B,tens,-30,10,helix:units,200,0.0,1.0,4.393495936665468e-15
B,tens,-30,10,helix:random_orth,200,0.0,0.9749999642372131,4.097445927603298
B,tens,-30,10,digit_1hot:all,200,0.7199999690055847,0.0,4.771606832887377
B,tens,-30,10,digit_1hot:tens,200,0.7199999690055847,0.0,4.771606832887377
B,tens,-30,10,digit_1hot:units,200,0.0,1.0,0.0
B,tens,-30,10,digit_1hot:random_orth,200,0.0,0.9649999737739563,4.771606832887377
B,tens,-30,10,digit_circ:all,200,0.26999998092651367,0.029999999329447746,3.9175646173882352
B,tens,-30,10,digit_circ:tens,200,0.26999998092651367,0.029999999329447746,3.9175646173882352
B,tens,-30,10,digit_circ:units,200,0.0,1.0,0.0
B,tens,-30,10,digit_circ:random_orth,200,0.0,0.9899999499320984,3.917564617388235
B,tens,-30,10,both:all,200,0.7549999952316284,0.0,4.970871079530336
B,tens,-30,10,both:tens,200,0.7549999952316284,0.0,4.970871079530337
B,tens,-30,10,both:units,200,0.0,1.0,3.6990501871550094e-15
B,tens,-30,10,both:random_orth,200,0.0,0.9699999690055847,4.970871079530336
B,tens,-30,12,full_swap,200,0.9350000023841858,0.0,8.005902290344238
B,tens,-30,12,helix:all,200,0.32999998331069946,0.02499999850988388,4.253922174060268
B,tens,-30,12,helix:tens,200,0.32999998331069946,0.02499999850988388,4.253922174060268
B,tens,-30,12,helix:units,200,0.0,1.0,5.260666561107995e-15
B,tens,-30,12,helix:random_orth,200,0.0,0.98499995470047,4.253922174060268
B,tens,-30,12,digit_1hot:all,200,0.7149999737739563,0.004999999888241291,4.95725716975788
B,tens,-30,12,digit_1hot:tens,200,0.7149999737739563,0.004999999888241291,4.95725716975788
B,tens,-30,12,digit_1hot:units,200,0.0,1.0,0.0
B,tens,-30,12,digit_1hot:random_orth,200,0.0,0.9699999690055847,4.95725716975788
B,tens,-30,12,digit_circ:all,200,0.23999999463558197,0.03500000014901161,4.053102462647995
B,tens,-30,12,digit_circ:tens,200,0.23999999463558197,0.03500000014901161,4.053102462647995
B,tens,-30,12,digit_circ:units,200,0.0,1.0,0.0
B,tens,-30,12,digit_circ:random_orth,200,0.0,0.9799999594688416,4.0531024626479955
B,tens,-30,12,both:all,200,0.7649999856948853,0.0,5.163398389255135
B,tens,-30,12,both:tens,200,0.7649999856948853,0.0,5.163398389255135
B,tens,-30,12,both:units,200,0.0,1.0,4.412833260299071e-15
B,tens,-30,12,both:random_orth,200,0.0,0.949999988079071,5.163398389255135
B,tens,-30,14,full_swap,200,0.949999988079071,0.0,8.43229866027832
B,tens,-30,14,helix:all,200,0.3499999940395355,0.03500000014901161,4.684051412513623
B,tens,-30,14,helix:tens,200,0.3499999940395355,0.03500000014901161,4.684051412513623
B,tens,-30,14,helix:units,200,0.0,1.0,5.783732901169898e-15
B,tens,-30,14,helix:random_orth,200,0.0,0.98499995470047,4.684051412513623
B,tens,-30,14,digit_1hot:all,200,0.7299999594688416,0.004999999888241291,5.4388295827286814
B,tens,-30,14,digit_1hot:tens,200,0.7299999594688416,0.004999999888241291,5.4388295827286814
B,tens,-30,14,digit_1hot:units,200,0.0,1.0,0.0
B,tens,-30,14,digit_1hot:random_orth,200,0.0,0.9649999737739563,5.4388295827286814
B,tens,-30,14,digit_circ:all,200,0.2449999898672104,0.029999999329447746,4.476559016226993
B,tens,-30,14,digit_circ:tens,200,0.2449999898672104,0.029999999329447746,4.476559016226993
B,tens,-30,14,digit_circ:units,200,0.0,1.0,0.0
B,tens,-30,14,digit_circ:random_orth,200,0.0,0.9749999642372131,4.476559016226993
B,tens,-30,14,both:all,200,0.7699999809265137,0.009999999776482582,5.6621597683487614
B,tens,-30,14,both:tens,200,0.7699999809265137,0.009999999776482582,5.6621597683487614
B,tens,-30,14,both:units,200,0.0,1.0,4.857453030133711e-15
B,tens,-30,14,both:random_orth,200,0.0,0.9649999737739563,5.6621597683487614
B,tens,-30,16,full_swap,200,0.9549999833106995,0.004999999888241291,10.571601867675781
B,tens,-30,16,helix:all,200,0.32499998807907104,0.03999999910593033,6.328749939743851
B,tens,-30,16,helix:tens,200,0.32499998807907104,0.03999999910593033,6.328749939743853
B,tens,-30,16,helix:units,200,0.0,1.0,7.454092545895015e-15
B,tens,-30,16,helix:random_orth,200,0.0,0.9599999785423279,6.328749939743851
B,tens,-30,16,digit_1hot:all,200,0.7249999642372131,0.009999999776482582,7.441388466032192
B,tens,-30,16,digit_1hot:tens,200,0.7249999642372131,0.009999999776482582,7.441388466032192
B,tens,-30,16,digit_1hot:units,200,0.0,1.0,0.0
B,tens,-30,16,digit_1hot:random_orth,200,0.0,0.949999988079071,7.441388466032192
B,tens,-30,16,digit_circ:all,200,0.16499999165534973,0.054999999701976776,5.986472339590911
B,tens,-30,16,digit_circ:tens,200,0.16499999165534973,0.054999999701976776,5.986472339590911
B,tens,-30,16,digit_circ:units,200,0.0,1.0,0.0
B,tens,-30,16,digit_circ:random_orth,200,0.0,0.9799999594688416,5.986472339590912
B,tens,-30,16,both:all,200,0.7649999856948853,0.009999999776482582,7.6937025244905275
B,tens,-30,16,both:tens,200,0.7649999856948853,0.009999999776482582,7.6937025244905275
B,tens,-30,16,both:units,200,0.0,1.0,6.246338160964437e-15
B,tens,-30,16,both:random_orth,200,0.0,0.9399999976158142,7.6937025244905275
B,tens,-30,18,full_swap,200,0.5699999928474426,0.16499999165534973,11.495757102966309
B,tens,-30,18,helix:all,200,0.11999999731779099,0.32499998807907104,6.811353373479281
B,tens,-30,18,helix:tens,200,0.11999999731779099,0.32499998807907104,6.811353373479281
B,tens,-30,18,helix:units,200,0.0,1.0,8.093177924720385e-15
B,tens,-30,18,helix:random_orth,200,0.0,0.9799999594688416,6.811353373479281
B,tens,-30,18,digit_1hot:all,200,0.38999998569488525,0.1899999976158142,8.101895371357152
B,tens,-30,18,digit_1hot:tens,200,0.38999998569488525,0.1899999976158142,8.101895371357152
B,tens,-30,18,digit_1hot:units,200,0.0,1.0,0.0
B,tens,-30,18,digit_1hot:random_orth,200,0.0,0.9799999594688416,8.101895371357152
B,tens,-30,18,digit_circ:all,200,0.07000000029802322,0.39499998092651367,6.412949960217748
B,tens,-30,18,digit_circ:tens,200,0.07000000029802322,0.39499998092651367,6.412949960217748
B,tens,-30,18,digit_circ:units,200,0.0,1.0,0.0
B,tens,-30,18,digit_circ:random_orth,200,0.0,0.9749999642372131,6.412949960217748
B,tens,-30,18,both:all,200,0.3799999952316284,0.1850000023841858,8.395289801778617
B,tens,-30,18,both:tens,200,0.3799999952316284,0.1850000023841858,8.395289801778617
B,tens,-30,18,both:units,200,0.0,1.0,6.78072344509175e-15
B,tens,-30,18,both:random_orth,200,0.0,0.9649999737739563,8.395289801778617
B,tens,-30,20,full_swap,200,0.04999999701976776,0.7549999952316284,12.600861549377441
B,tens,-30,20,helix:all,200,0.0,0.9149999618530273,7.51699316137616
B,tens,-30,20,helix:tens,200,0.0,0.9149999618530273,7.51699316137616
B,tens,-30,20,helix:units,200,0.0,1.0,9.193459062437095e-15
B,tens,-30,20,helix:random_orth,200,0.0,0.9899999499320984,7.516993161376161
B,tens,-30,20,digit_1hot:all,200,0.004999999888241291,0.8650000095367432,8.87827312123726
B,tens,-30,20,digit_1hot:tens,200,0.004999999888241291,0.8650000095367432,8.87827312123726
B,tens,-30,20,digit_1hot:units,200,0.0,1.0,0.0
B,tens,-30,20,digit_1hot:random_orth,200,0.0,0.98499995470047,8.87827312123726
B,tens,-30,20,digit_circ:all,200,0.0,0.9300000071525574,7.099636796316693
B,tens,-30,20,digit_circ:tens,200,0.0,0.9300000071525574,7.099636796316693
B,tens,-30,20,digit_circ:units,200,0.0,1.0,0.0
B,tens,-30,20,digit_circ:random_orth,200,0.0,0.9749999642372131,7.099636796316693
B,tens,-30,20,both:all,200,0.004999999888241291,0.8299999833106995,9.225801685547651
B,tens,-30,20,both:tens,200,0.004999999888241291,0.8299999833106995,9.225801685547651
B,tens,-30,20,both:units,200,0.0,1.0,7.684817489178433e-15
B,tens,-30,20,both:random_orth,200,0.0,0.98499995470047,9.225801685547651
B,tens,-20,0,full_swap,200,0.9399999976158142,0.0,4.706570625305176
B,tens,-20,0,helix:all,200,0.3050000071525574,0.1550000011920929,1.8395458749021807
B,tens,-20,0,helix:tens,200,0.3050000071525574,0.1550000011920929,1.8395458749021805
B,tens,-20,0,helix:units,200,0.0,1.0,2.487136992988527e-15
B,tens,-20,0,helix:random_orth,200,0.0,0.98499995470047,1.8395458749021807
B,tens,-20,0,digit_1hot:all,200,0.7199999690055847,0.0,2.78320690084294
B,tens,-20,0,digit_1hot:tens,200,0.7199999690055847,0.0,2.78320690084294
B,tens,-20,0,digit_1hot:units,200,0.0,1.0,0.0
B,tens,-20,0,digit_1hot:random_orth,200,0.0,0.9749999642372131,2.78320690084294
B,tens,-20,0,digit_circ:all,200,0.05999999865889549,0.375,1.6713978328556989
B,tens,-20,0,digit_circ:tens,200,0.05999999865889549,0.375,1.6713978328556989
B,tens,-20,0,digit_circ:units,200,0.0,1.0,0.0
B,tens,-20,0,digit_circ:random_orth,200,0.0,0.9950000047683716,1.6713978328556989
B,tens,-20,0,both:all,200,0.7549999952316284,0.0,2.8657486201476154
B,tens,-20,0,both:tens,200,0.7549999952316284,0.0,2.8657486201476154
B,tens,-20,0,both:units,200,0.0,1.0,2.0996167176478375e-15
B,tens,-20,0,both:random_orth,200,0.0,0.9799999594688416,2.8657486201476154
B,tens,-20,2,full_swap,200,0.9449999928474426,0.0,4.781103134155273
B,tens,-20,2,helix:all,200,0.32499998807907104,0.16499999165534973,2.006844444338694
B,tens,-20,2,helix:tens,200,0.32499998807907104,0.16499999165534973,2.006844444338694
B,tens,-20,2,helix:units,200,0.0,1.0,2.5758775572022918e-15
B,tens,-20,2,helix:random_orth,200,0.0,1.0,2.006844444338694
B,tens,-20,2,digit_1hot:all,200,0.7249999642372131,0.0,2.8989926507555115
B,tens,-20,2,digit_1hot:tens,200,0.7249999642372131,0.0,2.8989926507555115
B,tens,-20,2,digit_1hot:units,200,0.0,1.0,0.0
B,tens,-20,2,digit_1hot:random_orth,200,0.0,0.9899999499320984,2.8989926507555115
B,tens,-20,2,digit_circ:all,200,0.08500000089406967,0.3199999928474426,1.802650537626877
B,tens,-20,2,digit_circ:tens,200,0.08500000089406967,0.3199999928474426,1.802650537626877
B,tens,-20,2,digit_circ:units,200,0.0,1.0,0.0
B,tens,-20,2,digit_circ:random_orth,200,0.0,0.9950000047683716,1.8026505376268773
B,tens,-20,2,both:all,200,0.7599999904632568,0.0,2.9894161972608373
B,tens,-20,2,both:tens,200,0.7599999904632568,0.0,2.9894161972608373
B,tens,-20,2,both:units,200,0.0,1.0,2.167836460916699e-15
B,tens,-20,2,both:random_orth,200,0.0,0.9899999499320984,2.9894161972608373
B,tens,-20,4,full_swap,200,0.9399999976158142,0.0,5.5262017250061035
B,tens,-20,4,helix:all,200,0.3100000023841858,0.1550000011920929,2.4380436817014237
B,tens,-20,4,helix:tens,200,0.3100000023841858,0.1550000011920929,2.4380436817014237
B,tens,-20,4,helix:units,200,0.0,1.0,3.0068300062547034e-15
B,tens,-20,4,helix:random_orth,200,0.0,0.9950000047683716,2.4380436817014237
B,tens,-20,4,digit_1hot:all,200,0.7400000095367432,0.004999999888241291,3.3552264210120506
B,tens,-20,4,digit_1hot:tens,200,0.7400000095367432,0.004999999888241291,3.3552264210120506
B,tens,-20,4,digit_1hot:units,200,0.0,1.0,0.0
B,tens,-20,4,digit_1hot:random_orth,200,0.0,0.9950000047683716,3.35522642101205
B,tens,-20,4,digit_circ:all,200,0.0949999988079071,0.28999999165534973,2.1879792974803602
B,tens,-20,4,digit_circ:tens,200,0.0949999988079071,0.28999999165534973,2.1879792974803602
B,tens,-20,4,digit_circ:units,200,0.0,1.0,0.0
B,tens,-20,4,digit_circ:random_orth,200,0.0,0.9799999594688416,2.1879792974803602
B,tens,-20,4,both:all,200,0.7699999809265137,0.004999999888241291,3.463838324270768
B,tens,-20,4,both:tens,200,0.7699999809265137,0.004999999888241291,3.463838324270768
B,tens,-20,4,both:units,200,0.0,1.0,2.5215716703083687e-15
B,tens,-20,4,both:random_orth,200,0.0,0.98499995470047,3.463838324270768
B,tens,-20,6,full_swap,200,0.949999988079071,0.0,6.642396926879883
B,tens,-20,6,helix:all,200,0.3400000035762787,0.11999999731779099,2.941335623731639
B,tens,-20,6,helix:tens,200,0.3400000035762787,0.11999999731779099,2.941335623731639
B,tens,-20,6,helix:units,200,0.0,1.0,3.5111508781672538e-15
B,tens,-20,6,helix:random_orth,200,0.0,0.9950000047683716,2.941335623731639
B,tens,-20,6,digit_1hot:all,200,0.7400000095367432,0.004999999888241291,3.967979759698518
B,tens,-20,6,digit_1hot:tens,200,0.7400000095367432,0.004999999888241291,3.967979759698518
B,tens,-20,6,digit_1hot:units,200,0.0,1.0,0.0
B,tens,-20,6,digit_1hot:random_orth,200,0.0,0.9749999642372131,3.967979759698518
B,tens,-20,6,digit_circ:all,200,0.10499999672174454,0.2549999952316284,2.6121608636517806
B,tens,-20,6,digit_circ:tens,200,0.10499999672174454,0.2549999952316284,2.6121608636517806
B,tens,-20,6,digit_circ:units,200,0.0,1.0,0.0
B,tens,-20,6,digit_circ:random_orth,200,0.0,0.9899999499320984,2.6121608636517806
B,tens,-20,6,both:all,200,0.7599999904632568,0.004999999888241291,4.093692787961815
B,tens,-20,6,both:tens,200,0.7599999904632568,0.004999999888241291,4.093692787961815
B,tens,-20,6,both:units,200,0.0,1.0,2.9430533983878035e-15
B,tens,-20,6,both:random_orth,200,0.0,0.9799999594688416,4.093692787961815
B,tens,-20,8,full_swap,200,0.9399999976158142,0.0,7.253686904907227
B,tens,-20,8,helix:all,200,0.32999998331069946,0.11999999731779099,3.1546688847153455
B,tens,-20,8,helix:tens,200,0.32999998331069946,0.11999999731779099,3.1546688847153463
B,tens,-20,8,helix:units,200,0.0,1.0,3.790111887151926e-15
B,tens,-20,8,helix:random_orth,200,0.0,0.9950000047683716,3.1546688847153455
B,tens,-20,8,digit_1hot:all,200,0.7450000047683716,0.004999999888241291,4.267320290401633
B,tens,-20,8,digit_1hot:tens,200,0.7450000047683716,0.004999999888241291,4.267320290401633
B,tens,-20,8,digit_1hot:units,200,0.0,1.0,0.0
B,tens,-20,8,digit_1hot:random_orth,200,0.0,0.9950000047683716,4.267320290401633
B,tens,-20,8,digit_circ:all,200,0.07499999552965164,0.26499998569488525,2.809009699095252
B,tens,-20,8,digit_circ:tens,200,0.07499999552965164,0.26499998569488525,2.809009699095252
B,tens,-20,8,digit_circ:units,200,0.0,1.0,0.0
B,tens,-20,8,digit_circ:random_orth,200,0.0,1.0,2.809009699095252
B,tens,-20,8,both:all,200,0.7599999904632568,0.004999999888241291,4.4072555152375275
B,tens,-20,8,both:tens,200,0.7599999904632568,0.004999999888241291,4.4072555152375275
B,tens,-20,8,both:units,200,0.0,1.0,3.1693918612877757e-15
B,tens,-20,8,both:random_orth,200,0.0,0.9950000047683716,4.4072555152375275
B,tens,-20,10,full_swap,200,0.9399999976158142,0.0,7.433231353759766
B,tens,-20,10,helix:all,200,0.32499998807907104,0.125,3.1691763676834133
B,tens,-20,10,helix:tens,200,0.32499998807907104,0.125,3.1691763676834133
B,tens,-20,10,helix:units,200,0.0,1.0,3.951980692180257e-15
B,tens,-20,10,helix:random_orth,200,0.0,0.9950000047683716,3.1691763676834137
B,tens,-20,10,digit_1hot:all,200,0.7400000095367432,0.004999999888241291,4.2888460963134
B,tens,-20,10,digit_1hot:tens,200,0.7400000095367432,0.004999999888241291,4.2888460963134
B,tens,-20,10,digit_1hot:units,200,0.0,1.0,0.0
B,tens,-20,10,digit_1hot:random_orth,200,0.0,0.98499995470047,4.2888460963134
B,tens,-20,10,digit_circ:all,200,0.07499999552965164,0.2549999952316284,2.8132302341770385
B,tens,-20,10,digit_circ:tens,200,0.07499999552965164,0.2549999952316284,2.8132302341770385
B,tens,-20,10,digit_circ:units,200,0.0,1.0,0.0
B,tens,-20,10,digit_circ:random_orth,200,0.0,1.0,2.8132302341770385
B,tens,-20,10,both:all,200,0.7599999904632568,0.004999999888241291,4.431168929626816
B,tens,-20,10,both:tens,200,0.7599999904632568,0.004999999888241291,4.431168929626816
B,tens,-20,10,both:units,200,0.0,1.0,3.310040217142245e-15
B,tens,-20,10,both:random_orth,200,0.0,0.9799999594688416,4.431168929626816
B,tens,-20,12,full_swap,200,0.9350000023841858,0.0,7.670064926147461
B,tens,-20,12,helix:all,200,0.32999998331069946,0.14999999105930328,3.2919266276485764
B,tens,-20,12,helix:tens,200,0.32999998331069946,0.14999999105930328,3.291926627648577
B,tens,-20,12,helix:units,200,0.0,1.0,4.7993107789939706e-15
B,tens,-20,12,helix:random_orth,200,0.0,1.0,3.2919266276485764
B,tens,-20,12,digit_1hot:all,200,0.7599999904632568,0.004999999888241291,4.43835061195371
B,tens,-20,12,digit_1hot:tens,200,0.7599999904632568,0.004999999888241291,4.43835061195371
B,tens,-20,12,digit_1hot:units,200,0.0,1.0,0.0
B,tens,-20,12,digit_1hot:random_orth,200,0.0,0.9899999499320984,4.43835061195371
B,tens,-20,12,digit_circ:all,200,0.07999999821186066,0.2849999964237213,2.914421313904747
B,tens,-20,12,digit_circ:tens,200,0.07999999821186066,0.2849999964237213,2.914421313904747
B,tens,-20,12,digit_circ:units,200,0.0,1.0,0.0
B,tens,-20,12,digit_circ:random_orth,200,0.0,1.0,2.914421313904746
B,tens,-20,12,both:all,200,0.7749999761581421,0.004999999888241291,4.590666775346149
B,tens,-20,12,both:tens,200,0.7749999761581421,0.004999999888241291,4.590666775346149
B,tens,-20,12,both:units,200,0.0,1.0,4.0097428036900916e-15
B,tens,-20,12,both:random_orth,200,0.0,0.9950000047683716,4.590666775346149
B,tens,-20,14,full_swap,200,0.9549999833106995,0.0,8.084195137023926
B,tens,-20,14,helix:all,200,0.3100000023841858,0.14499999582767487,3.6445958762195776
B,tens,-20,14,helix:tens,200,0.3100000023841858,0.14499999582767487,3.6445958762195776
B,tens,-20,14,helix:units,200,0.0,1.0,5.28480465650261e-15
B,tens,-20,14,helix:random_orth,200,0.0,0.98499995470047,3.6445958762195776
B,tens,-20,14,digit_1hot:all,200,0.7599999904632568,0.004999999888241291,4.94116196121196
B,tens,-20,14,digit_1hot:tens,200,0.7599999904632568,0.004999999888241291,4.94116196121196
B,tens,-20,14,digit_1hot:units,200,0.0,1.0,0.0
B,tens,-20,14,digit_1hot:random_orth,200,0.0,0.98499995470047,4.94116196121196
B,tens,-20,14,digit_circ:all,200,0.0949999988079071,0.2800000011920929,3.225469328526423
B,tens,-20,14,digit_circ:tens,200,0.0949999988079071,0.2800000011920929,3.225469328526423
B,tens,-20,14,digit_circ:units,200,0.0,1.0,0.0
B,tens,-20,14,digit_circ:random_orth,200,0.0,0.9899999499320984,3.225469328526423
B,tens,-20,14,both:all,200,0.7949999570846558,0.004999999888241291,5.107163495845606
B,tens,-20,14,both:tens,200,0.7949999570846558,0.004999999888241291,5.107163495845606
B,tens,-20,14,both:units,200,0.0,1.0,4.420826972022605e-15
B,tens,-20,14,both:random_orth,200,0.0,0.98499995470047,5.107163495845606
B,tens,-20,16,full_swap,200,0.9649999737739563,0.0,10.119423866271973
B,tens,-20,16,helix:all,200,0.20999999344348907,0.2449999898672104,4.870574657525878
B,tens,-20,16,helix:tens,200,0.20999999344348907,0.2449999898672104,4.870574657525878
B,tens,-20,16,helix:units,200,0.0,1.0,6.887150147598377e-15
B,tens,-20,16,helix:random_orth,200,0.0,0.9749999642372131,4.870574657525878
B,tens,-20,16,digit_1hot:all,200,0.73499995470047,0.004999999888241291,6.742662711858617
B,tens,-20,16,digit_1hot:tens,200,0.73499995470047,0.004999999888241291,6.742662711858617
B,tens,-20,16,digit_1hot:units,200,0.0,1.0,0.0
B,tens,-20,16,digit_1hot:random_orth,200,0.0,0.9899999499320984,6.742662711858616
B,tens,-20,16,digit_circ:all,200,0.054999999701976776,0.35999998450279236,4.323945346996408
B,tens,-20,16,digit_circ:tens,200,0.054999999701976776,0.35999998450279236,4.323945346996408
B,tens,-20,16,digit_circ:units,200,0.0,1.0,0.0
B,tens,-20,16,digit_circ:random_orth,200,0.0,0.9950000047683716,4.323945346996408
B,tens,-20,16,both:all,200,0.7999999523162842,0.004999999888241291,6.92848592324531
B,tens,-20,16,both:tens,200,0.7999999523162842,0.004999999888241291,6.92848592324531
B,tens,-20,16,both:units,200,0.0,1.0,5.754745005689313e-15
B,tens,-20,16,both:random_orth,200,0.0,0.9749999642372131,6.92848592324531
B,tens,-20,18,full_swap,200,0.5199999809265137,0.2750000059604645,11.059187889099121
B,tens,-20,18,helix:all,200,0.054999999701976776,0.6599999666213989,5.230129720608041
B,tens,-20,18,helix:tens,200,0.054999999701976776,0.6599999666213989,5.2301297206080415
B,tens,-20,18,helix:units,200,0.0,1.0,7.474158122597449e-15
B,tens,-20,18,helix:random_orth,200,0.0,0.9899999499320984,5.230129720608041
B,tens,-20,18,digit_1hot:all,200,0.35999998450279236,0.28999999165534973,7.382917739775254
B,tens,-20,18,digit_1hot:tens,200,0.35999998450279236,0.28999999165534973,7.382917739775254
B,tens,-20,18,digit_1hot:units,200,0.0,1.0,0.0
B,tens,-20,18,digit_1hot:random_orth,200,0.0,0.9899999499320984,7.382917739775254
B,tens,-20,18,digit_circ:all,200,0.019999999552965164,0.7249999642372131,4.635155700821261
B,tens,-20,18,digit_circ:tens,200,0.019999999552965164,0.7249999642372131,4.635155700821261
B,tens,-20,18,digit_circ:units,200,0.0,1.0,0.0
B,tens,-20,18,digit_circ:random_orth,200,0.0,0.98499995470047,4.635155700821261
B,tens,-20,18,both:all,200,0.3700000047683716,0.3050000071525574,7.590739940661394
B,tens,-20,18,both:tens,200,0.3700000047683716,0.3050000071525574,7.590739940661394
B,tens,-20,18,both:units,200,0.0,1.0,6.244493897941022e-15
B,tens,-20,18,both:random_orth,200,0.0,0.9950000047683716,7.590739940661394
B,tens,-20,20,full_swap,200,0.019999999552965164,0.8349999785423279,12.157522201538086
B,tens,-20,20,helix:all,200,0.0,0.9799999594688416,5.811845481750322
B,tens,-20,20,helix:tens,200,0.0,0.9799999594688416,5.811845481750322
B,tens,-20,20,helix:units,200,0.0,1.0,8.410843594446975e-15
B,tens,-20,20,helix:random_orth,200,0.0,1.0,5.811845481750322
B,tens,-20,20,digit_1hot:all,200,0.0,0.8999999761581421,8.095012616432989
B,tens,-20,20,digit_1hot:tens,200,0.0,0.8999999761581421,8.095012616432989
B,tens,-20,20,digit_1hot:units,200,0.0,1.0,0.0
B,tens,-20,20,digit_1hot:random_orth,200,0.0,0.9950000047683716,8.095012616432989
B,tens,-20,20,digit_circ:all,200,0.0,0.9899999499320984,5.13106355360078
B,tens,-20,20,digit_circ:tens,200,0.0,0.9899999499320984,5.13106355360078
B,tens,-20,20,digit_circ:units,200,0.0,1.0,0.0
B,tens,-20,20,digit_circ:random_orth,200,0.0,1.0,5.13106355360078
B,tens,-20,20,both:all,200,0.0,0.8949999809265137,8.34000119991136
B,tens,-20,20,both:tens,200,0.0,0.8949999809265137,8.34000119991136
B,tens,-20,20,both:units,200,0.0,1.0,7.013885648923327e-15
B,tens,-20,20,both:random_orth,200,0.0,0.9950000047683716,8.34000119991136
B,tens,-10,0,full_swap,200,0.9549999833106995,0.0,4.447956562042236
B,tens,-10,0,helix:all,200,0.14499999582767487,0.6949999928474426,1.0208591711734958
B,tens,-10,0,helix:tens,200,0.14499999582767487,0.6949999928474426,1.0208591711734958
B,tens,-10,0,helix:units,200,0.0,1.0,1.6225920636842477e-15
B,tens,-10,0,helix:random_orth,200,0.0,1.0,1.0208591711734958
B,tens,-10,0,digit_1hot:all,200,0.6699999570846558,0.054999999701976776,2.323879438542913
B,tens,-10,0,digit_1hot:tens,200,0.6699999570846558,0.054999999701976776,2.323879438542913
B,tens,-10,0,digit_1hot:units,200,0.0,1.0,0.0
B,tens,-10,0,digit_1hot:random_orth,200,0.0,0.9899999499320984,2.323879438542913
B,tens,-10,0,digit_circ:all,200,0.054999999701976776,0.8149999976158142,0.881583235806074
B,tens,-10,0,digit_circ:tens,200,0.054999999701976776,0.8149999976158142,0.881583235806074
B,tens,-10,0,digit_circ:units,200,0.0,1.0,0.0
B,tens,-10,0,digit_circ:random_orth,200,0.0,1.0,0.881583235806074
B,tens,-10,0,both:all,200,0.675000011920929,0.04999999701976776,2.352814476586853
B,tens,-10,0,both:tens,200,0.675000011920929,0.04999999701976776,2.352814476586853
B,tens,-10,0,both:units,200,0.0,1.0,1.3818239225271574e-15
B,tens,-10,0,both:random_orth,200,0.0,0.9799999594688416,2.352814476586853
B,tens,-10,2,full_swap,200,0.9599999785423279,0.0,4.500768184661865
B,tens,-10,2,helix:all,200,0.17499999701976776,0.6599999666213989,1.1190425050067105
B,tens,-10,2,helix:tens,200,0.17499999701976776,0.6599999666213989,1.1190425050067105
B,tens,-10,2,helix:units,200,0.0,1.0,1.6816907402074225e-15
B,tens,-10,2,helix:random_orth,200,0.0,1.0,1.1190425050067105
B,tens,-10,2,digit_1hot:all,200,0.6800000071525574,0.05999999865889549,2.4031523800873655
B,tens,-10,2,digit_1hot:tens,200,0.6800000071525574,0.05999999865889549,2.4031523800873655
B,tens,-10,2,digit_1hot:units,200,0.0,1.0,0.0
B,tens,-10,2,digit_1hot:random_orth,200,0.0,0.9950000047683716,2.4031523800873655
B,tens,-10,2,digit_circ:all,200,0.04999999701976776,0.8100000023841858,0.9468420018433982
B,tens,-10,2,digit_circ:tens,200,0.04999999701976776,0.8100000023841858,0.9468420018433982
B,tens,-10,2,digit_circ:units,200,0.0,1.0,0.0
B,tens,-10,2,digit_circ:random_orth,200,0.0,1.0,0.9468420018433982
B,tens,-10,2,both:all,200,0.6850000023841858,0.04999999701976776,2.434746279918966
B,tens,-10,2,both:tens,200,0.6850000023841858,0.04999999701976776,2.434746279918966
B,tens,-10,2,both:units,200,0.0,1.0,1.4256304889795964e-15
B,tens,-10,2,both:random_orth,200,0.0,0.9899999499320984,2.434746279918966
B,tens,-10,4,full_swap,200,0.949999988079071,0.0,5.140092849731445
B,tens,-10,4,helix:all,200,0.1899999976158142,0.6299999952316284,1.3591212892927507
B,tens,-10,4,helix:tens,200,0.1899999976158142,0.6299999952316284,1.3591212892927507
B,tens,-10,4,helix:units,200,0.0,1.0,1.9690538417938307e-15
B,tens,-10,4,helix:random_orth,200,0.0,0.98499995470047,1.3591212892927507
B,tens,-10,4,digit_1hot:all,200,0.675000011920929,0.04999999701976776,2.729514800658629
B,tens,-10,4,digit_1hot:tens,200,0.675000011920929,0.04999999701976776,2.729514800658629
B,tens,-10,4,digit_1hot:units,200,0.0,1.0,0.0
B,tens,-10,4,digit_1hot:random_orth,200,0.0,0.98499995470047,2.729514800658629
B,tens,-10,4,digit_circ:all,200,0.04999999701976776,0.7999999523162842,1.1443929780173614
B,tens,-10,4,digit_circ:tens,200,0.04999999701976776,0.7999999523162842,1.1443929780173614
B,tens,-10,4,digit_circ:units,200,0.0,1.0,0.0
B,tens,-10,4,digit_circ:random_orth,200,0.0,0.9950000047683716,1.1443929780173614
B,tens,-10,4,both:all,200,0.675000011920929,0.04999999701976776,2.767304373645831
B,tens,-10,4,both:tens,200,0.675000011920929,0.04999999701976776,2.7673043736458305
B,tens,-10,4,both:units,200,0.0,1.0,1.6621377952034467e-15
B,tens,-10,4,both:random_orth,200,0.0,0.9899999499320984,2.767304373645831
B,tens,-10,6,full_swap,200,0.9549999833106995,0.0,6.047773361206055
B,tens,-10,6,helix:all,200,0.19499999284744263,0.6049999594688416,1.649360135610835
B,tens,-10,6,helix:tens,200,0.19499999284744263,0.6049999594688416,1.649360135610835
B,tens,-10,6,helix:units,200,0.0,1.0,2.305357935943501e-15
B,tens,-10,6,helix:random_orth,200,0.0,0.9899999499320984,1.649360135610835
B,tens,-10,6,digit_1hot:all,200,0.6599999666213989,0.054999999701976776,3.1599745452970196
B,tens,-10,6,digit_1hot:tens,200,0.6599999666213989,0.054999999701976776,3.1599745452970196
B,tens,-10,6,digit_1hot:units,200,0.0,1.0,0.0
B,tens,-10,6,digit_1hot:random_orth,200,0.0,0.9899999499320984,3.1599745452970196
B,tens,-10,6,digit_circ:all,200,0.054999999701976776,0.7899999618530273,1.364498535107846
B,tens,-10,6,digit_circ:tens,200,0.054999999701976776,0.7899999618530273,1.364498535107846
B,tens,-10,6,digit_circ:units,200,0.0,1.0,0.0
B,tens,-10,6,digit_circ:random_orth,200,0.0,0.9899999499320984,1.364498535107846
B,tens,-10,6,both:all,200,0.6800000071525574,0.04999999701976776,3.205406487127029
B,tens,-10,6,both:tens,200,0.6800000071525574,0.04999999701976776,3.205406487127029
B,tens,-10,6,both:units,200,0.0,1.0,1.9474695566000944e-15
B,tens,-10,6,both:random_orth,200,0.0,0.9899999499320984,3.205406487127029
B,tens,-10,8,full_swap,200,0.9549999833106995,0.0,6.541911602020264
B,tens,-10,8,helix:all,200,0.17499999701976776,0.6150000095367432,1.7701224447785497
B,tens,-10,8,helix:tens,200,0.17499999701976776,0.6150000095367432,1.7701224447785497
B,tens,-10,8,helix:units,200,0.0,1.0,2.4840942722819065e-15
B,tens,-10,8,helix:random_orth,200,0.0,1.0,1.77012244477855
B,tens,-10,8,digit_1hot:all,200,0.6800000071525574,0.04999999701976776,3.3619341875514483
B,tens,-10,8,digit_1hot:tens,200,0.6800000071525574,0.04999999701976776,3.3619341875514483
B,tens,-10,8,digit_1hot:units,200,0.0,1.0,0.0
B,tens,-10,8,digit_1hot:random_orth,200,0.0,0.9899999499320984,3.361934187551449
B,tens,-10,8,digit_circ:all,200,0.054999999701976776,0.7799999713897705,1.4668887982013608
B,tens,-10,8,digit_circ:tens,200,0.054999999701976776,0.7799999713897705,1.4668887982013608
B,tens,-10,8,digit_circ:units,200,0.0,1.0,0.0
B,tens,-10,8,digit_circ:random_orth,200,0.0,1.0,1.4668887982013608
B,tens,-10,8,both:all,200,0.6699999570846558,0.04999999701976776,3.413339309128672
B,tens,-10,8,both:tens,200,0.6699999570846558,0.04999999701976776,3.413339309128672
B,tens,-10,8,both:units,200,0.0,1.0,2.094992279027265e-15
B,tens,-10,8,both:random_orth,200,0.0,0.9899999499320984,3.413339309128672
B,tens,-10,10,full_swap,200,0.9599999785423279,0.0,6.714180946350098
B,tens,-10,10,helix:all,200,0.17499999701976776,0.6200000047683716,1.7785555537320332
B,tens,-10,10,helix:tens,200,0.17499999701976776,0.6200000047683716,1.7785555537320332
B,tens,-10,10,helix:units,200,0.0,1.0,2.602441301206699e-15
B,tens,-10,10,helix:random_orth,200,0.0,1.0,1.7785555537320328
B,tens,-10,10,digit_1hot:all,200,0.6800000071525574,0.044999998062849045,3.3810902137483185
B,tens,-10,10,digit_1hot:tens,200,0.6800000071525574,0.044999998062849045,3.3810902137483185
B,tens,-10,10,digit_1hot:units,200,0.0,1.0,0.0
B,tens,-10,10,digit_1hot:random_orth,200,0.0,0.9799999594688416,3.3810902137483185
B,tens,-10,10,digit_circ:all,200,0.054999999701976776,0.7599999904632568,1.4689187676785613
B,tens,-10,10,digit_circ:tens,200,0.054999999701976776,0.7599999904632568,1.4689187676785613
B,tens,-10,10,digit_circ:units,200,0.0,1.0,0.0
B,tens,-10,10,digit_circ:random_orth,200,0.0,0.9950000047683716,1.4689187676785613
B,tens,-10,10,both:all,200,0.6699999570846558,0.044999998062849045,3.4329635380754104
B,tens,-10,10,both:tens,200,0.6699999570846558,0.044999998062849045,3.4329635380754104
B,tens,-10,10,both:units,200,0.0,1.0,2.201793988182018e-15
B,tens,-10,10,both:random_orth,200,0.0,0.9899999499320984,3.4329635380754104
B,tens,-10,12,full_swap,200,0.9649999737739563,0.0,6.951163291931152
B,tens,-10,12,helix:all,200,0.17000000178813934,0.6200000047683716,1.848988038153942
B,tens,-10,12,helix:tens,200,0.17000000178813934,0.6200000047683716,1.8489880381539425
B,tens,-10,12,helix:units,200,0.0,1.0,3.139165516438945e-15
B,tens,-10,12,helix:random_orth,200,0.0,0.9950000047683716,1.848988038153942
B,tens,-10,12,digit_1hot:all,200,0.7049999833106995,0.044999998062849045,3.5321501158265205
B,tens,-10,12,digit_1hot:tens,200,0.7049999833106995,0.044999998062849045,3.5321501158265205
B,tens,-10,12,digit_1hot:units,200,0.0,1.0,0.0
B,tens,-10,12,digit_1hot:random_orth,200,0.0,0.9950000047683716,3.5321501158265205
B,tens,-10,12,digit_circ:all,200,0.054999999701976776,0.7599999904632568,1.5239106034432937
B,tens,-10,12,digit_circ:tens,200,0.054999999701976776,0.7599999904632568,1.5239106034432937
B,tens,-10,12,digit_circ:units,200,0.0,1.0,0.0
B,tens,-10,12,digit_circ:random_orth,200,0.0,0.9950000047683716,1.5239106034432937
B,tens,-10,12,both:all,200,0.675000011920929,0.04999999701976776,3.586284216584785
B,tens,-10,12,both:tens,200,0.675000011920929,0.04999999701976776,3.5862842165847844
B,tens,-10,12,both:units,200,0.0,1.0,2.642904882882837e-15
B,tens,-10,12,both:random_orth,200,0.0,0.9799999594688416,3.5862842165847844
B,tens,-10,14,full_swap,200,0.9649999737739563,0.0,7.325798988342285
B,tens,-10,14,helix:all,200,0.17499999701976776,0.6150000095367432,2.047269562131482
B,tens,-10,14,helix:tens,200,0.17499999701976776,0.6150000095367432,2.047269562131482
B,tens,-10,14,helix:units,200,0.0,1.0,3.4777352640805065e-15
B,tens,-10,14,helix:random_orth,200,0.0,0.9950000047683716,2.0472695621314814
B,tens,-10,14,digit_1hot:all,200,0.675000011920929,0.054999999701976776,3.9241439632203288
B,tens,-10,14,digit_1hot:tens,200,0.675000011920929,0.054999999701976776,3.9241439632203288
B,tens,-10,14,digit_1hot:units,200,0.0,1.0,0.0
B,tens,-10,14,digit_1hot:random_orth,200,0.0,0.98499995470047,3.9241439632203288
B,tens,-10,14,digit_circ:all,200,0.054999999701976776,0.7649999856948853,1.687864493289145
B,tens,-10,14,digit_circ:tens,200,0.054999999701976776,0.7649999856948853,1.687864493289145
B,tens,-10,14,digit_circ:units,200,0.0,1.0,0.0
B,tens,-10,14,digit_circ:random_orth,200,0.0,1.0,1.687864493289145
B,tens,-10,14,both:all,200,0.6850000023841858,0.04999999701976776,3.9813114684609148
B,tens,-10,14,both:tens,200,0.6850000023841858,0.04999999701976776,3.9813114684609148
B,tens,-10,14,both:units,200,0.0,1.0,2.930327126920801e-15
B,tens,-10,14,both:random_orth,200,0.0,0.9950000047683716,3.9813114684609148
B,tens,-10,16,full_swap,200,0.9599999785423279,0.0,9.169322967529297
B,tens,-10,16,helix:all,200,0.16499999165534973,0.6299999952316284,2.726631167161707
B,tens,-10,16,helix:tens,200,0.16499999165534973,0.6299999952316284,2.7266311671617074
B,tens,-10,16,helix:units,200,0.0,1.0,4.517308799068583e-15
B,tens,-10,16,helix:random_orth,200,0.0,0.9950000047683716,2.726631167161707
B,tens,-10,16,digit_1hot:all,200,0.6800000071525574,0.054999999701976776,5.353196446471741
B,tens,-10,16,digit_1hot:tens,200,0.6800000071525574,0.054999999701976776,5.353196446471741
B,tens,-10,16,digit_1hot:units,200,0.0,1.0,0.0
B,tens,-10,16,digit_1hot:random_orth,200,0.0,0.9799999594688416,5.353196446471741
B,tens,-10,16,digit_circ:all,200,0.054999999701976776,0.7749999761581421,2.2723823379793644
B,tens,-10,16,digit_circ:tens,200,0.054999999701976776,0.7749999761581421,2.2723823379793644
B,tens,-10,16,digit_circ:units,200,0.0,1.0,0.0
B,tens,-10,16,digit_circ:random_orth,200,0.0,1.0,2.2723823379793644
B,tens,-10,16,both:all,200,0.6850000023841858,0.044999998062849045,5.416274322430031
B,tens,-10,16,both:tens,200,0.6850000023841858,0.044999998062849045,5.416274322430031
B,tens,-10,16,both:units,200,0.0,1.0,3.795505594130135e-15
B,tens,-10,16,both:random_orth,200,0.0,0.98499995470047,5.416274322430031
B,tens,-10,18,full_swap,200,0.574999988079071,0.3050000071525574,10.142476081848145
B,tens,-10,18,helix:all,200,0.014999999664723873,0.8899999856948853,2.928712502424687
B,tens,-10,18,helix:tens,200,0.014999999664723873,0.8899999856948853,2.928712502424687
B,tens,-10,18,helix:units,200,0.0,1.0,4.910715471354274e-15
B,tens,-10,18,helix:random_orth,200,0.0,0.9950000047683716,2.928712502424687
B,tens,-10,18,digit_1hot:all,200,0.32999998331069946,0.47999998927116394,5.902291615929862
B,tens,-10,18,digit_1hot:tens,200,0.32999998331069946,0.47999998927116394,5.902291615929862
B,tens,-10,18,digit_1hot:units,200,0.0,1.0,0.0
B,tens,-10,18,digit_1hot:random_orth,200,0.0,0.9899999499320984,5.902291615929862
B,tens,-10,18,digit_circ:all,200,0.014999999664723873,0.9099999666213989,2.435726765891406
B,tens,-10,18,digit_circ:tens,200,0.014999999664723873,0.9099999666213989,2.435726765891406
B,tens,-10,18,digit_circ:units,200,0.0,1.0,0.0
B,tens,-10,18,digit_circ:random_orth,200,0.0,0.9950000047683716,2.435726765891406
B,tens,-10,18,both:all,200,0.32999998331069946,0.47999998927116394,5.972740895938962
B,tens,-10,18,both:tens,200,0.32999998331069946,0.47999998927116394,5.972740895938962
B,tens,-10,18,both:units,200,0.0,1.0,4.1255820119195454e-15
B,tens,-10,18,both:random_orth,200,0.0,0.9950000047683716,5.972740895938962
B,tens,-10,20,full_swap,200,0.07499999552965164,0.7549999952316284,11.2323579788208
B,tens,-10,20,helix:all,200,0.0,0.9649999737739563,3.265378899702593
B,tens,-10,20,helix:tens,200,0.0,0.9649999737739563,3.2653788997025934
B,tens,-10,20,helix:units,200,0.0,1.0,5.51769223609271e-15
B,tens,-10,20,helix:random_orth,200,0.0,1.0,3.265378899702593
B,tens,-10,20,digit_1hot:all,200,0.029999999329447746,0.8999999761581421,6.511825522363554
B,tens,-10,20,digit_1hot:tens,200,0.029999999329447746,0.8999999761581421,6.511825522363554
B,tens,-10,20,digit_1hot:units,200,0.0,1.0,0.0
B,tens,-10,20,digit_1hot:random_orth,200,0.0,0.9950000047683716,6.511825522363554
B,tens,-10,20,digit_circ:all,200,0.0,0.98499995470047,2.691168930452035
B,tens,-10,20,digit_circ:tens,200,0.0,0.98499995470047,2.691168930452035
B,tens,-10,20,digit_circ:units,200,0.0,1.0,0.0
B,tens,-10,20,digit_circ:random_orth,200,0.0,1.0,2.691168930452036
B,tens,-10,20,both:all,200,0.029999999329447746,0.8949999809265137,6.595324821740105
B,tens,-10,20,both:tens,200,0.029999999329447746,0.8949999809265137,6.595324821740105
B,tens,-10,20,both:units,200,0.0,1.0,4.6251945795530256e-15
B,tens,-10,20,both:random_orth,200,0.0,0.9950000047683716,6.595324821740105
B,tens,10,0,full_swap,200,0.9449999928474426,0.0,4.4949727058410645
B,tens,10,0,helix:all,200,0.014999999664723873,0.9300000071525574,1.007844971733522
B,tens,10,0,helix:tens,200,0.014999999664723873,0.9300000071525574,1.0078449717335223
B,tens,10,0,helix:units,200,0.0,0.9950000047683716,1.5745437728218673e-15
B,tens,10,0,helix:random_orth,200,0.0,0.9950000047683716,1.007844971733522
B,tens,10,0,digit_1hot:all,200,0.5099999904632568,0.2449999898672104,2.3477337996167686
B,tens,10,0,digit_1hot:tens,200,0.5099999904632568,0.2449999898672104,2.3477337996167686
B,tens,10,0,digit_1hot:units,200,0.0,0.9950000047683716,0.0
B,tens,10,0,digit_1hot:random_orth,200,0.0,0.9899999499320984,2.3477337996167686
B,tens,10,0,digit_circ:all,200,0.004999999888241291,0.9799999594688416,0.8805818179947628
B,tens,10,0,digit_circ:tens,200,0.004999999888241291,0.9799999594688416,0.8805818179947628
B,tens,10,0,digit_circ:units,200,0.0,0.9950000047683716,0.0
B,tens,10,0,digit_circ:random_orth,200,0.0,0.9950000047683716,0.8805818179947628
B,tens,10,0,both:all,200,0.5199999809265137,0.25,2.375156577793275
B,tens,10,0,both:tens,200,0.5199999809265137,0.25,2.375156577793275
B,tens,10,0,both:units,200,0.0,0.9950000047683716,1.33927780316203e-15
B,tens,10,0,both:random_orth,200,0.0,0.9950000047683716,2.375156577793275
B,tens,10,2,full_swap,200,0.9350000023841858,0.009999999776482582,4.529589653015137
B,tens,10,2,helix:all,200,0.014999999664723873,0.949999988079071,1.0993816102682383
B,tens,10,2,helix:tens,200,0.014999999664723873,0.949999988079071,1.0993816102682383
B,tens,10,2,helix:units,200,0.0,0.9950000047683716,1.6323188561398865e-15
B,tens,10,2,helix:random_orth,200,0.0,1.0,1.0993816102682383
B,tens,10,2,digit_1hot:all,200,0.48499998450279236,0.2849999964237213,2.4185177326479703
B,tens,10,2,digit_1hot:tens,200,0.48499998450279236,0.2849999964237213,2.4185177326479703
B,tens,10,2,digit_1hot:units,200,0.0,0.9950000047683716,0.0
B,tens,10,2,digit_1hot:random_orth,200,0.0,1.0,2.4185177326479703
B,tens,10,2,digit_circ:all,200,0.004999999888241291,0.9749999642372131,0.9458333454187999
B,tens,10,2,digit_circ:tens,200,0.004999999888241291,0.9749999642372131,0.9458333454187999
B,tens,10,2,digit_circ:units,200,0.0,0.9950000047683716,0.0
B,tens,10,2,digit_circ:random_orth,200,0.0,1.0,0.9458333454187998
B,tens,10,2,both:all,200,0.5049999952316284,0.26999998092651367,2.4479676220029654
B,tens,10,2,both:tens,200,0.5049999952316284,0.26999998092651367,2.4479676220029654
B,tens,10,2,both:units,200,0.0,0.9950000047683716,1.3821356059518467e-15
B,tens,10,2,both:random_orth,200,0.0,0.9899999499320984,2.4479676220029654
B,tens,10,4,full_swap,200,0.9599999785423279,0.004999999888241291,5.144075870513916
B,tens,10,4,helix:all,200,0.019999999552965164,0.9300000071525574,1.3304881718128656
B,tens,10,4,helix:tens,200,0.019999999552965164,0.9300000071525574,1.3304881718128656
B,tens,10,4,helix:units,200,0.0,0.9950000047683716,1.9238925898776127e-15
B,tens,10,4,helix:random_orth,200,0.0,1.0,1.3304881718128656
B,tens,10,4,digit_1hot:all,200,0.48499998450279236,0.2750000059604645,2.7370046705047626
B,tens,10,4,digit_1hot:tens,200,0.48499998450279236,0.2750000059604645,2.7370046705047626
B,tens,10,4,digit_1hot:units,200,0.0,0.9950000047683716,0.0
B,tens,10,4,digit_1hot:random_orth,200,0.0,1.0,2.7370046705047626
B,tens,10,4,digit_circ:all,200,0.004999999888241291,0.9749999642372131,1.1421054840963267
B,tens,10,4,digit_circ:tens,200,0.004999999888241291,0.9749999642372131,1.1421054840963267
B,tens,10,4,digit_circ:units,200,0.0,0.9950000047683716,0.0
B,tens,10,4,digit_circ:random_orth,200,0.0,0.9950000047683716,1.1421054840963267
B,tens,10,4,both:all,200,0.5099999904632568,0.26999998092651367,2.7724168875392023
B,tens,10,4,both:tens,200,0.5099999904632568,0.26999998092651367,2.7724168875392023
B,tens,10,4,both:units,200,0.0,0.9950000047683716,1.621956434613329e-15
B,tens,10,4,both:random_orth,200,0.0,0.9899999499320984,2.7724168875392023
B,tens,10,6,full_swap,200,0.949999988079071,0.004999999888241291,6.070055961608887
B,tens,10,6,helix:all,200,0.02499999850988388,0.9199999570846558,1.6095759963893845
B,tens,10,6,helix:tens,200,0.02499999850988388,0.9199999570846558,1.6095759963893845
B,tens,10,6,helix:units,200,0.0,0.9950000047683716,2.2629785484210777e-15
B,tens,10,6,helix:random_orth,200,0.0,0.9950000047683716,1.6095759963893845
B,tens,10,6,digit_1hot:all,200,0.4899999797344208,0.29499998688697815,3.160388031146058
B,tens,10,6,digit_1hot:tens,200,0.4899999797344208,0.29499998688697815,3.160388031146058
B,tens,10,6,digit_1hot:units,200,0.0,0.9950000047683716,0.0
B,tens,10,6,digit_1hot:random_orth,200,0.0,0.9950000047683716,3.160388031146058
B,tens,10,6,digit_circ:all,200,0.004999999888241291,0.9699999690055847,1.3620638553041005
B,tens,10,6,digit_circ:tens,200,0.004999999888241291,0.9699999690055847,1.3620638553041005
B,tens,10,6,digit_circ:units,200,0.0,0.9950000047683716,0.0
B,tens,10,6,digit_circ:random_orth,200,0.0,1.0,1.3620638553041005
B,tens,10,6,both:all,200,0.4949999749660492,0.28999999165534973,3.2014645754387714
B,tens,10,6,both:tens,200,0.4949999749660492,0.28999999165534973,3.2014645754387714
B,tens,10,6,both:units,200,0.0,0.9950000047683716,1.9091191952622378e-15
B,tens,10,6,both:random_orth,200,0.0,0.9950000047683716,3.2014645754387714
B,tens,10,8,full_swap,200,0.9549999833106995,0.0,6.590876579284668
B,tens,10,8,helix:all,200,0.019999999552965164,0.9199999570846558,1.726640436092468
B,tens,10,8,helix:tens,200,0.019999999552965164,0.9199999570846558,1.7266404360924685
B,tens,10,8,helix:units,200,0.0,0.9950000047683716,2.4515824193844864e-15
B,tens,10,8,helix:random_orth,200,0.0,0.9950000047683716,1.726640436092468
B,tens,10,8,digit_1hot:all,200,0.48499998450279236,0.3050000071525574,3.360630327792811
B,tens,10,8,digit_1hot:tens,200,0.48499998450279236,0.3050000071525574,3.360630327792811
B,tens,10,8,digit_1hot:units,200,0.0,0.9950000047683716,0.0
B,tens,10,8,digit_1hot:random_orth,200,0.0,0.98499995470047,3.360630327792811
B,tens,10,8,digit_circ:all,200,0.004999999888241291,0.9649999737739563,1.4638114764092176
B,tens,10,8,digit_circ:tens,200,0.004999999888241291,0.9649999737739563,1.4638114764092176
B,tens,10,8,digit_circ:units,200,0.0,0.9950000047683716,0.0
B,tens,10,8,digit_circ:random_orth,200,0.0,1.0,1.4638114764092176
B,tens,10,8,both:all,200,0.48499998450279236,0.29499998688697815,3.40623466701773
B,tens,10,8,both:tens,200,0.48499998450279236,0.29499998688697815,3.40623466701773
B,tens,10,8,both:units,200,0.0,0.9950000047683716,2.0651533918632443e-15
B,tens,10,8,both:random_orth,200,0.0,0.9950000047683716,3.40623466701773
B,tens,10,10,full_swap,200,0.9699999690055847,0.0,6.777399063110352
B,tens,10,10,helix:all,200,0.029999999329447746,0.9099999666213989,1.7335176047970338
B,tens,10,10,helix:tens,200,0.029999999329447746,0.9099999666213989,1.7335176047970338
B,tens,10,10,helix:units,200,0.0,0.9950000047683716,2.5772478311267523e-15
B,tens,10,10,helix:random_orth,200,0.0,0.9950000047683716,1.7335176047970338
B,tens,10,10,digit_1hot:all,200,0.4949999749660492,0.29499998688697815,3.3817750552247583
B,tens,10,10,digit_1hot:tens,200,0.4949999749660492,0.29499998688697815,3.3817750552247583
B,tens,10,10,digit_1hot:units,200,0.0,0.9950000047683716,0.0
B,tens,10,10,digit_1hot:random_orth,200,0.0,1.0,3.3817750552247583
B,tens,10,10,digit_circ:all,200,0.004999999888241291,0.9649999737739563,1.4651984834685754
B,tens,10,10,digit_circ:tens,200,0.004999999888241291,0.9649999737739563,1.4651984834685754
B,tens,10,10,digit_circ:units,200,0.0,0.9950000047683716,0.0
B,tens,10,10,digit_circ:random_orth,200,0.0,0.9950000047683716,1.4651984834685754
B,tens,10,10,both:all,200,0.48499998450279236,0.29499998688697815,3.427577466019392
B,tens,10,10,both:tens,200,0.48499998450279236,0.29499998688697815,3.427577466019392
B,tens,10,10,both:units,200,0.0,0.9950000047683716,2.1775181845750133e-15
B,tens,10,10,both:random_orth,200,0.0,0.98499995470047,3.427577466019392
B,tens,10,12,full_swap,200,0.9649999737739563,0.004999999888241291,7.022397041320801
B,tens,10,12,helix:all,200,0.019999999552965164,0.9049999713897705,1.8027878647406619
B,tens,10,12,helix:tens,200,0.019999999552965164,0.9049999713897705,1.8027878647406619
B,tens,10,12,helix:units,200,0.0,0.9950000047683716,3.0954707119118088e-15
B,tens,10,12,helix:random_orth,200,0.0,0.9899999499320984,1.8027878647406619
B,tens,10,12,digit_1hot:all,200,0.4949999749660492,0.29499998688697815,3.533323051805113
B,tens,10,12,digit_1hot:tens,200,0.4949999749660492,0.29499998688697815,3.533323051805113
B,tens,10,12,digit_1hot:units,200,0.0,0.9950000047683716,0.0
B,tens,10,12,digit_1hot:random_orth,200,0.0,0.9950000047683716,3.533323051805113
B,tens,10,12,digit_circ:all,200,0.004999999888241291,0.9699999690055847,1.5201861729236057
B,tens,10,12,digit_circ:tens,200,0.004999999888241291,0.9699999690055847,1.5201861729236057
B,tens,10,12,digit_circ:units,200,0.0,0.9950000047683716,0.0
B,tens,10,12,digit_circ:random_orth,200,0.0,0.9950000047683716,1.5201861729236057
B,tens,10,12,both:all,200,0.4699999988079071,0.3050000071525574,3.5807675014909934
B,tens,10,12,both:tens,200,0.4699999988079071,0.3050000071525574,3.5807675014909934
B,tens,10,12,both:units,200,0.0,0.9950000047683716,2.6040580220641274e-15
B,tens,10,12,both:random_orth,200,0.0,0.9950000047683716,3.5807675014909934
B,tens,10,14,full_swap,200,0.9449999928474426,0.009999999776482582,7.390799522399902
B,tens,10,14,helix:all,200,0.02499999850988388,0.8999999761581421,1.9942194359540388
B,tens,10,14,helix:tens,200,0.02499999850988388,0.8999999761581421,1.9942194359540388
B,tens,10,14,helix:units,200,0.0,0.9950000047683716,3.411277183822294e-15
B,tens,10,14,helix:random_orth,200,0.0,1.0,1.9942194359540386
B,tens,10,14,digit_1hot:all,200,0.47999998927116394,0.3149999976158142,3.9133738296380374
B,tens,10,14,digit_1hot:tens,200,0.47999998927116394,0.3149999976158142,3.9133738296380374
B,tens,10,14,digit_1hot:units,200,0.0,0.9950000047683716,0.0
B,tens,10,14,digit_1hot:random_orth,200,0.0,0.9899999499320984,3.9133738296380374
B,tens,10,14,digit_circ:all,200,0.004999999888241291,0.9699999690055847,1.684719208889947
B,tens,10,14,digit_circ:tens,200,0.004999999888241291,0.9699999690055847,1.684719208889947
B,tens,10,14,digit_circ:units,200,0.0,0.9950000047683716,0.0
B,tens,10,14,digit_circ:random_orth,200,0.0,1.0,1.684719208889947
B,tens,10,14,both:all,200,0.4899999797344208,0.29999998211860657,3.963946004850832
B,tens,10,14,both:tens,200,0.4899999797344208,0.29999998211860657,3.963946004850833
B,tens,10,14,both:units,200,0.0,0.9950000047683716,2.8712287589502633e-15
B,tens,10,14,both:random_orth,200,0.0,0.9899999499320984,3.963946004850832
B,tens,10,16,full_swap,200,0.9149999618530273,0.019999999552965164,9.252094268798828
B,tens,10,16,helix:all,200,0.029999999329447746,0.8899999856948853,2.6645694139747893
B,tens,10,16,helix:tens,200,0.029999999329447746,0.8899999856948853,2.66456941397479
B,tens,10,16,helix:units,200,0.0,0.9950000047683716,4.398360737222326e-15
B,tens,10,16,helix:random_orth,200,0.0,0.9950000047683716,2.66456941397479
B,tens,10,16,digit_1hot:all,200,0.47999998927116394,0.2800000011920929,5.339721706014007
B,tens,10,16,digit_1hot:tens,200,0.47999998927116394,0.2800000011920929,5.339721706014007
B,tens,10,16,digit_1hot:units,200,0.0,0.9950000047683716,0.0
B,tens,10,16,digit_1hot:random_orth,200,0.0,1.0,5.339721706014007
B,tens,10,16,digit_circ:all,200,0.009999999776482582,0.9649999737739563,2.26728352749938
B,tens,10,16,digit_circ:tens,200,0.009999999776482582,0.9649999737739563,2.26728352749938
B,tens,10,16,digit_circ:units,200,0.0,0.9950000047683716,0.0
B,tens,10,16,digit_circ:random_orth,200,0.0,1.0,2.2672835274993806
B,tens,10,16,both:all,200,0.4899999797344208,0.2849999964237213,5.3938268024377996
B,tens,10,16,both:tens,200,0.4899999797344208,0.2849999964237213,5.3938268024377996
B,tens,10,16,both:units,200,0.0,0.9950000047683716,3.693519160352264e-15
B,tens,10,16,both:random_orth,200,0.0,0.9899999499320984,5.3938268024377996
B,tens,10,18,full_swap,200,0.3700000047683716,0.5049999952316284,10.271410942077637
B,tens,10,18,helix:all,200,0.014999999664723873,0.9449999928474426,2.8645075997709557
B,tens,10,18,helix:tens,200,0.014999999664723873,0.9449999928474426,2.8645075997709557
B,tens,10,18,helix:units,200,0.0,0.9950000047683716,4.785026182670441e-15
B,tens,10,18,helix:random_orth,200,0.0,0.9950000047683716,2.8645075997709557
B,tens,10,18,digit_1hot:all,200,0.16499999165534973,0.6800000071525574,5.908679723853624
B,tens,10,18,digit_1hot:tens,200,0.16499999165534973,0.6800000071525574,5.908679723853624
B,tens,10,18,digit_1hot:units,200,0.0,0.9950000047683716,0.0
B,tens,10,18,digit_1hot:random_orth,200,0.0,0.9899999499320984,5.908679723853624
B,tens,10,18,digit_circ:all,200,0.004999999888241291,0.9799999594688416,2.431001351910279
B,tens,10,18,digit_circ:tens,200,0.004999999888241291,0.9799999594688416,2.431001351910279
B,tens,10,18,digit_circ:units,200,0.0,0.9950000047683716,0.0
B,tens,10,18,digit_circ:random_orth,200,0.0,0.9950000047683716,2.431001351910279
B,tens,10,18,both:all,200,0.17000000178813934,0.6850000023841858,5.969324355888998
B,tens,10,18,both:tens,200,0.17000000178813934,0.6850000023841858,5.969324355888998
B,tens,10,18,both:units,200,0.0,0.9950000047683716,4.0168751568559404e-15
B,tens,10,18,both:random_orth,200,0.0,0.98499995470047,5.969324355888998
B,tens,10,20,full_swap,200,0.07999999821186066,0.8499999642372131,11.318870544433594
B,tens,10,20,helix:all,200,0.0,1.0,3.1882823048197957
B,tens,10,20,helix:tens,200,0.0,1.0,3.1882823048197952
B,tens,10,20,helix:units,200,0.0,0.9950000047683716,5.410562334351042e-15
B,tens,10,20,helix:random_orth,200,0.0,0.9950000047683716,3.1882823048197957
B,tens,10,20,digit_1hot:all,200,0.004999999888241291,0.9549999833106995,6.501429316220847
B,tens,10,20,digit_1hot:tens,200,0.004999999888241291,0.9549999833106995,6.501429316220847
B,tens,10,20,digit_1hot:units,200,0.0,0.9950000047683716,0.0
B,tens,10,20,digit_1hot:random_orth,200,0.0,0.9899999499320984,6.501429316220847
B,tens,10,20,digit_circ:all,200,0.0,0.9950000047683716,2.68750892622474
B,tens,10,20,digit_circ:tens,200,0.0,0.9950000047683716,2.68750892622474
B,tens,10,20,digit_circ:units,200,0.0,0.9950000047683716,0.0
B,tens,10,20,digit_circ:random_orth,200,0.0,0.9950000047683716,2.68750892622474
B,tens,10,20,both:all,200,0.004999999888241291,0.9549999833106995,6.575873338925047
B,tens,10,20,both:tens,200,0.004999999888241291,0.9549999833106995,6.575873338925047
B,tens,10,20,both:units,200,0.0,0.9950000047683716,4.533079613014724e-15
B,tens,10,20,both:random_orth,200,0.0,1.0,6.575873338925047
B,tens,20,0,full_swap,200,0.9099999666213989,0.0,4.684072971343994
B,tens,20,0,helix:all,200,0.07999999821186066,0.6200000047683716,1.8750458003744643
B,tens,20,0,helix:tens,200,0.07999999821186066,0.6200000047683716,1.8750458003744637
B,tens,20,0,helix:units,200,0.0,1.0,2.4421155797385703e-15
B,tens,20,0,helix:random_orth,200,0.0,0.9950000047683716,1.8750458003744641
B,tens,20,0,digit_1hot:all,200,0.5450000166893005,0.014999999664723873,2.798874229160201
B,tens,20,0,digit_1hot:tens,200,0.5450000166893005,0.014999999664723873,2.798874229160201
B,tens,20,0,digit_1hot:units,200,0.0,1.0,0.0
B,tens,20,0,digit_1hot:random_orth,200,0.0,0.98499995470047,2.798874229160201
B,tens,20,0,digit_circ:all,200,0.004999999888241291,0.8899999856948853,1.6662042228784655
B,tens,20,0,digit_circ:tens,200,0.004999999888241291,0.8899999856948853,1.6662042228784655
B,tens,20,0,digit_circ:units,200,0.0,1.0,0.0
B,tens,20,0,digit_circ:random_orth,200,0.0,0.9899999499320984,1.6662042228784655
B,tens,20,0,both:all,200,0.6200000047683716,0.014999999664723873,2.884996609911188
B,tens,20,0,both:tens,200,0.6200000047683716,0.014999999664723873,2.884996609911188
B,tens,20,0,both:units,200,0.0,1.0,2.068839644175123e-15
B,tens,20,0,both:random_orth,200,0.0,0.9950000047683716,2.884996609911188
B,tens,20,2,full_swap,200,0.9049999713897705,0.004999999888241291,4.775244235992432
B,tens,20,2,helix:all,200,0.07000000029802322,0.6599999666213989,2.046886571866285
B,tens,20,2,helix:tens,200,0.07000000029802322,0.6599999666213989,2.0468865718662856
B,tens,20,2,helix:units,200,0.0,1.0,2.5344635710502834e-15
B,tens,20,2,helix:random_orth,200,0.0,0.9799999594688416,2.046886571866285
B,tens,20,2,digit_1hot:all,200,0.5199999809265137,0.04999999701976776,2.914191856662725
B,tens,20,2,digit_1hot:tens,200,0.5199999809265137,0.04999999701976776,2.914191856662725
B,tens,20,2,digit_1hot:units,200,0.0,1.0,0.0
B,tens,20,2,digit_1hot:random_orth,200,0.0,0.98499995470047,2.914191856662725
B,tens,20,2,digit_circ:all,200,0.0,0.8999999761581421,1.8037262043309013
B,tens,20,2,digit_circ:tens,200,0.0,0.8999999761581421,1.8037262043309013
B,tens,20,2,digit_circ:units,200,0.0,1.0,0.0
B,tens,20,2,digit_circ:random_orth,200,0.0,1.0,1.8037262043309013
B,tens,20,2,both:all,200,0.6049999594688416,0.019999999552965164,3.0106838805226306
B,tens,20,2,both:tens,200,0.6049999594688416,0.019999999552965164,3.0106838805226306
B,tens,20,2,both:units,200,0.0,1.0,2.138471234459799e-15
B,tens,20,2,both:random_orth,200,0.0,0.98499995470047,3.0106838805226306
B,tens,20,4,full_swap,200,0.9099999666213989,0.004999999888241291,5.520003795623779
B,tens,20,4,helix:all,200,0.07499999552965164,0.6349999904632568,2.486177325800048
B,tens,20,4,helix:tens,200,0.07499999552965164,0.6349999904632568,2.486177325800048
B,tens,20,4,helix:units,200,0.0,1.0,2.9753285562981207e-15
B,tens,20,4,helix:random_orth,200,0.0,1.0,2.486177325800048
B,tens,20,4,digit_1hot:all,200,0.5349999666213989,0.03999999910593033,3.367259918621226
B,tens,20,4,digit_1hot:tens,200,0.5349999666213989,0.03999999910593033,3.367259918621226
B,tens,20,4,digit_1hot:units,200,0.0,1.0,0.0
B,tens,20,4,digit_1hot:random_orth,200,0.0,1.0,3.367259918621226
B,tens,20,4,digit_circ:all,200,0.0,0.8899999856948853,2.1970600398436586
B,tens,20,4,digit_circ:tens,200,0.0,0.8899999856948853,2.1970600398436586
B,tens,20,4,digit_circ:units,200,0.0,1.0,0.0
B,tens,20,4,digit_circ:random_orth,200,0.0,0.9950000047683716,2.1970600398436586
B,tens,20,4,both:all,200,0.6150000095367432,0.02499999850988388,3.4844790303962663
B,tens,20,4,both:tens,200,0.6150000095367432,0.02499999850988388,3.4844790303962663
B,tens,20,4,both:units,200,0.0,1.0,2.4993809837406512e-15
B,tens,20,4,both:random_orth,200,0.0,0.9899999499320984,3.4844790303962663
B,tens,20,6,full_swap,200,0.9149999618530273,0.004999999888241291,6.648036956787109
B,tens,20,6,helix:all,200,0.07999999821186066,0.6499999761581421,3.0016567922563517
B,tens,20,6,helix:tens,200,0.07999999821186066,0.6499999761581421,3.0016567922563513
B,tens,20,6,helix:units,200,0.0,1.0,3.4979273496773367e-15
B,tens,20,6,helix:random_orth,200,0.0,0.98499995470047,3.0016567922563517
B,tens,20,6,digit_1hot:all,200,0.5550000071525574,0.044999998062849045,3.9825896074701035
B,tens,20,6,digit_1hot:tens,200,0.5550000071525574,0.044999998062849045,3.9825896074701035
B,tens,20,6,digit_1hot:units,200,0.0,1.0,0.0
B,tens,20,6,digit_1hot:random_orth,200,0.0,0.9899999499320984,3.9825896074701035
B,tens,20,6,digit_circ:all,200,0.0,0.8849999904632568,2.62640751739773
B,tens,20,6,digit_circ:tens,200,0.0,0.8849999904632568,2.62640751739773
B,tens,20,6,digit_circ:units,200,0.0,1.0,0.0
B,tens,20,6,digit_circ:random_orth,200,0.0,0.9899999499320984,2.62640751739773
B,tens,20,6,both:all,200,0.625,0.03500000014901161,4.120026840367455
B,tens,20,6,both:tens,200,0.625,0.03500000014901161,4.120026840367455
B,tens,20,6,both:units,200,0.0,1.0,2.9363635292389153e-15
B,tens,20,6,both:random_orth,200,0.0,0.9899999499320984,4.120026840367455
B,tens,20,8,full_swap,200,0.9399999976158142,0.0,7.294572830200195
B,tens,20,8,helix:all,200,0.05999999865889549,0.6800000071525574,3.219571507959537
B,tens,20,8,helix:tens,200,0.05999999865889549,0.6800000071525574,3.219571507959537
B,tens,20,8,helix:units,200,0.0,1.0,3.795326254753415e-15
B,tens,20,8,helix:random_orth,200,0.0,0.9950000047683716,3.219571507959537
B,tens,20,8,digit_1hot:all,200,0.5199999809265137,0.054999999701976776,4.276472854077
B,tens,20,8,digit_1hot:tens,200,0.5199999809265137,0.054999999701976776,4.276472854077
B,tens,20,8,digit_1hot:units,200,0.0,1.0,0.0
B,tens,20,8,digit_1hot:random_orth,200,0.0,0.98499995470047,4.276472854077
B,tens,20,8,digit_circ:all,200,0.0,0.8799999952316284,2.8247088408230483
B,tens,20,8,digit_circ:tens,200,0.0,0.8799999952316284,2.8247088408230483
B,tens,20,8,digit_circ:units,200,0.0,1.0,0.0
B,tens,20,8,digit_circ:random_orth,200,0.0,0.9899999499320984,2.8247088408230483
B,tens,20,8,both:all,200,0.5999999642372131,0.044999998062849045,4.431371649647195
B,tens,20,8,both:tens,200,0.5999999642372131,0.044999998062849045,4.431371649647196
B,tens,20,8,both:units,200,0.0,1.0,3.1771512416507145e-15
B,tens,20,8,both:random_orth,200,0.0,0.98499995470047,4.431371649647195
B,tens,20,10,full_swap,200,0.9399999976158142,0.0,7.482181549072266
B,tens,20,10,helix:all,200,0.05999999865889549,0.6699999570846558,3.2328460422901912
B,tens,20,10,helix:tens,200,0.05999999865889549,0.6699999570846558,3.2328460422901912
B,tens,20,10,helix:units,200,0.0,1.0,3.964210494970364e-15
B,tens,20,10,helix:random_orth,200,0.0,0.9950000047683716,3.2328460422901912
B,tens,20,10,digit_1hot:all,200,0.5199999809265137,0.06499999761581421,4.299844722030884
B,tens,20,10,digit_1hot:tens,200,0.5199999809265137,0.06499999761581421,4.299844722030884
B,tens,20,10,digit_1hot:units,200,0.0,1.0,0.0
B,tens,20,10,digit_1hot:random_orth,200,0.0,0.98499995470047,4.299844722030884
B,tens,20,10,digit_circ:all,200,0.0,0.875,2.8286671501447525
B,tens,20,10,digit_circ:tens,200,0.0,0.875,2.8286671501447525
B,tens,20,10,digit_circ:units,200,0.0,1.0,0.0
B,tens,20,10,digit_circ:random_orth,200,0.0,0.9950000047683716,2.8286671501447525
B,tens,20,10,both:all,200,0.6049999594688416,0.03999999910593033,4.458512341235222
B,tens,20,10,both:tens,200,0.6049999594688416,0.03999999910593033,4.458512341235222
B,tens,20,10,both:units,200,0.0,1.0,3.3256952149856396e-15
B,tens,20,10,both:random_orth,200,0.0,0.98499995470047,4.458512341235222
B,tens,20,12,full_swap,200,0.9049999713897705,0.004999999888241291,7.741549015045166
B,tens,20,12,helix:all,200,0.054999999701976776,0.6850000023841858,3.3555539188662387
B,tens,20,12,helix:tens,200,0.054999999701976776,0.6850000023841858,3.355553918866239
B,tens,20,12,helix:units,200,0.0,1.0,4.772506120624806e-15
B,tens,20,12,helix:random_orth,200,0.0,1.0,3.3555539188662387
B,tens,20,12,digit_1hot:all,200,0.48499998450279236,0.08999999612569809,4.452148090545129
B,tens,20,12,digit_1hot:tens,200,0.48499998450279236,0.08999999612569809,4.452148090545129
B,tens,20,12,digit_1hot:units,200,0.0,1.0,0.0
B,tens,20,12,digit_1hot:random_orth,200,0.0,0.98499995470047,4.452148090545129
B,tens,20,12,digit_circ:all,200,0.0,0.8650000095367432,2.926724720666648
B,tens,20,12,digit_circ:tens,200,0.0,0.8650000095367432,2.926724720666648
B,tens,20,12,digit_circ:units,200,0.0,1.0,0.0
B,tens,20,12,digit_circ:random_orth,200,0.0,0.9950000047683716,2.926724720666648
B,tens,20,12,both:all,200,0.5699999928474426,0.054999999701976776,4.62087238217476
B,tens,20,12,both:tens,200,0.5699999928474426,0.054999999701976776,4.62087238217476
B,tens,20,12,both:units,200,0.0,1.0,3.992551451323386e-15
B,tens,20,12,both:random_orth,200,0.0,0.9899999499320984,4.620872382174759
B,tens,20,14,full_swap,200,0.8949999809265137,0.004999999888241291,8.180261611938477
B,tens,20,14,helix:all,200,0.03999999910593033,0.6800000071525574,3.7057170923068417
B,tens,20,14,helix:tens,200,0.03999999910593033,0.6800000071525574,3.7057170923068417
B,tens,20,14,helix:units,200,0.0,1.0,5.247236853354834e-15
B,tens,20,14,helix:random_orth,200,0.0,0.9899999499320984,3.7057170923068417
B,tens,20,14,digit_1hot:all,200,0.45499998331069946,0.10499999672174454,4.955142655157235
B,tens,20,14,digit_1hot:tens,200,0.45499998331069946,0.10499999672174454,4.955142655157235
B,tens,20,14,digit_1hot:units,200,0.0,1.0,0.0
B,tens,20,14,digit_1hot:random_orth,200,0.0,0.9950000047683716,4.955142655157235
B,tens,20,14,digit_circ:all,200,0.0,0.8449999690055847,3.2375717233452908
B,tens,20,14,digit_circ:tens,200,0.0,0.8449999690055847,3.2375717233452908
B,tens,20,14,digit_circ:units,200,0.0,1.0,0.0
B,tens,20,14,digit_circ:random_orth,200,0.0,0.9899999499320984,3.2375717233452908
B,tens,20,14,both:all,200,0.5149999856948853,0.08500000089406967,5.14001734487568
B,tens,20,14,both:tens,200,0.5149999856948853,0.08500000089406967,5.14001734487568
B,tens,20,14,both:units,200,0.0,1.0,4.395171531803054e-15
B,tens,20,14,both:random_orth,200,0.0,0.98499995470047,5.14001734487568
B,tens,20,16,full_swap,200,0.8700000047683716,0.029999999329447746,10.184579849243164
B,tens,20,16,helix:all,200,0.02499999850988388,0.6800000071525574,4.947985066299104
B,tens,20,16,helix:tens,200,0.02499999850988388,0.6800000071525574,4.947985066299106
B,tens,20,16,helix:units,200,0.0,1.0,6.777092389431639e-15
B,tens,20,16,helix:random_orth,200,0.0,0.9899999499320984,4.947985066299104
B,tens,20,16,digit_1hot:all,200,0.4050000011920929,0.12999999523162842,6.71571769401342
B,tens,20,16,digit_1hot:tens,200,0.4050000011920929,0.12999999523162842,6.71571769401342
B,tens,20,16,digit_1hot:units,200,0.0,1.0,0.0
B,tens,20,16,digit_1hot:random_orth,200,0.0,0.9749999642372131,6.71571769401342
B,tens,20,16,digit_circ:all,200,0.0,0.85999995470047,4.323029901121358
B,tens,20,16,digit_circ:tens,200,0.0,0.85999995470047,4.323029901121358
B,tens,20,16,digit_circ:units,200,0.0,1.0,0.0
B,tens,20,16,digit_circ:random_orth,200,0.0,0.98499995470047,4.323029901121358
B,tens,20,16,both:all,200,0.4749999940395355,0.10999999940395355,6.924239341493671
B,tens,20,16,both:tens,200,0.4749999940395355,0.10999999940395355,6.924239341493671
B,tens,20,16,both:units,200,0.0,1.0,5.667571370371899e-15
B,tens,20,16,both:random_orth,200,0.0,0.9799999594688416,6.924239341493671
B,tens,20,18,full_swap,200,0.29999998211860657,0.4449999928474426,11.165680885314941
B,tens,20,18,helix:all,200,0.0,0.8700000047683716,5.3192772656084335
B,tens,20,18,helix:tens,200,0.0,0.8700000047683716,5.3192772656084335
B,tens,20,18,helix:units,200,0.0,1.0,7.357421376700031e-15
B,tens,20,18,helix:random_orth,200,0.0,0.98499995470047,5.3192772656084335
B,tens,20,18,digit_1hot:all,200,0.14999999105930328,0.5149999856948853,7.367256440037807
B,tens,20,18,digit_1hot:tens,200,0.14999999105930328,0.5149999856948853,7.367256440037807
B,tens,20,18,digit_1hot:units,200,0.0,1.0,0.0
B,tens,20,18,digit_1hot:random_orth,200,0.0,0.9950000047683716,7.367256440037806
B,tens,20,18,digit_circ:all,200,0.0,0.9199999570846558,4.634927184661824
B,tens,20,18,digit_circ:tens,200,0.0,0.9199999570846558,4.634927184661824
B,tens,20,18,digit_circ:units,200,0.0,1.0,0.0
B,tens,20,18,digit_circ:random_orth,200,0.0,0.9899999499320984,4.634927184661824
B,tens,20,18,both:all,200,0.16499999165534973,0.5149999856948853,7.600261949722004
B,tens,20,18,both:tens,200,0.16499999165534973,0.5149999856948853,7.600261949722004
B,tens,20,18,both:units,200,0.0,1.0,6.152183479173211e-15
B,tens,20,18,both:random_orth,200,0.0,0.9749999642372131,7.600261949722004
B,tens,20,20,full_swap,200,0.004999999888241291,0.875,12.281394958496094
B,tens,20,20,helix:all,200,0.0,0.9749999642372131,5.916359562861204
B,tens,20,20,helix:tens,200,0.0,0.9749999642372131,5.916359562861204
B,tens,20,20,helix:units,200,0.0,1.0,8.350566954875841e-15
B,tens,20,20,helix:random_orth,200,0.0,1.0,5.916359562861204
B,tens,20,20,digit_1hot:all,200,0.0,0.9049999713897705,8.092886914386245
B,tens,20,20,digit_1hot:tens,200,0.0,0.9049999713897705,8.092886914386245
B,tens,20,20,digit_1hot:units,200,0.0,1.0,0.0
B,tens,20,20,digit_1hot:random_orth,200,0.0,0.9899999499320984,8.092886914386245
B,tens,20,20,digit_circ:all,200,0.0,0.9950000047683716,5.140488073762407
B,tens,20,20,digit_circ:tens,200,0.0,0.9950000047683716,5.140488073762407
B,tens,20,20,digit_circ:units,200,0.0,1.0,0.0
B,tens,20,20,digit_circ:random_orth,200,0.0,0.9950000047683716,5.140488073762407
B,tens,20,20,both:all,200,0.0,0.8899999856948853,8.365202098353937
B,tens,20,20,both:tens,200,0.0,0.8899999856948853,8.365202098353937
B,tens,20,20,both:units,200,0.0,1.0,6.969754517024098e-15
B,tens,20,20,both:random_orth,200,0.0,0.9950000047683716,8.365202098353937
B,tens,30,0,full_swap,200,0.9149999618530273,0.004999999888241291,4.938230991363525
B,tens,30,0,helix:all,200,0.19999998807907104,0.19499999284744263,2.470239402250668
B,tens,30,0,helix:tens,200,0.19999998807907104,0.19499999284744263,2.470239402250668
B,tens,30,0,helix:units,200,0.0,1.0,3.1337259558555714e-15
B,tens,30,0,helix:random_orth,200,0.0,0.9950000047683716,2.470239402250668
B,tens,30,0,digit_1hot:all,200,0.6349999904632568,0.004999999888241291,3.0728291631880142
B,tens,30,0,digit_1hot:tens,200,0.6349999904632568,0.004999999888241291,3.0728291631880142
B,tens,30,0,digit_1hot:units,200,0.0,1.0,0.0
B,tens,30,0,digit_1hot:random_orth,200,0.0,0.98499995470047,3.0728291631880147
B,tens,30,0,digit_circ:all,200,0.05999999865889549,0.35499998927116394,2.306214135258287
B,tens,30,0,digit_circ:tens,200,0.05999999865889549,0.35499998927116394,2.306214135258287
B,tens,30,0,digit_circ:units,200,0.0,1.0,0.0
B,tens,30,0,digit_circ:random_orth,200,0.0,0.9899999499320984,2.306214135258287
B,tens,30,0,both:all,200,0.7099999785423279,0.004999999888241291,3.2018745165064333
B,tens,30,0,both:tens,200,0.7099999785423279,0.004999999888241291,3.2018745165064333
B,tens,30,0,both:units,200,0.0,1.0,2.662369467554772e-15
B,tens,30,0,both:random_orth,200,0.0,0.9749999642372131,3.2018745165064333
B,tens,30,2,full_swap,200,0.9099999666213989,0.004999999888241291,5.014254093170166
B,tens,30,2,helix:all,200,0.16499999165534973,0.23999999463558197,2.671410258579879
B,tens,30,2,helix:tens,200,0.16499999165534973,0.23999999463558197,2.671410258579879
B,tens,30,2,helix:units,200,0.0,1.0,3.2548277494451694e-15
B,tens,30,2,helix:random_orth,200,0.0,0.9899999499320984,2.6714102585798787
B,tens,30,2,digit_1hot:all,200,0.6299999952316284,0.014999999664723873,3.1993077922190265
B,tens,30,2,digit_1hot:tens,200,0.6299999952316284,0.014999999664723873,3.1993077922190265
B,tens,30,2,digit_1hot:units,200,0.0,1.0,0.0
B,tens,30,2,digit_1hot:random_orth,200,0.0,0.9950000047683716,3.1993077922190265
B,tens,30,2,digit_circ:all,200,0.044999998062849045,0.38999998569488525,2.49558286441871
B,tens,30,2,digit_circ:tens,200,0.044999998062849045,0.38999998569488525,2.49558286441871
B,tens,30,2,digit_circ:units,200,0.0,1.0,0.0
B,tens,30,2,digit_circ:random_orth,200,0.0,0.98499995470047,2.49558286441871
B,tens,30,2,both:all,200,0.6850000023841858,0.004999999888241291,3.3412667029623306
B,tens,30,2,both:tens,200,0.6850000023841858,0.004999999888241291,3.3412667029623306
B,tens,30,2,both:units,200,0.0,1.0,2.752101480381133e-15
B,tens,30,2,both:random_orth,200,0.0,0.9899999499320984,3.3412667029623306
B,tens,30,4,full_swap,200,0.9199999570846558,0.004999999888241291,5.841911792755127
B,tens,30,4,helix:all,200,0.16499999165534973,0.2199999988079071,3.242651398537827
B,tens,30,4,helix:tens,200,0.16499999165534973,0.2199999988079071,3.2426513985378267
B,tens,30,4,helix:units,200,0.0,1.0,3.8242762405435e-15
B,tens,30,4,helix:random_orth,200,0.0,0.9899999499320984,3.242651398537827
B,tens,30,4,digit_1hot:all,200,0.6349999904632568,0.019999999552965164,3.7459608952500765
B,tens,30,4,digit_1hot:tens,200,0.6349999904632568,0.019999999552965164,3.7459608952500765
B,tens,30,4,digit_1hot:units,200,0.0,1.0,0.0
B,tens,30,4,digit_1hot:random_orth,200,0.0,0.9950000047683716,3.7459608952500765
B,tens,30,4,digit_circ:all,200,0.044999998062849045,0.4050000011920929,3.0534191540028814
B,tens,30,4,digit_circ:tens,200,0.044999998062849045,0.4050000011920929,3.0534191540028814
B,tens,30,4,digit_circ:units,200,0.0,1.0,0.0
B,tens,30,4,digit_circ:random_orth,200,0.0,0.98499995470047,3.053419154002881
B,tens,30,4,both:all,200,0.675000011920929,0.009999999776482582,3.910465282803207
B,tens,30,4,both:tens,200,0.675000011920929,0.009999999776482582,3.910465282803207
B,tens,30,4,both:units,200,0.0,1.0,3.218029208626154e-15
B,tens,30,4,both:random_orth,200,0.0,0.9950000047683716,3.910465282803207
B,tens,30,6,full_swap,200,0.9199999570846558,0.004999999888241291,7.022844314575195
B,tens,30,6,helix:all,200,0.16499999165534973,0.23999999463558197,3.8866921090354043
B,tens,30,6,helix:tens,200,0.16499999165534973,0.23999999463558197,3.8866921090354043
B,tens,30,6,helix:units,200,0.0,1.0,4.503888284303462e-15
B,tens,30,6,helix:random_orth,200,0.0,0.9950000047683716,3.8866921090354043
B,tens,30,6,digit_1hot:all,200,0.6499999761581421,0.019999999552965164,4.44029664666521
B,tens,30,6,digit_1hot:tens,200,0.6499999761581421,0.019999999552965164,4.44029664666521
B,tens,30,6,digit_1hot:units,200,0.0,1.0,0.0
B,tens,30,6,digit_1hot:random_orth,200,0.0,0.9899999499320984,4.44029664666521
B,tens,30,6,digit_circ:all,200,0.04999999701976776,0.4449999928474426,3.6458972672773884
B,tens,30,6,digit_circ:tens,200,0.04999999701976776,0.4449999928474426,3.6458972672773884
B,tens,30,6,digit_circ:units,200,0.0,1.0,0.0
B,tens,30,6,digit_circ:random_orth,200,0.0,0.9950000047683716,3.6458972672773884
B,tens,30,6,both:all,200,0.7049999833106995,0.014999999664723873,4.6258021399647795
B,tens,30,6,both:tens,200,0.7049999833106995,0.014999999664723873,4.6258021399647795
B,tens,30,6,both:units,200,0.0,1.0,3.7891655269007635e-15
B,tens,30,6,both:random_orth,200,0.0,0.98499995470047,4.6258021399647795
B,tens,30,8,full_swap,200,0.9199999570846558,0.004999999888241291,7.691920280456543
B,tens,30,8,helix:all,200,0.13499999046325684,0.3499999940395355,4.167042744438822
B,tens,30,8,helix:tens,200,0.13499999046325684,0.3499999940395355,4.167042744438823
B,tens,30,8,helix:units,200,0.0,1.0,4.883568717262197e-15
B,tens,30,8,helix:random_orth,200,0.0,0.9950000047683716,4.167042744438822
B,tens,30,8,digit_1hot:all,200,0.6299999952316284,0.02499999850988388,4.763638935641326
B,tens,30,8,digit_1hot:tens,200,0.6299999952316284,0.02499999850988388,4.763638935641326
B,tens,30,8,digit_1hot:units,200,0.0,1.0,0.0
B,tens,30,8,digit_1hot:random_orth,200,0.0,0.9899999499320984,4.763638935641326
B,tens,30,8,digit_circ:all,200,0.019999999552965164,0.5099999904632568,3.9272972817317595
B,tens,30,8,digit_circ:tens,200,0.019999999552965164,0.5099999904632568,3.9272972817317595
B,tens,30,8,digit_circ:units,200,0.0,1.0,0.0
B,tens,30,8,digit_circ:random_orth,200,0.0,0.9699999690055847,3.927297281731759
B,tens,30,8,both:all,200,0.6949999928474426,0.02499999850988388,4.964567695818948
B,tens,30,8,both:tens,200,0.6949999928474426,0.02499999850988388,4.964567695818948
B,tens,30,8,both:units,200,0.0,1.0,4.098833051176521e-15
B,tens,30,8,both:random_orth,200,0.0,0.9799999594688416,4.964567695818948
B,tens,30,10,full_swap,200,0.9249999523162842,0.004999999888241291,7.846506118774414
B,tens,30,10,helix:all,200,0.13499999046325684,0.3499999940395355,4.186482209111578
B,tens,30,10,helix:tens,200,0.13499999046325684,0.3499999940395355,4.186482209111578
B,tens,30,10,helix:units,200,0.0,1.0,5.101866581379913e-15
B,tens,30,10,helix:random_orth,200,0.0,0.9899999499320984,4.186482209111578
B,tens,30,10,digit_1hot:all,200,0.625,0.03500000014901161,4.78302082455651
B,tens,30,10,digit_1hot:tens,200,0.625,0.03500000014901161,4.78302082455651
B,tens,30,10,digit_1hot:units,200,0.0,1.0,0.0
B,tens,30,10,digit_1hot:random_orth,200,0.0,0.9799999594688416,4.78302082455651
B,tens,30,10,digit_circ:all,200,0.019999999552965164,0.4899999797344208,3.9414103281539052
B,tens,30,10,digit_circ:tens,200,0.019999999552965164,0.4899999797344208,3.9414103281539052
B,tens,30,10,digit_circ:units,200,0.0,1.0,0.0
B,tens,30,10,digit_circ:random_orth,200,0.0,0.9799999594688416,3.9414103281539052
B,tens,30,10,both:all,200,0.7049999833106995,0.02499999850988388,4.981452530437306
B,tens,30,10,both:tens,200,0.7049999833106995,0.02499999850988388,4.981452530437306
B,tens,30,10,both:units,200,0.0,1.0,4.294045011273911e-15
B,tens,30,10,both:random_orth,200,0.0,0.9799999594688416,4.981452530437306
B,tens,30,12,full_swap,200,0.9049999713897705,0.009999999776482582,8.114635467529297
B,tens,30,12,helix:all,200,0.14000000059604645,0.3400000035762787,4.342944616692915
B,tens,30,12,helix:tens,200,0.14000000059604645,0.3400000035762787,4.342944616692915
B,tens,30,12,helix:units,200,0.0,1.0,6.128922758308799e-15
B,tens,30,12,helix:random_orth,200,0.0,0.9950000047683716,4.342944616692915
B,tens,30,12,digit_1hot:all,200,0.5949999690055847,0.03999999910593033,4.959076257682114
B,tens,30,12,digit_1hot:tens,200,0.5949999690055847,0.03999999910593033,4.959076257682114
B,tens,30,12,digit_1hot:units,200,0.0,1.0,0.0
B,tens,30,12,digit_1hot:random_orth,200,0.0,0.9799999594688416,4.959076257682114
B,tens,30,12,digit_circ:all,200,0.019999999552965164,0.4899999797344208,4.076528921545039
B,tens,30,12,digit_circ:tens,200,0.019999999552965164,0.4899999797344208,4.076528921545039
B,tens,30,12,digit_circ:units,200,0.0,1.0,0.0
B,tens,30,12,digit_circ:random_orth,200,0.0,0.98499995470047,4.076528921545039
B,tens,30,12,both:all,200,0.6899999976158142,0.02499999850988388,5.163759341312923
B,tens,30,12,both:tens,200,0.6899999976158142,0.02499999850988388,5.163759341312923
B,tens,30,12,both:units,200,0.0,1.0,5.140038819521521e-15
B,tens,30,12,both:random_orth,200,0.0,0.9899999499320984,5.163759341312923
B,tens,30,14,full_swap,200,0.8799999952316284,0.009999999776482582,8.54332447052002
B,tens,30,14,helix:all,200,0.125,0.35499998927116394,4.788791920284319
B,tens,30,14,helix:tens,200,0.125,0.35499998927116394,4.78879192028432
B,tens,30,14,helix:units,200,0.0,1.0,6.740568721970525e-15
B,tens,30,14,helix:random_orth,200,0.0,0.9950000047683716,4.788791920284319
B,tens,30,14,digit_1hot:all,200,0.550000011920929,0.05999999865889549,5.44605814879182
B,tens,30,14,digit_1hot:tens,200,0.550000011920929,0.05999999865889549,5.44605814879182
B,tens,30,14,digit_1hot:units,200,0.0,1.0,0.0
B,tens,30,14,digit_1hot:random_orth,200,0.0,0.9899999499320984,5.44605814879182
B,tens,30,14,digit_circ:all,200,0.014999999664723873,0.48499998450279236,4.4965563820149805
B,tens,30,14,digit_circ:tens,200,0.014999999664723873,0.48499998450279236,4.4965563820149805
B,tens,30,14,digit_circ:units,200,0.0,1.0,0.0
B,tens,30,14,digit_circ:random_orth,200,0.0,0.9799999594688416,4.4965563820149805
B,tens,30,14,both:all,200,0.6549999713897705,0.03999999910593033,5.665556053040105
B,tens,30,14,both:tens,200,0.6549999713897705,0.03999999910593033,5.665556053040105
B,tens,30,14,both:units,200,0.0,1.0,5.659922589152846e-15
B,tens,30,14,both:random_orth,200,0.0,0.9899999499320984,5.665556053040105
B,tens,30,16,full_swap,200,0.8299999833106995,0.029999999329447746,10.71789836883545
B,tens,30,16,helix:all,200,0.09999999403953552,0.38999998569488525,6.4418598459699465
B,tens,30,16,helix:tens,200,0.09999999403953552,0.38999998569488525,6.4418598459699465
B,tens,30,16,helix:units,200,0.0,1.0,8.687121616399159e-15
B,tens,30,16,helix:random_orth,200,0.0,0.9749999642372131,6.4418598459699465
B,tens,30,16,digit_1hot:all,200,0.4749999940395355,0.07000000029802322,7.4387535517513035
B,tens,30,16,digit_1hot:tens,200,0.4749999940395355,0.07000000029802322,7.4387535517513035
B,tens,30,16,digit_1hot:units,200,0.0,1.0,0.0
B,tens,30,16,digit_1hot:random_orth,200,0.0,0.9749999642372131,7.4387535517513035
B,tens,30,16,digit_circ:all,200,0.004999999888241291,0.5399999618530273,6.016141578710469
B,tens,30,16,digit_circ:tens,200,0.004999999888241291,0.5399999618530273,6.016141578710469
B,tens,30,16,digit_circ:units,200,0.0,1.0,0.0
B,tens,30,16,digit_circ:random_orth,200,0.0,0.9950000047683716,6.016141578710469
B,tens,30,16,both:all,200,0.5550000071525574,0.08500000089406967,7.692478021877297
B,tens,30,16,both:tens,200,0.5550000071525574,0.08500000089406967,7.692478021877297
B,tens,30,16,both:units,200,0.0,1.0,7.277640568312524e-15
B,tens,30,16,both:random_orth,200,0.0,0.9699999690055847,7.692478021877297
B,tens,30,18,full_swap,200,0.26999998092651367,0.42499998211860657,11.637439727783203
B,tens,30,18,helix:all,200,0.0,0.7299999594688416,6.924830882528384
B,tens,30,18,helix:tens,200,0.0,0.7299999594688416,6.924830882528382
B,tens,30,18,helix:units,200,0.0,1.0,9.434607352525657e-15
B,tens,30,18,helix:random_orth,200,0.0,0.9899999499320984,6.924830882528382
B,tens,30,18,digit_1hot:all,200,0.14499999582767487,0.5299999713897705,8.100303505076244
B,tens,30,18,digit_1hot:tens,200,0.14499999582767487,0.5299999713897705,8.100303505076244
B,tens,30,18,digit_1hot:units,200,0.0,1.0,0.0
B,tens,30,18,digit_1hot:random_orth,200,0.0,0.9749999642372131,8.100303505076244
B,tens,30,18,digit_circ:all,200,0.0,0.7999999523162842,6.440533172794999
B,tens,30,18,digit_circ:tens,200,0.0,0.7999999523162842,6.440533172794999
B,tens,30,18,digit_circ:units,200,0.0,1.0,0.0
B,tens,30,18,digit_circ:random_orth,200,0.0,0.9899999499320984,6.440533172794999
B,tens,30,18,both:all,200,0.14499999582767487,0.5349999666213989,8.394562402261116
B,tens,30,18,both:tens,200,0.14499999582767487,0.5349999666213989,8.394562402261116
B,tens,30,18,both:units,200,0.0,1.0,7.90326694533277e-15
B,tens,30,18,both:random_orth,200,0.0,0.9649999737739563,8.394562402261116
B,tens,30,20,full_swap,200,0.02499999850988388,0.8849999904632568,12.798518180847168
B,tens,30,20,helix:all,200,0.0,0.9699999690055847,7.65732425992551
B,tens,30,20,helix:tens,200,0.0,0.9699999690055847,7.657324259925508
B,tens,30,20,helix:units,200,0.0,1.0,1.072009609060253e-14
B,tens,30,20,helix:random_orth,200,0.0,0.9899999499320984,7.657324259925508
B,tens,30,20,digit_1hot:all,200,0.0,0.9449999928474426,8.880680433252554
B,tens,30,20,digit_1hot:tens,200,0.0,0.9449999928474426,8.880680433252554
B,tens,30,20,digit_1hot:units,200,0.0,1.0,0.0
B,tens,30,20,digit_1hot:random_orth,200,0.0,0.9950000047683716,8.880680433252554
B,tens,30,20,digit_circ:all,200,0.0,0.98499995470047,7.1222625610905075
B,tens,30,20,digit_circ:tens,200,0.0,0.98499995470047,7.1222625610905075
B,tens,30,20,digit_circ:units,200,0.0,1.0,0.0
B,tens,30,20,digit_circ:random_orth,200,0.0,1.0,7.1222625610905075
B,tens,30,20,both:all,200,0.0,0.9350000023841858,9.235656936049905
B,tens,30,20,both:tens,200,0.0,0.9350000023841858,9.235656936049905
B,tens,30,20,both:units,200,0.0,1.0,8.961063851059337e-15
B,tens,30,20,both:random_orth,200,0.0,0.9950000047683716,9.235656936049905
