slot,layer,delta,cond,n,success,stay,lp_target,lp_orig,edit_norm,state_norm
A,0,-20,helix,200,0.1599999964237213,0.29499998688697815,-4.106595039367676,-2.6538524627685547,1.5812112061277315,4.267392158508301
A,0,-20,only_T2,200,0.0,0.9950000047683716,-6.185804843902588,-0.5349721908569336,0.0,4.267392158508301
A,0,-20,only_T5,200,0.0,0.9950000047683716,-6.185804843902588,-0.5349721908569336,2.474991694852899e-15,4.267392158508301
A,0,-20,only_T10,200,0.0,0.9950000047683716,-6.185804843902588,-0.5349721908569336,1.211489329948258e-15,4.267392158508301
A,0,-20,only_T100,200,0.10999999940395355,0.4399999976158142,-4.322360515594482,-1.851173758506775,1.5592033808699892,4.267392158508301
A,0,-20,only_lin,200,0.02499999850988388,0.7249999642372131,-5.515964984893799,-0.9795149564743042,0.8006450718492573,4.267392158508301
A,0,-20,random_orth,200,0.0,0.9549999833106995,-6.131968975067139,-0.5684141516685486,1.5812112061277315,4.267392158508301
A,0,-20,real_diff_in_helix_subspace,200,0.11499999463558197,0.3149999976158142,-4.410531997680664,-2.8729653358459473,1.6130965423818122,4.267392158508301
A,0,-20,full_swap,200,0.8650000095367432,0.0,-0.7131962180137634,-7.3819708824157715,4.433420181274414,4.267392158508301
A,1,-20,helix,200,0.1550000011920929,0.3050000071525574,-4.104664325714111,-2.6929712295532227,1.5989168473897764,4.780977249145508
A,1,-20,only_T2,200,0.0,0.9950000047683716,-6.185804843902588,-0.5349721908569336,0.0,4.780977249145508
A,1,-20,only_T5,200,0.0,0.9950000047683716,-6.185804843902588,-0.5349721908569336,2.448091046355009e-15,4.780977249145508
A,1,-20,only_T10,200,0.0,0.9950000047683716,-6.185804843902588,-0.5349721908569336,1.1969616212900514e-15,4.780977249145508
A,1,-20,only_T100,200,0.11499999463558197,0.45499998331069946,-4.339348316192627,-1.7877161502838135,1.55575216443628,4.780977249145508
A,1,-20,only_lin,200,0.03500000014901161,0.7099999785423279,-5.5071892738342285,-0.9855114817619324,0.8457839624283213,4.780977249145508
A,1,-20,random_orth,200,0.0,0.9649999737739563,-6.187043190002441,-0.5682594776153564,1.5989168473897764,4.780977249145508
A,1,-20,real_diff_in_helix_subspace,200,0.125,0.32999998331069946,-4.399205684661865,-2.8207170963287354,1.6223948508470998,4.780977249145508
A,1,-20,full_swap,200,0.8549999594688416,0.0,-0.7648543119430542,-7.32710075378418,4.379714012145996,4.780977249145508
A,2,-20,helix,200,0.14499999582767487,0.3100000023841858,-4.117867469787598,-2.708418607711792,1.6755809428640658,5.753590106964111
A,2,-20,only_T2,200,0.0,0.9950000047683716,-6.185804843902588,-0.5349721908569336,0.0,5.753590106964111
A,2,-20,only_T5,200,0.0,0.9950000047683716,-6.185804843902588,-0.5349721908569336,2.5578860610789844e-15,5.753590106964111
A,2,-20,only_T10,200,0.0,0.9950000047683716,-6.185804843902588,-0.5349721908569336,1.239015929369973e-15,5.753590106964111
A,2,-20,only_T100,200,0.10999999940395355,0.4599999785423279,-4.347012996673584,-1.7743688821792603,1.6038779973273314,5.753590106964111
A,2,-20,only_lin,200,0.03500000014901161,0.7099999785423279,-5.495606422424316,-1.0014920234680176,0.9164063308215017,5.753590106964111
A,2,-20,random_orth,200,0.004999999888241291,0.9399999976158142,-6.182512283325195,-0.5629796385765076,1.6755809428640658,5.753590106964111
A,2,-20,real_diff_in_helix_subspace,200,0.11999999731779099,0.3499999940395355,-4.34736442565918,-2.810009479522705,1.6977637599333224,5.753590106964111
A,2,-20,full_swap,200,0.8399999737739563,0.0,-0.7934778928756714,-7.290393352508545,4.499502182006836,5.753590106964111
A,3,-20,helix,200,0.14999999105930328,0.3149999976158142,-4.124105930328369,-2.656508207321167,1.817882506126723,6.513044357299805
A,3,-20,only_T2,200,0.0,0.9950000047683716,-6.185804843902588,-0.5349721908569336,0.0,6.513044357299805
A,3,-20,only_T5,200,0.0,0.9950000047683716,-6.185804843902588,-0.5349721908569336,2.7830845000513152e-15,6.513044357299805
A,3,-20,only_T10,200,0.0,0.9950000047683716,-6.185804843902588,-0.5349721908569336,1.3258526245152747e-15,6.513044357299805
A,3,-20,only_T100,200,0.11499999463558197,0.47999998927116394,-4.3616461753845215,-1.737255573272705,1.7264590849051666,6.513044357299805
A,3,-20,only_lin,200,0.03500000014901161,0.7099999785423279,-5.512110710144043,-0.9825561046600342,0.9989214845319668,6.513044357299805
A,3,-20,random_orth,200,0.0,0.9549999833106995,-6.14655876159668,-0.5592176914215088,1.817882506126723,6.513044357299805
A,3,-20,real_diff_in_helix_subspace,200,0.13499999046325684,0.35499998927116394,-4.322879314422607,-2.6815762519836426,1.8402964270368942,6.513044357299805
A,3,-20,full_swap,200,0.824999988079071,0.0,-0.7951179146766663,-7.265279293060303,4.695152282714844,6.513044357299805
A,4,-20,helix,200,0.14499999582767487,0.3349999785423279,-4.135495662689209,-2.563751220703125,1.9847920088670206,7.4732666015625
A,4,-20,only_T2,200,0.0,0.9950000047683716,-6.185804843902588,-0.5349721908569336,0.0,7.4732666015625
A,4,-20,only_T5,200,0.0,0.9950000047683716,-6.185804843902588,-0.5349721908569336,2.9430707483867777e-15,7.4732666015625
A,4,-20,only_T10,200,0.0,0.9950000047683716,-6.185804843902588,-0.5349721908569336,1.3862657677078208e-15,7.4732666015625
A,4,-20,only_T100,200,0.10499999672174454,0.48499998450279236,-4.372918128967285,-1.6845738887786865,1.8495168538060247,7.4732666015625
A,4,-20,only_lin,200,0.03500000014901161,0.7249999642372131,-5.569661617279053,-0.9498299956321716,1.1014925472569015,7.4732666015625
A,4,-20,random_orth,200,0.0,0.9399999976158142,-6.146308898925781,-0.5713277459144592,1.9847920088670206,7.4732666015625
A,4,-20,real_diff_in_helix_subspace,200,0.13499999046325684,0.3649999797344208,-4.28471040725708,-2.540173053741455,2.00532213040085,7.4732666015625
A,4,-20,full_swap,200,0.8149999976158142,0.004999999888241291,-0.8926153182983398,-7.073633670806885,4.953951358795166,7.4732666015625
A,5,-20,helix,200,0.14499999582767487,0.32999998331069946,-4.155030250549316,-2.538090705871582,2.113127365097629,8.224222183227539
A,5,-20,only_T2,200,0.0,0.9950000047683716,-6.185804843902588,-0.5349721908569336,0.0,8.224222183227539
A,5,-20,only_T5,200,0.0,0.9950000047683716,-6.185804843902588,-0.5349721908569336,3.180452163727418e-15,8.224222183227539
A,5,-20,only_T10,200,0.0,0.9950000047683716,-6.185804843902588,-0.5349721908569336,1.4840901461360944e-15,8.224222183227539
A,5,-20,only_T100,200,0.10499999672174454,0.4699999988079071,-4.39802360534668,-1.6728440523147583,1.9600918678173258,8.224222183227539
A,5,-20,only_lin,200,0.03999999910593033,0.7249999642372131,-5.560760974884033,-0.9464145302772522,1.185758768413123,8.224222183227539
A,5,-20,random_orth,200,0.0,0.9549999833106995,-6.147311687469482,-0.5452814102172852,2.113127365097629,8.224222183227539
A,5,-20,real_diff_in_helix_subspace,200,0.14499999582767487,0.3449999988079071,-4.279168128967285,-2.5410258769989014,2.15038509047174,8.224222183227539
A,5,-20,full_swap,200,0.7999999523162842,0.004999999888241291,-0.8950403332710266,-7.043450832366943,5.241066932678223,8.224222183227539
A,6,-20,helix,200,0.13499999046325684,0.3499999940395355,-4.182709693908691,-2.3983757495880127,2.2606499070308503,9.316280364990234
A,6,-20,only_T2,200,0.0,0.9950000047683716,-6.185804843902588,-0.5349721908569336,0.0,9.316280364990234
A,6,-20,only_T5,200,0.0,0.9950000047683716,-6.185804843902588,-0.5349721908569336,3.4083877615708612e-15,9.316280364990234
A,6,-20,only_T10,200,0.0,0.9950000047683716,-6.185804843902588,-0.5349721908569336,1.5627009114738558e-15,9.316280364990234
A,6,-20,only_T100,200,0.0949999988079071,0.47999998927116394,-4.458449840545654,-1.6022390127182007,2.072815180735836,9.316280364990234
A,6,-20,only_lin,200,0.03500000014901161,0.73499995470047,-5.569212913513184,-0.9268243312835693,1.278280364681496,9.316280364990234
A,6,-20,random_orth,200,0.0,0.9649999737739563,-6.157007694244385,-0.551380455493927,2.2606499070308503,9.316280364990234
A,6,-20,real_diff_in_helix_subspace,200,0.14499999582767487,0.3449999988079071,-4.309145927429199,-2.4524807929992676,2.3273590363449523,9.316280364990234
A,6,-20,full_swap,200,0.7799999713897705,0.019999999552965164,-0.9187833666801453,-6.950520992279053,5.505597114562988,9.316280364990234
A,7,-20,helix,200,0.11999999731779099,0.375,-4.2153167724609375,-2.3423073291778564,2.389230825484699,10.02868366241455
A,7,-20,only_T2,200,0.0,0.9950000047683716,-6.185804843902588,-0.5349721908569336,0.0,10.02868366241455
A,7,-20,only_T5,200,0.0,0.9950000047683716,-6.185804843902588,-0.5349721908569336,3.56323974342803e-15,10.02868366241455
A,7,-20,only_T10,200,0.0,0.9950000047683716,-6.185804843902588,-0.5349721908569336,1.64097892197635e-15,10.02868366241455
A,7,-20,only_T100,200,0.0949999988079071,0.4899999797344208,-4.492579460144043,-1.5827138423919678,2.1720425033536475,10.02868366241455
A,7,-20,only_lin,200,0.029999999329447746,0.7450000047683716,-5.570659637451172,-0.9140238761901855,1.352759650530481,10.02868366241455
A,7,-20,random_orth,200,0.0,0.9649999737739563,-6.129497051239014,-0.5618972182273865,2.389230825484699,10.02868366241455
A,7,-20,real_diff_in_helix_subspace,200,0.13499999046325684,0.3449999988079071,-4.368816375732422,-2.444248676300049,2.480918774329161,10.02868366241455
A,7,-20,full_swap,200,0.7749999761581421,0.019999999552965164,-0.9882371425628662,-6.878207683563232,5.7639689445495605,10.02868366241455
A,8,-20,helix,200,0.11999999731779099,0.375,-4.24857759475708,-2.2513458728790283,2.4673341750123012,10.853938102722168
A,8,-20,only_T2,200,0.0,0.9950000047683716,-6.185804843902588,-0.5349721908569336,0.0,10.853938102722168
A,8,-20,only_T5,200,0.0,0.9950000047683716,-6.185804843902588,-0.5349721908569336,3.7186008695902096e-15,10.853938102722168
A,8,-20,only_T10,200,0.0,0.9950000047683716,-6.185804843902588,-0.5349721908569336,1.6909754762464177e-15,10.853938102722168
A,8,-20,only_T100,200,0.09999999403953552,0.4949999749660492,-4.526668071746826,-1.5579028129577637,2.2399391708335763,10.853938102722168
A,8,-20,only_lin,200,0.02499999850988388,0.7699999809265137,-5.610861778259277,-0.8715354800224304,1.399784459665127,10.853938102722168
A,8,-20,random_orth,200,0.0,0.9749999642372131,-6.201459884643555,-0.5428581833839417,2.4673341750123017,10.853938102722168
A,8,-20,real_diff_in_helix_subspace,200,0.11499999463558197,0.3499999940395355,-4.448211669921875,-2.4190564155578613,2.585632575839165,10.853938102722168
A,8,-20,full_swap,200,0.7549999952316284,0.019999999552965164,-1.0307068824768066,-6.857357025146484,5.936115264892578,10.853938102722168
A,9,-20,helix,200,0.11499999463558197,0.375,-4.246889114379883,-2.2634694576263428,2.588330155616898,11.51196002960205
A,9,-20,only_T2,200,0.0,0.9950000047683716,-6.185804843902588,-0.5349721908569336,0.0,11.51196002960205
A,9,-20,only_T5,200,0.0,0.9950000047683716,-6.185804843902588,-0.5349721908569336,3.870728581510185e-15,11.51196002960205
A,9,-20,only_T10,200,0.0,0.9950000047683716,-6.185804843902588,-0.5349721908569336,1.7533184065657895e-15,11.51196002960205
A,9,-20,only_T100,200,0.08999999612569809,0.5,-4.530397891998291,-1.5667004585266113,2.344999974382198,11.51196002960205
A,9,-20,only_lin,200,0.029999999329447746,0.7599999904632568,-5.600353717803955,-0.8862013220787048,1.4567009148803978,11.51196002960205
A,9,-20,random_orth,200,0.004999999888241291,0.9699999690055847,-6.191379070281982,-0.5470730662345886,2.588330155616898,11.51196002960205
A,9,-20,real_diff_in_helix_subspace,200,0.10999999940395355,0.32999998331069946,-4.4738898277282715,-2.5046815872192383,2.7495140862087557,11.51196002960205
A,9,-20,full_swap,200,0.75,0.019999999552965164,-1.0467803478240967,-6.864920616149902,6.216607093811035,11.51196002960205
A,10,-20,helix,200,0.11499999463558197,0.375,-4.248114109039307,-2.2618820667266846,2.780854925946284,12.037293434143066
A,10,-20,only_T2,200,0.0,0.9950000047683716,-6.185804843902588,-0.5349721908569336,0.0,12.037293434143066
A,10,-20,only_T5,200,0.0,0.9950000047683716,-6.185804843902588,-0.5349721908569336,4.1468614386400356e-15,12.037293434143066
A,10,-20,only_T10,200,0.0,0.9950000047683716,-6.185804843902588,-0.5349721908569336,1.906553338688018e-15,12.037293434143066
A,10,-20,only_T100,200,0.0949999988079071,0.4899999797344208,-4.527129173278809,-1.575021505355835,2.5021825172697607,12.037293434143066
A,10,-20,only_lin,200,0.02499999850988388,0.7649999856948853,-5.606067180633545,-0.8834246397018433,1.5603243788106695,12.037293434143066
A,10,-20,random_orth,200,0.0,0.9599999785423279,-6.180961608886719,-0.5576523542404175,2.780854925946284,12.037293434143066
A,10,-20,real_diff_in_helix_subspace,200,0.08999999612569809,0.3449999988079071,-4.507322311401367,-2.5120506286621094,2.9826735088292997,12.037293434143066
A,10,-20,full_swap,200,0.7549999952316284,0.019999999552965164,-1.0427969694137573,-6.858852386474609,6.637219429016113,12.037293434143066
A,11,-20,helix,200,0.11499999463558197,0.3700000047683716,-4.265833854675293,-2.2556064128875732,2.9696362950166093,12.859990119934082
A,11,-20,only_T2,200,0.0,0.9950000047683716,-6.185804843902588,-0.5349721908569336,0.0,12.859990119934082
A,11,-20,only_T5,200,0.0,0.9950000047683716,-6.185804843902588,-0.5349721908569336,4.524501787624943e-15,12.859990119934082
A,11,-20,only_T10,200,0.0,0.9950000047683716,-6.185804843902588,-0.5349721908569336,2.1280484212340327e-15,12.859990119934082
A,11,-20,only_T100,200,0.0949999988079071,0.4899999797344208,-4.528318881988525,-1.6053986549377441,2.666532132404776,12.859990119934082
A,11,-20,only_lin,200,0.029999999329447746,0.7599999904632568,-5.621462345123291,-0.8762723207473755,1.6480182043011542,12.859990119934082
A,11,-20,random_orth,200,0.004999999888241291,0.9599999785423279,-6.1763200759887695,-0.5746913552284241,2.9696362950166093,12.859990119934082
A,11,-20,real_diff_in_helix_subspace,200,0.11999999731779099,0.32499998807907104,-4.51969051361084,-2.5428247451782227,3.201565822251066,12.859990119934082
A,11,-20,full_swap,200,0.75,0.019999999552965164,-1.0194666385650635,-6.887322902679443,7.064502716064453,12.859990119934082
A,12,-20,helix,200,0.10999999940395355,0.3700000047683716,-4.291106700897217,-2.2389330863952637,3.1566465407257653,13.493176460266113
A,12,-20,only_T2,200,0.0,0.9950000047683716,-6.185804843902588,-0.5349721908569336,0.0,13.493176460266113
A,12,-20,only_T5,200,0.0,0.9950000047683716,-6.185804843902588,-0.5349721908569336,5.1286570151797796e-15,13.493176460266113
A,12,-20,only_T10,200,0.0,0.9950000047683716,-6.185804843902588,-0.5349721908569336,2.3911831170859267e-15,13.493176460266113
A,12,-20,only_T100,200,0.08999999612569809,0.4949999749660492,-4.536612033843994,-1.613749623298645,2.845264404328585,13.493176460266113
A,12,-20,only_lin,200,0.029999999329447746,0.7649999856948853,-5.635029315948486,-0.8740321397781372,1.760875058437102,13.493176460266113
A,12,-20,random_orth,200,0.0,0.9649999737739563,-6.141915321350098,-0.5662152171134949,3.1566465407257653,13.493176460266113
A,12,-20,real_diff_in_helix_subspace,200,0.10499999672174454,0.3449999988079071,-4.54144811630249,-2.4940736293792725,3.4016335642572755,13.493176460266113
A,12,-20,full_swap,200,0.75,0.019999999552965164,-1.0261497497558594,-6.885782241821289,7.5467753410339355,13.493176460266113
A,13,-20,helix,200,0.09999999403953552,0.45499998331069946,-4.499887943267822,-1.869814395904541,3.4202873997130068,14.756735801696777
A,13,-20,only_T2,200,0.0,0.9950000047683716,-6.185804843902588,-0.5349721908569336,0.0,14.756735801696777
A,13,-20,only_T5,200,0.0,0.9950000047683716,-6.185804843902588,-0.5349721908569336,5.521410788918161e-15,14.756735801696777
A,13,-20,only_T10,200,0.0,0.9950000047683716,-6.185804843902588,-0.5349721908569336,2.5658733164243107e-15,14.756735801696777
A,13,-20,only_T100,200,0.07499999552965164,0.5849999785423279,-4.750097274780273,-1.386703610420227,3.069774698059047,14.756735801696777
A,13,-20,only_lin,200,0.019999999552965164,0.7849999666213989,-5.725423336029053,-0.8113006353378296,1.9359141507711002,14.756735801696777
A,13,-20,random_orth,200,0.0,0.9649999737739563,-6.167819023132324,-0.5568493008613586,3.4202873997130077,14.756735801696777
A,13,-20,real_diff_in_helix_subspace,200,0.08500000089406967,0.3999999761581421,-4.687273979187012,-2.0441067218780518,3.7663742966607017,14.756735801696777
A,13,-20,full_swap,200,0.675000011920929,0.03500000014901161,-1.2094601392745972,-6.059943199157715,8.179067611694336,14.756735801696777
A,14,-20,helix,200,0.0949999988079071,0.4899999797344208,-4.595814228057861,-1.7163540124893188,3.58685626884843,16.008926391601562
A,14,-20,only_T2,200,0.0,0.9950000047683716,-6.185804843902588,-0.5349721908569336,0.0,16.008926391601562
A,14,-20,only_T5,200,0.0,0.9950000047683716,-6.185804843902588,-0.5349721908569336,5.854585894525758e-15,16.008926391601562
A,14,-20,only_T10,200,0.0,0.9950000047683716,-6.185804843902588,-0.5349721908569336,2.666206289738521e-15,16.008926391601562
A,14,-20,only_T100,200,0.07000000029802322,0.5949999690055847,-4.829823017120361,-1.3157814741134644,3.228870331068361,16.008926391601562
A,14,-20,only_lin,200,0.009999999776482582,0.8100000023841858,-5.785905838012695,-0.771077573299408,2.030864971600471,16.008926391601562
A,14,-20,random_orth,200,0.004999999888241291,0.9699999690055847,-6.172194480895996,-0.5527257919311523,3.58685626884843,16.008926391601562
A,14,-20,real_diff_in_helix_subspace,200,0.07000000029802322,0.4399999976158142,-4.849020004272461,-1.93096923828125,4.039966926152352,16.008926391601562
A,14,-20,full_swap,200,0.6699999570846558,0.03500000014901161,-1.3457015752792358,-5.804794788360596,8.602113723754883,16.008926391601562
A,15,-20,helix,200,0.0949999988079071,0.5,-4.608703136444092,-1.6817607879638672,4.191273028751274,17.732133865356445
A,15,-20,only_T2,200,0.0,0.9950000047683716,-6.185804843902588,-0.5349721908569336,0.0,17.732133865356445
A,15,-20,only_T5,200,0.0,0.9950000047683716,-6.185804843902588,-0.5349721908569336,6.348908008532633e-15,17.732133865356445
A,15,-20,only_T10,200,0.0,0.9950000047683716,-6.185804843902588,-0.5349721908569336,2.8357849560841102e-15,17.732133865356445
A,15,-20,only_T100,200,0.07000000029802322,0.5999999642372131,-4.8282575607299805,-1.3137791156768799,3.7915634574238335,17.732133865356445
A,15,-20,only_lin,200,0.009999999776482582,0.8050000071525574,-5.778713703155518,-0.7783463001251221,2.3214806480096684,17.732133865356445
A,15,-20,random_orth,200,0.0,0.9649999737739563,-6.152700901031494,-0.5535008311271667,4.191273028751274,17.732133865356445
A,15,-20,real_diff_in_helix_subspace,200,0.08999999612569809,0.44999998807907104,-4.906858444213867,-1.9728443622589111,4.723741515563883,17.732133865356445
A,15,-20,full_swap,200,0.6699999570846558,0.03500000014901161,-1.348737359046936,-5.78917121887207,9.450901985168457,17.732133865356445
A,16,-20,helix,200,0.08999999612569809,0.5,-4.659891128540039,-1.6647793054580688,5.017212324294742,19.67030143737793
A,16,-20,only_T2,200,0.0,0.9950000047683716,-6.185804843902588,-0.5349721908569336,0.0,19.67030143737793
A,16,-20,only_T5,200,0.0,0.9950000047683716,-6.185804843902588,-0.5349721908569336,7.311372393033022e-15,19.67030143737793
A,16,-20,only_T10,200,0.0,0.9950000047683716,-6.185804843902588,-0.5349721908569336,3.339209394033249e-15,19.67030143737793
A,16,-20,only_T100,200,0.07000000029802322,0.5849999785423279,-4.867856979370117,-1.3060479164123535,4.462934814252671,19.67030143737793
A,16,-20,only_lin,200,0.019999999552965164,0.7899999618530273,-5.805904865264893,-0.7707410454750061,2.736432277936993,19.67030143737793
A,16,-20,random_orth,200,0.0,0.9749999642372131,-6.170982360839844,-0.5589540004730225,5.017212324294743,19.67030143737793
A,16,-20,real_diff_in_helix_subspace,200,0.06499999761581421,0.45499998331069946,-4.9088335037231445,-1.9978512525558472,5.652023549043581,19.67030143737793
A,16,-20,full_swap,200,0.6649999618530273,0.03500000014901161,-1.3592888116836548,-5.765710353851318,11.243749618530273,19.67030143737793
A,17,-20,helix,200,0.08500000089406967,0.5699999928474426,-4.8565144538879395,-1.3907650709152222,5.513253136895205,21.017810821533203
A,17,-20,only_T2,200,0.0,0.9950000047683716,-6.185804843902588,-0.5349721908569336,0.0,21.017810821533203
A,17,-20,only_T5,200,0.0,0.9950000047683716,-6.185804843902588,-0.5349721908569336,7.85801101615019e-15,21.017810821533203
A,17,-20,only_T10,200,0.0,0.9950000047683716,-6.185804843902588,-0.5349721908569336,3.604201051900349e-15,21.017810821533203
A,17,-20,only_T100,200,0.054999999701976776,0.6599999666213989,-5.063167095184326,-1.10441255569458,4.890953060131341,21.017810821533203
A,17,-20,only_lin,200,0.009999999776482582,0.824999988079071,-5.871232032775879,-0.728377640247345,3.035540188814348,21.017810821533203
A,17,-20,random_orth,200,0.004999999888241291,0.949999988079071,-6.158400535583496,-0.5718777775764465,5.513253136895205,21.017810821533203
A,17,-20,real_diff_in_helix_subspace,200,0.054999999701976776,0.5349999666213989,-5.053175449371338,-1.6716428995132446,6.266147764123437,21.017810821533203
A,17,-20,full_swap,200,0.5399999618530273,0.05999999865889549,-1.8183645009994507,-4.833432197570801,12.328658103942871,21.017810821533203
A,18,-20,helix,200,0.06499999761581421,0.5899999737739563,-4.9710469245910645,-1.2855700254440308,5.859217506387954,23.259424209594727
A,18,-20,only_T2,200,0.0,0.9950000047683716,-6.185804843902588,-0.5349721908569336,0.0,23.259424209594727
A,18,-20,only_T5,200,0.0,0.9950000047683716,-6.185804843902588,-0.5349721908569336,8.236708111376696e-15,23.259424209594727
A,18,-20,only_T10,200,0.0,0.9950000047683716,-6.185804843902588,-0.5349721908569336,3.777362804227018e-15,23.259424209594727
A,18,-20,only_T100,200,0.03999999910593033,0.675000011920929,-5.154963970184326,-1.0580403804779053,5.203826495072983,23.259424209594727
A,18,-20,only_lin,200,0.009999999776482582,0.85999995470047,-5.916240215301514,-0.6956046223640442,3.2349828164100956,23.259424209594727
A,18,-20,random_orth,200,0.004999999888241291,0.949999988079071,-6.141139507293701,-0.5772305727005005,5.859217506387954,23.259424209594727
A,18,-20,real_diff_in_helix_subspace,200,0.04999999701976776,0.5550000071525574,-5.122535228729248,-1.5320709943771362,6.734939655802277,23.259424209594727
A,18,-20,full_swap,200,0.5099999904632568,0.07499999552965164,-2.0127344131469727,-4.418752193450928,13.087302207946777,23.259424209594727
A,19,-20,helix,200,0.0,0.949999988079071,-6.107489109039307,-0.5680199861526489,6.405135954911905,24.939287185668945
A,19,-20,only_T2,200,0.0,0.9950000047683716,-6.185804843902588,-0.5349721908569336,0.0,24.939287185668945
A,19,-20,only_T5,200,0.0,0.9950000047683716,-6.185804843902588,-0.5349721908569336,9.014957194094278e-15,24.939287185668945
A,19,-20,only_T10,200,0.0,0.9950000047683716,-6.185804843902588,-0.5349721908569336,4.09822996723572e-15,24.939287185668945
A,19,-20,only_T100,200,0.0,0.9649999737739563,-6.146467208862305,-0.5517613291740417,5.6528203100831345,24.939287185668945
A,19,-20,only_lin,200,0.0,0.9649999737739563,-6.146868705749512,-0.5589298605918884,3.5946529891962915,24.939287185668945
A,19,-20,random_orth,200,0.0,0.98499995470047,-6.185129165649414,-0.5357980728149414,6.405135954911905,24.939287185668945
A,19,-20,real_diff_in_helix_subspace,200,0.0,0.9249999523162842,-6.09305477142334,-0.58305424451828,7.420051038123504,24.939287185668945
A,19,-20,full_swap,200,0.004999999888241291,0.9149999618530273,-5.7380242347717285,-0.6153659224510193,14.180475234985352,24.939287185668945
A,20,-20,helix,200,0.0,0.949999988079071,-6.108818054199219,-0.5683079361915588,7.037191827464955,26.550674438476562
A,20,-20,only_T2,200,0.0,0.9950000047683716,-6.185804843902588,-0.5349721908569336,0.0,26.550674438476562
A,20,-20,only_T5,200,0.0,0.9950000047683716,-6.185804843902588,-0.5349721908569336,9.63148559065521e-15,26.550674438476562
A,20,-20,only_T10,200,0.0,0.9950000047683716,-6.185804843902588,-0.5349721908569336,4.375391579872426e-15,26.550674438476562
A,20,-20,only_T100,200,0.0,0.9699999690055847,-6.15169095993042,-0.5515264868736267,6.192290664717116,26.550674438476562
A,20,-20,only_lin,200,0.0,0.9649999737739563,-6.144843578338623,-0.5577570796012878,3.9428949364445587,26.550674438476562
A,20,-20,random_orth,200,0.0,0.98499995470047,-6.192159175872803,-0.5376396179199219,7.037191827464955,26.550674438476562
A,20,-20,real_diff_in_helix_subspace,200,0.0,0.9199999570846558,-6.091541767120361,-0.5873045921325684,8.207800042669142,26.550674438476562
A,20,-20,full_swap,200,0.004999999888241291,0.9149999618530273,-5.751952171325684,-0.6133199334144592,15.390539169311523,26.550674438476562
A,21,-20,helix,200,0.0,0.9749999642372131,-6.140814781188965,-0.5476487278938293,7.519778329480095,28.003564834594727
A,21,-20,only_T2,200,0.0,0.9950000047683716,-6.185804843902588,-0.5349721908569336,0.0,28.003564834594727
A,21,-20,only_T5,200,0.0,0.9950000047683716,-6.185804843902588,-0.5349721908569336,1.0131673239906392e-14,28.003564834594727
A,21,-20,only_T10,200,0.0,0.9950000047683716,-6.185804843902588,-0.5349721908569336,4.581391539054869e-15,28.003564834594727
A,21,-20,only_T100,200,0.0,0.9649999737739563,-6.17225980758667,-0.5414389967918396,6.609948174992216,28.003564834594727
A,21,-20,only_lin,200,0.0,0.98499995470047,-6.159611701965332,-0.5419279336929321,4.204059630732012,28.003564834594727
A,21,-20,random_orth,200,0.0,0.98499995470047,-6.188764572143555,-0.5352458953857422,7.519778329480095,28.003564834594727
A,21,-20,real_diff_in_helix_subspace,200,0.0,0.9599999785423279,-6.143613338470459,-0.5594693422317505,8.859648294134727,28.003564834594727
A,21,-20,full_swap,200,0.0,0.9699999690055847,-6.06345796585083,-0.5441407561302185,16.38874053955078,28.003564834594727
A,22,-20,helix,200,0.0,0.9699999690055847,-6.129599094390869,-0.5500415563583374,8.007987209651052,29.350481033325195
A,22,-20,only_T2,200,0.0,0.9950000047683716,-6.185804843902588,-0.5349721908569336,0.0,29.350481033325195
A,22,-20,only_T5,200,0.0,0.9950000047683716,-6.185804843902588,-0.5349721908569336,1.0596286721889653e-14,29.350481033325195
A,22,-20,only_T10,200,0.0,0.9950000047683716,-6.185804843902588,-0.5349721908569336,4.802793586623952e-15,29.350481033325195
A,22,-20,only_T100,200,0.0,0.9749999642372131,-6.164633750915527,-0.5424028635025024,7.058718025713354,29.350481033325195
A,22,-20,only_lin,200,0.0,0.9899999499320984,-6.153475284576416,-0.5426064729690552,4.445448399417778,29.350481033325195
A,22,-20,random_orth,200,0.0,0.9799999594688416,-6.178613185882568,-0.5374681353569031,8.007987209651054,29.350481033325195
A,22,-20,real_diff_in_helix_subspace,200,0.0,0.9649999737739563,-6.127600193023682,-0.5622084736824036,9.565573847800925,29.350481033325195
A,22,-20,full_swap,200,0.0,0.9699999690055847,-6.06089448928833,-0.5466700792312622,17.370885848999023,29.350481033325195
A,23,-20,helix,200,0.0,0.9749999642372131,-6.153506755828857,-0.54766446352005,8.372359163232666,30.72226333618164
A,23,-20,only_T2,200,0.0,0.9950000047683716,-6.185804843902588,-0.5349721908569336,0.0,30.72226333618164
A,23,-20,only_T5,200,0.0,0.9950000047683716,-6.185804843902588,-0.5349721908569336,1.1050129987585874e-14,30.72226333618164
A,23,-20,only_T10,200,0.0,0.9950000047683716,-6.185804843902588,-0.5349721908569336,4.965089657406386e-15,30.72226333618164
A,23,-20,only_T100,200,0.0,0.9749999642372131,-6.187648296356201,-0.5441688895225525,7.370433307559528,30.72226333618164
A,23,-20,only_lin,200,0.0,0.9950000047683716,-6.156349182128906,-0.5414261817932129,4.6431905358020575,30.72226333618164
A,23,-20,random_orth,200,0.0,0.9899999499320984,-6.179098606109619,-0.5353073477745056,8.372359163232664,30.72226333618164
A,23,-20,real_diff_in_helix_subspace,200,0.0,0.9599999785423279,-6.15769100189209,-0.5582964420318604,10.126932781563864,30.72226333618164
A,23,-20,full_swap,200,0.0,0.9599999785423279,-6.13999605178833,-0.5516518354415894,18.21674156188965,30.72226333618164
A,24,-20,helix,200,0.0,0.98499995470047,-6.140881061553955,-0.5497400760650635,8.747083229021996,31.80071449279785
A,24,-20,only_T2,200,0.0,0.9950000047683716,-6.185804843902588,-0.5349721908569336,0.0,31.80071449279785
A,24,-20,only_T5,200,0.0,0.9950000047683716,-6.185804843902588,-0.5349721908569336,1.1436404375776414e-14,31.80071449279785
A,24,-20,only_T10,200,0.0,0.9950000047683716,-6.185804843902588,-0.5349721908569336,5.097893385837004e-15,31.80071449279785
A,24,-20,only_T100,200,0.0,0.9899999499320984,-6.180074214935303,-0.5338091254234314,7.690629360992614,31.80071449279785
A,24,-20,only_lin,200,0.0,0.9899999499320984,-6.153798580169678,-0.5489976406097412,4.837912899070862,31.80071449279785
A,24,-20,random_orth,200,0.0,0.9950000047683716,-6.186094760894775,-0.5344369411468506,8.747083229021996,31.80071449279785
A,24,-20,real_diff_in_helix_subspace,200,0.0,0.9699999690055847,-6.136977195739746,-0.5620020031929016,10.646248460556313,31.80071449279785
A,24,-20,full_swap,200,0.0,0.9799999594688416,-6.148119926452637,-0.5363077521324158,18.971328735351562,31.80071449279785
A,25,-20,helix,200,0.0,0.9749999642372131,-6.138436794281006,-0.5501775741577148,9.228087964421784,33.20769119262695
A,25,-20,only_T2,200,0.0,0.9950000047683716,-6.185804843902588,-0.5349721908569336,0.0,33.20769119262695
A,25,-20,only_T5,200,0.0,0.9950000047683716,-6.185804843902588,-0.5349721908569336,1.1883694737068148e-14,33.20769119262695
A,25,-20,only_T10,200,0.0,0.9950000047683716,-6.185804843902588,-0.5349721908569336,5.266567327321966e-15,33.20769119262695
A,25,-20,only_T100,200,0.0,0.9899999499320984,-6.181968688964844,-0.5341466069221497,8.09721500189354,33.20769119262695
A,25,-20,only_lin,200,0.0,0.9899999499320984,-6.149552345275879,-0.5485102534294128,5.069519245383922,33.20769119262695
A,25,-20,random_orth,200,0.0,0.9950000047683716,-6.190147399902344,-0.5326607823371887,9.228087964421784,33.20769119262695
A,25,-20,real_diff_in_helix_subspace,200,0.0,0.9699999690055847,-6.134711742401123,-0.5621168613433838,11.501266107863957,33.20769119262695
A,25,-20,full_swap,200,0.0,0.9799999594688416,-6.149446964263916,-0.5348972082138062,20.07594871520996,33.20769119262695
A,26,-20,helix,200,0.0,0.98499995470047,-6.138681888580322,-0.5497614741325378,9.516294493131294,34.370235443115234
A,26,-20,only_T2,200,0.0,0.9950000047683716,-6.185804843902588,-0.5349721908569336,0.0,34.370235443115234
A,26,-20,only_T5,200,0.0,0.9950000047683716,-6.185804843902588,-0.5349721908569336,1.2227778501735929e-14,34.370235443115234
A,26,-20,only_T10,200,0.0,0.9950000047683716,-6.185804843902588,-0.5349721908569336,5.4036876345578534e-15,34.370235443115234
A,26,-20,only_T100,200,0.0,0.9899999499320984,-6.17492151260376,-0.5359377264976501,8.3744717115272,34.370235443115234
A,26,-20,only_lin,200,0.0,0.9899999499320984,-6.152971267700195,-0.5470839738845825,5.279134874654813,34.370235443115234
A,26,-20,random_orth,200,0.0,0.9950000047683716,-6.189904689788818,-0.5337326526641846,9.516294493131294,34.370235443115234
A,26,-20,real_diff_in_helix_subspace,200,0.0,0.9699999690055847,-6.134594440460205,-0.5613595247268677,12.014737660420689,34.370235443115234
A,26,-20,full_swap,200,0.0,0.9799999594688416,-6.143932342529297,-0.5349577069282532,20.780807495117188,34.370235443115234
A,27,-20,helix,200,0.0,0.9950000047683716,-6.184427738189697,-0.5345863699913025,9.810249427175604,35.797611236572266
A,27,-20,only_T2,200,0.0,0.9950000047683716,-6.185804843902588,-0.5349721908569336,0.0,35.797611236572266
A,27,-20,only_T5,200,0.0,0.9950000047683716,-6.185804843902588,-0.5349721908569336,1.2438391885537429e-14,35.797611236572266
A,27,-20,only_T10,200,0.0,0.9950000047683716,-6.185804843902588,-0.5349721908569336,5.500843661519441e-15,35.797611236572266
A,27,-20,only_T100,200,0.0,0.9950000047683716,-6.187924861907959,-0.5328454375267029,8.632932131608124,35.797611236572266
A,27,-20,only_lin,200,0.0,0.9950000047683716,-6.181814670562744,-0.5361957550048828,5.449394395297226,35.797611236572266
A,27,-20,random_orth,200,0.0,0.9950000047683716,-6.185039043426514,-0.5353266596794128,9.810249427175604,35.797611236572266
A,27,-20,real_diff_in_helix_subspace,200,0.0,0.9950000047683716,-6.187510967254639,-0.5349380373954773,12.548393557006476,35.797611236572266
A,27,-20,full_swap,200,0.0,0.9950000047683716,-6.190402507781982,-0.5341524481773376,21.441547393798828,35.797611236572266
A,28,-20,helix,200,0.0,0.9950000047683716,-6.185482025146484,-0.5350555777549744,10.065012553693967,37.138450622558594
A,28,-20,only_T2,200,0.0,0.9950000047683716,-6.185804843902588,-0.5349721908569336,0.0,37.138450622558594
A,28,-20,only_T5,200,0.0,0.9950000047683716,-6.185804843902588,-0.5349721908569336,1.2639554958976795e-14,37.138450622558594
A,28,-20,only_T10,200,0.0,0.9950000047683716,-6.185804843902588,-0.5349721908569336,5.605102577825649e-15,37.138450622558594
A,28,-20,only_T100,200,0.0,0.9950000047683716,-6.188277244567871,-0.532526969909668,8.894245591598322,37.138450622558594
A,28,-20,only_lin,200,0.0,0.9950000047683716,-6.182535171508789,-0.5364530682563782,5.613828581443947,37.138450622558594
A,28,-20,random_orth,200,0.0,0.9950000047683716,-6.186413288116455,-0.535068929195404,10.065012553693967,37.138450622558594
A,28,-20,real_diff_in_helix_subspace,200,0.0,0.9950000047683716,-6.189360618591309,-0.5349848866462708,13.01961819004946,37.138450622558594
A,28,-20,full_swap,200,0.0,0.9950000047683716,-6.189212322235107,-0.5352107882499695,22.07324981689453,37.138450622558594
A,29,-20,helix,200,0.0,0.9950000047683716,-6.185248851776123,-0.5343995690345764,10.631327901663404,41.35553741455078
A,29,-20,only_T2,200,0.0,0.9950000047683716,-6.185804843902588,-0.5349721908569336,0.0,41.35553741455078
A,29,-20,only_T5,200,0.0,0.9950000047683716,-6.185804843902588,-0.5349721908569336,1.3098301474221703e-14,41.35553741455078
A,29,-20,only_T10,200,0.0,0.9950000047683716,-6.185804843902588,-0.5349721908569336,5.8137826787003705e-15,41.35553741455078
A,29,-20,only_T100,200,0.0,0.9950000047683716,-6.185782432556152,-0.5339526534080505,9.559792924349862,41.35553741455078
A,29,-20,only_lin,200,0.0,0.9950000047683716,-6.186654090881348,-0.5349911451339722,5.91067358151848,41.35553741455078
A,29,-20,random_orth,200,0.0,0.9950000047683716,-6.185685157775879,-0.5349135398864746,10.631327901663406,41.35553741455078
A,29,-20,real_diff_in_helix_subspace,200,0.0,0.9950000047683716,-6.187485218048096,-0.5344659090042114,14.168078089677088,41.35553741455078
A,29,-20,full_swap,200,0.0,0.9950000047683716,-6.189294338226318,-0.5341140031814575,23.365493774414062,41.35553741455078
A,30,-20,helix,200,0.0,0.9950000047683716,-6.185028553009033,-0.5343452095985413,11.14966539421836,51.947998046875
A,30,-20,only_T2,200,0.0,0.9950000047683716,-6.185804843902588,-0.5349721908569336,0.0,51.947998046875
A,30,-20,only_T5,200,0.0,0.9950000047683716,-6.185804843902588,-0.5349721908569336,1.3826974030917813e-14,51.947998046875
A,30,-20,only_T10,200,0.0,0.9950000047683716,-6.185804843902588,-0.5349721908569336,6.047319896891019e-15,51.947998046875
A,30,-20,only_T100,200,0.0,0.9899999499320984,-6.186911106109619,-0.5341258645057678,10.160619828747135,51.947998046875
A,30,-20,only_lin,200,0.0,0.9950000047683716,-6.18522834777832,-0.5346395373344421,6.288947792395209,51.947998046875
A,30,-20,random_orth,200,0.0,0.9950000047683716,-6.185234069824219,-0.5345337986946106,11.14966539421836,51.947998046875
A,30,-20,real_diff_in_helix_subspace,200,0.0,0.9899999499320984,-6.185301303863525,-0.5346049666404724,15.250564859361175,51.947998046875
A,30,-20,full_swap,200,0.0,0.9899999499320984,-6.186257362365723,-0.5342094898223877,24.630430221557617,51.947998046875
A,31,-20,helix,200,0.0,0.9950000047683716,-6.185804843902588,-0.5349721908569336,12.073947907703264,69.92085266113281
A,31,-20,only_T2,200,0.0,0.9950000047683716,-6.185804843902588,-0.5349721908569336,0.0,69.92085266113281
A,31,-20,only_T5,200,0.0,0.9950000047683716,-6.185804843902588,-0.5349721908569336,1.433957446101302e-14,69.92085266113281
A,31,-20,only_T10,200,0.0,0.9950000047683716,-6.185804843902588,-0.5349721908569336,6.4607340932992605e-15,69.92085266113281
A,31,-20,only_T100,200,0.0,0.9950000047683716,-6.185804843902588,-0.5349721908569336,10.91136978345378,69.92085266113281
A,31,-20,only_lin,200,0.0,0.9950000047683716,-6.185804843902588,-0.5349721908569336,6.965186029926687,69.92085266113281
A,31,-20,random_orth,200,0.0,0.9950000047683716,-6.185804843902588,-0.5349721908569336,12.073947907703264,69.92085266113281
A,31,-20,real_diff_in_helix_subspace,200,0.0,0.9950000047683716,-6.185804843902588,-0.5349721908569336,16.820866996560827,69.92085266113281
A,31,-20,full_swap,200,0.0,0.9950000047683716,-6.185804843902588,-0.5349721908569336,26.404682159423828,69.92085266113281
A,0,-10,helix,200,0.10999999940395355,0.7049999833106995,-3.302089214324951,-1.092427372932434,0.8442090554113971,4.111180305480957
A,0,-10,only_T2,200,0.004999999888241291,0.9950000047683716,-4.133115291595459,-0.5291187763214111,0.0,4.111180305480957
A,0,-10,only_T5,200,0.004999999888241291,0.9950000047683716,-4.133115291595459,-0.5291187763214111,1.700720392656025e-15,4.111180305480957
A,0,-10,only_T10,200,0.004999999888241291,0.9950000047683716,-4.133115291595459,-0.5291187763214111,8.514670619753711e-16,4.111180305480957
A,0,-10,only_T100,200,0.08999999612569809,0.7899999618530273,-3.4732255935668945,-0.8578589558601379,0.827308958316535,4.111180305480957
A,0,-10,only_lin,200,0.044999998062849045,0.9099999666213989,-3.87803316116333,-0.6711919903755188,0.40032253592462874,4.111180305480957
A,0,-10,random_orth,200,0.009999999776482582,0.9899999499320984,-4.13350248336792,-0.5378329157829285,0.8442090554113973,4.111180305480957
A,0,-10,real_diff_in_helix_subspace,200,0.10499999672174454,0.6649999618530273,-3.446338176727295,-1.2052803039550781,0.9017520115883693,4.111180305480957
A,0,-10,full_swap,200,0.9099999666213989,0.0,-0.5257632732391357,-5.720648765563965,4.28108024597168,4.111180305480957
A,1,-10,helix,200,0.125,0.699999988079071,-3.283698081970215,-1.106789469718933,0.8537706453440436,4.6417036056518555
A,1,-10,only_T2,200,0.004999999888241291,0.9950000047683716,-4.133115291595459,-0.5291187763214111,0.0,4.6417036056518555
A,1,-10,only_T5,200,0.004999999888241291,0.9950000047683716,-4.133115291595459,-0.5291187763214111,1.6834302718109477e-15,4.6417036056518555
A,1,-10,only_T10,200,0.004999999888241291,0.9950000047683716,-4.133115291595459,-0.5291187763214111,8.410425025670225e-16,4.6417036056518555
A,1,-10,only_T100,200,0.10999999940395355,0.7749999761581421,-3.4679436683654785,-0.8451348543167114,0.8265465554590566,4.6417036056518555
A,1,-10,only_lin,200,0.054999999701976776,0.8949999809265137,-3.8611900806427,-0.676780104637146,0.42289198121416066,4.6417036056518555
A,1,-10,random_orth,200,0.009999999776482582,0.98499995470047,-4.132910251617432,-0.5344906449317932,0.8537706453440436,4.6417036056518555
A,1,-10,real_diff_in_helix_subspace,200,0.125,0.6399999856948853,-3.430629253387451,-1.2089096307754517,0.9205806658219889,4.6417036056518555
A,1,-10,full_swap,200,0.9149999618530273,0.0,-0.5320252180099487,-5.685466289520264,4.224308967590332,4.6417036056518555
A,2,-10,helix,200,0.14000000059604645,0.675000011920929,-3.28143310546875,-1.107768177986145,0.8932637267455347,5.620988368988037
A,2,-10,only_T2,200,0.004999999888241291,0.9950000047683716,-4.133115291595459,-0.5291187763214111,0.0,5.620988368988037
A,2,-10,only_T5,200,0.004999999888241291,0.9950000047683716,-4.133115291595459,-0.5291187763214111,1.7590490039523531e-15,5.620988368988037
A,2,-10,only_T10,200,0.004999999888241291,0.9950000047683716,-4.133115291595459,-0.5291187763214111,8.704591131002089e-16,5.620988368988037
A,2,-10,only_T100,200,0.09999999403953552,0.7849999666213989,-3.4716789722442627,-0.8477435111999512,0.8522988573408449,5.620988368988037
A,2,-10,only_lin,200,0.04999999701976776,0.8999999761581421,-3.862112045288086,-0.6773125529289246,0.45820316541075085,5.620988368988037
A,2,-10,random_orth,200,0.004999999888241291,0.98499995470047,-4.1377716064453125,-0.5396804809570312,0.8932637267455347,5.620988368988037
A,2,-10,real_diff_in_helix_subspace,200,0.125,0.6499999761581421,-3.419041633605957,-1.2260035276412964,0.9715154606377351,5.620988368988037
A,2,-10,full_swap,200,0.9049999713897705,0.004999999888241291,-0.5354573726654053,-5.651771068572998,4.327897071838379,5.620988368988037
A,3,-10,helix,200,0.13499999046325684,0.6899999976158142,-3.2735557556152344,-1.0922272205352783,0.9685006291149847,6.381804943084717
A,3,-10,only_T2,200,0.004999999888241291,0.9950000047683716,-4.133115291595459,-0.5291187763214111,0.0,6.381804943084717
A,3,-10,only_T5,200,0.004999999888241291,0.9950000047683716,-4.133115291595459,-0.5291187763214111,1.916325175964766e-15,6.381804943084717
A,3,-10,only_T10,200,0.004999999888241291,0.9950000047683716,-4.133115291595459,-0.5291187763214111,9.318930555648334e-16,6.381804943084717
A,3,-10,only_T100,200,0.10499999672174454,0.7799999713897705,-3.4699065685272217,-0.8386650085449219,0.9177426265104686,6.381804943084717
A,3,-10,only_lin,200,0.04999999701976776,0.8949999809265137,-3.8588194847106934,-0.6737594604492188,0.49946074226598336,6.381804943084717
A,3,-10,random_orth,200,0.0,0.9950000047683716,-4.114930629730225,-0.53664231300354,0.9685006291149848,6.381804943084717
A,3,-10,real_diff_in_helix_subspace,200,0.11999999731779099,0.6699999570846558,-3.3940227031707764,-1.1636542081832886,1.048311100694645,6.381804943084717
A,3,-10,full_swap,200,0.9049999713897705,0.009999999776482582,-0.5367758274078369,-5.634720325469971,4.500543117523193,6.381804943084717
A,4,-10,helix,200,0.13499999046325684,0.6949999928474426,-3.271418333053589,-1.0594574213027954,1.0550334528563563,7.34511661529541
A,4,-10,only_T2,200,0.004999999888241291,0.9950000047683716,-4.133115291595459,-0.5291187763214111,0.0,7.34511661529541
A,4,-10,only_T5,200,0.004999999888241291,0.9950000047683716,-4.133115291595459,-0.5291187763214111,2.0278775531256864e-15,7.34511661529541
A,4,-10,only_T10,200,0.004999999888241291,0.9950000047683716,-4.133115291595459,-0.5291187763214111,9.74579309061777e-16,7.34511661529541
A,4,-10,only_T100,200,0.11499999463558197,0.7649999856948853,-3.4664697647094727,-0.8341477513313293,0.9833406199834488,7.34511661529541
A,4,-10,only_lin,200,0.03999999910593033,0.9199999570846558,-3.8839147090911865,-0.6572246551513672,0.5507462736284507,7.34511661529541
A,4,-10,random_orth,200,0.009999999776482582,0.9699999690055847,-4.123687267303467,-0.5410475134849548,1.055033452856356,7.34511661529541
A,4,-10,real_diff_in_helix_subspace,200,0.11999999731779099,0.6800000071525574,-3.375,-1.1173827648162842,1.1506040908100936,7.34511661529541
A,4,-10,full_swap,200,0.9199999570846558,0.009999999776482582,-0.550675630569458,-5.533940315246582,4.71737003326416,7.34511661529541
A,5,-10,helix,200,0.13499999046325684,0.699999988079071,-3.26176118850708,-1.0515453815460205,1.122508940626996,8.104406356811523
A,5,-10,only_T2,200,0.004999999888241291,0.9950000047683716,-4.133115291595459,-0.5291187763214111,0.0,8.104406356811523
A,5,-10,only_T5,200,0.004999999888241291,0.9950000047683716,-4.133115291595459,-0.5291187763214111,2.194357457440858e-15,8.104406356811523
A,5,-10,only_T10,200,0.004999999888241291,0.9950000047683716,-4.133115291595459,-0.5291187763214111,1.0452984569925705e-15,8.104406356811523
A,5,-10,only_T100,200,0.10499999672174454,0.7849999666213989,-3.4653820991516113,-0.8296329975128174,1.0419487869347746,8.104406356811523
A,5,-10,only_lin,200,0.03999999910593033,0.9199999570846558,-3.8788554668426514,-0.6566070914268494,0.5928793842065615,8.104406356811523
A,5,-10,random_orth,200,0.0,0.9899999499320984,-4.124989986419678,-0.5335610508918762,1.122508940626996,8.104406356811523
A,5,-10,real_diff_in_helix_subspace,200,0.12999999523162842,0.6949999928474426,-3.375654935836792,-1.1127419471740723,1.2390288561531468,8.104406356811523
A,5,-10,full_swap,200,0.9099999666213989,0.009999999776482582,-0.5482043623924255,-5.541053295135498,4.970857620239258,8.104406356811523
A,6,-10,helix,200,0.125,0.7249999642372131,-3.282594919204712,-1.0120519399642944,1.1991922613446662,9.188214302062988
A,6,-10,only_T2,200,0.004999999888241291,0.9950000047683716,-4.133115291595459,-0.5291187763214111,0.0,9.188214302062988
A,6,-10,only_T5,200,0.004999999888241291,0.9950000047683716,-4.133115291595459,-0.5291187763214111,2.355091033466794e-15,9.188214302062988
A,6,-10,only_T10,200,0.004999999888241291,0.9950000047683716,-4.133115291595459,-0.5291187763214111,1.1019430498946675e-15,9.188214302062988
A,6,-10,only_T100,200,0.10499999672174454,0.7999999523162842,-3.4872140884399414,-0.8064906001091003,1.101794030878089,9.188214302062988
A,6,-10,only_lin,200,0.04999999701976776,0.9099999666213989,-3.879443883895874,-0.6537927389144897,0.639140182340748,9.188214302062988
A,6,-10,random_orth,200,0.0,1.0,-4.130905628204346,-0.5318889021873474,1.1991922613446662,9.188214302062988
A,6,-10,real_diff_in_helix_subspace,200,0.125,0.6800000071525574,-3.4352073669433594,-1.112176537513733,1.3599887685502554,9.188214302062988
A,6,-10,full_swap,200,0.9149999618530273,0.014999999664723873,-0.5555267333984375,-5.476912498474121,5.198737621307373,9.188214302062988
A,7,-10,helix,200,0.11999999731779099,0.7400000095367432,-3.298187732696533,-1.0021027326583862,1.2655266831518812,9.893895149230957
A,7,-10,only_T2,200,0.004999999888241291,0.9950000047683716,-4.133115291595459,-0.5291187763214111,0.0,9.893895149230957
A,7,-10,only_T5,200,0.004999999888241291,0.9950000047683716,-4.133115291595459,-0.5291187763214111,2.4650401000579137e-15,9.893895149230957
A,7,-10,only_T10,200,0.004999999888241291,0.9950000047683716,-4.133115291595459,-0.5291187763214111,1.1521378931921627e-15,9.893895149230957
A,7,-10,only_T100,200,0.10499999672174454,0.7899999618530273,-3.4920082092285156,-0.8032702207565308,1.1539547308065456,9.893895149230957
A,7,-10,only_lin,200,0.044999998062849045,0.9149999618530273,-3.8878467082977295,-0.6479261517524719,0.6763798252652405,9.893895149230957
A,7,-10,random_orth,200,0.004999999888241291,0.9950000047683716,-4.135385513305664,-0.5317823886871338,1.2655266831518812,9.893895149230957
A,7,-10,real_diff_in_helix_subspace,200,0.10999999940395355,0.6699999570846558,-3.4948229789733887,-1.1360366344451904,1.464590575536755,9.893895149230957
A,7,-10,full_swap,200,0.9049999713897705,0.014999999664723873,-0.5798523426055908,-5.426146507263184,5.432917594909668,9.893895149230957
A,8,-10,helix,200,0.12999999523162842,0.7299999594688416,-3.306067705154419,-0.9806437492370605,1.305785794964504,10.731854438781738
A,8,-10,only_T2,200,0.004999999888241291,0.9950000047683716,-4.133115291595459,-0.5291187763214111,0.0,10.731854438781738
A,8,-10,only_T5,200,0.004999999888241291,0.9950000047683716,-4.133115291595459,-0.5291187763214111,2.573037943473086e-15,10.731854438781738
A,8,-10,only_T10,200,0.004999999888241291,0.9950000047683716,-4.133115291595459,-0.5291187763214111,1.187265603456428e-15,10.731854438781738
A,8,-10,only_T100,200,0.0949999988079071,0.7999999523162842,-3.495929718017578,-0.8041222095489502,1.189029756992455,10.731854438781738
A,8,-10,only_lin,200,0.04999999701976776,0.9099999666213989,-3.9009382724761963,-0.6386151909828186,0.6998922298325635,10.731854438781738
A,8,-10,random_orth,200,0.004999999888241291,0.9899999499320984,-4.1487321853637695,-0.5332140326499939,1.3057857949645038,10.731854438781738
A,8,-10,real_diff_in_helix_subspace,200,0.0949999988079071,0.6899999976158142,-3.552550792694092,-1.1541426181793213,1.5485439440701567,10.731854438781738
A,8,-10,full_swap,200,0.9049999713897705,0.014999999664723873,-0.59190833568573,-5.417675495147705,5.586297512054443,10.731854438781738
A,9,-10,helix,200,0.13499999046325684,0.73499995470047,-3.299909830093384,-0.9866177439689636,1.3687953520777705,11.411733627319336
A,9,-10,only_T2,200,0.004999999888241291,0.9950000047683716,-4.133115291595459,-0.5291187763214111,0.0,11.411733627319336
A,9,-10,only_T5,200,0.004999999888241291,0.9950000047683716,-4.133115291595459,-0.5291187763214111,2.6808076819151077e-15,11.411733627319336
A,9,-10,only_T10,200,0.004999999888241291,0.9950000047683716,-4.133115291595459,-0.5291187763214111,1.2269962298112233e-15,11.411733627319336
A,9,-10,only_T100,200,0.0949999988079071,0.7999999523162842,-3.493732213973999,-0.8103339076042175,1.2441650507640678,11.411733627319336
A,9,-10,only_lin,200,0.04999999701976776,0.9099999666213989,-3.892896890640259,-0.6419042944908142,0.7283504574401991,11.411733627319336
A,9,-10,random_orth,200,0.004999999888241291,0.9899999499320984,-4.1446146965026855,-0.5322058796882629,1.3687953520777705,11.411733627319336
A,9,-10,real_diff_in_helix_subspace,200,0.08999999612569809,0.675000011920929,-3.579784393310547,-1.2077667713165283,1.6675965471300658,11.411733627319336
A,9,-10,full_swap,200,0.9049999713897705,0.014999999664723873,-0.5959376096725464,-5.4248528480529785,5.828789234161377,11.411733627319336
A,10,-10,helix,200,0.13499999046325684,0.73499995470047,-3.298426389694214,-0.9883418083190918,1.4710443782074958,11.952868461608887
A,10,-10,only_T2,200,0.004999999888241291,0.9950000047683716,-4.133115291595459,-0.5291187763214111,0.0,11.952868461608887
A,10,-10,only_T5,200,0.004999999888241291,0.9950000047683716,-4.133115291595459,-0.5291187763214111,2.8749546361792412e-15,11.952868461608887
A,10,-10,only_T10,200,0.004999999888241291,0.9950000047683716,-4.133115291595459,-0.5291187763214111,1.3342088188913744e-15,11.952868461608887
A,10,-10,only_T100,200,0.09999999403953552,0.7899999618530273,-3.4895424842834473,-0.8118297457695007,1.3292532043007483,11.952868461608887
A,10,-10,only_lin,200,0.044999998062849045,0.9199999570846558,-3.899376630783081,-0.6376088261604309,0.7801621894053348,11.952868461608887
A,10,-10,random_orth,200,0.004999999888241291,0.9950000047683716,-4.129945278167725,-0.540553629398346,1.4710443782074958,11.952868461608887
A,10,-10,real_diff_in_helix_subspace,200,0.10499999672174454,0.6399999856948853,-3.6136844158172607,-1.2547556161880493,1.8358299409948255,11.952868461608887
A,10,-10,full_swap,200,0.9049999713897705,0.014999999664723873,-0.5920331478118896,-5.430448055267334,6.236428260803223,11.952868461608887
A,11,-10,helix,200,0.12999999523162842,0.7299999594688416,-3.2878198623657227,-0.9834367036819458,1.5690196450482723,12.781289100646973
A,11,-10,only_T2,200,0.004999999888241291,0.9950000047683716,-4.133115291595459,-0.5291187763214111,0.0,12.781289100646973
A,11,-10,only_T5,200,0.004999999888241291,0.9950000047683716,-4.133115291595459,-0.5291187763214111,3.1676773471356807e-15,12.781289100646973
A,11,-10,only_T10,200,0.004999999888241291,0.9950000047683716,-4.133115291595459,-0.5291187763214111,1.4945148399296906e-15,12.781289100646973
A,11,-10,only_T100,200,0.0949999988079071,0.7949999570846558,-3.4785118103027344,-0.8150627017021179,1.415259311024199,12.781289100646973
A,11,-10,only_lin,200,0.04999999701976776,0.9099999666213989,-3.8977293968200684,-0.6359859108924866,0.8240091021505771,12.781289100646973
A,11,-10,random_orth,200,0.0,0.9950000047683716,-4.127843379974365,-0.5341328382492065,1.5690196450482723,12.781289100646973
A,11,-10,real_diff_in_helix_subspace,200,0.11499999463558197,0.625,-3.636873722076416,-1.2898467779159546,2.0122875713656954,12.781289100646973
A,11,-10,full_swap,200,0.8999999761581421,0.019999999552965164,-0.5953485369682312,-5.431530475616455,6.644744873046875,12.781289100646973
A,12,-10,helix,200,0.13499999046325684,0.7450000047683716,-3.294776201248169,-0.9843217730522156,1.6696750329643333,13.451794624328613
A,12,-10,only_T2,200,0.004999999888241291,0.9950000047683716,-4.133115291595459,-0.5291187763214111,0.0,13.451794624328613
A,12,-10,only_T5,200,0.004999999888241291,0.9950000047683716,-4.133115291595459,-0.5291187763214111,3.58265262845211e-15,13.451794624328613
A,12,-10,only_T10,200,0.004999999888241291,0.9950000047683716,-4.133115291595459,-0.5291187763214111,1.6813106802856418e-15,13.451794624328613
A,12,-10,only_T100,200,0.08999999612569809,0.7999999523162842,-3.47674298286438,-0.8204925060272217,1.5110010744157554,13.451794624328613
A,12,-10,only_lin,200,0.04999999701976776,0.9099999666213989,-3.9018571376800537,-0.6310083866119385,0.8804375292185511,13.451794624328613
A,12,-10,random_orth,200,0.004999999888241291,0.9799999594688416,-4.124322891235352,-0.5382658839225769,1.6696750329643333,13.451794624328613
A,12,-10,real_diff_in_helix_subspace,200,0.10499999672174454,0.6449999809265137,-3.6044914722442627,-1.2744110822677612,2.151714146678614,13.451794624328613
A,12,-10,full_swap,200,0.8999999761581421,0.014999999664723873,-0.600683867931366,-5.435845851898193,7.148281097412109,13.451794624328613
A,13,-10,helix,200,0.10999999940395355,0.7749999761581421,-3.4114668369293213,-0.8991138339042664,1.812509078070418,14.759316444396973
A,13,-10,only_T2,200,0.004999999888241291,0.9950000047683716,-4.133115291595459,-0.5291187763214111,0.0,14.759316444396973
A,13,-10,only_T5,200,0.004999999888241291,0.9950000047683716,-4.133115291595459,-0.5291187763214111,3.863799887488027e-15,14.759316444396973
A,13,-10,only_T10,200,0.004999999888241291,0.9950000047683716,-4.133115291595459,-0.5291187763214111,1.7982729579448897e-15,14.759316444396973
A,13,-10,only_T100,200,0.08500000089406967,0.8299999833106995,-3.569873809814453,-0.7692363858222961,1.6338543229466433,14.759316444396973
A,13,-10,only_lin,200,0.03500000014901161,0.9300000071525574,-3.9366326332092285,-0.615275502204895,0.9679570753855501,14.759316444396973
A,13,-10,random_orth,200,0.004999999888241291,0.98499995470047,-4.135115146636963,-0.5342111587524414,1.812509078070418,14.759316444396973
A,13,-10,real_diff_in_helix_subspace,200,0.09999999403953552,0.7149999737739563,-3.627521514892578,-1.1022803783416748,2.403519778874586,14.759316444396973
A,13,-10,full_swap,200,0.875,0.03999999910593033,-0.6530207395553589,-4.785294532775879,7.7309722900390625,14.759316444396973
A,14,-10,helix,200,0.09999999403953552,0.7949999570846558,-3.457165479660034,-0.8632088899612427,1.902326158915504,16.003381729125977
A,14,-10,only_T2,200,0.004999999888241291,0.9950000047683716,-4.133115291595459,-0.5291187763214111,0.0,16.003381729125977
A,14,-10,only_T5,200,0.004999999888241291,0.9950000047683716,-4.133115291595459,-0.5291187763214111,4.11178137917045e-15,16.003381729125977
A,14,-10,only_T10,200,0.004999999888241291,0.9950000047683716,-4.133115291595459,-0.5291187763214111,1.8710112195975103e-15,16.003381729125977
A,14,-10,only_T100,200,0.07000000029802322,0.8449999690055847,-3.6056272983551025,-0.7539945244789124,1.7191216130690927,16.003381729125977
A,14,-10,only_lin,200,0.029999999329447746,0.9399999976158142,-3.9588406085968018,-0.603093147277832,1.0154324858002355,16.003381729125977
A,14,-10,random_orth,200,0.0,0.9899999499320984,-4.1317877769470215,-0.5297892093658447,1.902326158915504,16.003381729125977
A,14,-10,real_diff_in_helix_subspace,200,0.07999999821186066,0.73499995470047,-3.7032389640808105,-1.09771728515625,2.6504487940051265,16.003381729125977
A,14,-10,full_swap,200,0.8549999594688416,0.044999998062849045,-0.7106612920761108,-4.576669216156006,8.141345024108887,16.003381729125977
A,15,-10,helix,200,0.10499999672174454,0.7899999618530273,-3.46297287940979,-0.8605449199676514,2.2339517533545035,17.770538330078125
A,15,-10,only_T2,200,0.004999999888241291,0.9950000047683716,-4.133115291595459,-0.5291187763214111,0.0,17.770538330078125
A,15,-10,only_T5,200,0.004999999888241291,0.9950000047683716,-4.133115291595459,-0.5291187763214111,4.465494535156109e-15,17.770538330078125
A,15,-10,only_T10,200,0.004999999888241291,0.9950000047683716,-4.133115291595459,-0.5291187763214111,1.9861298635178864e-15,17.770538330078125
A,15,-10,only_T100,200,0.07000000029802322,0.8399999737739563,-3.6078109741210938,-0.7534614205360413,2.030103356185576,17.770538330078125
A,15,-10,only_lin,200,0.029999999329447746,0.9399999976158142,-3.9538791179656982,-0.6040056943893433,1.1607403240048342,17.770538330078125
A,15,-10,random_orth,200,0.0,1.0,-4.119600772857666,-0.5343564748764038,2.2339517533545035,17.770538330078125
A,15,-10,real_diff_in_helix_subspace,200,0.08500000089406967,0.699999988079071,-3.7388131618499756,-1.1554739475250244,3.13159077144889,17.770538330078125
A,15,-10,full_swap,200,0.8549999594688416,0.03999999910593033,-0.7112637162208557,-4.569884777069092,8.843378067016602,17.770538330078125
A,16,-10,helix,200,0.10499999672174454,0.7849999666213989,-3.4707696437835693,-0.8535618185997009,2.662709153599815,19.696861267089844
A,16,-10,only_T2,200,0.004999999888241291,0.9950000047683716,-4.133115291595459,-0.5291187763214111,0.0,19.696861267089844
A,16,-10,only_T5,200,0.004999999888241291,0.9950000047683716,-4.133115291595459,-0.5291187763214111,5.155639674639012e-15,19.696861267089844
A,16,-10,only_T10,200,0.004999999888241291,0.9950000047683716,-4.133115291595459,-0.5291187763214111,2.345794844166714e-15,19.696861267089844
A,16,-10,only_T100,200,0.06499999761581421,0.8549999594688416,-3.6068992614746094,-0.7535869479179382,2.3844483452462937,19.696861267089844
A,16,-10,only_lin,200,0.029999999329447746,0.9399999976158142,-3.9655539989471436,-0.6029586791992188,1.3682161389684966,19.696861267089844
A,16,-10,random_orth,200,0.004999999888241291,0.9749999642372131,-4.131528377532959,-0.5497316718101501,2.662709153599816,19.696861267089844
A,16,-10,real_diff_in_helix_subspace,200,0.08500000089406967,0.7299999594688416,-3.7094900608062744,-1.1260309219360352,3.613413758750543,19.696861267089844
A,16,-10,full_swap,200,0.8499999642372131,0.03999999910593033,-0.7207622528076172,-4.536409378051758,10.477168083190918,19.696861267089844
A,17,-10,helix,200,0.08500000089406967,0.824999988079071,-3.563858985900879,-0.7866766452789307,2.9263515039342782,21.040380477905273
A,17,-10,only_T2,200,0.004999999888241291,0.9950000047683716,-4.133115291595459,-0.5291187763214111,0.0,21.040380477905273
A,17,-10,only_T5,200,0.004999999888241291,0.9950000047683716,-4.133115291595459,-0.5291187763214111,5.524854801607617e-15,21.040380477905273
A,17,-10,only_T10,200,0.004999999888241291,0.9950000047683716,-4.133115291595459,-0.5291187763214111,2.5300619581992735e-15,21.040380477905273
A,17,-10,only_T100,200,0.06499999761581421,0.8799999952316284,-3.681932210922241,-0.7062444686889648,2.6141681424074728,21.040380477905273
A,17,-10,only_lin,200,0.029999999329447746,0.949999988079071,-3.998910427093506,-0.5898566842079163,1.517770094407174,21.040380477905273
A,17,-10,random_orth,200,0.009999999776482582,0.9799999594688416,-4.139739990234375,-0.5353148579597473,2.9263515039342773,21.040380477905273
A,17,-10,real_diff_in_helix_subspace,200,0.05999999865889549,0.7649999856948853,-3.7689056396484375,-1.0137228965759277,3.9958232694079627,21.040380477905273
A,17,-10,full_swap,200,0.7849999666213989,0.09999999403953552,-0.9528206586837769,-3.8201963901519775,11.436805725097656,21.040380477905273
A,18,-10,helix,200,0.07999999821186066,0.8499999642372131,-3.621410369873047,-0.7651100754737854,3.114049316350214,23.315818786621094
A,18,-10,only_T2,200,0.004999999888241291,0.9950000047683716,-4.133115291595459,-0.5291187763214111,0.0,23.315818786621094
A,18,-10,only_T5,200,0.004999999888241291,0.9950000047683716,-4.133115291595459,-0.5291187763214111,5.79287079719047e-15,23.315818786621094
A,18,-10,only_T10,200,0.004999999888241291,0.9950000047683716,-4.133115291595459,-0.5291187763214111,2.652122233667711e-15,23.315818786621094
A,18,-10,only_T100,200,0.05999999865889549,0.8999999761581421,-3.7140440940856934,-0.6995067596435547,2.7848495193501024,23.315818786621094
A,18,-10,only_lin,200,0.019999999552965164,0.9599999785423279,-4.023426532745361,-0.5795697569847107,1.6174914082050478,23.315818786621094
A,18,-10,random_orth,200,0.004999999888241291,0.98499995470047,-4.126467704772949,-0.5417041778564453,3.114049316350214,23.315818786621094
A,18,-10,real_diff_in_helix_subspace,200,0.04999999701976776,0.7899999618530273,-3.8020150661468506,-0.9561689496040344,4.308944243335175,23.315818786621094
A,18,-10,full_swap,200,0.7400000095367432,0.14000000059604645,-1.0794869661331177,-3.518345832824707,12.077592849731445,23.315818786621094
A,19,-10,helix,200,0.014999999664723873,0.9749999642372131,-4.093690872192383,-0.5549808144569397,3.4046960898687395,25.014097213745117
A,19,-10,only_T2,200,0.004999999888241291,0.9950000047683716,-4.133115291595459,-0.5291187763214111,0.0,25.014097213745117
A,19,-10,only_T5,200,0.004999999888241291,0.9950000047683716,-4.133115291595459,-0.5291187763214111,6.3104944211935415e-15,25.014097213745117
A,19,-10,only_T10,200,0.004999999888241291,0.9950000047683716,-4.133115291595459,-0.5291187763214111,2.8961149726819562e-15,25.014097213745117
A,19,-10,only_T100,200,0.009999999776482582,0.98499995470047,-4.116703987121582,-0.5467077493667603,3.0277124443138903,25.014097213745117
A,19,-10,only_lin,200,0.004999999888241291,0.9950000047683716,-4.106445789337158,-0.540488064289093,1.7973264945981462,25.014097213745117
A,19,-10,random_orth,200,0.004999999888241291,0.9950000047683716,-4.133212089538574,-0.5289031863212585,3.4046960898687395,25.014097213745117
A,19,-10,real_diff_in_helix_subspace,200,0.009999999776482582,0.9699999690055847,-4.079500675201416,-0.5637933015823364,4.795308421453737,25.014097213745117
A,19,-10,full_swap,200,0.044999998062849045,0.9199999570846558,-3.7300851345062256,-0.6207249760627747,13.02444076538086,25.014097213745117
A,20,-10,helix,200,0.014999999664723873,0.9699999690055847,-4.09530782699585,-0.5557695031166077,3.7409212204730697,26.625469207763672
A,20,-10,only_T2,200,0.004999999888241291,0.9950000047683716,-4.133115291595459,-0.5291187763214111,0.0,26.625469207763672
A,20,-10,only_T5,200,0.004999999888241291,0.9950000047683716,-4.133115291595459,-0.5291187763214111,6.71346712124123e-15,26.625469207763672
A,20,-10,only_T10,200,0.004999999888241291,0.9950000047683716,-4.133115291595459,-0.5291187763214111,3.0929858657326034e-15,26.625469207763672
A,20,-10,only_T100,200,0.004999999888241291,0.9899999499320984,-4.11604118347168,-0.5470800399780273,3.318414418947236,26.625469207763672
A,20,-10,only_lin,200,0.004999999888241291,0.9950000047683716,-4.108297824859619,-0.5399711728096008,1.9714474682222793,26.625469207763672
A,20,-10,random_orth,200,0.004999999888241291,0.9950000047683716,-4.130943298339844,-0.5306209921836853,3.7409212204730697,26.625469207763672
A,20,-10,real_diff_in_helix_subspace,200,0.009999999776482582,0.9699999690055847,-4.078873157501221,-0.5655473470687866,5.280161088369498,26.625469207763672
A,20,-10,full_swap,200,0.03999999910593033,0.9249999523162842,-3.743572235107422,-0.6200227737426758,14.04463005065918,26.625469207763672
A,21,-10,helix,200,0.0,1.0,-4.123093605041504,-0.5416902899742126,3.999852507428943,28.08456039428711
A,21,-10,only_T2,200,0.004999999888241291,0.9950000047683716,-4.133115291595459,-0.5291187763214111,0.0,28.08456039428711
A,21,-10,only_T5,200,0.004999999888241291,0.9950000047683716,-4.133115291595459,-0.5291187763214111,7.0556410813097144e-15,28.08456039428711
A,21,-10,only_T10,200,0.004999999888241291,0.9950000047683716,-4.133115291595459,-0.5291187763214111,3.2402481391492345e-15,28.08456039428711
A,21,-10,only_T100,200,0.004999999888241291,0.9899999499320984,-4.13310432434082,-0.5375155806541443,3.5453262623255752,28.08456039428711
A,21,-10,only_lin,200,0.004999999888241291,0.9950000047683716,-4.123940944671631,-0.5344251990318298,2.102029815366006,28.08456039428711
A,21,-10,random_orth,200,0.004999999888241291,0.9950000047683716,-4.134864330291748,-0.5291058421134949,3.999852507428944,28.08456039428711
A,21,-10,real_diff_in_helix_subspace,200,0.004999999888241291,0.98499995470047,-4.10614013671875,-0.5473674535751343,5.711053742323311,28.08456039428711
A,21,-10,full_swap,200,0.014999999664723873,0.98499995470047,-4.057381629943848,-0.5373743772506714,14.909320831298828,28.08456039428711
A,22,-10,helix,200,0.004999999888241291,0.98499995470047,-4.115220546722412,-0.5441873073577881,4.262390778093371,29.421201705932617
A,22,-10,only_T2,200,0.004999999888241291,0.9950000047683716,-4.133115291595459,-0.5291187763214111,0.0,29.421201705932617
A,22,-10,only_T5,200,0.004999999888241291,0.9950000047683716,-4.133115291595459,-0.5291187763214111,7.369989401036334e-15,29.421201705932617
A,22,-10,only_T10,200,0.004999999888241291,0.9950000047683716,-4.133115291595459,-0.5291187763214111,3.3947428995274474e-15,29.421201705932617
A,22,-10,only_T100,200,0.004999999888241291,0.9899999499320984,-4.129598140716553,-0.5397930145263672,3.7874098466452306,29.421201705932617
A,22,-10,only_lin,200,0.004999999888241291,0.9950000047683716,-4.1224236488342285,-0.5337314009666443,2.222724199708889,29.421201705932617
A,22,-10,random_orth,200,0.004999999888241291,0.9950000047683716,-4.133844375610352,-0.5299026966094971,4.262390778093371,29.421201705932617
A,22,-10,real_diff_in_helix_subspace,200,0.004999999888241291,0.98499995470047,-4.101378917694092,-0.546769380569458,6.178187956115915,29.421201705932617
A,22,-10,full_swap,200,0.014999999664723873,0.98499995470047,-4.052648067474365,-0.5394073724746704,15.73881721496582,29.421201705932617
A,23,-10,helix,200,0.004999999888241291,0.9950000047683716,-4.1124677658081055,-0.5401830673217773,4.457678194275096,30.794301986694336
A,23,-10,only_T2,200,0.004999999888241291,0.9950000047683716,-4.133115291595459,-0.5291187763214111,0.0,30.794301986694336
A,23,-10,only_T5,200,0.004999999888241291,0.9950000047683716,-4.133115291595459,-0.5291187763214111,7.690803794272656e-15,30.794301986694336
A,23,-10,only_T10,200,0.004999999888241291,0.9950000047683716,-4.133115291595459,-0.5291187763214111,3.51142265373035e-15,30.794301986694336
A,23,-10,only_T100,200,0.004999999888241291,0.9950000047683716,-4.130448341369629,-0.5361908674240112,3.956492898812848,30.794301986694336
A,23,-10,only_lin,200,0.004999999888241291,0.9950000047683716,-4.118463039398193,-0.5341275930404663,2.321595267901029,30.794301986694336
A,23,-10,random_orth,200,0.004999999888241291,0.9950000047683716,-4.130444049835205,-0.5294419527053833,4.457678194275096,30.794301986694336
A,23,-10,real_diff_in_helix_subspace,200,0.004999999888241291,0.9899999499320984,-4.10353946685791,-0.5432079434394836,6.516939174477472,30.794301986694336
A,23,-10,full_swap,200,0.019999999552965164,0.9749999642372131,-4.078468322753906,-0.5433181524276733,16.470130920410156,30.794301986694336
A,24,-10,helix,200,0.004999999888241291,0.9950000047683716,-4.124600887298584,-0.5390870571136475,4.65498105294516,31.869247436523438
A,24,-10,only_T2,200,0.004999999888241291,0.9950000047683716,-4.133115291595459,-0.5291187763214111,0.0,31.869247436523438
A,24,-10,only_T5,200,0.004999999888241291,0.9950000047683716,-4.133115291595459,-0.5291187763214111,7.961272602194784e-15,31.869247436523438
A,24,-10,only_T10,200,0.004999999888241291,0.9950000047683716,-4.133115291595459,-0.5291187763214111,3.601873913744248e-15,31.869247436523438
A,24,-10,only_T100,200,0.004999999888241291,0.9950000047683716,-4.138556003570557,-0.5311956405639648,4.126954872649062,31.869247436523438
A,24,-10,only_lin,200,0.004999999888241291,0.9950000047683716,-4.12081241607666,-0.5361758470535278,2.418956449535431,31.869247436523438
A,24,-10,random_orth,200,0.004999999888241291,0.9950000047683716,-4.13505220413208,-0.5285712480545044,4.65498105294516,31.869247436523438
A,24,-10,real_diff_in_helix_subspace,200,0.004999999888241291,0.9899999499320984,-4.113622188568115,-0.5432253479957581,6.852442272164666,31.869247436523438
A,24,-10,full_swap,200,0.009999999776482582,0.9899999499320984,-4.115834712982178,-0.5332479476928711,17.109233856201172,31.869247436523438
A,25,-10,helix,200,0.004999999888241291,0.9950000047683716,-4.123195648193359,-0.5390766263008118,4.907879841188798,33.31626892089844
A,25,-10,only_T2,200,0.004999999888241291,0.9950000047683716,-4.133115291595459,-0.5291187763214111,0.0,33.31626892089844
A,25,-10,only_T5,200,0.004999999888241291,0.9950000047683716,-4.133115291595459,-0.5291187763214111,8.280276197916976e-15,33.31626892089844
A,25,-10,only_T10,200,0.004999999888241291,0.9950000047683716,-4.133115291595459,-0.5291187763214111,3.720216086860401e-15,33.31626892089844
A,25,-10,only_T100,200,0.004999999888241291,0.9950000047683716,-4.138797283172607,-0.5315250158309937,4.342957121176163,33.31626892089844
A,25,-10,only_lin,200,0.004999999888241291,0.9950000047683716,-4.119166374206543,-0.5360336303710938,2.534759622691961,33.31626892089844
A,25,-10,random_orth,200,0.004999999888241291,0.9950000047683716,-4.135501384735107,-0.5292734503746033,4.907879841188799,33.31626892089844
A,25,-10,real_diff_in_helix_subspace,200,0.004999999888241291,0.9899999499320984,-4.1127753257751465,-0.5422767400741577,7.380730586152777,33.31626892089844
A,25,-10,full_swap,200,0.004999999888241291,0.9950000047683716,-4.117621898651123,-0.5316721200942993,17.98573875427246,33.31626892089844
A,26,-10,helix,200,0.004999999888241291,0.9950000047683716,-4.123054027557373,-0.5393680334091187,5.0683388060739745,34.44988250732422
A,26,-10,only_T2,200,0.004999999888241291,0.9950000047683716,-4.133115291595459,-0.5291187763214111,0.0,34.44988250732422
A,26,-10,only_T5,200,0.004999999888241291,0.9950000047683716,-4.133115291595459,-0.5291187763214111,8.517965443977356e-15,34.44988250732422
A,26,-10,only_T10,200,0.004999999888241291,0.9950000047683716,-4.133115291595459,-0.5291187763214111,3.811550187083571e-15,34.44988250732422
A,26,-10,only_T100,200,0.004999999888241291,0.9950000047683716,-4.135809898376465,-0.5328208804130554,4.49572578278324,34.44988250732422
A,26,-10,only_lin,200,0.004999999888241291,0.9950000047683716,-4.119158744812012,-0.5353434085845947,2.6395674373274063,34.44988250732422
A,26,-10,random_orth,200,0.004999999888241291,0.9950000047683716,-4.13394021987915,-0.5291038155555725,5.0683388060739745,34.44988250732422
A,26,-10,real_diff_in_helix_subspace,200,0.004999999888241291,0.9899999499320984,-4.111874103546143,-0.5426763296127319,7.7168770425895925,34.44988250732422
A,26,-10,full_swap,200,0.004999999888241291,0.9950000047683716,-4.117896556854248,-0.5303888916969299,18.596242904663086,34.44988250732422
A,27,-10,helix,200,0.004999999888241291,0.9950000047683716,-4.132506847381592,-0.5289810299873352,5.227879158551562,35.8786735534668
A,27,-10,only_T2,200,0.004999999888241291,0.9950000047683716,-4.133115291595459,-0.5291187763214111,0.0,35.8786735534668
A,27,-10,only_T5,200,0.004999999888241291,0.9950000047683716,-4.133115291595459,-0.5291187763214111,8.661370597849668e-15,35.8786735534668
A,27,-10,only_T10,200,0.004999999888241291,0.9950000047683716,-4.133115291595459,-0.5291187763214111,3.877566728720202e-15,35.8786735534668
A,27,-10,only_T100,200,0.004999999888241291,0.9950000047683716,-4.133944511413574,-0.5286133885383606,4.637108117637353,35.8786735534668
A,27,-10,only_lin,200,0.004999999888241291,0.9950000047683716,-4.132025241851807,-0.5297297835350037,2.724697197648613,35.8786735534668
A,27,-10,random_orth,200,0.004999999888241291,0.9950000047683716,-4.134942531585693,-0.5291433930397034,5.227879158551562,35.8786735534668
A,27,-10,real_diff_in_helix_subspace,200,0.004999999888241291,0.9950000047683716,-4.132694721221924,-0.5296197533607483,8.093484193805578,35.8786735534668
A,27,-10,full_swap,200,0.004999999888241291,0.9950000047683716,-4.130256175994873,-0.530133068561554,19.145313262939453,35.8786735534668
A,28,-10,helix,200,0.004999999888241291,0.9950000047683716,-4.132655143737793,-0.529332160949707,5.3706413106717426,37.165836334228516
A,28,-10,only_T2,200,0.004999999888241291,0.9950000047683716,-4.133115291595459,-0.5291187763214111,0.0,37.165836334228516
A,28,-10,only_T5,200,0.004999999888241291,0.9950000047683716,-4.133115291595459,-0.5291187763214111,8.804894638434413e-15,37.165836334228516
A,28,-10,only_T10,200,0.004999999888241291,0.9950000047683716,-4.133115291595459,-0.5291187763214111,3.953582231087687e-15,37.165836334228516
A,28,-10,only_T100,200,0.004999999888241291,0.9950000047683716,-4.133760929107666,-0.5284990072250366,4.780268937225413,37.165836334228516
A,28,-10,only_lin,200,0.004999999888241291,0.9950000047683716,-4.131988525390625,-0.5296666622161865,2.8069142907219735,37.165836334228516
A,28,-10,random_orth,200,0.004999999888241291,0.9950000047683716,-4.13374662399292,-0.529549241065979,5.3706413106717426,37.165836334228516
A,28,-10,real_diff_in_helix_subspace,200,0.004999999888241291,0.9950000047683716,-4.132931232452393,-0.5299364924430847,8.44182778846307,37.165836334228516
A,28,-10,full_swap,200,0.004999999888241291,0.9950000047683716,-4.13141393661499,-0.5302188992500305,19.701086044311523,37.165836334228516
A,29,-10,helix,200,0.004999999888241291,0.9950000047683716,-4.132782936096191,-0.5293293595314026,5.693527033146884,41.10595703125
A,29,-10,only_T2,200,0.004999999888241291,0.9950000047683716,-4.133115291595459,-0.5291187763214111,0.0,41.10595703125
A,29,-10,only_T5,200,0.004999999888241291,0.9950000047683716,-4.133115291595459,-0.5291187763214111,9.125979069990038e-15,41.10595703125
A,29,-10,only_T10,200,0.004999999888241291,0.9950000047683716,-4.133115291595459,-0.5291187763214111,4.1083049631531425e-15,41.10595703125
A,29,-10,only_T100,200,0.004999999888241291,0.9950000047683716,-4.132954120635986,-0.5289953351020813,5.142649499615766,41.10595703125
A,29,-10,only_lin,200,0.004999999888241291,0.9950000047683716,-4.133188724517822,-0.5297061800956726,2.9553367907592407,41.10595703125
A,29,-10,random_orth,200,0.004999999888241291,0.9950000047683716,-4.133360385894775,-0.529497504234314,5.693527033146884,41.10595703125
A,29,-10,real_diff_in_helix_subspace,200,0.004999999888241291,0.9950000047683716,-4.133670330047607,-0.5294791460037231,9.351439231545966,41.10595703125
A,29,-10,full_swap,200,0.004999999888241291,0.9950000047683716,-4.1338324546813965,-0.5295661091804504,20.784130096435547,41.10595703125
A,30,-10,helix,200,0.004999999888241291,0.9950000047683716,-4.1340742111206055,-0.5288981199264526,5.9890840344732235,51.332672119140625
A,30,-10,only_T2,200,0.004999999888241291,0.9950000047683716,-4.133115291595459,-0.5291187763214111,0.0,51.332672119140625
A,30,-10,only_T5,200,0.004999999888241291,0.9950000047683716,-4.133115291595459,-0.5291187763214111,9.639938312097733e-15,51.332672119140625
A,30,-10,only_T10,200,0.004999999888241291,0.9950000047683716,-4.133115291595459,-0.5291187763214111,4.280554412590593e-15,51.332672119140625
A,30,-10,only_T100,200,0.004999999888241291,0.9950000047683716,-4.133930683135986,-0.5291339159011841,5.469412212875186,51.332672119140625
A,30,-10,only_lin,200,0.004999999888241291,0.9950000047683716,-4.133266448974609,-0.5291816592216492,3.1444738961976055,51.332672119140625
A,30,-10,random_orth,200,0.004999999888241291,0.9950000047683716,-4.133255958557129,-0.5292392373085022,5.9890840344732235,51.332672119140625
A,30,-10,real_diff_in_helix_subspace,200,0.004999999888241291,0.9950000047683716,-4.133270263671875,-0.5291619896888733,10.227664210969317,51.332672119140625
A,30,-10,full_swap,200,0.004999999888241291,0.9950000047683716,-4.133229732513428,-0.5291923880577087,21.862524032592773,51.332672119140625
A,31,-10,helix,200,0.004999999888241291,0.9950000047683716,-4.133115291595459,-0.5291187763214111,6.486850214113524,68.94525146484375
A,31,-10,only_T2,200,0.004999999888241291,0.9950000047683716,-4.133115291595459,-0.5291187763214111,0.0,68.94525146484375
A,31,-10,only_T5,200,0.004999999888241291,0.9950000047683716,-4.133115291595459,-0.5291187763214111,1.0012843593512793e-14,68.94525146484375
A,31,-10,only_T10,200,0.004999999888241291,0.9950000047683716,-4.133115291595459,-0.5291187763214111,4.596999352903465e-15,68.94525146484375
A,31,-10,only_T100,200,0.004999999888241291,0.9950000047683716,-4.133115291595459,-0.5291187763214111,5.879630784622812,68.94525146484375
A,31,-10,only_lin,200,0.004999999888241291,0.9950000047683716,-4.133115291595459,-0.5291187763214111,3.4825930149633435,68.94525146484375
A,31,-10,random_orth,200,0.004999999888241291,0.9950000047683716,-4.133115291595459,-0.5291187763214111,6.486850214113524,68.94525146484375
A,31,-10,real_diff_in_helix_subspace,200,0.004999999888241291,0.9950000047683716,-4.133115291595459,-0.5291187763214111,11.534392385485766,68.94525146484375
A,31,-10,full_swap,200,0.004999999888241291,0.9950000047683716,-4.133115291595459,-0.5291187763214111,23.339536666870117,68.94525146484375
A,0,-5,helix,200,0.4749999940395355,0.02499999850988388,-2.180338144302368,-5.556177616119385,1.8851794625006002,3.8140289783477783
A,0,-5,only_T2,200,0.0,0.2449999898672104,-6.089860916137695,-2.541734457015991,1.092490331761784,3.8140289783477783
A,0,-5,only_T5,200,0.0,0.9899999499320984,-7.912388324737549,-0.4764097034931183,1.790889096190287e-15,3.8140289783477783
A,0,-5,only_T10,200,0.03500000014901161,0.3499999940395355,-5.215765953063965,-2.808645486831665,1.4755821712047523,3.8140289783477783
A,0,-5,only_T100,200,0.0,0.9099999666213989,-7.7353644371032715,-0.5759045481681824,0.42384335772575804,3.8140289783477783
A,0,-5,only_lin,200,0.0,0.9549999833106995,-7.823657035827637,-0.5359074473381042,0.20016126796231432,3.8140289783477783
A,0,-5,random_orth,200,0.0,0.9799999594688416,-7.854732036590576,-0.5057193636894226,1.8851794625006,3.8140289783477783
A,0,-5,real_diff_in_helix_subspace,200,0.38499999046325684,0.14499999582767487,-2.9684972763061523,-4.926907539367676,1.7003001762814387,3.8140289783477783
A,0,-5,full_swap,200,0.85999995470047,0.0,-0.6748091578483582,-8.110696792602539,4.128427982330322,3.8140289783477783
A,1,-5,helix,200,0.47999998927116394,0.02499999850988388,-2.199153184890747,-5.52570915222168,1.875645658357932,4.374311923980713
A,1,-5,only_T2,200,0.0,0.26999998092651367,-6.136707782745361,-2.491997718811035,1.0971723854783964,4.374311923980713
A,1,-5,only_T5,200,0.0,0.9899999499320984,-7.912388324737549,-0.4764097034931183,1.7724169950551592e-15,4.374311923980713
A,1,-5,only_T10,200,0.029999999329447746,0.3449999988079071,-5.208215713500977,-2.8566458225250244,1.4575830207120952,4.374311923980713
A,1,-5,only_T100,200,0.0,0.9149999618530273,-7.745635986328125,-0.5722259283065796,0.4243852049690697,4.374311923980713
A,1,-5,only_lin,200,0.0,0.949999988079071,-7.819106101989746,-0.5390393137931824,0.21144599060708033,4.374311923980713
A,1,-5,random_orth,200,0.0,0.9799999594688416,-7.912530422210693,-0.47664061188697815,1.875645658357932,4.374311923980713
A,1,-5,real_diff_in_helix_subspace,200,0.3799999952316284,0.14499999582767487,-2.932217836380005,-4.933642864227295,1.7149083578188664,4.374311923980713
A,1,-5,full_swap,200,0.85999995470047,0.0,-0.6588881015777588,-8.077932357788086,4.091170310974121,4.374311923980713
A,2,-5,helix,200,0.4899999797344208,0.019999999552965164,-2.174452304840088,-5.547101974487305,1.945281744632358,5.368360996246338
A,2,-5,only_T2,200,0.0,0.26999998092651367,-6.125493049621582,-2.510565757751465,1.139526575145863,5.368360996246338
A,2,-5,only_T5,200,0.0,0.9899999499320984,-7.912388324737549,-0.4764097034931183,1.8525735445502315e-15,5.368360996246338
A,2,-5,only_T10,200,0.029999999329447746,0.3349999785423279,-5.178809642791748,-2.897545099258423,1.5085261169692956,5.368360996246338
A,2,-5,only_T100,200,0.0,0.9099999666213989,-7.740999698638916,-0.5705274343490601,0.4378877936570237,5.368360996246338
A,2,-5,only_lin,200,0.0,0.949999988079071,-7.811633586883545,-0.5377883315086365,0.22910158270537537,5.368360996246338
A,2,-5,random_orth,200,0.0,0.98499995470047,-7.921311378479004,-0.4870454967021942,1.945281744632358,5.368360996246338
A,2,-5,real_diff_in_helix_subspace,200,0.38999998569488525,0.125,-2.8122811317443848,-5.020204544067383,1.8086997822092286,5.368360996246338
A,2,-5,full_swap,200,0.8549999594688416,0.0,-0.6636428833007812,-8.026449203491211,4.228107452392578,5.368360996246338
A,3,-5,helix,200,0.5049999952316284,0.014999999664723873,-2.1093835830688477,-5.608254432678223,2.1361748077934113,6.173083305358887
A,3,-5,only_T2,200,0.0,0.23499999940395355,-6.111857891082764,-2.588975667953491,1.3077919932705149,6.173083305358887
A,3,-5,only_T5,200,0.0,0.9899999499320984,-7.912388324737549,-0.4764097034931183,2.0186676365553376e-15,6.173083305358887
A,3,-5,only_T10,200,0.029999999329447746,0.3199999928474426,-5.133532524108887,-2.9590399265289307,1.614612554247475,6.173083305358887
A,3,-5,only_T100,200,0.0,0.9199999570846558,-7.745095252990723,-0.5667580366134644,0.4718653873596885,6.173083305358887
A,3,-5,only_lin,200,0.0,0.9549999833106995,-7.821037292480469,-0.5355508923530579,0.24973037113299168,6.173083305358887
A,3,-5,random_orth,200,0.0,0.9599999785423279,-7.867660999298096,-0.510803759098053,2.136174807793411,6.173083305358887
A,3,-5,real_diff_in_helix_subspace,200,0.41499999165534973,0.125,-2.669790029525757,-5.130814075469971,2.0229294264029924,6.173083305358887
A,3,-5,full_swap,200,0.8549999594688416,0.0,-0.6851821541786194,-7.986009120941162,4.471739292144775,6.173083305358887
A,4,-5,helix,200,0.4949999749660492,0.014999999664723873,-2.137005090713501,-5.541890621185303,2.2372783575860145,7.152136325836182
A,4,-5,only_T2,200,0.0,0.2750000059604645,-6.157122611999512,-2.522217273712158,1.3622374456332944,7.152136325836182
A,4,-5,only_T5,200,0.0,0.9899999499320984,-7.912388324737549,-0.4764097034931183,2.1364248054412565e-15,7.152136325836182
A,4,-5,only_T10,200,0.019999999552965164,0.3199999928474426,-5.141868591308594,-2.9652624130249023,1.6883511471371948,7.152136325836182
A,4,-5,only_T100,200,0.0,0.9199999570846558,-7.743815898895264,-0.5635039210319519,0.5059395561493844,7.152136325836182
A,4,-5,only_lin,200,0.0,0.9449999928474426,-7.835035800933838,-0.5291747450828552,0.27537313681422537,7.152136325836182
A,4,-5,random_orth,200,0.0,0.9599999785423279,-7.868955135345459,-0.5104444622993469,2.2372783575860145,7.152136325836182
A,4,-5,real_diff_in_helix_subspace,200,0.429999977350235,0.11999999731779099,-2.6662535667419434,-5.087507247924805,2.143534005632404,7.152136325836182
A,4,-5,full_swap,200,0.8449999690055847,0.0,-0.7104936838150024,-7.913315296173096,4.697458744049072,7.152136325836182
A,5,-5,helix,200,0.4949999749660492,0.019999999552965164,-2.11470890045166,-5.553171157836914,2.3956303901723524,7.921292304992676
A,5,-5,only_T2,200,0.0,0.28999999165534973,-6.172444820404053,-2.4950549602508545,1.4576634201545653,7.921292304992676
A,5,-5,only_T5,200,0.0,0.9899999499320984,-7.912388324737549,-0.4764097034931183,2.3112991030536057e-15,7.921292304992676
A,5,-5,only_T10,200,0.019999999552965164,0.3149999976158142,-5.115694046020508,-2.995875120162964,1.8097152421860534,7.921292304992676
A,5,-5,only_T100,200,0.0,0.9099999666213989,-7.744908332824707,-0.5664339661598206,0.5360050042388774,7.921292304992676
A,5,-5,only_lin,200,0.0,0.9549999833106995,-7.837147235870361,-0.5296486616134644,0.2964396921032807,7.921292304992676
A,5,-5,random_orth,200,0.0,0.9699999690055847,-7.906756401062012,-0.4944673776626587,2.3956303901723524,7.921292304992676
A,5,-5,real_diff_in_helix_subspace,200,0.4350000023841858,0.09999999403953552,-2.623472213745117,-5.118202209472656,2.3129602996319587,7.921292304992676
A,5,-5,full_swap,200,0.8449999690055847,0.0,-0.7026582956314087,-7.890902042388916,4.981259822845459,7.921292304992676
A,6,-5,helix,200,0.4899999797344208,0.019999999552965164,-2.120830535888672,-5.5312180519104,2.538161923391973,9.012432098388672
A,6,-5,only_T2,200,0.0,0.2800000011920929,-6.160416603088379,-2.5152342319488525,1.5544928266977576,9.012432098388672
A,6,-5,only_T5,200,0.0,0.9899999499320984,-7.912388324737549,-0.4764097034931183,2.4792917939627913e-15,9.012432098388672
A,6,-5,only_T10,200,0.019999999552965164,0.3050000071525574,-5.112885475158691,-3.0021800994873047,1.90712661985661,9.012432098388672
A,6,-5,only_T100,200,0.0,0.9249999523162842,-7.753358364105225,-0.5585775375366211,0.5667634908748628,9.012432098388672
A,6,-5,only_lin,200,0.0,0.9599999785423279,-7.843199729919434,-0.5300787091255188,0.319570091170374,9.012432098388672
A,6,-5,random_orth,200,0.0,0.9799999594688416,-7.897834777832031,-0.47892332077026367,2.538161923391973,9.012432098388672
A,6,-5,real_diff_in_helix_subspace,200,0.41499999165534973,0.08999999612569809,-2.6329338550567627,-5.1199164390563965,2.488241726514485,9.012432098388672
A,6,-5,full_swap,200,0.8299999833106995,0.0,-0.7152336239814758,-7.861695289611816,5.237248420715332,9.012432098388672
A,7,-5,helix,200,0.5,0.014999999664723873,-2.1214499473571777,-5.523326396942139,2.6487161676465405,9.706731796264648
A,7,-5,only_T2,200,0.0,0.2849999964237213,-6.166064739227295,-2.487583637237549,1.6079601944513218,9.706731796264648
A,7,-5,only_T5,200,0.0,0.9899999499320984,-7.912388324737549,-0.4764097034931183,2.5948972826162786e-15,9.706731796264648
A,7,-5,only_T10,200,0.019999999552965164,0.3050000071525574,-5.108942985534668,-3.0158112049102783,1.9964615771956737,9.706731796264648
A,7,-5,only_T100,200,0.0,0.9300000071525574,-7.745102405548096,-0.5599277019500732,0.5932330395868547,9.706731796264648
A,7,-5,only_lin,200,0.0,0.9549999833106995,-7.840124130249023,-0.5285045504570007,0.33818991263262027,9.706731796264648
A,7,-5,random_orth,200,0.0,0.9549999833106995,-7.902536392211914,-0.4925549328327179,2.6487161676465405,9.706731796264648
A,7,-5,real_diff_in_helix_subspace,200,0.39499998092651367,0.08999999612569809,-2.685554027557373,-5.104437351226807,2.6085072436971086,9.706731796264648
A,7,-5,full_swap,200,0.8149999976158142,0.004999999888241291,-0.7524697184562683,-7.790330410003662,5.462622165679932,9.706731796264648
A,8,-5,helix,200,0.5,0.014999999664723873,-2.107701539993286,-5.528906345367432,2.721523462939787,10.555161476135254
A,8,-5,only_T2,200,0.0,0.2750000059604645,-6.170120716094971,-2.499796152114868,1.6442198130737042,10.555161476135254
A,8,-5,only_T5,200,0.0,0.9899999499320984,-7.912388324737549,-0.4764097034931183,2.7112746953198803e-15,10.555161476135254
A,8,-5,only_T10,200,0.02499999850988388,0.29999998211860657,-5.096726417541504,-3.0538508892059326,2.05730413562975,10.555161476135254
A,8,-5,only_T100,200,0.0,0.9350000023841858,-7.751630783081055,-0.5574564337730408,0.6104445396852536,10.555161476135254
A,8,-5,only_lin,200,0.0,0.9649999737739563,-7.839968681335449,-0.5237334966659546,0.34994611491628175,10.555161476135254
A,8,-5,random_orth,200,0.0,0.9549999833106995,-7.905335426330566,-0.5034000873565674,2.721523462939787,10.555161476135254
A,8,-5,real_diff_in_helix_subspace,200,0.38499999046325684,0.08500000089406967,-2.699270248413086,-5.119824409484863,2.712072356943843,10.555161476135254
A,8,-5,full_swap,200,0.8050000071525574,0.004999999888241291,-0.76820307970047,-7.791537761688232,5.617250919342041,10.555161476135254
A,9,-5,helix,200,0.4949999749660492,0.014999999664723873,-2.074079990386963,-5.572073936462402,2.830225274392286,11.257331848144531
A,9,-5,only_T2,200,0.0,0.2750000059604645,-6.165365695953369,-2.5216920375823975,1.717194164996332,11.257331848144531
A,9,-5,only_T5,200,0.0,0.9899999499320984,-7.912388324737549,-0.4764097034931183,2.8250323022906616e-15,11.257331848144531
A,9,-5,only_T10,200,0.02499999850988388,0.28999999165534973,-5.0587663650512695,-3.0995311737060547,2.1282899441518595,11.257331848144531
A,9,-5,only_T100,200,0.0,0.9350000023841858,-7.742591857910156,-0.5598683953285217,0.6382393248042831,11.257331848144531
A,9,-5,only_lin,200,0.0,0.9649999737739563,-7.839631080627441,-0.5241197943687439,0.36417522872009944,11.257331848144531
A,9,-5,random_orth,200,0.0,0.9799999594688416,-7.880982398986816,-0.4854830801486969,2.830225274392286,11.257331848144531
A,9,-5,real_diff_in_helix_subspace,200,0.3700000047683716,0.08999999612569809,-2.6875593662261963,-5.18135404586792,2.850199734673162,11.257331848144531
A,9,-5,full_swap,200,0.8050000071525574,0.004999999888241291,-0.7675341367721558,-7.788520336151123,5.850590229034424,11.257331848144531
A,10,-5,helix,200,0.5049999952316284,0.019999999552965164,-2.034510374069214,-5.615675926208496,3.061880491619404,11.791162490844727
A,10,-5,only_T2,200,0.0,0.2549999952316284,-6.16740608215332,-2.578601598739624,1.839837025452397,11.791162490844727
A,10,-5,only_T5,200,0.0,0.9899999499320984,-7.912388324737549,-0.4764097034931183,3.0285968261200623e-15,11.791162490844727
A,10,-5,only_T10,200,0.029999999329447746,0.2800000011920929,-5.026813983917236,-3.1514151096343994,2.31448946862832,11.791162490844727
A,10,-5,only_T100,200,0.0,0.9350000023841858,-7.744270324707031,-0.5589343905448914,0.6833219357150243,11.791162490844727
A,10,-5,only_lin,200,0.0,0.9649999737739563,-7.841341495513916,-0.5233196020126343,0.39008109470266733,11.791162490844727
A,10,-5,random_orth,200,0.0,0.9699999690055847,-7.890231609344482,-0.5023161768913269,3.061880491619404,11.791162490844727
A,10,-5,real_diff_in_helix_subspace,200,0.4099999964237213,0.08999999612569809,-2.6668028831481934,-5.248963356018066,3.121527246225432,11.791162490844727
A,10,-5,full_swap,200,0.8050000071525574,0.004999999888241291,-0.768401026725769,-7.792890548706055,6.250527858734131,11.791162490844727
A,11,-5,helix,200,0.5249999761581421,0.02499999850988388,-1.9820685386657715,-5.674571514129639,3.38726734604726,12.647429466247559
A,11,-5,only_T2,200,0.0,0.2199999988079071,-6.115817070007324,-2.7839584350585938,2.007828563193946,12.647429466247559
A,11,-5,only_T5,200,0.0,0.9899999499320984,-7.912388324737549,-0.4764097034931183,3.3167599257119717e-15,12.647429466247559
A,11,-5,only_T10,200,0.02499999850988388,0.25,-5.008333683013916,-3.2962963581085205,2.589083958535373,12.647429466247559
A,11,-5,only_T100,200,0.0,0.9300000071525574,-7.740921497344971,-0.562109649181366,0.726724610357561,12.647429466247559
A,11,-5,only_lin,200,0.0,0.9599999785423279,-7.846776962280273,-0.5199221968650818,0.41200455107528855,12.647429466247559
A,11,-5,random_orth,200,0.0,0.9749999642372131,-7.858627796173096,-0.5095304250717163,3.38726734604726,12.647429466247559
A,11,-5,real_diff_in_helix_subspace,200,0.3999999761581421,0.07999999821186066,-2.570232391357422,-5.363603591918945,3.476355467973966,12.647429466247559
A,11,-5,full_swap,200,0.8199999928474426,0.004999999888241291,-0.7624953389167786,-7.794587135314941,6.738336086273193,12.647429466247559
A,12,-5,helix,200,0.5450000166893005,0.014999999664723873,-1.8901561498641968,-5.811279296875,3.7913324690680614,13.328120231628418
A,12,-5,only_T2,200,0.004999999888241291,0.17499999701976776,-6.108663082122803,-2.9668593406677246,2.255946549803137,13.328120231628418
A,12,-5,only_T5,200,0.0,0.9899999499320984,-7.912388324737549,-0.4764097034931183,3.757072971390567e-15,13.328120231628418
A,12,-5,only_T10,200,0.014999999664723873,0.2199999988079071,-4.901652812957764,-3.4905383586883545,2.9125225061446436,13.328120231628418
A,12,-5,only_T100,200,0.0,0.9350000023841858,-7.739326000213623,-0.5631789565086365,0.776530343066355,13.328120231628418
A,12,-5,only_lin,200,0.0,0.9549999833106995,-7.839663982391357,-0.5198643207550049,0.44021876460927556,13.328120231628418
A,12,-5,random_orth,200,0.0,0.9649999737739563,-7.855050086975098,-0.5189671516418457,3.7913324690680614,13.328120231628418
A,12,-5,real_diff_in_helix_subspace,200,0.42499998211860657,0.054999999701976776,-2.2840874195098877,-5.631500244140625,3.93977479740189,13.328120231628418
A,12,-5,full_swap,200,0.824999988079071,0.004999999888241291,-0.7608286738395691,-7.796991348266602,7.398382663726807,13.328120231628418
A,13,-5,helix,200,0.4050000011920929,0.10999999940395355,-2.6450018882751465,-4.731569290161133,4.065968994477643,14.623812675476074
A,13,-5,only_T2,200,0.0,0.3349999785423279,-6.3253326416015625,-2.417280912399292,2.4218042739149594,14.623812675476074
A,13,-5,only_T5,200,0.0,0.9899999499320984,-7.912388324737549,-0.4764097034931183,4.048196471367386e-15,14.623812675476074
A,13,-5,only_T10,200,0.014999999664723873,0.35499998927116394,-5.369413375854492,-2.7225494384765625,3.1177134935798403,14.623812675476074
A,13,-5,only_T100,200,0.0,0.9350000023841858,-7.753165245056152,-0.5527353286743164,0.8422187640180472,14.623812675476074
A,13,-5,only_lin,200,0.0,0.9649999737739563,-7.863340854644775,-0.5124498009681702,0.48397853769277505,14.623812675476074
A,13,-5,random_orth,200,0.0,0.9749999642372131,-7.873658180236816,-0.49927568435668945,4.065968994477642,14.623812675476074
A,13,-5,real_diff_in_helix_subspace,200,0.3499999940395355,0.11999999731779099,-2.92069673538208,-4.652841567993164,4.278364296290062,14.623812675476074
A,13,-5,full_swap,200,0.7249999642372131,0.014999999664723873,-1.1265292167663574,-6.840353012084961,7.975193500518799,14.623812675476074
A,14,-5,helix,200,0.3649999797344208,0.14999999105930328,-2.8962433338165283,-4.4532084465026855,4.2218760433623945,15.840009689331055
A,14,-5,only_T2,200,0.0,0.3499999940395355,-6.39454460144043,-2.2531633377075195,2.501253776557764,15.840009689331055
A,14,-5,only_T5,200,0.0,0.9899999499320984,-7.912388324737549,-0.4764097034931183,4.301170624203761e-15,15.840009689331055
A,14,-5,only_T10,200,0.014999999664723873,0.375,-5.488391399383545,-2.5897326469421387,3.2423735575678565,15.840009689331055
A,14,-5,only_T100,200,0.0,0.9350000023841858,-7.758495807647705,-0.549562394618988,0.8864349207961894,15.840009689331055
A,14,-5,only_lin,200,0.0,0.9599999785423279,-7.873198509216309,-0.5074291825294495,0.5077162429001177,15.840009689331055
A,14,-5,random_orth,200,0.0,0.9699999690055847,-7.885330677032471,-0.5017399191856384,4.2218760433623945,15.840009689331055
A,14,-5,real_diff_in_helix_subspace,200,0.32499998807907104,0.1599999964237213,-3.2101190090179443,-4.364380359649658,4.485168041746786,15.840009689331055
A,14,-5,full_swap,200,0.6549999713897705,0.03999999910593033,-1.434186339378357,-6.403229236602783,8.334160804748535,15.840009689331055
A,15,-5,helix,200,0.3700000047683716,0.14999999105930328,-2.86903977394104,-4.46370792388916,4.540133660736226,17.629968643188477
A,15,-5,only_T2,200,0.0,0.35499998927116394,-6.378459453582764,-2.2980172634124756,2.7004344439627066,17.629968643188477
A,15,-5,only_T5,200,0.0,0.9899999499320984,-7.912388324737549,-0.4764097034931183,4.668894061511523e-15,17.629968643188477
A,15,-5,only_T10,200,0.014999999664723873,0.3700000047683716,-5.469691276550293,-2.6244003772735596,3.443956575871796,17.629968643188477
A,15,-5,only_T100,200,0.0,0.9350000023841858,-7.754774570465088,-0.5490776896476746,1.0565155345900852,17.629968643188477
A,15,-5,only_lin,200,0.0,0.9599999785423279,-7.874617099761963,-0.5077755451202393,0.580370162002417,17.629968643188477
A,15,-5,random_orth,200,0.0,0.9749999642372131,-7.883443832397461,-0.49319571256637573,4.540133660736227,17.629968643188477
A,15,-5,real_diff_in_helix_subspace,200,0.3349999785423279,0.1599999964237213,-3.2153446674346924,-4.375255584716797,4.904491870635605,17.629968643188477
A,15,-5,full_swap,200,0.6549999713897705,0.03999999910593033,-1.4501203298568726,-6.379148006439209,8.992803573608398,17.629968643188477
A,16,-5,helix,200,0.4099999964237213,0.12999999523162842,-2.7009127140045166,-4.656843662261963,5.3559817625630455,19.55817222595215
A,16,-5,only_T2,200,0.004999999888241291,0.29999998211860657,-6.323150634765625,-2.4909796714782715,3.1738810704425875,19.55817222595215
A,16,-5,only_T5,200,0.0,0.9899999499320984,-7.912388324737549,-0.4764097034931183,5.3799725338576774e-15,19.55817222595215
A,16,-5,only_T10,200,0.009999999776482582,0.3199999928474426,-5.32533597946167,-2.8387908935546875,4.064729495788664,19.55817222595215
A,16,-5,only_T100,200,0.0,0.9449999928474426,-7.759252071380615,-0.5462928414344788,1.2366935508994212,19.55817222595215
A,16,-5,only_lin,200,0.0,0.9549999833106995,-7.868777751922607,-0.5081880688667297,0.6841080694842483,19.55817222595215
A,16,-5,random_orth,200,0.0,0.9599999785423279,-7.87050199508667,-0.49981826543807983,5.3559817625630455,19.55817222595215
A,16,-5,real_diff_in_helix_subspace,200,0.35999998450279236,0.14999999105930328,-2.9779443740844727,-4.558328628540039,5.780773592832457,19.55817222595215
A,16,-5,full_swap,200,0.6449999809265137,0.044999998062849045,-1.4746553897857666,-6.309070110321045,10.776647567749023,19.55817222595215
A,17,-5,helix,200,0.32499998807907104,0.1850000023841858,-3.2808949947357178,-3.999770402908325,5.783888978151943,20.930723190307617
A,17,-5,only_T2,200,0.0,0.4050000011920929,-6.459403991699219,-2.1051084995269775,3.4226333288988364,20.930723190307617
A,17,-5,only_T5,200,0.0,0.9899999499320984,-7.912388324737549,-0.4764097034931183,5.7756143162581124e-15,20.930723190307617
A,17,-5,only_T10,200,0.009999999776482582,0.375,-5.570993423461914,-2.4786646366119385,4.38508879254225,20.930723190307617
A,17,-5,only_T100,200,0.0,0.9549999833106995,-7.774167537689209,-0.5342745184898376,1.3565765066643491,20.930723190307617
A,17,-5,only_lin,200,0.0,0.9649999737739563,-7.880181789398193,-0.5029299259185791,0.758885047203587,20.930723190307617
A,17,-5,random_orth,200,0.0,0.9699999690055847,-7.905218124389648,-0.49646613001823425,5.783888978151943,20.930723190307617
A,17,-5,real_diff_in_helix_subspace,200,0.3050000071525574,0.1899999976158142,-3.516831636428833,-3.935602903366089,6.283997842428398,20.930723190307617
A,17,-5,full_swap,200,0.5450000166893005,0.0949999988079071,-2.2424614429473877,-5.267661094665527,11.779109001159668,20.930723190307617
A,18,-5,helix,200,0.17499999701976776,0.3050000071525574,-4.061067581176758,-3.183462381362915,6.079277242638011,23.266538619995117
A,18,-5,only_T2,200,0.0,0.5849999785423279,-6.764650344848633,-1.5127408504486084,3.602885043609263,23.266538619995117
A,18,-5,only_T5,200,0.0,0.9899999499320984,-7.912388324737549,-0.4764097034931183,6.055228018948676e-15,23.266538619995117
A,18,-5,only_T10,200,0.004999999888241291,0.4949999749660492,-5.836258411407471,-2.107628107070923,4.596158887099367,23.266538619995117
A,18,-5,only_T100,200,0.0,0.9549999833106995,-7.782061576843262,-0.5303555727005005,1.447793171250556,23.266538619995117
A,18,-5,only_lin,200,0.0,0.9699999690055847,-7.888609886169434,-0.4990890324115753,0.8087457041025238,23.266538619995117
A,18,-5,random_orth,200,0.0,0.9649999737739563,-7.882660865783691,-0.5150989890098572,6.079277242638011,23.266538619995117
A,18,-5,real_diff_in_helix_subspace,200,0.1550000011920929,0.29999998211860657,-4.2224040031433105,-3.2299718856811523,6.655548066464164,23.266538619995117
A,18,-5,full_swap,200,0.3700000047683716,0.19499999284744263,-3.0976758003234863,-4.191226005554199,12.420997619628906,23.266538619995117
A,19,-5,helix,200,0.0,0.9599999785423279,-7.803816318511963,-0.5081230998039246,6.607020722909733,25.01947784423828
A,19,-5,only_T2,200,0.0,0.9950000047683716,-7.893992900848389,-0.4688613712787628,3.8925133633932654,25.01947784423828
A,19,-5,only_T5,200,0.0,0.9899999499320984,-7.912388324737549,-0.4764097034931183,6.60928461956325e-15,25.01947784423828
A,19,-5,only_T10,200,0.0,0.9649999737739563,-7.820949077606201,-0.5054182410240173,5.009496478944624,25.01947784423828
A,19,-5,only_T100,200,0.0,0.9899999499320984,-7.886645317077637,-0.4837968349456787,1.5759896353488116,25.01947784423828
A,19,-5,only_lin,200,0.0,0.98499995470047,-7.914996147155762,-0.48007455468177795,0.8986632472990729,25.01947784423828
A,19,-5,random_orth,200,0.0,0.9899999499320984,-7.905023097991943,-0.4789397418498993,6.607020722909733,25.01947784423828
A,19,-5,real_diff_in_helix_subspace,200,0.0,0.9549999833106995,-7.7924485206604,-0.5103621482849121,7.264817867314877,25.01947784423828
A,19,-5,full_swap,200,0.0,0.9399999976158142,-7.666075229644775,-0.544195294380188,13.456169128417969,25.01947784423828
A,20,-5,helix,200,0.0,0.9599999785423279,-7.798050880432129,-0.5113801956176758,7.081278760334092,26.66474151611328
A,20,-5,only_T2,200,0.0,0.9899999499320984,-7.891726493835449,-0.46898582577705383,4.176624651729304,26.66474151611328
A,20,-5,only_T5,200,0.0,0.9899999499320984,-7.912388324737549,-0.4764097034931183,7.047076762053256e-15,26.66474151611328
A,20,-5,only_T10,200,0.0,0.9649999737739563,-7.813653945922852,-0.508424699306488,5.349261587853646,26.66474151611328
A,20,-5,only_T100,200,0.0,0.9899999499320984,-7.888003826141357,-0.4830690622329712,1.7285530476242281,26.66474151611328
A,20,-5,only_lin,200,0.0,0.98499995470047,-7.913136005401611,-0.48001521825790405,0.9857237341111397,26.66474151611328
A,20,-5,random_orth,200,0.0,0.98499995470047,-7.911246299743652,-0.4781036376953125,7.081278760334092,26.66474151611328
A,20,-5,real_diff_in_helix_subspace,200,0.0,0.9549999833106995,-7.786172866821289,-0.5113318562507629,7.821526446982684,26.66474151611328
A,20,-5,full_swap,200,0.0,0.9399999976158142,-7.671821117401123,-0.5439960360527039,14.484623908996582,26.66474151611328
A,21,-5,helix,200,0.0,0.9899999499320984,-7.899335861206055,-0.4859846532344818,7.439710683884382,28.141738891601562
A,21,-5,only_T2,200,0.0,0.9950000047683716,-7.91055965423584,-0.47250494360923767,4.389496553954608,28.141738891601562
A,21,-5,only_T5,200,0.0,0.9899999499320984,-7.912388324737549,-0.4764097034931183,7.410460291373562e-15,28.141738891601562
A,21,-5,only_T10,200,0.0,1.0,-7.896624565124512,-0.485188752412796,5.602854187898788,28.141738891601562
A,21,-5,only_T100,200,0.0,0.9899999499320984,-7.902072429656982,-0.4800057113170624,1.8490455756779767,28.141738891601562
A,21,-5,only_lin,200,0.0,0.9899999499320984,-7.911076068878174,-0.4784776568412781,1.051014907683003,28.141738891601562
A,21,-5,random_orth,200,0.0,0.9899999499320984,-7.900439262390137,-0.4783443212509155,7.439710683884382,28.141738891601562
A,21,-5,real_diff_in_helix_subspace,200,0.0,0.9699999690055847,-7.889884948730469,-0.4920748174190521,8.280993617389809,28.141738891601562
A,21,-5,full_swap,200,0.0,0.9699999690055847,-7.886050701141357,-0.4847991168498993,15.335206031799316,28.141738891601562
A,22,-5,helix,200,0.0,0.9899999499320984,-7.901465892791748,-0.48661497235298157,7.811285650189733,29.503358840942383
A,22,-5,only_T2,200,0.0,0.9950000047683716,-7.907310485839844,-0.4746318459510803,4.607853654418376,29.503358840942383
A,22,-5,only_T5,200,0.0,0.9899999499320984,-7.912388324737549,-0.4764097034931183,7.747408934337512e-15,29.503358840942383
A,22,-5,only_T10,200,0.0,1.0,-7.89933443069458,-0.48301222920417786,5.8708972390608825,29.503358840942383
A,22,-5,only_T100,200,0.0,0.9899999499320984,-7.904921531677246,-0.47949427366256714,1.9761706396430392,29.503358840942383
A,22,-5,only_lin,200,0.0,0.9899999499320984,-7.905856609344482,-0.4782245457172394,1.1113620998544445,29.503358840942383
A,22,-5,random_orth,200,0.0,0.98499995470047,-7.907480716705322,-0.47705039381980896,7.811285650189733,29.503358840942383
A,22,-5,real_diff_in_helix_subspace,200,0.0,0.9699999690055847,-7.89375114440918,-0.49276626110076904,8.769017825453014,29.503358840942383
A,22,-5,full_swap,200,0.0,0.9699999690055847,-7.894216537475586,-0.48519429564476013,16.148469924926758,29.503358840942383
A,23,-5,helix,200,0.0,0.9899999499320984,-7.913819313049316,-0.4818354547023773,8.093385380236061,30.884740829467773
A,23,-5,only_T2,200,0.0,0.9899999499320984,-7.909618377685547,-0.4755895137786865,4.77662675296913,30.884740829467773
A,23,-5,only_T5,200,0.0,0.9899999499320984,-7.912388324737549,-0.4764097034931183,8.082663066856713e-15,30.884740829467773
A,23,-5,only_T10,200,0.0,0.9899999499320984,-7.912596702575684,-0.47798144817352295,6.071573463850335,30.884740829467773
A,23,-5,only_T100,200,0.0,0.9899999499320984,-7.908287048339844,-0.4781579375267029,2.0655750338158088,30.884740829467773
A,23,-5,only_lin,200,0.0,0.9899999499320984,-7.907118797302246,-0.4781927466392517,1.1607976339505146,30.884740829467773
A,23,-5,random_orth,200,0.0,0.9899999499320984,-7.908074378967285,-0.4771231710910797,8.093385380236061,30.884740829467773
A,23,-5,real_diff_in_helix_subspace,200,0.0,0.98499995470047,-7.902792930603027,-0.48634353280067444,9.141516004526183,30.884740829467773
A,23,-5,full_swap,200,0.0,0.9749999642372131,-7.912879467010498,-0.48307570815086365,16.859901428222656,30.884740829467773
A,24,-5,helix,200,0.0,0.9899999499320984,-7.913435935974121,-0.480396032333374,8.309435849941968,31.951311111450195
A,24,-5,only_T2,200,0.0,0.98499995470047,-7.911495685577393,-0.4734581708908081,4.8908641695718895,31.951311111450195
A,24,-5,only_T5,200,0.0,0.9899999499320984,-7.912388324737549,-0.4764097034931183,8.369027471498976e-15,31.951311111450195
A,24,-5,only_T10,200,0.0,0.9899999499320984,-7.919253826141357,-0.47884538769721985,6.229643523923122,31.951311111450195
A,24,-5,only_T100,200,0.0,0.9899999499320984,-7.908554553985596,-0.4775847792625427,2.1535302624871626,31.951311111450195
A,24,-5,only_lin,200,0.0,0.9899999499320984,-7.904081344604492,-0.4790876805782318,1.2094782247677154,31.951311111450195
A,24,-5,random_orth,200,0.0,0.9950000047683716,-7.90708589553833,-0.4776776134967804,8.309435849941968,31.951311111450195
A,24,-5,real_diff_in_helix_subspace,200,0.0,0.98499995470047,-7.9083380699157715,-0.48606109619140625,9.461478628617353,31.951311111450195
A,24,-5,full_swap,200,0.0,0.98499995470047,-7.923450946807861,-0.4789482057094574,17.481952667236328,31.951311111450195
A,25,-5,helix,200,0.0,0.9899999499320984,-7.914762020111084,-0.4805019199848175,8.585970048088809,33.42615509033203
A,25,-5,only_T2,200,0.0,0.9899999499320984,-7.909134387969971,-0.4738982319831848,5.034037932303639,33.42615509033203
A,25,-5,only_T5,200,0.0,0.9899999499320984,-7.912388324737549,-0.4764097034931183,8.70254050574152e-15,33.42615509033203
A,25,-5,only_T10,200,0.0,0.9899999499320984,-7.919976711273193,-0.4787691533565521,6.43464336273185,33.42615509033203
A,25,-5,only_T100,200,0.0,0.98499995470047,-7.909082889556885,-0.47715842723846436,2.2641262825688044,33.42615509033203
A,25,-5,only_lin,200,0.0,0.9899999499320984,-7.904271125793457,-0.47874560952186584,1.2673798113459802,33.42615509033203
A,25,-5,random_orth,200,0.0,0.9899999499320984,-7.910974025726318,-0.4763466417789459,8.585970048088809,33.42615509033203
A,25,-5,real_diff_in_helix_subspace,200,0.0,0.98499995470047,-7.908628940582275,-0.48622825741767883,9.918513301963099,33.42615509033203
A,25,-5,full_swap,200,0.0,0.98499995470047,-7.924227237701416,-0.4785122275352478,18.30201530456543,33.42615509033203
A,26,-5,helix,200,0.0,0.9899999499320984,-7.914304256439209,-0.4806407690048218,8.819575712963694,34.57366180419922
A,26,-5,only_T2,200,0.0,0.9899999499320984,-7.911325454711914,-0.4739699959754944,5.174300949467529,34.57366180419922
A,26,-5,only_T5,200,0.0,0.9899999499320984,-7.912388324737549,-0.4764097034931183,8.955671145788278e-15,34.57366180419922
A,26,-5,only_T10,200,0.0,0.9899999499320984,-7.920476913452148,-0.47899821400642395,6.595466257921963,34.57366180419922
A,26,-5,only_T100,200,0.0,0.9899999499320984,-7.906677722930908,-0.47794613242149353,2.3466094784427263,34.57366180419922
A,26,-5,only_lin,200,0.0,0.9899999499320984,-7.904394149780273,-0.47854453325271606,1.319783718663703,34.57366180419922
A,26,-5,random_orth,200,0.0,0.9899999499320984,-7.911274433135986,-0.47642606496810913,8.819575712963694,34.57366180419922
A,26,-5,real_diff_in_helix_subspace,200,0.0,0.98499995470047,-7.910402774810791,-0.48643630743026733,10.2711141012315,34.57366180419922
A,26,-5,full_swap,200,0.0,0.98499995470047,-7.926156044006348,-0.47851476073265076,18.902790069580078,34.57366180419922
A,27,-5,helix,200,0.0,0.9899999499320984,-7.907859802246094,-0.4765375554561615,9.019190820959627,36.02852249145508
A,27,-5,only_T2,200,0.0,0.9899999499320984,-7.91029167175293,-0.47610437870025635,5.319187199794194,36.02852249145508
A,27,-5,only_T5,200,0.0,0.9899999499320984,-7.912388324737549,-0.4764097034931183,9.10963061125072e-15,36.02852249145508
A,27,-5,only_T10,200,0.0,0.9899999499320984,-7.9094367027282715,-0.47656652331352234,6.710728509290497,36.02852249145508
A,27,-5,only_T100,200,0.0,0.9899999499320984,-7.909562587738037,-0.4761565625667572,2.422299033433797,36.02852249145508
A,27,-5,only_lin,200,0.0,0.9899999499320984,-7.910496711730957,-0.47649526596069336,1.3623485988243065,36.02852249145508
A,27,-5,random_orth,200,0.0,0.9899999499320984,-7.910017013549805,-0.47710761427879333,9.019190820959627,36.02852249145508
A,27,-5,real_diff_in_helix_subspace,200,0.0,0.9899999499320984,-7.9070329666137695,-0.47753143310546875,10.60600613090797,36.02852249145508
A,27,-5,full_swap,200,0.0,0.9899999499320984,-7.906039237976074,-0.47714948654174805,19.411582946777344,36.02852249145508
A,28,-5,helix,200,0.0,0.9899999499320984,-7.907297134399414,-0.47680655121803284,9.207991444506723,37.327354431152344
A,28,-5,only_T2,200,0.0,0.9899999499320984,-7.910152435302734,-0.47613465785980225,5.436167179863668,37.327354431152344
A,28,-5,only_T5,200,0.0,0.9899999499320984,-7.912388324737549,-0.4764097034931183,9.259188269017437e-15,37.327354431152344
A,28,-5,only_T10,200,0.0,0.9899999499320984,-7.911625385284424,-0.47630009055137634,6.840997973536614,37.327354431152344
A,28,-5,only_T100,200,0.0,0.9899999499320984,-7.911174297332764,-0.47602134943008423,2.4989510265533905,37.327354431152344
A,28,-5,only_lin,200,0.0,0.9899999499320984,-7.909146785736084,-0.4766058623790741,1.4034571453609868,37.327354431152344
A,28,-5,random_orth,200,0.0,0.9899999499320984,-7.9101738929748535,-0.47617408633232117,9.207991444506723,37.327354431152344
A,28,-5,real_diff_in_helix_subspace,200,0.0,0.9899999499320984,-7.905788421630859,-0.47746938467025757,10.951534196748987,37.327354431152344
A,28,-5,full_swap,200,0.0,0.9899999499320984,-7.905616760253906,-0.4770774245262146,19.948606491088867,37.327354431152344
A,29,-5,helix,200,0.0,0.9899999499320984,-7.909372329711914,-0.47649863362312317,9.544245512868493,41.290836334228516
A,29,-5,only_T2,200,0.0,0.9899999499320984,-7.910457611083984,-0.47632545232772827,5.5634709935232545,41.290836334228516
A,29,-5,only_T5,200,0.0,0.9899999499320984,-7.912388324737549,-0.4764097034931183,9.598313973175661e-15,41.290836334228516
A,29,-5,only_T10,200,0.0,0.9899999499320984,-7.910757064819336,-0.47601503133773804,7.105120367404839,41.290836334228516
A,29,-5,only_T100,200,0.0,0.9899999499320984,-7.910300254821777,-0.47631606459617615,2.6913421971111586,41.290836334228516
A,29,-5,only_lin,200,0.0,0.98499995470047,-7.911102294921875,-0.47659143805503845,1.47766839537962,41.290836334228516
A,29,-5,random_orth,200,0.0,0.9899999499320984,-7.912117958068848,-0.4761302173137665,9.544245512868493,41.290836334228516
A,29,-5,real_diff_in_helix_subspace,200,0.0,0.9899999499320984,-7.910064697265625,-0.4766674041748047,11.715503553131114,41.290836334228516
A,29,-5,full_swap,200,0.0,0.9899999499320984,-7.908417701721191,-0.47710883617401123,20.953807830810547,41.290836334228516
A,30,-5,helix,200,0.0,0.9899999499320984,-7.912056922912598,-0.47631707787513733,9.912699145038903,51.586116790771484
A,30,-5,only_T2,200,0.0,0.98499995470047,-7.911672115325928,-0.4764916002750397,5.709538656370318,51.586116790771484
A,30,-5,only_T5,200,0.0,0.9899999499320984,-7.912388324737549,-0.4764097034931183,1.0143325932366568e-14,51.586116790771484
A,30,-5,only_T10,200,0.0,0.9899999499320984,-7.910628318786621,-0.4762424826622009,7.39972966131013,51.586116790771484
A,30,-5,only_T100,200,0.0,0.9899999499320984,-7.91148042678833,-0.4763915538787842,2.8648022870792134,51.586116790771484
A,30,-5,only_lin,200,0.0,0.9899999499320984,-7.911970615386963,-0.4763509929180145,1.5722369480988023,51.586116790771484
A,30,-5,random_orth,200,0.0,0.9899999499320984,-7.911538124084473,-0.4764021635055542,9.912699145038902,51.586116790771484
A,30,-5,real_diff_in_helix_subspace,200,0.0,0.9899999499320984,-7.91224479675293,-0.47642597556114197,12.603868668193149,51.586116790771484
A,30,-5,full_swap,200,0.0,0.9899999499320984,-7.911477088928223,-0.4763221740722656,22.001527786254883,51.586116790771484
A,31,-5,helix,200,0.0,0.9899999499320984,-7.912388324737549,-0.4764097034931183,10.541824123787018,68.8778305053711
A,31,-5,only_T2,200,0.0,0.9899999499320984,-7.912388324737549,-0.4764097034931183,5.922783239253497,68.8778305053711
A,31,-5,only_T5,200,0.0,0.9899999499320984,-7.912388324737549,-0.4764097034931183,1.0529052470027087e-14,68.8778305053711
A,31,-5,only_T10,200,0.0,0.9899999499320984,-7.912388324737549,-0.4764097034931183,7.936242703816148,68.8778305053711
A,31,-5,only_T100,200,0.0,0.9899999499320984,-7.912388324737549,-0.4764097034931183,3.0846051354404613,68.8778305053711
A,31,-5,only_lin,200,0.0,0.9899999499320984,-7.912388324737549,-0.4764097034931183,1.7412965074816718,68.8778305053711
A,31,-5,random_orth,200,0.0,0.9899999499320984,-7.912388324737549,-0.4764097034931183,10.541824123787018,68.8778305053711
A,31,-5,real_diff_in_helix_subspace,200,0.0,0.9899999499320984,-7.912388324737549,-0.4764097034931183,14.00529193686195,68.8778305053711
A,31,-5,full_swap,200,0.0,0.9899999499320984,-7.912388324737549,-0.4764097034931183,23.528047561645508,68.8778305053711
A,0,-2,helix,200,0.6899999976158142,0.23499999940395355,-1.2661960124969482,-3.313707113265991,1.671744363114435,3.6763806343078613
A,0,-2,only_T2,200,0.0,0.9950000047683716,-5.579805850982666,-0.5125985741615295,0.0,3.6763806343078613
A,0,-2,only_T5,200,0.28999999165534973,0.4899999797344208,-2.6533522605895996,-1.869387149810791,1.4131110071534492,3.6763806343078613
A,0,-2,only_T10,200,0.05999999865889549,0.824999988079071,-4.407559871673584,-0.900133490562439,0.8681033652079297,3.6763806343078613
A,0,-2,only_T100,200,0.0,0.9749999642372131,-5.554401874542236,-0.5411461591720581,0.17050569671053373,3.6763806343078613
A,0,-2,only_lin,200,0.0,0.9799999594688416,-5.564782619476318,-0.5331666469573975,0.0800645071849257,3.6763806343078613
A,0,-2,random_orth,200,0.0,0.9649999737739563,-5.582357883453369,-0.5469153523445129,1.671744363114435,3.6763806343078613
A,0,-2,real_diff_in_helix_subspace,200,0.5349999666213989,0.3649999797344208,-1.9883403778076172,-2.925051212310791,1.4713441859294791,3.6763806343078613
A,0,-2,full_swap,200,0.8650000095367432,0.009999999776482582,-0.61391681432724,-5.50567626953125,3.791377067565918,3.6763806343078613
A,1,-2,helix,200,0.675000011920929,0.23499999940395355,-1.2703607082366943,-3.342381000518799,1.6539769021493254,4.2454609870910645
A,1,-2,only_T2,200,0.0,0.9950000047683716,-5.579805850982666,-0.5125985741615295,0.0,4.2454609870910645
A,1,-2,only_T5,200,0.29499998688697815,0.4899999797344208,-2.6708505153656006,-1.8616902828216553,1.3980896718646094,4.2454609870910645
A,1,-2,only_T10,200,0.05999999865889549,0.8199999928474426,-4.387384414672852,-0.9265373945236206,0.8574357023673704,4.2454609870910645
A,1,-2,only_T100,200,0.0,0.9749999642372131,-5.555723667144775,-0.5413216352462769,0.1709529630065917,4.2454609870910645
A,1,-2,only_lin,200,0.0,0.98499995470047,-5.564506530761719,-0.5343783497810364,0.08457839624283213,4.2454609870910645
A,1,-2,random_orth,200,0.0,0.9599999785423279,-5.611118793487549,-0.5223757028579712,1.6539769021493254,4.2454609870910645
A,1,-2,real_diff_in_helix_subspace,200,0.5600000023841858,0.3400000035762787,-1.93844473361969,-2.969458818435669,1.4735909311713602,4.2454609870910645
A,1,-2,full_swap,200,0.8799999952316284,0.014999999664723873,-0.6016552448272705,-5.484721660614014,3.7411937713623047,4.2454609870910645
A,2,-2,helix,200,0.675000011920929,0.22999998927116394,-1.2696268558502197,-3.376436948776245,1.7245650832720583,5.250865936279297
A,2,-2,only_T2,200,0.0,0.9950000047683716,-5.579805850982666,-0.5125985741615295,0.0,5.250865936279297
A,2,-2,only_T5,200,0.28999999165534973,0.4949999749660492,-2.6600499153137207,-1.888632893562317,1.4603718704297637,5.250865936279297
A,2,-2,only_T10,200,0.05999999865889549,0.8199999928474426,-4.378035068511963,-0.933625340461731,0.8872577038442223,5.250865936279297
A,2,-2,only_T100,200,0.0,0.9799999594688416,-5.558687210083008,-0.5358537435531616,0.17655089781407704,5.250865936279297
A,2,-2,only_lin,200,0.0,0.9749999642372131,-5.564835071563721,-0.5348004698753357,0.09164063308215015,5.250865936279297
A,2,-2,random_orth,200,0.0,0.9799999594688416,-5.545474529266357,-0.522648274898529,1.7245650832720583,5.250865936279297
A,2,-2,real_diff_in_helix_subspace,200,0.5649999976158142,0.3349999785423279,-1.8771376609802246,-3.013352632522583,1.5642130855408272,5.250865936279297
A,2,-2,full_swap,200,0.875,0.014999999664723873,-0.6167712807655334,-5.451271057128906,3.867094039916992,5.250865936279297
A,3,-2,helix,200,0.6899999976158142,0.22499999403953552,-1.2347787618637085,-3.4477767944335938,1.870260791685222,6.060427188873291
A,3,-2,only_T2,200,0.0,0.9950000047683716,-5.579805850982666,-0.5125985741615295,0.0,6.060427188873291
A,3,-2,only_T5,200,0.3050000071525574,0.4749999940395355,-2.5951998233795166,-1.9326114654541016,1.588801342540265,6.060427188873291
A,3,-2,only_T10,200,0.06499999761581421,0.8050000071525574,-4.36135721206665,-0.9552226662635803,0.949512618145622,6.060427188873291
A,3,-2,only_T100,200,0.0,0.9749999642372131,-5.555908679962158,-0.5404776930809021,0.19040470303074217,6.060427188873291
A,3,-2,only_lin,200,0.0,0.98499995470047,-5.564881324768066,-0.5334300994873047,0.09989214845319667,6.060427188873291
A,3,-2,random_orth,200,0.004999999888241291,0.9699999690055847,-5.561987400054932,-0.5281991362571716,1.870260791685222,6.060427188873291
A,3,-2,real_diff_in_helix_subspace,200,0.6049999594688416,0.3149999976158142,-1.750395655632019,-3.1147329807281494,1.7376553625731959,6.060427188873291
A,3,-2,full_swap,200,0.8799999952316284,0.004999999888241291,-0.6197140216827393,-5.457150936126709,4.0745344161987305,6.060427188873291
A,4,-2,helix,200,0.6850000023841858,0.2199999988079071,-1.2459089756011963,-3.454873561859131,1.9737356840419977,7.043394088745117
A,4,-2,only_T2,200,0.0,0.9950000047683716,-5.579805850982666,-0.5125985741615295,0.0,7.043394088745117
A,4,-2,only_T5,200,0.29499998688697815,0.4749999940395355,-2.601902723312378,-1.9207754135131836,1.6800482579009064,7.043394088745117
A,4,-2,only_T10,200,0.06499999761581421,0.7999999523162842,-4.356235027313232,-0.964800238609314,0.9927900116557911,7.043394088745117
A,4,-2,only_T100,200,0.0,0.9749999642372131,-5.565268516540527,-0.5395946502685547,0.2043700115845047,7.043394088745117
A,4,-2,only_lin,200,0.0,0.9799999594688416,-5.570422172546387,-0.5331023335456848,0.11014925472569011,7.043394088745117
A,4,-2,random_orth,200,0.0,0.9599999785423279,-5.563449382781982,-0.5413176417350769,1.9737356840419977,7.043394088745117
A,4,-2,real_diff_in_helix_subspace,200,0.5949999690055847,0.32999998331069946,-1.7439632415771484,-3.1085846424102783,1.8499991850073851,7.043394088745117
A,4,-2,full_swap,200,0.875,0.019999999552965164,-0.619529664516449,-5.392149448394775,4.276697158813477,7.043394088745117
A,5,-2,helix,200,0.6949999928474426,0.2149999886751175,-1.2362372875213623,-3.4714465141296387,2.1289411374878795,7.808255195617676
A,5,-2,only_T2,200,0.0,0.9950000047683716,-5.579805850982666,-0.5125985741615295,0.0,7.808255195617676
A,5,-2,only_T5,200,0.3050000071525574,0.45499998331069946,-2.607131242752075,-1.9471355676651,1.8162275711299893,7.808255195617676
A,5,-2,only_T10,200,0.07000000029802322,0.7949999570846558,-4.336669445037842,-0.9745554327964783,1.0641849405626107,7.808255195617676
A,5,-2,only_T100,200,0.0,0.9799999594688416,-5.558324337005615,-0.5377439260482788,0.21653468657658312,7.808255195617676
A,5,-2,only_lin,200,0.0,0.9749999642372131,-5.571683406829834,-0.5312204957008362,0.11857587684131227,7.808255195617676
A,5,-2,random_orth,200,0.0,0.9699999690055847,-5.5628342628479,-0.532252311706543,2.1289411374878795,7.808255195617676
A,5,-2,real_diff_in_helix_subspace,200,0.5849999785423279,0.3199999928474426,-1.7127439975738525,-3.1501660346984863,2.0208753976411193,7.808255195617676
A,5,-2,full_swap,200,0.8700000047683716,0.02499999850988388,-0.6214434504508972,-5.366578102111816,4.532538890838623,7.808255195617676
A,6,-2,helix,200,0.6899999976158142,0.2149999886751175,-1.2491552829742432,-3.4895927906036377,2.2741594674115184,8.884512901306152
A,6,-2,only_T2,200,0.0,0.9950000047683716,-5.579805850982666,-0.5125985741615295,0.0,8.884512901306152
A,6,-2,only_T5,200,0.29999998211860657,0.45499998331069946,-2.603546142578125,-1.9777544736862183,1.9477727634193798,8.884512901306152
A,6,-2,only_T10,200,0.07499999552965164,0.7799999713897705,-4.332642555236816,-0.9859952926635742,1.1215722951586904,8.884512901306152
A,6,-2,only_T100,200,0.0,0.9799999594688416,-5.560634136199951,-0.5342997908592224,0.22897733181476557,8.884512901306152
A,6,-2,only_lin,200,0.0,0.98499995470047,-5.5715508460998535,-0.5313501358032227,0.12782803646814955,8.884512901306152
A,6,-2,random_orth,200,0.0,0.9699999690055847,-5.57826566696167,-0.5253173112869263,2.2741594674115184,8.884512901306152
A,6,-2,real_diff_in_helix_subspace,200,0.5949999690055847,0.29499998688697815,-1.6931365728378296,-3.2262468338012695,2.1992596415133243,8.884512901306152
A,6,-2,full_swap,200,0.8799999952316284,0.02499999850988388,-0.6306760907173157,-5.352821350097656,4.776604175567627,8.884512901306152
A,7,-2,helix,200,0.6899999976158142,0.2149999886751175,-1.2667268514633179,-3.4800503253936768,2.378639129023592,9.575868606567383
A,7,-2,only_T2,200,0.0,0.9950000047683716,-5.579805850982666,-0.5125985741615295,0.0,9.575868606567383
A,7,-2,only_T5,200,0.29999998211860657,0.4699999988079071,-2.6167807579040527,-1.9608078002929688,2.036600609191839,9.575868606567383
A,7,-2,only_T10,200,0.07499999552965164,0.7849999666213989,-4.318338394165039,-0.9899500012397766,1.1735885768169245,9.575868606567383
A,7,-2,only_T100,200,0.0,0.9749999642372131,-5.562325477600098,-0.53670734167099,0.2396621134721876,9.575868606567383
A,7,-2,only_lin,200,0.0,0.9899999499320984,-5.5702080726623535,-0.5331811308860779,0.1352759650530481,9.575868606567383
A,7,-2,random_orth,200,0.0,0.9749999642372131,-5.5614824295043945,-0.5229138135910034,2.378639129023592,9.575868606567383
A,7,-2,real_diff_in_helix_subspace,200,0.5799999833106995,0.3149999976158142,-1.7472087144851685,-3.213172435760498,2.312084826938729,9.575868606567383
A,7,-2,full_swap,200,0.8650000095367432,0.029999999329447746,-0.6513312458992004,-5.310050010681152,4.987733364105225,9.575868606567383
A,8,-2,helix,200,0.6850000023841858,0.22499999403953552,-1.2538456916809082,-3.496026039123535,2.4734478018669517,10.42681884765625
A,8,-2,only_T2,200,0.0,0.9950000047683716,-5.579805850982666,-0.5125985741615295,0.0,10.42681884765625
A,8,-2,only_T5,200,0.3100000023841858,0.4749999940395355,-2.60015869140625,-1.9795650243759155,2.123043738986832,10.42681884765625
A,8,-2,only_T10,200,0.07999999821186066,0.7849999666213989,-4.307679653167725,-1.0001816749572754,1.2093434026908425,10.42681884765625
A,8,-2,only_T100,200,0.0,0.9799999594688416,-5.561960697174072,-0.5350841283798218,0.24642817091205693,10.42681884765625
A,8,-2,only_lin,200,0.0,0.9899999499320984,-5.567759990692139,-0.5302469730377197,0.13997844596651268,10.42681884765625
A,8,-2,random_orth,200,0.0,0.98499995470047,-5.587167739868164,-0.5156093835830688,2.4734478018669517,10.42681884765625
A,8,-2,real_diff_in_helix_subspace,200,0.5649999976158142,0.3100000023841858,-1.753212571144104,-3.2478904724121094,2.4279003168825013,10.42681884765625
A,8,-2,full_swap,200,0.8650000095367432,0.03500000014901161,-0.6536938548088074,-5.31566047668457,5.143465518951416,10.42681884765625
A,9,-2,helix,200,0.6850000023841858,0.2149999886751175,-1.2422512769699097,-3.521928548812866,2.5716948667480812,11.135737419128418
A,9,-2,only_T2,200,0.0,0.9950000047683716,-5.579805850982666,-0.5125985741615295,0.0,11.135737419128418
A,9,-2,only_T5,200,0.3100000023841858,0.4699999988079071,-2.5812273025512695,-2.0097439289093018,2.2098349824557704,11.135737419128418
A,9,-2,only_T10,200,0.08500000089406967,0.7699999809265137,-4.294353485107422,-1.0087429285049438,1.2507479484209667,11.135737419128418
A,9,-2,only_T100,200,0.0,0.9799999594688416,-5.5634050369262695,-0.5360016226768494,0.25753956177380766,11.135737419128418
A,9,-2,only_lin,200,0.0,0.9899999499320984,-5.570207595825195,-0.5291157364845276,0.1456700914880398,11.135737419128418
A,9,-2,random_orth,200,0.0,0.9699999690055847,-5.575560569763184,-0.5237307548522949,2.5716948667480812,11.135737419128418
A,9,-2,real_diff_in_helix_subspace,200,0.5550000071525574,0.3100000023841858,-1.7504098415374756,-3.2707509994506836,2.543341946625942,11.135737419128418
A,9,-2,full_swap,200,0.8650000095367432,0.03500000014901161,-0.655539870262146,-5.321296215057373,5.360349178314209,11.135737419128418
A,10,-2,helix,200,0.7199999690055847,0.17499999701976776,-1.1904772520065308,-3.593458890914917,2.767662355838124,11.6626615524292
A,10,-2,only_T2,200,0.0,0.9950000047683716,-5.579805850982666,-0.5125985741615295,0.0,11.6626615524292
A,10,-2,only_T5,200,0.3149999976158142,0.4650000035762787,-2.541916847229004,-2.0325098037719727,2.368550569636126,11.6626615524292
A,10,-2,only_T10,200,0.08500000089406967,0.7649999856948853,-4.263764381408691,-1.0341447591781616,1.3603726864188561,11.6626615524292
A,10,-2,only_T100,200,0.0,0.9799999594688416,-5.563538074493408,-0.5368182063102722,0.2760810536441337,11.6626615524292
A,10,-2,only_lin,200,0.0,0.9899999499320984,-5.569214820861816,-0.5293281674385071,0.15603243788106694,11.6626615524292
A,10,-2,random_orth,200,0.0,0.98499995470047,-5.582755088806152,-0.5317525267601013,2.767662355838124,11.6626615524292
A,10,-2,real_diff_in_helix_subspace,200,0.5649999976158142,0.29999998211860657,-1.7192836999893188,-3.3428356647491455,2.7600145126185236,11.6626615524292
A,10,-2,full_swap,200,0.8700000047683716,0.03500000014901161,-0.6538647413253784,-5.335209369659424,5.705206394195557,11.6626615524292
A,11,-2,helix,200,0.7249999642372131,0.16499999165534973,-1.1324083805084229,-3.681985378265381,3.050564853199122,12.521943092346191
A,11,-2,only_T2,200,0.0,0.9950000047683716,-5.579805850982666,-0.5125985741615295,0.0,12.521943092346191
A,11,-2,only_T5,200,0.3400000035762787,0.41499999165534973,-2.495326280593872,-2.153373956680298,2.6042395497812403,12.521943092346191
A,11,-2,only_T10,200,0.08999999612569809,0.7249999642372131,-4.216528415679932,-1.088734745979309,1.521632273184564,12.521943092346191
A,11,-2,only_T100,200,0.0,0.9799999594688416,-5.566650867462158,-0.5365216135978699,0.2935801728010516,12.521943092346191
A,11,-2,only_lin,200,0.0,0.9899999499320984,-5.570644378662109,-0.5273566842079163,0.16480182043011538,12.521943092346191
A,11,-2,random_orth,200,0.0,0.949999988079071,-5.562259197235107,-0.5322648286819458,3.050564853199122,12.521943092346191
A,11,-2,real_diff_in_helix_subspace,200,0.574999988079071,0.2750000059604645,-1.6479318141937256,-3.4617886543273926,3.10434424282132,12.521943092346191
A,11,-2,full_swap,200,0.8650000095367432,0.029999999329447746,-0.6613271832466125,-5.347434043884277,6.187192916870117,12.521943092346191
A,12,-2,helix,200,0.7099999785423279,0.1850000023841858,-1.0925227403640747,-3.8079986572265625,3.4474217280971486,13.211225509643555
A,12,-2,only_T2,200,0.0,0.9950000047683716,-5.579805850982666,-0.5125985741615295,0.0,13.211225509643555
A,12,-2,only_T5,200,0.39499998092651367,0.375,-2.4326350688934326,-2.2625272274017334,2.946233523333404,13.211225509643555
A,12,-2,only_T10,200,0.11499999463558197,0.6949999928474426,-4.1142258644104,-1.1408833265304565,1.7126199021157111,13.211225509643555
A,12,-2,only_T100,200,0.0,0.9799999594688416,-5.561809062957764,-0.5360554456710815,0.31380427931385274,13.211225509643555
A,12,-2,only_lin,200,0.0,0.9899999499320984,-5.570417881011963,-0.527441680431366,0.17608750584371025,13.211225509643555
A,12,-2,random_orth,200,0.0,0.98499995470047,-5.553974628448486,-0.5317514538764954,3.447421728097148,13.211225509643555
A,12,-2,real_diff_in_helix_subspace,200,0.6049999594688416,0.23999999463558197,-1.4873710870742798,-3.663007974624634,3.526556090400508,13.211225509643555
A,12,-2,full_swap,200,0.85999995470047,0.029999999329447746,-0.6667741537094116,-5.3606157302856445,6.824260234832764,13.211225509643555
A,13,-2,helix,200,0.5399999618530273,0.38499999046325684,-1.8210864067077637,-2.682356595993042,3.7109068777233087,14.502881050109863
A,13,-2,only_T2,200,0.0,0.9950000047683716,-5.579805850982666,-0.5125985741615295,0.0,14.502881050109863
A,13,-2,only_T5,200,0.23499999940395355,0.574999988079071,-3.1374144554138184,-1.5885686874389648,3.1756350574277667,14.502881050109863
A,13,-2,only_T10,200,0.06499999761581421,0.8100000023841858,-4.401261329650879,-0.9576783776283264,1.8323536659056177,14.502881050109863
A,13,-2,only_T100,200,0.0,0.9799999594688416,-5.563931941986084,-0.5337969064712524,0.340682591610477,14.502881050109863
A,13,-2,only_lin,200,0.0,0.9950000047683716,-5.574594497680664,-0.5244336128234863,0.19359141507710997,14.502881050109863
A,13,-2,random_orth,200,0.0,0.9749999642372131,-5.5865936279296875,-0.537341833114624,3.7109068777233087,14.502881050109863
A,13,-2,real_diff_in_helix_subspace,200,0.48499998450279236,0.375,-2.0891690254211426,-2.773214101791382,3.856444830327639,14.502881050109863
A,13,-2,full_swap,200,0.75,0.12999999523162842,-0.9839088916778564,-4.129750728607178,7.335074424743652,14.502881050109863
A,14,-2,helix,200,0.5049999952316284,0.41499999165534973,-2.0028319358825684,-2.498774290084839,3.9234273315435906,15.707867622375488
A,14,-2,only_T2,200,0.0,0.9950000047683716,-5.579805850982666,-0.5125985741615295,0.0,15.707867622375488
A,14,-2,only_T5,200,0.2199999988079071,0.5949999690055847,-3.2606968879699707,-1.5015449523925781,3.3744121858274103,15.707867622375488
A,14,-2,only_T10,200,0.054999999701976776,0.8199999928474426,-4.459704399108887,-0.9206739068031311,1.905679192757737,15.707867622375488
A,14,-2,only_T100,200,0.0,0.9799999594688416,-5.561108112335205,-0.5331189632415771,0.3584749796038186,15.707867622375488
A,14,-2,only_lin,200,0.0,0.9899999499320984,-5.577254295349121,-0.5221196413040161,0.2030864971600471,15.707867622375488
A,14,-2,random_orth,200,0.0,0.98499995470047,-5.569460868835449,-0.5145755410194397,3.9234273315435906,15.707867622375488
A,14,-2,real_diff_in_helix_subspace,200,0.4699999988079071,0.39499998092651367,-2.2894930839538574,-2.6139628887176514,4.108964335785134,15.707867622375488
A,14,-2,full_swap,200,0.699999988079071,0.1850000023841858,-1.1857975721359253,-3.724950075149536,7.702549934387207,15.707867622375488
A,15,-2,helix,200,0.5149999856948853,0.3999999761581421,-1.9809050559997559,-2.5368995666503906,4.243135695777191,17.501684188842773
A,15,-2,only_T2,200,0.0,0.9950000047683716,-5.579805850982666,-0.5125985741615295,0.0,17.501684188842773
A,15,-2,only_T5,200,0.22999998927116394,0.5799999833106995,-3.2375237941741943,-1.5460330247879028,3.6618297023221027,17.501684188842773
A,15,-2,only_T10,200,0.05999999865889549,0.8199999928474426,-4.443767547607422,-0.9308997988700867,2.0238697992188337,17.501684188842773
A,15,-2,only_T100,200,0.0,0.9799999594688416,-5.5611701011657715,-0.5312357544898987,0.4300427990797647,17.501684188842773
A,15,-2,only_lin,200,0.0,0.9899999499320984,-5.577044486999512,-0.5231418609619141,0.23214806480096675,17.501684188842773
A,15,-2,random_orth,200,0.0,0.9899999499320984,-5.578234672546387,-0.5298147201538086,4.243135695777191,17.501684188842773
A,15,-2,real_diff_in_helix_subspace,200,0.4699999988079071,0.39499998092651367,-2.2601265907287598,-2.654816150665283,4.529002790051171,17.501684188842773
A,15,-2,full_swap,200,0.6949999928474426,0.1899999976158142,-1.1958856582641602,-3.7119038105010986,8.368805885314941,17.501684188842773
A,16,-2,helix,200,0.5600000023841858,0.3499999940395355,-1.8772106170654297,-2.742304563522339,4.926452283998146,19.4556827545166
A,16,-2,only_T2,200,0.0,0.9950000047683716,-5.579805850982666,-0.5125985741615295,0.0,19.4556827545166
A,16,-2,only_T5,200,0.26499998569488525,0.5349999666213989,-3.1433932781219482,-1.68314790725708,4.22735841523961,19.4556827545166
A,16,-2,only_T10,200,0.08500000089406967,0.7699999809265137,-4.3425164222717285,-0.9870916604995728,2.3899990195167398,19.4556827545166
A,16,-2,only_T100,200,0.0,0.9799999594688416,-5.560373306274414,-0.5316051840782166,0.5022014263208366,19.4556827545166
A,16,-2,only_lin,200,0.0,0.9950000047683716,-5.578133583068848,-0.5225725173950195,0.2736432277936994,19.4556827545166
A,16,-2,random_orth,200,0.0,0.9749999642372131,-5.5826416015625,-0.5367345809936523,4.926452283998146,19.4556827545166
A,16,-2,real_diff_in_helix_subspace,200,0.4699999988079071,0.375,-2.11159348487854,-2.769855260848999,5.275827625785837,19.4556827545166
A,16,-2,full_swap,200,0.6899999976158142,0.19499999284744263,-1.236755132675171,-3.642695903778076,10.0164794921875,19.4556827545166
A,17,-2,helix,200,0.47999998927116394,0.44999998807907104,-2.3010623455047607,-2.240999460220337,5.293214078666824,20.822715759277344
A,17,-2,only_T2,200,0.0,0.9950000047683716,-5.579805850982666,-0.5125985741615295,0.0,20.822715759277344
A,17,-2,only_T5,200,0.20499999821186066,0.6299999952316284,-3.4637210369110107,-1.3991870880126953,4.532898639164025,20.822715759277344
A,17,-2,only_T10,200,0.05999999865889549,0.8299999833106995,-4.460170745849609,-0.8933370113372803,2.5782888192096975,20.822715759277344
A,17,-2,only_T100,200,0.0,0.9799999594688416,-5.5613884925842285,-0.5283544063568115,0.5509967408504219,20.822715759277344
A,17,-2,only_lin,200,0.0,0.9899999499320984,-5.579417705535889,-0.5208434462547302,0.3035540188814348,20.822715759277344
A,17,-2,random_orth,200,0.0,0.9649999737739563,-5.5614447593688965,-0.5347740650177002,5.293214078666824,20.822715759277344
A,17,-2,real_diff_in_helix_subspace,200,0.4399999976158142,0.44999998807907104,-2.5078563690185547,-2.275184154510498,5.691369793167882,20.822715759277344
A,17,-2,full_swap,200,0.5550000071525574,0.3199999928474426,-1.8407655954360962,-2.7526464462280273,10.861054420471191,20.822715759277344
A,18,-2,helix,200,0.38499999046325684,0.5450000166893005,-2.7193756103515625,-1.8059842586517334,5.551169654601254,23.17486000061035
A,18,-2,only_T2,200,0.0,0.9950000047683716,-5.579805850982666,-0.5125985741615295,0.0,23.17486000061035
A,18,-2,only_T5,200,0.13499999046325684,0.7249999642372131,-3.7711918354034424,-1.1584110260009766,4.751984797355282,23.17486000061035
A,18,-2,only_T10,200,0.054999999701976776,0.8549999594688416,-4.601024627685547,-0.8133854269981384,2.70221869741609,23.17486000061035
A,18,-2,only_T100,200,0.0,0.98499995470047,-5.562206268310547,-0.5276097059249878,0.5886184515581618,23.17486000061035
A,18,-2,only_lin,200,0.0,0.9950000047683716,-5.577953338623047,-0.5197405815124512,0.3234982816410096,23.17486000061035
A,18,-2,random_orth,200,0.0,0.98499995470047,-5.567022800445557,-0.5243105292320251,5.551169654601254,23.17486000061035
A,18,-2,real_diff_in_helix_subspace,200,0.3499999940395355,0.5550000071525574,-2.850515127182007,-1.8575079441070557,5.996268487642523,23.17486000061035
A,18,-2,full_swap,200,0.45499998331069946,0.4449999928474426,-2.377349853515625,-2.1062066555023193,11.437687873840332,23.17486000061035
A,19,-2,helix,200,0.0,0.98499995470047,-5.50303316116333,-0.5120972990989685,6.053015078234219,24.942930221557617
A,19,-2,only_T2,200,0.0,0.9950000047683716,-5.579805850982666,-0.5125985741615295,0.0,24.942930221557617
A,19,-2,only_T5,200,0.0,0.9950000047683716,-5.544380187988281,-0.4972594976425171,5.187207907874438,24.942930221557617
A,19,-2,only_T10,200,0.0,0.9899999499320984,-5.540444850921631,-0.5222064852714539,2.9469374844120604,24.942930221557617
A,19,-2,only_T100,200,0.0,0.9899999499320984,-5.577582836151123,-0.5156497359275818,0.6411319373466347,24.942930221557617
A,19,-2,only_lin,200,0.0,0.9950000047683716,-5.583341121673584,-0.5143190026283264,0.3594652989196292,24.942930221557617
A,19,-2,random_orth,200,0.0,0.9950000047683716,-5.579581260681152,-0.5149933099746704,6.053015078234219,24.942930221557617
A,19,-2,real_diff_in_helix_subspace,200,0.0,0.98499995470047,-5.51174783706665,-0.5090173482894897,6.588999116287007,24.942930221557617
A,19,-2,full_swap,200,0.0,0.9749999642372131,-5.446764945983887,-0.5271989703178406,12.40424919128418,24.942930221557617
A,20,-2,helix,200,0.0,0.9899999499320984,-5.503730297088623,-0.51149982213974,6.456649873508377,26.617876052856445
A,20,-2,only_T2,200,0.0,0.9950000047683716,-5.579805850982666,-0.5125985741615295,0.0,26.617876052856445
A,20,-2,only_T5,200,0.0,0.9950000047683716,-5.546016693115234,-0.49738672375679016,5.525934927684041,26.617876052856445
A,20,-2,only_T10,200,0.0,0.9899999499320984,-5.539064407348633,-0.5223842859268188,3.14665662163232,26.617876052856445
A,20,-2,only_T100,200,0.0,0.9899999499320984,-5.577579975128174,-0.5161409378051758,0.7033863734352045,26.617876052856445
A,20,-2,only_lin,200,0.0,0.9950000047683716,-5.583077430725098,-0.5148505568504333,0.39428949364445587,26.617876052856445
A,20,-2,random_orth,200,0.0,0.9899999499320984,-5.577408313751221,-0.5150154829025269,6.456649873508377,26.617876052856445
A,20,-2,real_diff_in_helix_subspace,200,0.004999999888241291,0.9799999594688416,-5.510994911193848,-0.5085723400115967,7.045527323019808,26.617876052856445
A,20,-2,full_swap,200,0.0,0.9749999642372131,-5.455373287200928,-0.5270069241523743,13.324013710021973,26.617876052856445
A,21,-2,helix,200,0.0,0.9950000047683716,-5.603240013122559,-0.5107015371322632,6.785488813662199,28.116098403930664
A,21,-2,only_T2,200,0.0,0.9950000047683716,-5.579805850982666,-0.5125985741615295,0.0,28.116098403930664
A,21,-2,only_T5,200,0.0,0.9899999499320984,-5.597347736358643,-0.5062443614006042,5.808729467139749,28.116098403930664
A,21,-2,only_T10,200,0.0,1.0,-5.583516597747803,-0.5140607953071594,3.295733599318081,28.116098403930664
A,21,-2,only_T100,200,0.0,0.9950000047683716,-5.57767915725708,-0.5139908790588379,0.7528681595863396,28.116098403930664
A,21,-2,only_lin,200,0.0,0.9950000047683716,-5.581314563751221,-0.5142214298248291,0.42040596307320127,28.116098403930664
A,21,-2,random_orth,200,0.0,0.9950000047683716,-5.580279350280762,-0.5117465853691101,6.785488813662199,28.116098403930664
A,21,-2,real_diff_in_helix_subspace,200,0.0,0.9950000047683716,-5.606412410736084,-0.5107718706130981,7.452069374567957,28.116098403930664
A,21,-2,full_swap,200,0.0,0.98499995470047,-5.589661598205566,-0.5103330016136169,14.095869064331055,28.116098403930664
A,22,-2,helix,200,0.0,1.0,-5.597824573516846,-0.5084038972854614,7.098416700734202,29.502099990844727
A,22,-2,only_T2,200,0.0,0.9950000047683716,-5.579805850982666,-0.5125985741615295,0.0,29.502099990844727
A,22,-2,only_T5,200,0.0,0.9899999499320984,-5.598074913024902,-0.5046924948692322,6.068429306639758,29.502099990844727
A,22,-2,only_T10,200,0.0,1.0,-5.584236145019531,-0.5131953954696655,3.453091668461355,29.502099990844727
A,22,-2,only_T100,200,0.0,0.9950000047683716,-5.577750205993652,-0.5143452882766724,0.8046303714924105,29.502099990844727
A,22,-2,only_lin,200,0.0,0.9950000047683716,-5.578681468963623,-0.5142018795013428,0.4445448399417778,29.502099990844727
A,22,-2,random_orth,200,0.0,0.9899999499320984,-5.580671787261963,-0.5147674083709717,7.098416700734202,29.502099990844727
A,22,-2,real_diff_in_helix_subspace,200,0.0,0.9950000047683716,-5.605227947235107,-0.5088751316070557,7.840890475011623,29.502099990844727
A,22,-2,full_swap,200,0.0,0.9799999594688416,-5.591409206390381,-0.5114791393280029,14.832266807556152,29.502099990844727
A,23,-2,helix,200,0.0,1.0,-5.601905345916748,-0.5088701248168945,7.389906599299476,30.891101837158203
A,23,-2,only_T2,200,0.0,0.9950000047683716,-5.579805850982666,-0.5125985741615295,0.0,30.891101837158203
A,23,-2,only_T5,200,0.0,0.98499995470047,-5.597300052642822,-0.5081795454025269,6.3304288174048455,30.891101837158203
A,23,-2,only_T10,200,0.0,1.0,-5.585428237915039,-0.5108475089073181,3.5711912959641485,30.891101837158203
A,23,-2,only_T100,200,0.0,0.9950000047683716,-5.578812599182129,-0.5134617686271667,0.8410540590003396,30.891101837158203
A,23,-2,only_lin,200,0.0,0.9950000047683716,-5.578855514526367,-0.5139505863189697,0.46431905358020586,30.891101837158203
A,23,-2,random_orth,200,0.0,0.9950000047683716,-5.578569412231445,-0.5124288201332092,7.389906599299475,30.891101837158203
A,23,-2,real_diff_in_helix_subspace,200,0.0,0.9899999499320984,-5.608904838562012,-0.5099188089370728,8.196975541319665,30.891101837158203
A,23,-2,full_swap,200,0.0,0.9799999594688416,-5.597464561462402,-0.5134507417678833,15.511656761169434,30.891101837158203
A,24,-2,helix,200,0.0,1.0,-5.606226444244385,-0.5094443559646606,7.6327831556925325,31.956321716308594
A,24,-2,only_T2,200,0.0,0.9950000047683716,-5.579805850982666,-0.5125985741615295,0.0,31.956321716308594
A,24,-2,only_T5,200,0.0,0.9950000047683716,-5.601017951965332,-0.5053092837333679,6.5498625337197804,31.956321716308594
A,24,-2,only_T10,200,0.0,0.9950000047683716,-5.585987567901611,-0.5134624242782593,3.6638044139678176,31.956321716308594
A,24,-2,only_T100,200,0.0,0.9950000047683716,-5.579189300537109,-0.5138072967529297,0.8766903617604052,31.956321716308594
A,24,-2,only_lin,200,0.0,0.9950000047683716,-5.5771164894104,-0.5144180655479431,0.4837912899070862,31.956321716308594
A,24,-2,random_orth,200,0.0,0.9950000047683716,-5.580697059631348,-0.5151864290237427,7.6327831556925325,31.956321716308594
A,24,-2,real_diff_in_helix_subspace,200,0.0,1.0,-5.613953590393066,-0.5083723068237305,8.507676304209658,31.956321716308594
A,24,-2,full_swap,200,0.0,1.0,-5.601851463317871,-0.5040211081504822,16.091428756713867,31.956321716308594
A,25,-2,helix,200,0.0,1.0,-5.605142593383789,-0.5090916752815247,7.924540389313901,33.44438552856445
A,25,-2,only_T2,200,0.0,0.9950000047683716,-5.579805850982666,-0.5125985741615295,0.0,33.44438552856445
A,25,-2,only_T5,200,0.0,0.9950000047683716,-5.60048246383667,-0.5055022835731506,6.808080015630878,33.44438552856445
A,25,-2,only_T10,200,0.0,0.9950000047683716,-5.586365699768066,-0.5133565664291382,3.7842166731419224,33.44438552856445
A,25,-2,only_T100,200,0.0,0.9950000047683716,-5.580751419067383,-0.5134171843528748,0.9207239866116511,33.44438552856445
A,25,-2,only_lin,200,0.0,0.9950000047683716,-5.5782084465026855,-0.5139838457107544,0.5069519245383921,33.44438552856445
A,25,-2,random_orth,200,0.0,0.9950000047683716,-5.579349040985107,-0.5136654376983643,7.9245403893139,33.44438552856445
A,25,-2,real_diff_in_helix_subspace,200,0.0,1.0,-5.612813472747803,-0.508490264415741,8.910777360355835,33.44438552856445
A,25,-2,full_swap,200,0.0,1.0,-5.600288391113281,-0.5042929649353027,16.811302185058594,33.44438552856445
A,26,-2,helix,200,0.0,1.0,-5.603973388671875,-0.5094427466392517,8.145317274100698,34.61200714111328
A,26,-2,only_T2,200,0.0,0.9950000047683716,-5.579805850982666,-0.5125985741615295,0.0,34.61200714111328
A,26,-2,only_T5,200,0.0,0.9899999499320984,-5.599068641662598,-0.5057594776153564,7.002016872822293,34.61200714111328
A,26,-2,only_T10,200,0.0,0.9950000047683716,-5.584578037261963,-0.5136078000068665,3.878359678409183,34.61200714111328
A,26,-2,only_T100,200,0.0,0.9950000047683716,-5.578653335571289,-0.5139626860618591,0.954505027048477,34.61200714111328
A,26,-2,only_lin,200,0.0,0.9950000047683716,-5.577940464019775,-0.5136898756027222,0.5279134874654811,34.61200714111328
A,26,-2,random_orth,200,0.0,0.9950000047683716,-5.58021354675293,-0.5111280083656311,8.145317274100698,34.61200714111328
A,26,-2,real_diff_in_helix_subspace,200,0.0,1.0,-5.613422870635986,-0.509009063243866,9.209943683797565,34.61200714111328
A,26,-2,full_swap,200,0.0,1.0,-5.600391864776611,-0.504221498966217,17.356037139892578,34.61200714111328
A,27,-2,helix,200,0.0,0.9950000047683716,-5.578727722167969,-0.5130990147590637,8.286357092955877,36.08637619018555
A,27,-2,only_T2,200,0.0,0.9950000047683716,-5.579805850982666,-0.5125985741615295,0.0,36.08637619018555
A,27,-2,only_T5,200,0.0,0.9950000047683716,-5.57901668548584,-0.5128234028816223,7.119499576982541,36.08637619018555
A,27,-2,only_T10,200,0.0,0.9950000047683716,-5.580460071563721,-0.5129305720329285,3.9457191228736535,36.08637619018555
A,27,-2,only_T100,200,0.0,0.9950000047683716,-5.577934265136719,-0.5127356052398682,0.9855035176551593,36.08637619018555
A,27,-2,only_lin,200,0.0,0.9950000047683716,-5.579634666442871,-0.5127902626991272,0.5449394395297225,36.08637619018555
A,27,-2,random_orth,200,0.0,0.9950000047683716,-5.576785087585449,-0.5130451917648315,8.286357092955877,36.08637619018555
A,27,-2,real_diff_in_helix_subspace,200,0.0,0.9950000047683716,-5.579941272735596,-0.5137572884559631,9.47329263868388,36.08637619018555
A,27,-2,full_swap,200,0.0,0.9899999499320984,-5.57694673538208,-0.5130950212478638,17.800003051757812,36.08637619018555
A,28,-2,helix,200,0.0,0.9950000047683716,-5.579248905181885,-0.5130413174629211,8.430839883508547,37.435855865478516
A,28,-2,only_T2,200,0.0,0.9950000047683716,-5.579805850982666,-0.5125985741615295,0.0,37.435855865478516
A,28,-2,only_T5,200,0.0,0.9950000047683716,-5.580544948577881,-0.5127771496772766,7.236082861408481,37.435855865478516
A,28,-2,only_T10,200,0.0,0.9950000047683716,-5.578983783721924,-0.5127230882644653,4.022530650223057,37.435855865478516
A,28,-2,only_T100,200,0.0,0.9950000047683716,-5.57945442199707,-0.5125732421875,1.016612255767844,37.435855865478516
A,28,-2,only_lin,200,0.0,0.9950000047683716,-5.578920841217041,-0.5125672817230225,0.5613828581443946,37.435855865478516
A,28,-2,random_orth,200,0.0,0.9950000047683716,-5.580263137817383,-0.5124384164810181,8.430839883508547,37.435855865478516
A,28,-2,real_diff_in_helix_subspace,200,0.0,0.9950000047683716,-5.581305980682373,-0.5131819248199463,9.741244018943927,37.435855865478516
A,28,-2,full_swap,200,0.0,0.9950000047683716,-5.578408241271973,-0.5129213333129883,18.271141052246094,37.435855865478516
A,29,-2,helix,200,0.0,0.9950000047683716,-5.579373836517334,-0.5126765966415405,8.748199700366188,41.50050735473633
A,29,-2,only_T2,200,0.0,0.9950000047683716,-5.579805850982666,-0.5125985741615295,0.0,41.50050735473633
A,29,-2,only_T5,200,0.0,0.9950000047683716,-5.5799455642700195,-0.512715220451355,7.497368995214356,41.50050735473633
A,29,-2,only_T10,200,0.0,0.9950000047683716,-5.578948974609375,-0.5125511288642883,4.178659451466563,41.50050735473633
A,29,-2,only_T100,200,0.0,0.9950000047683716,-5.580081462860107,-0.5125394463539124,1.0940432344515822,41.50050735473633
A,29,-2,only_lin,200,0.0,0.9950000047683716,-5.580429553985596,-0.5127859711647034,0.591067358151848,41.50050735473633
A,29,-2,random_orth,200,0.0,0.9950000047683716,-5.581064224243164,-0.5125999450683594,8.748199700366188,41.50050735473633
A,29,-2,real_diff_in_helix_subspace,200,0.0,0.9950000047683716,-5.579031944274902,-0.51287841796875,10.393730236905922,41.50050735473633
A,29,-2,full_swap,200,0.0,0.9950000047683716,-5.578751087188721,-0.5125093460083008,19.18015480041504,41.50050735473633
A,30,-2,helix,200,0.0,0.9950000047683716,-5.578820705413818,-0.512775719165802,9.207438558834799,51.958465576171875
A,30,-2,only_T2,200,0.0,0.9950000047683716,-5.579805850982666,-0.5125985741615295,0.0,51.958465576171875
A,30,-2,only_T5,200,0.0,0.9950000047683716,-5.579115390777588,-0.51262366771698,7.910334999464365,51.958465576171875
A,30,-2,only_T10,200,0.0,0.9950000047683716,-5.579983234405518,-0.5124789476394653,4.352828828333113,51.958465576171875
A,30,-2,only_T100,200,0.0,0.9950000047683716,-5.579548358917236,-0.5126937031745911,1.1640131789458277,51.958465576171875
A,30,-2,only_lin,200,0.0,0.9950000047683716,-5.579553127288818,-0.5124939680099487,0.6288947792395211,51.958465576171875
A,30,-2,random_orth,200,0.0,0.9950000047683716,-5.578557014465332,-0.5124885439872742,9.207438558834799,51.958465576171875
A,30,-2,real_diff_in_helix_subspace,200,0.0,0.9950000047683716,-5.578916072845459,-0.5125887989997864,11.212056205692866,51.958465576171875
A,30,-2,full_swap,200,0.0,0.9950000047683716,-5.5793304443359375,-0.5123520493507385,20.18231964111328,51.958465576171875
A,31,-2,helix,200,0.0,0.9950000047683716,-5.579805850982666,-0.5125985741615295,9.643469520246892,69.1502685546875
A,31,-2,only_T2,200,0.0,0.9950000047683716,-5.579805850982666,-0.5125985741615295,0.0,69.1502685546875
A,31,-2,only_T5,200,0.0,0.9950000047683716,-5.579805850982666,-0.5125985741615295,8.210403152187437,69.1502685546875
A,31,-2,only_T10,200,0.0,0.9950000047683716,-5.579805850982666,-0.5125985741615295,4.671640121050712,69.1502685546875
A,31,-2,only_T100,200,0.0,0.9950000047683716,-5.579805850982666,-0.5125985741615295,1.2547214199422865,69.1502685546875
A,31,-2,only_lin,200,0.0,0.9950000047683716,-5.579805850982666,-0.5125985741615295,0.6965186029926685,69.1502685546875
A,31,-2,random_orth,200,0.0,0.9950000047683716,-5.579805850982666,-0.5125985741615295,9.64346952024689,69.1502685546875
A,31,-2,real_diff_in_helix_subspace,200,0.0,0.9950000047683716,-5.579805850982666,-0.5125985741615295,12.156718355663468,69.1502685546875
A,31,-2,full_swap,200,0.0,0.9950000047683716,-5.579805850982666,-0.5125985741615295,21.325300216674805,69.1502685546875
A,0,-1,helix,200,0.6699999570846558,0.12999999523162842,-1.3370543718338013,-3.4489293098449707,1.4663652114238765,3.6934587955474854
A,0,-1,only_T2,200,0.2750000059604645,0.29999998211860657,-2.863572359085083,-2.3425285816192627,1.092490331761784,3.6934587955474854
A,0,-1,only_T5,200,0.004999999888241291,0.8849999904632568,-4.725438117980957,-0.7098857164382935,0.8667673600767634,3.6934587955474854
A,0,-1,only_T10,200,0.0,0.9549999833106995,-5.292075157165527,-0.5431172847747803,0.4565826414410717,3.6934587955474854
A,0,-1,only_T100,200,0.0,0.9899999499320984,-5.523797035217285,-0.4854290783405304,0.08469160468034403,3.6934587955474854
A,0,-1,only_lin,200,0.0,0.9899999499320984,-5.530290603637695,-0.4873926341533661,0.04003225359246287,3.6934587955474854
A,0,-1,random_orth,200,0.0,0.9799999594688416,-5.545716285705566,-0.4793384373188019,1.4663652114238765,3.6934587955474854
A,0,-1,real_diff_in_helix_subspace,200,0.5550000071525574,0.22999998927116394,-1.8413995504379272,-3.192755937576294,1.3900181171099397,3.6934587955474854
A,0,-1,full_swap,200,0.875,0.004999999888241291,-0.6089423894882202,-5.155030250549316,3.6399126052856445,3.6934587955474854
A,1,-1,helix,200,0.6499999761581421,0.14999999105930328,-1.3823611736297607,-3.4062559604644775,1.462133957756819,4.258242130279541
A,1,-1,only_T2,200,0.25999999046325684,0.3199999928474426,-2.9079036712646484,-2.2824783325195312,1.0971723854783964,4.258242130279541
A,1,-1,only_T5,200,0.009999999776482582,0.875,-4.731301784515381,-0.7103422284126282,0.8572218312612097,4.258242130279541
A,1,-1,only_T10,200,0.0,0.949999988079071,-5.292721271514893,-0.5463827252388,0.4509733245637857,4.258242130279541
A,1,-1,only_T100,200,0.0,0.9899999499320984,-5.523551940917969,-0.4843677282333374,0.08477930034334433,4.258242130279541
A,1,-1,only_lin,200,0.0,0.9950000047683716,-5.525289058685303,-0.4851747751235962,0.042289198121416086,4.258242130279541
A,1,-1,random_orth,200,0.0,0.9599999785423279,-5.536227703094482,-0.4841103255748749,1.462133957756819,4.258242130279541
A,1,-1,real_diff_in_helix_subspace,200,0.5450000166893005,0.23499999940395355,-1.8390274047851562,-3.150744915008545,1.4011859380361287,4.258242130279541
A,1,-1,full_swap,200,0.8849999904632568,0.004999999888241291,-0.6042373180389404,-5.121789455413818,3.5923218727111816,4.258242130279541
A,2,-1,helix,200,0.6699999570846558,0.14000000059604645,-1.367503046989441,-3.4272890090942383,1.5210915399803377,5.2637038230896
A,2,-1,only_T2,200,0.26999998092651367,0.3149999976158142,-2.888800621032715,-2.290668487548828,1.139526575145863,5.2637038230896
A,2,-1,only_T5,200,0.014999999664723873,0.875,-4.726025581359863,-0.7227423787117004,0.8947384084058592,5.2637038230896
A,2,-1,only_T10,200,0.0,0.9549999833106995,-5.289780139923096,-0.5469368696212769,0.46667661091241514,5.2637038230896
A,2,-1,only_T100,200,0.0,0.9899999499320984,-5.5226593017578125,-0.4841770827770233,0.08750024184409351,5.2637038230896
A,2,-1,only_lin,200,0.0,0.9899999499320984,-5.527214050292969,-0.48444288969039917,0.04582031654107508,5.2637038230896
A,2,-1,random_orth,200,0.0,0.9749999642372131,-5.559016704559326,-0.4799027144908905,1.5210915399803377,5.2637038230896
A,2,-1,real_diff_in_helix_subspace,200,0.5649999976158142,0.22499999403953552,-1.773611068725586,-3.2082056999206543,1.4804250067973244,5.2637038230896
A,2,-1,full_swap,200,0.8650000095367432,0.004999999888241291,-0.6018164157867432,-5.122398376464844,3.7095422744750977,5.2637038230896
A,3,-1,helix,200,0.6850000023841858,0.12999999523162842,-1.3081092834472656,-3.515681028366089,1.7006870390571718,6.072418689727783
A,3,-1,only_T2,200,0.26999998092651367,0.2750000059604645,-2.844780206680298,-2.3910136222839355,1.3077919932705149,6.072418689727783
A,3,-1,only_T5,200,0.014999999664723873,0.875,-4.701362609863281,-0.7342296242713928,0.9716159448116096,6.072418689727783
A,3,-1,only_T10,200,0.0,0.949999988079071,-5.284676551818848,-0.5480312705039978,0.49947293739247733,6.072418689727783
A,3,-1,only_T100,200,0.0,0.9950000047683716,-5.52702522277832,-0.484146386384964,0.0943043607061517,6.072418689727783
A,3,-1,only_lin,200,0.0,0.9899999499320984,-5.530752658843994,-0.48698440194129944,0.049946074226598344,6.072418689727783
A,3,-1,random_orth,200,0.0,0.9799999594688416,-5.528597354888916,-0.4784100353717804,1.7006870390571718,6.072418689727783
A,3,-1,real_diff_in_helix_subspace,200,0.5649999976158142,0.2199999988079071,-1.652880311012268,-3.303670644760132,1.6740890930402623,6.072418689727783
A,3,-1,full_swap,200,0.8700000047683716,0.004999999888241291,-0.6076914072036743,-5.10685920715332,3.9065346717834473,6.072418689727783
A,4,-1,helix,200,0.6850000023841858,0.12999999523162842,-1.3405436277389526,-3.454275369644165,1.78155608180013,7.057960033416748
A,4,-1,only_T2,200,0.26499998569488525,0.3199999928474426,-2.8850739002227783,-2.3114824295043945,1.3622374456332944,7.057960033416748
A,4,-1,only_T5,200,0.014999999664723873,0.8700000047683716,-4.69173002243042,-0.7338680028915405,1.026376253032419,7.057960033416748
A,4,-1,only_T10,200,0.0,0.9449999928474426,-5.284668445587158,-0.5522769689559937,0.5222670943400182,7.057960033416748
A,4,-1,only_T100,200,0.0,0.9950000047683716,-5.527468681335449,-0.4826890826225281,0.1011506607148527,7.057960033416748
A,4,-1,only_lin,200,0.0,0.9899999499320984,-5.5301055908203125,-0.48482081294059753,0.055074627362845074,7.057960033416748
A,4,-1,random_orth,200,0.0,0.9549999833106995,-5.530430793762207,-0.4994077980518341,1.78155608180013,7.057960033416748
A,4,-1,real_diff_in_helix_subspace,200,0.5649999976158142,0.22999998927116394,-1.674036979675293,-3.242833137512207,1.773058929399937,7.057960033416748
A,4,-1,full_swap,200,0.875,0.004999999888241291,-0.6084927916526794,-5.04144287109375,4.090151786804199,7.057960033416748
A,5,-1,helix,200,0.6599999666213989,0.1550000011920929,-1.3456494808197021,-3.4345364570617676,1.9136180806607184,7.830073833465576
A,5,-1,only_T2,200,0.25999999046325684,0.32999998331069946,-2.89184308052063,-2.2912051677703857,1.4576634201545653,7.830073833465576
A,5,-1,only_T5,200,0.014999999664723873,0.875,-4.689009189605713,-0.7359535098075867,1.1085708777309242,7.830073833465576
A,5,-1,only_T10,200,0.0,0.9449999928474426,-5.284238338470459,-0.5555378794670105,0.5599456026722547,7.830073833465576
A,5,-1,only_T100,200,0.0,0.9950000047683716,-5.527400493621826,-0.4827192723751068,0.10717784500408083,7.830073833465576
A,5,-1,only_lin,200,0.0,0.9950000047683716,-5.531988620758057,-0.4836799204349518,0.05928793842065614,7.830073833465576
A,5,-1,random_orth,200,0.0,0.9649999737739563,-5.521597862243652,-0.48785868287086487,1.9136180806607184,7.830073833465576
A,5,-1,real_diff_in_helix_subspace,200,0.5649999976158142,0.23499999940395355,-1.6781694889068604,-3.2309396266937256,1.9249913884297754,7.830073833465576
A,5,-1,full_swap,200,0.875,0.009999999776482582,-0.6059483289718628,-5.012628078460693,4.33403205871582,7.830073833465576
A,6,-1,helix,200,0.6699999570846558,0.14999999105930328,-1.3537319898605347,-3.4254276752471924,2.0426118246663982,8.929615020751953
A,6,-1,only_T2,200,0.25,0.32499998807907104,-2.8830554485321045,-2.2985751628875732,1.5544928266977576,8.929615020751953
A,6,-1,only_T5,200,0.009999999776482582,0.8650000095367432,-4.686251163482666,-0.7444451451301575,1.18847332432272,8.929615020751953
A,6,-1,only_T10,200,0.0,0.9449999928474426,-5.2846479415893555,-0.5596339106559753,0.5902066762328826,8.929615020751953
A,6,-1,only_T100,200,0.0,0.9950000047683716,-5.523549556732178,-0.4828082025051117,0.11333692973654115,8.929615020751953
A,6,-1,only_lin,200,0.0,0.9950000047683716,-5.529316425323486,-0.48374873399734497,0.06391401823407479,8.929615020751953
A,6,-1,random_orth,200,0.0,0.98499995470047,-5.53355073928833,-0.4875943958759308,2.0426118246663982,8.929615020751953
A,6,-1,real_diff_in_helix_subspace,200,0.5450000166893005,0.2199999988079071,-1.7104934453964233,-3.2602598667144775,2.101516557432327,8.929615020751953
A,6,-1,full_swap,200,0.8899999856948853,0.009999999776482582,-0.614971935749054,-5.007297039031982,4.574667453765869,8.929615020751953
A,7,-1,helix,200,0.6549999713897705,0.1599999964237213,-1.3666675090789795,-3.406769275665283,2.1231562027648083,9.61667251586914
A,7,-1,only_T2,200,0.23999999463558197,0.3400000035762787,-2.8918590545654297,-2.271411418914795,1.6079601944513218,9.61667251586914
A,7,-1,only_T5,200,0.014999999664723873,0.8700000047683716,-4.685225009918213,-0.7428691983222961,1.2411981971850379,9.61667251586914
A,7,-1,only_T10,200,0.0,0.9449999928474426,-5.277682781219482,-0.5569250583648682,0.6173419436167503,9.61667251586914
A,7,-1,only_T100,200,0.0,0.9950000047683716,-5.526831150054932,-0.4830373227596283,0.11866575564486251,9.61667251586914
A,7,-1,only_lin,200,0.0,0.9950000047683716,-5.52845573425293,-0.48202842473983765,0.06763798252652406,9.61667251586914
A,7,-1,random_orth,200,0.0,0.98499995470047,-5.549992561340332,-0.49853190779685974,2.1231562027648083,9.61667251586914
A,7,-1,real_diff_in_helix_subspace,200,0.5349999666213989,0.20999999344348907,-1.7927790880203247,-3.2108099460601807,2.2097680945732514,9.61667251586914
A,7,-1,full_swap,200,0.8899999856948853,0.009999999776482582,-0.6222637891769409,-4.967402935028076,4.774380207061768,9.61667251586914
A,8,-1,helix,200,0.6549999713897705,0.1550000011920929,-1.3615307807922363,-3.4111998081207275,2.186526253965136,10.471185684204102
A,8,-1,only_T2,200,0.25,0.3199999928474426,-2.894334316253662,-2.282381772994995,1.6442198130737042,10.471185684204102
A,8,-1,only_T5,200,0.009999999776482582,0.8650000095367432,-4.684970378875732,-0.7470319271087646,1.29036668488412,10.471185684204102
A,8,-1,only_T10,200,0.0,0.9449999928474426,-5.27669620513916,-0.5575032830238342,0.6361531569336192,10.471185684204102
A,8,-1,only_T100,200,0.0,0.9950000047683716,-5.526359558105469,-0.48332199454307556,0.12213178819999655,10.471185684204102
A,8,-1,only_lin,200,0.0,0.9950000047683716,-5.530232906341553,-0.4828534722328186,0.06998922298325634,10.471185684204102
A,8,-1,random_orth,200,0.0,0.9749999642372131,-5.52927827835083,-0.4908752739429474,2.186526253965136,10.471185684204102
A,8,-1,real_diff_in_helix_subspace,200,0.5349999666213989,0.2199999988079071,-1.845486044883728,-3.2126543521881104,2.3138173472487216,10.471185684204102
A,8,-1,full_swap,200,0.8799999952316284,0.009999999776482582,-0.619964599609375,-4.965371608734131,4.91863489151001,10.471185684204102
A,9,-1,helix,200,0.6649999618530273,0.14999999105930328,-1.3555456399917603,-3.4297943115234375,2.2790673747251384,11.175019264221191
A,9,-1,only_T2,200,0.2549999952316284,0.3100000023841858,-2.892289638519287,-2.2991816997528076,1.717194164996332,11.175019264221191
A,9,-1,only_T5,200,0.009999999776482582,0.85999995470047,-4.684041500091553,-0.7604774832725525,1.3414277347844985,11.175019264221191
A,9,-1,only_T10,200,0.0,0.9449999928474426,-5.27197265625,-0.5607965588569641,0.6577287967827553,11.175019264221191
A,9,-1,only_T100,200,0.0,0.9950000047683716,-5.525983810424805,-0.48219817876815796,0.12770984850782294,11.175019264221191
A,9,-1,only_lin,200,0.0,0.9950000047683716,-5.526497840881348,-0.48370540142059326,0.07283504574401992,11.175019264221191
A,9,-1,random_orth,200,0.0,0.9799999594688416,-5.529526710510254,-0.4955826699733734,2.2790673747251384,11.175019264221191
A,9,-1,real_diff_in_helix_subspace,200,0.5299999713897705,0.20999999344348907,-1.8871064186096191,-3.239663600921631,2.4452566874349086,11.175019264221191
A,9,-1,full_swap,200,0.875,0.009999999776482582,-0.6167674660682678,-4.969440937042236,5.125850677490234,11.175019264221191
A,10,-1,helix,200,0.675000011920929,0.14000000059604645,-1.3107050657272339,-3.4817445278167725,2.4442550759300343,11.699487686157227
A,10,-1,only_T2,200,0.2449999898672104,0.29499998688697815,-2.8635478019714355,-2.3601105213165283,1.839837025452397,11.699487686157227
A,10,-1,only_T5,200,0.009999999776482582,0.8499999642372131,-4.660802364349365,-0.7665550112724304,1.4373409424292578,11.699487686157227
A,10,-1,only_T10,200,0.0,0.9449999928474426,-5.263891696929932,-0.5632838010787964,0.71534876874238,11.699487686157227
A,10,-1,only_T100,200,0.0,0.9950000047683716,-5.526589393615723,-0.4813990294933319,0.136697873010589,11.699487686157227
A,10,-1,only_lin,200,0.0,0.9950000047683716,-5.531461238861084,-0.48179593682289124,0.07801621894053351,11.699487686157227
A,10,-1,random_orth,200,0.0,0.9799999594688416,-5.509296894073486,-0.48487913608551025,2.4442550759300343,11.699487686157227
A,10,-1,real_diff_in_helix_subspace,200,0.5349999666213989,0.20499999821186066,-1.857033371925354,-3.28497052192688,2.652106779161435,11.699487686157227
A,10,-1,full_swap,200,0.8799999952316284,0.009999999776482582,-0.6147282123565674,-4.967013359069824,5.456143856048584,11.699487686157227
A,11,-1,helix,200,0.7099999785423279,0.12999999523162842,-1.2926273345947266,-3.521010160446167,2.679836231077624,12.578104019165039
A,11,-1,only_T2,200,0.2750000059604645,0.26999998092651367,-2.840725898742676,-2.536341428756714,2.007828563193946,12.578104019165039
A,11,-1,only_T5,200,0.009999999776482582,0.8549999594688416,-4.624095916748047,-0.7873614430427551,1.5872217967936364,12.578104019165039
A,11,-1,only_T10,200,0.0,0.949999988079071,-5.251773357391357,-0.57333904504776,0.8004940635004206,12.578104019165039
A,11,-1,only_T100,200,0.0,0.9950000047683716,-5.522511959075928,-0.4826371669769287,0.1454555949126051,12.578104019165039
A,11,-1,only_lin,200,0.0,0.9950000047683716,-5.52894401550293,-0.48144102096557617,0.08240091021505773,12.578104019165039
A,11,-1,random_orth,200,0.0,0.9599999785423279,-5.507588863372803,-0.5020245909690857,2.679836231077624,12.578104019165039
A,11,-1,real_diff_in_helix_subspace,200,0.5299999713897705,0.17000000178813934,-1.8005447387695312,-3.4318034648895264,2.946132767081549,12.578104019165039
A,11,-1,full_swap,200,0.8650000095367432,0.014999999664723873,-0.6277368664741516,-4.979102611541748,5.907525539398193,12.578104019165039
A,12,-1,helix,200,0.7199999690055847,0.11999999731779099,-1.2034265995025635,-3.641815185546875,3.0174188248933587,13.248608589172363
A,12,-1,only_T2,200,0.25999999046325684,0.2449999898672104,-2.7542760372161865,-2.683657169342041,2.255946549803137,13.248608589172363
A,12,-1,only_T5,200,0.009999999776482582,0.8149999976158142,-4.565539836883545,-0.8570982813835144,1.7931219569119135,13.248608589172363
A,12,-1,only_T10,200,0.0,0.9350000023841858,-5.230170726776123,-0.5842564702033997,0.9009586463652375,13.248608589172363
A,12,-1,only_T100,200,0.0,0.9950000047683716,-5.525689601898193,-0.48167282342910767,0.15539076541929536,13.248608589172363
A,12,-1,only_lin,200,0.0,0.9950000047683716,-5.528792381286621,-0.48265784978866577,0.08804375292185514,13.248608589172363
A,12,-1,random_orth,200,0.004999999888241291,0.9599999785423279,-5.522089958190918,-0.5039651989936829,3.0174188248933587,13.248608589172363
A,12,-1,real_diff_in_helix_subspace,200,0.5949999690055847,0.11999999731779099,-1.571237564086914,-3.6028857231140137,3.3335978355170344,13.248608589172363
A,12,-1,full_swap,200,0.8549999594688416,0.019999999552965164,-0.6356220245361328,-4.981650352478027,6.516200065612793,13.248608589172363
A,13,-1,helix,200,0.6049999594688416,0.2449999898672104,-1.6266884803771973,-2.894804000854492,3.2398934187279957,14.508454322814941
A,13,-1,only_T2,200,0.2449999898672104,0.38499999046325684,-3.0353660583496094,-2.1372735500335693,2.4218042739149594,14.508454322814941
A,13,-1,only_T5,200,0.009999999776482582,0.8650000095367432,-4.7389678955078125,-0.7168225646018982,1.9334045250050025,14.508454322814941
A,13,-1,only_T10,200,0.0,0.949999988079071,-5.279962062835693,-0.5541582703590393,0.963719127304919,14.508454322814941
A,13,-1,only_T100,200,0.0,0.9950000047683716,-5.521944522857666,-0.48113468289375305,0.1683755432356665,14.508454322814941
A,13,-1,only_lin,200,0.0,0.9950000047683716,-5.5292863845825195,-0.4821487367153168,0.096795707538555,14.508454322814941
A,13,-1,random_orth,200,0.0,0.9799999594688416,-5.526520729064941,-0.49148184061050415,3.2398934187279957,14.508454322814941
A,13,-1,real_diff_in_helix_subspace,200,0.4599999785423279,0.22999998927116394,-1.9586658477783203,-2.8964641094207764,3.6014454124125677,14.508454322814941
A,13,-1,full_swap,200,0.8199999928474426,0.06499999761581421,-0.7952532172203064,-4.2065019607543945,6.956719398498535,14.508454322814941
A,14,-1,helix,200,0.5799999833106995,0.26499998569488525,-1.779854416847229,-2.67158842086792,3.3808847540903315,15.714411735534668
A,14,-1,only_T2,200,0.22499999403953552,0.4350000023841858,-3.1544392108917236,-1.9503551721572876,2.501253776557764,15.714411735534668
A,14,-1,only_T5,200,0.009999999776482582,0.875,-4.768736839294434,-0.6915794014930725,2.054360846444736,15.714411735534668
A,14,-1,only_T10,200,0.0,0.949999988079071,-5.292757987976074,-0.54976886510849,1.0024267673307456,15.714411735534668
A,14,-1,only_T100,200,0.0,0.9950000047683716,-5.52216100692749,-0.48064810037612915,0.1771554522814182,15.714411735534668
A,14,-1,only_lin,200,0.0,0.9950000047683716,-5.531994342803955,-0.4797762334346771,0.10154324858002356,15.714411735534668
A,14,-1,random_orth,200,0.0,0.9799999594688416,-5.545654773712158,-0.49816593527793884,3.3808847540903315,15.714411735534668
A,14,-1,real_diff_in_helix_subspace,200,0.42499998211860657,0.2849999964237213,-2.162996768951416,-2.7567267417907715,3.8280208504734774,15.714411735534668
A,14,-1,full_swap,200,0.7899999618530273,0.08999999612569809,-0.9287766814231873,-3.873152494430542,7.298035144805908,15.714411735534668
A,15,-1,helix,200,0.5849999785423279,0.25999999046325684,-1.741727590560913,-2.7187273502349854,3.651415023566433,17.495616912841797
A,15,-1,only_T2,200,0.2199999988079071,0.42499998211860657,-3.113879442214966,-1.9979583024978638,2.7004344439627066,17.495616912841797
A,15,-1,only_T5,200,0.009999999776482582,0.8650000095367432,-4.752303123474121,-0.7093675136566162,2.2284241010683616,17.495616912841797
A,15,-1,only_T10,200,0.0,0.949999988079071,-5.288702487945557,-0.5500475168228149,1.0643956557858225,17.495616912841797
A,15,-1,only_T100,200,0.0,0.9950000047683716,-5.521957874298096,-0.4806588590145111,0.21105247227541923,17.495616912841797
A,15,-1,only_lin,200,0.0,0.9950000047683716,-5.529294490814209,-0.4800644516944885,0.11607403240048342,17.495616912841797
A,15,-1,random_orth,200,0.0,0.98499995470047,-5.53851318359375,-0.4950184226036072,3.651415023566433,17.495616912841797
A,15,-1,real_diff_in_helix_subspace,200,0.41999998688697815,0.29999998211860657,-2.180602550506592,-2.7991716861724854,4.2078321238036365,17.495616912841797
A,15,-1,full_swap,200,0.7949999570846558,0.08500000089406967,-0.9329853057861328,-3.8608217239379883,7.919734477996826,17.495616912841797
A,16,-1,helix,200,0.6100000143051147,0.25,-1.6412593126296997,-2.9117491245269775,4.264109051343976,19.456953048706055
A,16,-1,only_T2,200,0.2549999952316284,0.3700000047683716,-2.9990463256835938,-2.209017515182495,3.1738810704425875,19.456953048706055
A,16,-1,only_T5,200,0.009999999776482582,0.8399999737739563,-4.703692436218262,-0.7686646580696106,2.578005386759668,19.456953048706055
A,16,-1,only_T10,200,0.0,0.949999988079071,-5.2653489112854,-0.5610288381576538,1.2571975976796523,19.456953048706055
A,16,-1,only_T100,200,0.0,0.9950000047683716,-5.523727893829346,-0.4794814884662628,0.2470951588892703,19.456953048706055
A,16,-1,only_lin,200,0.0,0.9950000047683716,-5.530976295471191,-0.47974681854248047,0.13682161389684971,19.456953048706055
A,16,-1,random_orth,200,0.0,0.9749999642372131,-5.523703098297119,-0.49277162551879883,4.264109051343976,19.456953048706055
A,16,-1,real_diff_in_helix_subspace,200,0.47999998927116394,0.22499999403953552,-1.9946078062057495,-2.911369562149048,4.848770956353154,19.456953048706055
A,16,-1,full_swap,200,0.7899999618530273,0.08999999612569809,-0.9511996507644653,-3.7840588092803955,9.353306770324707,19.456953048706055
A,17,-1,helix,200,0.5149999856948853,0.3349999785423279,-1.993252158164978,-2.416339874267578,4.588091055681623,20.81692886352539
A,17,-1,only_T2,200,0.20499999821186066,0.48499998450279236,-3.2207577228546143,-1.8438631296157837,3.4226333288988364,20.81692886352539
A,17,-1,only_T5,200,0.009999999776482582,0.8700000047683716,-4.792651176452637,-0.6969641447067261,2.7607904343789555,20.81692886352539
A,17,-1,only_T10,200,0.0,0.9549999833106995,-5.288622856140137,-0.5439097881317139,1.3561361576179451,20.81692886352539
A,17,-1,only_T100,200,0.0,0.9950000047683716,-5.524844169616699,-0.47961530089378357,0.27100727775579786,20.81692886352539
A,17,-1,only_lin,200,0.0,0.9950000047683716,-5.530991077423096,-0.4793149530887604,0.15177700944071745,20.81692886352539
A,17,-1,random_orth,200,0.0,0.9799999594688416,-5.519026756286621,-0.4896756708621979,4.588091055681623,20.81692886352539
A,17,-1,real_diff_in_helix_subspace,200,0.375,0.35499998927116394,-2.292402505874634,-2.4531259536743164,5.255457069254029,20.81692886352539
A,17,-1,full_swap,200,0.6200000047683716,0.23499999940395355,-1.4293969869613647,-2.9315972328186035,10.127969741821289,20.81692886352539
A,18,-1,helix,200,0.3499999940395355,0.5299999713897705,-2.641645669937134,-1.7025381326675415,4.819992523457961,23.165342330932617
A,18,-1,only_T2,200,0.14999999105930328,0.6499999761581421,-3.7011382579803467,-1.2934237718582153,3.602885043609263,23.165342330932617
A,18,-1,only_T5,200,0.0,0.9149999618530273,-4.910609245300293,-0.6284793615341187,2.893924855747256,23.165342330932617
A,18,-1,only_T10,200,0.0,0.9649999737739563,-5.31824254989624,-0.5312828421592712,1.4213802765754782,23.165342330932617
A,18,-1,only_T100,200,0.0,0.9950000047683716,-5.521694183349609,-0.4795062243938446,0.28914126282042985,23.165342330932617
A,18,-1,only_lin,200,0.0,0.9950000047683716,-5.531733512878418,-0.47816184163093567,0.16174914082050484,23.165342330932617
A,18,-1,random_orth,200,0.0,0.9899999499320984,-5.533193111419678,-0.491290807723999,4.819992523457961,23.165342330932617
A,18,-1,real_diff_in_helix_subspace,200,0.29499998688697815,0.5349999666213989,-2.858435869216919,-1.770129680633545,5.558986705693453,23.165342330932617
A,18,-1,full_swap,200,0.429999977350235,0.4449999928474426,-2.2127416133880615,-1.9795722961425781,10.672611236572266,23.165342330932617
A,19,-1,helix,200,0.0,0.98499995470047,-5.457322120666504,-0.4817008972167969,5.232022679548404,24.923988342285156
A,19,-1,only_T2,200,0.0,0.9899999499320984,-5.49445915222168,-0.47082358598709106,3.8925133633932654,24.923988342285156
A,19,-1,only_T5,200,0.0,1.0,-5.502230167388916,-0.47520026564598083,3.159877444001505,24.923988342285156
A,19,-1,only_T10,200,0.0,1.0,-5.521515846252441,-0.4790663421154022,1.5510245746672444,24.923988342285156
A,19,-1,only_T100,200,0.0,0.9950000047683716,-5.528690814971924,-0.4757305681705475,0.31466982873053845,24.923988342285156
A,19,-1,only_lin,200,0.0,0.9950000047683716,-5.531941890716553,-0.4762193262577057,0.1797326494598147,24.923988342285156
A,19,-1,random_orth,200,0.0,0.9950000047683716,-5.528750896453857,-0.4760262072086334,5.232022679548404,24.923988342285156
A,19,-1,real_diff_in_helix_subspace,200,0.0,0.9799999594688416,-5.432963848114014,-0.4823923408985138,6.071180367571355,24.923988342285156
A,19,-1,full_swap,200,0.0,0.9699999690055847,-5.325023174285889,-0.47346600890159607,11.548920631408691,24.923988342285156
A,20,-1,helix,200,0.0,0.9899999499320984,-5.466026306152344,-0.48408040404319763,5.601392347550924,26.60944366455078
A,20,-1,only_T2,200,0.0,0.9899999499320984,-5.49538516998291,-0.47288966178894043,4.176624651729304,26.60944366455078
A,20,-1,only_T5,200,0.0,0.9950000047683716,-5.506442546844482,-0.4767140746116638,3.3632654448943002,26.60944366455078
A,20,-1,only_T10,200,0.0,1.0,-5.51976203918457,-0.4802455008029938,1.6562382714621589,26.60944366455078
A,20,-1,only_T100,200,0.0,0.9950000047683716,-5.529591083526611,-0.475775808095932,0.3450623894341296,26.60944366455078
A,20,-1,only_lin,200,0.0,0.9950000047683716,-5.531691074371338,-0.4762416481971741,0.19714474682222796,26.60944366455078
A,20,-1,random_orth,200,0.0,0.9950000047683716,-5.528578281402588,-0.476046085357666,5.601392347550924,26.60944366455078
A,20,-1,real_diff_in_helix_subspace,200,0.0,0.9899999499320984,-5.4402923583984375,-0.48350462317466736,6.512836804513001,26.60944366455078
A,20,-1,full_swap,200,0.0,0.9749999642372131,-5.3372297286987305,-0.4719373285770416,12.413324356079102,26.60944366455078
A,21,-1,helix,200,0.0,0.9899999499320984,-5.524774074554443,-0.48103103041648865,5.882610978016035,28.121631622314453
A,21,-1,only_T2,200,0.0,0.9899999499320984,-5.524962425231934,-0.47634178400039673,4.389496553954608,28.121631622314453
A,21,-1,only_T5,200,0.0,1.0,-5.530307292938232,-0.4756477177143097,3.5339585383194163,28.121631622314453
A,21,-1,only_T10,200,0.0,0.9950000047683716,-5.528872966766357,-0.475911945104599,1.7348345201842503,28.121631622314453
A,21,-1,only_T100,200,0.0,0.9950000047683716,-5.53046989440918,-0.47586897015571594,0.3690229244770511,28.121631622314453
A,21,-1,only_lin,200,0.0,0.9950000047683716,-5.529592990875244,-0.475079745054245,0.2102029815366007,28.121631622314453
A,21,-1,random_orth,200,0.0,1.0,-5.531514644622803,-0.47544825077056885,5.882610978016035,28.121631622314453
A,21,-1,real_diff_in_helix_subspace,200,0.0,0.9899999499320984,-5.511027812957764,-0.4810834527015686,6.89504009465994,28.121631622314453
A,21,-1,full_swap,200,0.0,1.0,-5.488612651824951,-0.4680367112159729,13.136251449584961,28.121631622314453
A,22,-1,helix,200,0.0,0.9899999499320984,-5.526121139526367,-0.48035743832588196,6.1625696195722135,29.534311294555664
A,22,-1,only_T2,200,0.0,0.9899999499320984,-5.5281805992126465,-0.47657153010368347,4.607853654418376,29.534311294555664
A,22,-1,only_T5,200,0.0,1.0,-5.530482292175293,-0.4757629632949829,3.688951757698162,29.534311294555664
A,22,-1,only_T10,200,0.0,0.9950000047683716,-5.528819561004639,-0.4759541153907776,1.8175825750815597,29.534311294555664
A,22,-1,only_T100,200,0.0,0.9950000047683716,-5.530141353607178,-0.4753367006778717,0.3943025244639696,29.534311294555664
A,22,-1,only_lin,200,0.0,0.9950000047683716,-5.531627655029297,-0.47497865557670593,0.2222724199708889,29.534311294555664
A,22,-1,random_orth,200,0.0,0.9950000047683716,-5.533944606781006,-0.4750118553638458,6.1625696195722135,29.534311294555664
A,22,-1,real_diff_in_helix_subspace,200,0.0,0.9899999499320984,-5.514898777008057,-0.4796052575111389,7.251063131589758,29.534311294555664
A,22,-1,full_swap,200,0.0,1.0,-5.494935035705566,-0.4678989350795746,13.810133934020996,29.534311294555664
A,23,-1,helix,200,0.0,0.9899999499320984,-5.532507419586182,-0.48058170080184937,6.399983571223788,30.94266128540039
A,23,-1,only_T2,200,0.0,0.9899999499320984,-5.52772331237793,-0.47758322954177856,4.77662675296913,30.94266128540039
A,23,-1,only_T5,200,0.0,1.0,-5.531998157501221,-0.4759458899497986,3.8476841884144117,30.94266128540039
A,23,-1,only_T10,200,0.0,0.9950000047683716,-5.529683589935303,-0.4747927486896515,1.8798665378353943,30.94266128540039
A,23,-1,only_T100,200,0.0,0.9950000047683716,-5.529020309448242,-0.4756726026535034,0.4120242409014901,30.94266128540039
A,23,-1,only_lin,200,0.0,0.9950000047683716,-5.529772758483887,-0.47475653886795044,0.232159526790103,30.94266128540039
A,23,-1,random_orth,200,0.0,0.9950000047683716,-5.529727458953857,-0.4769236743450165,6.399983571223788,30.94266128540039
A,23,-1,real_diff_in_helix_subspace,200,0.0,0.9899999499320984,-5.520074367523193,-0.48001977801322937,7.586350686271535,30.94266128540039
A,23,-1,full_swap,200,0.0,1.0,-5.508950710296631,-0.47224774956703186,14.453442573547363,30.94266128540039
A,24,-1,helix,200,0.0,0.9899999499320984,-5.531844139099121,-0.47688546776771545,6.578285936547027,32.03152847290039
A,24,-1,only_T2,200,0.0,0.9950000047683716,-5.529085159301758,-0.4728119969367981,4.8908641695718895,32.03152847290039
A,24,-1,only_T5,200,0.0,1.0,-5.531505107879639,-0.4760928750038147,3.9775243421208746,32.03152847290039
A,24,-1,only_T10,200,0.0,0.9950000047683716,-5.5326128005981445,-0.47536352276802063,1.9284494607212341,32.03152847290039
A,24,-1,only_T100,200,0.0,0.9950000047683716,-5.529794692993164,-0.47492140531539917,0.42961927765113317,32.03152847290039
A,24,-1,only_lin,200,0.0,0.9950000047683716,-5.5298075675964355,-0.47573333978652954,0.24189564495354318,32.03152847290039
A,24,-1,random_orth,200,0.0,0.9950000047683716,-5.529929161071777,-0.47527793049812317,6.578285936547027,32.03152847290039
A,24,-1,real_diff_in_helix_subspace,200,0.0,0.9950000047683716,-5.523702144622803,-0.4757222533226013,7.838746185266684,32.03152847290039
A,24,-1,full_swap,200,0.0,1.0,-5.518145561218262,-0.463450163602829,14.988558769226074,32.03152847290039
A,25,-1,helix,200,0.0,0.9899999499320984,-5.533288955688477,-0.47672292590141296,6.79500141174049,33.5393180847168
A,25,-1,only_T2,200,0.0,0.9950000047683716,-5.529090404510498,-0.4731441140174866,5.034037932303639,33.5393180847168
A,25,-1,only_T5,200,0.0,1.0,-5.5321173667907715,-0.47618070244789124,4.132150213484576,33.5393180847168
A,25,-1,only_T10,200,0.0,0.9950000047683716,-5.530364036560059,-0.4756891131401062,1.9918000870303962,33.5393180847168
A,25,-1,only_T100,200,0.0,0.9950000047683716,-5.530501365661621,-0.47520408034324646,0.45157953182821897,33.5393180847168
A,25,-1,only_lin,200,0.0,0.9950000047683716,-5.5290679931640625,-0.4753674864768982,0.25347596226919605,33.5393180847168
A,25,-1,random_orth,200,0.0,0.9950000047683716,-5.528117656707764,-0.47679123282432556,6.79500141174049,33.5393180847168
A,25,-1,real_diff_in_helix_subspace,200,0.0,0.9950000047683716,-5.525083541870117,-0.47554242610931396,8.17234601239704,33.5393180847168
A,25,-1,full_swap,200,0.0,1.0,-5.519160270690918,-0.46306249499320984,15.657506942749023,33.5393180847168
A,26,-1,helix,200,0.0,0.9899999499320984,-5.533542156219482,-0.47685569524765015,6.980669390913015,34.732093811035156
A,26,-1,only_T2,200,0.0,0.9950000047683716,-5.528820514678955,-0.47329428791999817,5.174300949467529,34.732093811035156
A,26,-1,only_T5,200,0.0,1.0,-5.53147554397583,-0.47622135281562805,4.246944064402786,34.732093811035156
A,26,-1,only_T10,200,0.0,0.9950000047683716,-5.532110691070557,-0.47534456849098206,2.041059542125904,34.732093811035156
A,26,-1,only_T100,200,0.0,0.9950000047683716,-5.530554294586182,-0.47489792108535767,0.4678152752908292,34.732093811035156
A,26,-1,only_lin,200,0.0,0.9950000047683716,-5.529707431793213,-0.47503969073295593,0.26395674373274064,34.732093811035156
A,26,-1,random_orth,200,0.0,0.9950000047683716,-5.53298282623291,-0.4750283658504486,6.980669390913016,34.732093811035156
A,26,-1,real_diff_in_helix_subspace,200,0.0,0.9950000047683716,-5.524478435516357,-0.4755434989929199,8.464025136790454,34.732093811035156
A,26,-1,full_swap,200,0.0,1.0,-5.519787311553955,-0.46317407488822937,16.19023895263672,34.732093811035156
A,27,-1,helix,200,0.0,0.9950000047683716,-5.529447555541992,-0.4750288426876068,7.141621420731033,36.21173095703125
A,27,-1,only_T2,200,0.0,0.9950000047683716,-5.529465675354004,-0.47514018416404724,5.319187199794194,36.21173095703125
A,27,-1,only_T5,200,0.0,0.9950000047683716,-5.529938220977783,-0.47482284903526306,4.316178619715613,36.21173095703125
A,27,-1,only_T10,200,0.0,0.9950000047683716,-5.529177665710449,-0.4750994145870209,2.076412977770824,36.21173095703125
A,27,-1,only_T100,200,0.0,0.9950000047683716,-5.529444694519043,-0.47501444816589355,0.4827785945721541,36.21173095703125
A,27,-1,only_lin,200,0.0,0.9950000047683716,-5.5305352210998535,-0.47520965337753296,0.27246971976486134,36.21173095703125
A,27,-1,random_orth,200,0.0,0.9950000047683716,-5.530224323272705,-0.4748975932598114,7.141621420731033,36.21173095703125
A,27,-1,real_diff_in_helix_subspace,200,0.0,0.9950000047683716,-5.528713703155518,-0.4748607277870178,8.73395537177367,36.21173095703125
A,27,-1,full_swap,200,0.0,0.9950000047683716,-5.530169486999512,-0.4749697148799896,16.6290225982666,36.21173095703125
A,28,-1,helix,200,0.0,0.9950000047683716,-5.5291666984558105,-0.47505083680152893,7.281719679995089,37.577239990234375
A,28,-1,only_T2,200,0.0,0.9950000047683716,-5.530038833618164,-0.4748956859111786,5.436167179863668,37.577239990234375
A,28,-1,only_T5,200,0.0,0.9950000047683716,-5.530275821685791,-0.4744664132595062,4.3865652041371845,37.577239990234375
A,28,-1,only_T10,200,0.0,0.9950000047683716,-5.530750751495361,-0.4748305082321167,2.1169652466659574,37.577239990234375
A,28,-1,only_T100,200,0.0,0.9950000047683716,-5.52993631362915,-0.47499778866767883,0.497842251727133,37.577239990234375
A,28,-1,only_lin,200,0.0,0.9950000047683716,-5.529666423797607,-0.47482961416244507,0.28069142907219735,37.577239990234375
A,28,-1,random_orth,200,0.0,0.9950000047683716,-5.5283355712890625,-0.47487425804138184,7.281719679995091,37.577239990234375
A,28,-1,real_diff_in_helix_subspace,200,0.0,0.9950000047683716,-5.5298752784729,-0.4747728109359741,8.998260253486691,37.577239990234375
A,28,-1,full_swap,200,0.0,0.9950000047683716,-5.530328273773193,-0.4749106168746948,17.0926456451416,37.577239990234375
A,29,-1,helix,200,0.0,0.9950000047683716,-5.529079437255859,-0.4746948480606079,7.490911365825616,41.690059661865234
A,29,-1,only_T2,200,0.0,0.9950000047683716,-5.529965877532959,-0.474913090467453,5.5634709935232545,41.690059661865234
A,29,-1,only_T5,200,0.0,0.9950000047683716,-5.531223773956299,-0.4745402932167053,4.542215314003692,41.690059661865234
A,29,-1,only_T10,200,0.0,0.9950000047683716,-5.529595851898193,-0.47480958700180054,2.1994925606868394,41.690059661865234
A,29,-1,only_T100,200,0.0,0.9950000047683716,-5.529809474945068,-0.4750923812389374,0.5356186503428161,41.690059661865234
A,29,-1,only_lin,200,0.0,0.9950000047683716,-5.52969217300415,-0.47496700286865234,0.29553367907592404,41.690059661865234
A,29,-1,random_orth,200,0.0,0.9950000047683716,-5.5297040939331055,-0.4749956429004669,7.490911365825616,41.690059661865234
A,29,-1,real_diff_in_helix_subspace,200,0.0,0.9950000047683716,-5.52979040145874,-0.4747675359249115,9.590277549340142,41.690059661865234
A,29,-1,full_swap,200,0.0,0.9950000047683716,-5.530912399291992,-0.4747065007686615,17.956693649291992,41.690059661865234
A,30,-1,helix,200,0.0,0.9950000047683716,-5.529578685760498,-0.4747580289840698,7.765803854368758,52.1064567565918
A,30,-1,only_T2,200,0.0,0.9950000047683716,-5.529935359954834,-0.4749137759208679,5.709538656370318,52.1064567565918
A,30,-1,only_T5,200,0.0,0.9950000047683716,-5.529739856719971,-0.47490862011909485,4.783018017511386,52.1064567565918
A,30,-1,only_T10,200,0.0,0.9950000047683716,-5.529162406921387,-0.4750015437602997,2.2914914357502516,52.1064567565918
A,30,-1,only_T100,200,0.0,0.9950000047683716,-5.529504299163818,-0.4750550091266632,0.5697374511866685,52.1064567565918
A,30,-1,only_lin,200,0.0,0.9950000047683716,-5.530186653137207,-0.4750332534313202,0.3144473896197606,52.1064567565918
A,30,-1,random_orth,200,0.0,0.9950000047683716,-5.528791904449463,-0.47491294145584106,7.765803854368759,52.1064567565918
A,30,-1,real_diff_in_helix_subspace,200,0.0,0.9950000047683716,-5.529531002044678,-0.4749092757701874,10.269707344285136,52.1064567565918
A,30,-1,full_swap,200,0.0,0.9950000047683716,-5.527951717376709,-0.47490066289901733,18.876188278198242,52.1064567565918
A,31,-1,helix,200,0.0,0.9950000047683716,-5.53017520904541,-0.47502753138542175,8.081160545453534,69.24785614013672
A,31,-1,only_T2,200,0.0,0.9950000047683716,-5.53017520904541,-0.47502753138542175,5.922783239253497,69.24785614013672
A,31,-1,only_T5,200,0.0,0.9950000047683716,-5.53017520904541,-0.47502753138542175,4.963556901096724,69.24785614013672
A,31,-1,only_T10,200,0.0,0.9950000047683716,-5.53017520904541,-0.47502753138542175,2.460311416634687,69.24785614013672
A,31,-1,only_T100,200,0.0,0.9950000047683716,-5.53017520904541,-0.47502753138542175,0.6133911600978043,69.24785614013672
A,31,-1,only_lin,200,0.0,0.9950000047683716,-5.53017520904541,-0.47502753138542175,0.3482593014963344,69.24785614013672
A,31,-1,random_orth,200,0.0,0.9950000047683716,-5.53017520904541,-0.47502753138542175,8.081160545453534,69.24785614013672
A,31,-1,real_diff_in_helix_subspace,200,0.0,0.9950000047683716,-5.53017520904541,-0.47502753138542175,11.07741527017811,69.24785614013672
A,31,-1,full_swap,200,0.0,0.9950000047683716,-5.53017520904541,-0.47502753138542175,19.941883087158203,69.24785614013672
A,0,1,helix,200,0.6850000023841858,0.10999999940395355,-1.2779422998428345,-3.468010902404785,1.473787601126374,3.5655181407928467
A,0,1,only_T2,200,0.3149999976158142,0.38499999046325684,-2.4472763538360596,-2.1523327827453613,1.092490331761784,3.5655181407928467
A,0,1,only_T5,200,0.0,0.8499999642372131,-4.66024923324585,-0.7571998238563538,0.8741932494459611,3.5655181407928467
A,0,1,only_T10,200,0.0,0.9599999785423279,-4.9916253089904785,-0.47941893339157104,0.4567007946880912,3.5655181407928467
A,0,1,only_T100,200,0.0,0.98499995470047,-5.199927806854248,-0.4106912910938263,0.0861330880717696,3.5655181407928467
A,0,1,only_lin,200,0.0,1.0,-5.203545570373535,-0.40977370738983154,0.04003225359246287,3.5655181407928467
A,0,1,random_orth,200,0.0,0.9749999642372131,-5.212734222412109,-0.4334888458251953,1.473787601126374,3.5655181407928467
A,0,1,real_diff_in_helix_subspace,200,0.4650000035762787,0.29999998211860657,-1.961513876914978,-3.0616979598999023,1.3540716826404122,3.5655181407928467
A,0,1,full_swap,200,0.8999999761581421,0.0,-0.5347912311553955,-5.580519676208496,3.578599452972412,3.5655181407928467
A,1,1,helix,200,0.6499999761581421,0.14000000059604645,-1.3259496688842773,-3.392578601837158,1.4695571735404365,4.148525714874268
A,1,1,only_T2,200,0.29999998211860657,0.41999998688697815,-2.5014941692352295,-2.076563596725464,1.0971723854783964,4.148525714874268
A,1,1,only_T5,200,0.0,0.85999995470047,-4.662953853607178,-0.7505941390991211,0.8645934191684939,4.148525714874268
A,1,1,only_T10,200,0.0,0.9599999785423279,-4.991751670837402,-0.48121264576911926,0.45110418096896265,4.148525714874268
A,1,1,only_T100,200,0.0,0.9899999499320984,-5.198838233947754,-0.41139960289001465,0.0863209803676522,4.148525714874268
A,1,1,only_lin,200,0.0,1.0,-5.203104019165039,-0.4099050760269165,0.042289198121416086,4.148525714874268
A,1,1,random_orth,200,0.0,0.9649999737739563,-5.218520164489746,-0.4321209490299225,1.4695571735404365,4.148525714874268
A,1,1,real_diff_in_helix_subspace,200,0.4650000035762787,0.3100000023841858,-1.981057047843933,-3.050419330596924,1.374825104646027,4.148525714874268
A,1,1,full_swap,200,0.9350000023841858,0.0,-0.5078619122505188,-5.520129680633545,3.5412988662719727,4.148525714874268
A,2,1,helix,200,0.6599999666213989,0.11999999731779099,-1.3216009140014648,-3.3935089111328125,1.5282886204747768,5.1532464027404785
A,2,1,only_T2,200,0.28999999165534973,0.4050000011920929,-2.4950828552246094,-2.097520112991333,1.139526575145863,5.1532464027404785
A,2,1,only_T5,200,0.004999999888241291,0.8499999642372131,-4.662788391113281,-0.7541639804840088,0.9028899962714811,5.1532464027404785
A,2,1,only_T10,200,0.0,0.9549999833106995,-4.986720085144043,-0.4849158227443695,0.4668611309042234,5.1532464027404785
A,2,1,only_T100,200,0.0,0.9899999499320984,-5.199703216552734,-0.41179487109184265,0.08903728711512851,5.1532464027404785
A,2,1,only_lin,200,0.0,1.0,-5.206635475158691,-0.409585565328598,0.04582031654107507,5.1532464027404785
A,2,1,random_orth,200,0.0,0.9950000047683716,-5.204461574554443,-0.43193235993385315,1.5282886204747768,5.1532464027404785
A,2,1,real_diff_in_helix_subspace,200,0.4949999749660492,0.29499998688697815,-1.9230846166610718,-3.0930213928222656,1.4524028077189115,5.1532464027404785
A,2,1,full_swap,200,0.9449999928474426,0.0,-0.4991985857486725,-5.510086536407471,3.6561760902404785,5.1532464027404785
A,3,1,helix,200,0.6699999570846558,0.13499999046325684,-1.2915465831756592,-3.487032175064087,1.710880465098436,5.9755706787109375
A,3,1,only_T2,200,0.3149999976158142,0.3700000047683716,-2.423764944076538,-2.2022171020507812,1.3077919932705149,5.9755706787109375
A,3,1,only_T5,200,0.0,0.8449999690055847,-4.6516523361206055,-0.7719318866729736,0.9813266879087061,5.9755706787109375
A,3,1,only_T10,200,0.0,0.9549999833106995,-4.983090877532959,-0.49065107107162476,0.499763202589571,5.9755706787109375
A,3,1,only_T100,200,0.0,0.9899999499320984,-5.198789596557617,-0.41077375411987305,0.09593407265683354,5.9755706787109375
A,3,1,only_lin,200,0.0,1.0,-5.20068359375,-0.4105902314186096,0.049946074226598344,5.9755706787109375
A,3,1,random_orth,200,0.0,0.9699999690055847,-5.201773643493652,-0.439411997795105,1.710880465098436,5.9755706787109375
A,3,1,real_diff_in_helix_subspace,200,0.5099999904632568,0.2800000011920929,-1.8188084363937378,-3.2048308849334717,1.6427410499511463,5.9755706787109375
A,3,1,full_swap,200,0.9350000023841858,0.0,-0.5094100832939148,-5.478505611419678,3.8549182415008545,5.9755706787109375
A,4,1,helix,200,0.6499999761581421,0.14999999105930328,-1.341266393661499,-3.386322498321533,1.791386799097312,6.967094898223877
A,4,1,only_T2,200,0.29999998211860657,0.39499998092651367,-2.4910500049591064,-2.1292805671691895,1.3622374456332944,6.967094898223877
A,4,1,only_T5,200,0.0,0.8499999642372131,-4.641287326812744,-0.7712100148200989,1.0371230505029307,6.967094898223877
A,4,1,only_T10,200,0.0,0.9549999833106995,-4.983180046081543,-0.4891548752784729,0.5226232232494801,6.967094898223877
A,4,1,only_T100,200,0.0,0.9899999499320984,-5.197919845581055,-0.4114639163017273,0.10280473958362936,6.967094898223877
A,4,1,only_lin,200,0.0,1.0,-5.20281982421875,-0.411857545375824,0.055074627362845074,6.967094898223877
A,4,1,random_orth,200,0.0,0.9899999499320984,-5.199240207672119,-0.41886594891548157,1.791386799097312,6.967094898223877
A,4,1,real_diff_in_helix_subspace,200,0.5149999856948853,0.2750000059604645,-1.8244506120681763,-3.1769397258758545,1.747704586428866,6.967094898223877
A,4,1,full_swap,200,0.9099999666213989,0.0,-0.5199912786483765,-5.438185691833496,4.0444769859313965,6.967094898223877
A,5,1,helix,200,0.6449999809265137,0.16499999165534973,-1.3565175533294678,-3.3645589351654053,1.9227170151665667,7.731807708740234
A,5,1,only_T2,200,0.28999999165534973,0.3999999761581421,-2.513012409210205,-2.103083372116089,1.4576634201545653,7.731807708740234
A,5,1,only_T5,200,0.0,0.8449999690055847,-4.634730339050293,-0.7769279479980469,1.1203648053878483,7.731807708740234
A,5,1,only_T10,200,0.0,0.9549999833106995,-4.979556083679199,-0.4902763366699219,0.5604649477296736,7.731807708740234
A,5,1,only_T100,200,0.0,0.9899999499320984,-5.194465160369873,-0.4122806489467621,0.1088771094039955,7.731807708740234
A,5,1,only_lin,200,0.0,1.0,-5.2016472816467285,-0.41096198558807373,0.05928793842065613,7.731807708740234
A,5,1,random_orth,200,0.0,0.9799999594688416,-5.198807239532471,-0.43377983570098877,1.9227170151665667,7.731807708740234
A,5,1,real_diff_in_helix_subspace,200,0.5,0.2800000011920929,-1.8216497898101807,-3.1933178901672363,1.9030255263874534,7.731807708740234
A,5,1,full_swap,200,0.9099999666213989,0.0,-0.5221189260482788,-5.39907693862915,4.28850793838501,7.731807708740234
A,6,1,helix,200,0.6449999809265137,0.16499999165534973,-1.351672649383545,-3.3820011615753174,2.0529275540245266,8.824472427368164
A,6,1,only_T2,200,0.29999998211860657,0.39499998092651367,-2.4946401119232178,-2.1439287662506104,1.5544928266977576,8.824472427368164
A,6,1,only_T5,200,0.0,0.824999988079071,-4.63083553314209,-0.7854588031768799,1.2007741098417934,8.824472427368164
A,6,1,only_T10,200,0.0,0.949999988079071,-4.980549335479736,-0.49019303917884827,0.5908091858858701,8.824472427368164
A,6,1,only_T100,200,0.0,0.9950000047683716,-5.198699951171875,-0.41162997484207153,0.1151059358836731,8.824472427368164
A,6,1,only_lin,200,0.0,0.9950000047683716,-5.204821586608887,-0.4124245345592499,0.06391401823407479,8.824472427368164
A,6,1,random_orth,200,0.0,0.9799999594688416,-5.20603609085083,-0.42146238684654236,2.0529275540245266,8.824472427368164
A,6,1,real_diff_in_helix_subspace,200,0.5099999904632568,0.26999998092651367,-1.8041722774505615,-3.2350878715515137,2.0787447850156777,8.824472427368164
A,6,1,full_swap,200,0.9249999523162842,0.0,-0.5253617763519287,-5.409634113311768,4.5244035720825195,8.824472427368164
A,7,1,helix,200,0.6449999809265137,0.17000000178813934,-1.360048532485962,-3.369478464126587,2.133297239574145,9.524749755859375
A,7,1,only_T2,200,0.2849999964237213,0.4099999964237213,-2.5143485069274902,-2.116048574447632,1.6079601944513218,9.524749755859375
A,7,1,only_T5,200,0.0,0.8349999785423279,-4.632358074188232,-0.7789324522018433,1.2545487238553796,9.524749755859375
A,7,1,only_T10,200,0.0,0.949999988079071,-4.9765777587890625,-0.4929012954235077,0.6177983444050701,9.524749755859375
A,7,1,only_T100,200,0.0,0.9950000047683716,-5.193554401397705,-0.4103397727012634,0.12039296200374533,9.524749755859375
A,7,1,only_lin,200,0.0,1.0,-5.201432228088379,-0.4118983745574951,0.06763798252652405,9.524749755859375
A,7,1,random_orth,200,0.0,0.9749999642372131,-5.19293212890625,-0.4178984761238098,2.1332972395741456,9.524749755859375
A,7,1,real_diff_in_helix_subspace,200,0.47999998927116394,0.2800000011920929,-1.8761652708053589,-3.214708089828491,2.1888570364345385,9.524749755859375
A,7,1,full_swap,200,0.9300000071525574,0.0,-0.5222366452217102,-5.36063814163208,4.726283073425293,9.524749755859375
A,8,1,helix,200,0.6449999809265137,0.17000000178813934,-1.3564496040344238,-3.3756215572357178,2.197905979505848,10.367410659790039
A,8,1,only_T2,200,0.29499998688697815,0.4050000011920929,-2.4985971450805664,-2.1219356060028076,1.6442198130737042,10.367410659790039
A,8,1,only_T5,200,0.0,0.8349999785423279,-4.635371208190918,-0.7865151762962341,1.3065859924102197,10.367410659790039
A,8,1,only_T10,200,0.0,0.9449999928474426,-4.969908714294434,-0.49526867270469666,0.6366297329717295,10.367410659790039
A,8,1,only_T100,200,0.0,0.9899999499320984,-5.195424556732178,-0.41070136427879333,0.12380651470571039,10.367410659790039
A,8,1,only_lin,200,0.0,1.0,-5.198498249053955,-0.4111234247684479,0.06998922298325634,10.367410659790039
A,8,1,random_orth,200,0.0,0.9699999690055847,-5.196313381195068,-0.4220739006996155,2.197905979505848,10.367410659790039
A,8,1,real_diff_in_helix_subspace,200,0.4749999940395355,0.28999999165534973,-1.902646541595459,-3.2186546325683594,2.2983594916369166,10.367410659790039
A,8,1,full_swap,200,0.9149999618530273,0.0,-0.5244649648666382,-5.3483428955078125,4.875520706176758,10.367410659790039
A,9,1,helix,200,0.6449999809265137,0.17000000178813934,-1.3428682088851929,-3.3876190185546875,2.292458581013402,11.07845687866211
A,9,1,only_T2,200,0.2800000011920929,0.3999999761581421,-2.499399423599243,-2.1040689945220947,1.717194164996332,11.07845687866211
A,9,1,only_T5,200,0.0,0.8299999833106995,-4.629856109619141,-0.7934550046920776,1.3590035442723394,11.07845687866211
A,9,1,only_T10,200,0.0,0.949999988079071,-4.970414638519287,-0.4973936975002289,0.6580387116630898,11.07845687866211
A,9,1,only_T100,200,0.0,0.9899999499320984,-5.195265769958496,-0.4110908508300781,0.1293889447062476,11.07845687866211
A,9,1,only_lin,200,0.0,1.0,-5.202944278717041,-0.41245895624160767,0.07283504574401992,11.07845687866211
A,9,1,random_orth,200,0.0,0.9699999690055847,-5.195096492767334,-0.4227346181869507,2.292458581013402,11.07845687866211
A,9,1,real_diff_in_helix_subspace,200,0.4599999785423279,0.2800000011920929,-1.9222044944763184,-3.235989809036255,2.4299554595659436,11.07845687866211
A,9,1,full_swap,200,0.9149999618530273,0.0,-0.5264480710029602,-5.349571228027344,5.085240364074707,11.07845687866211
A,10,1,helix,200,0.675000011920929,0.14499999582767487,-1.2925649881362915,-3.4552226066589355,2.459917556683258,11.596404075622559
A,10,1,only_T2,200,0.29999998211860657,0.3799999952316284,-2.4473516941070557,-2.1580896377563477,1.839837025452397,11.596404075622559
A,10,1,only_T5,200,0.0,0.8299999833106995,-4.622237205505371,-0.8066292405128479,1.4559483653225624,11.596404075622559
A,10,1,only_T10,200,0.0,0.9449999928474426,-4.964953899383545,-0.5021454095840454,0.7155937441272667,11.596404075622559
A,10,1,only_T100,200,0.0,0.9899999499320984,-5.193704605102539,-0.41141563653945923,0.13865038580571845,11.596404075622559
A,10,1,only_lin,200,0.0,1.0,-5.200065612792969,-0.4112966060638428,0.07801621894053348,11.596404075622559
A,10,1,random_orth,200,0.0,0.9899999499320984,-5.196490287780762,-0.4222029745578766,2.459917556683258,11.596404075622559
A,10,1,real_diff_in_helix_subspace,200,0.4399999976158142,0.28999999165534973,-1.9131989479064941,-3.30045223236084,2.6309978958393874,11.596404075622559
A,10,1,full_swap,200,0.9099999666213989,0.0,-0.5269485116004944,-5.354086875915527,5.402053356170654,11.596404075622559
A,11,1,helix,200,0.6899999976158142,0.125,-1.2378487586975098,-3.6638567447662354,2.6880099230391585,12.459648132324219
A,11,1,only_T2,200,0.32999998331069946,0.3349999785423279,-2.3116862773895264,-2.364109992980957,2.007828563193946,12.459648132324219
A,11,1,only_T5,200,0.004999999888241291,0.8149999976158142,-4.561002254486084,-0.8566288352012634,1.597550441639422,12.459648132324219
A,11,1,only_T10,200,0.0,0.9449999928474426,-4.939605712890625,-0.5233441591262817,0.8012474663966684,12.459648132324219
A,11,1,only_T100,200,0.0,0.9899999499320984,-5.194682598114014,-0.4107756018638611,0.14726358577894977,12.459648132324219
A,11,1,only_lin,200,0.0,1.0,-5.20041561126709,-0.41303741931915283,0.08240091021505773,12.459648132324219
A,11,1,random_orth,200,0.0,0.9799999594688416,-5.19538688659668,-0.437727153301239,2.6880099230391585,12.459648132324219
A,11,1,real_diff_in_helix_subspace,200,0.4949999749660492,0.23499999940395355,-1.7668073177337646,-3.51763653755188,2.9087379076337716,12.459648132324219
A,11,1,full_swap,200,0.9149999618530273,0.0,-0.5303409695625305,-5.361687660217285,5.835833549499512,12.459648132324219
A,12,1,helix,200,0.6699999570846558,0.125,-1.199378490447998,-3.7509093284606934,3.0241583555125744,13.154248237609863
A,12,1,only_T2,200,0.32499998807907104,0.28999999165534973,-2.2499444484710693,-2.5295164585113525,2.255946549803137,13.154248237609863
A,12,1,only_T5,200,0.0,0.7899999618530273,-4.513627052307129,-0.9324198961257935,1.8079238612966464,13.154248237609863
A,12,1,only_T10,200,0.0,0.9399999976158142,-4.911208152770996,-0.546015739440918,0.9015971827297155,13.154248237609863
A,12,1,only_T100,200,0.0,0.9899999499320984,-5.195911884307861,-0.4112626612186432,0.15745306268333276,13.154248237609863
A,12,1,only_lin,200,0.0,1.0,-5.203791618347168,-0.4113259017467499,0.08804375292185512,13.154248237609863
A,12,1,random_orth,200,0.0,0.9799999594688416,-5.206017971038818,-0.4329705238342285,3.0241583555125744,13.154248237609863
A,12,1,real_diff_in_helix_subspace,200,0.550000011920929,0.19499999284744263,-1.5725443363189697,-3.635451078414917,3.309388354667563,13.154248237609863
A,12,1,full_swap,200,0.9149999618530273,0.0,-0.5313194394111633,-5.366827487945557,6.467043399810791,13.154248237609863
A,13,1,helix,200,0.5299999713897705,0.2849999964237213,-1.6299546957015991,-2.8026483058929443,3.247731808332387,14.422863960266113
A,13,1,only_T2,200,0.26999998092651367,0.44999998807907104,-2.626702308654785,-1.917065978050232,2.4218042739149594,14.422863960266113
A,13,1,only_T5,200,0.0,0.8549999594688416,-4.598738670349121,-0.7428797483444214,1.947709961964255,14.422863960266113
A,13,1,only_T10,200,0.0,0.9449999928474426,-4.961021423339844,-0.5037826299667358,0.9643233094953407,14.422863960266113
A,13,1,only_T100,200,0.0,0.9899999499320984,-5.198527812957764,-0.41109687089920044,0.17121350262134272,14.422863960266113
A,13,1,only_lin,200,0.0,0.9950000047683716,-5.199727535247803,-0.4129641652107239,0.09679570753855499,14.422863960266113
A,13,1,random_orth,200,0.0,0.9950000047683716,-5.194504261016846,-0.4232878088951111,3.247731808332387,14.422863960266113
A,13,1,real_diff_in_helix_subspace,200,0.4399999976158142,0.3050000071525574,-1.9361447095870972,-2.848829507827759,3.587211119767559,14.422863960266113
A,13,1,full_swap,200,0.8449999690055847,0.044999998062849045,-0.6915905475616455,-4.339271068572998,6.924069881439209,14.422863960266113
A,14,1,helix,200,0.4449999928474426,0.3700000047683716,-1.8342397212982178,-2.6030263900756836,3.3881539403902172,15.627041816711426
A,14,1,only_T2,200,0.23499999940395355,0.5099999904632568,-2.7829675674438477,-1.7638002634048462,2.501253776557764,15.627041816711426
A,14,1,only_T5,200,0.0,0.85999995470047,-4.617724895477295,-0.7210419774055481,2.0669800452452094,15.627041816711426
A,14,1,only_T10,200,0.0,0.9549999833106995,-4.973196506500244,-0.4961022138595581,1.0032191054172395,15.627041816711426
A,14,1,only_T100,200,0.0,0.9950000047683716,-5.194648265838623,-0.41163572669029236,0.1803347733986131,15.627041816711426
A,14,1,only_lin,200,0.0,1.0,-5.20088005065918,-0.4138517677783966,0.10154324858002356,15.627041816711426
A,14,1,random_orth,200,0.0,0.9699999690055847,-5.19428825378418,-0.42799705266952515,3.3881539403902172,15.627041816711426
A,14,1,real_diff_in_helix_subspace,200,0.3700000047683716,0.3649999797344208,-2.1416616439819336,-2.678062915802002,3.7893430996011275,15.627041816711426
A,14,1,full_swap,200,0.7949999570846558,0.0949999988079071,-0.865212082862854,-3.918919324874878,7.242206573486328,15.627041816711426
A,15,1,helix,200,0.4749999940395355,0.35499998927116394,-1.787806510925293,-2.6240673065185547,3.6569961656560594,17.408039093017578
A,15,1,only_T2,200,0.2449999898672104,0.4899999797344208,-2.7381927967071533,-1.7948817014694214,2.7004344439627066,17.408039093017578
A,15,1,only_T5,200,0.0,0.8549999594688416,-4.602662563323975,-0.7336369156837463,2.2415726156821516,17.408039093017578
A,15,1,only_T10,200,0.0,0.9549999833106995,-4.964044570922852,-0.4988902807235718,1.0650567584344568,17.408039093017578
A,15,1,only_T100,200,0.0,0.9899999499320984,-5.196998596191406,-0.4121747612953186,0.21558762373287593,17.408039093017578
A,15,1,only_lin,200,0.0,1.0,-5.198947429656982,-0.4130050241947174,0.1160740324004834,17.408039093017578
A,15,1,random_orth,200,0.0,0.98499995470047,-5.199229717254639,-0.4208768308162689,3.65699616565606,17.408039093017578
A,15,1,real_diff_in_helix_subspace,200,0.35999998450279236,0.35499998927116394,-2.167548418045044,-2.7173895835876465,4.1579772478528,17.408039093017578
A,15,1,full_swap,200,0.7849999666213989,0.09999999403953552,-0.8677847385406494,-3.896543502807617,7.847890853881836,17.408039093017578
A,16,1,helix,200,0.5099999904632568,0.3050000071525574,-1.6825109720230103,-2.7931010723114014,4.273273425867452,19.36203956604004
A,16,1,only_T2,200,0.26999998092651367,0.429999977350235,-2.588137149810791,-1.9913811683654785,3.1738810704425875,19.36203956604004
A,16,1,only_T5,200,0.0,0.8349999785423279,-4.58571195602417,-0.7750094532966614,2.5872559789739857,19.36203956604004
A,16,1,only_T10,200,0.0,0.9350000023841858,-4.947815895080566,-0.5165274739265442,1.2579798083144311,19.36203956604004
A,16,1,only_T100,200,0.0,0.9899999499320984,-5.196906089782715,-0.4120064973831177,0.25204265202696696,19.36203956604004
A,16,1,only_lin,200,0.0,1.0,-5.198457717895508,-0.4133114516735077,0.13682161389684971,19.36203956604004
A,16,1,random_orth,200,0.0,0.98499995470047,-5.198668479919434,-0.42235028743743896,4.273273425867452,19.36203956604004
A,16,1,real_diff_in_helix_subspace,200,0.38499999046325684,0.29499998688697815,-2.006678581237793,-2.8470675945281982,4.857202058546916,19.36203956604004
A,16,1,full_swap,200,0.7799999713897705,0.10999999940395355,-0.8996729850769043,-3.8419222831726074,9.411001205444336,19.36203956604004
A,17,1,helix,200,0.38999998569488525,0.4399999976158142,-2.125971555709839,-2.303589344024658,4.604985626893835,20.710771560668945
A,17,1,only_T2,200,0.20999999344348907,0.5349999666213989,-2.90248703956604,-1.6344972848892212,3.4226333288988364,20.710771560668945
A,17,1,only_T5,200,0.0,0.8849999904632568,-4.64946985244751,-0.7036837339401245,2.7759209661380493,20.710771560668945
A,17,1,only_T10,200,0.0,0.9449999928474426,-4.9765424728393555,-0.5000403523445129,1.3568598285049478,20.710771560668945
A,17,1,only_T100,200,0.0,0.9950000047683716,-5.196043968200684,-0.41287359595298767,0.2765966211840241,20.710771560668945
A,17,1,only_lin,200,0.0,1.0,-5.198552131652832,-0.41352003812789917,0.15177700944071745,20.710771560668945
A,17,1,random_orth,200,0.0,0.9699999690055847,-5.195369720458984,-0.42439329624176025,4.604985626893835,20.710771560668945
A,17,1,real_diff_in_helix_subspace,200,0.3349999785423279,0.4099999964237213,-2.3653481006622314,-2.39609694480896,5.259139494827059,20.710771560668945
A,17,1,full_swap,200,0.6100000143051147,0.26499998569488525,-1.436607837677002,-2.8837077617645264,10.192658424377441,20.710771560668945
A,18,1,helix,200,0.25999999046325684,0.5949999690055847,-2.7978227138519287,-1.601457953453064,4.833777508316324,23.044912338256836
A,18,1,only_T2,200,0.11499999463558197,0.75,-3.470586061477661,-1.0598598718643188,3.602885043609263,23.044912338256836
A,18,1,only_T5,200,0.0,0.8999999761581421,-4.755397319793701,-0.6328539252281189,2.909676955697553,23.044912338256836
A,18,1,only_T10,200,0.0,0.949999988079071,-5.008877754211426,-0.48383209109306335,1.422251189160559,23.044912338256836
A,18,1,only_T100,200,0.0,0.9899999499320984,-5.198654651641846,-0.41171032190322876,0.2955110932107273,23.044912338256836
A,18,1,only_lin,200,0.0,0.9950000047683716,-5.2006516456604,-0.41488009691238403,0.1617491408205048,23.044912338256836
A,18,1,random_orth,200,0.0,0.9799999594688416,-5.200019836425781,-0.4246571362018585,4.833777508316324,23.044912338256836
A,18,1,real_diff_in_helix_subspace,200,0.22499999403953552,0.5450000166893005,-2.931140184402466,-1.7360090017318726,5.570882698183686,23.044912338256836
A,18,1,full_swap,200,0.3449999988079071,0.5049999952316284,-2.2674779891967773,-1.79225492477417,10.74465560913086,23.044912338256836
A,19,1,helix,200,0.0,0.98499995470047,-5.124503135681152,-0.40470564365386963,5.253973874848273,24.805980682373047
A,19,1,only_T2,200,0.0,0.9899999499320984,-5.160206317901611,-0.4128234088420868,3.8925133633932654,24.805980682373047
A,19,1,only_T5,200,0.0,0.9899999499320984,-5.179444313049316,-0.4115023612976074,3.1817058411018113,24.805980682373047
A,19,1,only_T10,200,0.0,0.9950000047683716,-5.186560153961182,-0.41524702310562134,1.5527513261294594,24.805980682373047
A,19,1,only_T100,200,0.0,0.9950000047683716,-5.1992998123168945,-0.41517120599746704,0.32192996481588304,24.805980682373047
A,19,1,only_lin,200,0.0,0.9950000047683716,-5.198238372802734,-0.4153262972831726,0.17973264945981463,24.805980682373047
A,19,1,random_orth,200,0.0,0.9899999499320984,-5.195836544036865,-0.41577133536338806,5.253973874848273,24.805980682373047
A,19,1,real_diff_in_helix_subspace,200,0.0,0.9899999499320984,-5.129423141479492,-0.4087011218070984,6.090380706197405,24.805980682373047
A,19,1,full_swap,200,0.0,0.98499995470047,-5.0116095542907715,-0.410056471824646,11.638609886169434,24.805980682373047
A,20,1,helix,200,0.0,0.98499995470047,-5.124529838562012,-0.40632370114326477,5.625405687541882,26.525245666503906
A,20,1,only_T2,200,0.0,0.9899999499320984,-5.159052848815918,-0.4141305088996887,4.176624651729304,26.525245666503906
A,20,1,only_T5,200,0.0,0.9899999499320984,-5.181628227233887,-0.41188567876815796,3.393561848532821,26.525245666503906
A,20,1,only_T10,200,0.0,1.0,-5.184200286865234,-0.4148606061935425,1.6582062374793463,26.525245666503906
A,20,1,only_T100,200,0.0,0.9950000047683716,-5.199612140655518,-0.4154704213142395,0.35330148095526154,26.525245666503906
A,20,1,only_lin,200,0.0,0.9950000047683716,-5.199631214141846,-0.41576796770095825,0.19714474682222793,26.525245666503906
A,20,1,random_orth,200,0.0,1.0,-5.197044372558594,-0.41690793633461,5.625405687541882,26.525245666503906
A,20,1,real_diff_in_helix_subspace,200,0.0,0.9899999499320984,-5.129937171936035,-0.4099251329898834,6.547908627786068,26.525245666503906
A,20,1,full_swap,200,0.0,0.98499995470047,-5.016198635101318,-0.40912845730781555,12.535078048706055,26.525245666503906
A,21,1,helix,200,0.0,0.9799999594688416,-5.194942951202393,-0.41379019618034363,5.910653665370673,28.044784545898438
A,21,1,only_T2,200,0.0,0.98499995470047,-5.195446491241455,-0.41812434792518616,4.389496553954608,28.044784545898438
A,21,1,only_T5,200,0.0,0.98499995470047,-5.201063632965088,-0.41437873244285583,3.5679149776582633,28.044784545898438
A,21,1,only_T10,200,0.0,0.9950000047683716,-5.197300434112549,-0.4170286953449249,1.7370423334029912,28.044784545898438
A,21,1,only_T100,200,0.0,1.0,-5.198715686798096,-0.4151670038700104,0.37824226557131346,28.044784545898438
A,21,1,only_lin,200,0.0,0.9950000047683716,-5.198552131652832,-0.4158153533935547,0.21020298153660064,28.044784545898438
A,21,1,random_orth,200,0.0,1.0,-5.195112228393555,-0.41565272212028503,5.910653665370673,28.044784545898438
A,21,1,real_diff_in_helix_subspace,200,0.0,0.9899999499320984,-5.188931941986084,-0.4159397780895233,6.92208711904246,28.044784545898438
A,21,1,full_swap,200,0.0,0.9899999499320984,-5.166134357452393,-0.4144720435142517,13.265236854553223,28.044784545898438
A,22,1,helix,200,0.0,0.9899999499320984,-5.199835777282715,-0.41211217641830444,6.194137162840502,29.447484970092773
A,22,1,only_T2,200,0.0,0.9899999499320984,-5.198462009429932,-0.41590696573257446,4.607853654418376,29.447484970092773
A,22,1,only_T5,200,0.0,0.9899999499320984,-5.202106952667236,-0.4143490493297577,3.7280883648770846,29.447484970092773
A,22,1,only_T10,200,0.0,0.9899999499320984,-5.198580265045166,-0.41718176007270813,1.8198546275052823,29.447484970092773
A,22,1,only_T100,200,0.0,0.9950000047683716,-5.197956562042236,-0.41544535756111145,0.4044762875286379,29.447484970092773
A,22,1,only_lin,200,0.0,0.9950000047683716,-5.198564529418945,-0.41594240069389343,0.2222724199708889,29.447484970092773
A,22,1,random_orth,200,0.0,0.9950000047683716,-5.198543548583984,-0.41677916049957275,6.194137162840502,29.447484970092773
A,22,1,real_diff_in_helix_subspace,200,0.0,0.9899999499320984,-5.193602085113525,-0.41614362597465515,7.298131684476671,29.447484970092773
A,22,1,full_swap,200,0.0,0.9899999499320984,-5.177091121673584,-0.41373151540756226,13.961030006408691,29.447484970092773
A,23,1,helix,200,0.0,0.9799999594688416,-5.208459377288818,-0.417999804019928,6.432502552186655,30.853477478027344
A,23,1,only_T2,200,0.0,0.9899999499320984,-5.201235294342041,-0.4170168340206146,4.77662675296913,30.853477478027344
A,23,1,only_T5,200,0.0,0.98499995470047,-5.204672813415527,-0.41727298498153687,3.8879505621232635,30.853477478027344
A,23,1,only_T10,200,0.0,0.9899999499320984,-5.199770450592041,-0.4182896018028259,1.8823288115769536,30.853477478027344
A,23,1,only_T100,200,0.0,0.9950000047683716,-5.200228214263916,-0.41593658924102783,0.4230689322067279,30.853477478027344
A,23,1,only_lin,200,0.0,0.9950000047683716,-5.1998209953308105,-0.41598182916641235,0.232159526790103,30.853477478027344
A,23,1,random_orth,200,0.0,0.9950000047683716,-5.199289321899414,-0.41731876134872437,6.432502552186655,30.853477478027344
A,23,1,real_diff_in_helix_subspace,200,0.0,0.9899999499320984,-5.202734470367432,-0.42034682631492615,7.62973106077091,30.853477478027344
A,23,1,full_swap,200,0.0,0.98499995470047,-5.199043273925781,-0.4230188727378845,14.602866172790527,30.853477478027344
A,24,1,helix,200,0.0,0.98499995470047,-5.200812816619873,-0.41219526529312134,6.614776350149167,31.919384002685547
A,24,1,only_T2,200,0.0,0.9899999499320984,-5.197699546813965,-0.4151887893676758,4.8908641695718895,31.919384002685547
A,24,1,only_T5,200,0.0,0.9899999499320984,-5.200623512268066,-0.41392743587493896,4.021266877997627,31.919384002685547
A,24,1,only_T10,200,0.0,0.9950000047683716,-5.199882507324219,-0.4160407781600952,1.9308580439174385,31.919384002685547
A,24,1,only_T100,200,0.0,0.9950000047683716,-5.19907283782959,-0.4162730276584625,0.44092654621983696,31.919384002685547
A,24,1,only_lin,200,0.0,0.9950000047683716,-5.198667526245117,-0.41566672921180725,0.24189564495354318,31.919384002685547
A,24,1,random_orth,200,0.0,0.9950000047683716,-5.197126388549805,-0.4176449477672577,6.614776350149167,31.919384002685547
A,24,1,real_diff_in_helix_subspace,200,0.0,0.98499995470047,-5.198973178863525,-0.41314443945884705,7.8834728677497985,31.919384002685547
A,24,1,full_swap,200,0.0,0.9950000047683716,-5.193008899688721,-0.4145174026489258,15.144584655761719,31.919384002685547
A,25,1,helix,200,0.0,0.98499995470047,-5.19879674911499,-0.4121711552143097,6.835628101896017,33.3959846496582
A,25,1,only_T2,200,0.0,0.9899999499320984,-5.196352481842041,-0.4155353009700775,5.034037932303639,33.3959846496582
A,25,1,only_T5,200,0.0,0.9899999499320984,-5.2006096839904785,-0.41363632678985596,4.177711370666725,33.3959846496582
A,25,1,only_T10,200,0.0,0.9950000047683716,-5.200217247009277,-0.41591453552246094,1.9942824245724202,33.3959846496582
A,25,1,only_T100,200,0.0,0.9950000047683716,-5.199462890625,-0.4160040318965912,0.463636642857866,33.3959846496582
A,25,1,only_lin,200,0.0,0.9950000047683716,-5.199596881866455,-0.4156118631362915,0.25347596226919605,33.3959846496582
A,25,1,random_orth,200,0.0,0.9950000047683716,-5.196606159210205,-0.4172109067440033,6.835628101896016,33.3959846496582
A,25,1,real_diff_in_helix_subspace,200,0.0,0.9899999499320984,-5.198613166809082,-0.4128150939941406,8.22271047959406,33.3959846496582
A,25,1,full_swap,200,0.0,0.9950000047683716,-5.190745830535889,-0.41343656182289124,15.809532165527344,33.3959846496582
A,26,1,helix,200,0.0,0.98499995470047,-5.200810432434082,-0.4117874801158905,7.023151514891943,34.614009857177734
A,26,1,only_T2,200,0.0,0.9899999499320984,-5.1962456703186035,-0.41514524817466736,5.174300949467529,34.614009857177734
A,26,1,only_T5,200,0.0,0.9899999499320984,-5.202352046966553,-0.4135362207889557,4.296116820472476,34.614009857177734
A,26,1,only_T10,200,0.0,0.9950000047683716,-5.199617862701416,-0.416055291891098,2.0433696968311597,34.614009857177734
A,26,1,only_T100,200,0.0,0.9950000047683716,-5.198909282684326,-0.4159632921218872,0.48108548245837573,34.614009857177734
A,26,1,only_lin,200,0.0,0.9950000047683716,-5.198934078216553,-0.4161430895328522,0.26395674373274053,34.614009857177734
A,26,1,random_orth,200,0.0,0.9950000047683716,-5.200225830078125,-0.41637495160102844,7.023151514891943,34.614009857177734
A,26,1,real_diff_in_helix_subspace,200,0.0,0.98499995470047,-5.199193000793457,-0.41231387853622437,8.515258620953222,34.614009857177734
A,26,1,full_swap,200,0.0,0.9950000047683716,-5.191062927246094,-0.4139721095561981,16.3483829498291,34.614009857177734
A,27,1,helix,200,0.0,0.9950000047683716,-5.198057174682617,-0.4165366590023041,7.184539773306687,36.09800338745117
A,27,1,only_T2,200,0.0,0.9950000047683716,-5.20017671585083,-0.4164276421070099,5.319187199794194,36.09800338745117
A,27,1,only_T5,200,0.0,0.9950000047683716,-5.198046684265137,-0.41670385003089905,4.3681170895821575,36.09800338745117
A,27,1,only_T10,200,0.0,0.9950000047683716,-5.198760986328125,-0.41629302501678467,2.0787360765297054,36.09800338745117
A,27,1,only_T100,200,0.0,0.9950000047683716,-5.199606895446777,-0.41605499386787415,0.4969406794253466,36.09800338745117
A,27,1,only_lin,200,0.0,0.9950000047683716,-5.199512958526611,-0.41618895530700684,0.2724697197648613,36.09800338745117
A,27,1,random_orth,200,0.0,0.9950000047683716,-5.199788570404053,-0.4163348376750946,7.184539773306687,36.09800338745117
A,27,1,real_diff_in_helix_subspace,200,0.0,0.9950000047683716,-5.198567867279053,-0.41685548424720764,8.790976880115736,36.09800338745117
A,27,1,full_swap,200,0.0,0.9950000047683716,-5.199070453643799,-0.4160262942314148,16.787227630615234,36.09800338745117
A,28,1,helix,200,0.0,0.9950000047683716,-5.198243141174316,-0.41631728410720825,7.323265592632729,37.50041961669922
A,28,1,only_T2,200,0.0,0.9950000047683716,-5.199494361877441,-0.41642141342163086,5.436167179863668,37.50041961669922
A,28,1,only_T5,200,0.0,0.9950000047683716,-5.198484897613525,-0.4165378510951996,4.438929766289564,37.50041961669922
A,28,1,only_T10,200,0.0,0.9950000047683716,-5.200570583343506,-0.4164498746395111,2.1194338060424394,37.50041961669922
A,28,1,only_T100,200,0.0,0.9950000047683716,-5.1993231773376465,-0.4160602390766144,0.5131446236207649,37.50041961669922
A,28,1,only_lin,200,0.0,0.9950000047683716,-5.198818683624268,-0.4160786271095276,0.28069142907219735,37.50041961669922
A,28,1,random_orth,200,0.0,0.9950000047683716,-5.198458194732666,-0.4165618121623993,7.323265592632729,37.50041961669922
A,28,1,real_diff_in_helix_subspace,200,0.0,0.9950000047683716,-5.198683738708496,-0.41674789786338806,9.066459946599043,37.50041961669922
A,28,1,full_swap,200,0.0,0.9950000047683716,-5.198206901550293,-0.4162098467350006,17.246753692626953,37.50041961669922
A,29,1,helix,200,0.0,0.9950000047683716,-5.199049949645996,-0.4157840311527252,7.536094932123999,41.819175720214844
A,29,1,only_T2,200,0.0,0.9950000047683716,-5.200766563415527,-0.4160650968551636,5.5634709935232545,41.819175720214844
A,29,1,only_T5,200,0.0,0.9950000047683716,-5.199044704437256,-0.4160826802253723,4.598021491986118,41.819175720214844
A,29,1,only_T10,200,0.0,0.9950000047683716,-5.198641300201416,-0.4160323143005371,2.202294255642739,41.819175720214844
A,29,1,only_T100,200,0.0,0.9950000047683716,-5.199702739715576,-0.41612768173217773,0.553701782788395,41.819175720214844
A,29,1,only_lin,200,0.0,0.9950000047683716,-5.199282169342041,-0.4161165654659271,0.295533679075924,41.819175720214844
A,29,1,random_orth,200,0.0,0.9950000047683716,-5.199112415313721,-0.4163399338722229,7.536094932123999,41.819175720214844
A,29,1,real_diff_in_helix_subspace,200,0.0,0.9950000047683716,-5.198215007781982,-0.4158720374107361,9.739862837403368,41.819175720214844
A,29,1,full_swap,200,0.0,0.9950000047683716,-5.198386192321777,-0.41577696800231934,18.161739349365234,41.819175720214844
A,30,1,helix,200,0.0,0.9950000047683716,-5.198359489440918,-0.41597509384155273,7.817535051475481,52.51632308959961
A,30,1,only_T2,200,0.0,0.9950000047683716,-5.199213981628418,-0.4161921739578247,5.709538656370318,52.51632308959961
A,30,1,only_T5,200,0.0,0.9950000047683716,-5.200211524963379,-0.41627979278564453,4.846976639672763,52.51632308959961
A,30,1,only_T10,200,0.0,0.9950000047683716,-5.200232028961182,-0.41612371802330017,2.2946048312075487,52.51632308959961
A,30,1,only_T100,200,0.0,0.9950000047683716,-5.2001848220825195,-0.4161709249019623,0.5901248788590707,52.51632308959961
A,30,1,only_lin,200,0.0,0.9950000047683716,-5.198566913604736,-0.4161131680011749,0.3144473896197606,52.51632308959961
A,30,1,random_orth,200,0.0,0.9950000047683716,-5.200146198272705,-0.4161434471607208,7.817535051475481,52.51632308959961
A,30,1,real_diff_in_helix_subspace,200,0.0,0.9950000047683716,-5.198986530303955,-0.41603896021842957,10.501446152577842,52.51632308959961
A,30,1,full_swap,200,0.0,0.9950000047683716,-5.199618816375732,-0.41615667939186096,19.120983123779297,52.51632308959961
A,31,1,helix,200,0.0,0.9950000047683716,-5.199178218841553,-0.416225790977478,8.12503656094495,69.58722686767578
A,31,1,only_T2,200,0.0,0.9950000047683716,-5.199178218841553,-0.416225790977478,5.922783239253497,69.58722686767578
A,31,1,only_T5,200,0.0,0.9950000047683716,-5.199178218841553,-0.416225790977478,5.027729539926394,69.58722686767578
A,31,1,only_T10,200,0.0,0.9950000047683716,-5.199178218841553,-0.416225790977478,2.464289874189148,69.58722686767578
A,31,1,only_T100,200,0.0,0.9950000047683716,-5.199178218841553,-0.416225790977478,0.6358559342982217,69.58722686767578
A,31,1,only_lin,200,0.0,0.9950000047683716,-5.199178218841553,-0.416225790977478,0.3482593014963344,69.58722686767578
A,31,1,random_orth,200,0.0,0.9950000047683716,-5.199178218841553,-0.416225790977478,8.12503656094495,69.58722686767578
A,31,1,real_diff_in_helix_subspace,200,0.0,0.9950000047683716,-5.199178218841553,-0.416225790977478,11.364029451273217,69.58722686767578
A,31,1,full_swap,200,0.0,0.9950000047683716,-5.199178218841553,-0.416225790977478,20.213136672973633,69.58722686767578
A,0,2,helix,200,0.5849999785423279,0.17000000178813934,-1.4823564291000366,-3.6775786876678467,1.670649489908345,3.653082847595215
A,0,2,only_T2,200,0.0,0.9899999499320984,-5.629815578460693,-0.44245222210884094,0.0,3.653082847595215
A,0,2,only_T5,200,0.32499998807907104,0.45499998331069946,-2.713240623474121,-2.1343741416931152,1.4164409809983152,3.653082847595215
A,0,2,only_T10,200,0.05999999865889549,0.8499999642372131,-4.551777362823486,-0.8222280740737915,0.8683400043580369,3.653082847595215
A,0,2,only_T100,200,0.0,0.98499995470047,-5.617593765258789,-0.4325640797615051,0.17137455231304968,3.653082847595215
A,0,2,only_lin,200,0.0,0.9950000047683716,-5.631594657897949,-0.4258660674095154,0.08006450718492573,3.653082847595215
A,0,2,random_orth,200,0.0,0.9599999785423279,-5.639769077301025,-0.4858914017677307,1.6706494899083453,3.653082847595215
A,0,2,real_diff_in_helix_subspace,200,0.4899999797344208,0.29499998688697815,-2.009695291519165,-3.123852491378784,1.5043806459573574,3.653082847595215
A,0,2,full_swap,200,0.8449999690055847,0.009999999776482582,-0.7038569450378418,-6.058273792266846,3.877779483795166,3.653082847595215
A,1,2,helix,200,0.5699999928474426,0.17999999225139618,-1.4978891611099243,-3.6397557258605957,1.651666405115552,4.219615936279297
A,1,2,only_T2,200,0.0,0.9899999499320984,-5.629815578460693,-0.44245222210884094,0.0,4.219615936279297
A,1,2,only_T5,200,0.3149999976158142,0.48499998450279236,-2.729827880859375,-2.1182053089141846,1.4018696326206304,4.219615936279297
A,1,2,only_T10,200,0.06499999761581421,0.8399999737739563,-4.536099910736084,-0.8243394494056702,0.8575665859068354,4.219615936279297
A,1,2,only_T100,200,0.0,0.9899999499320984,-5.612110614776611,-0.43361616134643555,0.17158615542806846,4.219615936279297
A,1,2,only_lin,200,0.0,0.9950000047683716,-5.637900352478027,-0.4246900975704193,0.08457839624283213,4.219615936279297
A,1,2,random_orth,200,0.0,0.9649999737739563,-5.604159355163574,-0.4576846957206726,1.651666405115552,4.219615936279297
A,1,2,real_diff_in_helix_subspace,200,0.48499998450279236,0.29499998688697815,-1.9911739826202393,-3.133805513381958,1.5034945932557267,4.219615936279297
A,1,2,full_swap,200,0.8549999594688416,0.009999999776482582,-0.683288037776947,-6.023133277893066,3.8210339546203613,4.219615936279297
A,2,2,helix,200,0.574999988079071,0.19499999284744263,-1.4957631826400757,-3.6460647583007812,1.720672391896121,5.225945472717285
A,2,2,only_T2,200,0.0,0.9899999499320984,-5.629815578460693,-0.44245222210884094,0.0,5.225945472717285
A,2,2,only_T5,200,0.2849999964237213,0.4899999797344208,-2.7290661334991455,-2.1211395263671875,1.4649398582954731,5.225945472717285
A,2,2,only_T10,200,0.05999999865889549,0.8349999785423279,-4.513919830322266,-0.8395888209342957,0.8871358300756275,5.225945472717285
A,2,2,only_T100,200,0.0,0.9799999594688416,-5.613717555999756,-0.43284088373184204,0.1769229299818277,5.225945472717285
A,2,2,only_lin,200,0.0,0.9950000047683716,-5.638465404510498,-0.4255959987640381,0.09164063308215015,5.225945472717285
A,2,2,random_orth,200,0.0,0.9699999690055847,-5.659012794494629,-0.45766496658325195,1.720672391896121,5.225945472717285
A,2,2,real_diff_in_helix_subspace,200,0.5,0.28999999165534973,-1.9360967874526978,-3.171900987625122,1.586909221435317,5.225945472717285
A,2,2,full_swap,200,0.8799999952316284,0.009999999776482582,-0.6735714673995972,-6.015552043914795,3.942155122756958,5.225945472717285
A,3,2,helix,200,0.5799999833106995,0.17999999225139618,-1.4906202554702759,-3.716860294342041,1.865931587297705,6.043294906616211
A,3,2,only_T2,200,0.0,0.9899999499320984,-5.629815578460693,-0.44245222210884094,0.0,6.043294906616211
A,3,2,only_T5,200,0.3050000071525574,0.4650000035762787,-2.69075345993042,-2.1867270469665527,1.59578499248208,6.043294906616211
A,3,2,only_T10,200,0.06499999761581421,0.8349999785423279,-4.501037120819092,-0.8541951775550842,0.9489923427984652,6.043294906616211
A,3,2,only_T100,200,0.0,0.9799999594688416,-5.612793922424316,-0.4330170452594757,0.1905548692932773,6.043294906616211
A,3,2,only_lin,200,0.0,0.9950000047683716,-5.636053562164307,-0.42511865496635437,0.09989214845319667,6.043294906616211
A,3,2,random_orth,200,0.0,0.9649999737739563,-5.632708549499512,-0.45871660113334656,1.865931587297705,6.043294906616211
A,3,2,real_diff_in_helix_subspace,200,0.4949999749660492,0.2849999964237213,-1.842755675315857,-3.3247976303100586,1.7547929541895193,6.043294906616211
A,3,2,full_swap,200,0.85999995470047,0.009999999776482582,-0.6652696132659912,-5.995416164398193,4.143351078033447,6.043294906616211
A,4,2,helix,200,0.5849999785423279,0.19499999284744263,-1.50208580493927,-3.6648693084716797,1.9683519573272963,7.0257487297058105
A,4,2,only_T2,200,0.0,0.9899999499320984,-5.629815578460693,-0.44245222210884094,0.0,7.0257487297058105
A,4,2,only_T5,200,0.3100000023841858,0.44999998807907104,-2.691974401473999,-2.172839879989624,1.688601323031303,7.0257487297058105
A,4,2,only_T10,200,0.054999999701976776,0.8399999737739563,-4.505398273468018,-0.8514599204063416,0.9920146199474145,7.0257487297058105
A,4,2,only_T100,200,0.0,0.9899999499320984,-5.607166767120361,-0.43205127120018005,0.20412103994899966,7.0257487297058105
A,4,2,only_lin,200,0.0,0.9950000047683716,-5.636896133422852,-0.42713111639022827,0.11014925472569015,7.0257487297058105
A,4,2,random_orth,200,0.0,0.9749999642372131,-5.605997085571289,-0.4631121754646301,1.9683519573272963,7.0257487297058105
A,4,2,real_diff_in_helix_subspace,200,0.5099999904632568,0.2800000011920929,-1.8118661642074585,-3.3217005729675293,1.8743496046532808,7.0257487297058105
A,4,2,full_swap,200,0.875,0.009999999776482582,-0.6575863361358643,-5.911194801330566,4.349998950958252,7.0257487297058105
A,5,2,helix,200,0.5799999833106995,0.19499999284744263,-1.492698311805725,-3.6741557121276855,2.123204187542379,7.792669296264648
A,5,2,only_T2,200,0.0,0.9899999499320984,-5.629815578460693,-0.44245222210884094,0.0,7.792669296264648
A,5,2,only_T5,200,0.3199999928474426,0.4449999928474426,-2.6819920539855957,-2.1799025535583496,1.8268539659906815,7.792669296264648
A,5,2,only_T10,200,0.054999999701976776,0.8299999833106995,-4.483145713806152,-0.8611857295036316,1.0629270293963362,7.792669296264648
A,5,2,only_T100,200,0.0,0.98499995470047,-5.608978748321533,-0.43363139033317566,0.2161871867846612,7.792669296264648
A,5,2,only_lin,200,0.0,0.9950000047683716,-5.6309814453125,-0.42644160985946655,0.11857587684131227,7.792669296264648
A,5,2,random_orth,200,0.0,0.9649999737739563,-5.6446990966796875,-0.46274375915527344,2.123204187542379,7.792669296264648
A,5,2,real_diff_in_helix_subspace,200,0.5199999809265137,0.25999999046325684,-1.7848029136657715,-3.3640763759613037,2.0454066886350035,7.792669296264648
A,5,2,full_swap,200,0.85999995470047,0.014999999664723873,-0.65562903881073,-5.888484477996826,4.6098527908325195,7.792669296264648
A,6,2,helix,200,0.5899999737739563,0.1899999976158142,-1.4756325483322144,-3.67920184135437,2.2684203500013167,8.892682075500488
A,6,2,only_T2,200,0.0,0.9899999499320984,-5.629815578460693,-0.44245222210884094,0.0,8.892682075500488
A,6,2,only_T5,200,0.3050000071525574,0.4650000035762787,-2.6685686111450195,-2.188460111618042,1.9600791172936272,8.892682075500488
A,6,2,only_T10,200,0.054999999701976776,0.8299999833106995,-4.4831318855285645,-0.8574873208999634,1.1201438188838728,8.892682075500488
A,6,2,only_T100,200,0.0,0.9899999499320984,-5.608829021453857,-0.4337150454521179,0.22855646070012262,8.892682075500488
A,6,2,only_lin,200,0.0,0.9950000047683716,-5.63332462310791,-0.4272538721561432,0.12782803646814958,8.892682075500488
A,6,2,random_orth,200,0.0,0.9799999594688416,-5.649013519287109,-0.4558209776878357,2.2684203500013167,8.892682075500488
A,6,2,real_diff_in_helix_subspace,200,0.5049999952316284,0.26999998092651367,-1.8088912963867188,-3.3728206157684326,2.2207252272219087,8.892682075500488
A,6,2,full_swap,200,0.85999995470047,0.014999999664723873,-0.6609283089637756,-5.876018047332764,4.8599700927734375,8.892682075500488
A,7,2,helix,200,0.5799999833106995,0.20499999821186066,-1.4804937839508057,-3.678187847137451,2.37529267121665,9.595416069030762
A,7,2,only_T2,200,0.0,0.9899999499320984,-5.629815578460693,-0.44245222210884094,0.0,9.595416069030762
A,7,2,only_T5,200,0.3100000023841858,0.4599999785423279,-2.6774585247039795,-2.176326274871826,2.0513005619818827,9.595416069030762
A,7,2,only_T10,200,0.05999999865889549,0.824999988079071,-4.477180480957031,-0.8660972118377686,1.172277070418007,9.595416069030762
A,7,2,only_T100,200,0.0,0.9899999499320984,-5.611912727355957,-0.433736652135849,0.23910666885845866,9.595416069030762
A,7,2,only_lin,200,0.0,1.0,-5.631775856018066,-0.42716318368911743,0.1352759650530481,9.595416069030762
A,7,2,random_orth,200,0.0,0.9699999690055847,-5.630062103271484,-0.4467705488204956,2.37529267121665,9.595416069030762
A,7,2,real_diff_in_helix_subspace,200,0.4899999797344208,0.2800000011920929,-1.8589763641357422,-3.372751474380493,2.3426386751611337,9.595416069030762
A,7,2,full_swap,200,0.8549999594688416,0.014999999664723873,-0.6677995324134827,-5.823824405670166,5.0755486488342285,9.595416069030762
A,8,2,helix,200,0.5799999833106995,0.19999998807907104,-1.4671658277511597,-3.711357831954956,2.4695687422106385,10.45351791381836
A,8,2,only_T2,200,0.0,0.9899999499320984,-5.629815578460693,-0.44245222210884094,0.0,10.45351791381836
A,8,2,only_T5,200,0.3050000071525574,0.4599999785423279,-2.6598520278930664,-2.2013564109802246,2.141727916097602,10.45351791381836
A,8,2,only_T10,200,0.054999999701976776,0.824999988079071,-4.463244438171387,-0.8709147572517395,1.2079638185975008,10.45351791381836
A,8,2,only_T100,200,0.0,0.98499995470047,-5.608969688415527,-0.4330918788909912,0.24602929256222297,10.45351791381836
A,8,2,only_lin,200,0.0,0.9950000047683716,-5.634647846221924,-0.4294785261154175,0.13997844596651268,10.45351791381836
A,8,2,random_orth,200,0.0,0.9699999690055847,-5.618308067321777,-0.4556058347225189,2.4695687422106385,10.45351791381836
A,8,2,real_diff_in_helix_subspace,200,0.5049999952316284,0.25999999046325684,-1.8577654361724854,-3.357156991958618,2.4633231425247764,10.45351791381836
A,8,2,full_swap,200,0.8499999642372131,0.014999999664723873,-0.6759399175643921,-5.820631504058838,5.242385387420654,10.45351791381836
A,9,2,helix,200,0.5799999833106995,0.1899999976158142,-1.4560095071792603,-3.742684841156006,2.570545177377354,11.167691230773926
A,9,2,only_T2,200,0.0,0.9899999499320984,-5.629815578460693,-0.44245222210884094,0.0,11.167691230773926
A,9,2,only_T5,200,0.29499998688697815,0.44999998807907104,-2.6532671451568604,-2.212355375289917,2.231276994636583,11.167691230773926
A,9,2,only_T10,200,0.04999999701976776,0.8299999833106995,-4.446348667144775,-0.881638765335083,1.2496809822326136,11.167691230773926
A,9,2,only_T100,200,0.0,0.9899999499320984,-5.60818338394165,-0.43379223346710205,0.2572109311664996,11.167691230773926
A,9,2,only_lin,200,0.0,0.9899999499320984,-5.634936332702637,-0.42968520522117615,0.1456700914880398,11.167691230773926
A,9,2,random_orth,200,0.0,0.9749999642372131,-5.654419898986816,-0.45858412981033325,2.570545177377354,11.167691230773926
A,9,2,real_diff_in_helix_subspace,200,0.48499998450279236,0.2849999964237213,-1.8771517276763916,-3.3586888313293457,2.5933051778289467,11.167691230773926
A,9,2,full_swap,200,0.8549999594688416,0.014999999664723873,-0.6803567409515381,-5.826102256774902,5.4670186042785645,11.167691230773926
A,10,2,helix,200,0.5949999690055847,0.17499999701976776,-1.4074821472167969,-3.8418753147125244,2.7653404270384097,11.682016372680664
A,10,2,only_T2,200,0.0,0.9899999499320984,-5.629815578460693,-0.44245222210884094,0.0,11.682016372680664
A,10,2,only_T5,200,0.3100000023841858,0.4350000023841858,-2.6014485359191895,-2.257617712020874,2.392406205141244,11.682016372680664
A,10,2,only_T10,200,0.05999999865889549,0.8149999976158142,-4.425716400146484,-0.9031245708465576,1.3596277756483794,11.682016372680664
A,10,2,only_T100,200,0.0,0.9899999499320984,-5.606988906860352,-0.43255698680877686,0.27536762809703186,11.682016372680664
A,10,2,only_lin,200,0.0,0.9899999499320984,-5.635821342468262,-0.4303027391433716,0.15603243788106694,11.682016372680664
A,10,2,random_orth,200,0.0,0.9699999690055847,-5.607200622558594,-0.44948610663414,2.7653404270384097,11.682016372680664
A,10,2,real_diff_in_helix_subspace,200,0.5249999761581421,0.23999999463558197,-1.862520694732666,-3.4337193965911865,2.8073734676046174,11.682016372680664
A,10,2,full_swap,200,0.8549999594688416,0.014999999664723873,-0.68289715051651,-5.831770896911621,5.810377597808838,11.682016372680664
A,11,2,helix,200,0.5999999642372131,0.16499999165534973,-1.388432264328003,-3.964362144470215,3.059541466487657,12.554330825805664
A,11,2,only_T2,200,0.0,0.9899999499320984,-5.629815578460693,-0.44245222210884094,0.0,12.554330825805664
A,11,2,only_T5,200,0.32999998331069946,0.4099999964237213,-2.5401670932769775,-2.4516234397888184,2.628904119120736,12.554330825805664
A,11,2,only_T10,200,0.054999999701976776,0.7999999523162842,-4.335489273071289,-0.9885924458503723,1.5191589284196305,12.554330825805664
A,11,2,only_T100,200,0.0,0.9899999499320984,-5.604698181152344,-0.43206167221069336,0.29259499116103826,12.554330825805664
A,11,2,only_lin,200,0.0,0.9899999499320984,-5.6324381828308105,-0.430330753326416,0.16480182043011543,12.554330825805664
A,11,2,random_orth,200,0.0,0.9549999833106995,-5.606076717376709,-0.4634150564670563,3.059541466487657,12.554330825805664
A,11,2,real_diff_in_helix_subspace,200,0.5849999785423279,0.1899999976158142,-1.7772271633148193,-3.677219867706299,3.1748701246134567,12.554330825805664
A,11,2,full_swap,200,0.8449999690055847,0.014999999664723873,-0.6982111930847168,-5.831103324890137,6.307965278625488,12.554330825805664
A,12,2,helix,200,0.6349999904632568,0.11999999731779099,-1.3157031536102295,-4.106166362762451,3.447891115524292,13.243444442749023
A,12,2,only_T2,200,0.0,0.9899999499320984,-5.629815578460693,-0.44245222210884094,0.0,13.243444442749023
A,12,2,only_T5,200,0.3199999928474426,0.35999998450279236,-2.4697625637054443,-2.554824113845825,2.975274057309397,13.243444442749023
A,12,2,only_T10,200,0.04999999701976776,0.7599999904632568,-4.2683258056640625,-1.0742170810699463,1.7111963001655845,13.243444442749023
A,12,2,only_T100,200,0.0,0.9950000047683716,-5.606654644012451,-0.43286094069480896,0.31273320701892676,13.243444442749023
A,12,2,only_lin,200,0.0,0.9899999499320984,-5.637183666229248,-0.43054187297821045,0.17608750584371027,13.243444442749023
A,12,2,random_orth,200,0.0,0.9799999594688416,-5.595313549041748,-0.46989142894744873,3.4478911155242917,13.243444442749023
A,12,2,real_diff_in_helix_subspace,200,0.5699999928474426,0.17999999225139618,-1.6517913341522217,-3.8825197219848633,3.582020890381584,13.243444442749023
A,12,2,full_swap,200,0.8299999833106995,0.014999999664723873,-0.7042762041091919,-5.832820892333984,6.932793140411377,13.243444442749023
A,13,2,helix,200,0.4650000035762787,0.35499998927116394,-1.8982863426208496,-2.9153389930725098,3.7067399723853174,14.508854866027832
A,13,2,only_T2,200,0.0,0.9899999499320984,-5.629815578460693,-0.44245222210884094,0.0,14.508854866027832
A,13,2,only_T5,200,0.2549999952316284,0.574999988079071,-2.9844274520874023,-1.7534631490707397,3.207370810656408,14.508854866027832
A,13,2,only_T10,200,0.05999999865889549,0.8100000023841858,-4.513563632965088,-0.8592970371246338,1.8304140465209746,14.508854866027832
A,13,2,only_T100,200,0.0,0.9899999499320984,-5.610772609710693,-0.43314701318740845,0.33965428363372874,14.508854866027832
A,13,2,only_lin,200,0.0,0.9950000047683716,-5.6354289054870605,-0.43252861499786377,0.19359141507711,14.508854866027832
A,13,2,random_orth,200,0.0,0.9699999690055847,-5.617298603057861,-0.46194061636924744,3.706739972385317,14.508854866027832
A,13,2,real_diff_in_helix_subspace,200,0.4749999940395355,0.32999998331069946,-2.0706160068511963,-2.859395742416382,3.9012721070364904,14.508854866027832
A,13,2,full_swap,200,0.7400000095367432,0.10999999940395355,-0.9599470496177673,-4.4785475730896,7.438837051391602,14.508854866027832
A,14,2,helix,200,0.4399999976158142,0.3799999952316284,-2.0458123683929443,-2.7624566555023193,3.919088901306377,15.715008735656738
A,14,2,only_T2,200,0.0,0.9899999499320984,-5.629815578460693,-0.44245222210884094,0.0,15.715008735656738
A,14,2,only_T5,200,0.25,0.5999999642372131,-3.084874153137207,-1.6692229509353638,3.4104989067731424,15.715008735656738
A,14,2,only_T10,200,0.04999999701976776,0.8449999690055847,-4.577118396759033,-0.8193861246109009,1.903167455123754,15.715008735656738
A,14,2,only_T100,200,0.0,0.9950000047683716,-5.613683223724365,-0.4352019727230072,0.3577283213898699,15.715008735656738
A,14,2,only_lin,200,0.0,0.9899999499320984,-5.628576755523682,-0.4342643618583679,0.2030864971600471,15.715008735656738
A,14,2,random_orth,200,0.0,0.98499995470047,-5.615403175354004,-0.4555841088294983,3.919088901306377,15.715008735656738
A,14,2,real_diff_in_helix_subspace,200,0.4399999976158142,0.3700000047683716,-2.2374188899993896,-2.701240062713623,4.155767194993695,15.715008735656738
A,14,2,full_swap,200,0.699999988079071,0.16499999165534973,-1.1034889221191406,-4.105401039123535,7.809190273284912,15.715008735656738
A,15,2,helix,200,0.4399999976158142,0.3700000047683716,-2.0138700008392334,-2.800633192062378,4.239700675567297,17.48564910888672
A,15,2,only_T2,200,0.0,0.9899999499320984,-5.629815578460693,-0.44245222210884094,0.0,17.48564910888672
A,15,2,only_T5,200,0.25,0.5849999785423279,-3.0463578701019287,-1.705491542816162,3.702869103497182,17.48564910888672
A,15,2,only_T10,200,0.054999999701976776,0.8349999785423279,-4.5645036697387695,-0.8327075242996216,2.0215952591729724,17.48564910888672
A,15,2,only_T100,200,0.0,0.9950000047683716,-5.613170146942139,-0.4337012767791748,0.42584515963565184,17.48564910888672
A,15,2,only_lin,200,0.0,0.9950000047683716,-5.628884792327881,-0.43370306491851807,0.23214806480096675,17.48564910888672
A,15,2,random_orth,200,0.0,0.9699999690055847,-5.639233112335205,-0.46696460247039795,4.239700675567297,17.48564910888672
A,15,2,real_diff_in_helix_subspace,200,0.429999977350235,0.35999998450279236,-2.2386903762817383,-2.742783784866333,4.547967166477029,17.48564910888672
A,15,2,full_swap,200,0.699999988079071,0.17000000178813934,-1.114443063735962,-4.085989952087402,8.462150573730469,17.48564910888672
A,16,2,helix,200,0.4650000035762787,0.3149999976158142,-1.9555306434631348,-2.933075428009033,4.9231707442492505,19.439624786376953
A,16,2,only_T2,200,0.0,0.9899999499320984,-5.629815578460693,-0.44245222210884094,0.0,19.439624786376953
A,16,2,only_T5,200,0.26999998092651367,0.5450000166893005,-2.954543352127075,-1.818474531173706,4.27164089847308,19.439624786376953
A,16,2,only_T10,200,0.05999999865889549,0.8050000071525574,-4.480922698974609,-0.8969329595565796,2.38825100045038,19.439624786376953
A,16,2,only_T100,200,0.0,0.9950000047683716,-5.616049289703369,-0.43383491039276123,0.49863749948375924,19.439624786376953
A,16,2,only_lin,200,0.0,0.9950000047683716,-5.629641532897949,-0.43410223722457886,0.2736432277936994,19.439624786376953
A,16,2,random_orth,200,0.0,0.9649999737739563,-5.627927303314209,-0.46590131521224976,4.9231707442492505,19.439624786376953
A,16,2,real_diff_in_helix_subspace,200,0.44999998807907104,0.32499998807907104,-2.1567189693450928,-2.89389705657959,5.286508067876812,19.439624786376953
A,16,2,full_swap,200,0.6949999928474426,0.17499999701976776,-1.1413201093673706,-4.034827709197998,10.086261749267578,19.439624786376953
A,17,2,helix,200,0.3999999761581421,0.42499998211860657,-2.3252065181732178,-2.457834005355835,5.284953449667452,20.795175552368164
A,17,2,only_T2,200,0.0,0.9899999499320984,-5.629815578460693,-0.44245222210884094,0.0,20.795175552368164
A,17,2,only_T5,200,0.2199999988079071,0.6349999904632568,-3.2772696018218994,-1.516379952430725,4.581232739163588,20.795175552368164
A,17,2,only_T10,200,0.054999999701976776,0.8199999928474426,-4.617127418518066,-0.8156362175941467,2.5767207357857886,20.795175552368164
A,17,2,only_T100,200,0.0,1.0,-5.617796421051025,-0.43528324365615845,0.5470959724815667,20.795175552368164
A,17,2,only_lin,200,0.0,0.9950000047683716,-5.629434585571289,-0.43592438101768494,0.30355401888143485,20.795175552368164
A,17,2,random_orth,200,0.0,0.9749999642372131,-5.590357303619385,-0.4595482051372528,5.284953449667452,20.795175552368164
A,17,2,real_diff_in_helix_subspace,200,0.38499999046325684,0.4050000011920929,-2.456270456314087,-2.4235446453094482,5.709654447610124,20.795175552368164
A,17,2,full_swap,200,0.5899999737739563,0.29499998688697815,-1.6035832166671753,-3.1409859657287598,10.942822456359863,20.795175552368164
A,18,2,helix,200,0.32999998331069946,0.5049999952316284,-2.688011407852173,-1.992859959602356,5.538260188043685,23.124160766601562
A,18,2,only_T2,200,0.0,0.9899999499320984,-5.629815578460693,-0.44245222210884094,0.0,23.124160766601562
A,18,2,only_T5,200,0.1850000023841858,0.699999988079071,-3.6023802757263184,-1.2306268215179443,4.803210632497666,23.124160766601562
A,18,2,only_T10,200,0.044999998062849045,0.8499999642372131,-4.755763530731201,-0.7384536862373352,2.700096874713406,23.124160766601562
A,18,2,only_T100,200,0.0,1.0,-5.618740558624268,-0.4357547163963318,0.584051093742215,23.124160766601562
A,18,2,only_lin,200,0.0,0.9899999499320984,-5.631206035614014,-0.43671369552612305,0.3234982816410096,23.124160766601562
A,18,2,random_orth,200,0.0,0.9749999642372131,-5.619348049163818,-0.4491569399833679,5.538260188043685,23.124160766601562
A,18,2,real_diff_in_helix_subspace,200,0.32499998807907104,0.5099999904632568,-2.7840020656585693,-1.9609307050704956,6.015331404924235,23.124160766601562
A,18,2,full_swap,200,0.5099999904632568,0.39499998092651367,-2.011157751083374,-2.431668758392334,11.52110481262207,23.124160766601562
A,19,2,helix,200,0.004999999888241291,0.9899999499320984,-5.527956485748291,-0.43408507108688354,6.044407241903461,24.878252029418945
A,19,2,only_T2,200,0.0,0.9899999499320984,-5.629815578460693,-0.44245222210884094,0.0,24.878252029418945
A,19,2,only_T5,200,0.004999999888241291,0.9899999499320984,-5.588638782501221,-0.4372504949569702,5.237679874392501,24.878252029418945
A,19,2,only_T10,200,0.0,0.98499995470047,-5.582581520080566,-0.4473103880882263,2.9434264760730366,24.878252029418945
A,19,2,only_T100,200,0.0,1.0,-5.628396987915039,-0.4393496513366699,0.6359371014410791,24.878252029418945
A,19,2,only_lin,200,0.0,0.9899999499320984,-5.6287736892700195,-0.44231337308883667,0.35946529891962925,24.878252029418945
A,19,2,random_orth,200,0.0,1.0,-5.626795291900635,-0.4409453570842743,6.044407241903461,24.878252029418945
A,19,2,real_diff_in_helix_subspace,200,0.004999999888241291,0.9899999499320984,-5.537919998168945,-0.4261457622051239,6.614684104221759,24.878252029418945
A,19,2,full_swap,200,0.009999999776482582,0.9649999737739563,-5.361286640167236,-0.45553141832351685,12.497008323669434,24.878252029418945
A,20,2,helix,200,0.004999999888241291,0.9899999499320984,-5.528590202331543,-0.4353971779346466,6.4350846894956195,26.569931030273438
A,20,2,only_T2,200,0.0,0.9899999499320984,-5.629815578460693,-0.44245222210884094,0.0,26.569931030273438
A,20,2,only_T5,200,0.004999999888241291,0.9899999499320984,-5.588233470916748,-0.43695512413978577,5.578011767898972,26.569931030273438
A,20,2,only_T10,200,0.0,0.9899999499320984,-5.579806804656982,-0.44663771986961365,3.1423408867279146,26.569931030273438
A,20,2,only_T100,200,0.0,1.0,-5.627487659454346,-0.43838560581207275,0.6977104890629927,26.569931030273438
A,20,2,only_lin,200,0.0,0.9899999499320984,-5.62843132019043,-0.4414720833301544,0.39428949364445587,26.569931030273438
A,20,2,random_orth,200,0.0,0.9799999594688416,-5.629944801330566,-0.44396883249282837,6.4350846894956195,26.569931030273438
A,20,2,real_diff_in_helix_subspace,200,0.004999999888241291,0.9950000047683716,-5.541260719299316,-0.4261561930179596,7.064492143777113,26.569931030273438
A,20,2,full_swap,200,0.004999999888241291,0.9699999690055847,-5.365939140319824,-0.45259618759155273,13.414729118347168,26.569931030273438
A,21,2,helix,200,0.0,0.9950000047683716,-5.640071392059326,-0.4383114278316498,6.757271850571197,28.070619583129883
A,21,2,only_T2,200,0.0,0.9899999499320984,-5.629815578460693,-0.44245222210884094,0.0,28.070619583129883
A,21,2,only_T5,200,0.0,0.9950000047683716,-5.642543792724609,-0.4404023587703705,5.863791493618778,28.070619583129883
A,21,2,only_T10,200,0.0,0.9899999499320984,-5.628048419952393,-0.44254812598228455,3.2906058402465646,28.070619583129883
A,21,2,only_T100,200,0.0,0.9950000047683716,-5.629604339599609,-0.4403674900531769,0.746580314057311,28.070619583129883
A,21,2,only_lin,200,0.0,0.9899999499320984,-5.630709648132324,-0.44216108322143555,0.42040596307320127,28.070619583129883
A,21,2,random_orth,200,0.0,0.9899999499320984,-5.6340532302856445,-0.4433411955833435,6.757271850571197,28.070619583129883
A,21,2,real_diff_in_helix_subspace,200,0.0,0.9950000047683716,-5.643385887145996,-0.43242889642715454,7.464764019361837,28.070619583129883
A,21,2,full_swap,200,0.0,0.9799999594688416,-5.601883411407471,-0.4374946355819702,14.180341720581055,28.070619583129883
A,22,2,helix,200,0.0,1.0,-5.636446475982666,-0.43774786591529846,7.065440719534999,29.472129821777344
A,22,2,only_T2,200,0.0,0.9899999499320984,-5.629815578460693,-0.44245222210884094,0.0,29.472129821777344
A,22,2,only_T5,200,0.0,0.9950000047683716,-5.642210960388184,-0.44055986404418945,6.127327578000519,29.472129821777344
A,22,2,only_T10,200,0.0,0.98499995470047,-5.625773906707764,-0.4436461627483368,3.4475975431733614,29.472129821777344
A,22,2,only_T100,200,0.0,0.9899999499320984,-5.629157066345215,-0.4406510591506958,0.798253784526951,29.472129821777344
A,22,2,only_lin,200,0.0,0.9899999499320984,-5.630171775817871,-0.4420158565044403,0.4445448399417778,29.472129821777344
A,22,2,random_orth,200,0.0,0.9899999499320984,-5.627846717834473,-0.4425024390220642,7.065440719534999,29.472129821777344
A,22,2,real_diff_in_helix_subspace,200,0.0,1.0,-5.641190052032471,-0.4317607879638672,7.859456238024278,29.472129821777344
A,22,2,full_swap,200,0.0,0.98499995470047,-5.604986667633057,-0.4376736283302307,14.926229476928711,29.472129821777344
A,23,2,helix,200,0.0,0.9899999499320984,-5.650703430175781,-0.44254860281944275,7.359961786079314,30.87454605102539
A,23,2,only_T2,200,0.0,0.9899999499320984,-5.629815578460693,-0.44245222210884094,0.0,30.87454605102539
A,23,2,only_T5,200,0.0,0.9950000047683716,-5.646855354309082,-0.44374778866767883,6.3931911187240305,30.87454605102539
A,23,2,only_T10,200,0.0,0.98499995470047,-5.63115930557251,-0.4444691836833954,3.5651579943700096,30.87454605102539
A,23,2,only_T100,200,0.0,0.9899999499320984,-5.631271839141846,-0.44101524353027344,0.83479760085822,30.87454605102539
A,23,2,only_lin,200,0.0,0.9950000047683716,-5.631391525268555,-0.4417153596878052,0.4643190535802059,30.87454605102539
A,23,2,random_orth,200,0.0,0.9899999499320984,-5.630609035491943,-0.4447282552719116,7.359961786079314,30.87454605102539
A,23,2,real_diff_in_helix_subspace,200,0.0,0.9899999499320984,-5.654070854187012,-0.43847036361694336,8.221824133116941,30.87454605102539
A,23,2,full_swap,200,0.0,0.9799999594688416,-5.627995491027832,-0.4471289813518524,15.613842964172363,30.87454605102539
A,24,2,helix,200,0.0,1.0,-5.652040958404541,-0.43547481298446655,7.604950061286422,31.941761016845703
A,24,2,only_T2,200,0.0,0.9899999499320984,-5.629815578460693,-0.44245222210884094,0.0,31.941761016845703
A,24,2,only_T5,200,0.0,0.9950000047683716,-5.647413730621338,-0.43959322571754456,6.618399588239522,31.941761016845703
A,24,2,only_T10,200,0.0,0.9899999499320984,-5.632776737213135,-0.4419662356376648,3.6577337203191003,31.941761016845703
A,24,2,only_T100,200,0.0,0.9950000047683716,-5.630988121032715,-0.44201895594596863,0.8702003686418052,31.941761016845703
A,24,2,only_lin,200,0.0,0.9899999499320984,-5.629465579986572,-0.4412292242050171,0.4837912899070863,31.941761016845703
A,24,2,random_orth,200,0.0,0.9899999499320984,-5.63332986831665,-0.44288188219070435,7.604950061286422,31.941761016845703
A,24,2,real_diff_in_helix_subspace,200,0.0,1.0,-5.65338134765625,-0.4333786964416504,8.534884539696282,31.941761016845703
A,24,2,full_swap,200,0.0,0.98499995470047,-5.637492656707764,-0.43734756112098694,16.199687957763672,31.941761016845703
A,25,2,helix,200,0.0,1.0,-5.649816036224365,-0.43588441610336304,7.89385920376662,33.408058166503906
A,25,2,only_T2,200,0.0,0.9899999499320984,-5.629815578460693,-0.44245222210884094,0.0,33.408058166503906
A,25,2,only_T5,200,0.0,1.0,-5.646704196929932,-0.43942227959632874,6.882598728501548,33.408058166503906
A,25,2,only_T10,200,0.0,0.9950000047683716,-5.633693218231201,-0.4413056969642639,3.777836731091802,33.408058166503906
A,25,2,only_T100,200,0.0,0.9899999499320984,-5.630778789520264,-0.44173312187194824,0.9154961974294324,33.408058166503906
A,25,2,only_lin,200,0.0,0.9899999499320984,-5.631140232086182,-0.44124656915664673,0.5069519245383921,33.408058166503906
A,25,2,random_orth,200,0.0,0.9950000047683716,-5.627315521240234,-0.4435082972049713,7.89385920376662,33.408058166503906
A,25,2,real_diff_in_helix_subspace,200,0.0,1.0,-5.654994964599609,-0.4340437948703766,8.93910730067416,33.408058166503906
A,25,2,full_swap,200,0.0,0.98499995470047,-5.637070178985596,-0.4373210072517395,16.930744171142578,33.408058166503906
A,26,2,helix,200,0.0,1.0,-5.650929927825928,-0.43581053614616394,8.116440562645602,34.602046966552734
A,26,2,only_T2,200,0.0,0.9899999499320984,-5.629815578460693,-0.44245222210884094,0.0,34.602046966552734
A,26,2,only_T5,200,0.0,1.0,-5.649490833282471,-0.4388880133628845,7.0811081299433,34.602046966552734
A,26,2,only_T10,200,0.0,0.9899999499320984,-5.632519245147705,-0.44144386053085327,3.8723015283235855,34.602046966552734
A,26,2,only_T100,200,0.0,0.9899999499320984,-5.631596565246582,-0.4415440261363983,0.949551423585713,34.602046966552734
A,26,2,only_lin,200,0.0,0.9899999499320984,-5.629340648651123,-0.4414285123348236,0.5279134874654811,34.602046966552734
A,26,2,random_orth,200,0.0,0.9899999499320984,-5.63012170791626,-0.44235125184059143,8.116440562645602,34.602046966552734
A,26,2,real_diff_in_helix_subspace,200,0.0,1.0,-5.654333591461182,-0.43379056453704834,9.245410294101914,34.602046966552734
A,26,2,full_swap,200,0.0,0.98499995470047,-5.637383937835693,-0.4372389018535614,17.482404708862305,34.602046966552734
A,27,2,helix,200,0.0,0.9899999499320984,-5.630984783172607,-0.4426790177822113,8.257718860080987,36.0758171081543
A,27,2,only_T2,200,0.0,0.9899999499320984,-5.629815578460693,-0.44245222210884094,0.0,36.0758171081543
A,27,2,only_T5,200,0.0,0.9899999499320984,-5.63072395324707,-0.4426320791244507,7.201322563531445,36.0758171081543
A,27,2,only_T10,200,0.0,0.9899999499320984,-5.629800796508789,-0.4426650106906891,3.939316892915209,36.0758171081543
A,27,2,only_T100,200,0.0,0.9899999499320984,-5.630848407745361,-0.44245046377182007,0.9805706080954707,36.0758171081543
A,27,2,only_lin,200,0.0,0.9899999499320984,-5.630406379699707,-0.44244569540023804,0.5449394395297226,36.0758171081543
A,27,2,random_orth,200,0.0,0.9899999499320984,-5.630897521972656,-0.4418591260910034,8.257718860080987,36.0758171081543
A,27,2,real_diff_in_helix_subspace,200,0.0,0.9899999499320984,-5.630565166473389,-0.44231298565864563,9.519330098541554,36.0758171081543
A,27,2,full_swap,200,0.0,0.9899999499320984,-5.626932621002197,-0.4427397847175598,17.932781219482422,36.0758171081543
A,28,2,helix,200,0.0,0.9899999499320984,-5.630630970001221,-0.44262999296188354,8.398885359395457,37.46990203857422
A,28,2,only_T2,200,0.0,0.9899999499320984,-5.629815578460693,-0.44245222210884094,0.0,37.46990203857422
A,28,2,only_T5,200,0.0,0.9899999499320984,-5.628998279571533,-0.44257181882858276,7.320072017486572,37.46990203857422
A,28,2,only_T10,200,0.0,0.9899999499320984,-5.6307854652404785,-0.44234010577201843,4.015818144256931,37.46990203857422
A,28,2,only_T100,200,0.0,0.9899999499320984,-5.631714820861816,-0.4425588846206665,1.0123384893379332,37.46990203857422
A,28,2,only_lin,200,0.0,0.9899999499320984,-5.630868434906006,-0.4423007071018219,0.5613828581443946,37.46990203857422
A,28,2,random_orth,200,0.0,0.9899999499320984,-5.628695011138916,-0.44268369674682617,8.398885359395457,37.46990203857422
A,28,2,real_diff_in_helix_subspace,200,0.0,0.9899999499320984,-5.630492210388184,-0.4425585865974426,9.793233851282977,37.46990203857422
A,28,2,full_swap,200,0.0,0.9899999499320984,-5.629848957061768,-0.44245654344558716,18.407958984375,37.46990203857422
A,29,2,helix,200,0.0,0.9899999499320984,-5.631083965301514,-0.4425870478153229,8.715148158580023,41.7319221496582
A,29,2,only_T2,200,0.0,0.9899999499320984,-5.629815578460693,-0.44245222210884094,0.0,41.7319221496582
A,29,2,only_T5,200,0.0,0.9899999499320984,-5.629408359527588,-0.44232118129730225,7.58725761264402,41.7319221496582
A,29,2,only_T10,200,0.0,0.9899999499320984,-5.629899024963379,-0.44252821803092957,4.171507345827192,41.7319221496582
A,29,2,only_T100,200,0.0,0.9899999499320984,-5.630575656890869,-0.4424465000629425,1.092192587914657,41.7319221496582
A,29,2,only_lin,200,0.0,0.9899999499320984,-5.629763126373291,-0.4422595500946045,0.591067358151848,41.7319221496582
A,29,2,random_orth,200,0.0,0.9899999499320984,-5.629220008850098,-0.44278082251548767,8.715148158580025,41.7319221496582
A,29,2,real_diff_in_helix_subspace,200,0.0,0.9899999499320984,-5.631126403808594,-0.44218364357948303,10.486080680421649,41.7319221496582
A,29,2,full_swap,200,0.0,0.9899999499320984,-5.629148483276367,-0.44273078441619873,19.363439559936523,41.7319221496582
A,30,2,helix,200,0.0,0.9899999499320984,-5.630183696746826,-0.44231879711151123,9.166862226019067,52.333621978759766
A,30,2,only_T2,200,0.0,0.9899999499320984,-5.629815578460693,-0.44245222210884094,0.0,52.333621978759766
A,30,2,only_T5,200,0.0,0.9899999499320984,-5.630212306976318,-0.44253844022750854,8.01521459746412,52.333621978759766
A,30,2,only_T10,200,0.0,0.9899999499320984,-5.63067102432251,-0.4423849284648895,4.345449864293384,52.333621978759766
A,30,2,only_T100,200,0.0,0.9899999499320984,-5.629733085632324,-0.44251880049705505,1.1638780666551243,52.333621978759766
A,30,2,only_lin,200,0.0,0.9899999499320984,-5.629716873168945,-0.4426122307777405,0.628894779239521,52.333621978759766
A,30,2,random_orth,200,0.0,0.9899999499320984,-5.630015850067139,-0.4424175024032593,9.166862226019067,52.333621978759766
A,30,2,real_diff_in_helix_subspace,200,0.0,0.9899999499320984,-5.630926609039307,-0.4422540068626404,11.309715616680796,52.333621978759766
A,30,2,full_swap,200,0.0,0.9899999499320984,-5.628943920135498,-0.4423377811908722,20.372329711914062,52.333621978759766
A,31,2,helix,200,0.0,0.9899999499320984,-5.629815578460693,-0.44245222210884094,9.592570380045318,69.4775161743164
A,31,2,only_T2,200,0.0,0.9899999499320984,-5.629815578460693,-0.44245222210884094,0.0,69.4775161743164
A,31,2,only_T5,200,0.0,0.9899999499320984,-5.629815578460693,-0.44245222210884094,8.322601099688905,69.4775161743164
A,31,2,only_T10,200,0.0,0.9899999499320984,-5.629815578460693,-0.44245222210884094,4.66444275252467,69.4775161743164
A,31,2,only_T100,200,0.0,0.9899999499320984,-5.629815578460693,-0.44245222210884094,1.253183385904874,69.4775161743164
A,31,2,only_lin,200,0.0,0.9899999499320984,-5.629815578460693,-0.44245222210884094,0.6965186029926688,69.4775161743164
A,31,2,random_orth,200,0.0,0.9899999499320984,-5.629815578460693,-0.44245222210884094,9.592570380045318,69.4775161743164
A,31,2,real_diff_in_helix_subspace,200,0.0,0.9899999499320984,-5.629815578460693,-0.44245222210884094,12.218797778483214,69.4775161743164
A,31,2,full_swap,200,0.0,0.9899999499320984,-5.629815578460693,-0.44245222210884094,21.504920959472656,69.4775161743164
A,0,5,helix,200,0.32499998807907104,0.014999999664723873,-2.3835182189941406,-5.29873514175415,1.8819609614466453,3.6222658157348633
A,0,5,only_T2,200,0.0,0.3449999988079071,-6.519719123840332,-2.1439132690429688,1.092490331761784,3.6222658157348633
A,0,5,only_T5,200,0.0,1.0,-8.23184871673584,-0.40400969982147217,1.7814855747030717e-15,3.6222658157348633
A,0,5,only_T10,200,0.019999999552965164,0.429999977350235,-5.818671703338623,-2.4349422454833984,1.4731214406279896,3.6222658157348633
A,0,5,only_T100,200,0.0,0.9749999642372131,-8.12718677520752,-0.38985395431518555,0.4199741531277066,3.6222658157348633
A,0,5,only_lin,200,0.0,1.0,-8.252924919128418,-0.3704369366168976,0.20016126796231437,3.6222658157348633
A,0,5,random_orth,200,0.0,0.98499995470047,-8.22254467010498,-0.42106834053993225,1.8819609614466453,3.6222658157348633
A,0,5,real_diff_in_helix_subspace,200,0.25,0.1850000023841858,-3.2835819721221924,-4.3638739585876465,1.7077592036559164,3.6222658157348633
A,0,5,full_swap,200,0.824999988079071,0.0,-0.7256126403808594,-7.841134071350098,4.147825241088867,3.6222658157348633
A,1,5,helix,200,0.3199999928474426,0.029999999329447746,-2.4063594341278076,-5.214371681213379,1.8720831011518857,4.193195819854736
A,1,5,only_T2,200,0.0,0.375,-6.568820476531982,-2.078058958053589,1.0971723854783964,4.193195819854736
A,1,5,only_T5,200,0.0,1.0,-8.23184871673584,-0.40400969982147217,1.7634834680978181e-15,4.193195819854736
A,1,5,only_T10,200,0.009999999776482582,0.41999998688697815,-5.808298587799072,-2.480215549468994,1.4555783573554002,4.193195819854736
A,1,5,only_T100,200,0.0,0.9749999642372131,-8.13007640838623,-0.3923552930355072,0.420208734701778,4.193195819854736
A,1,5,only_lin,200,0.0,1.0,-8.249829292297363,-0.37234121561050415,0.21144599060708033,4.193195819854736
A,1,5,random_orth,200,0.0,0.9749999642372131,-8.249693870544434,-0.4313853979110718,1.8720831011518857,4.193195819854736
A,1,5,real_diff_in_helix_subspace,200,0.23499999940395355,0.17499999701976776,-3.240481376647949,-4.371342182159424,1.728066437602517,4.193195819854736
A,1,5,full_swap,200,0.8549999594688416,0.0,-0.6952576041221619,-7.844332218170166,4.111231803894043,4.193195819854736
A,2,5,helix,200,0.3149999976158142,0.029999999329447746,-2.400364875793457,-5.217719554901123,1.9424358226717964,5.200532913208008
A,2,5,only_T2,200,0.0,0.375,-6.549448013305664,-2.095261573791504,1.139526575145863,5.200532913208008
A,2,5,only_T5,200,0.0,1.0,-8.23184871673584,-0.40400969982147217,1.8433745015310912e-15,5.200532913208008
A,2,5,only_T10,200,0.014999999664723873,0.41999998688697815,-5.782008647918701,-2.527749538421631,1.5074010183857798,5.200532913208008
A,2,5,only_T100,200,0.0,0.9799999594688416,-8.13161563873291,-0.3937285542488098,0.4337008252646422,5.200532913208008
A,2,5,only_lin,200,0.0,1.0,-8.260436058044434,-0.3722401261329651,0.22910158270537542,5.200532913208008
A,2,5,random_orth,200,0.0,0.9799999594688416,-8.230999946594238,-0.42249611020088196,1.9424358226717964,5.200532913208008
A,2,5,real_diff_in_helix_subspace,200,0.22999998927116394,0.16499999165534973,-3.135118007659912,-4.484840393066406,1.8228416782960357,5.200532913208008
A,2,5,full_swap,200,0.8399999737739563,0.0,-0.6941275000572205,-7.846607685089111,4.24269962310791,5.200532913208008
A,3,5,helix,200,0.3199999928474426,0.029999999329447746,-2.3865861892700195,-5.235899448394775,2.1350938511511974,6.020357608795166
A,3,5,only_T2,200,0.0,0.3100000023841858,-6.500887393951416,-2.222992420196533,1.3077919932705149,6.020357608795166
A,3,5,only_T5,200,0.0,1.0,-8.23184871673584,-0.40400969982147217,2.0096311673782646e-15,6.020357608795166
A,3,5,only_T10,200,0.019999999552965164,0.41499999165534973,-5.772471904754639,-2.5802855491638184,1.6146691147089953,6.020357608795166
A,3,5,only_T100,200,0.0,0.9799999594688416,-8.127645492553711,-0.39445629715919495,0.46739984543421825,6.020357608795166
A,3,5,only_lin,200,0.0,1.0,-8.2594575881958,-0.3726987838745117,0.24973037113299168,6.020357608795166
A,3,5,random_orth,200,0.0,0.9799999594688416,-8.220833778381348,-0.4155895411968231,2.1350938511511974,6.020357608795166
A,3,5,real_diff_in_helix_subspace,200,0.2549999952316284,0.14000000059604645,-3.008282423019409,-4.631850719451904,2.0344117377385116,6.020357608795166
A,3,5,full_swap,200,0.8349999785423279,0.0,-0.6996472477912903,-7.8345537185668945,4.4780683517456055,6.020357608795166
A,4,5,helix,200,0.3149999976158142,0.03999999910593033,-2.449218988418579,-5.128989219665527,2.2359664698107977,7.000101089477539
A,4,5,only_T2,200,0.0,0.3499999940395355,-6.540104389190674,-2.140627384185791,1.3622374456332944,7.000101089477539
A,4,5,only_T5,200,0.0,1.0,-8.23184871673584,-0.40400969982147217,2.127460414076811e-15,7.000101089477539
A,4,5,only_T10,200,0.019999999552965164,0.4050000011920929,-5.7712273597717285,-2.579840660095215,1.6891768347385652,7.000101089477539
A,4,5,only_T100,200,0.0,0.9799999594688416,-8.120570182800293,-0.3961185812950134,0.501358040465468,7.000101089477539
A,4,5,only_lin,200,0.0,1.0,-8.252481460571289,-0.3758053481578827,0.27537313681422537,7.000101089477539
A,4,5,random_orth,200,0.0,0.9699999690055847,-8.230937957763672,-0.4127906560897827,2.235966469810798,7.000101089477539
A,4,5,real_diff_in_helix_subspace,200,0.25,0.12999999523162842,-3.0211730003356934,-4.566911697387695,2.1460760235978857,7.000101089477539
A,4,5,full_swap,200,0.824999988079071,0.0,-0.7326561808586121,-7.746015548706055,4.694064140319824,7.000101089477539
A,5,5,helix,200,0.3100000023841858,0.04999999701976776,-2.4440531730651855,-5.1463518142700195,2.3948488797517724,7.765888690948486
A,5,5,only_T2,200,0.0,0.3449999988079071,-6.548848628997803,-2.116547107696533,1.4576634201545653,7.765888690948486
A,5,5,only_T5,200,0.0,1.0,-8.23184871673584,-0.40400969982147217,2.302635957162936e-15,7.765888690948486
A,5,5,only_T10,200,0.014999999664723873,0.4050000011920929,-5.750343322753906,-2.6189372539520264,1.8115366123577397,7.765888690948486
A,5,5,only_T100,200,0.0,0.9799999594688416,-8.122749328613281,-0.39915037155151367,0.5312849352916426,7.765888690948486
A,5,5,only_lin,200,0.0,1.0,-8.246609687805176,-0.37476035952568054,0.29643969210328075,7.765888690948486
A,5,5,random_orth,200,0.0,0.9649999737739563,-8.246996879577637,-0.4218803942203522,2.3948488797517724,7.765888690948486
A,5,5,real_diff_in_helix_subspace,200,0.2549999952316284,0.11999999731779099,-2.9544763565063477,-4.667806148529053,2.3253127939197125,7.765888690948486
A,5,5,full_swap,200,0.824999988079071,0.0,-0.7325333952903748,-7.716135025024414,4.976881504058838,7.765888690948486
A,6,5,helix,200,0.29499998688697815,0.04999999701976776,-2.4565885066986084,-5.144430637359619,2.537542504314386,8.855999946594238
A,6,5,only_T2,200,0.0,0.35499998927116394,-6.536220550537109,-2.1338212490081787,1.5544928266977576,8.855999946594238
A,6,5,only_T5,200,0.0,1.0,-8.23184871673584,-0.40400969982147217,2.4710577062645065e-15,8.855999946594238
A,6,5,only_T10,200,0.014999999664723873,0.4050000011920929,-5.746851444244385,-2.624600410461426,1.909011023169321,8.855999946594238
A,6,5,only_T100,200,0.0,0.9799999594688416,-8.126384735107422,-0.3983316719532013,0.5618407993293292,8.855999946594238
A,6,5,only_lin,200,0.0,1.0,-8.247586250305176,-0.3761529326438904,0.319570091170374,8.855999946594238
A,6,5,random_orth,200,0.0,0.9899999499320984,-8.199911117553711,-0.4377286732196808,2.537542504314386,8.855999946594238
A,6,5,real_diff_in_helix_subspace,200,0.23499999940395355,0.11499999463558197,-2.945828676223755,-4.737026214599609,2.4989796995497735,8.855999946594238
A,6,5,full_swap,200,0.824999988079071,0.0,-0.7400974631309509,-7.662649154663086,5.2228007316589355,8.855999946594238
A,7,5,helix,200,0.3100000023841858,0.044999998062849045,-2.49092435836792,-5.116515159606934,2.6483784930590137,9.555261611938477
A,7,5,only_T2,200,0.0,0.35999998450279236,-6.5578532218933105,-2.1033143997192383,1.6079601944513218,9.555261611938477
A,7,5,only_T5,200,0.0,1.0,-8.23184871673584,-0.40400969982147217,2.5874776267122285e-15,9.555261611938477
A,7,5,only_T10,200,0.014999999664723873,0.4099999964237213,-5.74915075302124,-2.6389760971069336,1.99936641009496,9.555261611938477
A,7,5,only_T100,200,0.0,0.9799999594688416,-8.124679565429688,-0.3979613780975342,0.5884017634801668,9.555261611938477
A,7,5,only_lin,200,0.0,1.0,-8.255827903747559,-0.3773730397224426,0.33818991263262027,9.555261611938477
A,7,5,random_orth,200,0.0,0.9599999785423279,-8.225859642028809,-0.42015329003334045,2.6483784930590137,9.555261611938477
A,7,5,real_diff_in_helix_subspace,200,0.23499999940395355,0.11999999731779099,-3.013946771621704,-4.7292327880859375,2.6225704935553,9.555261611938477
A,7,5,full_swap,200,0.8299999833106995,0.0,-0.757640540599823,-7.586923599243164,5.452402114868164,9.555261611938477
A,8,5,helix,200,0.3050000071525574,0.044999998062849045,-2.499769926071167,-5.125059604644775,2.7214666052364134,10.410575866699219
A,8,5,only_T2,200,0.0,0.35499998927116394,-6.553567886352539,-2.1162092685699463,1.6442198130737042,10.410575866699219
A,8,5,only_T5,200,0.0,1.0,-8.23184871673584,-0.40400969982147217,2.704672179274559e-15,10.410575866699219
A,8,5,only_T10,200,0.014999999664723873,0.41499999165534973,-5.726004600524902,-2.6785411834716797,2.06039349074721,10.410575866699219
A,8,5,only_T100,200,0.0,0.9799999594688416,-8.1261568069458,-0.39771345257759094,0.6057783737935916,10.410575866699219
A,8,5,only_lin,200,0.0,1.0,-8.255708694458008,-0.37873050570487976,0.34994611491628175,10.410575866699219
A,8,5,random_orth,200,0.0,0.9799999594688416,-8.204010963439941,-0.4132928252220154,2.7214666052364134,10.410575866699219
A,8,5,real_diff_in_helix_subspace,200,0.23999999463558197,0.10499999672174454,-3.022703170776367,-4.79834508895874,2.7338134847824507,10.410575866699219
A,8,5,full_swap,200,0.824999988079071,0.0,-0.7633383870124817,-7.572179317474365,5.614345550537109,10.410575866699219
A,9,5,helix,200,0.3100000023841858,0.044999998062849045,-2.459688425064087,-5.161041259765625,2.8313776154373067,11.129321098327637
A,9,5,only_T2,200,0.0,0.35499998927116394,-6.556406021118164,-2.1312973499298096,1.717194164996332,11.129321098327637
A,9,5,only_T5,200,0.0,1.0,-8.23184871673584,-0.40400969982147217,2.819404051944979e-15,11.129321098327637
A,9,5,only_T10,200,0.009999999776482582,0.3999999761581421,-5.68797492980957,-2.7293307781219482,2.1314386171742514,11.129321098327637
A,9,5,only_T100,200,0.0,0.9799999594688416,-8.124698638916016,-0.3966592252254486,0.6335706492291908,11.129321098327637
A,9,5,only_lin,200,0.0,1.0,-8.253798484802246,-0.37867361307144165,0.36417522872009944,11.129321098327637
A,9,5,random_orth,200,0.0,0.98499995470047,-8.196910858154297,-0.4158559739589691,2.8313776154373067,11.129321098327637
A,9,5,real_diff_in_helix_subspace,200,0.2449999898672104,0.09999999403953552,-3.0087907314300537,-4.86888313293457,2.8808070299726505,11.129321098327637
A,9,5,full_swap,200,0.8199999928474426,0.0,-0.7641718983650208,-7.572829246520996,5.861469745635986,11.129321098327637
A,10,5,helix,200,0.3199999928474426,0.03999999910593033,-2.4001259803771973,-5.217012882232666,3.0600079477365445,11.664719581604004
A,10,5,only_T2,200,0.0,0.32999998331069946,-6.548985481262207,-2.203080892562866,1.839837025452397,11.664719581604004
A,10,5,only_T5,200,0.0,1.0,-8.23184871673584,-0.40400969982147217,3.023536215905094e-15,11.664719581604004
A,10,5,only_T10,200,0.009999999776482582,0.3799999952316284,-5.617258071899414,-2.788611888885498,2.316396294637794,11.664719581604004
A,10,5,only_T100,200,0.0,0.98499995470047,-8.128584861755371,-0.39752426743507385,0.6778460295606981,11.664719581604004
A,10,5,only_lin,200,0.0,1.0,-8.253792762756348,-0.37923163175582886,0.39008109470266733,11.664719581604004
A,10,5,random_orth,200,0.0,0.9749999642372131,-8.214653968811035,-0.42102766036987305,3.0600079477365445,11.664719581604004
A,10,5,real_diff_in_helix_subspace,200,0.2549999952316284,0.0949999988079071,-2.975720167160034,-4.960099220275879,3.14945260982721,11.664719581604004
A,10,5,full_swap,200,0.8149999976158142,0.0,-0.7650099992752075,-7.578104019165039,6.270631790161133,11.664719581604004
A,11,5,helix,200,0.3149999976158142,0.044999998062849045,-2.4085376262664795,-5.249444007873535,3.3892581309282845,12.535776138305664
A,11,5,only_T2,200,0.0,0.3050000071525574,-6.490293979644775,-2.379631757736206,2.007828563193946,12.535776138305664
A,11,5,only_T5,200,0.0,1.0,-8.23184871673584,-0.40400969982147217,3.317631967868206e-15,12.535776138305664
A,11,5,only_T10,200,0.009999999776482582,0.3400000035762787,-5.586981296539307,-2.9495928287506104,2.5956056550309166,12.535776138305664
A,11,5,only_T100,200,0.0,0.98499995470047,-8.117876052856445,-0.397614061832428,0.721589579234251,12.535776138305664
A,11,5,only_lin,200,0.0,1.0,-8.245977401733398,-0.3822317123413086,0.41200455107528855,12.535776138305664
A,11,5,random_orth,200,0.0,0.9699999690055847,-8.193041801452637,-0.42779111862182617,3.3892581309282837,12.535776138305664
A,11,5,real_diff_in_helix_subspace,200,0.2549999952316284,0.07499999552965164,-2.856562852859497,-5.104317665100098,3.530447756899629,12.535776138305664
A,11,5,full_swap,200,0.8149999976158142,0.004999999888241291,-0.7713162302970886,-7.570478439331055,6.777823448181152,12.535776138305664
A,12,5,helix,200,0.3149999976158142,0.044999998062849045,-2.341082811355591,-5.328891277313232,3.786797863151099,13.234031677246094
A,12,5,only_T2,200,0.0,0.23999999463558197,-6.455615043640137,-2.5550007820129395,2.255946549803137,13.234031677246094
A,12,5,only_T5,200,0.0,1.0,-8.23184871673584,-0.40400969982147217,3.7566754062628915e-15,13.234031677246094
A,12,5,only_T10,200,0.02499999850988388,0.2849999964237213,-5.486250400543213,-3.123955011367798,2.914180425516199,13.234031677246094
A,12,5,only_T100,200,0.0,0.98499995470047,-8.116792678833008,-0.3971194326877594,0.7706887942824534,13.234031677246094
A,12,5,only_lin,200,0.0,1.0,-8.248554229736328,-0.38152945041656494,0.44021876460927556,13.234031677246094
A,12,5,random_orth,200,0.0,0.9699999690055847,-8.181361198425293,-0.4308706521987915,3.786797863151099,13.234031677246094
A,12,5,real_diff_in_helix_subspace,200,0.2800000011920929,0.06499999761581421,-2.71697998046875,-5.2474284172058105,3.9528262209049,13.234031677246094
A,12,5,full_swap,200,0.8149999976158142,0.004999999888241291,-0.7812931537628174,-7.562225341796875,7.40805196762085,13.234031677246094
A,13,5,helix,200,0.23499999940395355,0.1599999964237213,-3.240692615509033,-4.10258674621582,4.062837609441932,14.51437759399414
A,13,5,only_T2,200,0.0,0.4449999928474426,-6.741729736328125,-1.9293547868728638,2.4218042739149594,14.51437759399414
A,13,5,only_T5,200,0.0,1.0,-8.23184871673584,-0.40400969982147217,4.049412134182166e-15,14.51437759399414
A,13,5,only_T10,200,0.009999999776482582,0.48499998450279236,-5.985983848571777,-2.293558359146118,3.1228818302575196,14.51437759399414
A,13,5,only_T100,200,0.0,0.98499995470047,-8.140286445617676,-0.3963091969490051,0.8342818777920533,14.51437759399414
A,13,5,only_lin,200,0.0,1.0,-8.23885440826416,-0.385227769613266,0.48397853769277505,14.51437759399414
A,13,5,random_orth,200,0.0,0.9799999594688416,-8.224836349487305,-0.4237176477909088,4.062837609441932,14.51437759399414
A,13,5,real_diff_in_helix_subspace,200,0.1899999976158142,0.16499999165534973,-3.503526449203491,-4.135159492492676,4.2861780620325165,14.51437759399414
A,13,5,full_swap,200,0.7099999785423279,0.02499999850988388,-1.2136319875717163,-6.285271644592285,7.991473197937012,14.51437759399414
A,14,5,helix,200,0.20999999344348907,0.20499999821186066,-3.5817151069641113,-3.7903380393981934,4.219005826240786,15.721657752990723
A,14,5,only_T2,200,0.0,0.4899999797344208,-6.846133708953857,-1.7650095224380493,2.501253776557764,15.721657752990723
A,14,5,only_T5,200,0.0,1.0,-8.23184871673584,-0.40400969982147217,4.306506718842307e-15,15.721657752990723
A,14,5,only_T10,200,0.009999999776482582,0.5,-6.146716117858887,-2.1411635875701904,3.2488124804211442,15.721657752990723
A,14,5,only_T100,200,0.0,0.98499995470047,-8.147466659545898,-0.39609748125076294,0.8776032632699207,15.721657752990723
A,14,5,only_lin,200,0.0,1.0,-8.230918884277344,-0.38942015171051025,0.5077162429001177,15.721657752990723
A,14,5,random_orth,200,0.0,0.9799999594688416,-8.227712631225586,-0.42182204127311707,4.219005826240786,15.721657752990723
A,14,5,real_diff_in_helix_subspace,200,0.17499999701976776,0.19999998807907104,-3.8552098274230957,-3.8943612575531006,4.510257799396518,15.721657752990723
A,14,5,full_swap,200,0.625,0.04999999701976776,-1.569143295288086,-5.733674049377441,8.363699913024902,15.721657752990723
A,15,5,helix,200,0.20999999344348907,0.19999998807907104,-3.5343737602233887,-3.8480913639068604,4.5337024844094564,17.518980026245117
A,15,5,only_T2,200,0.0,0.4650000035762787,-6.814874172210693,-1.8286035060882568,2.7004344439627066,17.518980026245117
A,15,5,only_T5,200,0.0,1.0,-8.23184871673584,-0.40400969982147217,4.676758900856872e-15,17.518980026245117
A,15,5,only_T10,200,0.009999999776482582,0.4949999749660492,-6.12466287612915,-2.1765565872192383,3.4505734029172106,17.518980026245117
A,15,5,only_T100,200,0.0,0.9899999499320984,-8.145183563232422,-0.39696207642555237,1.0436130410289228,17.518980026245117
A,15,5,only_lin,200,0.0,1.0,-8.228378295898438,-0.3885466158390045,0.5803701620024171,17.518980026245117
A,15,5,random_orth,200,0.0,0.9699999690055847,-8.20693588256836,-0.4229942262172699,4.5337024844094564,17.518980026245117
A,15,5,real_diff_in_helix_subspace,200,0.16499999165534973,0.19499999284744263,-3.862283229827881,-3.927792549133301,4.916580038160554,17.518980026245117
A,15,5,full_swap,200,0.6150000095367432,0.04999999701976776,-1.5805422067642212,-5.7027459144592285,9.003527641296387,17.518980026245117
A,16,5,helix,200,0.23499999940395355,0.19999998807907104,-3.392733573913574,-4.008382320404053,5.346258169463953,19.44640350341797
A,16,5,only_T2,200,0.0,0.4099999964237213,-6.711097240447998,-2.031425952911377,3.1738810704425875,19.44640350341797
A,16,5,only_T5,200,0.0,1.0,-8.23184871673584,-0.40400969982147217,5.390757267960743e-15,19.44640350341797
A,16,5,only_T10,200,0.004999999888241291,0.4650000035762787,-5.994900226593018,-2.3798699378967285,4.0668412820868,19.44640350341797
A,16,5,only_T100,200,0.0,0.9799999594688416,-8.142339706420898,-0.39798444509506226,1.222698726274394,19.44640350341797
A,16,5,only_lin,200,0.0,1.0,-8.230710983276367,-0.3876570165157318,0.6841080694842483,19.44640350341797
A,16,5,random_orth,200,0.0,0.9599999785423279,-8.19874382019043,-0.44025856256484985,5.346258169463953,19.44640350341797
A,16,5,real_diff_in_helix_subspace,200,0.1899999976158142,0.1899999976158142,-3.715127468109131,-4.048460483551025,5.757486411334143,19.44640350341797
A,16,5,full_swap,200,0.6049999594688416,0.04999999701976776,-1.6046558618545532,-5.650332450866699,10.735759735107422,19.44640350341797
A,17,5,helix,200,0.1550000011920929,0.26499998569488525,-4.078559875488281,-3.317530632019043,5.77496152398216,20.803579330444336
A,17,5,only_T2,200,0.0,0.5399999618530273,-6.9171624183654785,-1.6712685823440552,3.4226333288988364,20.803579330444336
A,17,5,only_T5,200,0.0,1.0,-8.23184871673584,-0.40400969982147217,5.784026654679822e-15,20.803579330444336
A,17,5,only_T10,200,0.004999999888241291,0.5199999809265137,-6.243664264678955,-2.008013963699341,4.386810255320821,20.803579330444336
A,17,5,only_T100,200,0.0,0.98499995470047,-8.15771484375,-0.39815661311149597,1.3408012958936217,20.803579330444336
A,17,5,only_lin,200,0.0,1.0,-8.229460716247559,-0.3902507722377777,0.758885047203587,20.803579330444336
A,17,5,random_orth,200,0.0,0.9599999785423279,-8.197897911071777,-0.4318329393863678,5.77496152398216,20.803579330444336
A,17,5,real_diff_in_helix_subspace,200,0.12999999523162842,0.26499998569488525,-4.298227787017822,-3.3859453201293945,6.253656113029902,20.803579330444336
A,17,5,full_swap,200,0.4050000011920929,0.17499999701976776,-2.506502389907837,-4.455031394958496,11.715749740600586,20.803579330444336
A,18,5,helix,200,0.07000000029802322,0.375,-4.835262775421143,-2.556989908218384,6.0673460238007895,23.140478134155273
A,18,5,only_T2,200,0.0,0.6449999809265137,-7.217372894287109,-1.2430838346481323,3.602885043609263,23.140478134155273
A,18,5,only_T5,200,0.0,1.0,-8.23184871673584,-0.40400969982147217,6.064619056498062e-15,23.140478134155273
A,18,5,only_T10,200,0.004999999888241291,0.5949999690055847,-6.507701396942139,-1.6604381799697876,4.599543127742225,23.140478134155273
A,18,5,only_T100,200,0.0,0.98499995470047,-8.17032241821289,-0.3984851837158203,1.4298543001005266,23.140478134155273
A,18,5,only_lin,200,0.0,1.0,-8.232731819152832,-0.39322447776794434,0.8087457041025238,23.140478134155273
A,18,5,random_orth,200,0.0,0.9699999690055847,-8.200541496276855,-0.42591291666030884,6.0673460238007895,23.140478134155273
A,18,5,real_diff_in_helix_subspace,200,0.07000000029802322,0.3649999797344208,-4.966897487640381,-2.6303367614746094,6.610917083119135,23.140478134155273
A,18,5,full_swap,200,0.22999998927116394,0.3100000023841858,-3.4422786235809326,-3.4066317081451416,12.338149070739746,23.140478134155273
A,19,5,helix,200,0.0,0.9699999690055847,-8.118185997009277,-0.4183007478713989,6.5933669674239335,24.903614044189453
A,19,5,only_T2,200,0.0,0.9950000047683716,-8.218940734863281,-0.40472865104675293,3.8925133633932654,24.903614044189453
A,19,5,only_T5,200,0.0,1.0,-8.23184871673584,-0.40400969982147217,6.611241158947192e-15,24.903614044189453
A,19,5,only_T10,200,0.0,0.9699999690055847,-8.166707038879395,-0.42627233266830444,5.011538058483726,24.903614044189453
A,19,5,only_T100,200,0.0,0.9950000047683716,-8.229382514953613,-0.40149396657943726,1.5555911283025454,24.903614044189453
A,19,5,only_lin,200,0.0,1.0,-8.219799995422363,-0.40220800042152405,0.8986632472990731,24.903614044189453
A,19,5,random_orth,200,0.0,0.9950000047683716,-8.234668731689453,-0.40675124526023865,6.5933669674239335,24.903614044189453
A,19,5,real_diff_in_helix_subspace,200,0.0,0.9699999690055847,-8.120726585388184,-0.4184015989303589,7.21531650587032,24.903614044189453
A,19,5,full_swap,200,0.0,0.949999988079071,-7.916285037994385,-0.45300987362861633,13.350820541381836,24.903614044189453
A,20,5,helix,200,0.0,0.9699999690055847,-8.115551948547363,-0.4191405475139618,7.0639933357870355,26.598583221435547
A,20,5,only_T2,200,0.0,0.9950000047683716,-8.2205810546875,-0.4051017761230469,4.176624651729304,26.598583221435547
A,20,5,only_T5,200,0.0,1.0,-8.23184871673584,-0.40400969982147217,7.042267285190761e-15,26.598583221435547
A,20,5,only_T10,200,0.0,0.9699999690055847,-8.164244651794434,-0.4276280999183655,5.3531841470682595,26.598583221435547
A,20,5,only_T100,200,0.0,0.9950000047683716,-8.231515884399414,-0.40016835927963257,1.7054669115988839,26.598583221435547
A,20,5,only_lin,200,0.0,1.0,-8.221518516540527,-0.4023245871067047,0.9857237341111397,26.598583221435547
A,20,5,random_orth,200,0.0,0.9950000047683716,-8.225638389587402,-0.40541693568229675,7.0639933357870355,26.598583221435547
A,20,5,real_diff_in_helix_subspace,200,0.0,0.9649999737739563,-8.12197494506836,-0.4200260043144226,7.769378993327682,26.598583221435547
A,20,5,full_swap,200,0.0,0.949999988079071,-7.919329643249512,-0.4512651860713959,14.3524169921875,26.598583221435547
A,21,5,helix,200,0.0,0.9899999499320984,-8.229981422424316,-0.40268898010253906,7.42330656574546,28.109434127807617
A,21,5,only_T2,200,0.0,1.0,-8.239813804626465,-0.4016362726688385,4.389496553954608,28.109434127807617
A,21,5,only_T5,200,0.0,1.0,-8.23184871673584,-0.40400969982147217,7.404056095980043e-15,28.109434127807617
A,21,5,only_T10,200,0.0,0.9950000047683716,-8.236597061157227,-0.40967580676078796,5.6086585846846875,28.109434127807617
A,21,5,only_T100,200,0.0,1.0,-8.229496955871582,-0.40343502163887024,1.8232811542435985,28.109434127807617
A,21,5,only_lin,200,0.0,1.0,-8.232151985168457,-0.40324896574020386,1.0510149076830033,28.109434127807617
A,21,5,random_orth,200,0.0,0.9950000047683716,-8.229982376098633,-0.40671491622924805,7.42330656574546,28.109434127807617
A,21,5,real_diff_in_helix_subspace,200,0.0,0.9899999499320984,-8.23024845123291,-0.40186554193496704,8.236306058189681,28.109434127807617
A,21,5,full_swap,200,0.0,0.9899999499320984,-8.1814546585083,-0.40565526485443115,15.190969467163086,28.109434127807617
A,22,5,helix,200,0.0,0.9950000047683716,-8.233804702758789,-0.3989197313785553,7.793517865273816,29.519454956054688
A,22,5,only_T2,200,0.0,1.0,-8.238556861877441,-0.40108516812324524,4.607853654418376,29.519454956054688
A,22,5,only_T5,200,0.0,1.0,-8.23184871673584,-0.40400969982147217,7.739100969578212e-15,29.519454956054688
A,22,5,only_T10,200,0.0,0.9950000047683716,-8.238234519958496,-0.40658828616142273,5.878114923044186,29.519454956054688
A,22,5,only_T100,200,0.0,0.9950000047683716,-8.231882095336914,-0.40269553661346436,1.9478360848039802,29.519454956054688
A,22,5,only_lin,200,0.0,1.0,-8.232428550720215,-0.40260711312294006,1.1113620998544445,29.519454956054688
A,22,5,random_orth,200,0.0,1.0,-8.230291366577148,-0.40356171131134033,7.793517865273816,29.519454956054688
A,22,5,real_diff_in_helix_subspace,200,0.0,0.9950000047683716,-8.233263969421387,-0.3992999494075775,8.742990124164628,29.519454956054688
A,22,5,full_swap,200,0.0,0.9899999499320984,-8.19088363647461,-0.4000197649002075,16.008312225341797,29.519454956054688
A,23,5,helix,200,0.0,0.9950000047683716,-8.24077033996582,-0.4003613293170929,8.075716269036212,30.927574157714844
A,23,5,only_T2,200,0.0,1.0,-8.237624168395996,-0.4017115831375122,4.77662675296913,30.927574157714844
A,23,5,only_T5,200,0.0,1.0,-8.23184871673584,-0.40400969982147217,8.075611302225422e-15,30.927574157714844
A,23,5,only_T10,200,0.0,0.9950000047683716,-8.242260932922363,-0.4059145152568817,6.0796917435403195,30.927574157714844
A,23,5,only_T100,200,0.0,0.9950000047683716,-8.234845161437988,-0.40424010157585144,2.0349258657187503,30.927574157714844
A,23,5,only_lin,200,0.0,1.0,-8.23093318939209,-0.4039668142795563,1.1607976339505144,30.927574157714844
A,23,5,random_orth,200,0.0,1.0,-8.23233413696289,-0.40444129705429077,8.075716269036212,30.927574157714844
A,23,5,real_diff_in_helix_subspace,200,0.0,0.9950000047683716,-8.23830795288086,-0.40060704946517944,9.127721841358063,30.927574157714844
A,23,5,full_swap,200,0.0,0.9799999594688416,-8.211577415466309,-0.4043530225753784,16.727439880371094,30.927574157714844
A,24,5,helix,200,0.0,0.9950000047683716,-8.22957992553711,-0.39666473865509033,8.294398617753082,32.013309478759766
A,24,5,only_T2,200,0.0,1.0,-8.232379913330078,-0.4006299376487732,4.8908641695718895,32.013309478759766
A,24,5,only_T5,200,0.0,1.0,-8.23184871673584,-0.40400969982147217,8.363354337807086e-15,32.013309478759766
A,24,5,only_T10,200,0.0,1.0,-8.230854988098145,-0.4042193591594696,6.238672836875756,32.013309478759766
A,24,5,only_T100,200,0.0,1.0,-8.230925559997559,-0.4041154086589813,2.1221164062211595,32.013309478759766
A,24,5,only_lin,200,0.0,1.0,-8.232253074645996,-0.4018954634666443,1.2094782247677156,32.013309478759766
A,24,5,random_orth,200,0.0,1.0,-8.227792739868164,-0.40585917234420776,8.294398617753082,32.013309478759766
A,24,5,real_diff_in_helix_subspace,200,0.0,0.9950000047683716,-8.22906494140625,-0.3955884575843811,9.466746109164163,32.013309478759766
A,24,5,full_swap,200,0.0,0.9950000047683716,-8.216415405273438,-0.39640647172927856,17.354507446289062,32.013309478759766
A,25,5,helix,200,0.0,0.9950000047683716,-8.232589721679688,-0.3968515694141388,8.56845928624505,33.525508880615234
A,25,5,only_T2,200,0.0,1.0,-8.233278274536133,-0.400753915309906,5.034037932303639,33.525508880615234
A,25,5,only_T5,200,0.0,1.0,-8.23184871673584,-0.40400969982147217,8.699537016122815e-15,33.525508880615234
A,25,5,only_T10,200,0.0,1.0,-8.232242584228516,-0.4037783741950989,6.4446508975761345,33.525508880615234
A,25,5,only_T100,200,0.0,1.0,-8.23226261138916,-0.4038808047771454,2.230758362269398,33.525508880615234
A,25,5,only_lin,200,0.0,1.0,-8.231803894042969,-0.402137815952301,1.2673798113459804,33.525508880615234
A,25,5,random_orth,200,0.0,1.0,-8.228141784667969,-0.4050968885421753,8.56845928624505,33.525508880615234
A,25,5,real_diff_in_helix_subspace,200,0.0,0.9950000047683716,-8.2310152053833,-0.3957752287387848,9.93437809518847,33.525508880615234
A,25,5,full_swap,200,0.0,0.9899999499320984,-8.217731475830078,-0.39657434821128845,18.177507400512695,33.525508880615234
A,26,5,helix,200,0.0,0.9950000047683716,-8.234864234924316,-0.3973785936832428,8.797166965236416,34.716434478759766
A,26,5,only_T2,200,0.0,1.0,-8.231204986572266,-0.4003361165523529,5.174300949467529,34.716434478759766
A,26,5,only_T5,200,0.0,1.0,-8.23184871673584,-0.40400969982147217,8.953030867222691e-15,34.716434478759766
A,26,5,only_T10,200,0.0,1.0,-8.230061531066895,-0.40466800332069397,6.60574875773154,34.716434478759766
A,26,5,only_T100,200,0.0,0.9950000047683716,-8.23333740234375,-0.40340572595596313,2.3100140149933766,34.716434478759766
A,26,5,only_lin,200,0.0,1.0,-8.232647895812988,-0.4023961126804352,1.319783718663703,34.716434478759766
A,26,5,random_orth,200,0.0,1.0,-8.232086181640625,-0.4034007489681244,8.797166965236414,34.716434478759766
A,26,5,real_diff_in_helix_subspace,200,0.0,0.9950000047683716,-8.230648040771484,-0.3962894380092621,10.2701995664419,34.716434478759766
A,26,5,full_swap,200,0.0,0.9899999499320984,-8.210734367370605,-0.3979056477546692,18.755632400512695,34.716434478759766
A,27,5,helix,200,0.0,1.0,-8.233064651489258,-0.40419909358024597,8.992475794123381,36.20582962036133
A,27,5,only_T2,200,0.0,1.0,-8.232888221740723,-0.4040474593639374,5.319187199794194,36.20582962036133
A,27,5,only_T5,200,0.0,1.0,-8.23184871673584,-0.40400969982147217,9.106738199270045e-15,36.20582962036133
A,27,5,only_T10,200,0.0,1.0,-8.230366706848145,-0.4044192135334015,6.722900748109672,36.20582962036133
A,27,5,only_T100,200,0.0,1.0,-8.232345581054688,-0.4045863151550293,2.3833088763950143,36.20582962036133
A,27,5,only_lin,200,0.0,1.0,-8.234169960021973,-0.4038514494895935,1.3623485988243065,36.20582962036133
A,27,5,random_orth,200,0.0,1.0,-8.232809066772461,-0.40399277210235596,8.99247579412338,36.20582962036133
A,27,5,real_diff_in_helix_subspace,200,0.0,1.0,-8.233366966247559,-0.40320587158203125,10.614044113295899,36.20582962036133
A,27,5,full_swap,200,0.0,1.0,-8.22964859008789,-0.40376052260398865,19.260250091552734,36.20582962036133
A,28,5,helix,200,0.0,1.0,-8.234902381896973,-0.4037992060184479,9.17920964582405,37.548370361328125
A,28,5,only_T2,200,0.0,1.0,-8.23321533203125,-0.40409645438194275,5.436167179863668,37.548370361328125
A,28,5,only_T5,200,0.0,1.0,-8.23184871673584,-0.40400969982147217,9.257331900219026e-15,37.548370361328125
A,28,5,only_T10,200,0.0,0.9950000047683716,-8.233146667480469,-0.40397506952285767,6.853272481504629,37.548370361328125
A,28,5,only_T100,200,0.0,1.0,-8.232240676879883,-0.40448683500289917,2.456914683405906,37.548370361328125
A,28,5,only_lin,200,0.0,1.0,-8.233695983886719,-0.40362223982810974,1.4034571453609868,37.548370361328125
A,28,5,random_orth,200,0.0,1.0,-8.232912063598633,-0.40393733978271484,9.17920964582405,37.548370361328125
A,28,5,real_diff_in_helix_subspace,200,0.0,1.0,-8.23409366607666,-0.4031909108161926,10.96977719429842,37.548370361328125
A,28,5,full_swap,200,0.0,0.9950000047683716,-8.229984283447266,-0.4032018184661865,19.7971134185791,37.548370361328125
A,29,5,helix,200,0.0,1.0,-8.23295783996582,-0.40354782342910767,9.505967315163318,41.612876892089844
A,29,5,only_T2,200,0.0,1.0,-8.231560707092285,-0.4040904939174652,5.5634709935232545,41.612876892089844
A,29,5,only_T5,200,0.0,1.0,-8.23184871673584,-0.40400969982147217,9.597836603826769e-15,41.612876892089844
A,29,5,only_T10,200,0.0,1.0,-8.232122421264648,-0.4038163721561432,7.116060644086797,41.612876892089844
A,29,5,only_T100,200,0.0,1.0,-8.232447624206543,-0.40387678146362305,2.641742544140401,41.612876892089844
A,29,5,only_lin,200,0.0,1.0,-8.232213020324707,-0.40389081835746765,1.4776683953796204,41.612876892089844
A,29,5,random_orth,200,0.0,1.0,-8.230940818786621,-0.4043097198009491,9.505967315163318,41.612876892089844
A,29,5,real_diff_in_helix_subspace,200,0.0,1.0,-8.233760833740234,-0.4035685360431671,11.770674523999366,41.612876892089844
A,29,5,full_swap,200,0.0,1.0,-8.231195449829102,-0.40367889404296875,20.830698013305664,41.612876892089844
A,30,5,helix,200,0.0,0.9950000047683716,-8.233092308044434,-0.40403708815574646,9.866968520370413,51.92668914794922
A,30,5,only_T2,200,0.0,0.9950000047683716,-8.230621337890625,-0.4039233326911926,5.709538656370318,51.92668914794922
A,30,5,only_T5,200,0.0,1.0,-8.23184871673584,-0.40400969982147217,1.0148281763075857e-14,51.92668914794922
A,30,5,only_T10,200,0.0,1.0,-8.234025001525879,-0.4040859043598175,7.408479085481722,51.92668914794922
A,30,5,only_T100,200,0.0,0.9950000047683716,-8.231199264526367,-0.4041380286216736,2.808809657146302,51.92668914794922
A,30,5,only_lin,200,0.0,1.0,-8.230854034423828,-0.40406858921051025,1.5722369480988028,51.92668914794922
A,30,5,random_orth,200,0.0,1.0,-8.232852935791016,-0.4041523337364197,9.866968520370415,51.92668914794922
A,30,5,real_diff_in_helix_subspace,200,0.0,1.0,-8.233138084411621,-0.40408018231391907,12.647938562779727,51.92668914794922
A,30,5,full_swap,200,0.0,0.9950000047683716,-8.231613159179688,-0.40429311990737915,21.868301391601562,51.92668914794922
A,31,5,helix,200,0.0,1.0,-8.23184871673584,-0.40400969982147217,10.488091102003784,68.90477752685547
A,31,5,only_T2,200,0.0,1.0,-8.23184871673584,-0.40400969982147217,5.922783239253497,68.90477752685547
A,31,5,only_T5,200,0.0,1.0,-8.23184871673584,-0.40400969982147217,1.0539009106379657e-14,68.90477752685547
A,31,5,only_T10,200,0.0,1.0,-8.23184871673584,-0.40400969982147217,7.935095490895858,68.90477752685547
A,31,5,only_T100,200,0.0,1.0,-8.23184871673584,-0.40400969982147217,3.0230401453606226,68.90477752685547
A,31,5,only_lin,200,0.0,1.0,-8.23184871673584,-0.40400969982147217,1.7412965074816718,68.90477752685547
A,31,5,random_orth,200,0.0,1.0,-8.23184871673584,-0.40400969982147217,10.488091102003784,68.90477752685547
A,31,5,real_diff_in_helix_subspace,200,0.0,1.0,-8.23184871673584,-0.40400969982147217,13.934376747678188,68.90477752685547
A,31,5,full_swap,200,0.0,1.0,-8.23184871673584,-0.40400969982147217,23.32754898071289,68.90477752685547
A,0,10,helix,200,0.019999999552965164,0.9699999690055847,-5.00803279876709,-0.3854983448982239,0.8623292914965427,3.6213529109954834
A,0,10,only_T2,200,0.004999999888241291,0.9799999594688416,-5.660110950469971,-0.39970478415489197,0.0,3.6213529109954834
A,0,10,only_T5,200,0.004999999888241291,0.9799999594688416,-5.660110950469971,-0.39970478415489197,1.7157446830089534e-15,3.6213529109954834
A,0,10,only_T10,200,0.004999999888241291,0.9799999594688416,-5.660110950469971,-0.39970478415489197,8.559237370394244e-16,3.6213529109954834
A,0,10,only_T100,200,0.014999999664723873,0.9799999594688416,-5.083931922912598,-0.4258107542991638,0.8241502091772016,3.6213529109954834
A,0,10,only_lin,200,0.004999999888241291,0.9950000047683716,-5.612222194671631,-0.35231420397758484,0.40032253592462863,3.6213529109954834
A,0,10,random_orth,200,0.004999999888241291,0.9799999594688416,-5.663437843322754,-0.4041188061237335,0.8623292914965426,3.6213529109954834
A,0,10,real_diff_in_helix_subspace,200,0.014999999664723873,0.9699999690055847,-5.00357723236084,-0.393585205078125,0.8986095886734913,3.6213529109954834
A,0,10,full_swap,200,0.85999995470047,0.054999999701976776,-0.68978351354599,-4.331393241882324,4.207400321960449,3.6213529109954834
A,1,10,helix,200,0.019999999552965164,0.9749999642372131,-5.039244174957275,-0.3796882927417755,0.8739818724894849,4.1941375732421875
A,1,10,only_T2,200,0.004999999888241291,0.9799999594688416,-5.660110950469971,-0.39970478415489197,0.0,4.1941375732421875
A,1,10,only_T5,200,0.004999999888241291,0.9799999594688416,-5.660110950469971,-0.39970478415489197,1.6964013429672708e-15,4.1941375732421875
A,1,10,only_T10,200,0.004999999888241291,0.9799999594688416,-5.660110950469971,-0.39970478415489197,8.457717066492679e-16,4.1941375732421875
A,1,10,only_T100,200,0.009999999776482582,0.98499995470047,-5.119757175445557,-0.4236735701560974,0.8239321352953581,4.1941375732421875
A,1,10,only_lin,200,0.004999999888241291,0.9950000047683716,-5.60894250869751,-0.3531114459037781,0.42289198121416066,4.1941375732421875
A,1,10,random_orth,200,0.0,0.98499995470047,-5.651960372924805,-0.40290480852127075,0.8739818724894849,4.1941375732421875
A,1,10,real_diff_in_helix_subspace,200,0.014999999664723873,0.9799999594688416,-5.009425640106201,-0.40046226978302,0.9298382639335894,4.1941375732421875
A,1,10,full_swap,200,0.85999995470047,0.07000000029802322,-0.6731996536254883,-4.278035640716553,4.171459674835205,4.1941375732421875
A,2,10,helix,200,0.014999999664723873,0.9799999594688416,-5.07556676864624,-0.37727075815200806,0.9154870778297399,5.200540065765381
A,2,10,only_T2,200,0.004999999888241291,0.9799999594688416,-5.660110950469971,-0.39970478415489197,0.0,5.200540065765381
A,2,10,only_T5,200,0.004999999888241291,0.9799999594688416,-5.660110950469971,-0.39970478415489197,1.7705801023713128e-15,5.200540065765381
A,2,10,only_T10,200,0.004999999888241291,0.9799999594688416,-5.660110950469971,-0.39970478415489197,8.759624898052413e-16,5.200540065765381
A,2,10,only_T100,200,0.009999999776482582,0.98499995470047,-5.135860443115234,-0.42265912890434265,0.8503547329143484,5.200540065765381
A,2,10,only_lin,200,0.004999999888241291,0.9950000047683716,-5.621365070343018,-0.34903907775878906,0.4582031654107508,5.200540065765381
A,2,10,random_orth,200,0.004999999888241291,0.9899999499320984,-5.663866996765137,-0.4058241546154022,0.9154870778297399,5.200540065765381
A,2,10,real_diff_in_helix_subspace,200,0.014999999664723873,0.9799999594688416,-5.023213863372803,-0.40003955364227295,0.9917276601879463,5.200540065765381
A,2,10,full_swap,200,0.85999995470047,0.07000000029802322,-0.6811015009880066,-4.223678112030029,4.295264720916748,5.200540065765381
A,3,10,helix,200,0.014999999664723873,0.9799999594688416,-5.069041728973389,-0.3787146806716919,0.9932522723185973,6.014472484588623
A,3,10,only_T2,200,0.004999999888241291,0.9799999594688416,-5.660110950469971,-0.39970478415489197,0.0,6.014472484588623
A,3,10,only_T5,200,0.004999999888241291,0.9799999594688416,-5.660110950469971,-0.39970478415489197,1.921759144189032e-15,6.014472484588623
A,3,10,only_T10,200,0.004999999888241291,0.9799999594688416,-5.660110950469971,-0.39970478415489197,9.383814580756827e-16,6.014472484588623
A,3,10,only_T100,200,0.014999999664723873,0.9799999594688416,-5.129926681518555,-0.42663559317588806,0.9163117652179106,6.014472484588623
A,3,10,only_lin,200,0.004999999888241291,0.9950000047683716,-5.624795913696289,-0.34891197085380554,0.4994607422659834,6.014472484588623
A,3,10,random_orth,200,0.0,0.98499995470047,-5.665645599365234,-0.4042530059814453,0.9932522723185973,6.014472484588623
A,3,10,real_diff_in_helix_subspace,200,0.014999999664723873,0.9799999594688416,-5.012269020080566,-0.4098888337612152,1.0881711330173856,6.014472484588623
A,3,10,full_swap,200,0.8650000095367432,0.07000000029802322,-0.6949080228805542,-4.176544189453125,4.487319469451904,6.014472484588623
A,4,10,helix,200,0.014999999664723873,0.9799999594688416,-5.081236362457275,-0.3786665201187134,1.0821101762361032,6.998195648193359
A,4,10,only_T2,200,0.004999999888241291,0.9799999594688416,-5.660110950469971,-0.39970478415489197,0.0,6.998195648193359
A,4,10,only_T5,200,0.004999999888241291,0.9799999594688416,-5.660110950469971,-0.39970478415489197,2.0295112853760873e-15,6.998195648193359
A,4,10,only_T10,200,0.004999999888241291,0.9799999594688416,-5.660110950469971,-0.39970478415489197,9.817348170858853e-16,6.998195648193359
A,4,10,only_T100,200,0.014999999664723873,0.9749999642372131,-5.137248516082764,-0.4237917363643646,0.9829367673099557,6.998195648193359
A,4,10,only_lin,200,0.004999999888241291,0.9950000047683716,-5.621946811676025,-0.35321685671806335,0.5507462736284507,6.998195648193359
A,4,10,random_orth,200,0.0,0.98499995470047,-5.657707214355469,-0.40570396184921265,1.0821101762361032,6.998195648193359
A,4,10,real_diff_in_helix_subspace,200,0.009999999776482582,0.98499995470047,-5.032708168029785,-0.41497236490249634,1.206723530602146,6.998195648193359
A,4,10,full_swap,200,0.824999988079071,0.0949999988079071,-0.7701072692871094,-3.9996016025543213,4.721864223480225,6.998195648193359
A,5,10,helix,200,0.014999999664723873,0.9799999594688416,-5.069927215576172,-0.3800085484981537,1.1516469494622579,7.763190746307373
A,5,10,only_T2,200,0.004999999888241291,0.9799999594688416,-5.660110950469971,-0.39970478415489197,0.0,7.763190746307373
A,5,10,only_T5,200,0.004999999888241291,0.9799999594688416,-5.660110950469971,-0.39970478415489197,2.1909169538342398e-15,7.763190746307373
A,5,10,only_T10,200,0.004999999888241291,0.9799999594688416,-5.660110950469971,-0.39970478415489197,1.0528667243204165e-15,7.763190746307373
A,5,10,only_T100,200,0.014999999664723873,0.9749999642372131,-5.128710746765137,-0.42558959126472473,1.0417778435144216,7.763190746307373
A,5,10,only_lin,200,0.004999999888241291,0.9950000047683716,-5.622766971588135,-0.3539174497127533,0.5928793842065615,7.763190746307373
A,5,10,random_orth,200,0.004999999888241291,0.9899999499320984,-5.661889553070068,-0.3978854715824127,1.1516469494622579,7.763190746307373
A,5,10,real_diff_in_helix_subspace,200,0.009999999776482582,0.98499995470047,-5.022002220153809,-0.4102722406387329,1.303754399300454,7.763190746307373
A,5,10,full_swap,200,0.7999999523162842,0.10499999672174454,-0.7959518432617188,-3.982167959213257,4.9924235343933105,7.763190746307373
A,6,10,helix,200,0.014999999664723873,0.9799999594688416,-5.096020698547363,-0.38140296936035156,1.2301577700374546,8.853017807006836
A,6,10,only_T2,200,0.004999999888241291,0.9799999594688416,-5.660110950469971,-0.39970478415489197,0.0,8.853017807006836
A,6,10,only_T5,200,0.004999999888241291,0.9799999594688416,-5.660110950469971,-0.39970478415489197,2.3475349552143517e-15,8.853017807006836
A,6,10,only_T10,200,0.004999999888241291,0.9799999594688416,-5.660110950469971,-0.39970478415489197,1.1094814785630196e-15,8.853017807006836
A,6,10,only_T100,200,0.014999999664723873,0.9749999642372131,-5.141449451446533,-0.4263600707054138,1.1017734541130633,8.853017807006836
A,6,10,only_lin,200,0.004999999888241291,0.9950000047683716,-5.631255149841309,-0.35655203461647034,0.639140182340748,8.853017807006836
A,6,10,random_orth,200,0.004999999888241291,0.9649999737739563,-5.659102439880371,-0.40369853377342224,1.2301577700374546,8.853017807006836
A,6,10,real_diff_in_helix_subspace,200,0.009999999776482582,0.9599999785423279,-5.069047451019287,-0.43011051416397095,1.4412451206281829,8.853017807006836
A,6,10,full_swap,200,0.7899999618530273,0.11499999463558197,-0.8319650292396545,-3.925051689147949,5.234633922576904,8.853017807006836
A,7,10,helix,200,0.014999999664723873,0.9799999594688416,-5.122115135192871,-0.376907080411911,1.298385136697617,9.551880836486816
A,7,10,only_T2,200,0.004999999888241291,0.9799999594688416,-5.660110950469971,-0.39970478415489197,0.0,9.551880836486816
A,7,10,only_T5,200,0.004999999888241291,0.9799999594688416,-5.660110950469971,-0.39970478415489197,2.4505076005782198e-15,9.551880836486816
A,7,10,only_T10,200,0.004999999888241291,0.9799999594688416,-5.660110950469971,-0.39970478415489197,1.1622031143842683e-15,9.551880836486816
A,7,10,only_T100,200,0.014999999664723873,0.9749999642372131,-5.15511417388916,-0.42082130908966064,1.1543255383350277,9.551880836486816
A,7,10,only_lin,200,0.004999999888241291,0.9950000047683716,-5.638981819152832,-0.3572801947593689,0.6763798252652405,9.551880836486816
A,7,10,random_orth,200,0.004999999888241291,0.98499995470047,-5.646669864654541,-0.40467047691345215,1.298385136697617,9.551880836486816
A,7,10,real_diff_in_helix_subspace,200,0.009999999776482582,0.9549999833106995,-5.109456539154053,-0.43543004989624023,1.550758173982342,9.551880836486816
A,7,10,full_swap,200,0.7849999666213989,0.12999999523162842,-0.8642106652259827,-3.8562896251678467,5.476881504058838,9.551880836486816
A,8,10,helix,200,0.009999999776482582,0.98499995470047,-5.131745338439941,-0.376045823097229,1.3395320149157552,10.395044326782227
A,8,10,only_T2,200,0.004999999888241291,0.9799999594688416,-5.660110950469971,-0.39970478415489197,0.0,10.395044326782227
A,8,10,only_T5,200,0.004999999888241291,0.9799999594688416,-5.660110950469971,-0.39970478415489197,2.5471503864317067e-15,10.395044326782227
A,8,10,only_T10,200,0.004999999888241291,0.9799999594688416,-5.660110950469971,-0.39970478415489197,1.1976836960419802e-15,10.395044326782227
A,8,10,only_T100,200,0.014999999664723873,0.9749999642372131,-5.160501480102539,-0.41662952303886414,1.1890262847952204,10.395044326782227
A,8,10,only_lin,200,0.004999999888241291,0.9950000047683716,-5.63836145401001,-0.3611142635345459,0.6998922298325635,10.395044326782227
A,8,10,random_orth,200,0.004999999888241291,0.9699999690055847,-5.658024311065674,-0.40394455194473267,1.3395320149157552,10.395044326782227
A,8,10,real_diff_in_helix_subspace,200,0.009999999776482582,0.9549999833106995,-5.131953239440918,-0.4516659379005432,1.6539800725225893,10.395044326782227
A,8,10,full_swap,200,0.7699999809265137,0.14499999582767487,-0.8838228583335876,-3.8433632850646973,5.649473667144775,10.395044326782227
A,9,10,helix,200,0.009999999776482582,0.98499995470047,-5.122426509857178,-0.37604469060897827,1.403535835441696,11.111763954162598
A,9,10,only_T2,200,0.004999999888241291,0.9799999594688416,-5.660110950469971,-0.39970478415489197,0.0,11.111763954162598
A,9,10,only_T5,200,0.004999999888241291,0.9799999594688416,-5.660110950469971,-0.39970478415489197,2.6468911002721047e-15,11.111763954162598
A,9,10,only_T10,200,0.004999999888241291,0.9799999594688416,-5.660110950469971,-0.39970478415489197,1.2390936576785229e-15,11.111763954162598
A,9,10,only_T100,200,0.009999999776482582,0.9799999594688416,-5.152788162231445,-0.4178272485733032,1.2439765622322276,11.111763954162598
A,9,10,only_lin,200,0.004999999888241291,0.9950000047683716,-5.635948181152344,-0.36023008823394775,0.7283504574401988,11.111763954162598
A,9,10,random_orth,200,0.004999999888241291,0.9799999594688416,-5.669012546539307,-0.4057731628417969,1.403535835441696,11.111763954162598
A,9,10,real_diff_in_helix_subspace,200,0.009999999776482582,0.949999988079071,-5.1251702308654785,-0.4708676338195801,1.7777416341732453,11.111763954162598
A,9,10,full_swap,200,0.7699999809265137,0.14999999105930328,-0.8806288242340088,-3.851030111312866,5.902561187744141,11.111763954162598
A,10,10,helix,200,0.014999999664723873,0.9799999594688416,-5.110384941101074,-0.37811994552612305,1.508840465476923,11.634313583374023
A,10,10,only_T2,200,0.004999999888241291,0.9799999594688416,-5.660110950469971,-0.39970478415489197,0.0,11.634313583374023
A,10,10,only_T5,200,0.004999999888241291,0.9799999594688416,-5.660110950469971,-0.39970478415489197,2.8350421926008827e-15,11.634313583374023
A,10,10,only_T10,200,0.004999999888241291,0.9799999594688416,-5.660110950469971,-0.39970478415489197,1.3465106805981188e-15,11.634313583374023
A,10,10,only_T100,200,0.009999999776482582,0.9799999594688416,-5.150790214538574,-0.417751669883728,1.329902209829392,11.634313583374023
A,10,10,only_lin,200,0.004999999888241291,0.9950000047683716,-5.63699197769165,-0.3604877293109894,0.7801621894053348,11.634313583374023
A,10,10,random_orth,200,0.004999999888241291,0.9799999594688416,-5.663225173950195,-0.4060276448726654,1.508840465476923,11.634313583374023
A,10,10,real_diff_in_helix_subspace,200,0.014999999664723873,0.9399999976158142,-5.133490085601807,-0.5048030018806458,1.9670084165606874,11.634313583374023
A,10,10,full_swap,200,0.7749999761581421,0.14000000059604645,-0.8816061019897461,-3.846590518951416,6.315104961395264,11.634313583374023
A,11,10,helix,200,0.014999999664723873,0.9799999594688416,-5.096305847167969,-0.38361987471580505,1.6099720206357273,12.504521369934082
A,11,10,only_T2,200,0.004999999888241291,0.9799999594688416,-5.660110950469971,-0.39970478415489197,0.0,12.504521369934082
A,11,10,only_T5,200,0.004999999888241291,0.9799999594688416,-5.660110950469971,-0.39970478415489197,3.119882339349221e-15,12.504521369934082
A,11,10,only_T10,200,0.004999999888241291,0.9799999594688416,-5.660110950469971,-0.39970478415489197,1.5089802843732524e-15,12.504521369934082
A,11,10,only_T100,200,0.014999999664723873,0.9749999642372131,-5.137493133544922,-0.42179474234580994,1.4167494420112023,12.504521369934082
A,11,10,only_lin,200,0.004999999888241291,0.9950000047683716,-5.634042739868164,-0.36230653524398804,0.8240091021505771,12.504521369934082
A,11,10,random_orth,200,0.004999999888241291,0.98499995470047,-5.670360565185547,-0.39942213892936707,1.6099720206357273,12.504521369934082
A,11,10,real_diff_in_helix_subspace,200,0.019999999552965164,0.9300000071525574,-5.131528854370117,-0.5466632843017578,2.1448513118930856,12.504521369934082
A,11,10,full_swap,200,0.7699999809265137,0.14000000059604645,-0.8887710571289062,-3.8419933319091797,6.728817939758301,12.504521369934082
A,12,10,helix,200,0.014999999664723873,0.9749999642372131,-5.07798433303833,-0.38773009181022644,1.7152686413127713,13.200173377990723
A,12,10,only_T2,200,0.004999999888241291,0.9799999594688416,-5.660110950469971,-0.39970478415489197,0.0,13.200173377990723
A,12,10,only_T5,200,0.004999999888241291,0.9799999594688416,-5.660110950469971,-0.39970478415489197,3.527291608087966e-15,13.200173377990723
A,12,10,only_T10,200,0.004999999888241291,0.9799999594688416,-5.660110950469971,-0.39970478415489197,1.6937068957620046e-15,13.200173377990723
A,12,10,only_T100,200,0.014999999664723873,0.9749999642372131,-5.120729446411133,-0.4248194694519043,1.5125465700080645,13.200173377990723
A,12,10,only_lin,200,0.004999999888241291,0.9950000047683716,-5.626448631286621,-0.365723192691803,0.8804375292185511,13.200173377990723
A,12,10,random_orth,200,0.004999999888241291,0.9799999594688416,-5.661353588104248,-0.40341994166374207,1.7152686413127713,13.200173377990723
A,12,10,real_diff_in_helix_subspace,200,0.019999999552965164,0.9249999523162842,-5.126343727111816,-0.549994170665741,2.295363103702229,13.200173377990723
A,12,10,full_swap,200,0.7649999856948853,0.14499999582767487,-0.9009184241294861,-3.823467254638672,7.231408596038818,13.200173377990723
A,13,10,helix,200,0.009999999776482582,0.98499995470047,-5.147343635559082,-0.3872360587120056,1.8632967627662336,14.472712516784668
A,13,10,only_T2,200,0.004999999888241291,0.9799999594688416,-5.660110950469971,-0.39970478415489197,0.0,14.472712516784668
A,13,10,only_T5,200,0.004999999888241291,0.9799999594688416,-5.660110950469971,-0.39970478415489197,3.800832187123035e-15,14.472712516784668
A,13,10,only_T10,200,0.004999999888241291,0.9799999594688416,-5.660110950469971,-0.39970478415489197,1.815423784974917e-15,14.472712516784668
A,13,10,only_T100,200,0.014999999664723873,0.9699999690055847,-5.203427791595459,-0.4159000813961029,1.634730790506361,14.472712516784668
A,13,10,only_lin,200,0.004999999888241291,0.9950000047683716,-5.6104736328125,-0.3722298741340637,0.9679570753855501,14.472712516784668
A,13,10,random_orth,200,0.004999999888241291,0.98499995470047,-5.656615257263184,-0.4014803469181061,1.8632967627662336,14.472712516784668
A,13,10,real_diff_in_helix_subspace,200,0.019999999552965164,0.9399999976158142,-5.184950351715088,-0.5095659494400024,2.597964485207511,14.472712516784668
A,13,10,full_swap,200,0.6349999904632568,0.25999999046325684,-1.2489038705825806,-3.0020642280578613,7.831673622131348,14.472712516784668
A,14,10,helix,200,0.004999999888241291,0.9899999499320984,-5.181832790374756,-0.38635286688804626,1.955522282828562,15.676621437072754
A,14,10,only_T2,200,0.004999999888241291,0.9799999594688416,-5.660110950469971,-0.39970478415489197,0.0,15.676621437072754
A,14,10,only_T5,200,0.004999999888241291,0.9799999594688416,-5.660110950469971,-0.39970478415489197,4.033227671148673e-15,15.676621437072754
A,14,10,only_T10,200,0.004999999888241291,0.9799999594688416,-5.660110950469971,-0.39970478415489197,1.888640631094701e-15,15.676621437072754
A,14,10,only_T100,200,0.009999999776482582,0.9799999594688416,-5.233704566955566,-0.411384254693985,1.7190239687100826,15.676621437072754
A,14,10,only_lin,200,0.004999999888241291,0.9950000047683716,-5.606894493103027,-0.3791342079639435,1.0154324858002355,15.676621437072754
A,14,10,random_orth,200,0.004999999888241291,0.9899999499320984,-5.658217430114746,-0.40145277976989746,1.955522282828562,15.676621437072754
A,14,10,real_diff_in_helix_subspace,200,0.019999999552965164,0.9449999928474426,-5.238044261932373,-0.528708279132843,2.8431815138750722,15.676621437072754
A,14,10,full_swap,200,0.5899999737739563,0.3149999976158142,-1.457234501838684,-2.737793207168579,8.244141578674316,15.676621437072754
A,15,10,helix,200,0.004999999888241291,0.9899999499320984,-5.162051200866699,-0.38821303844451904,2.3043042837473955,17.461301803588867
A,15,10,only_T2,200,0.004999999888241291,0.9799999594688416,-5.660110950469971,-0.39970478415489197,0.0,17.461301803588867
A,15,10,only_T5,200,0.004999999888241291,0.9799999594688416,-5.660110950469971,-0.39970478415489197,4.372502281388052e-15,17.461301803588867
A,15,10,only_T10,200,0.004999999888241291,0.9799999594688416,-5.660110950469971,-0.39970478415489197,2.0060221678352337e-15,17.461301803588867
A,15,10,only_T100,200,0.009999999776482582,0.9799999594688416,-5.219372272491455,-0.41684430837631226,2.0380332910727854,17.461301803588867
A,15,10,only_lin,200,0.004999999888241291,0.9950000047683716,-5.60009765625,-0.3775846064090729,1.1607403240048342,17.461301803588867
A,15,10,random_orth,200,0.004999999888241291,0.9799999594688416,-5.659576416015625,-0.40444663166999817,2.3043042837473955,17.461301803588867
A,15,10,real_diff_in_helix_subspace,200,0.019999999552965164,0.9199999570846558,-5.264102458953857,-0.581631600856781,3.3811907863179345,17.461301803588867
A,15,10,full_swap,200,0.5849999785423279,0.3149999976158142,-1.4641849994659424,-2.7270665168762207,8.988566398620605,17.461301803588867
A,16,10,helix,200,0.009999999776482582,0.98499995470047,-5.166047096252441,-0.3910790979862213,2.730671959390266,19.388866424560547
A,16,10,only_T2,200,0.004999999888241291,0.9799999594688416,-5.660110950469971,-0.39970478415489197,0.0,19.388866424560547
A,16,10,only_T5,200,0.004999999888241291,0.9799999594688416,-5.660110950469971,-0.39970478415489197,5.054190090890113e-15,19.388866424560547
A,16,10,only_T10,200,0.004999999888241291,0.9799999594688416,-5.660110950469971,-0.39970478415489197,2.36367355373826e-15,19.388866424560547
A,16,10,only_T100,200,0.014999999664723873,0.9749999642372131,-5.226574420928955,-0.4154634475708008,2.3905048024880546,19.388866424560547
A,16,10,only_lin,200,0.004999999888241291,0.9950000047683716,-5.595292091369629,-0.37744566798210144,1.3682161389684966,19.388866424560547
A,16,10,random_orth,200,0.004999999888241291,0.98499995470047,-5.6603569984436035,-0.4037094712257385,2.730671959390266,19.388866424560547
A,16,10,real_diff_in_helix_subspace,200,0.019999999552965164,0.9199999570846558,-5.2799601554870605,-0.59446120262146,3.8772441694616964,19.388866424560547
A,16,10,full_swap,200,0.574999988079071,0.3199999928474426,-1.486661672592163,-2.701434850692749,10.683496475219727,19.388866424560547
A,17,10,helix,200,0.004999999888241291,0.9899999499320984,-5.248178482055664,-0.3879469633102417,3.0015327664528426,20.752178192138672
A,17,10,only_T2,200,0.004999999888241291,0.9799999594688416,-5.660110950469971,-0.39970478415489197,0.0,20.752178192138672
A,17,10,only_T5,200,0.004999999888241291,0.9799999594688416,-5.660110950469971,-0.39970478415489197,5.41805170948371e-15,20.752178192138672
A,17,10,only_T10,200,0.004999999888241291,0.9799999594688416,-5.660110950469971,-0.39970478415489197,2.5496556944201952e-15,20.752178192138672
A,17,10,only_T100,200,0.009999999776482582,0.9749999642372131,-5.289488315582275,-0.4104911684989929,2.6206487021810796,20.752178192138672
A,17,10,only_lin,200,0.004999999888241291,0.9950000047683716,-5.610135555267334,-0.3822527527809143,1.517770094407174,20.752178192138672
A,17,10,random_orth,200,0.004999999888241291,0.9799999594688416,-5.656113147735596,-0.40248751640319824,3.001532766452842,20.752178192138672
A,17,10,real_diff_in_helix_subspace,200,0.019999999552965164,0.9249999523162842,-5.338422775268555,-0.5540472269058228,4.2899058045726886,20.752178192138672
A,17,10,full_swap,200,0.429999977350235,0.45499998331069946,-2.0025875568389893,-2.12833309173584,11.68250846862793,20.752178192138672
A,18,10,helix,200,0.004999999888241291,0.98499995470047,-5.28570556640625,-0.3868309557437897,3.1967348658134096,23.09402847290039
A,18,10,only_T2,200,0.004999999888241291,0.9799999594688416,-5.660110950469971,-0.39970478415489197,0.0,23.09402847290039
A,18,10,only_T5,200,0.004999999888241291,0.9799999594688416,-5.660110950469971,-0.39970478415489197,5.6786634433748e-15,23.09402847290039
A,18,10,only_T10,200,0.004999999888241291,0.9799999594688416,-5.660110950469971,-0.39970478415489197,2.67340189208494e-15,23.09402847290039
A,18,10,only_T100,200,0.004999999888241291,0.98499995470047,-5.314497947692871,-0.40475767850875854,2.7924671763681523,23.09402847290039
A,18,10,only_lin,200,0.004999999888241291,0.9950000047683716,-5.623810291290283,-0.38681289553642273,1.6174914082050478,23.09402847290039
A,18,10,random_orth,200,0.0,0.9899999499320984,-5.655843257904053,-0.402749240398407,3.1967348658134096,23.09402847290039
A,18,10,real_diff_in_helix_subspace,200,0.014999999664723873,0.9399999976158142,-5.382596969604492,-0.5244067907333374,4.653961011271961,23.09402847290039
A,18,10,full_swap,200,0.38499999046325684,0.4699999988079071,-2.271801710128784,-1.914907455444336,12.363349914550781,23.09402847290039
A,19,10,helix,200,0.0,1.0,-5.594022274017334,-0.3821175992488861,3.496706484537831,24.852920532226562
A,19,10,only_T2,200,0.004999999888241291,0.9799999594688416,-5.660110950469971,-0.39970478415489197,0.0,24.852920532226562
A,19,10,only_T5,200,0.004999999888241291,0.9799999594688416,-5.660110950469971,-0.39970478415489197,6.211366872708593e-15,24.852920532226562
A,19,10,only_T10,200,0.004999999888241291,0.9799999594688416,-5.660110950469971,-0.39970478415489197,2.9122076171645784e-15,24.852920532226562
A,19,10,only_T100,200,0.0,0.9950000047683716,-5.62803316116333,-0.3843349516391754,3.036292037724918,24.852920532226562
A,19,10,only_lin,200,0.0,0.9950000047683716,-5.631647109985352,-0.39698293805122375,1.7973264945981458,24.852920532226562
A,19,10,random_orth,200,0.0,0.9950000047683716,-5.659257888793945,-0.39702025055885315,3.4967064845378313,24.852920532226562
A,19,10,real_diff_in_helix_subspace,200,0.0,0.9950000047683716,-5.604034423828125,-0.380217045545578,5.209603473978607,24.852920532226562
A,19,10,full_swap,200,0.004999999888241291,0.9599999785423279,-5.258612155914307,-0.45061051845550537,13.39831829071045,24.852920532226562
A,20,10,helix,200,0.0,0.9950000047683716,-5.597728252410889,-0.3809351325035095,3.839387630750866,26.5571231842041
A,20,10,only_T2,200,0.004999999888241291,0.9799999594688416,-5.660110950469971,-0.39970478415489197,0.0,26.5571231842041
A,20,10,only_T5,200,0.004999999888241291,0.9799999594688416,-5.660110950469971,-0.39970478415489197,6.621306960475385e-15,26.5571231842041
A,20,10,only_T10,200,0.004999999888241291,0.9799999594688416,-5.660110950469971,-0.39970478415489197,3.110855389334304e-15,26.5571231842041
A,20,10,only_T100,200,0.0,0.9950000047683716,-5.631315231323242,-0.3838522136211395,3.327516827714676,26.5571231842041
A,20,10,only_lin,200,0.0,0.98499995470047,-5.630986213684082,-0.3988269865512848,1.9714474682222793,26.5571231842041
A,20,10,random_orth,200,0.0,0.9899999499320984,-5.658931732177734,-0.39775168895721436,3.839387630750866,26.5571231842041
A,20,10,real_diff_in_helix_subspace,200,0.0,0.9950000047683716,-5.604556560516357,-0.3793926537036896,5.753148247018421,26.5571231842041
A,20,10,full_swap,200,0.004999999888241291,0.9599999785423279,-5.272486686706543,-0.4463909864425659,14.47818374633789,26.5571231842041
A,21,10,helix,200,0.0,0.9899999499320984,-5.63389778137207,-0.3871857821941376,4.104076363943704,28.078874588012695
A,21,10,only_T2,200,0.004999999888241291,0.9799999594688416,-5.660110950469971,-0.39970478415489197,0.0,28.078874588012695
A,21,10,only_T5,200,0.004999999888241291,0.9799999594688416,-5.660110950469971,-0.39970478415489197,6.959599002470417e-15,28.078874588012695
A,21,10,only_T10,200,0.004999999888241291,0.9799999594688416,-5.660110950469971,-0.39970478415489197,3.2594149729813997e-15,28.078874588012695
A,21,10,only_T100,200,0.0,0.9899999499320984,-5.650913715362549,-0.38885948061943054,3.555249185811797,28.078874588012695
A,21,10,only_lin,200,0.0,0.9899999499320984,-5.644189357757568,-0.3976561725139618,2.1020298153660057,28.078874588012695
A,21,10,random_orth,200,0.004999999888241291,0.98499995470047,-5.65819787979126,-0.4000847637653351,4.104076363943704,28.078874588012695
A,21,10,real_diff_in_helix_subspace,200,0.0,0.9950000047683716,-5.645168304443359,-0.38632646203041077,6.228802085110293,28.078874588012695
A,21,10,full_swap,200,0.0,0.9799999594688416,-5.56387996673584,-0.40598806738853455,15.387761116027832,28.078874588012695
A,22,10,helix,200,0.0,0.9950000047683716,-5.637950897216797,-0.38649335503578186,4.3718476842717795,29.500293731689453
A,22,10,only_T2,200,0.004999999888241291,0.9799999594688416,-5.660110950469971,-0.39970478415489197,0.0,29.500293731689453
A,22,10,only_T5,200,0.004999999888241291,0.9799999594688416,-5.660110950469971,-0.39970478415489197,7.267953169863014e-15,29.500293731689453
A,22,10,only_T10,200,0.004999999888241291,0.9799999594688416,-5.660110950469971,-0.39970478415489197,3.416153845489874e-15,29.500293731689453
A,22,10,only_T100,200,0.0,0.9899999499320984,-5.65476131439209,-0.3893059194087982,3.7968359822375737,29.500293731689453
A,22,10,only_lin,200,0.004999999888241291,0.98499995470047,-5.645586967468262,-0.39837580919265747,2.222724199708889,29.500293731689453
A,22,10,random_orth,200,0.0,0.9899999499320984,-5.65998649597168,-0.3992711901664734,4.3718476842717795,29.500293731689453
A,22,10,real_diff_in_helix_subspace,200,0.0,0.9950000047683716,-5.653232097625732,-0.3863207995891571,6.773881170113734,29.500293731689453
A,22,10,full_swap,200,0.0,0.9749999642372131,-5.579117298126221,-0.40501856803894043,16.287458419799805,29.500293731689453
A,23,10,helix,200,0.0,0.98499995470047,-5.656730651855469,-0.39164912700653076,4.569586937654002,30.912813186645508
A,23,10,only_T2,200,0.004999999888241291,0.9799999594688416,-5.660110950469971,-0.39970478415489197,0.0,30.912813186645508
A,23,10,only_T5,200,0.004999999888241291,0.9799999594688416,-5.660110950469971,-0.39970478415489197,7.57875484677832e-15,30.912813186645508
A,23,10,only_T10,200,0.004999999888241291,0.9799999594688416,-5.660110950469971,-0.39970478415489197,3.5333072785712805e-15,30.912813186645508
A,23,10,only_T100,200,0.0,0.98499995470047,-5.667478084564209,-0.392962783575058,3.96492520507674,30.912813186645508
A,23,10,only_lin,200,0.004999999888241291,0.9799999594688416,-5.650169372558594,-0.3981447219848633,2.321595267901029,30.912813186645508
A,23,10,random_orth,200,0.0,0.98499995470047,-5.658825397491455,-0.39940229058265686,4.569586937654002,30.912813186645508
A,23,10,real_diff_in_helix_subspace,200,0.0,0.9950000047683716,-5.668992042541504,-0.3913373351097107,7.177057183514737,30.912813186645508
A,23,10,full_swap,200,0.0,0.9749999642372131,-5.635138988494873,-0.4111884832382202,17.0668888092041,30.912813186645508
A,24,10,helix,200,0.0,0.9899999499320984,-5.6512131690979,-0.38923174142837524,4.771244938205792,31.998300552368164
A,24,10,only_T2,200,0.004999999888241291,0.9799999594688416,-5.660110950469971,-0.39970478415489197,0.0,31.998300552368164
A,24,10,only_T5,200,0.004999999888241291,0.9799999594688416,-5.660110950469971,-0.39970478415489197,7.833602302766273e-15,31.998300552368164
A,24,10,only_T10,200,0.004999999888241291,0.9799999594688416,-5.660110950469971,-0.39970478415489197,3.625846118951498e-15,31.998300552368164
A,24,10,only_T100,200,0.0,0.9899999499320984,-5.660084247589111,-0.3933897316455841,4.135851742348676,31.998300552368164
A,24,10,only_lin,200,0.0,0.9899999499320984,-5.650839805603027,-0.39491865038871765,2.4189564495354308,31.998300552368164
A,24,10,random_orth,200,0.004999999888241291,0.98499995470047,-5.657107353210449,-0.4001052677631378,4.771244938205792,31.998300552368164
A,24,10,real_diff_in_helix_subspace,200,0.0,0.9950000047683716,-5.658967971801758,-0.38701197504997253,7.566481704704583,31.998300552368164
A,24,10,full_swap,200,0.0,0.9899999499320984,-5.652994155883789,-0.38564127683639526,17.760786056518555,31.998300552368164
A,25,10,helix,200,0.0,0.9899999499320984,-5.652520179748535,-0.38943225145339966,5.022124906412262,33.50446319580078
A,25,10,only_T2,200,0.004999999888241291,0.9799999594688416,-5.660110950469971,-0.39970478415489197,0.0,33.50446319580078
A,25,10,only_T5,200,0.004999999888241291,0.9799999594688416,-5.660110950469971,-0.39970478415489197,8.135144398685941e-15,33.50446319580078
A,25,10,only_T10,200,0.004999999888241291,0.9799999594688416,-5.660110950469971,-0.39970478415489197,3.7456344176890786e-15,33.50446319580078
A,25,10,only_T100,200,0.0,0.98499995470047,-5.660712718963623,-0.39261579513549805,4.348106111875581,33.50446319580078
A,25,10,only_lin,200,0.004999999888241291,0.9799999594688416,-5.65020751953125,-0.39593613147735596,2.5347596226919604,33.50446319580078
A,25,10,random_orth,200,0.004999999888241291,0.9799999594688416,-5.656679630279541,-0.3999089002609253,5.022124906412262,33.50446319580078
A,25,10,real_diff_in_helix_subspace,200,0.0,0.9950000047683716,-5.661954879760742,-0.3865596652030945,8.177384887475068,33.50446319580078
A,25,10,full_swap,200,0.0,0.9899999499320984,-5.656241416931152,-0.38558831810951233,18.708393096923828,33.50446319580078
A,26,10,helix,200,0.0,0.9899999499320984,-5.654742240905762,-0.38935986161231995,5.189740865692864,34.71162414550781
A,26,10,only_T2,200,0.004999999888241291,0.9799999594688416,-5.660110950469971,-0.39970478415489197,0.0,34.71162414550781
A,26,10,only_T5,200,0.004999999888241291,0.9799999594688416,-5.660110950469971,-0.39970478415489197,8.361629766883593e-15,34.71162414550781
A,26,10,only_T10,200,0.004999999888241291,0.9799999594688416,-5.660110950469971,-0.39970478415489197,3.839406977122844e-15,34.71162414550781
A,26,10,only_T100,200,0.0,0.98499995470047,-5.663018703460693,-0.39230474829673767,4.499223528130391,34.71162414550781
A,26,10,only_lin,200,0.004999999888241291,0.98499995470047,-5.652163982391357,-0.3959583342075348,2.639567437327406,34.71162414550781
A,26,10,random_orth,200,0.004999999888241291,0.98499995470047,-5.660037517547607,-0.4001447260379791,5.189740865692864,34.71162414550781
A,26,10,real_diff_in_helix_subspace,200,0.0,0.9950000047683716,-5.664559364318848,-0.38593077659606934,8.572106963489032,34.71162414550781
A,26,10,full_swap,200,0.0,0.9899999499320984,-5.654397010803223,-0.3861471116542816,19.359304428100586,34.71162414550781
A,27,10,helix,200,0.004999999888241291,0.9799999594688416,-5.660716533660889,-0.4002171754837036,5.352727803977925,36.20343780517578
A,27,10,only_T2,200,0.004999999888241291,0.9799999594688416,-5.660110950469971,-0.39970478415489197,0.0,36.20343780517578
A,27,10,only_T5,200,0.004999999888241291,0.9799999594688416,-5.660110950469971,-0.39970478415489197,8.498966334038452e-15,36.20343780517578
A,27,10,only_T10,200,0.004999999888241291,0.9799999594688416,-5.660110950469971,-0.39970478415489197,3.907697283587752e-15,36.20343780517578
A,27,10,only_T100,200,0.004999999888241291,0.9799999594688416,-5.658942699432373,-0.4006575047969818,4.639867490900783,36.20343780517578
A,27,10,only_lin,200,0.004999999888241291,0.9799999594688416,-5.6629862785339355,-0.3993789553642273,2.724697197648613,36.20343780517578
A,27,10,random_orth,200,0.004999999888241291,0.9799999594688416,-5.6611328125,-0.39937078952789307,5.352727803977925,36.20343780517578
A,27,10,real_diff_in_helix_subspace,200,0.004999999888241291,0.98499995470047,-5.661852836608887,-0.3998449742794037,9.008535829544641,36.20343780517578
A,27,10,full_swap,200,0.004999999888241291,0.98499995470047,-5.662116050720215,-0.3989733159542084,19.959514617919922,36.20343780517578
A,28,10,helix,200,0.004999999888241291,0.9799999594688416,-5.660311698913574,-0.3999883532524109,5.501238415355187,37.589725494384766
A,28,10,only_T2,200,0.004999999888241291,0.9799999594688416,-5.660110950469971,-0.39970478415489197,0.0,37.589725494384766
A,28,10,only_T5,200,0.004999999888241291,0.9799999594688416,-5.660110950469971,-0.39970478415489197,8.636272963285303e-15,37.589725494384766
A,28,10,only_T10,200,0.004999999888241291,0.9799999594688416,-5.660110950469971,-0.39970478415489197,3.983401479612315e-15,37.589725494384766
A,28,10,only_T100,200,0.004999999888241291,0.9799999594688416,-5.659564018249512,-0.4002000391483307,4.780502587328052,37.589725494384766
A,28,10,only_lin,200,0.004999999888241291,0.9799999594688416,-5.661802291870117,-0.39916956424713135,2.8069142907219735,37.589725494384766
A,28,10,random_orth,200,0.004999999888241291,0.9799999594688416,-5.658758640289307,-0.3997431993484497,5.501238415355187,37.589725494384766
A,28,10,real_diff_in_helix_subspace,200,0.004999999888241291,0.9799999594688416,-5.659990310668945,-0.3997962772846222,9.429026139847183,37.589725494384766
A,28,10,full_swap,200,0.004999999888241291,0.9799999594688416,-5.6609673500061035,-0.39892610907554626,20.574600219726562,37.589725494384766
A,29,10,helix,200,0.004999999888241291,0.9799999594688416,-5.659028053283691,-0.399729460477829,5.836582306900884,41.806312561035156
A,29,10,only_T2,200,0.004999999888241291,0.9799999594688416,-5.660110950469971,-0.39970478415489197,0.0,41.806312561035156
A,29,10,only_T5,200,0.004999999888241291,0.9799999594688416,-5.660110950469971,-0.39970478415489197,8.941897622333673e-15,41.806312561035156
A,29,10,only_T10,200,0.004999999888241291,0.9799999594688416,-5.660110950469971,-0.39970478415489197,4.13581045632067e-15,41.806312561035156
A,29,10,only_T100,200,0.004999999888241291,0.9799999594688416,-5.658603191375732,-0.399738609790802,5.1348824250969916,41.806312561035156
A,29,10,only_lin,200,0.004999999888241291,0.9799999594688416,-5.659274578094482,-0.39971601963043213,2.95533679075924,41.806312561035156
A,29,10,random_orth,200,0.004999999888241291,0.9799999594688416,-5.660129070281982,-0.39975935220718384,5.836582306900884,41.806312561035156
A,29,10,real_diff_in_helix_subspace,200,0.004999999888241291,0.98499995470047,-5.6591477394104,-0.3995385766029358,10.529241842714828,41.806312561035156
A,29,10,full_swap,200,0.004999999888241291,0.9799999594688416,-5.659927845001221,-0.3994677662849426,21.807723999023438,41.806312561035156
A,30,10,helix,200,0.004999999888241291,0.9799999594688416,-5.659975528717041,-0.3998168110847473,6.151167385799483,52.296199798583984
A,30,10,only_T2,200,0.004999999888241291,0.9799999594688416,-5.660110950469971,-0.39970478415489197,0.0,52.296199798583984
A,30,10,only_T5,200,0.004999999888241291,0.9799999594688416,-5.660110950469971,-0.39970478415489197,9.412695039613452e-15,52.296199798583984
A,30,10,only_T10,200,0.004999999888241291,0.9799999594688416,-5.660110950469971,-0.39970478415489197,4.30536369789931e-15,52.296199798583984
A,30,10,only_T100,200,0.004999999888241291,0.9799999594688416,-5.660605430603027,-0.39989492297172546,5.455884315854933,52.296199798583984
A,30,10,only_lin,200,0.004999999888241291,0.9799999594688416,-5.66027307510376,-0.399588018655777,3.1444738961976055,52.296199798583984
A,30,10,random_orth,200,0.004999999888241291,0.9799999594688416,-5.660895347595215,-0.3997270166873932,6.151167385799483,52.296199798583984
A,30,10,real_diff_in_helix_subspace,200,0.004999999888241291,0.9799999594688416,-5.660437107086182,-0.3996124267578125,11.64030763485832,52.296199798583984
A,30,10,full_swap,200,0.004999999888241291,0.9799999594688416,-5.659683704376221,-0.39979636669158936,23.058212280273438,52.296199798583984
A,31,10,helix,200,0.004999999888241291,0.9799999594688416,-5.660110950469971,-0.39970478415489197,6.673150771334273,69.26968383789062
A,31,10,only_T2,200,0.004999999888241291,0.9799999594688416,-5.660110950469971,-0.39970478415489197,0.0,69.26968383789062
A,31,10,only_T5,200,0.004999999888241291,0.9799999594688416,-5.660110950469971,-0.39970478415489197,9.762189345986e-15,69.26968383789062
A,31,10,only_T10,200,0.004999999888241291,0.9799999594688416,-5.660110950469971,-0.39970478415489197,4.60988467237745e-15,69.26968383789062
A,31,10,only_T100,200,0.004999999888241291,0.9799999594688416,-5.660110950469971,-0.39970478415489197,5.867952528295721,69.26968383789062
A,31,10,only_lin,200,0.004999999888241291,0.9799999594688416,-5.660110950469971,-0.39970478415489197,3.4825930149633435,69.26968383789062
A,31,10,random_orth,200,0.004999999888241291,0.9799999594688416,-5.660110950469971,-0.39970478415489197,6.673150771334274,69.26968383789062
A,31,10,real_diff_in_helix_subspace,200,0.004999999888241291,0.9799999594688416,-5.660110950469971,-0.39970478415489197,13.172229621633523,69.26968383789062
A,31,10,full_swap,200,0.004999999888241291,0.9799999594688416,-5.660110950469971,-0.39970478415489197,24.72136688232422,69.26968383789062
A,0,20,helix,200,0.004999999888241291,0.8549999594688416,-5.668351173400879,-0.7199012637138367,1.600588087245371,3.5722427368164062
A,0,20,only_T2,200,0.0,1.0,-7.773646831512451,-0.3905384838581085,0.0,3.5722427368164062
A,0,20,only_T5,200,0.0,1.0,-7.773646831512451,-0.3905384838581085,2.5337719487834524e-15,3.5722427368164062
A,0,20,only_T10,200,0.0,1.0,-7.773646831512451,-0.3905384838581085,1.2475602849209946e-15,3.5722427368164062
A,0,20,only_T100,200,0.009999999776482582,0.8199999928474426,-6.057337284088135,-0.7812834978103638,1.5567474631435527,3.5722427368164062
A,0,20,only_lin,200,0.0,0.9899999499320984,-7.667154312133789,-0.3487098515033722,0.8006450718492573,3.5722427368164062
A,0,20,random_orth,200,0.0,0.9799999594688416,-7.732336044311523,-0.41256430745124817,1.6005880872453708,3.5722427368164062
A,0,20,real_diff_in_helix_subspace,200,0.009999999776482582,0.824999988079071,-5.599705696105957,-0.7433804273605347,1.649139869668879,3.5722427368164062
A,0,20,full_swap,200,0.7999999523162842,0.029999999329447746,-0.8260345458984375,-5.494501113891602,4.48088264465332,3.5722427368164062
A,1,20,helix,200,0.004999999888241291,0.85999995470047,-5.72674560546875,-0.6981104612350464,1.6219563751198367,4.145815849304199
A,1,20,only_T2,200,0.0,1.0,-7.773646831512451,-0.3905384838581085,0.0,4.145815849304199
A,1,20,only_T5,200,0.0,1.0,-7.773646831512451,-0.3905384838581085,2.5069540918996424e-15,4.145815849304199
A,1,20,only_T10,200,0.0,1.0,-7.773646831512451,-0.3905384838581085,1.2325932402890424e-15,4.145815849304199
A,1,20,only_T100,200,0.014999999664723873,0.7899999618530273,-6.107191562652588,-0.7842838764190674,1.557420701237644,4.145815849304199
A,1,20,only_lin,200,0.0,0.9950000047683716,-7.645477294921875,-0.3465331494808197,0.8457839624283213,4.145815849304199
A,1,20,random_orth,200,0.0,0.9649999737739563,-7.749503135681152,-0.4134860634803772,1.6219563751198367,4.145815849304199
A,1,20,real_diff_in_helix_subspace,200,0.009999999776482582,0.8399999737739563,-5.711367130279541,-0.7206186652183533,1.6577846951581767,4.145815849304199
A,1,20,full_swap,200,0.7849999666213989,0.03500000014901161,-0.8643055558204651,-5.362955093383789,4.428593635559082,4.145815849304199
A,2,20,helix,200,0.009999999776482582,0.8549999594688416,-5.795680999755859,-0.6750943064689636,1.7014473245282609,5.130117416381836
A,2,20,only_T2,200,0.0,1.0,-7.773646831512451,-0.3905384838581085,0.0,5.130117416381836
A,2,20,only_T5,200,0.0,1.0,-7.773646831512451,-0.3905384838581085,2.619646611705246e-15,5.130117416381836
A,2,20,only_T10,200,0.0,1.0,-7.773646831512451,-0.3905384838581085,1.2763209859241606e-15,5.130117416381836
A,2,20,only_T100,200,0.019999999552965164,0.8050000071525574,-6.152913570404053,-0.7770824432373047,1.6093176415755115,5.130117416381836
A,2,20,only_lin,200,0.0,0.9950000047683716,-7.65968132019043,-0.341888427734375,0.9164063308215017,5.130117416381836
A,2,20,random_orth,200,0.0,0.9799999594688416,-7.756428241729736,-0.4079459309577942,1.701447324528261,5.130117416381836
A,2,20,real_diff_in_helix_subspace,200,0.009999999776482582,0.8349999785423279,-5.746490478515625,-0.6965205073356628,1.7586006062873727,5.130117416381836
A,2,20,full_swap,200,0.7649999856948853,0.04999999701976776,-0.8960011601448059,-5.268546104431152,4.560563087463379,5.130117416381836
A,3,20,helix,200,0.014999999664723873,0.8499999642372131,-5.800286293029785,-0.678313136100769,1.8473194911173678,5.948854446411133
A,3,20,only_T2,200,0.0,1.0,-7.773646831512451,-0.3905384838581085,0.0,5.948854446411133
A,3,20,only_T5,200,0.0,1.0,-7.773646831512451,-0.3905384838581085,2.852022997355767e-15,5.948854446411133
A,3,20,only_T10,200,0.0,1.0,-7.773646831512451,-0.3905384838581085,1.3670906070654755e-15,5.948854446411133
A,3,20,only_T100,200,0.019999999552965164,0.7999999523162842,-6.137103080749512,-0.7834389209747314,1.735785353701667,5.948854446411133
A,3,20,only_lin,200,0.0,0.9950000047683716,-7.658955097198486,-0.3377191126346588,0.9989214845319668,5.948854446411133
A,3,20,random_orth,200,0.0,0.9799999594688416,-7.74474573135376,-0.40759679675102234,1.8473194911173678,5.948854446411133
A,3,20,real_diff_in_helix_subspace,200,0.009999999776482582,0.8499999642372131,-5.7611894607543945,-0.692679226398468,1.9040287525198014,5.948854446411133
A,3,20,full_swap,200,0.7549999952316284,0.054999999701976776,-0.9195202589035034,-5.197739124298096,4.763246536254883,5.948854446411133
A,4,20,helix,200,0.004999999888241291,0.8549999594688416,-5.86365270614624,-0.6577631235122681,2.0171990686299264,6.936943531036377
A,4,20,only_T2,200,0.0,1.0,-7.773646831512451,-0.3905384838581085,0.0,6.936943531036377
A,4,20,only_T5,200,0.0,1.0,-7.773646831512451,-0.3905384838581085,3.016951483404298e-15,6.936943531036377
A,4,20,only_T10,200,0.0,1.0,-7.773646831512451,-0.3905384838581085,1.4301318672891883e-15,6.936943531036377
A,4,20,only_T100,200,0.019999999552965164,0.8149999976158142,-6.172068119049072,-0.7639034390449524,1.8648366296328645,6.936943531036377
A,4,20,only_lin,200,0.0,0.9899999499320984,-7.619740009307861,-0.3535866141319275,1.1014925472569015,6.936943531036377
A,4,20,random_orth,200,0.0,0.9950000047683716,-7.736866474151611,-0.40164512395858765,2.0171990686299264,6.936943531036377
A,4,20,real_diff_in_helix_subspace,200,0.009999999776482582,0.8449999690055847,-5.8553924560546875,-0.6696946024894714,2.0720088758607726,6.936943531036377
A,4,20,full_swap,200,0.6800000071525574,0.08999999612569809,-1.0921891927719116,-4.981548309326172,5.024755001068115,6.936943531036377
A,5,20,helix,200,0.004999999888241291,0.8549999594688416,-5.854805946350098,-0.6694241166114807,2.1478564474286355,7.702662467956543
A,5,20,only_T2,200,0.0,1.0,-7.773646831512451,-0.3905384838581085,0.0,7.702662467956543
A,5,20,only_T5,200,0.0,1.0,-7.773646831512451,-0.3905384838581085,3.262016871732392e-15,7.702662467956543
A,5,20,only_T10,200,0.0,1.0,-7.773646831512451,-0.3905384838581085,1.534076385542063e-15,7.702662467956543
A,5,20,only_T100,200,0.014999999664723873,0.8149999976158142,-6.1634521484375,-0.774586021900177,1.9771698916286238,7.702662467956543
A,5,20,only_lin,200,0.0,0.9899999499320984,-7.616733074188232,-0.3542041778564453,1.185758768413123,7.702662467956543
A,5,20,random_orth,200,0.0,0.9699999690055847,-7.755492210388184,-0.40005695819854736,2.1478564474286355,7.702662467956543
A,5,20,real_diff_in_helix_subspace,200,0.004999999888241291,0.8499999642372131,-5.857205867767334,-0.6874579191207886,2.21740516160559,7.702662467956543
A,5,20,full_swap,200,0.675000011920929,0.09999999403953552,-1.1793532371520996,-4.909626007080078,5.310202598571777,7.702662467956543
A,6,20,helix,200,0.004999999888241291,0.8549999594688416,-5.932089328765869,-0.6474713683128357,2.295088054208118,8.805325508117676
A,6,20,only_T2,200,0.0,1.0,-7.773646831512451,-0.3905384838581085,0.0,8.805325508117676
A,6,20,only_T5,200,0.0,1.0,-7.773646831512451,-0.3905384838581085,3.4976440762683257e-15,8.805325508117676
A,6,20,only_T10,200,0.0,1.0,-7.773646831512451,-0.3905384838581085,1.616929186062382e-15,8.805325508117676
A,6,20,only_T100,200,0.014999999664723873,0.8149999976158142,-6.2004289627075195,-0.7652270197868347,2.091457057649106,8.805325508117676
A,6,20,only_lin,200,0.0,0.9899999499320984,-7.641152858734131,-0.3569808602333069,1.278280364681496,8.805325508117676
A,6,20,random_orth,200,0.0,0.98499995470047,-7.758323669433594,-0.38962095975875854,2.295088054208118,8.805325508117676
A,6,20,real_diff_in_helix_subspace,200,0.009999999776482582,0.8449999690055847,-5.931273460388184,-0.6752891540527344,2.400885657545598,8.805325508117676
A,6,20,full_swap,200,0.6649999618530273,0.10999999940395355,-1.2770527601242065,-4.806147575378418,5.590053558349609,8.805325508117676
A,7,20,helix,200,0.004999999888241291,0.85999995470047,-5.977476119995117,-0.633652925491333,2.42281250168278,9.515473365783691
A,7,20,only_T2,200,0.0,1.0,-7.773646831512451,-0.3905384838581085,0.0,9.515473365783691
A,7,20,only_T5,200,0.0,1.0,-7.773646831512451,-0.3905384838581085,3.65835593259225e-15,9.515473365783691
A,7,20,only_T10,200,0.0,1.0,-7.773646831512451,-0.3905384838581085,1.6921510337626674e-15,9.515473365783691
A,7,20,only_T100,200,0.014999999664723873,0.8299999833106995,-6.2258124351501465,-0.7496052384376526,2.1923552200074936,9.515473365783691
A,7,20,only_lin,200,0.0,0.9899999499320984,-7.655694007873535,-0.3553664982318878,1.352759650530481,9.515473365783691
A,7,20,random_orth,200,0.0,0.9749999642372131,-7.753962993621826,-0.4033445715904236,2.4228125016827806,9.515473365783691
A,7,20,real_diff_in_helix_subspace,200,0.009999999776482582,0.8449999690055847,-5.985886096954346,-0.6738042831420898,2.5521668303210565,9.515473365783691
A,7,20,full_swap,200,0.6449999809265137,0.12999999523162842,-1.3484609127044678,-4.699612140655518,5.8489766120910645,9.515473365783691
A,8,20,helix,200,0.004999999888241291,0.8650000095367432,-6.009835243225098,-0.6324779987335205,2.4983779411976554,10.37034797668457
A,8,20,only_T2,200,0.0,1.0,-7.773646831512451,-0.3905384838581085,0.0,10.37034797668457
A,8,20,only_T5,200,0.0,1.0,-7.773646831512451,-0.3905384838581085,3.818799204021789e-15,10.37034797668457
A,8,20,only_T10,200,0.0,1.0,-7.773646831512451,-0.3905384838581085,1.7437955511415798e-15,10.37034797668457
A,8,20,only_T100,200,0.014999999664723873,0.8399999737739563,-6.235239028930664,-0.735788881778717,2.2576025418575383,10.37034797668457
A,8,20,only_lin,200,0.0,0.98499995470047,-7.653966903686523,-0.3618316948413849,1.399784459665127,10.37034797668457
A,8,20,random_orth,200,0.0,0.9699999690055847,-7.736087322235107,-0.41417741775512695,2.498377941197655,10.37034797668457
A,8,20,real_diff_in_helix_subspace,200,0.009999999776482582,0.8149999976158142,-6.04889440536499,-0.689951479434967,2.649663992989833,10.37034797668457
A,8,20,full_swap,200,0.6299999952316284,0.13499999046325684,-1.4136630296707153,-4.648878574371338,6.018754959106445,10.37034797668457
A,9,20,helix,200,0.004999999888241291,0.85999995470047,-5.987643718719482,-0.6351576447486877,2.6173656484504426,11.095053672790527
A,9,20,only_T2,200,0.0,1.0,-7.773646831512451,-0.3905384838581085,0.0,11.095053672790527
A,9,20,only_T5,200,0.0,1.0,-7.773646831512451,-0.3905384838581085,3.976551292283009e-15,11.095053672790527
A,9,20,only_T10,200,0.0,1.0,-7.773646831512451,-0.3905384838581085,1.8029513760559092e-15,11.095053672790527
A,9,20,only_T100,200,0.014999999664723873,0.8399999737739563,-6.217190265655518,-0.7424824237823486,2.361673610430572,11.095053672790527
A,9,20,only_lin,200,0.0,0.9899999499320984,-7.644330978393555,-0.36049291491508484,1.4567009148803982,11.095053672790527
A,9,20,random_orth,200,0.0,0.9699999690055847,-7.737250804901123,-0.40771839022636414,2.6173656484504426,11.095053672790527
A,9,20,real_diff_in_helix_subspace,200,0.004999999888241291,0.824999988079071,-6.025604248046875,-0.7301303744316101,2.8203202169530703,11.095053672790527
A,9,20,full_swap,200,0.6299999952316284,0.14000000059604645,-1.397754192352295,-4.656793594360352,6.302048206329346,11.095053672790527
A,10,20,helix,200,0.004999999888241291,0.8650000095367432,-5.976515769958496,-0.6373785138130188,2.814426148840744,11.6266508102417
A,10,20,only_T2,200,0.0,1.0,-7.773646831512451,-0.3905384838581085,0.0,11.6266508102417
A,10,20,only_T5,200,0.0,1.0,-7.773646831512451,-0.3905384838581085,4.2617280009055e-15,11.6266508102417
A,10,20,only_T10,200,0.0,1.0,-7.773646831512451,-0.3905384838581085,1.959565266827428e-15,11.6266508102417
A,10,20,only_T100,200,0.014999999664723873,0.8299999833106995,-6.213963985443115,-0.7364848852157593,2.5263927803724853,11.6266508102417
A,10,20,only_lin,200,0.0,0.9799999594688416,-7.6368088722229,-0.3616988956928253,1.5603243788106695,11.6266508102417
A,10,20,random_orth,200,0.0,0.9799999594688416,-7.774217128753662,-0.40807729959487915,2.814426148840744,11.6266508102417
A,10,20,real_diff_in_helix_subspace,200,0.004999999888241291,0.8050000071525574,-6.03861665725708,-0.7461482286453247,3.0469556917382956,11.6266508102417
A,10,20,full_swap,200,0.625,0.14999999105930328,-1.3976608514785767,-4.654432773590088,6.719741344451904,11.6266508102417
A,11,20,helix,200,0.004999999888241291,0.85999995470047,-5.942412376403809,-0.6521685719490051,3.002651298651851,12.50186538696289
A,11,20,only_T2,200,0.0,1.0,-7.773646831512451,-0.3905384838581085,0.0,12.50186538696289
A,11,20,only_T5,200,0.0,1.0,-7.773646831512451,-0.3905384838581085,4.664143105932777e-15,12.50186538696289
A,11,20,only_T10,200,0.0,1.0,-7.773646831512451,-0.3905384838581085,2.1965495686266127e-15,12.50186538696289
A,11,20,only_T100,200,0.014999999664723873,0.8299999833106995,-6.177678108215332,-0.7540934681892395,2.6936856873559423,12.50186538696289
A,11,20,only_lin,200,0.0,0.98499995470047,-7.630486965179443,-0.36851564049720764,1.6480182043011542,12.50186538696289
A,11,20,random_orth,200,0.0,0.9950000047683716,-7.771909236907959,-0.4078483581542969,3.002651298651851,12.50186538696289
A,11,20,real_diff_in_helix_subspace,200,0.0,0.7949999570846558,-6.019431114196777,-0.7803781628608704,3.272126413810564,12.50186538696289
A,11,20,full_swap,200,0.6150000095367432,0.14499999582767487,-1.4206877946853638,-4.649346351623535,7.143487453460693,12.50186538696289
A,12,20,helix,200,0.004999999888241291,0.8549999594688416,-5.906046390533447,-0.6684197783470154,3.1939255784018497,13.207942008972168
A,12,20,only_T2,200,0.0,1.0,-7.773646831512451,-0.3905384838581085,0.0,13.207942008972168
A,12,20,only_T5,200,0.0,1.0,-7.773646831512451,-0.3905384838581085,5.283313810604372e-15,13.207942008972168
A,12,20,only_T10,200,0.0,1.0,-7.773646831512451,-0.3905384838581085,2.467305309206272e-15,13.207942008972168
A,12,20,only_T100,200,0.014999999664723873,0.8349999785423279,-6.145637512207031,-0.7579811811447144,2.8754679839647928,13.207942008972168
A,12,20,only_lin,200,0.0,0.98499995470047,-7.617183685302734,-0.3716396689414978,1.760875058437102,13.207942008972168
A,12,20,random_orth,200,0.0,0.9799999594688416,-7.763510704040527,-0.40698400139808655,3.1939255784018497,13.207942008972168
A,12,20,real_diff_in_helix_subspace,200,0.004999999888241291,0.7849999666213989,-6.037020683288574,-0.801137387752533,3.4646588958027382,13.207942008972168
A,12,20,full_swap,200,0.6100000143051147,0.14000000059604645,-1.4504162073135376,-4.639891624450684,7.613543510437012,13.207942008972168
A,13,20,helix,200,0.009999999776482582,0.8949999809265137,-6.183435440063477,-0.5850613117218018,3.462371146878555,14.468846321105957
A,13,20,only_T2,200,0.0,1.0,-7.773646831512451,-0.3905384838581085,0.0,14.468846321105957
A,13,20,only_T5,200,0.0,1.0,-7.773646831512451,-0.3905384838581085,5.691196047820167e-15,14.468846321105957
A,13,20,only_T10,200,0.0,1.0,-7.773646831512451,-0.3905384838581085,2.6421787156275023e-15,14.468846321105957
A,13,20,only_T100,200,0.009999999776482582,0.85999995470047,-6.420306205749512,-0.6606868505477905,3.1048223892545765,14.468846321105957
A,13,20,only_lin,200,0.0,0.9799999594688416,-7.585496425628662,-0.38155779242515564,1.9359141507711002,14.468846321105957
A,13,20,random_orth,200,0.0,0.9899999499320984,-7.746196269989014,-0.40017345547676086,3.462371146878555,14.468846321105957
A,13,20,real_diff_in_helix_subspace,200,0.0,0.8399999737739563,-6.29537296295166,-0.6692582368850708,3.8173562412046818,14.468846321105957
A,13,20,full_swap,200,0.4599999785423279,0.19999998807907104,-2.095813751220703,-3.8009588718414307,8.231158256530762,14.468846321105957
A,14,20,helix,200,0.009999999776482582,0.8999999761581421,-6.281707763671875,-0.5645101070404053,3.6296445214385313,15.670798301696777
A,14,20,only_T2,200,0.0,1.0,-7.773646831512451,-0.3905384838581085,0.0,15.670798301696777
A,14,20,only_T5,200,0.0,1.0,-7.773646831512451,-0.3905384838581085,6.042002483081044e-15,15.670798301696777
A,14,20,only_T10,200,0.0,1.0,-7.773646831512451,-0.3905384838581085,2.7491856647035473e-15,15.670798301696777
A,14,20,only_T100,200,0.009999999776482582,0.875,-6.498485088348389,-0.6328318119049072,3.2622100195317056,15.670798301696777
A,14,20,only_lin,200,0.0,0.9799999594688416,-7.579745769500732,-0.39135584235191345,2.030864971600471,15.670798301696777
A,14,20,random_orth,200,0.0,0.9799999594688416,-7.779932498931885,-0.4014214277267456,3.6296445214385313,15.670798301696777
A,14,20,real_diff_in_helix_subspace,200,0.0,0.8650000095367432,-6.428377628326416,-0.6582581400871277,4.0816735452581945,15.670798301696777
A,14,20,full_swap,200,0.429999977350235,0.22999998927116394,-2.410487413406372,-3.5350780487060547,8.64754867553711,15.670798301696777
A,15,20,helix,200,0.009999999776482582,0.8949999809265137,-6.248342037200928,-0.5736473798751831,4.287648589359269,17.488719940185547
A,15,20,only_T2,200,0.0,1.0,-7.773646831512451,-0.3905384838581085,0.0,17.488719940185547
A,15,20,only_T5,200,0.0,1.0,-7.773646831512451,-0.3905384838581085,6.555498812303763e-15,17.488719940185547
A,15,20,only_T10,200,0.0,1.0,-7.773646831512451,-0.3905384838581085,2.9190125266183856e-15,17.488719940185547
A,15,20,only_T100,200,0.009999999776482582,0.8549999594688416,-6.468909740447998,-0.6455791592597961,3.884939838384736,17.488719940185547
A,15,20,only_lin,200,0.0,0.9749999642372131,-7.576685428619385,-0.3921456038951874,2.3214806480096684,17.488719940185547
A,15,20,random_orth,200,0.0,0.9799999594688416,-7.764501571655273,-0.40152058005332947,4.287648589359269,17.488719940185547
A,15,20,real_diff_in_helix_subspace,200,0.004999999888241291,0.8349999785423279,-6.410906791687012,-0.6909093856811523,4.82292721575075,17.488719940185547
A,15,20,full_swap,200,0.42499998211860657,0.23499999940395355,-2.4186251163482666,-3.527355909347534,9.5376558303833,17.488719940185547
A,16,20,helix,200,0.009999999776482582,0.8999999761581421,-6.286779880523682,-0.5657081604003906,5.1052585461929425,19.41571807861328
A,16,20,only_T2,200,0.0,1.0,-7.773646831512451,-0.3905384838581085,0.0,19.41571807861328
A,16,20,only_T5,200,0.0,1.0,-7.773646831512451,-0.3905384838581085,7.555263654913419e-15,19.41571807861328
A,16,20,only_T10,200,0.0,1.0,-7.773646831512451,-0.3905384838581085,3.4427253854214914e-15,19.41571807861328
A,16,20,only_T100,200,0.009999999776482582,0.8549999594688416,-6.473747253417969,-0.63619065284729,4.549905939061187,19.41571807861328
A,16,20,only_lin,200,0.0,0.9899999499320984,-7.561840057373047,-0.38789474964141846,2.736432277936993,19.41571807861328
A,16,20,random_orth,200,0.0,0.9699999690055847,-7.757314682006836,-0.4070722162723541,5.105258546192942,19.41571807861328
A,16,20,real_diff_in_helix_subspace,200,0.004999999888241291,0.8299999833106995,-6.377847194671631,-0.6911472678184509,5.720617574044568,19.41571807861328
A,16,20,full_swap,200,0.4099999964237213,0.23999999463558197,-2.4434571266174316,-3.5005714893341064,11.318110466003418,19.41571807861328
A,17,20,helix,200,0.004999999888241291,0.9199999570846558,-6.573476314544678,-0.5027923583984375,5.611028326035993,20.77017593383789
A,17,20,only_T2,200,0.0,1.0,-7.773646831512451,-0.3905384838581085,0.0,20.77017593383789
A,17,20,only_T5,200,0.0,1.0,-7.773646831512451,-0.3905384838581085,8.11242943947295e-15,20.77017593383789
A,17,20,only_T10,200,0.0,1.0,-7.773646831512451,-0.3905384838581085,3.713196162247483e-15,20.77017593383789
A,17,20,only_T100,200,0.004999999888241291,0.9049999713897705,-6.711627006530762,-0.5628365278244019,4.987369076003457,20.77017593383789
A,17,20,only_lin,200,0.0,0.9799999594688416,-7.588126182556152,-0.3924044370651245,3.035540188814348,20.77017593383789
A,17,20,random_orth,200,0.0,0.9899999499320984,-7.76202392578125,-0.4019600450992584,5.611028326035991,20.77017593383789
A,17,20,real_diff_in_helix_subspace,200,0.0,0.8899999856948853,-6.63993501663208,-0.596642792224884,6.336392756397454,20.77017593383789
A,17,20,full_swap,200,0.28999999165534973,0.32999998331069946,-3.162900686264038,-2.812000036239624,12.380044937133789,20.77017593383789
A,18,20,helix,200,0.004999999888241291,0.9199999570846558,-6.697270393371582,-0.4905218482017517,5.972107100479018,23.113201141357422
A,18,20,only_T2,200,0.0,1.0,-7.773646831512451,-0.3905384838581085,0.0,23.113201141357422
A,18,20,only_T5,200,0.0,1.0,-7.773646831512451,-0.3905384838581085,8.504297742300468e-15,23.113201141357422
A,18,20,only_T10,200,0.0,1.0,-7.773646831512451,-0.3905384838581085,3.893194515220334e-15,23.113201141357422
A,18,20,only_T100,200,0.004999999888241291,0.9049999713897705,-6.796363353729248,-0.544022798538208,5.315492360940003,23.113201141357422
A,18,20,only_lin,200,0.0,0.9799999594688416,-7.614953517913818,-0.40118393301963806,3.2349828164100956,23.113201141357422
A,18,20,random_orth,200,0.0,0.98499995470047,-7.751679420471191,-0.40187856554985046,5.972107100479018,23.113201141357422
A,18,20,real_diff_in_helix_subspace,200,0.004999999888241291,0.8799999952316284,-6.766933441162109,-0.5632390975952148,6.794965455423887,23.113201141357422
A,18,20,full_swap,200,0.2449999898672104,0.375,-3.484145402908325,-2.5313005447387695,13.123373985290527,23.113201141357422
A,19,20,helix,200,0.0,0.9950000047683716,-7.590367317199707,-0.36780330538749695,6.531462762232616,24.879100799560547
A,19,20,only_T2,200,0.0,1.0,-7.773646831512451,-0.3905384838581085,0.0,24.879100799560547
A,19,20,only_T5,200,0.0,1.0,-7.773646831512451,-0.3905384838581085,9.292903986987009e-15,24.879100799560547
A,19,20,only_T10,200,0.0,1.0,-7.773646831512451,-0.3905384838581085,4.246642107952711e-15,24.879100799560547
A,19,20,only_T100,200,0.0,0.98499995470047,-7.735665798187256,-0.37054282426834106,5.779934129894709,24.879100799560547
A,19,20,only_lin,200,0.0,0.98499995470047,-7.643317699432373,-0.3954591751098633,3.5946529891962915,24.879100799560547
A,19,20,random_orth,200,0.0,1.0,-7.766078472137451,-0.39052626490592957,6.531462762232616,24.879100799560547
A,19,20,real_diff_in_helix_subspace,200,0.0,0.9799999594688416,-7.581295490264893,-0.3695295751094818,7.513760371029837,24.879100799560547
A,19,20,full_swap,200,0.0,0.9599999785423279,-7.294958114624023,-0.3802652955055237,14.238452911376953,24.879100799560547
A,20,20,helix,200,0.0,0.9950000047683716,-7.58856201171875,-0.3673432767391205,7.176321054496682,26.573162078857422
A,20,20,only_T2,200,0.0,1.0,-7.773646831512451,-0.3905384838581085,0.0,26.573162078857422
A,20,20,only_T5,200,0.0,1.0,-7.773646831512451,-0.3905384838581085,9.914616669245036e-15,26.573162078857422
A,20,20,only_T10,200,0.0,1.0,-7.773646831512451,-0.3905384838581085,4.5361344193395726e-15,26.573162078857422
A,20,20,only_T100,200,0.0,0.98499995470047,-7.73707389831543,-0.3700461983680725,6.333323250373646,26.573162078857422
A,20,20,only_lin,200,0.0,0.9899999499320984,-7.638027667999268,-0.3968333303928375,3.9428949364445587,26.573162078857422
A,20,20,random_orth,200,0.0,0.9950000047683716,-7.774674892425537,-0.3905447721481323,7.176321054496682,26.573162078857422
A,20,20,real_diff_in_helix_subspace,200,0.0,0.9749999642372131,-7.586718559265137,-0.36984264850616455,8.282348257451353,26.573162078857422
A,20,20,full_swap,200,0.0,0.9549999833106995,-7.320176601409912,-0.377383828163147,15.433235168457031,26.573162078857422
A,21,20,helix,200,0.0,1.0,-7.700588226318359,-0.3738665282726288,7.674000516993703,28.0814266204834
A,21,20,only_T2,200,0.0,1.0,-7.773646831512451,-0.3905384838581085,0.0,28.0814266204834
A,21,20,only_T5,200,0.0,1.0,-7.773646831512451,-0.3905384838581085,1.0426507700525508e-14,28.0814266204834
A,21,20,only_T10,200,0.0,1.0,-7.773646831512451,-0.3905384838581085,4.752758950466007e-15,28.0814266204834
A,21,20,only_T100,200,0.0,1.0,-7.763421535491943,-0.3765820264816284,6.766826682705541,28.0814266204834
A,21,20,only_lin,200,0.0,0.9899999499320984,-7.711320400238037,-0.39067211747169495,4.204059630732012,28.0814266204834
A,21,20,random_orth,200,0.0,1.0,-7.768856048583984,-0.3901504576206207,7.674000516993704,28.0814266204834
A,21,20,real_diff_in_helix_subspace,200,0.0,0.9799999594688416,-7.703989505767822,-0.3780723214149475,8.908182952374219,28.0814266204834
A,21,20,full_swap,200,0.0,0.9950000047683716,-7.66318416595459,-0.3524133861064911,16.399518966674805,28.0814266204834
A,22,20,helix,200,0.0,1.0,-7.713142395019531,-0.37255117297172546,8.17254580369965,29.489788055419922
A,22,20,only_T2,200,0.0,1.0,-7.773646831512451,-0.3905384838581085,0.0,29.489788055419922
A,22,20,only_T5,200,0.0,1.0,-7.773646831512451,-0.3905384838581085,1.0900537919459236e-14,29.489788055419922
A,22,20,only_T10,200,0.0,1.0,-7.773646831512451,-0.3905384838581085,4.980448658962741e-15,29.489788055419922
A,22,20,only_T100,200,0.0,1.0,-7.774670124053955,-0.37633201479911804,7.223572135634837,29.489788055419922
A,22,20,only_lin,200,0.0,0.9950000047683716,-7.714061260223389,-0.38960668444633484,4.445448399417778,29.489788055419922
A,22,20,random_orth,200,0.0,1.0,-7.766977310180664,-0.3888978362083435,8.17254580369965,29.489788055419922
A,22,20,real_diff_in_helix_subspace,200,0.0,0.9799999594688416,-7.717281818389893,-0.3760087490081787,9.586475288122397,29.489788055419922
A,22,20,full_swap,200,0.0,0.9899999499320984,-7.680616855621338,-0.3526989221572876,17.36368179321289,29.489788055419922
A,23,20,helix,200,0.0,1.0,-7.752094745635986,-0.3800388276576996,8.54203983110063,30.889997482299805
A,23,20,only_T2,200,0.0,1.0,-7.773646831512451,-0.3905384838581085,0.0,30.889997482299805
A,23,20,only_T5,200,0.0,1.0,-7.773646831512451,-0.3905384838581085,1.1370044180247115e-14,30.889997482299805
A,23,20,only_T10,200,0.0,1.0,-7.773646831512451,-0.3905384838581085,5.1516060407841546e-15,30.889997482299805
A,23,20,only_T100,200,0.0,1.0,-7.788096904754639,-0.38226333260536194,7.53959982976727,30.889997482299805
A,23,20,only_lin,200,0.0,1.0,-7.741488933563232,-0.3888247311115265,4.6431905358020575,30.889997482299805
A,23,20,random_orth,200,0.0,1.0,-7.770002365112305,-0.3898910582065582,8.54203983110063,30.889997482299805
A,23,20,real_diff_in_helix_subspace,200,0.0,0.98499995470047,-7.755599021911621,-0.3829983174800873,10.10849946167157,30.889997482299805
A,23,20,full_swap,200,0.0,0.9899999499320984,-7.748363494873047,-0.3629319369792938,18.1684513092041,30.889997482299805
A,24,20,helix,200,0.0,1.0,-7.747524261474609,-0.3765629231929779,8.918773419422445,31.95001220703125
A,24,20,only_T2,200,0.0,1.0,-7.773646831512451,-0.3905384838581085,0.0,31.95001220703125
A,24,20,only_T5,200,0.0,1.0,-7.773646831512451,-0.3905384838581085,1.1768812079270402e-14,31.95001220703125
A,24,20,only_T10,200,0.0,1.0,-7.773646831512451,-0.3905384838581085,5.285417749526212e-15,31.95001220703125
A,24,20,only_T100,200,0.0,1.0,-7.776830196380615,-0.38376882672309875,7.865072530140935,31.95001220703125
A,24,20,only_lin,200,0.0,1.0,-7.735634803771973,-0.3825155198574066,4.837912899070862,31.95001220703125
A,24,20,random_orth,200,0.0,1.0,-7.770974159240723,-0.3904242217540741,8.918773419422445,31.95001220703125
A,24,20,real_diff_in_helix_subspace,200,0.0,0.98499995470047,-7.755748748779297,-0.37986674904823303,10.59940559384608,31.95001220703125
A,24,20,full_swap,200,0.0,0.98499995470047,-7.764132022857666,-0.36757591366767883,18.89044761657715,31.95001220703125
A,25,20,helix,200,0.0,1.0,-7.755206108093262,-0.3766424357891083,9.388102840618895,33.413021087646484
A,25,20,only_T2,200,0.0,1.0,-7.773646831512451,-0.3905384838581085,0.0,33.413021087646484
A,25,20,only_T5,200,0.0,1.0,-7.773646831512451,-0.3905384838581085,1.2233147425025681e-14,33.413021087646484
A,25,20,only_T10,200,0.0,1.0,-7.773646831512451,-0.3905384838581085,5.459636783122212e-15,33.413021087646484
A,25,20,only_T100,200,0.0,1.0,-7.778843879699707,-0.38312065601348877,8.25837042564167,33.413021087646484
A,25,20,only_lin,200,0.0,1.0,-7.740165710449219,-0.38367223739624023,5.069519245383921,33.413021087646484
A,25,20,random_orth,200,0.0,1.0,-7.767666339874268,-0.391123503446579,9.388102840618895,33.413021087646484
A,25,20,real_diff_in_helix_subspace,200,0.0,0.98499995470047,-7.769148826599121,-0.3797197639942169,11.372497357611383,33.413021087646484
A,25,20,full_swap,200,0.0,0.98499995470047,-7.773046493530273,-0.36725372076034546,19.920738220214844,33.413021087646484
A,26,20,helix,200,0.0,1.0,-7.757277011871338,-0.3759312033653259,9.68860518819765,34.61946105957031
A,26,20,only_T2,200,0.0,1.0,-7.773646831512451,-0.3905384838581085,0.0,34.61946105957031
A,26,20,only_T5,200,0.0,1.0,-7.773646831512451,-0.3905384838581085,1.258670974983037e-14,34.61946105957031
A,26,20,only_T10,200,0.0,1.0,-7.773646831512451,-0.3905384838581085,5.59482419226871e-15,34.61946105957031
A,26,20,only_T100,200,0.0,1.0,-7.781882286071777,-0.38106024265289307,8.54002863770744,34.61946105957031
A,26,20,only_lin,200,0.0,1.0,-7.741239070892334,-0.3838367462158203,5.279134874654812,34.61946105957031
A,26,20,random_orth,200,0.0,1.0,-7.771631717681885,-0.391447514295578,9.68860518819765,34.61946105957031
A,26,20,real_diff_in_helix_subspace,200,0.0,0.9899999499320984,-7.769956588745117,-0.3791962265968323,11.864279476851943,34.61946105957031
A,26,20,full_swap,200,0.0,0.9899999499320984,-7.770966529846191,-0.36622899770736694,20.604507446289062,34.61946105957031
A,27,20,helix,200,0.0,1.0,-7.771626949310303,-0.3916977643966675,9.990476887636818,36.1244010925293
A,27,20,only_T2,200,0.0,1.0,-7.773646831512451,-0.3905384838581085,0.0,36.1244010925293
A,27,20,only_T5,200,0.0,1.0,-7.773646831512451,-0.3905384838581085,1.2802136659085172e-14,36.1244010925293
A,27,20,only_T10,200,0.0,1.0,-7.773646831512451,-0.3905384838581085,5.693238658977001e-15,36.1244010925293
A,27,20,only_T100,200,0.0,1.0,-7.768675804138184,-0.3921789228916168,8.804374057087653,36.1244010925293
A,27,20,only_lin,200,0.0,1.0,-7.7765421867370605,-0.39004674553871155,5.449394395297226,36.1244010925293
A,27,20,random_orth,200,0.0,1.0,-7.773690223693848,-0.390653133392334,9.990476887636818,36.1244010925293
A,27,20,real_diff_in_helix_subspace,200,0.0,1.0,-7.774381160736084,-0.390938401222229,12.360223572066992,36.1244010925293
A,27,20,full_swap,200,0.0,1.0,-7.774141788482666,-0.3896096348762512,21.22928237915039,36.1244010925293
A,28,20,helix,200,0.0,1.0,-7.769933223724365,-0.3914625346660614,10.251892649728491,37.513710021972656
A,28,20,only_T2,200,0.0,1.0,-7.773646831512451,-0.3905384838581085,0.0,37.513710021972656
A,28,20,only_T5,200,0.0,1.0,-7.773646831512451,-0.3905384838581085,1.3010899412417338e-14,37.513710021972656
A,28,20,only_T10,200,0.0,1.0,-7.773646831512451,-0.3905384838581085,5.8042477897266865e-15,37.513710021972656
A,28,20,only_T100,200,0.0,1.0,-7.769570827484131,-0.3922998309135437,9.063897278080681,37.513710021972656
A,28,20,only_lin,200,0.0,1.0,-7.772241115570068,-0.38977327942848206,5.613828581443947,37.513710021972656
A,28,20,random_orth,200,0.0,1.0,-7.771252155303955,-0.3908318877220154,10.251892649728491,37.513710021972656
A,28,20,real_diff_in_helix_subspace,200,0.0,1.0,-7.771681308746338,-0.39109712839126587,12.796990765277837,37.513710021972656
A,28,20,full_swap,200,0.0,1.0,-7.771425724029541,-0.38998499512672424,21.823854446411133,37.513710021972656
A,29,20,helix,200,0.0,1.0,-7.771830081939697,-0.3910529613494873,10.829889560184013,41.82329177856445
A,29,20,only_T2,200,0.0,1.0,-7.773646831512451,-0.3905384838581085,0.0,41.82329177856445
A,29,20,only_T5,200,0.0,1.0,-7.773646831512451,-0.3905384838581085,1.3484179710126345e-14,41.82329177856445
A,29,20,only_T10,200,0.0,1.0,-7.773646831512451,-0.3905384838581085,6.0287994727443435e-15,41.82329177856445
A,29,20,only_T100,200,0.0,1.0,-7.77100944519043,-0.3915885090827942,9.713067158143785,41.82329177856445
A,29,20,only_lin,200,0.0,1.0,-7.77277135848999,-0.39016154408454895,5.91067358151848,41.82329177856445
A,29,20,random_orth,200,0.0,1.0,-7.770964622497559,-0.39097654819488525,10.829889560184013,41.82329177856445
A,29,20,real_diff_in_helix_subspace,200,0.0,1.0,-7.772346496582031,-0.3911247253417969,13.877838876182642,41.82329177856445
A,29,20,full_swap,200,0.0,1.0,-7.771640300750732,-0.39123502373695374,23.055997848510742,41.82329177856445
A,30,20,helix,200,0.0,1.0,-7.771698474884033,-0.3912147581577301,11.366120553644551,52.52082824707031
A,30,20,only_T2,200,0.0,1.0,-7.773646831512451,-0.3905384838581085,0.0,52.52082824707031
A,30,20,only_T5,200,0.0,1.0,-7.773646831512451,-0.3905384838581085,1.4238309083551322e-14,52.52082824707031
A,30,20,only_T10,200,0.0,1.0,-7.773646831512451,-0.3905384838581085,6.278579525712947e-15,52.52082824707031
A,30,20,only_T100,200,0.0,1.0,-7.771615028381348,-0.3913426995277405,10.304600458926622,52.52082824707031
A,30,20,only_lin,200,0.0,1.0,-7.773902893066406,-0.3906482756137848,6.288947792395211,52.52082824707031
A,30,20,random_orth,200,0.0,1.0,-7.773159503936768,-0.390822172164917,11.366120553644551,52.52082824707031
A,30,20,real_diff_in_helix_subspace,200,0.0,1.0,-7.771461486816406,-0.3911065459251404,14.983165422307238,52.52082824707031
A,30,20,full_swap,200,0.0,1.0,-7.771110534667969,-0.3909609019756317,24.343734741210938,52.52082824707031
A,31,20,helix,200,0.0,1.0,-7.773646831512451,-0.3905384838581085,12.318776784749298,69.54147338867188
A,31,20,only_T2,200,0.0,1.0,-7.773646831512451,-0.3905384838581085,0.0,69.54147338867188
A,31,20,only_T5,200,0.0,1.0,-7.773646831512451,-0.3905384838581085,1.477371043861824e-14,69.54147338867188
A,31,20,only_T10,200,0.0,1.0,-7.773646831512451,-0.3905384838581085,6.73200738972032e-15,69.54147338867188
A,31,20,only_T100,200,0.0,1.0,-7.773646831512451,-0.3905384838581085,11.0902013429423,69.54147338867188
A,31,20,only_lin,200,0.0,1.0,-7.773646831512451,-0.3905384838581085,6.965186029926687,69.54147338867188
A,31,20,random_orth,200,0.0,1.0,-7.773646831512451,-0.3905384838581085,12.318776784749298,69.54147338867188
A,31,20,real_diff_in_helix_subspace,200,0.0,1.0,-7.773646831512451,-0.3905384838581085,16.580366004562478,69.54147338867188
A,31,20,full_swap,200,0.0,1.0,-7.773646831512451,-0.3905384838581085,26.11124038696289,69.54147338867188
B,0,-20,helix,200,0.2549999952316284,0.2800000011920929,-3.5156543254852295,-3.4071149826049805,1.6698324383247019,4.203244686126709
B,0,-20,only_T2,200,0.0,0.9950000047683716,-6.40289306640625,-0.4716258943080902,0.0,4.203244686126709
B,0,-20,only_T5,200,0.0,0.9950000047683716,-6.40289306640625,-0.4716258943080902,2.1210415066872926e-15,4.203244686126709
B,0,-20,only_T10,200,0.0,0.9950000047683716,-6.40289306640625,-0.4716258943080902,1.056149819388313e-15,4.203244686126709
B,0,-20,only_T100,200,0.16499999165534973,0.4399999976158142,-3.703422784805298,-2.25909423828125,1.695716607126285,4.203244686126709
B,0,-20,only_lin,200,0.03999999910593033,0.6449999809265137,-5.403725624084473,-1.3087166547775269,0.944786066083415,4.203244686126709
B,0,-20,random_orth,200,0.0,0.9549999833106995,-6.36306095123291,-0.4811570644378662,1.6698324383247019,4.203244686126709
B,0,-20,real_diff_in_helix_subspace,200,0.25999999046325684,0.25,-3.346163034439087,-4.052292823791504,1.8549842680802278,4.203244686126709
B,0,-20,full_swap,200,0.9350000023841858,0.004999999888241291,-0.4746114909648895,-7.5363311767578125,4.389765739440918,4.203244686126709
B,1,-20,helix,200,0.26499998569488525,0.2800000011920929,-3.4977335929870605,-3.524553060531616,1.7281551422771697,4.4475789070129395
B,1,-20,only_T2,200,0.0,0.9950000047683716,-6.40289306640625,-0.4716258943080902,0.0,4.4475789070129395
B,1,-20,only_T5,200,0.0,0.9950000047683716,-6.40289306640625,-0.4716258943080902,2.1087539652137587e-15,4.4475789070129395
B,1,-20,only_T10,200,0.0,0.9950000047683716,-6.40289306640625,-0.4716258943080902,1.0480435423725048e-15,4.4475789070129395
B,1,-20,only_T100,200,0.17000000178813934,0.4449999928474426,-3.6578831672668457,-2.2658708095550537,1.735588195647574,4.4475789070129395
B,1,-20,only_lin,200,0.044999998062849045,0.5999999642372131,-5.303513050079346,-1.390594720840454,1.002613493316833,4.4475789070129395
B,1,-20,random_orth,200,0.0,0.9549999833106995,-6.352720737457275,-0.4955308139324188,1.7281551422771693,4.4475789070129395
B,1,-20,real_diff_in_helix_subspace,200,0.26499998569488525,0.2549999952316284,-3.3112704753875732,-3.997123956680298,1.8880546203512254,4.4475789070129395
B,1,-20,full_swap,200,0.9350000023841858,0.004999999888241291,-0.46775662899017334,-7.541059494018555,4.3675127029418945,4.4475789070129395
B,2,-20,helix,200,0.26999998092651367,0.2800000011920929,-3.5200071334838867,-3.555272340774536,1.8421741320565836,5.08432149887085
B,2,-20,only_T2,200,0.0,0.9950000047683716,-6.40289306640625,-0.4716258943080902,0.0,5.08432149887085
B,2,-20,only_T5,200,0.0,0.9950000047683716,-6.40289306640625,-0.4716258943080902,2.2219314228883633e-15,5.08432149887085
B,2,-20,only_T10,200,0.0,0.9950000047683716,-6.40289306640625,-0.4716258943080902,1.1154922423722737e-15,5.08432149887085
B,2,-20,only_T100,200,0.17999999225139618,0.41999998688697815,-3.674126386642456,-2.287109613418579,1.8419339742756258,5.08432149887085
B,2,-20,only_lin,200,0.044999998062849045,0.6049999594688416,-5.261362075805664,-1.441569447517395,1.0812909243264768,5.08432149887085
B,2,-20,random_orth,200,0.004999999888241291,0.9449999928474426,-6.334750175476074,-0.5099230408668518,1.8421741320565836,5.08432149887085
B,2,-20,real_diff_in_helix_subspace,200,0.26999998092651367,0.25999999046325684,-3.307687282562256,-3.955679178237915,1.9940220814902734,5.08432149887085
B,2,-20,full_swap,200,0.9399999976158142,0.0,-0.4647153615951538,-7.535550594329834,4.561862945556641,5.08432149887085
B,3,-20,helix,200,0.26999998092651367,0.2800000011920929,-3.549170970916748,-3.631535530090332,1.9811708320979997,5.643938064575195
B,3,-20,only_T2,200,0.0,0.9950000047683716,-6.40289306640625,-0.4716258943080902,0.0,5.643938064575195
B,3,-20,only_T5,200,0.0,0.9950000047683716,-6.40289306640625,-0.4716258943080902,2.419265939368819e-15,5.643938064575195
B,3,-20,only_T10,200,0.0,0.9950000047683716,-6.40289306640625,-0.4716258943080902,1.2040654371893049e-15,5.643938064575195
B,3,-20,only_T100,200,0.17999999225139618,0.41999998688697815,-3.65750789642334,-2.357727289199829,1.9538295959910612,5.643938064575195
B,3,-20,only_lin,200,0.044999998062849045,0.5999999642372131,-5.227331638336182,-1.4554015398025513,1.1997505815916174,5.643938064575195
B,3,-20,random_orth,200,0.0,0.9599999785423279,-6.351901054382324,-0.5188848376274109,1.9811708320979997,5.643938064575195
B,3,-20,real_diff_in_helix_subspace,200,0.2849999964237213,0.2750000059604645,-3.272542715072632,-3.929577589035034,2.1248247342028774,5.643938064575195
B,3,-20,full_swap,200,0.9399999976158142,0.004999999888241291,-0.4629707336425781,-7.534204006195068,4.763400554656982,5.643938064575195
B,4,-20,helix,200,0.2750000059604645,0.2800000011920929,-3.5399816036224365,-3.65887713432312,2.239892013792482,6.617556095123291
B,4,-20,only_T2,200,0.0,0.9950000047683716,-6.40289306640625,-0.4716258943080902,0.0,6.617556095123291
B,4,-20,only_T5,200,0.0,0.9950000047683716,-6.40289306640625,-0.4716258943080902,2.6190906025426624e-15,6.617556095123291
B,4,-20,only_T10,200,0.0,0.9950000047683716,-6.40289306640625,-0.4716258943080902,1.31322917556241e-15,6.617556095123291
B,4,-20,only_T100,200,0.17499999701976776,0.4350000023841858,-3.668874979019165,-2.38983154296875,2.179677439481217,6.617556095123291
B,4,-20,only_lin,200,0.054999999701976776,0.5699999928474426,-5.212584495544434,-1.499788522720337,1.3507117672199813,6.617556095123291
B,4,-20,random_orth,200,0.009999999776482582,0.9449999928474426,-6.312191486358643,-0.5428832769393921,2.239892013792482,6.617556095123291
B,4,-20,real_diff_in_helix_subspace,200,0.2800000011920929,0.26499998569488525,-3.3052380084991455,-3.9310100078582764,2.3805801395059505,6.617556095123291
B,4,-20,full_swap,200,0.9399999976158142,0.0,-0.4656486511230469,-7.532270431518555,5.256208419799805,6.617556095123291
B,5,-20,helix,200,0.2750000059604645,0.26499998569488525,-3.5117909908294678,-3.669093132019043,2.4845021894597834,7.418407440185547
B,5,-20,only_T2,200,0.0,0.9950000047683716,-6.40289306640625,-0.4716258943080902,0.0,7.418407440185547
B,5,-20,only_T5,200,0.0,0.9950000047683716,-6.40289306640625,-0.4716258943080902,2.8358748658678318e-15,7.418407440185547
B,5,-20,only_T10,200,0.0,0.9950000047683716,-6.40289306640625,-0.4716258943080902,1.428285881732191e-15,7.418407440185547
B,5,-20,only_T100,200,0.1899999976158142,0.3999999761581421,-3.6442863941192627,-2.4658961296081543,2.4078361097820538,7.418407440185547
B,5,-20,only_lin,200,0.05999999865889549,0.5550000071525574,-5.162956237792969,-1.5692471265792847,1.502540039592783,7.418407440185547
B,5,-20,random_orth,200,0.009999999776482582,0.9549999833106995,-6.36199426651001,-0.5081905126571655,2.4845021894597834,7.418407440185547
B,5,-20,real_diff_in_helix_subspace,200,0.3050000071525574,0.2800000011920929,-3.273130416870117,-3.8866119384765625,2.6181942051481055,7.418407440185547
B,5,-20,full_swap,200,0.949999988079071,0.0,-0.4566222131252289,-7.555625915527344,5.771584510803223,7.418407440185547
B,6,-20,helix,200,0.26499998569488525,0.26999998092651367,-3.5072124004364014,-3.673095226287842,2.7128372654021926,8.531081199645996
B,6,-20,only_T2,200,0.0,0.9950000047683716,-6.40289306640625,-0.4716258943080902,0.0,8.531081199645996
B,6,-20,only_T5,200,0.0,0.9950000047683716,-6.40289306640625,-0.4716258943080902,3.040217285317849e-15,8.531081199645996
B,6,-20,only_T10,200,0.0,0.9950000047683716,-6.40289306640625,-0.4716258943080902,1.5185114612594788e-15,8.531081199645996
B,6,-20,only_T100,200,0.19499999284744263,0.39499998092651367,-3.613007068634033,-2.4792990684509277,2.591559400683675,8.531081199645996
B,6,-20,only_lin,200,0.05999999865889549,0.5299999713897705,-5.09316349029541,-1.6737791299819946,1.680070085087813,8.531081199645996
B,6,-20,random_orth,200,0.0,0.9649999737739563,-6.36179780960083,-0.5113754868507385,2.7128372654021926,8.531081199645996
B,6,-20,real_diff_in_helix_subspace,200,0.2800000011920929,0.28999999165534973,-3.3030459880828857,-3.890730619430542,2.8592685119713224,8.531081199645996
B,6,-20,full_swap,200,0.9449999928474426,0.004999999888241291,-0.4611147344112396,-7.543436050415039,6.206449508666992,8.531081199645996
B,7,-20,helix,200,0.25999999046325684,0.26499998569488525,-3.5034544467926025,-3.65018367767334,2.8787461505440275,9.296527862548828
B,7,-20,only_T2,200,0.0,0.9950000047683716,-6.40289306640625,-0.4716258943080902,0.0,9.296527862548828
B,7,-20,only_T5,200,0.0,0.9950000047683716,-6.40289306640625,-0.4716258943080902,3.1716201695358796e-15,9.296527862548828
B,7,-20,only_T10,200,0.0,0.9950000047683716,-6.40289306640625,-0.4716258943080902,1.597422524921024e-15,9.296527862548828
B,7,-20,only_T100,200,0.19999998807907104,0.375,-3.595961332321167,-2.5325732231140137,2.740354617124358,9.296527862548828
B,7,-20,only_lin,200,0.06499999761581421,0.5,-5.044730186462402,-1.7464922666549683,1.782203734174784,9.296527862548828
B,7,-20,random_orth,200,0.0,0.9649999737739563,-6.335693836212158,-0.5281903743743896,2.8787461505440275,9.296527862548828
B,7,-20,real_diff_in_helix_subspace,200,0.2750000059604645,0.28999999165534973,-3.3391523361206055,-3.875577211380005,3.0359113810363603,9.296527862548828
B,7,-20,full_swap,200,0.9449999928474426,0.004999999888241291,-0.467721551656723,-7.516112327575684,6.586516857147217,9.296527862548828
B,8,-20,helix,200,0.25999999046325684,0.2800000011920929,-3.5428764820098877,-3.583718776702881,3.053648825679511,10.475484848022461
B,8,-20,only_T2,200,0.0,0.9950000047683716,-6.40289306640625,-0.4716258943080902,0.0,10.475484848022461
B,8,-20,only_T5,200,0.0,0.9950000047683716,-6.40289306640625,-0.4716258943080902,3.324949498276992e-15,10.475484848022461
B,8,-20,only_T10,200,0.0,0.9950000047683716,-6.40289306640625,-0.4716258943080902,1.6830441642299856e-15,10.475484848022461
B,8,-20,only_T100,200,0.19999998807907104,0.3799999952316284,-3.653965950012207,-2.4990010261535645,2.9033265407294304,10.475484848022461
B,8,-20,only_lin,200,0.054999999701976776,0.5199999809265137,-5.079164505004883,-1.7081025838851929,1.9146715601818602,10.475484848022461
B,8,-20,random_orth,200,0.0,0.9350000023841858,-6.3559250831604,-0.5173532366752625,3.053648825679511,10.475484848022461
B,8,-20,real_diff_in_helix_subspace,200,0.26999998092651367,0.3050000071525574,-3.454127311706543,-3.861455202102661,3.2431575659279166,10.475484848022461
B,8,-20,full_swap,200,0.9449999928474426,0.0,-0.46867501735687256,-7.497447967529297,7.0548415184021,10.475484848022461
B,9,-20,helix,200,0.2549999952316284,0.26999998092651367,-3.551568031311035,-3.5812504291534424,3.12777791973513,11.357913970947266
B,9,-20,only_T2,200,0.0,0.9950000047683716,-6.40289306640625,-0.4716258943080902,0.0,11.357913970947266
B,9,-20,only_T5,200,0.0,0.9950000047683716,-6.40289306640625,-0.4716258943080902,3.418144362963799e-15,11.357913970947266
B,9,-20,only_T10,200,0.0,0.9950000047683716,-6.40289306640625,-0.4716258943080902,1.7280442332963993e-15,11.357913970947266
B,9,-20,only_T100,200,0.19499999284744263,0.3700000047683716,-3.6722967624664307,-2.5353400707244873,2.973597213281727,11.357913970947266
B,9,-20,only_lin,200,0.06499999761581421,0.48499998450279236,-5.048998832702637,-1.7165595293045044,1.9755529333356034,11.357913970947266
B,9,-20,random_orth,200,0.0,0.9549999833106995,-6.344399452209473,-0.491775780916214,3.12777791973513,11.357913970947266
B,9,-20,real_diff_in_helix_subspace,200,0.26999998092651367,0.3100000023841858,-3.4705145359039307,-3.8608031272888184,3.337450700220519,11.357913970947266
B,9,-20,full_swap,200,0.949999988079071,0.0,-0.46960633993148804,-7.497486591339111,7.3045334815979,11.357913970947266
B,10,-20,helix,200,0.25999999046325684,0.2849999964237213,-3.5536491870880127,-3.53444504737854,3.2485515538831424,11.85397720336914
B,10,-20,only_T2,200,0.0,0.9950000047683716,-6.40289306640625,-0.4716258943080902,0.0,11.85397720336914
B,10,-20,only_T5,200,0.0,0.9950000047683716,-6.40289306640625,-0.4716258943080902,3.609024656426972e-15,11.85397720336914
B,10,-20,only_T10,200,0.0,0.9950000047683716,-6.40289306640625,-0.4716258943080902,1.8707519446841116e-15,11.85397720336914
B,10,-20,only_T100,200,0.1850000023841858,0.3700000047683716,-3.672868013381958,-2.5519163608551025,3.0792368474430396,11.85397720336914
B,10,-20,only_lin,200,0.054999999701976776,0.4749999940395355,-5.04995059967041,-1.732922911643982,2.058452363300649,11.85397720336914
B,10,-20,random_orth,200,0.0,0.9749999642372131,-6.3419108390808105,-0.5041428804397583,3.248551553883143,11.85397720336914
B,10,-20,real_diff_in_helix_subspace,200,0.25,0.3100000023841858,-3.5166497230529785,-3.88832688331604,3.495418757371783,11.85397720336914
B,10,-20,full_swap,200,0.949999988079071,0.0,-0.46840423345565796,-7.490586757659912,7.6959147453308105,11.85397720336914
B,11,-20,helix,200,0.26499998569488525,0.3050000071525574,-3.6335625648498535,-3.333787202835083,3.395771254649202,12.82040786743164
B,11,-20,only_T2,200,0.0,0.9950000047683716,-6.40289306640625,-0.4716258943080902,0.0,12.82040786743164
B,11,-20,only_T5,200,0.0,0.9950000047683716,-6.40289306640625,-0.4716258943080902,3.927179717482197e-15,12.82040786743164
B,11,-20,only_T10,200,0.0,0.9950000047683716,-6.40289306640625,-0.4716258943080902,2.0562443210948424e-15,12.82040786743164
B,11,-20,only_T100,200,0.19499999284744263,0.3700000047683716,-3.787391185760498,-2.436239242553711,3.204953217695165,12.82040786743164
B,11,-20,only_lin,200,0.04999999701976776,0.5,-5.130115985870361,-1.6450659036636353,2.18698417324724,12.82040786743164
B,11,-20,random_orth,200,0.0,0.9699999690055847,-6.352264404296875,-0.49623191356658936,3.395771254649202,12.82040786743164
B,11,-20,real_diff_in_helix_subspace,200,0.2549999952316284,0.3149999976158142,-3.6302201747894287,-3.8305485248565674,3.7080396183361457,12.82040786743164
B,11,-20,full_swap,200,0.9399999976158142,0.004999999888241291,-0.46081119775772095,-7.373431205749512,8.102161407470703,12.82040786743164
B,12,-20,helix,200,0.1899999976158142,0.38999998569488525,-3.8452751636505127,-2.603231191635132,3.5338788021469543,13.599909782409668
B,12,-20,only_T2,200,0.0,0.9950000047683716,-6.40289306640625,-0.4716258943080902,0.0,13.599909782409668
B,12,-20,only_T5,200,0.0,0.9950000047683716,-6.40289306640625,-0.4716258943080902,4.396771851306254e-15,13.599909782409668
B,12,-20,only_T10,200,0.0,0.9950000047683716,-6.40289306640625,-0.4716258943080902,2.296430356493163e-15,13.599909782409668
B,12,-20,only_T100,200,0.13499999046325684,0.5049999952316284,-4.126957893371582,-1.9648473262786865,3.345626630243503,13.599909782409668
B,12,-20,only_lin,200,0.03999999910593033,0.6150000095367432,-5.434301853179932,-1.2780293226242065,2.3144347769524996,13.599909782409668
B,12,-20,random_orth,200,0.0,0.9699999690055847,-6.354472637176514,-0.4913003742694855,3.5338788021469543,13.599909782409668
B,12,-20,real_diff_in_helix_subspace,200,0.23999999463558197,0.3700000047683716,-3.7255325317382812,-3.0597217082977295,3.9049039293773107,13.599909782409668
B,12,-20,full_swap,200,0.9399999976158142,0.004999999888241291,-0.5171672701835632,-6.7314958572387695,8.609268188476562,13.599909782409668
B,13,-20,helix,200,0.16499999165534973,0.429999977350235,-3.9547080993652344,-2.3963541984558105,3.8022093546428266,14.536883354187012
B,13,-20,only_T2,200,0.0,0.9950000047683716,-6.40289306640625,-0.4716258943080902,0.0,14.536883354187012
B,13,-20,only_T5,200,0.0,0.9950000047683716,-6.40289306640625,-0.4716258943080902,4.740656808021537e-15,14.536883354187012
B,13,-20,only_T10,200,0.0,0.9950000047683716,-6.40289306640625,-0.4716258943080902,2.523430338700005e-15,14.536883354187012
B,13,-20,only_T100,200,0.11999999731779099,0.550000011920929,-4.219854831695557,-1.8591842651367188,3.5869917905169064,14.536883354187012
B,13,-20,only_lin,200,0.029999999329447746,0.6649999618530273,-5.48545503616333,-1.2216991186141968,2.530816410479973,14.536883354187012
B,13,-20,random_orth,200,0.0,0.9649999737739563,-6.375561237335205,-0.4826641082763672,3.8022093546428266,14.536883354187012
B,13,-20,real_diff_in_helix_subspace,200,0.22499999403953552,0.375,-3.7552261352539062,-2.8698904514312744,4.280328905047171,14.536883354187012
B,13,-20,full_swap,200,0.85999995470047,0.009999999776482582,-0.6684927344322205,-6.256004333496094,9.226595878601074,14.536883354187012
B,14,-20,helix,200,0.0949999988079071,0.5349999666213989,-4.424548149108887,-1.6831165552139282,3.9396919109862427,16.079797744750977
B,14,-20,only_T2,200,0.0,0.9950000047683716,-6.40289306640625,-0.4716258943080902,0.0,16.079797744750977
B,14,-20,only_T5,200,0.0,0.9950000047683716,-6.40289306640625,-0.4716258943080902,4.9288763591269814e-15,16.079797744750977
B,14,-20,only_T10,200,0.0,0.9950000047683716,-6.40289306640625,-0.4716258943080902,2.6241421246980663e-15,16.079797744750977
B,14,-20,only_T100,200,0.08500000089406967,0.6399999856948853,-4.679049491882324,-1.2848913669586182,3.703234991177459,16.079797744750977
B,14,-20,only_lin,200,0.014999999664723873,0.7249999642372131,-5.682817459106445,-0.9976646900177002,2.6811350632007374,16.079797744750977
B,14,-20,random_orth,200,0.0,0.9799999594688416,-6.378261566162109,-0.4787803590297699,3.9396919109862427,16.079797744750977
B,14,-20,real_diff_in_helix_subspace,200,0.16499999165534973,0.4399999976158142,-4.249927043914795,-2.027557611465454,4.5084641598084705,16.079797744750977
B,14,-20,full_swap,200,0.675000011920929,0.03999999910593033,-1.214660406112671,-4.936315059661865,9.617839813232422,16.079797744750977
B,15,-20,helix,200,0.08500000089406967,0.5450000166893005,-4.496277332305908,-1.6098312139511108,4.393171994745306,17.414735794067383
B,15,-20,only_T2,200,0.0,0.9950000047683716,-6.40289306640625,-0.4716258943080902,0.0,17.414735794067383
B,15,-20,only_T5,200,0.0,0.9950000047683716,-6.40289306640625,-0.4716258943080902,5.38596463682625e-15,17.414735794067383
B,15,-20,only_T10,200,0.0,0.9950000047683716,-6.40289306640625,-0.4716258943080902,2.779861747402421e-15,17.414735794067383
B,15,-20,only_T100,200,0.07000000029802322,0.6549999713897705,-4.69879150390625,-1.2608057260513306,4.138967269667768,17.414735794067383
B,15,-20,only_lin,200,0.009999999776482582,0.7599999904632568,-5.740638256072998,-0.9588064551353455,2.9236564191174574,17.414735794067383
B,15,-20,random_orth,200,0.0,0.9799999594688416,-6.377220153808594,-0.48030707240104675,4.393171994745306,17.414735794067383
B,15,-20,real_diff_in_helix_subspace,200,0.1550000011920929,0.44999998807907104,-4.315235614776611,-2.0240418910980225,5.035026237949228,17.414735794067383
B,15,-20,full_swap,200,0.6549999713897705,0.03999999910593033,-1.2868025302886963,-4.862351417541504,10.350223541259766,17.414735794067383
B,16,-20,helix,200,0.07999999821186066,0.5799999833106995,-4.6683807373046875,-1.453033208847046,4.893995887076352,19.272428512573242
B,16,-20,only_T2,200,0.0,0.9950000047683716,-6.40289306640625,-0.4716258943080902,0.0,19.272428512573242
B,16,-20,only_T5,200,0.0,0.9950000047683716,-6.40289306640625,-0.4716258943080902,6.120449909864843e-15,19.272428512573242
B,16,-20,only_T10,200,0.0,0.9950000047683716,-6.40289306640625,-0.4716258943080902,3.1911845278962246e-15,19.272428512573242
B,16,-20,only_T100,200,0.07000000029802322,0.6599999666213989,-4.818687915802002,-1.2080209255218506,4.6154043698598635,19.272428512573242
B,16,-20,only_lin,200,0.009999999776482582,0.7999999523162842,-5.842834949493408,-0.8760636448860168,3.2276104770700904,19.272428512573242
B,16,-20,random_orth,200,0.0,0.9950000047683716,-6.378599643707275,-0.47275930643081665,4.893995887076352,19.272428512573242
B,16,-20,real_diff_in_helix_subspace,200,0.13499999046325684,0.4699999988079071,-4.425671577453613,-1.8928569555282593,5.65242306749406,19.272428512573242
B,16,-20,full_swap,200,0.6150000095367432,0.07000000029802322,-1.452443242073059,-4.582125186920166,11.561105728149414,19.272428512573242
B,17,-20,helix,200,0.03999999910593033,0.6949999928474426,-5.077319145202637,-1.0756222009658813,5.237606130357316,21.11406707763672
B,17,-20,only_T2,200,0.0,0.9950000047683716,-6.40289306640625,-0.4716258943080902,0.0,21.11406707763672
B,17,-20,only_T5,200,0.0,0.9950000047683716,-6.40289306640625,-0.4716258943080902,6.501402428871184e-15,21.11406707763672
B,17,-20,only_T10,200,0.0,0.9950000047683716,-6.40289306640625,-0.4716258943080902,3.4291952342153377e-15,21.11406707763672
B,17,-20,only_T100,200,0.03999999910593033,0.75,-5.238247394561768,-0.9140821695327759,4.926475706240152,21.11406707763672
B,17,-20,only_lin,200,0.004999999888241291,0.8349999785423279,-5.949599266052246,-0.752327024936676,3.4301713019370665,21.11406707763672
B,17,-20,random_orth,200,0.004999999888241291,0.9549999833106995,-6.39489221572876,-0.490740031003952,5.237606130357316,21.11406707763672
B,17,-20,real_diff_in_helix_subspace,200,0.07999999821186066,0.5799999833106995,-4.856243133544922,-1.3628417253494263,6.082551030648955,21.11406707763672
B,17,-20,full_swap,200,0.45499998331069946,0.14499999582767487,-2.1840431690216064,-3.3857104778289795,12.316864967346191,21.11406707763672
B,18,-20,helix,200,0.02499999850988388,0.7849999666213989,-5.395589351654053,-0.8350539207458496,5.4872266242687076,22.6186466217041
B,18,-20,only_T2,200,0.0,0.9950000047683716,-6.40289306640625,-0.4716258943080902,0.0,22.6186466217041
B,18,-20,only_T5,200,0.0,0.9950000047683716,-6.40289306640625,-0.4716258943080902,6.844215638980649e-15,22.6186466217041
B,18,-20,only_T10,200,0.0,0.9950000047683716,-6.40289306640625,-0.4716258943080902,3.612785505486616e-15,22.6186466217041
B,18,-20,only_T100,200,0.019999999552965164,0.8100000023841858,-5.469327449798584,-0.7970874905586243,5.147732509767161,22.6186466217041
B,18,-20,only_lin,200,0.0,0.8999999761581421,-6.104893684387207,-0.6356050372123718,3.6100038672411894,22.6186466217041
B,18,-20,random_orth,200,0.0,0.9799999594688416,-6.400106430053711,-0.47446227073669434,5.4872266242687076,22.6186466217041
B,18,-20,real_diff_in_helix_subspace,200,0.03500000014901161,0.6549999713897705,-5.206578731536865,-1.0589962005615234,6.442844309504345,22.6186466217041
B,18,-20,full_swap,200,0.3799999952316284,0.2549999952316284,-2.644883394241333,-2.6534979343414307,13.026103973388672,22.6186466217041
B,19,-20,helix,200,0.0,0.9799999594688416,-6.197241306304932,-0.4900095760822296,5.777012449690881,24.782114028930664
B,19,-20,only_T2,200,0.0,0.9950000047683716,-6.40289306640625,-0.4716258943080902,0.0,24.782114028930664
B,19,-20,only_T5,200,0.0,0.9950000047683716,-6.40289306640625,-0.4716258943080902,7.267412931536242e-15,24.782114028930664
B,19,-20,only_T10,200,0.0,0.9950000047683716,-6.40289306640625,-0.4716258943080902,3.827973405791231e-15,24.782114028930664
B,19,-20,only_T100,200,0.0,0.9799999594688416,-6.267618179321289,-0.4695338010787964,5.394549586940372,24.782114028930664
B,19,-20,only_lin,200,0.0,0.98499995470047,-6.342800617218018,-0.49236860871315,3.8616419938970994,24.782114028930664
B,19,-20,random_orth,200,0.0,0.9950000047683716,-6.405653476715088,-0.471035361289978,5.777012449690881,24.782114028930664
B,19,-20,real_diff_in_helix_subspace,200,0.0,0.9749999642372131,-6.148556232452393,-0.4991501271724701,6.867181359636613,24.782114028930664
B,19,-20,full_swap,200,0.0,0.9599999785423279,-5.985302448272705,-0.4966510236263275,13.749828338623047,24.782114028930664
B,20,-20,helix,200,0.0,0.98499995470047,-6.197268486022949,-0.4888474941253662,6.11811174164322,26.769575119018555
B,20,-20,only_T2,200,0.0,0.9950000047683716,-6.40289306640625,-0.4716258943080902,0.0,26.769575119018555
B,20,-20,only_T5,200,0.0,0.9950000047683716,-6.40289306640625,-0.4716258943080902,7.642864515597231e-15,26.769575119018555
B,20,-20,only_T10,200,0.0,0.9950000047683716,-6.40289306640625,-0.4716258943080902,4.032016943601176e-15,26.769575119018555
B,20,-20,only_T100,200,0.0,0.98499995470047,-6.271708965301514,-0.4681101441383362,5.726572000100626,26.769575119018555
B,20,-20,only_lin,200,0.0,0.98499995470047,-6.33622932434082,-0.4936743676662445,4.083862490199245,26.769575119018555
B,20,-20,random_orth,200,0.0,0.9950000047683716,-6.410182952880859,-0.4704955816268921,6.11811174164322,26.769575119018555
B,20,-20,real_diff_in_helix_subspace,200,0.0,0.9799999594688416,-6.144261360168457,-0.4977048337459564,7.309331739347881,26.769575119018555
B,20,-20,full_swap,200,0.0,0.9599999785423279,-5.97694730758667,-0.49935469031333923,14.522543907165527,26.769575119018555
B,21,-20,helix,200,0.0,0.9950000047683716,-6.211479187011719,-0.48260146379470825,6.407542723296306,28.568830490112305
B,21,-20,only_T2,200,0.0,0.9950000047683716,-6.40289306640625,-0.4716258943080902,0.0,28.568830490112305
B,21,-20,only_T5,200,0.0,0.9950000047683716,-6.40289306640625,-0.4716258943080902,7.951124714044026e-15,28.568830490112305
B,21,-20,only_T10,200,0.0,0.9950000047683716,-6.40289306640625,-0.4716258943080902,4.250540338820476e-15,28.568830490112305
B,21,-20,only_T100,200,0.0,0.9950000047683716,-6.2879319190979,-0.4638824462890625,5.982115384234678,28.568830490112305
B,21,-20,only_lin,200,0.0,0.98499995470047,-6.344693660736084,-0.48916205763816833,4.305383334436485,28.568830490112305
B,21,-20,random_orth,200,0.0,0.9950000047683716,-6.401520252227783,-0.47133031487464905,6.407542723296306,28.568830490112305
B,21,-20,real_diff_in_helix_subspace,200,0.0,0.98499995470047,-6.166104793548584,-0.49226468801498413,7.742211879089547,28.568830490112305
B,21,-20,full_swap,200,0.0,0.9699999690055847,-6.052826881408691,-0.4822746217250824,15.252175331115723,28.568830490112305
B,22,-20,helix,200,0.0,0.9899999499320984,-6.210361003875732,-0.4854653775691986,6.690308894138148,30.52898597717285
B,22,-20,only_T2,200,0.0,0.9950000047683716,-6.40289306640625,-0.4716258943080902,0.0,30.52898597717285
B,22,-20,only_T5,200,0.0,0.9950000047683716,-6.40289306640625,-0.4716258943080902,8.303727563957877e-15,30.52898597717285
B,22,-20,only_T10,200,0.0,0.9950000047683716,-6.40289306640625,-0.4716258943080902,4.48334487635703e-15,30.52898597717285
B,22,-20,only_T100,200,0.0,0.9950000047683716,-6.287458896636963,-0.4658750891685486,6.24270715226671,30.52898597717285
B,22,-20,only_lin,200,0.0,0.98499995470047,-6.343754768371582,-0.4902532994747162,4.54184882145963,30.52898597717285
B,22,-20,random_orth,200,0.0,0.9950000047683716,-6.3990478515625,-0.4743398427963257,6.6903088941381474,30.52898597717285
B,22,-20,real_diff_in_helix_subspace,200,0.0,0.98499995470047,-6.164822101593018,-0.495937705039978,8.169115099530861,30.52898597717285
B,22,-20,full_swap,200,0.0,0.9799999594688416,-6.04797887802124,-0.48522815108299255,16.008481979370117,30.52898597717285
B,23,-20,helix,200,0.0,0.9799999594688416,-6.38007926940918,-0.47375547885894775,6.98246323324785,32.255123138427734
B,23,-20,only_T2,200,0.0,0.9950000047683716,-6.40289306640625,-0.4716258943080902,0.0,32.255123138427734
B,23,-20,only_T5,200,0.0,0.9950000047683716,-6.40289306640625,-0.4716258943080902,8.692387946341354e-15,32.255123138427734
B,23,-20,only_T10,200,0.0,0.9950000047683716,-6.40289306640625,-0.4716258943080902,4.724321631106823e-15,32.255123138427734
B,23,-20,only_T100,200,0.0,0.9950000047683716,-6.374300003051758,-0.4711202085018158,6.509305494600999,32.255123138427734
B,23,-20,only_lin,200,0.0,0.9899999499320984,-6.4114670753479,-0.47505050897598267,4.745006269890419,32.255123138427734
B,23,-20,random_orth,200,0.0,0.9950000047683716,-6.406672954559326,-0.47108063101768494,6.98246323324785,32.255123138427734
B,23,-20,real_diff_in_helix_subspace,200,0.0,0.9799999594688416,-6.369088649749756,-0.4793778359889984,8.592474055376282,32.255123138427734
B,23,-20,full_swap,200,0.0,0.9799999594688416,-6.360378742218018,-0.4786106050014496,16.76946449279785,32.255123138427734
B,24,-20,helix,200,0.0,1.0,-6.385387897491455,-0.4738134741783142,7.240413664906568,33.56144714355469
B,24,-20,only_T2,200,0.0,0.9950000047683716,-6.40289306640625,-0.4716258943080902,0.0,33.56144714355469
B,24,-20,only_T5,200,0.0,0.9950000047683716,-6.40289306640625,-0.4716258943080902,9.002374087649592e-15,33.56144714355469
B,24,-20,only_T10,200,0.0,0.9950000047683716,-6.40289306640625,-0.4716258943080902,4.908890737059442e-15,33.56144714355469
B,24,-20,only_T100,200,0.0,1.0,-6.393365383148193,-0.47028911113739014,6.737749615303673,33.56144714355469
B,24,-20,only_lin,200,0.0,0.9899999499320984,-6.400854110717773,-0.47429075837135315,4.96445197730862,33.56144714355469
B,24,-20,random_orth,200,0.0,0.9950000047683716,-6.404763698577881,-0.47273513674736023,7.240413664906568,33.56144714355469
B,24,-20,real_diff_in_helix_subspace,200,0.0,0.9950000047683716,-6.375059127807617,-0.473782479763031,8.990945679777377,33.56144714355469
B,24,-20,full_swap,200,0.0,0.9950000047683716,-6.371983051300049,-0.4745681583881378,17.46865463256836,33.56144714355469
B,25,-20,helix,200,0.0,1.0,-6.380624771118164,-0.47354185581207275,7.432285301234279,35.511924743652344
B,25,-20,only_T2,200,0.0,0.9950000047683716,-6.40289306640625,-0.4716258943080902,0.0,35.511924743652344
B,25,-20,only_T5,200,0.0,0.9950000047683716,-6.40289306640625,-0.4716258943080902,9.292513221899034e-15,35.511924743652344
B,25,-20,only_T10,200,0.0,0.9950000047683716,-6.40289306640625,-0.4716258943080902,5.079752275399776e-15,35.511924743652344
B,25,-20,only_T100,200,0.0,1.0,-6.390729904174805,-0.47140562534332275,6.904382502112294,35.511924743652344
B,25,-20,only_lin,200,0.0,0.9950000047683716,-6.39707612991333,-0.47349005937576294,5.170102435842396,35.511924743652344
B,25,-20,random_orth,200,0.0,0.9950000047683716,-6.405280590057373,-0.47376230359077454,7.432285301234279,35.511924743652344
B,25,-20,real_diff_in_helix_subspace,200,0.0,1.0,-6.3744354248046875,-0.4741595983505249,9.333115570749092,35.511924743652344
B,25,-20,full_swap,200,0.0,0.9950000047683716,-6.372751235961914,-0.4744112193584442,18.106550216674805,35.511924743652344
B,26,-20,helix,200,0.0,1.0,-6.387206077575684,-0.47332778573036194,7.62629949229788,37.049896240234375
B,26,-20,only_T2,200,0.0,0.9950000047683716,-6.40289306640625,-0.4716258943080902,0.0,37.049896240234375
B,26,-20,only_T5,200,0.0,0.9950000047683716,-6.40289306640625,-0.4716258943080902,9.539081010004341e-15,37.049896240234375
B,26,-20,only_T10,200,0.0,0.9950000047683716,-6.40289306640625,-0.4716258943080902,5.2867305656864925e-15,37.049896240234375
B,26,-20,only_T100,200,0.0,1.0,-6.392709255218506,-0.47077518701553345,7.081048065811543,37.049896240234375
B,26,-20,only_lin,200,0.0,0.9899999499320984,-6.401284217834473,-0.4747755229473114,5.378140067417063,37.049896240234375
B,26,-20,random_orth,200,0.0,0.9950000047683716,-6.408474445343018,-0.47140079736709595,7.62629949229788,37.049896240234375
B,26,-20,real_diff_in_helix_subspace,200,0.0,1.0,-6.378689289093018,-0.47467005252838135,9.692324953674142,37.049896240234375
B,26,-20,full_swap,200,0.0,0.9950000047683716,-6.377493858337402,-0.4749160706996918,18.740461349487305,37.049896240234375
B,27,-20,helix,200,0.0,0.9950000047683716,-6.389070987701416,-0.47674140334129333,7.756775397875417,38.68863296508789
B,27,-20,only_T2,200,0.0,0.9950000047683716,-6.40289306640625,-0.4716258943080902,0.0,38.68863296508789
B,27,-20,only_T5,200,0.0,0.9950000047683716,-6.40289306640625,-0.4716258943080902,9.728355932124509e-15,38.68863296508789
B,27,-20,only_T10,200,0.0,0.9950000047683716,-6.40289306640625,-0.4716258943080902,5.3780351110796384e-15,38.68863296508789
B,27,-20,only_T100,200,0.0,0.9950000047683716,-6.3911309242248535,-0.4747960567474365,7.197853362356281,38.68863296508789
B,27,-20,only_lin,200,0.0,0.9950000047683716,-6.401033878326416,-0.47404369711875916,5.547371920865107,38.68863296508789
B,27,-20,random_orth,200,0.0,0.9950000047683716,-6.4065704345703125,-0.47248587012290955,7.756775397875417,38.68863296508789
B,27,-20,real_diff_in_helix_subspace,200,0.0,0.9950000047683716,-6.388383865356445,-0.4782133400440216,9.926300416529415,38.68863296508789
B,27,-20,full_swap,200,0.0,1.0,-6.389707088470459,-0.4799436032772064,19.186630249023438,38.68863296508789
B,28,-20,helix,200,0.0,0.9950000047683716,-6.389919281005859,-0.4766693115234375,7.874490061708233,41.468868255615234
B,28,-20,only_T2,200,0.0,0.9950000047683716,-6.40289306640625,-0.4716258943080902,0.0,41.468868255615234
B,28,-20,only_T5,200,0.0,0.9950000047683716,-6.40289306640625,-0.4716258943080902,9.919584110523003e-15,41.468868255615234
B,28,-20,only_T10,200,0.0,0.9950000047683716,-6.40289306640625,-0.4716258943080902,5.570787222368158e-15,41.468868255615234
B,28,-20,only_T100,200,0.0,0.9950000047683716,-6.390350341796875,-0.4750770330429077,7.30451858451063,41.468868255615234
B,28,-20,only_lin,200,0.0,0.9950000047683716,-6.402833938598633,-0.4729550778865814,5.703954903700629,41.468868255615234
B,28,-20,random_orth,200,0.0,0.9950000047683716,-6.402195453643799,-0.4722699522972107,7.874490061708234,41.468868255615234
B,28,-20,real_diff_in_helix_subspace,200,0.0,0.9950000047683716,-6.389506816864014,-0.4772455096244812,10.343516862913429,41.468868255615234
B,28,-20,full_swap,200,0.0,1.0,-6.390348434448242,-0.47984299063682556,19.838842391967773,41.468868255615234
B,29,-20,helix,200,0.0,0.9950000047683716,-6.403005599975586,-0.4714031517505646,8.091521619162897,50.182373046875
B,29,-20,only_T2,200,0.0,0.9950000047683716,-6.40289306640625,-0.4716258943080902,0.0,50.182373046875
B,29,-20,only_T5,200,0.0,0.9950000047683716,-6.40289306640625,-0.4716258943080902,1.018640124209275e-14,50.182373046875
B,29,-20,only_T10,200,0.0,0.9950000047683716,-6.40289306640625,-0.4716258943080902,5.844093282973803e-15,50.182373046875
B,29,-20,only_T100,200,0.0,0.9950000047683716,-6.399009704589844,-0.4722864031791687,7.490166875693023,50.182373046875
B,29,-20,only_lin,200,0.0,0.9950000047683716,-6.408106327056885,-0.47107088565826416,5.932009541260783,50.182373046875
B,29,-20,random_orth,200,0.0,0.9950000047683716,-6.404101371765137,-0.4716259241104126,8.091521619162897,50.182373046875
B,29,-20,real_diff_in_helix_subspace,200,0.0,0.9950000047683716,-6.403872489929199,-0.4710233211517334,11.083174953688548,50.182373046875
B,29,-20,full_swap,200,0.0,0.9950000047683716,-6.403170108795166,-0.47082704305648804,20.86294937133789,50.182373046875
B,30,-20,helix,200,0.0,0.9950000047683716,-6.404086589813232,-0.4703000485897064,8.336813293241844,62.45877456665039
B,30,-20,only_T2,200,0.0,0.9950000047683716,-6.40289306640625,-0.4716258943080902,0.0,62.45877456665039
B,30,-20,only_T5,200,0.0,0.9950000047683716,-6.40289306640625,-0.4716258943080902,1.0493511106461473e-14,62.45877456665039
B,30,-20,only_T10,200,0.0,0.9950000047683716,-6.40289306640625,-0.4716258943080902,6.217245588708054e-15,62.45877456665039
B,30,-20,only_T100,200,0.0,0.9950000047683716,-6.399555683135986,-0.47213226556777954,7.698940908243685,62.45877456665039
B,30,-20,only_lin,200,0.0,0.9950000047683716,-6.408281326293945,-0.46964094042778015,6.234187128802279,62.45877456665039
B,30,-20,random_orth,200,0.0,0.9950000047683716,-6.4037322998046875,-0.4715316593647003,8.336813293241844,62.45877456665039
B,30,-20,real_diff_in_helix_subspace,200,0.0,0.9950000047683716,-6.404491901397705,-0.46976134181022644,11.920369655160396,62.45877456665039
B,30,-20,full_swap,200,0.0,0.9950000047683716,-6.402795314788818,-0.46983110904693604,21.95549964904785,62.45877456665039
B,31,-20,helix,200,0.0,0.9950000047683716,-6.40289306640625,-0.4716258943080902,8.766359935634275,78.09872436523438
B,31,-20,only_T2,200,0.0,0.9950000047683716,-6.40289306640625,-0.4716258943080902,0.0,78.09872436523438
B,31,-20,only_T5,200,0.0,0.9950000047683716,-6.40289306640625,-0.4716258943080902,1.0986125210831986e-14,78.09872436523438
B,31,-20,only_T10,200,0.0,0.9950000047683716,-6.40289306640625,-0.4716258943080902,6.518838105116061e-15,78.09872436523438
B,31,-20,only_T100,200,0.0,0.9950000047683716,-6.40289306640625,-0.4716258943080902,7.911837175393892,78.09872436523438
B,31,-20,only_lin,200,0.0,0.9950000047683716,-6.40289306640625,-0.4716258943080902,6.884001642971154,78.09872436523438
B,31,-20,random_orth,200,0.0,0.9950000047683716,-6.40289306640625,-0.4716258943080902,8.766359935634277,78.09872436523438
B,31,-20,real_diff_in_helix_subspace,200,0.0,0.9950000047683716,-6.40289306640625,-0.4716258943080902,12.870912205980037,78.09872436523438
B,31,-20,full_swap,200,0.0,0.9950000047683716,-6.40289306640625,-0.4716258943080902,23.09000015258789,78.09872436523438
B,0,-10,helix,200,0.17999999225139618,0.6049999594688416,-3.552608013153076,-1.313649296760559,0.9398740289542991,3.9834203720092773
B,0,-10,only_T2,200,0.0,1.0,-4.61075496673584,-0.4959518015384674,0.0,3.9834203720092773
B,0,-10,only_T5,200,0.0,1.0,-4.61075496673584,-0.4959518015384674,1.8363795858161095e-15,3.9834203720092773
B,0,-10,only_T10,200,0.0,1.0,-4.61075496673584,-0.4959518015384674,9.27137236499979e-16,3.9834203720092773
B,0,-10,only_T100,200,0.11499999463558197,0.7249999642372131,-3.9056029319763184,-0.9060195684432983,0.8921238441133852,3.9834203720092773
B,0,-10,only_lin,200,0.11999999731779099,0.7799999713897705,-4.14742374420166,-0.8164735436439514,0.4723930330417074,3.9834203720092773
B,0,-10,random_orth,200,0.0,0.9749999642372131,-4.589926242828369,-0.5063174962997437,0.939874028954299,3.9834203720092773
B,0,-10,real_diff_in_helix_subspace,200,0.19999998807907104,0.5600000023841858,-3.50647234916687,-1.6021844148635864,1.0499809860311462,3.9834203720092773
B,0,-10,full_swap,200,0.9199999570846558,0.0,-0.5998467206954956,-5.691066741943359,4.17912483215332,3.9834203720092773
B,1,-10,helix,200,0.17499999701976776,0.5949999690055847,-3.5151355266571045,-1.3568708896636963,0.9760566347750733,4.24015998840332
B,1,-10,only_T2,200,0.0,1.0,-4.61075496673584,-0.4959518015384674,0.0,4.24015998840332
B,1,-10,only_T5,200,0.0,1.0,-4.61075496673584,-0.4959518015384674,1.8267174257144377e-15,4.24015998840332
B,1,-10,only_T10,200,0.0,1.0,-4.61075496673584,-0.4959518015384674,9.19821147381918e-16,4.24015998840332
B,1,-10,only_T100,200,0.12999999523162842,0.7199999690055847,-3.8719682693481445,-0.9108389616012573,0.9152448443256708,4.24015998840332
B,1,-10,only_lin,200,0.11999999731779099,0.7749999761581421,-4.126138687133789,-0.8363272547721863,0.5013067466584165,4.24015998840332
B,1,-10,random_orth,200,0.0,0.9749999642372131,-4.618220806121826,-0.5046859383583069,0.9760566347750733,4.24015998840332
B,1,-10,real_diff_in_helix_subspace,200,0.19499999284744263,0.5600000023841858,-3.47945237159729,-1.6166188716888428,1.078637089617018,4.24015998840332
B,1,-10,full_swap,200,0.9149999618530273,0.0,-0.5915775895118713,-5.689612865447998,4.15178108215332,4.24015998840332
B,2,-10,helix,200,0.17999999225139618,0.5849999785423279,-3.5064873695373535,-1.371000051498413,1.0431277253301356,4.896387100219727
B,2,-10,only_T2,200,0.0,1.0,-4.61075496673584,-0.4959518015384674,0.0,4.896387100219727
B,2,-10,only_T5,200,0.0,1.0,-4.61075496673584,-0.4959518015384674,1.9250569609490134e-15,4.896387100219727
B,2,-10,only_T10,200,0.0,1.0,-4.61075496673584,-0.4959518015384674,9.79329916581139e-16,4.896387100219727
B,2,-10,only_T100,200,0.12999999523162842,0.7249999642372131,-3.8729755878448486,-0.9129920601844788,0.9724832172541703,4.896387100219727
B,2,-10,only_lin,200,0.11999999731779099,0.7749999761581421,-4.111189842224121,-0.8475111722946167,0.5406454621632383,4.896387100219727
B,2,-10,random_orth,200,0.0,0.98499995470047,-4.580624103546143,-0.5134758353233337,1.0431277253301356,4.896387100219727
B,2,-10,real_diff_in_helix_subspace,200,0.19499999284744263,0.5600000023841858,-3.4733171463012695,-1.6167702674865723,1.1536512206475458,4.896387100219727
B,2,-10,full_swap,200,0.9099999666213989,0.0,-0.5893902778625488,-5.676066875457764,4.345226287841797,4.896387100219727
B,3,-10,helix,200,0.1850000023841858,0.574999988079071,-3.484445810317993,-1.4092216491699219,1.1238128868665689,5.483112335205078
B,3,-10,only_T2,200,0.0,1.0,-4.61075496673584,-0.4959518015384674,0.0,5.483112335205078
B,3,-10,only_T5,200,0.0,1.0,-4.61075496673584,-0.4959518015384674,2.094820646007487e-15,5.483112335205078
B,3,-10,only_T10,200,0.0,1.0,-4.61075496673584,-0.4959518015384674,1.0568725597113419e-15,5.483112335205078
B,3,-10,only_T100,200,0.13499999046325684,0.7199999690055847,-3.854996919631958,-0.9374653697013855,1.0328766089748478,5.483112335205078
B,3,-10,only_lin,200,0.11999999731779099,0.7649999856948853,-4.09490966796875,-0.853514552116394,0.5998752907958086,5.483112335205078
B,3,-10,random_orth,200,0.004999999888241291,0.9799999594688416,-4.589251518249512,-0.5112606287002563,1.1238128868665689,5.483112335205078
B,3,-10,real_diff_in_helix_subspace,200,0.20999999344348907,0.5550000071525574,-3.469367027282715,-1.6451146602630615,1.2484475523371217,5.483112335205078
B,3,-10,full_swap,200,0.9099999666213989,0.0,-0.5880027413368225,-5.6753973960876465,4.543307304382324,5.483112335205078
B,4,-10,helix,200,0.19999998807907104,0.574999988079071,-3.471341133117676,-1.4376661777496338,1.2654583776699928,6.49334716796875
B,4,-10,only_T2,200,0.0,1.0,-4.61075496673584,-0.4959518015384674,0.0,6.49334716796875
B,4,-10,only_T5,200,0.0,1.0,-4.61075496673584,-0.4959518015384674,2.2678823537450217e-15,6.49334716796875
B,4,-10,only_T10,200,0.0,1.0,-4.61075496673584,-0.4959518015384674,1.1527278033243288e-15,6.49334716796875
B,4,-10,only_T100,200,0.14000000059604645,0.7149999737739563,-3.834437847137451,-0.9601171016693115,1.1517152000403743,6.49334716796875
B,4,-10,only_lin,200,0.125,0.7599999904632568,-4.095170497894287,-0.8567532300949097,0.6753558836099907,6.49334716796875
B,4,-10,random_orth,200,0.004999999888241291,0.98499995470047,-4.609192848205566,-0.5132233500480652,1.2654583776699928,6.49334716796875
B,4,-10,real_diff_in_helix_subspace,200,0.2199999988079071,0.5399999618530273,-3.451906442642212,-1.6908347606658936,1.4168609444028937,6.49334716796875
B,4,-10,full_swap,200,0.9099999666213989,0.0,-0.5857623815536499,-5.666872501373291,4.996487617492676,6.49334716796875
B,5,-10,helix,200,0.1899999976158142,0.5699999928474426,-3.442336082458496,-1.490202784538269,1.4049555614012617,7.30923318862915
B,5,-10,only_T2,200,0.0,1.0,-4.61075496673584,-0.4959518015384674,0.0,7.30923318862915
B,5,-10,only_T5,200,0.0,1.0,-4.61075496673584,-0.4959518015384674,2.4539966436143164e-15,7.30923318862915
B,5,-10,only_T10,200,0.0,1.0,-4.61075496673584,-0.4959518015384674,1.2532015999974982e-15,7.30923318862915
B,5,-10,only_T100,200,0.14499999582767487,0.7049999833106995,-3.805274248123169,-0.998500645160675,1.2728881973005413,7.30923318862915
B,5,-10,only_lin,200,0.12999999523162842,0.7549999952316284,-4.071467399597168,-0.8767758011817932,0.7512700197963913,7.30923318862915
B,5,-10,random_orth,200,0.004999999888241291,0.9799999594688416,-4.586374282836914,-0.5149729251861572,1.4049555614012617,7.30923318862915
B,5,-10,real_diff_in_helix_subspace,200,0.2199999988079071,0.5349999666213989,-3.4488956928253174,-1.750957727432251,1.5671002350694392,7.30923318862915
B,5,-10,full_swap,200,0.8999999761581421,0.0,-0.5763545632362366,-5.669106483459473,5.454632759094238,7.30923318862915
B,6,-10,helix,200,0.1850000023841858,0.5649999976158142,-3.4320929050445557,-1.5175102949142456,1.537415432653998,8.469799995422363
B,6,-10,only_T2,200,0.0,1.0,-4.61075496673584,-0.4959518015384674,0.0,8.469799995422363
B,6,-10,only_T5,200,0.0,1.0,-4.61075496673584,-0.4959518015384674,2.6273687125357407e-15,8.469799995422363
B,6,-10,only_T10,200,0.0,1.0,-4.61075496673584,-0.4959518015384674,1.3322119724060436e-15,8.469799995422363
B,6,-10,only_T100,200,0.14499999582767487,0.7099999785423279,-3.791999340057373,-1.0034493207931519,1.3727291051768475,8.469799995422363
B,6,-10,only_lin,200,0.12999999523162842,0.75,-4.0421061515808105,-0.9067664742469788,0.8400350425439065,8.469799995422363
B,6,-10,random_orth,200,0.0,0.9899999499320984,-4.600193500518799,-0.5110777020454407,1.537415432653998,8.469799995422363
B,6,-10,real_diff_in_helix_subspace,200,0.2149999886751175,0.5149999856948853,-3.4667210578918457,-1.8282536268234253,1.7345558737963,8.469799995422363
B,6,-10,full_swap,200,0.9049999713897705,0.0,-0.5795307159423828,-5.662726402282715,5.835904121398926,8.469799995422363
B,7,-10,helix,200,0.19499999284744263,0.5550000071525574,-3.419279098510742,-1.5372575521469116,1.632208819801898,9.234360694885254
B,7,-10,only_T2,200,0.0,1.0,-4.61075496673584,-0.4959518015384674,0.0,9.234360694885254
B,7,-10,only_T5,200,0.0,1.0,-4.61075496673584,-0.4959518015384674,2.7418874418448476e-15,9.234360694885254
B,7,-10,only_T10,200,0.0,1.0,-4.61075496673584,-0.4959518015384674,1.4013072961191266e-15,9.234360694885254
B,7,-10,only_T100,200,0.14000000059604645,0.7099999785423279,-3.790933847427368,-1.0216362476348877,1.4529956149220555,9.234360694885254
B,7,-10,only_lin,200,0.14499999582767487,0.7299999594688416,-4.02191162109375,-0.9315395951271057,0.8911018670873919,9.234360694885254
B,7,-10,random_orth,200,0.009999999776482582,0.98499995470047,-4.609302043914795,-0.4992942810058594,1.632208819801898,9.234360694885254
B,7,-10,real_diff_in_helix_subspace,200,0.2149999886751175,0.5249999761581421,-3.4954605102539062,-1.870383858680725,1.8627795991403706,9.234360694885254
B,7,-10,full_swap,200,0.8999999761581421,0.0,-0.5790355205535889,-5.623902320861816,6.175868034362793,9.234360694885254
B,8,-10,helix,200,0.1850000023841858,0.550000011920929,-3.4421262741088867,-1.5179922580718994,1.7345784269778957,10.394428253173828
B,8,-10,only_T2,200,0.0,1.0,-4.61075496673584,-0.4959518015384674,0.0,10.394428253173828
B,8,-10,only_T5,200,0.0,1.0,-4.61075496673584,-0.4959518015384674,2.8690875957265763e-15,10.394428253173828
B,8,-10,only_T10,200,0.0,1.0,-4.61075496673584,-0.4959518015384674,1.4768979932575833e-15,10.394428253173828
B,8,-10,only_T100,200,0.14000000059604645,0.7149999737739563,-3.805211067199707,-1.0181745290756226,1.539464316166668,10.394428253173828
B,8,-10,only_lin,200,0.14999999105930328,0.7299999594688416,-4.032201290130615,-0.9224715828895569,0.9573357800909301,10.394428253173828
B,8,-10,random_orth,200,0.0,0.9799999594688416,-4.584768772125244,-0.5063885450363159,1.7345784269778957,10.394428253173828
B,8,-10,real_diff_in_helix_subspace,200,0.20499999821186066,0.5199999809265137,-3.568998098373413,-1.8925069570541382,1.9992073605744078,10.394428253173828
B,8,-10,full_swap,200,0.9049999713897705,0.0,-0.5791003108024597,-5.597057819366455,6.578797817230225,10.394428253173828
B,9,-10,helix,200,0.1850000023841858,0.5550000071525574,-3.4390857219696045,-1.524986743927002,1.7787993686039334,11.307245254516602
B,9,-10,only_T2,200,0.0,1.0,-4.61075496673584,-0.4959518015384674,0.0,11.307245254516602
B,9,-10,only_T5,200,0.0,1.0,-4.61075496673584,-0.4959518015384674,2.946924428432494e-15,11.307245254516602
B,9,-10,only_T10,200,0.0,1.0,-4.61075496673584,-0.4959518015384674,1.5163534431275034e-15,11.307245254516602
B,9,-10,only_T100,200,0.14499999582767487,0.7149999737739563,-3.8072144985198975,-1.031283974647522,1.5767399730825298,11.307245254516602
B,9,-10,only_lin,200,0.14999999105930328,0.7299999594688416,-4.021188259124756,-0.9285079836845398,0.9877764666678016,11.307245254516602
B,9,-10,random_orth,200,0.009999999776482582,0.98499995470047,-4.57989501953125,-0.5072365999221802,1.7787993686039334,11.307245254516602
B,9,-10,real_diff_in_helix_subspace,200,0.20499999821186066,0.5049999952316284,-3.585392951965332,-1.9039051532745361,2.073494334770681,11.307245254516602
B,9,-10,full_swap,200,0.8999999761581421,0.0,-0.5868366956710815,-5.577295780181885,6.820395469665527,11.307245254516602
B,10,-10,helix,200,0.19999998807907104,0.550000011920929,-3.4349560737609863,-1.5220962762832642,1.8480461400295929,11.83019733428955
B,10,-10,only_T2,200,0.0,1.0,-4.61075496673584,-0.4959518015384674,0.0,11.83019733428955
B,10,-10,only_T5,200,0.0,1.0,-4.61075496673584,-0.4959518015384674,3.1148885580078894e-15,11.83019733428955
B,10,-10,only_T10,200,0.0,1.0,-4.61075496673584,-0.4959518015384674,1.6402977440901687e-15,11.83019733428955
B,10,-10,only_T100,200,0.1550000011920929,0.699999988079071,-3.8061163425445557,-1.036508560180664,1.6331845805098986,11.83019733428955
B,10,-10,only_lin,200,0.14999999105930328,0.7299999594688416,-4.019299030303955,-0.9389767050743103,1.0292261816503245,11.83019733428955
B,10,-10,random_orth,200,0.004999999888241291,0.98499995470047,-4.6086907386779785,-0.4959416091442108,1.8480461400295929,11.83019733428955
B,10,-10,real_diff_in_helix_subspace,200,0.20999999344348907,0.5149999856948853,-3.614656925201416,-1.9570437669754028,2.1895678488279624,11.83019733428955
B,10,-10,full_swap,200,0.8999999761581421,0.0,-0.5856778621673584,-5.5713324546813965,7.207742214202881,11.83019733428955
B,11,-10,helix,200,0.1899999976158142,0.5799999833106995,-3.477705955505371,-1.4452803134918213,1.9321143905126394,12.83102035522461
B,11,-10,only_T2,200,0.0,1.0,-4.61075496673584,-0.4959518015384674,0.0,12.83102035522461
B,11,-10,only_T5,200,0.0,1.0,-4.61075496673584,-0.4959518015384674,3.400062819570759e-15,12.83102035522461
B,11,-10,only_T10,200,0.0,1.0,-4.61075496673584,-0.4959518015384674,1.8067860921627417e-15,12.83102035522461
B,11,-10,only_T100,200,0.14499999582767487,0.7199999690055847,-3.8396544456481934,-1.0127824544906616,1.699343869801304,12.83102035522461
B,11,-10,only_lin,200,0.14000000059604645,0.7400000095367432,-4.0560760498046875,-0.9077136516571045,1.09349208662362,12.83102035522461
B,11,-10,random_orth,200,0.009999999776482582,0.9699999690055847,-4.598964691162109,-0.5128328800201416,1.9321143905126394,12.83102035522461
B,11,-10,real_diff_in_helix_subspace,200,0.20499999821186066,0.4899999797344208,-3.6927735805511475,-1.9451086521148682,2.336595524940063,12.83102035522461
B,11,-10,full_swap,200,0.9199999570846558,0.0,-0.5663231015205383,-5.457557678222656,7.577910900115967,12.83102035522461
B,12,-10,helix,200,0.1850000023841858,0.675000011920929,-3.5821056365966797,-1.1718926429748535,2.0145992908066743,13.6438627243042
B,12,-10,only_T2,200,0.0,1.0,-4.61075496673584,-0.4959518015384674,0.0,13.6438627243042
B,12,-10,only_T5,200,0.0,1.0,-4.61075496673584,-0.4959518015384674,3.80667110122608e-15,13.6438627243042
B,12,-10,only_T10,200,0.0,1.0,-4.61075496673584,-0.4959518015384674,2.0130356010323145e-15,13.6438627243042
B,12,-10,only_T100,200,0.11499999463558197,0.7599999904632568,-3.9400107860565186,-0.8768600225448608,1.773259298734746,13.6438627243042
B,12,-10,only_lin,200,0.11999999731779099,0.8050000071525574,-4.155441761016846,-0.7777130007743835,1.1572173884762498,13.6438627243042
B,12,-10,random_orth,200,0.004999999888241291,0.98499995470047,-4.60203218460083,-0.5029776096343994,2.0145992908066743,13.6438627243042
B,12,-10,real_diff_in_helix_subspace,200,0.1899999976158142,0.5699999928474426,-3.6341841220855713,-1.513704538345337,2.4580618635077753,13.6438627243042
B,12,-10,full_swap,200,0.9099999666213989,0.009999999776482582,-0.5740793347358704,-4.825583457946777,8.094356536865234,13.6438627243042
B,13,-10,helix,200,0.17999999225139618,0.675000011920929,-3.6338114738464355,-1.1248202323913574,2.171068348727775,14.567665100097656
B,13,-10,only_T2,200,0.0,1.0,-4.61075496673584,-0.4959518015384674,0.0,14.567665100097656
B,13,-10,only_T5,200,0.0,1.0,-4.61075496673584,-0.4959518015384674,4.105777452478664e-15,14.567665100097656
B,13,-10,only_T10,200,0.0,1.0,-4.61075496673584,-0.4959518015384674,2.217557121333931e-15,14.567665100097656
B,13,-10,only_T100,200,0.11999999731779099,0.7599999904632568,-3.9806132316589355,-0.8658730387687683,1.9009917274452777,14.567665100097656
B,13,-10,only_lin,200,0.11499999463558197,0.8100000023841858,-4.175461769104004,-0.757071316242218,1.2654082052399864,14.567665100097656
B,13,-10,random_orth,200,0.0,0.9899999499320984,-4.605628967285156,-0.5007426738739014,2.1710683487277747,14.567665100097656
B,13,-10,real_diff_in_helix_subspace,200,0.1899999976158142,0.5899999737739563,-3.6129891872406006,-1.446979284286499,2.7218130960895577,14.567665100097656
B,13,-10,full_swap,200,0.8700000047683716,0.03500000014901161,-0.6354861259460449,-4.399483680725098,8.688568115234375,14.567665100097656
B,14,-10,helix,200,0.125,0.7849999666213989,-3.8110532760620117,-0.8719049096107483,2.2537990824571033,16.12378692626953
B,14,-10,only_T2,200,0.0,1.0,-4.61075496673584,-0.4959518015384674,0.0,16.12378692626953
B,14,-10,only_T5,200,0.0,1.0,-4.61075496673584,-0.4959518015384674,4.26010059088653e-15,16.12378692626953
B,14,-10,only_T10,200,0.0,1.0,-4.61075496673584,-0.4959518015384674,2.3078312278390797e-15,16.12378692626953
B,14,-10,only_T100,200,0.07999999821186066,0.8199999928474426,-4.112004280090332,-0.6966468095779419,1.963333946992342,16.12378692626953
B,14,-10,only_lin,200,0.07000000029802322,0.8700000047683716,-4.263722896575928,-0.6716749668121338,1.3405675316003682,16.12378692626953
B,14,-10,random_orth,200,0.0,0.9899999499320984,-4.608126640319824,-0.5007940530776978,2.2537990824571033,16.12378692626953
B,14,-10,real_diff_in_helix_subspace,200,0.14499999582767487,0.7099999785423279,-3.7794454097747803,-1.082339882850647,2.909112991050971,16.12378692626953
B,14,-10,full_swap,200,0.7949999570846558,0.10499999672174454,-0.9158333539962769,-3.3363866806030273,9.047957420349121,16.12378692626953
B,15,-10,helix,200,0.125,0.7899999618530273,-3.834857702255249,-0.854248046875,2.5230396330041214,17.45145034790039
B,15,-10,only_T2,200,0.0,1.0,-4.61075496673584,-0.4959518015384674,0.0,17.45145034790039
B,15,-10,only_T5,200,0.0,1.0,-4.61075496673584,-0.4959518015384674,4.6207818461456625e-15,17.45145034790039
B,15,-10,only_T10,200,0.0,1.0,-4.61075496673584,-0.4959518015384674,2.444529634591228e-15,17.45145034790039
B,15,-10,only_T100,200,0.06499999761581421,0.8199999928474426,-4.122279644012451,-0.6955841183662415,2.2083633344383573,17.45145034790039
B,15,-10,only_lin,200,0.07000000029802322,0.8799999952316284,-4.277246475219727,-0.6602491140365601,1.4618282095587287,17.45145034790039
B,15,-10,random_orth,200,0.004999999888241291,0.9950000047683716,-4.610072612762451,-0.49639755487442017,2.5230396330041214,17.45145034790039
B,15,-10,real_diff_in_helix_subspace,200,0.14999999105930328,0.7099999785423279,-3.8001561164855957,-1.11263108253479,3.2829248841524334,17.45145034790039
B,15,-10,full_swap,200,0.7749999761581421,0.11999999731779099,-0.9478344321250916,-3.288921356201172,9.683270454406738,17.45145034790039
B,16,-10,helix,200,0.10999999940395355,0.8050000071525574,-3.9156031608581543,-0.8123575448989868,2.7944048379893216,19.37880516052246
B,16,-10,only_T2,200,0.0,1.0,-4.61075496673584,-0.4959518015384674,0.0,19.37880516052246
B,16,-10,only_T5,200,0.0,1.0,-4.61075496673584,-0.4959518015384674,5.268544297801003e-15,19.37880516052246
B,16,-10,only_T10,200,0.0,1.0,-4.61075496673584,-0.4959518015384674,2.805735583314141e-15,19.37880516052246
B,16,-10,only_T100,200,0.07499999552965164,0.824999988079071,-4.179766654968262,-0.688373863697052,2.455660394461052,19.37880516052246
B,16,-10,only_lin,200,0.06499999761581421,0.8899999856948853,-4.30889892578125,-0.6368924379348755,1.6138052385350448,19.37880516052246
B,16,-10,random_orth,200,0.0,1.0,-4.610445022583008,-0.4954669773578644,2.7944048379893216,19.37880516052246
B,16,-10,real_diff_in_helix_subspace,200,0.13499999046325684,0.7299999594688416,-3.838212728500366,-1.048046350479126,3.6034895684902866,19.37880516052246
B,16,-10,full_swap,200,0.7400000095367432,0.1550000011920929,-1.0458751916885376,-3.0730504989624023,10.846965789794922,19.37880516052246
B,17,-10,helix,200,0.08999999612569809,0.8449999690055847,-4.069119930267334,-0.6853130459785461,2.9837843268090056,21.242780685424805
B,17,-10,only_T2,200,0.0,1.0,-4.61075496673584,-0.4959518015384674,0.0,21.242780685424805
B,17,-10,only_T5,200,0.0,1.0,-4.61075496673584,-0.4959518015384674,5.595773626068292e-15,21.242780685424805
B,17,-10,only_T10,200,0.0,1.0,-4.61075496673584,-0.4959518015384674,3.0171396242730004e-15,21.242780685424805
B,17,-10,only_T100,200,0.044999998062849045,0.875,-4.275157928466797,-0.6018046140670776,2.6200556182900185,21.242780685424805
B,17,-10,only_lin,200,0.04999999701976776,0.9099999666213989,-4.382203102111816,-0.5954283475875854,1.7150856509685333,21.242780685424805
B,17,-10,random_orth,200,0.0,0.9950000047683716,-4.611922740936279,-0.4965551793575287,2.9837843268090056,21.242780685424805
B,17,-10,real_diff_in_helix_subspace,200,0.10999999940395355,0.7949999570846558,-3.985602378845215,-0.8236292600631714,3.8962997079421795,21.242780685424805
B,17,-10,full_swap,200,0.6349999904632568,0.2750000059604645,-1.3979003429412842,-2.3448545932769775,11.553326606750488,21.242780685424805
B,18,-10,helix,200,0.04999999701976776,0.8999999761581421,-4.185168266296387,-0.6070018410682678,3.122720820392308,22.765039443969727
B,18,-10,only_T2,200,0.0,1.0,-4.61075496673584,-0.4959518015384674,0.0,22.765039443969727
B,18,-10,only_T5,200,0.0,1.0,-4.61075496673584,-0.4959518015384674,5.875903954320217e-15,22.765039443969727
B,18,-10,only_T10,200,0.0,1.0,-4.61075496673584,-0.4959518015384674,3.179048417736217e-15,22.765039443969727
B,18,-10,only_T100,200,0.03999999910593033,0.8999999761581421,-4.334436416625977,-0.5699304938316345,2.737398387060607,22.765039443969727
B,18,-10,only_lin,200,0.029999999329447746,0.9399999976158142,-4.442831993103027,-0.5494455099105835,1.8050019336205947,22.765039443969727
B,18,-10,random_orth,200,0.0,1.0,-4.609045505523682,-0.49492326378822327,3.122720820392308,22.765039443969727
B,18,-10,real_diff_in_helix_subspace,200,0.07000000029802322,0.8399999737739563,-4.1289591789245605,-0.716431200504303,4.162044636206445,22.765039443969727
B,18,-10,full_swap,200,0.5550000071525574,0.375,-1.6685665845870972,-1.869631052017212,12.206673622131348,22.765039443969727
B,19,-10,helix,200,0.004999999888241291,0.9749999642372131,-4.541877269744873,-0.50404953956604,3.296595587303342,24.922090530395508
B,19,-10,only_T2,200,0.0,1.0,-4.61075496673584,-0.4959518015384674,0.0,24.922090530395508
B,19,-10,only_T5,200,0.0,1.0,-4.61075496673584,-0.4959518015384674,6.21794139544824e-15,24.922090530395508
B,19,-10,only_T10,200,0.0,1.0,-4.61075496673584,-0.4959518015384674,3.3665885209722056e-15,24.922090530395508
B,19,-10,only_T100,200,0.0,0.98499995470047,-4.5691423416137695,-0.4948214292526245,2.8727963574557345,24.922090530395508
B,19,-10,only_lin,200,0.0,0.98499995470047,-4.583263874053955,-0.5063518285751343,1.9308209969485497,24.922090530395508
B,19,-10,random_orth,200,0.0,1.0,-4.613307476043701,-0.49610936641693115,3.296595587303342,24.922090530395508
B,19,-10,real_diff_in_helix_subspace,200,0.009999999776482582,0.9799999594688416,-4.521092891693115,-0.5048539042472839,4.503286562459974,24.922090530395508
B,19,-10,full_swap,200,0.014999999664723873,0.9699999690055847,-4.292491912841797,-0.5085758566856384,12.842565536499023,24.922090530395508
B,20,-10,helix,200,0.004999999888241291,0.9749999642372131,-4.5385236740112305,-0.5038363337516785,3.4930069880271124,26.869638442993164
B,20,-10,only_T2,200,0.0,1.0,-4.61075496673584,-0.4959518015384674,0.0,26.869638442993164
B,20,-10,only_T5,200,0.0,1.0,-4.61075496673584,-0.4959518015384674,6.533936920849714e-15,26.869638442993164
B,20,-10,only_T10,200,0.0,1.0,-4.61075496673584,-0.4959518015384674,3.5481524417225877e-15,26.869638442993164
B,20,-10,only_T100,200,0.0,0.98499995470047,-4.567744255065918,-0.49489691853523254,3.0502287451709127,26.869638442993164
B,20,-10,only_lin,200,0.0,0.98499995470047,-4.577009677886963,-0.5073350071907043,2.0419312450996223,26.869638442993164
B,20,-10,random_orth,200,0.0,0.9950000047683716,-4.609202861785889,-0.4960812032222748,3.4930069880271124,26.869638442993164
B,20,-10,real_diff_in_helix_subspace,200,0.004999999888241291,0.98499995470047,-4.515904426574707,-0.5052949786186218,4.80854032327303,26.869638442993164
B,20,-10,full_swap,200,0.009999999776482582,0.9649999737739563,-4.28518009185791,-0.5085634589195251,13.527626037597656,26.869638442993164
B,21,-10,helix,200,0.004999999888241291,0.9749999642372131,-4.548938751220703,-0.5030913352966309,3.6595258050261292,28.68816566467285
B,21,-10,only_T2,200,0.0,1.0,-4.61075496673584,-0.4959518015384674,0.0,28.68816566467285
B,21,-10,only_T5,200,0.0,1.0,-4.61075496673584,-0.4959518015384674,6.794440245257257e-15,28.68816566467285
B,21,-10,only_T10,200,0.0,1.0,-4.61075496673584,-0.4959518015384674,3.743477383959594e-15,28.68816566467285
B,21,-10,only_T100,200,0.004999999888241291,0.9799999594688416,-4.574862957000732,-0.49362677335739136,3.187417718459788,28.68816566467285
B,21,-10,only_lin,200,0.0,0.98499995470047,-4.5857086181640625,-0.506493091583252,2.1526916672182423,28.68816566467285
B,21,-10,random_orth,200,0.0,0.9950000047683716,-4.615715980529785,-0.4959295690059662,3.6595258050261292,28.68816566467285
B,21,-10,real_diff_in_helix_subspace,200,0.004999999888241291,0.9799999594688416,-4.533479690551758,-0.503814697265625,5.145173151129344,28.68816566467285
B,21,-10,full_swap,200,0.0,0.9799999594688416,-4.393187522888184,-0.49706336855888367,14.203136444091797,28.68816566467285
B,22,-10,helix,200,0.004999999888241291,0.9799999594688416,-4.550796985626221,-0.5030218958854675,3.8269422416991534,30.674245834350586
B,22,-10,only_T2,200,0.0,1.0,-4.61075496673584,-0.4959518015384674,0.0,30.674245834350586
B,22,-10,only_T5,200,0.0,1.0,-4.61075496673584,-0.4959518015384674,7.08073022278371e-15,30.674245834350586
B,22,-10,only_T10,200,0.0,1.0,-4.61075496673584,-0.4959518015384674,3.949803182792426e-15,30.674245834350586
B,22,-10,only_T100,200,0.004999999888241291,0.9799999594688416,-4.578420639038086,-0.4932233393192291,3.3258264388671224,30.674245834350586
B,22,-10,only_lin,200,0.0,0.98499995470047,-4.5868682861328125,-0.5062326788902283,2.2709244107298145,30.674245834350586
B,22,-10,random_orth,200,0.0,0.9950000047683716,-4.609070777893066,-0.49604329466819763,3.826942241699154,30.674245834350586
B,22,-10,real_diff_in_helix_subspace,200,0.009999999776482582,0.9799999594688416,-4.533930778503418,-0.503290057182312,5.481307726031227,30.674245834350586
B,22,-10,full_swap,200,0.004999999888241291,0.9799999594688416,-4.397500991821289,-0.49626314640045166,14.909510612487793,30.674245834350586
B,23,-10,helix,200,0.0,0.9950000047683716,-4.599301815032959,-0.4994553327560425,3.9916685286807625,32.431575775146484
B,23,-10,only_T2,200,0.0,1.0,-4.61075496673584,-0.4959518015384674,0.0,32.431575775146484
B,23,-10,only_T5,200,0.0,1.0,-4.61075496673584,-0.4959518015384674,7.413419890721132e-15,32.431575775146484
B,23,-10,only_T10,200,0.0,1.0,-4.61075496673584,-0.4959518015384674,4.1651921312815295e-15,32.431575775146484
B,23,-10,only_T100,200,0.0,0.9950000047683716,-4.600589275360107,-0.4998509883880615,3.4670290196100986,32.431575775146484
B,23,-10,only_lin,200,0.0,0.9950000047683716,-4.610466957092285,-0.4963996112346649,2.3725031349452097,32.431575775146484
B,23,-10,random_orth,200,0.0,1.0,-4.613213539123535,-0.49794188141822815,3.9916685286807625,32.431575775146484
B,23,-10,real_diff_in_helix_subspace,200,0.0,0.9950000047683716,-4.5991621017456055,-0.4990236461162567,5.797076248551176,32.431575775146484
B,23,-10,full_swap,200,0.0,0.98499995470047,-4.562470436096191,-0.5059003233909607,15.635639190673828,32.431575775146484
B,24,-10,helix,200,0.0,0.9950000047683716,-4.608775615692139,-0.49804702401161194,4.14389033800617,33.75664520263672
B,24,-10,only_T2,200,0.0,1.0,-4.61075496673584,-0.4959518015384674,0.0,33.75664520263672
B,24,-10,only_T5,200,0.0,1.0,-4.61075496673584,-0.4959518015384674,7.66933129240013e-15,33.75664520263672
B,24,-10,only_T10,200,0.0,1.0,-4.61075496673584,-0.4959518015384674,4.3308913454774015e-15,33.75664520263672
B,24,-10,only_T100,200,0.0,0.9950000047683716,-4.6091156005859375,-0.49636760354042053,3.5894229359974896,33.75664520263672
B,24,-10,only_lin,200,0.0,0.9950000047683716,-4.610635757446289,-0.49789389967918396,2.48222598865431,33.75664520263672
B,24,-10,random_orth,200,0.0,0.9950000047683716,-4.612989902496338,-0.4960639178752899,4.14389033800617,33.75664520263672
B,24,-10,real_diff_in_helix_subspace,200,0.0,0.9950000047683716,-4.6038713455200195,-0.4957531988620758,6.101645155665554,33.75664520263672
B,24,-10,full_swap,200,0.0,0.9950000047683716,-4.57888126373291,-0.4991300106048584,16.262147903442383,33.75664520263672
B,25,-10,helix,200,0.0,0.9950000047683716,-4.606936454772949,-0.49823591113090515,4.258707758956862,35.7126350402832
B,25,-10,only_T2,200,0.0,1.0,-4.61075496673584,-0.4959518015384674,0.0,35.7126350402832
B,25,-10,only_T5,200,0.0,1.0,-4.61075496673584,-0.4959518015384674,7.910472607622245e-15,35.7126350402832
B,25,-10,only_T10,200,0.0,1.0,-4.61075496673584,-0.4959518015384674,4.483398795475898e-15,35.7126350402832
B,25,-10,only_T100,200,0.0,0.9950000047683716,-4.61043119430542,-0.4967493712902069,3.6774266720529067,35.7126350402832
B,25,-10,only_lin,200,0.0,0.9950000047683716,-4.610528469085693,-0.4974658787250519,2.585051217921198,35.7126350402832
B,25,-10,random_orth,200,0.0,1.0,-4.612524509429932,-0.49600785970687866,4.258707758956862,35.7126350402832
B,25,-10,real_diff_in_helix_subspace,200,0.0,0.9950000047683716,-4.604091644287109,-0.4960639774799347,6.38029196333322,35.7126350402832
B,25,-10,full_swap,200,0.0,0.9950000047683716,-4.57883358001709,-0.4992799162864685,16.829639434814453,35.7126350402832
B,26,-10,helix,200,0.0,0.9950000047683716,-4.610199928283691,-0.49782881140708923,4.378812601647368,37.295536041259766
B,26,-10,only_T2,200,0.0,1.0,-4.61075496673584,-0.4959518015384674,0.0,37.295536041259766
B,26,-10,only_T5,200,0.0,1.0,-4.61075496673584,-0.4959518015384674,8.104387967934288e-15,37.295536041259766
B,26,-10,only_T10,200,0.0,1.0,-4.61075496673584,-0.4959518015384674,4.666777435468852e-15,37.295536041259766
B,26,-10,only_T100,200,0.0,0.9950000047683716,-4.609372615814209,-0.49652099609375,3.7724028231138886,37.295536041259766
B,26,-10,only_lin,200,0.0,0.9950000047683716,-4.611412525177002,-0.4980320632457733,2.6890700337085316,37.295536041259766
B,26,-10,random_orth,200,0.0,0.9950000047683716,-4.612547874450684,-0.49676504731178284,4.378812601647368,37.295536041259766
B,26,-10,real_diff_in_helix_subspace,200,0.0,0.9950000047683716,-4.607263565063477,-0.49568358063697815,6.661944132621409,37.295536041259766
B,26,-10,full_swap,200,0.0,0.9950000047683716,-4.581502914428711,-0.49954336881637573,17.3995304107666,37.295536041259766
B,27,-10,helix,200,0.0,0.9950000047683716,-4.609240531921387,-0.49956241250038147,4.460578350977408,38.925025939941406
B,27,-10,only_T2,200,0.0,1.0,-4.61075496673584,-0.4959518015384674,0.0,38.925025939941406
B,27,-10,only_T5,200,0.0,1.0,-4.61075496673584,-0.4959518015384674,8.255683419463057e-15,38.925025939941406
B,27,-10,only_T10,200,0.0,1.0,-4.61075496673584,-0.4959518015384674,4.747904105335438e-15,38.925025939941406
B,27,-10,only_T100,200,0.0,1.0,-4.60761022567749,-0.4983218312263489,3.834151307839944,38.925025939941406
B,27,-10,only_lin,200,0.0,0.9950000047683716,-4.611824035644531,-0.49778684973716736,2.7736859604325534,38.925025939941406
B,27,-10,random_orth,200,0.0,0.9950000047683716,-4.612307548522949,-0.4962059557437897,4.460578350977408,38.925025939941406
B,27,-10,real_diff_in_helix_subspace,200,0.0,0.9950000047683716,-4.607664108276367,-0.49945059418678284,6.8524818751914385,38.925025939941406
B,27,-10,full_swap,200,0.0,0.9950000047683716,-4.602038860321045,-0.5036734938621521,17.805025100708008,38.925025939941406
B,28,-10,helix,200,0.0,0.9950000047683716,-4.606863021850586,-0.4991322457790375,4.534163817421397,41.74982452392578
B,28,-10,only_T2,200,0.0,1.0,-4.61075496673584,-0.4959518015384674,0.0,41.74982452392578
B,28,-10,only_T5,200,0.0,1.0,-4.61075496673584,-0.4959518015384674,8.414020397910887e-15,41.74982452392578
B,28,-10,only_T10,200,0.0,1.0,-4.61075496673584,-0.4959518015384674,4.9205070049813084e-15,41.74982452392578
B,28,-10,only_T100,200,0.0,1.0,-4.608806610107422,-0.4983174800872803,3.891351839642807,41.74982452392578
B,28,-10,only_lin,200,0.0,0.9950000047683716,-4.610261917114258,-0.4974400997161865,2.8519774518503147,41.74982452392578
B,28,-10,random_orth,200,0.0,1.0,-4.610401630401611,-0.4962499439716339,4.534163817421397,41.74982452392578
B,28,-10,real_diff_in_helix_subspace,200,0.0,0.9950000047683716,-4.607138633728027,-0.49915653467178345,7.2646427549137185,41.74982452392578
B,28,-10,full_swap,200,0.0,0.9950000047683716,-4.602214813232422,-0.503653883934021,18.43511199951172,41.74982452392578
B,29,-10,helix,200,0.0,1.0,-4.6110734939575195,-0.49599605798721313,4.6569485051948405,50.639068603515625
B,29,-10,only_T2,200,0.0,1.0,-4.61075496673584,-0.4959518015384674,0.0,50.639068603515625
B,29,-10,only_T5,200,0.0,1.0,-4.61075496673584,-0.4959518015384674,8.634464287040733e-15,50.639068603515625
B,29,-10,only_T10,200,0.0,1.0,-4.61075496673584,-0.4959518015384674,5.167778764538599e-15,50.639068603515625
B,29,-10,only_T100,200,0.0,1.0,-4.610097408294678,-0.496128648519516,3.9882776153998325,50.639068603515625
B,29,-10,only_lin,200,0.0,1.0,-4.6133713722229,-0.4957195222377777,2.966004770630392,50.639068603515625
B,29,-10,random_orth,200,0.0,1.0,-4.610957145690918,-0.4961591958999634,4.6569485051948405,50.639068603515625
B,29,-10,real_diff_in_helix_subspace,200,0.0,1.0,-4.612113952636719,-0.4956061542034149,8.001022981601036,50.639068603515625
B,29,-10,full_swap,200,0.0,0.9950000047683716,-4.610752105712891,-0.49624526500701904,19.4134521484375,50.639068603515625
B,30,-10,helix,200,0.0,1.0,-4.612594127655029,-0.4952702224254608,4.796224890159935,63.007110595703125
B,30,-10,only_T2,200,0.0,1.0,-4.61075496673584,-0.4959518015384674,0.0,63.007110595703125
B,30,-10,only_T5,200,0.0,1.0,-4.61075496673584,-0.4959518015384674,8.880698843581275e-15,63.007110595703125
B,30,-10,only_T10,200,0.0,1.0,-4.61075496673584,-0.4959518015384674,5.502854278844042e-15,63.007110595703125
B,30,-10,only_T100,200,0.0,1.0,-4.611186981201172,-0.49623754620552063,4.0961569097774415,63.007110595703125
B,30,-10,only_lin,200,0.0,1.0,-4.613442420959473,-0.4951891601085663,3.1170935644011397,63.007110595703125
B,30,-10,random_orth,200,0.0,1.0,-4.611687660217285,-0.4962127208709717,4.796224890159935,63.007110595703125
B,30,-10,real_diff_in_helix_subspace,200,0.0,1.0,-4.6105875968933105,-0.4951689839363098,8.822085246114858,63.007110595703125
B,30,-10,full_swap,200,0.0,1.0,-4.610678195953369,-0.49572691321372986,20.422433853149414,63.007110595703125
B,31,-10,helix,200,0.0,1.0,-4.61075496673584,-0.4959518015384674,5.039551083498918,78.48046112060547
B,31,-10,only_T2,200,0.0,1.0,-4.61075496673584,-0.4959518015384674,0.0,78.48046112060547
B,31,-10,only_T5,200,0.0,1.0,-4.61075496673584,-0.4959518015384674,9.29543225760226e-15,78.48046112060547
B,31,-10,only_T10,200,0.0,1.0,-4.61075496673584,-0.4959518015384674,5.768178909838595e-15,78.48046112060547
B,31,-10,only_T100,200,0.0,1.0,-4.61075496673584,-0.4959518015384674,4.206414321649486,78.48046112060547
B,31,-10,only_lin,200,0.0,1.0,-4.61075496673584,-0.4959518015384674,3.442000821485577,78.48046112060547
B,31,-10,random_orth,200,0.0,1.0,-4.61075496673584,-0.4959518015384674,5.039551083498918,78.48046112060547
B,31,-10,real_diff_in_helix_subspace,200,0.0,1.0,-4.61075496673584,-0.4959518015384674,9.536310833421936,78.48046112060547
B,31,-10,full_swap,200,0.0,1.0,-4.61075496673584,-0.4959518015384674,21.357524871826172,78.48046112060547
B,0,-5,helix,200,0.48499998450279236,0.02499999850988388,-2.1070938110351562,-5.672334671020508,1.7862680637810753,3.826744318008423
B,0,-5,only_T2,200,0.0,0.3400000035762787,-6.419458866119385,-2.394587278366089,1.0412351326423306,3.826744318008423
B,0,-5,only_T5,200,0.0,0.9950000047683716,-8.054998397827148,-0.511760950088501,1.964389626660247e-15,3.826744318008423
B,0,-5,only_T10,200,0.029999999329447746,0.28999999165534973,-5.483973503112793,-3.0249669551849365,1.3722500415043861,3.826744318008423
B,0,-5,only_T100,200,0.0,0.8700000047683716,-7.924544334411621,-0.6335111260414124,0.4577489948078627,3.826744318008423
B,0,-5,only_lin,200,0.0,0.9149999618530273,-7.889845848083496,-0.6258673071861267,0.2361965165208537,3.826744318008423
B,0,-5,random_orth,200,0.0,0.949999988079071,-7.976462364196777,-0.5428140759468079,1.7862680637810753,3.826744318008423
B,0,-5,real_diff_in_helix_subspace,200,0.47999998927116394,0.11499999463558197,-2.500515937805176,-5.345136642456055,1.7929752859455306,3.826744318008423
B,0,-5,full_swap,200,0.8700000047683716,0.0,-0.6639055013656616,-8.241447448730469,4.16497802734375,3.826744318008423
B,1,-5,helix,200,0.48499998450279236,0.02499999850988388,-2.0766148567199707,-5.676224708557129,1.7838984323589033,4.101376533508301
B,1,-5,only_T2,200,0.0,0.3349999785423279,-6.402904033660889,-2.4074864387512207,1.0404105993794588,4.101376533508301
B,1,-5,only_T5,200,0.0,0.9950000047683716,-8.054998397827148,-0.511760950088501,1.9533582674110912e-15,4.101376533508301
B,1,-5,only_T10,200,0.029999999329447746,0.29999998211860657,-5.46823787689209,-3.0538580417633057,1.3622508133613138,4.101376533508301
B,1,-5,only_T100,200,0.0,0.8650000095367432,-7.916799068450928,-0.633674144744873,0.4699050568374277,4.101376533508301
B,1,-5,only_lin,200,0.0,0.9099999666213989,-7.891720294952393,-0.6286972165107727,0.2506533733292083,4.101376533508301
B,1,-5,random_orth,200,0.0,0.9399999976158142,-7.996510982513428,-0.5474304556846619,1.7838984323589033,4.101376533508301
B,1,-5,real_diff_in_helix_subspace,200,0.4749999940395355,0.10499999672174454,-2.4434404373168945,-5.355737209320068,1.7885524323802144,4.101376533508301
B,1,-5,full_swap,200,0.875,0.0,-0.6565893292427063,-8.242552757263184,4.126869201660156,4.101376533508301
B,2,-5,helix,200,0.48499998450279236,0.03500000014901161,-2.060837745666504,-5.728687763214111,1.9002985278689233,4.78450345993042
B,2,-5,only_T2,200,0.004999999888241291,0.3199999928474426,-6.404801368713379,-2.4443888664245605,1.1055446404512181,4.78450345993042
B,2,-5,only_T5,200,0.0,0.9950000047683716,-8.054998397827148,-0.511760950088501,2.0582494383574117e-15,4.78450345993042
B,2,-5,only_T10,200,0.029999999329447746,0.2849999964237213,-5.422250747680664,-3.134582757949829,1.4517964788574664,4.78450345993042
B,2,-5,only_T100,200,0.0,0.8700000047683716,-7.915986061096191,-0.6317168474197388,0.4993485269931284,4.78450345993042
B,2,-5,only_lin,200,0.0,0.9049999713897705,-7.887929439544678,-0.6362996697425842,0.27032273108161914,4.78450345993042
B,2,-5,random_orth,200,0.0,0.9599999785423279,-7.992996692657471,-0.5396198630332947,1.9002985278689233,4.78450345993042
B,2,-5,real_diff_in_helix_subspace,200,0.4899999797344208,0.08500000089406967,-2.3631751537323,-5.4359893798828125,1.910064059633195,4.78450345993042
B,2,-5,full_swap,200,0.8650000095367432,0.0,-0.6582667231559753,-8.233962059020996,4.323935031890869,4.78450345993042
B,3,-5,helix,200,0.5199999809265137,0.019999999552965164,-1.9715267419815063,-5.872252464294434,2.0805706123313796,5.368075370788574
B,3,-5,only_T2,200,0.004999999888241291,0.26999998092651367,-6.365160942077637,-2.518854856491089,1.242169533931402,5.368075370788574
B,3,-5,only_T5,200,0.0,0.9950000047683716,-8.054998397827148,-0.511760950088501,2.240643761825238e-15,5.368075370788574
B,3,-5,only_T10,200,0.029999999329447746,0.2549999952316284,-5.3418498039245605,-3.2659912109375,1.5676203878677786,5.368075370788574
B,3,-5,only_T100,200,0.0,0.8650000095367432,-7.900881767272949,-0.6380761861801147,0.5306256860287936,5.368075370788574
B,3,-5,only_lin,200,0.0,0.8999999761581421,-7.890433311462402,-0.6343544125556946,0.29993764539790435,5.368075370788574
B,3,-5,random_orth,200,0.0,0.9599999785423279,-8.001832008361816,-0.5421781539916992,2.0805706123313796,5.368075370788574
B,3,-5,real_diff_in_helix_subspace,200,0.5,0.07000000029802322,-2.2236146926879883,-5.557312965393066,2.094669010007449,5.368075370788574
B,3,-5,full_swap,200,0.8700000047683716,0.0,-0.6568991541862488,-8.240229606628418,4.542977809906006,5.368075370788574
B,4,-5,helix,200,0.5,0.019999999552965164,-1.9759862422943115,-5.882869243621826,2.2722228569909713,6.406463146209717
B,4,-5,only_T2,200,0.004999999888241291,0.2750000059604645,-6.358143329620361,-2.5504443645477295,1.349457060330168,6.406463146209717
B,4,-5,only_T5,200,0.0,0.9950000047683716,-8.054998397827148,-0.511760950088501,2.4257250478312796e-15,6.406463146209717
B,4,-5,only_T10,200,0.029999999329447746,0.2549999952316284,-5.35452127456665,-3.2961318492889404,1.7114893910495426,6.406463146209717
B,4,-5,only_T100,200,0.0,0.8700000047683716,-7.885129451751709,-0.6460405588150024,0.5910537102404902,6.406463146209717
B,4,-5,only_lin,200,0.0,0.9049999713897705,-7.902556419372559,-0.6348273158073425,0.33767794180499533,6.406463146209717
B,4,-5,random_orth,200,0.0,0.9649999737739563,-7.977038383483887,-0.5433478951454163,2.2722228569909713,6.406463146209717
B,4,-5,real_diff_in_helix_subspace,200,0.5,0.06499999761581421,-2.1840901374816895,-5.541532516479492,2.2940588516183733,6.406463146209717
B,4,-5,full_swap,200,0.875,0.0,-0.6518603563308716,-8.235274314880371,4.986955165863037,6.406463146209717
B,5,-5,helix,200,0.4949999749660492,0.019999999552965164,-1.915269136428833,-5.927697658538818,2.4816014793720473,7.2331156730651855
B,5,-5,only_T2,200,0.004999999888241291,0.2549999952316284,-6.337060451507568,-2.5856692790985107,1.4703917916378424,7.2331156730651855
B,5,-5,only_T5,200,0.0,0.9950000047683716,-8.054998397827148,-0.511760950088501,2.6260126662481844e-15,7.2331156730651855
B,5,-5,only_T10,200,0.029999999329447746,0.25,-5.331410884857178,-3.3526124954223633,1.8634695867611972,7.2331156730651855
B,5,-5,only_T100,200,0.0,0.8650000095367432,-7.881880760192871,-0.6491848826408386,0.6537032586771423,7.2331156730651855
B,5,-5,only_lin,200,0.0,0.8899999856948853,-7.903995990753174,-0.6374599933624268,0.37563500989819565,7.2331156730651855
B,5,-5,random_orth,200,0.0,0.9399999976158142,-8.014606475830078,-0.5455760359764099,2.4816014793720473,7.2331156730651855
B,5,-5,real_diff_in_helix_subspace,200,0.5299999713897705,0.044999998062849045,-2.0524556636810303,-5.6052069664001465,2.504240955241722,7.2331156730651855
B,5,-5,full_swap,200,0.875,0.0,-0.6485823392868042,-8.241886138916016,5.450411319732666,7.2331156730651855
B,6,-5,helix,200,0.5,0.019999999552965164,-1.9010308980941772,-5.928461074829102,2.6612002178511363,8.41911506652832
B,6,-5,only_T2,200,0.004999999888241291,0.25,-6.323716163635254,-2.614351749420166,1.581828536248418,8.41911506652832
B,6,-5,only_T5,200,0.0,0.9950000047683716,-8.054998397827148,-0.511760950088501,2.8141753733688348e-15,8.41911506652832
B,6,-5,only_T10,200,0.02499999850988388,0.2549999952316284,-5.330887317657471,-3.3567380905151367,1.9815550048250292,8.41911506652832
B,6,-5,only_T100,200,0.0,0.8650000095367432,-7.880574703216553,-0.6495152115821838,0.7060430532783363,8.41911506652832
B,6,-5,only_lin,200,0.0,0.8899999856948853,-7.904638290405273,-0.6455246806144714,0.42001752127195324,8.41911506652832
B,6,-5,random_orth,200,0.0,0.949999988079071,-8.008048057556152,-0.543144166469574,2.6612002178511363,8.41911506652832
B,6,-5,real_diff_in_helix_subspace,200,0.5,0.04999999701976776,-2.0296030044555664,-5.648725509643555,2.6940066228498876,8.41911506652832
B,6,-5,full_swap,200,0.8700000047683716,0.0,-0.6522610187530518,-8.239217758178711,5.831462383270264,8.41911506652832
B,7,-5,helix,200,0.5099999904632568,0.014999999664723873,-1.8860315084457397,-5.965064525604248,2.795332189886289,9.17630672454834
B,7,-5,only_T2,200,0.004999999888241291,0.25,-6.30360221862793,-2.6449532508850098,1.6473257742162593,9.17630672454834
B,7,-5,only_T5,200,0.0,0.9950000047683716,-8.054998397827148,-0.511760950088501,2.9361578363203378e-15,9.17630672454834
B,7,-5,only_T10,200,0.02499999850988388,0.23999999463558197,-5.300239086151123,-3.421306610107422,2.0853624749600317,9.17630672454834
B,7,-5,only_T100,200,0.0,0.8700000047683716,-7.885227680206299,-0.6461182832717896,0.7473799390677308,9.17630672454834
B,7,-5,only_lin,200,0.0,0.8799999952316284,-7.888175964355469,-0.6529566645622253,0.44555093354369596,9.17630672454834
B,7,-5,random_orth,200,0.0,0.949999988079071,-8.017355918884277,-0.5503864884376526,2.795332189886289,9.17630672454834
B,7,-5,real_diff_in_helix_subspace,200,0.4949999749660492,0.054999999701976776,-2.0582971572875977,-5.696977615356445,2.8427389516831156,9.17630672454834
B,7,-5,full_swap,200,0.8700000047683716,0.0,-0.6446577310562134,-8.22281265258789,6.142755031585693,9.17630672454834
B,8,-5,helix,200,0.5149999856948853,0.02499999850988388,-1.8771641254425049,-5.963839054107666,2.9563637852591076,10.3162202835083
B,8,-5,only_T2,200,0.004999999888241291,0.2549999952316284,-6.295694351196289,-2.658045530319214,1.750081647483712,10.3162202835083
B,8,-5,only_T5,200,0.0,0.9950000047683716,-8.054998397827148,-0.511760950088501,3.0763328175401683e-15,10.3162202835083
B,8,-5,only_T10,200,0.02499999850988388,0.22499999403953552,-5.281917095184326,-3.4558520317077637,2.195467350940975,10.3162202835083
B,8,-5,only_T100,200,0.0,0.8650000095367432,-7.901341438293457,-0.6465383768081665,0.7928283898702787,10.3162202835083
B,8,-5,only_lin,200,0.0,0.8799999952316284,-7.8853678703308105,-0.6491460800170898,0.47866789004546506,10.3162202835083
B,8,-5,random_orth,200,0.0,0.9549999833106995,-8.022562980651855,-0.5260108709335327,2.9563637852591076,10.3162202835083
B,8,-5,real_diff_in_helix_subspace,200,0.47999998927116394,0.05999999865889549,-2.1051504611968994,-5.721399307250977,3.024112691125332,10.3162202835083
B,8,-5,full_swap,200,0.875,0.0,-0.6424577832221985,-8.214385986328125,6.538057804107666,10.3162202835083
B,9,-5,helix,200,0.5099999904632568,0.02499999850988388,-1.8721755743026733,-5.980037689208984,3.0407268530095517,11.262359619140625
B,9,-5,only_T2,200,0.004999999888241291,0.2449999898672104,-6.293223857879639,-2.6911511421203613,1.8027539412508526,11.262359619140625
B,9,-5,only_T5,200,0.0,0.9950000047683716,-8.054998397827148,-0.511760950088501,3.161644618119098e-15,11.262359619140625
B,9,-5,only_T10,200,0.02499999850988388,0.19999998807907104,-5.275612831115723,-3.4982833862304688,2.2535464230155267,11.262359619140625
B,9,-5,only_T100,200,0.0,0.8650000095367432,-7.894013404846191,-0.650014340877533,0.8125130814267834,11.262359619140625
B,9,-5,only_lin,200,0.0,0.8799999952316284,-7.880092144012451,-0.6502062678337097,0.49388823333390086,11.262359619140625
B,9,-5,random_orth,200,0.0,0.9549999833106995,-8.034659385681152,-0.5332903265953064,3.0407268530095517,11.262359619140625
B,9,-5,real_diff_in_helix_subspace,200,0.4699999988079071,0.044999998062849045,-2.1318130493164062,-5.758002758026123,3.1196992860319557,11.262359619140625
B,9,-5,full_swap,200,0.875,0.0,-0.6351923942565918,-8.200058937072754,6.759466648101807,11.262359619140625
B,10,-5,helix,200,0.5349999666213989,0.019999999552965164,-1.8327605724334717,-6.008663177490234,3.262251470786024,11.77587604522705
B,10,-5,only_T2,200,0.004999999888241291,0.23499999940395355,-6.2863450050354,-2.7159414291381836,1.9266407566161792,11.77587604522705
B,10,-5,only_T5,200,0.0,0.9950000047683716,-8.054998397827148,-0.511760950088501,3.3392939958074204e-15,11.77587604522705
B,10,-5,only_T10,200,0.03500000014901161,0.17999999225139618,-5.2030744552612305,-3.5743181705474854,2.43828882219699,11.77587604522705
B,10,-5,only_T100,200,0.0,0.85999995470047,-7.895542621612549,-0.6509732007980347,0.8421683970783345,11.77587604522705
B,10,-5,only_lin,200,0.0,0.8849999904632568,-7.878421306610107,-0.6539135575294495,0.5146130908251623,11.77587604522705
B,10,-5,random_orth,200,0.0,0.9699999690055847,-8.041680335998535,-0.5435506105422974,3.262251470786024,11.77587604522705
B,10,-5,real_diff_in_helix_subspace,200,0.47999998927116394,0.03999999910593033,-2.1595163345336914,-5.757315635681152,3.345899840042671,11.77587604522705
B,10,-5,full_swap,200,0.8700000047683716,0.0,-0.6287714838981628,-8.18853759765625,7.148949146270752,11.77587604522705
B,11,-5,helix,200,0.5249999761581421,0.029999999329447746,-1.8548089265823364,-6.004855155944824,3.546415866608551,12.786611557006836
B,11,-5,only_T2,200,0.009999999776482582,0.22499999403953552,-6.225836277008057,-2.807572603225708,2.077127770650236,12.786611557006836
B,11,-5,only_T5,200,0.0,0.9950000047683716,-8.054998397827148,-0.511760950088501,3.6371229809030955e-15,12.786611557006836
B,11,-5,only_T10,200,0.03500000014901161,0.14499999582767487,-5.157482624053955,-3.7277028560638428,2.6864423010333405,12.786611557006836
B,11,-5,only_T100,200,0.0,0.8650000095367432,-7.901027679443359,-0.6436398029327393,0.876396831611853,12.786611557006836
B,11,-5,only_lin,200,0.0,0.8899999856948853,-7.896304607391357,-0.6394993662834167,0.54674604331181,12.786611557006836
B,11,-5,random_orth,200,0.0,0.9749999642372131,-8.043319702148438,-0.5306503772735596,3.546415866608551,12.786611557006836
B,11,-5,real_diff_in_helix_subspace,200,0.4899999797344208,0.03999999910593033,-2.15458083152771,-5.868319034576416,3.6605198003499155,12.786611557006836
B,11,-5,full_swap,200,0.8849999904632568,0.0,-0.6166743040084839,-8.161356925964355,7.619873523712158,12.786611557006836
B,12,-5,helix,200,0.41499999165534973,0.07000000029802322,-2.4591004848480225,-4.838385105133057,3.927640748108638,13.582243919372559
B,12,-5,only_T2,200,0.0,0.3199999928474426,-6.386480808258057,-2.3659911155700684,2.3076901829021677,13.582243919372559
B,12,-5,only_T5,200,0.0,0.9950000047683716,-8.054998397827148,-0.511760950088501,4.0723047269934005e-15,13.582243919372559
B,12,-5,only_T10,200,0.02499999850988388,0.35999998450279236,-5.632612705230713,-2.7268950939178467,2.9883054098317605,13.582243919372559
B,12,-5,only_T100,200,0.0,0.8799999952316284,-7.915658950805664,-0.6084772944450378,0.9145752425564337,13.582243919372559
B,12,-5,only_lin,200,0.0,0.9199999570846558,-7.93393611907959,-0.6005604267120361,0.5786086942381249,13.582243919372559
B,12,-5,random_orth,200,0.0,0.9599999785423279,-8.025668144226074,-0.5321379899978638,3.927640748108638,13.582243919372559
B,12,-5,real_diff_in_helix_subspace,200,0.3649999797344208,0.125,-2.7803454399108887,-4.712666034698486,4.023175749805772,13.582243919372559
B,12,-5,full_swap,200,0.824999988079071,0.0,-0.8096128702163696,-7.151646137237549,8.225606918334961,13.582243919372559
B,13,-5,helix,200,0.3050000071525574,0.12999999523162842,-3.071556329727173,-4.103145122528076,4.2691794886783345,14.511384010314941
B,13,-5,only_T2,200,0.0,0.4449999928474426,-6.563832759857178,-1.9437792301177979,2.4744820844465534,14.511384010314941
B,13,-5,only_T5,200,0.0,0.9950000047683716,-8.054998397827148,-0.511760950088501,4.3911402655162445e-15,14.511384010314941
B,13,-5,only_T10,200,0.019999999552965164,0.429999977350235,-5.867912292480469,-2.434084177017212,3.285559555953978,14.511384010314941
B,13,-5,only_T100,200,0.0,0.875,-7.922180652618408,-0.6133307218551636,0.9819937542624498,14.511384010314941
B,13,-5,only_lin,200,0.0,0.9199999570846558,-7.930886268615723,-0.5923908352851868,0.6327041026199932,14.511384010314941
B,13,-5,random_orth,200,0.0,0.9699999690055847,-8.021215438842773,-0.5221959352493286,4.269179488678335,14.511384010314941
B,13,-5,real_diff_in_helix_subspace,200,0.26499998569488525,0.17000000178813934,-3.3578007221221924,-4.016664028167725,4.396630467494916,14.511384010314941
B,13,-5,full_swap,200,0.699999988079071,0.019999999552965164,-1.2783783674240112,-6.132331371307373,8.83987045288086,14.511384010314941
B,14,-5,helix,200,0.1550000011920929,0.29499998688697815,-4.350559711456299,-3.0195610523223877,4.434820709871868,16.07680892944336
B,14,-5,only_T2,200,0.0,0.6049999594688416,-6.922083377838135,-1.421470046043396,2.5735284089566113,16.07680892944336
B,14,-5,only_T5,200,0.0,0.9950000047683716,-8.054998397827148,-0.511760950088501,4.562660475859763e-15,16.07680892944336
B,14,-5,only_T10,200,0.009999999776482582,0.5600000023841858,-6.432017803192139,-1.8472466468811035,3.414673941647401,16.07680892944336
B,14,-5,only_T100,200,0.0,0.9049999713897705,-7.940602779388428,-0.5699706673622131,1.0145339696319924,16.07680892944336
B,14,-5,only_lin,200,0.0,0.9350000023841858,-7.958444118499756,-0.5665949583053589,0.6702837658001841,16.07680892944336
B,14,-5,random_orth,200,0.0,0.9649999737739563,-8.038456916809082,-0.516028881072998,4.434820709871868,16.07680892944336
B,14,-5,real_diff_in_helix_subspace,200,0.14000000059604645,0.32499998807907104,-4.515499114990234,-2.909041404724121,4.603035898396739,16.07680892944336
B,14,-5,full_swap,200,0.3649999797344208,0.14499999582767487,-2.5393118858337402,-4.3720269203186035,9.200298309326172,16.07680892944336
B,15,-5,helix,200,0.14999999105930328,0.29999998211860657,-4.3531107902526855,-3.0147273540496826,4.7266238668648715,17.378877639770508
B,15,-5,only_T2,200,0.0,0.5849999785423279,-6.896389007568359,-1.452484369277954,2.742302629519184,17.378877639770508
B,15,-5,only_T5,200,0.0,0.9950000047683716,-8.054998397827148,-0.511760950088501,4.9748551540792635e-15,17.378877639770508
B,15,-5,only_T10,200,0.014999999664723873,0.574999988079071,-6.430357456207275,-1.839447259902954,3.61142513126926,17.378877639770508
B,15,-5,only_T100,200,0.0,0.9049999713897705,-7.939188480377197,-0.572236180305481,1.1409499727959753,17.378877639770508
B,15,-5,only_lin,200,0.0,0.9350000023841858,-7.964519023895264,-0.5664470791816711,0.7309141047793644,17.378877639770508
B,15,-5,random_orth,200,0.0,0.9749999642372131,-8.037507057189941,-0.5095323324203491,4.726623866864871,17.378877639770508
B,15,-5,real_diff_in_helix_subspace,200,0.14499999582767487,0.3199999928474426,-4.550621032714844,-2.921159267425537,4.944264117712857,17.378877639770508
B,15,-5,full_swap,200,0.35999998450279236,0.14499999582767487,-2.6393508911132812,-4.268675327301025,9.787561416625977,17.378877639770508
B,16,-5,helix,200,0.13499999046325684,0.32999998331069946,-4.40486478805542,-2.959784507751465,5.386103739123428,19.3175048828125
B,16,-5,only_T2,200,0.0,0.5849999785423279,-6.871253490447998,-1.4783055782318115,3.1175920982927035,19.3175048828125
B,16,-5,only_T5,200,0.0,0.9950000047683716,-8.054998397827148,-0.511760950088501,5.6591332153441054e-15,19.3175048828125
B,16,-5,only_T10,200,0.009999999776482582,0.550000011920929,-6.373691082000732,-1.8872863054275513,4.147336231310719,19.3175048828125
B,16,-5,only_T100,200,0.0,0.8999999761581421,-7.965507507324219,-0.5714977979660034,1.2678549527691567,19.3175048828125
B,16,-5,only_lin,200,0.0,0.9649999737739563,-7.968105316162109,-0.5592226386070251,0.8069026192675226,19.3175048828125
B,16,-5,random_orth,200,0.0,0.9599999785423279,-8.036941528320312,-0.5133903622627258,5.386103739123428,19.3175048828125
B,16,-5,real_diff_in_helix_subspace,200,0.11999999731779099,0.3349999785423279,-4.656982421875,-2.774813175201416,5.5597119820914145,19.3175048828125
B,16,-5,full_swap,200,0.28999999165534973,0.1850000023841858,-3.02972412109375,-3.8683648109436035,11.026776313781738,19.3175048828125
B,17,-5,helix,200,0.06499999761581421,0.4399999976158142,-5.349867343902588,-2.267076253890991,5.751049343160859,21.1841983795166
B,17,-5,only_T2,200,0.0,0.7299999594688416,-7.1986985206604,-1.0966383218765259,3.301962559549765,21.1841983795166
B,17,-5,only_T5,200,0.0,0.9950000047683716,-8.054998397827148,-0.511760950088501,6.011024526501984e-15,21.1841983795166
B,17,-5,only_T10,200,0.004999999888241291,0.6100000143051147,-6.68160343170166,-1.5834927558898926,4.452621190915627,21.1841983795166
B,17,-5,only_T100,200,0.0,0.9399999976158142,-7.982886791229248,-0.543487548828125,1.3523607472726922,21.1841983795166
B,17,-5,only_lin,200,0.0,0.9599999785423279,-7.988103866577148,-0.5439928770065308,0.8575428254842666,21.1841983795166
B,17,-5,random_orth,200,0.0,0.98499995470047,-8.044317245483398,-0.5127506256103516,5.751049343160859,21.1841983795166
B,17,-5,real_diff_in_helix_subspace,200,0.05999999865889549,0.5049999952316284,-5.557669639587402,-2.105135917663574,5.956517880517559,21.1841983795166
B,17,-5,full_swap,200,0.1850000023841858,0.3499999940395355,-4.170602798461914,-2.8657639026641846,11.745186805725098,21.1841983795166
B,18,-5,helix,200,0.054999999701976776,0.574999988079071,-5.899218559265137,-1.7897971868515015,6.044994665044121,22.720544815063477
B,18,-5,only_T2,200,0.0,0.8349999785423279,-7.440915584564209,-0.894641637802124,3.456670283871981,22.720544815063477
B,18,-5,only_T5,200,0.0,0.9950000047683716,-8.054998397827148,-0.511760950088501,6.323146740928209e-15,22.720544815063477
B,18,-5,only_T10,200,0.004999999888241291,0.6599999666213989,-6.870568752288818,-1.3837531805038452,4.689871779216049,22.720544815063477
B,18,-5,only_T100,200,0.0,0.9549999833106995,-7.996313095092773,-0.5325496792793274,1.4128471665792772,22.720544815063477
B,18,-5,only_lin,200,0.0,0.9749999642372131,-8.020757675170898,-0.525313675403595,0.9025009668102973,22.720544815063477
B,18,-5,random_orth,200,0.0,0.9749999642372131,-8.038765907287598,-0.525976836681366,6.044994665044121,22.720544815063477
B,18,-5,real_diff_in_helix_subspace,200,0.019999999552965164,0.5899999737739563,-6.13116979598999,-1.6556119918823242,6.288124320718188,22.720544815063477
B,18,-5,full_swap,200,0.10999999940395355,0.4449999928474426,-4.880771160125732,-2.225916624069214,12.395788192749023,22.720544815063477
B,19,-5,helix,200,0.0,0.9749999642372131,-8.003382682800293,-0.510504961013794,6.394523979621459,24.909587860107422
B,19,-5,only_T2,200,0.0,0.9899999499320984,-8.062300682067871,-0.5018107295036316,3.65362559074974,24.909587860107422
B,19,-5,only_T5,200,0.0,0.9950000047683716,-8.054998397827148,-0.511760950088501,6.707048237302009e-15,24.909587860107422
B,19,-5,only_T10,200,0.0,0.9799999594688416,-8.015152931213379,-0.5146446228027344,4.969025502611451,24.909587860107422
B,19,-5,only_T100,200,0.0,0.98499995470047,-8.040568351745605,-0.5125262141227722,1.4838496613642596,24.909587860107422
B,19,-5,only_lin,200,0.0,0.9899999499320984,-8.048731803894043,-0.5146211385726929,0.9654104984742748,24.909587860107422
B,19,-5,random_orth,200,0.0,0.98499995470047,-8.060537338256836,-0.5079835653305054,6.394523979621459,24.909587860107422
B,19,-5,real_diff_in_helix_subspace,200,0.0,0.9799999594688416,-8.007181167602539,-0.5018987059593201,6.72187228593502,24.909587860107422
B,19,-5,full_swap,200,0.0,0.9799999594688416,-7.8741044998168945,-0.49491941928863525,13.081809043884277,24.909587860107422
B,20,-5,helix,200,0.0,0.9799999594688416,-7.999972820281982,-0.5113486647605896,6.748336030760018,26.860448837280273
B,20,-5,only_T2,200,0.0,1.0,-8.064335823059082,-0.5019386410713196,3.8540264676709057,26.860448837280273
B,20,-5,only_T5,200,0.0,0.9950000047683716,-8.054998397827148,-0.511760950088501,7.051916802078747e-15,26.860448837280273
B,20,-5,only_T10,200,0.0,0.9799999594688416,-8.0103120803833,-0.5159294605255127,5.2376596971706055,26.860448837280273
B,20,-5,only_T100,200,0.0,0.98499995470047,-8.041499137878418,-0.5133340954780579,1.5753296394201268,26.860448837280273
B,20,-5,only_lin,200,0.0,0.9899999499320984,-8.04908561706543,-0.5150614976882935,1.0209656225498112,26.860448837280273
B,20,-5,random_orth,200,0.0,0.9899999499320984,-8.057612419128418,-0.5102083683013916,6.748336030760018,26.860448837280273
B,20,-5,real_diff_in_helix_subspace,200,0.0,0.98499995470047,-8.000517845153809,-0.5035800337791443,7.117125569440173,26.860448837280273
B,20,-5,full_swap,200,0.0,0.9749999642372131,-7.868710994720459,-0.4967246651649475,13.792226791381836,26.860448837280273
B,21,-5,helix,200,0.0,0.9899999499320984,-8.021717071533203,-0.508683979511261,7.107991446420255,28.6934871673584
B,21,-5,only_T2,200,0.0,0.9899999499320984,-8.06464672088623,-0.5018174648284912,4.053383781408762,28.6934871673584
B,21,-5,only_T5,200,0.0,0.9950000047683716,-8.054998397827148,-0.511760950088501,7.335316902570752e-15,28.6934871673584
B,21,-5,only_T10,200,0.0,0.9899999499320984,-8.029021263122559,-0.513124406337738,5.522349590077282,28.6934871673584
B,21,-5,only_T100,200,0.0,0.9899999499320984,-8.047195434570312,-0.5112876892089844,1.6467559133785807,28.6934871673584
B,21,-5,only_lin,200,0.0,0.9899999499320984,-8.048653602600098,-0.5156874060630798,1.076345833609121,28.6934871673584
B,21,-5,random_orth,200,0.0,1.0,-8.062359809875488,-0.5068787336349487,7.107991446420254,28.6934871673584
B,21,-5,real_diff_in_helix_subspace,200,0.0,0.9899999499320984,-8.028197288513184,-0.501094400882721,7.530573205579787,28.6934871673584
B,21,-5,full_swap,200,0.0,0.9899999499320984,-7.948072910308838,-0.49018049240112305,14.48809814453125,28.6934871673584
B,22,-5,helix,200,0.0,0.9950000047683716,-8.024317741394043,-0.5081609487533569,7.468536981003044,30.7784366607666
B,22,-5,only_T2,200,0.0,0.9899999499320984,-8.062954902648926,-0.5019346475601196,4.230078375619513,30.7784366607666
B,22,-5,only_T5,200,0.0,0.9950000047683716,-8.054998397827148,-0.511760950088501,7.65549494534666e-15,30.7784366607666
B,22,-5,only_T10,200,0.0,0.9899999499320984,-8.030265808105469,-0.5123346447944641,5.827404041002484,30.7784366607666
B,22,-5,only_T100,200,0.0,0.9899999499320984,-8.048694610595703,-0.5118511319160461,1.7190103486355865,30.7784366607666
B,22,-5,only_lin,200,0.0,0.9899999499320984,-8.046976089477539,-0.516660749912262,1.1354622053649073,30.7784366607666
B,22,-5,random_orth,200,0.0,0.9950000047683716,-8.055267333984375,-0.5107961297035217,7.468536981003044,30.7784366607666
B,22,-5,real_diff_in_helix_subspace,200,0.0,0.98499995470047,-8.028886795043945,-0.49986180663108826,7.966508037840611,30.7784366607666
B,22,-5,full_swap,200,0.0,0.9950000047683716,-7.9552483558654785,-0.48869574069976807,15.231830596923828,30.7784366607666
B,23,-5,helix,200,0.0,0.98499995470047,-8.053532600402832,-0.5109705328941345,7.838662125253948,32.54523468017578
B,23,-5,only_T2,200,0.0,0.9899999499320984,-8.057726860046387,-0.5099408030509949,4.406951892215666,32.54523468017578
B,23,-5,only_T5,200,0.0,0.9950000047683716,-8.054998397827148,-0.511760950088501,8.014314848838683e-15,32.54523468017578
B,23,-5,only_T10,200,0.0,0.98499995470047,-8.0570068359375,-0.509651243686676,6.14704523824329,32.54523468017578
B,23,-5,only_T100,200,0.0,0.9899999499320984,-8.051323890686035,-0.5121479034423828,1.791730369914699,32.54523468017578
B,23,-5,only_lin,200,0.0,0.9950000047683716,-8.055988311767578,-0.5121853947639465,1.1862515674726049,32.54523468017578
B,23,-5,random_orth,200,0.0,0.9899999499320984,-8.06102466583252,-0.5103468894958496,7.838662125253949,32.54523468017578
B,23,-5,real_diff_in_helix_subspace,200,0.0,0.9899999499320984,-8.049423217773438,-0.5094961524009705,8.398562602492383,32.54523468017578
B,23,-5,full_swap,200,0.0,0.9799999594688416,-8.009791374206543,-0.5109632015228271,15.981232643127441,32.54523468017578
B,24,-5,helix,200,0.0,0.98499995470047,-8.052103042602539,-0.5160783529281616,8.14226357337348,33.90096664428711
B,24,-5,only_T2,200,0.0,0.9899999499320984,-8.053193092346191,-0.5115755796432495,4.57846913735542,33.90096664428711
B,24,-5,only_T5,200,0.0,0.9950000047683716,-8.054998397827148,-0.511760950088501,8.29740064744317e-15,33.90096664428711
B,24,-5,only_T10,200,0.0,0.9899999499320984,-8.054644584655762,-0.5143604278564453,6.386826926578281,33.90096664428711
B,24,-5,only_T100,200,0.0,0.9950000047683716,-8.05014705657959,-0.5124078392982483,1.855364608695341,33.90096664428711
B,24,-5,only_lin,200,0.0,0.98499995470047,-8.057435989379883,-0.5126071572303772,1.241112994327155,33.90096664428711
B,24,-5,random_orth,200,0.0,0.9899999499320984,-8.064806938171387,-0.5112617611885071,8.14226357337348,33.90096664428711
B,24,-5,real_diff_in_helix_subspace,200,0.0,0.9899999499320984,-8.052956581115723,-0.5139222741127014,8.775207919926435,33.90096664428711
B,24,-5,full_swap,200,0.0,0.9950000047683716,-8.046175003051758,-0.5094658732414246,16.642528533935547,33.90096664428711
B,25,-5,helix,200,0.0,0.98499995470047,-8.052528381347656,-0.5155876278877258,8.403786392437132,35.89156723022461
B,25,-5,only_T2,200,0.0,0.9899999499320984,-8.05325698852539,-0.5114403963088989,4.700762375829398,35.89156723022461
B,25,-5,only_T5,200,0.0,0.9950000047683716,-8.054998397827148,-0.511760950088501,8.562817231172411e-15,35.89156723022461
B,25,-5,only_T10,200,0.0,0.9899999499320984,-8.054842948913574,-0.5138277411460876,6.611763173017889,35.89156723022461
B,25,-5,only_T100,200,0.0,0.9950000047683716,-8.052699089050293,-0.5125157833099365,1.9015409562869043,35.89156723022461
B,25,-5,only_lin,200,0.0,0.9899999499320984,-8.058470726013184,-0.5128830075263977,1.292525608960599,35.89156723022461
B,25,-5,random_orth,200,0.0,0.9950000047683716,-8.05406379699707,-0.5122177600860596,8.403786392437132,35.89156723022461
B,25,-5,real_diff_in_helix_subspace,200,0.0,0.9899999499320984,-8.051641464233398,-0.5139263272285461,9.10761462163266,35.89156723022461
B,25,-5,full_swap,200,0.0,0.9950000047683716,-8.045843124389648,-0.5094997882843018,17.231098175048828,35.89156723022461
B,26,-5,helix,200,0.0,0.98499995470047,-8.05159854888916,-0.5148897171020508,8.69892502502949,37.50700378417969
B,26,-5,only_T2,200,0.0,0.9899999499320984,-8.053693771362305,-0.5118695497512817,4.817042156213951,37.50700378417969
B,26,-5,only_T5,200,0.0,0.9950000047683716,-8.054998397827148,-0.511760950088501,8.78465713384431e-15,37.50700378417969
B,26,-5,only_T10,200,0.0,0.98499995470047,-8.054625511169434,-0.5137230753898621,6.882786681188523,37.50700378417969
B,26,-5,only_T100,200,0.0,0.9950000047683716,-8.051362037658691,-0.512051522731781,1.951450532626392,37.50700378417969
B,26,-5,only_lin,200,0.0,0.9899999499320984,-8.056844711303711,-0.5125227570533752,1.3445350168542654,37.50700378417969
B,26,-5,random_orth,200,0.0,0.9950000047683716,-8.060819625854492,-0.5124895572662354,8.69892502502949,37.50700378417969
B,26,-5,real_diff_in_helix_subspace,200,0.0,0.9899999499320984,-8.051952362060547,-0.5134137868881226,9.478688632399157,37.50700378417969
B,26,-5,full_swap,200,0.0,0.9950000047683716,-8.043301582336426,-0.5110011696815491,17.834596633911133,37.50700378417969
B,27,-5,helix,200,0.0,0.9899999499320984,-8.054253578186035,-0.5141677260398865,8.828069813610083,39.134857177734375
B,27,-5,only_T2,200,0.0,0.9899999499320984,-8.053068161010742,-0.5123255252838135,4.875226119105214,39.134857177734375
B,27,-5,only_T5,200,0.0,0.9950000047683716,-8.054998397827148,-0.511760950088501,8.955568782797716e-15,39.134857177734375
B,27,-5,only_T10,200,0.0,0.9899999499320984,-8.052494049072266,-0.5118488669395447,6.993281456246991,39.134857177734375
B,27,-5,only_T100,200,0.0,0.9950000047683716,-8.050262451171875,-0.5132615566253662,1.9839526421548697,39.134857177734375
B,27,-5,only_lin,200,0.0,0.9950000047683716,-8.055949211120605,-0.5123659372329712,1.3868429802162767,39.134857177734375
B,27,-5,random_orth,200,0.0,0.9899999499320984,-8.056943893432617,-0.5125100016593933,8.828069813610082,39.134857177734375
B,27,-5,real_diff_in_helix_subspace,200,0.0,0.9899999499320984,-8.05417251586914,-0.5127294063568115,9.656441098492653,39.134857177734375
B,27,-5,full_swap,200,0.0,0.9950000047683716,-8.053054809570312,-0.5124630331993103,18.221092224121094,39.134857177734375
B,28,-5,helix,200,0.0,0.9899999499320984,-8.056086540222168,-0.5142011642456055,9.08600091218432,42.08712387084961
B,28,-5,only_T2,200,0.0,0.9899999499320984,-8.054898262023926,-0.5124939680099487,4.972102592598358,42.08712387084961
B,28,-5,only_T5,200,0.0,0.9950000047683716,-8.054998397827148,-0.511760950088501,9.130308353061458e-15,42.08712387084961
B,28,-5,only_T10,200,0.0,0.9899999499320984,-8.055638313293457,-0.511730432510376,7.239395097065198,42.08712387084961
B,28,-5,only_T100,200,0.0,0.9950000047683716,-8.050881385803223,-0.5131492614746094,2.0139395144613377,42.08712387084961
B,28,-5,only_lin,200,0.0,0.9950000047683716,-8.056863784790039,-0.5118778347969055,1.4259887259251576,42.08712387084961
B,28,-5,random_orth,200,0.0,0.9899999499320984,-8.055192947387695,-0.5132372975349426,9.08600091218432,42.08712387084961
B,28,-5,real_diff_in_helix_subspace,200,0.0,0.9899999499320984,-8.056757926940918,-0.5125223398208618,10.046457682687,42.08712387084961
B,28,-5,full_swap,200,0.0,0.9950000047683716,-8.05574893951416,-0.5124096870422363,18.836803436279297,42.08712387084961
B,29,-5,helix,200,0.0,0.9950000047683716,-8.055639266967773,-0.5117896199226379,9.430901299850369,51.215694427490234
B,29,-5,only_T2,200,0.0,0.9950000047683716,-8.053342819213867,-0.5122689008712769,5.06629925791492,51.215694427490234
B,29,-5,only_T5,200,0.0,0.9950000047683716,-8.054998397827148,-0.511760950088501,9.37393353419009e-15,51.215694427490234
B,29,-5,only_T10,200,0.0,0.9950000047683716,-8.055632591247559,-0.5118045806884766,7.580167674009249,51.215694427490234
B,29,-5,only_T100,200,0.0,0.9950000047683716,-8.053658485412598,-0.5121557712554932,2.0636829840840214,51.215694427490234
B,29,-5,only_lin,200,0.0,0.9950000047683716,-8.055545806884766,-0.5115890502929688,1.483002385315196,51.215694427490234
B,29,-5,random_orth,200,0.0,0.9950000047683716,-8.054335594177246,-0.5114730596542358,9.430901299850369,51.215694427490234
B,29,-5,real_diff_in_helix_subspace,200,0.0,0.9950000047683716,-8.056519508361816,-0.5109670162200928,10.61696345472186,51.215694427490234
B,29,-5,full_swap,200,0.0,0.9950000047683716,-8.055062294006348,-0.5110039114952087,19.7316837310791,51.215694427490234
B,30,-5,helix,200,0.0,0.9950000047683716,-8.055130958557129,-0.5118331909179688,9.92347971398191,63.77887725830078
B,30,-5,only_T2,200,0.0,0.9950000047683716,-8.052852630615234,-0.512055516242981,5.22518009369888,63.77887725830078
B,30,-5,only_T5,200,0.0,0.9950000047683716,-8.054998397827148,-0.511760950088501,9.652156173483856e-15,63.77887725830078
B,30,-5,only_T10,200,0.0,0.9950000047683716,-8.05362606048584,-0.511982262134552,8.048249699657822,63.77887725830078
B,30,-5,only_T100,200,0.0,0.9950000047683716,-8.052459716796875,-0.5119391679763794,2.1194658949805953,63.77887725830078
B,30,-5,only_lin,200,0.0,0.9950000047683716,-8.055476188659668,-0.5113509893417358,1.5585467822005699,63.77887725830078
B,30,-5,random_orth,200,0.0,0.9950000047683716,-8.055520057678223,-0.5118072628974915,9.92347971398191,63.77887725830078
B,30,-5,real_diff_in_helix_subspace,200,0.0,0.9950000047683716,-8.054699897766113,-0.5111185312271118,11.371759082519493,63.77887725830078
B,30,-5,full_swap,200,0.0,0.9950000047683716,-8.054929733276367,-0.5111005902290344,20.745990753173828,63.77887725830078
B,31,-5,helix,200,0.0,0.9950000047683716,-8.054998397827148,-0.511760950088501,10.39674981616104,79.31658172607422
B,31,-5,only_T2,200,0.0,0.9950000047683716,-8.054998397827148,-0.511760950088501,5.412374727616873,79.31658172607422
B,31,-5,only_T5,200,0.0,0.9950000047683716,-8.054998397827148,-0.511760950088501,1.0105534057625892e-14,79.31658172607422
B,31,-5,only_T10,200,0.0,0.9950000047683716,-8.054998397827148,-0.511760950088501,8.437163314429847,79.31658172607422
B,31,-5,only_T100,200,0.0,0.9950000047683716,-8.054998397827148,-0.511760950088501,2.1764625493589715,79.31658172607422
B,31,-5,only_lin,200,0.0,0.9950000047683716,-8.054998397827148,-0.511760950088501,1.721000410742788,79.31658172607422
B,31,-5,random_orth,200,0.0,0.9950000047683716,-8.054998397827148,-0.511760950088501,10.39674981616104,79.31658172607422
B,31,-5,real_diff_in_helix_subspace,200,0.0,0.9950000047683716,-8.054998397827148,-0.511760950088501,12.094957671983693,79.31658172607422
B,31,-5,full_swap,200,0.0,0.9950000047683716,-8.054998397827148,-0.511760950088501,21.740571975708008,79.31658172607422
B,0,-2,helix,200,0.6349999904632568,0.23499999940395355,-1.3546688556671143,-3.38411808013916,1.5457477795596817,3.7749221324920654
B,0,-2,only_T2,200,0.0,0.9899999499320984,-5.866114139556885,-0.4788691997528076,0.0,3.7749221324920654
B,0,-2,only_T5,200,0.26999998092651367,0.4599999785423279,-3.0413522720336914,-1.92005455493927,1.301847649071429,3.7749221324920654
B,0,-2,only_T10,200,0.03999999910593033,0.7999999523162842,-4.726366996765137,-1.0022366046905518,0.8078295155830222,3.7749221324920654
B,0,-2,only_T100,200,0.0,0.9549999833106995,-5.845894813537598,-0.5073176622390747,0.18351350929431065,3.7749221324920654
B,0,-2,only_lin,200,0.0,0.9749999642372131,-5.844789981842041,-0.5135396718978882,0.09447860660834148,3.7749221324920654
B,0,-2,random_orth,200,0.0,0.9749999642372131,-5.847328186035156,-0.4979172348976135,1.545747779559682,3.7749221324920654
B,0,-2,real_diff_in_helix_subspace,200,0.5899999737739563,0.2449999898672104,-1.620870590209961,-3.4447293281555176,1.5598629636901835,3.7749221324920654
B,0,-2,full_swap,200,0.8799999952316284,0.004999999888241291,-0.6237543821334839,-5.589640140533447,3.9129302501678467,3.7749221324920654
B,1,-2,helix,200,0.6549999713897705,0.23499999940395355,-1.354343056678772,-3.4156835079193115,1.5370377716883317,4.054397106170654
B,1,-2,only_T2,200,0.0,0.9899999499320984,-5.866114139556885,-0.4788691997528076,0.0,4.054397106170654
B,1,-2,only_T5,200,0.26499998569488525,0.4650000035762787,-3.0458831787109375,-1.9389055967330933,1.2935122050641865,4.054397106170654
B,1,-2,only_T10,200,0.03999999910593033,0.7899999618530273,-4.714228630065918,-1.01979660987854,0.8017367132796477,4.054397106170654
B,1,-2,only_T100,200,0.004999999888241291,0.9399999976158142,-5.835352420806885,-0.506075382232666,0.18817600152188937,4.054397106170654
B,1,-2,only_lin,200,0.0,0.9799999594688416,-5.846149921417236,-0.5135849714279175,0.1002613493316833,4.054397106170654
B,1,-2,random_orth,200,0.0,0.9799999594688416,-5.808431148529053,-0.4883836507797241,1.5370377716883317,4.054397106170654
B,1,-2,real_diff_in_helix_subspace,200,0.5999999642372131,0.2449999898672104,-1.6015690565109253,-3.4629392623901367,1.5515645773330835,4.054397106170654
B,1,-2,full_swap,200,0.8799999952316284,0.004999999888241291,-0.6223048567771912,-5.583193778991699,3.849334716796875,4.054397106170654
B,2,-2,helix,200,0.6599999666213989,0.2149999886751175,-1.3251821994781494,-3.495851993560791,1.6266632780366974,4.759139537811279
B,2,-2,only_T2,200,0.0,0.9899999499320984,-5.866114139556885,-0.4788691997528076,0.0,4.759139537811279
B,2,-2,only_T5,200,0.26999998092651367,0.45499998331069946,-3.0281035900115967,-1.9882259368896484,1.3644855142419043,4.759139537811279
B,2,-2,only_T10,200,0.03999999910593033,0.7749999761581421,-4.690067291259766,-1.046685814857483,0.8535189734230267,4.759139537811279
B,2,-2,only_T100,200,0.004999999888241291,0.949999988079071,-5.835029602050781,-0.5078766345977783,0.199851424765264,4.759139537811279
B,2,-2,only_lin,200,0.0,0.9699999690055847,-5.842438220977783,-0.5169838666915894,0.10812909243264766,4.759139537811279
B,2,-2,random_orth,200,0.004999999888241291,0.9699999690055847,-5.814013481140137,-0.5058192610740662,1.6266632780366974,4.759139537811279
B,2,-2,real_diff_in_helix_subspace,200,0.6049999594688416,0.22999998927116394,-1.560141682624817,-3.5052146911621094,1.6458116663531004,4.759139537811279
B,2,-2,full_swap,200,0.8849999904632568,0.004999999888241291,-0.621388852596283,-5.575084209442139,4.019360542297363,4.759139537811279
B,3,-2,helix,200,0.675000011920929,0.1899999976158142,-1.2716525793075562,-3.591151237487793,1.7690624950311775,5.343654632568359
B,3,-2,only_T2,200,0.0,0.9899999499320984,-5.866114139556885,-0.4788691997528076,0.0,5.343654632568359
B,3,-2,only_T5,200,0.2750000059604645,0.4399999976158142,-2.972290277481079,-2.04528546333313,1.4857574794506645,5.343654632568359
B,3,-2,only_T10,200,0.03999999910593033,0.7799999713897705,-4.651386260986328,-1.099441647529602,0.92140754595795,5.343654632568359
B,3,-2,only_T100,200,0.004999999888241291,0.9449999928474426,-5.836354732513428,-0.5087115168571472,0.2122375590409895,5.343654632568359
B,3,-2,only_lin,200,0.0,0.9749999642372131,-5.849758148193359,-0.515652596950531,0.11997505815916173,5.343654632568359
B,3,-2,random_orth,200,0.004999999888241291,0.9599999785423279,-5.845368385314941,-0.4922548532485962,1.7690624950311775,5.343654632568359
B,3,-2,real_diff_in_helix_subspace,200,0.6150000095367432,0.2199999988079071,-1.5185651779174805,-3.58257794380188,1.791048908013392,5.343654632568359
B,3,-2,full_swap,200,0.8899999856948853,0.004999999888241291,-0.6183884143829346,-5.580616474151611,4.193154811859131,5.343654632568359
B,4,-2,helix,200,0.6699999570846558,0.20499999821186066,-1.2829006910324097,-3.6174099445343018,1.920982257312595,6.395059585571289
B,4,-2,only_T2,200,0.0,0.9899999499320984,-5.866114139556885,-0.4788691997528076,0.0,6.395059585571289
B,4,-2,only_T5,200,0.26999998092651367,0.4399999976158142,-2.9564247131347656,-2.0516130924224854,1.6085276651350557,6.395059585571289
B,4,-2,only_T10,200,0.054999999701976776,0.75,-4.62644624710083,-1.1145803928375244,1.0051729173384654,6.395059585571289
B,4,-2,only_T100,200,0.004999999888241291,0.9399999976158142,-5.835695743560791,-0.5116323828697205,0.23646238417528206,6.395059585571289
B,4,-2,only_lin,200,0.0,0.9799999594688416,-5.8479905128479,-0.5144968032836914,0.13507117672199814,6.395059585571289
B,4,-2,random_orth,200,0.0,0.9699999690055847,-5.848160743713379,-0.49961599707603455,1.920982257312595,6.395059585571289
B,4,-2,real_diff_in_helix_subspace,200,0.6299999952316284,0.20499999821186066,-1.5253961086273193,-3.598965644836426,1.9538873016005232,6.395059585571289
B,4,-2,full_swap,200,0.8799999952316284,0.004999999888241291,-0.6154975891113281,-5.569394588470459,4.58120584487915,6.395059585571289
B,5,-2,helix,200,0.6800000071525574,0.19999998807907104,-1.2487777471542358,-3.6741769313812256,2.0841461403601573,7.231710910797119
B,5,-2,only_T2,200,0.0,0.9899999499320984,-5.866114139556885,-0.4788691997528076,0.0,7.231710910797119
B,5,-2,only_T5,200,0.2849999964237213,0.42499998211860657,-2.912623167037964,-2.088425636291504,1.740221147885595,7.231710910797119
B,5,-2,only_T10,200,0.054999999701976776,0.7450000047683716,-4.61217737197876,-1.1442863941192627,1.0936287550899515,7.231710910797119
B,5,-2,only_T100,200,0.0,0.949999988079071,-5.833963394165039,-0.5088606476783752,0.2614646635633387,7.231710910797119
B,5,-2,only_lin,200,0.0,0.9699999690055847,-5.851525783538818,-0.5155797004699707,0.15025400395927824,7.231710910797119
B,5,-2,random_orth,200,0.0,0.9749999642372131,-5.870190143585205,-0.4885273277759552,2.0841461403601573,7.231710910797119
B,5,-2,real_diff_in_helix_subspace,200,0.6299999952316284,0.19499999284744263,-1.4835315942764282,-3.641761302947998,2.1231544375375138,7.231710910797119
B,5,-2,full_swap,200,0.8849999904632568,0.004999999888241291,-0.6074830293655396,-5.569011688232422,4.987083911895752,7.231710910797119
B,6,-2,helix,200,0.6800000071525574,0.17999999225139618,-1.2409485578536987,-3.714393138885498,2.228604449994191,8.440315246582031
B,6,-2,only_T2,200,0.0,0.9899999499320984,-5.866114139556885,-0.4788691997528076,0.0,8.440315246582031
B,6,-2,only_T5,200,0.2849999964237213,0.4099999964237213,-2.9069926738739014,-2.1340537071228027,1.8623675859376194,8.440315246582031
B,6,-2,only_T10,200,0.054999999701976776,0.7450000047683716,-4.603756427764893,-1.1521670818328857,1.1627983367716328,8.440315246582031
B,6,-2,only_T100,200,0.004999999888241291,0.9399999976158142,-5.830027103424072,-0.5089452862739563,0.28212651782935483,8.440315246582031
B,6,-2,only_lin,200,0.0,0.9599999785423279,-5.851192474365234,-0.5184097290039062,0.1680070085087813,8.440315246582031
B,6,-2,random_orth,200,0.0,0.9699999690055847,-5.84787654876709,-0.5003734230995178,2.228604449994191,8.440315246582031
B,6,-2,real_diff_in_helix_subspace,200,0.6299999952316284,0.19499999284744263,-1.510878562927246,-3.6798503398895264,2.278322990413847,8.440315246582031
B,6,-2,full_swap,200,0.8849999904632568,0.004999999888241291,-0.6102913618087769,-5.559060096740723,5.330438613891602,8.440315246582031
B,7,-2,helix,200,0.675000011920929,0.17499999701976776,-1.2270101308822632,-3.766061305999756,2.330973279388431,9.183265686035156
B,7,-2,only_T2,200,0.0,0.9899999499320984,-5.866114139556885,-0.4788691997528076,0.0,9.183265686035156
B,7,-2,only_T5,200,0.2849999964237213,0.4050000011920929,-2.8913090229034424,-2.181087017059326,1.9419461292128568,9.183265686035156
B,7,-2,only_T10,200,0.05999999865889549,0.7450000047683716,-4.575521469116211,-1.1817820072174072,1.223370899463105,9.183265686035156
B,7,-2,only_T100,200,0.004999999888241291,0.9399999976158142,-5.831722259521484,-0.5078012943267822,0.2984951587729105,9.183265686035156
B,7,-2,only_lin,200,0.0,0.9649999737739563,-5.850996971130371,-0.5184808969497681,0.17822037341747843,9.183265686035156
B,7,-2,random_orth,200,0.0,0.9699999690055847,-5.834229469299316,-0.5051732063293457,2.330973279388431,9.183265686035156
B,7,-2,real_diff_in_helix_subspace,200,0.6150000095367432,0.1899999976158142,-1.535067081451416,-3.7193315029144287,2.3968560628270006,9.183265686035156
B,7,-2,full_swap,200,0.8799999952316284,0.004999999888241291,-0.6109856367111206,-5.551498889923096,5.593790054321289,9.183265686035156
B,8,-2,helix,200,0.6899999976158142,0.17000000178813934,-1.2229591608047485,-3.782198190689087,2.4475325637998857,10.306682586669922
B,8,-2,only_T2,200,0.0,0.9899999499320984,-5.866114139556885,-0.4788691997528076,0.0,10.306682586669922
B,8,-2,only_T5,200,0.2849999964237213,0.4099999964237213,-2.8914506435394287,-2.191601037979126,2.035031547911463,10.306682586669922
B,8,-2,only_T10,200,0.05999999865889549,0.75,-4.561260223388672,-1.2061598300933838,1.288606847591422,10.306682586669922
B,8,-2,only_T100,200,0.004999999888241291,0.9449999928474426,-5.83452033996582,-0.5073422789573669,0.3166487494406061,10.306682586669922
B,8,-2,only_lin,200,0.0,0.9649999737739563,-5.845598220825195,-0.5197301506996155,0.19146715601818604,10.306682586669922
B,8,-2,random_orth,200,0.0,0.9899999499320984,-5.820620059967041,-0.4859893321990967,2.4475325637998857,10.306682586669922
B,8,-2,real_diff_in_helix_subspace,200,0.6349999904632568,0.1899999976158142,-1.55653977394104,-3.7554571628570557,2.532161160255059,10.306682586669922
B,8,-2,full_swap,200,0.8849999904632568,0.004999999888241291,-0.6086573600769043,-5.543220043182373,5.923298358917236,10.306682586669922
B,9,-2,helix,200,0.7049999833106995,0.1550000011920929,-1.2003685235977173,-3.832223415374756,2.5159680704995693,11.237086296081543
B,9,-2,only_T2,200,0.0,0.9899999499320984,-5.866114139556885,-0.4788691997528076,0.0,11.237086296081543
B,9,-2,only_T5,200,0.29499998688697815,0.3999999761581421,-2.8688926696777344,-2.2254533767700195,2.0937036706266134,11.237086296081543
B,9,-2,only_T10,200,0.06499999761581421,0.7450000047683716,-4.548089981079102,-1.2280328273773193,1.3229810762820873,11.237086296081543
B,9,-2,only_T100,200,0.004999999888241291,0.9449999928474426,-5.833471775054932,-0.5073395371437073,0.32451477078245333,11.237086296081543
B,9,-2,only_lin,200,0.0,0.9599999785423279,-5.8417887687683105,-0.519853949546814,0.19755529333356037,11.237086296081543
B,9,-2,random_orth,200,0.0,0.9699999690055847,-5.820903301239014,-0.49298375844955444,2.5159680704995693,11.237086296081543
B,9,-2,real_diff_in_helix_subspace,200,0.6200000047683716,0.17499999701976776,-1.5801615715026855,-3.7839958667755127,2.6051490372551513,11.237086296081543
B,9,-2,full_swap,200,0.8700000047683716,0.004999999888241291,-0.6143951416015625,-5.541042804718018,6.107426643371582,11.237086296081543
B,10,-2,helix,200,0.6949999928474426,0.1550000011920929,-1.1681996583938599,-3.928734064102173,2.676174704826137,11.737371444702148
B,10,-2,only_T2,200,0.0,0.9899999499320984,-5.866114139556885,-0.4788691997528076,0.0,11.737371444702148
B,10,-2,only_T5,200,0.29999998211860657,0.38499999046325684,-2.8313841819763184,-2.2925431728363037,2.2122635233449714,11.737371444702148
B,10,-2,only_T10,200,0.07999999821186066,0.7049999833106995,-4.515031814575195,-1.2899420261383057,1.4323106894929054,11.737371444702148
B,10,-2,only_T100,200,0.004999999888241291,0.949999988079071,-5.834603309631348,-0.5076733231544495,0.33632219020765547,11.737371444702148
B,10,-2,only_lin,200,0.0,0.9549999833106995,-5.843966960906982,-0.51971036195755,0.20584523633006482,11.737371444702148
B,10,-2,random_orth,200,0.004999999888241291,0.9549999833106995,-5.864929676055908,-0.5070894360542297,2.676174704826137,11.737371444702148
B,10,-2,real_diff_in_helix_subspace,200,0.5899999737739563,0.1850000023841858,-1.6321157217025757,-3.8724565505981445,2.7836112795935937,11.737371444702148
B,10,-2,full_swap,200,0.875,0.004999999888241291,-0.6121957302093506,-5.536932945251465,6.425551891326904,11.737371444702148
B,11,-2,helix,200,0.7299999594688416,0.11999999731779099,-1.158443570137024,-4.031030654907227,2.915652040844044,12.735090255737305
B,11,-2,only_T2,200,0.0,0.9899999499320984,-5.866114139556885,-0.4788691997528076,0.0,12.735090255737305
B,11,-2,only_T5,200,0.28999999165534973,0.3700000047683716,-2.8166232109069824,-2.424370050430298,2.410136878015739,12.735090255737305
B,11,-2,only_T10,200,0.09999999403953552,0.6649999618530273,-4.486356258392334,-1.41011381149292,1.5744046637050553,12.735090255737305
B,11,-2,only_T100,200,0.004999999888241291,0.9399999976158142,-5.836326599121094,-0.505945086479187,0.35004735426111866,12.735090255737305
B,11,-2,only_lin,200,0.0,0.9749999642372131,-5.845898151397705,-0.5165930986404419,0.21869841732472406,12.735090255737305
B,11,-2,random_orth,200,0.0,0.9749999642372131,-5.845278263092041,-0.48905426263809204,2.915652040844044,12.735090255737305
B,11,-2,real_diff_in_helix_subspace,200,0.5949999690055847,0.17000000178813934,-1.6038155555725098,-3.9675567150115967,3.058040282395542,12.735090255737305
B,11,-2,full_swap,200,0.8799999952316284,0.004999999888241291,-0.6032756567001343,-5.516794204711914,6.855688571929932,12.735090255737305
B,12,-2,helix,200,0.5349999666213989,0.32999998331069946,-1.7542006969451904,-2.8901214599609375,3.2495989622205617,13.502574920654297
B,12,-2,only_T2,200,0.0,0.9899999499320984,-5.866114139556885,-0.4788691997528076,0.0,13.502574920654297
B,12,-2,only_T5,200,0.25,0.5099999904632568,-3.302755117416382,-1.744660496711731,2.690056693049745,13.502574920654297
B,12,-2,only_T10,200,0.029999999329447746,0.7899999618530273,-4.692428112030029,-1.0752618312835693,1.757659719580477,13.502574920654297
B,12,-2,only_T100,200,0.0,0.9549999833106995,-5.839847087860107,-0.5024951696395874,0.36536756252588715,13.502574920654297
B,12,-2,only_lin,200,0.0,0.98499995470047,-5.850489139556885,-0.5050488114356995,0.23144347769524998,13.502574920654297
B,12,-2,random_orth,200,0.0,0.9699999690055847,-5.869553089141846,-0.48803430795669556,3.249598962220562,13.502574920654297
B,12,-2,real_diff_in_helix_subspace,200,0.5049999952316284,0.32499998807907104,-1.998709797859192,-2.8866665363311768,3.3969798496346963,13.502574920654297
B,12,-2,full_swap,200,0.7949999570846558,0.10499999672174454,-0.7604019045829773,-4.28889799118042,7.4254255294799805,13.502574920654297
B,13,-2,helix,200,0.4449999928474426,0.3999999761581421,-2.1374080181121826,-2.4661409854888916,3.5243266995881397,14.411347389221191
B,13,-2,only_T2,200,0.0,0.9899999499320984,-5.866114139556885,-0.4788691997528076,0.0,14.411347389221191
B,13,-2,only_T5,200,0.2199999988079071,0.5550000071525574,-3.569638967514038,-1.514790415763855,2.904513252054901,14.411347389221191
B,13,-2,only_T10,200,0.019999999552965164,0.8050000071525574,-4.752152919769287,-0.9998136162757874,1.9305443529114945,14.411347389221191
B,13,-2,only_T100,200,0.0,0.9599999785423279,-5.843039512634277,-0.5027617812156677,0.392351333147414,14.411347389221191
B,13,-2,only_lin,200,0.0,0.9749999642372131,-5.848325252532959,-0.5034849047660828,0.25308164104799735,14.411347389221191
B,13,-2,random_orth,200,0.0,0.98499995470047,-5.835024356842041,-0.48359572887420654,3.524326699588139,14.411347389221191
B,13,-2,real_diff_in_helix_subspace,200,0.429999977350235,0.41999998688697815,-2.3604378700256348,-2.4666638374328613,3.681595647675859,14.411347389221191
B,13,-2,full_swap,200,0.7199999690055847,0.1850000023841858,-1.1098103523254395,-3.4603538513183594,7.920560836791992,14.411347389221191
B,14,-2,helix,200,0.3499999940395355,0.5199999809265137,-2.7858831882476807,-1.8681248426437378,3.6619249751255385,15.948037147521973
B,14,-2,only_T2,200,0.0,0.9899999499320984,-5.866114139556885,-0.4788691997528076,0.0,15.948037147521973
B,14,-2,only_T5,200,0.16499999165534973,0.6349999904632568,-3.932535409927368,-1.2515311241149902,3.0171538814808185,15.948037147521973
B,14,-2,only_T10,200,0.019999999552965164,0.85999995470047,-4.979519367218018,-0.7961851954460144,2.006972202438095,15.948037147521973
B,14,-2,only_T100,200,0.0,0.9549999833106995,-5.845276832580566,-0.49115264415740967,0.40528290234941594,15.948037147521973
B,14,-2,only_lin,200,0.0,0.9899999499320984,-5.854313850402832,-0.4953455924987793,0.2681135063200737,15.948037147521973
B,14,-2,random_orth,200,0.0,0.9799999594688416,-5.857997894287109,-0.49548107385635376,3.6619249751255385,15.948037147521973
B,14,-2,real_diff_in_helix_subspace,200,0.3199999928474426,0.5349999666213989,-2.9637625217437744,-1.8619484901428223,3.873668058767812,15.948037147521973
B,14,-2,full_swap,200,0.5349999666213989,0.375,-1.8081769943237305,-2.481581449508667,8.255428314208984,15.948037147521973
B,15,-2,helix,200,0.3449999988079071,0.5149999856948853,-2.7802984714508057,-1.866073727607727,3.951895273270251,17.250703811645508
B,15,-2,only_T2,200,0.0,0.9899999499320984,-5.866114139556885,-0.4788691997528076,0.0,17.250703811645508
B,15,-2,only_T5,200,0.16499999165534973,0.6449999809265137,-3.921074151992798,-1.2710338830947876,3.275633621503254,17.250703811645508
B,15,-2,only_T10,200,0.019999999552965164,0.85999995470047,-4.984771728515625,-0.7998622059822083,2.1253892382249555,17.250703811645508
B,15,-2,only_T100,200,0.0,0.9599999785423279,-5.846514701843262,-0.4947560131549835,0.45427732168689033,17.250703811645508
B,15,-2,only_lin,200,0.0,0.98499995470047,-5.857182025909424,-0.4952937662601471,0.29236564191174585,17.250703811645508
B,15,-2,random_orth,200,0.0,0.98499995470047,-5.869011878967285,-0.48621314764022827,3.951895273270251,17.250703811645508
B,15,-2,real_diff_in_helix_subspace,200,0.3149999976158142,0.5450000166893005,-3.0015740394592285,-1.88605797290802,4.240504646189574,17.250703811645508
B,15,-2,full_swap,200,0.5199999809265137,0.3799999952316284,-1.855573058128357,-2.4304332733154297,8.874187469482422,17.250703811645508
B,16,-2,helix,200,0.3349999785423279,0.5349999666213989,-2.8716392517089844,-1.8265609741210938,4.510726922939349,19.165122985839844
B,16,-2,only_T2,200,0.0,0.9899999499320984,-5.866114139556885,-0.4788691997528076,0.0,19.165122985839844
B,16,-2,only_T5,200,0.16499999165534973,0.6499999761581421,-3.9923532009124756,-1.2515233755111694,3.7264378980184256,19.165122985839844
B,16,-2,only_T10,200,0.019999999552965164,0.8650000095367432,-4.963102340698242,-0.8028773069381714,2.440161366399468,19.165122985839844
B,16,-2,only_T100,200,0.0,0.9549999833106995,-5.853006362915039,-0.49578437209129333,0.5055311389015987,19.165122985839844
B,16,-2,only_lin,200,0.0,0.98499995470047,-5.855885982513428,-0.49317649006843567,0.32276104770700903,19.165122985839844
B,16,-2,random_orth,200,0.004999999888241291,0.9899999499320984,-5.868870258331299,-0.4835553765296936,4.510726922939349,19.165122985839844
B,16,-2,real_diff_in_helix_subspace,200,0.3149999976158142,0.5550000071525574,-3.077085494995117,-1.8038157224655151,4.778807282878417,19.165122985839844
B,16,-2,full_swap,200,0.4749999940395355,0.42499998211860657,-2.135660409927368,-2.1530632972717285,10.0267915725708,19.165122985839844
B,17,-2,helix,200,0.25999999046325684,0.6100000143051147,-3.3813958168029785,-1.5121155977249146,4.810517625758347,21.01110076904297
B,17,-2,only_T2,200,0.0,0.9899999499320984,-5.866114139556885,-0.4788691997528076,0.0,21.01110076904297
B,17,-2,only_T5,200,0.125,0.75,-4.301682472229004,-1.0919853448867798,3.961589525202693,21.01110076904297
B,17,-2,only_T10,200,0.009999999776482582,0.8899999856948853,-5.113934516906738,-0.7305274605751038,2.621247381571217,21.01110076904297
B,17,-2,only_T100,200,0.0,0.9749999642372131,-5.854654312133789,-0.4874059557914734,0.5393379842003411,21.01110076904297
B,17,-2,only_lin,200,0.0,0.9899999499320984,-5.8575897216796875,-0.4886871874332428,0.34301713019370667,21.01110076904297
B,17,-2,random_orth,200,0.0,0.9749999642372131,-5.865895748138428,-0.4798771142959595,4.810517625758347,21.01110076904297
B,17,-2,real_diff_in_helix_subspace,200,0.25,0.6349999904632568,-3.5153093338012695,-1.47806978225708,5.1205139439934735,21.01110076904297
B,17,-2,full_swap,200,0.3349999785423279,0.5550000071525574,-2.840247392654419,-1.6933518648147583,10.688091278076172,21.01110076904297
B,18,-2,helix,200,0.22499999403953552,0.6699999570846558,-3.7397069931030273,-1.247011423110962,5.059450310878393,22.531143188476562
B,18,-2,only_T2,200,0.0,0.9899999499320984,-5.866114139556885,-0.4788691997528076,0.0,22.531143188476562
B,18,-2,only_T5,200,0.07499999552965164,0.824999988079071,-4.551517009735107,-0.9433807134628296,4.163406972191442,22.531143188476562
B,18,-2,only_T10,200,0.019999999552965164,0.9149999618530273,-5.217326641082764,-0.6737766265869141,2.761374608501411,22.531143188476562
B,18,-2,only_T100,200,0.0,0.9799999594688416,-5.855872631072998,-0.4855780005455017,0.5634942407158351,22.531143188476562
B,18,-2,only_lin,200,0.0,0.9950000047683716,-5.865046977996826,-0.4843922257423401,0.3610003867241188,22.531143188476562
B,18,-2,random_orth,200,0.0,0.9950000047683716,-5.874650955200195,-0.4687105417251587,5.059450310878393,22.531143188476562
B,18,-2,real_diff_in_helix_subspace,200,0.2149999886751175,0.6850000023841858,-3.8275060653686523,-1.2267190217971802,5.455708304504863,22.531143188476562
B,18,-2,full_swap,200,0.25999999046325684,0.6399999856948853,-3.288029432296753,-1.3162184953689575,11.32032585144043,22.531143188476562
B,19,-2,helix,200,0.0,0.9799999594688416,-5.802820205688477,-0.4809335470199585,5.365238773576221,24.715085983276367
B,19,-2,only_T2,200,0.0,0.9899999499320984,-5.866114139556885,-0.4788691997528076,0.0,24.715085983276367
B,19,-2,only_T5,200,0.0,0.98499995470047,-5.840753078460693,-0.48193132877349854,4.414998519842339,24.715085983276367
B,19,-2,only_T10,200,0.0,1.0,-5.844247817993164,-0.47535276412963867,2.9261771976555777,24.715085983276367
B,19,-2,only_T100,200,0.0,0.9950000047683716,-5.862433910369873,-0.4784032702445984,0.5913894253292927,24.715085983276367
B,19,-2,only_lin,200,0.0,0.9899999499320984,-5.867251873016357,-0.4809022843837738,0.3861641993897099,24.715085983276367
B,19,-2,random_orth,200,0.0,0.9899999499320984,-5.872010231018066,-0.479297012090683,5.365238773576221,24.715085983276367
B,19,-2,real_diff_in_helix_subspace,200,0.0,0.9899999499320984,-5.810161113739014,-0.4776134490966797,5.878284199123055,24.715085983276367
B,19,-2,full_swap,200,0.004999999888241291,0.9699999690055847,-5.742382049560547,-0.47468340396881104,11.978703498840332,24.715085983276367
B,20,-2,helix,200,0.004999999888241291,0.9749999642372131,-5.79810094833374,-0.4825652241706848,5.646928664160913,26.672327041625977
B,20,-2,only_T2,200,0.0,0.9899999499320984,-5.866114139556885,-0.4788691997528076,0.0,26.672327041625977
B,20,-2,only_T5,200,0.0,0.98499995470047,-5.835107803344727,-0.48164457082748413,4.63823169507004,26.672327041625977
B,20,-2,only_T10,200,0.0,0.9950000047683716,-5.838845252990723,-0.47640350461006165,3.082191071507231,26.672327041625977
B,20,-2,only_T100,200,0.0,0.9899999499320984,-5.86297607421875,-0.47872617840766907,0.6277793016758356,26.672327041625977
B,20,-2,only_lin,200,0.0,0.9899999499320984,-5.868648529052734,-0.48050758242607117,0.4083862490199245,26.672327041625977
B,20,-2,random_orth,200,0.0,1.0,-5.867497444152832,-0.47476789355278015,5.646928664160913,26.672327041625977
B,20,-2,real_diff_in_helix_subspace,200,0.004999999888241291,0.98499995470047,-5.805867671966553,-0.47749122977256775,6.215219224833878,26.672327041625977
B,20,-2,full_swap,200,0.004999999888241291,0.9699999690055847,-5.732877731323242,-0.47696566581726074,12.639775276184082,26.672327041625977
B,21,-2,helix,200,0.0,0.9899999499320984,-5.828760623931885,-0.4791468381881714,5.897955000461813,28.493947982788086
B,21,-2,only_T2,200,0.0,0.9899999499320984,-5.866114139556885,-0.4788691997528076,0.0,28.493947982788086
B,21,-2,only_T5,200,0.0,0.98499995470047,-5.849905490875244,-0.48291492462158203,4.824844266541268,28.493947982788086
B,21,-2,only_T10,200,0.0,1.0,-5.852540016174316,-0.4728832244873047,3.2487300333787097,28.493947982788086
B,21,-2,only_T100,200,0.0,0.9950000047683716,-5.86287260055542,-0.4777500033378601,0.6561385294382674,28.493947982788086
B,21,-2,only_lin,200,0.0,0.9899999499320984,-5.868168830871582,-0.4802146852016449,0.43053833344364845,28.493947982788086
B,21,-2,random_orth,200,0.0,0.9950000047683716,-5.865745544433594,-0.4761975109577179,5.897955000461813,28.493947982788086
B,21,-2,real_diff_in_helix_subspace,200,0.0,0.9950000047683716,-5.830850601196289,-0.47617435455322266,6.568720509636047,28.493947982788086
B,21,-2,full_swap,200,0.0,0.98499995470047,-5.805745601654053,-0.46957144141197205,13.263252258300781,28.493947982788086
B,22,-2,helix,200,0.0,0.9950000047683716,-5.82961368560791,-0.4793578088283539,6.176981918051704,30.54574203491211
B,22,-2,only_T2,200,0.0,0.9899999499320984,-5.866114139556885,-0.4788691997528076,0.0,30.54574203491211
B,22,-2,only_T5,200,0.0,0.9899999499320984,-5.851109981536865,-0.48391205072402954,5.037276959614188,30.54574203491211
B,22,-2,only_T10,200,0.0,1.0,-5.85296630859375,-0.4734398424625397,3.4267037944496237,30.54574203491211
B,22,-2,only_T100,200,0.0,0.9950000047683716,-5.865234851837158,-0.4778054654598236,0.6849907655117048,30.54574203491211
B,22,-2,only_lin,200,0.0,0.9899999499320984,-5.868765830993652,-0.48103803396224976,0.4541848821459628,30.54574203491211
B,22,-2,random_orth,200,0.0,0.9899999499320984,-5.869213581085205,-0.47712111473083496,6.176981918051704,30.54574203491211
B,22,-2,real_diff_in_helix_subspace,200,0.0,0.9950000047683716,-5.832590103149414,-0.4774262607097626,6.950190781431897,30.54574203491211
B,22,-2,full_swap,200,0.0,0.9799999594688416,-5.80967903137207,-0.4697004556655884,13.93417739868164,30.54574203491211
B,23,-2,helix,200,0.0,0.9899999499320984,-5.882335186004639,-0.473326176404953,6.478101471975002,32.313148498535156
B,23,-2,only_T2,200,0.0,0.9899999499320984,-5.866114139556885,-0.4788691997528076,0.0,32.313148498535156
B,23,-2,only_T5,200,0.0,0.9799999594688416,-5.883182048797607,-0.4831826388835907,5.271165856350703,32.313148498535156
B,23,-2,only_T10,200,0.0,1.0,-5.877468109130859,-0.4687030017375946,3.61098549570413,32.313148498535156
B,23,-2,only_T100,200,0.0,0.9899999499320984,-5.8641276359558105,-0.4795342981815338,0.7140518545258504,32.313148498535156
B,23,-2,only_lin,200,0.0,0.9899999499320984,-5.868678569793701,-0.4790542423725128,0.474500626989042,32.313148498535156
B,23,-2,random_orth,200,0.0,0.9950000047683716,-5.86939001083374,-0.47719496488571167,6.478101471975002,32.313148498535156
B,23,-2,real_diff_in_helix_subspace,200,0.0,0.9950000047683716,-5.874040603637695,-0.4788146913051605,7.307067110196267,32.313148498535156
B,23,-2,full_swap,200,0.0,0.9899999499320984,-5.880541801452637,-0.4721701741218567,14.610467910766602,32.313148498535156
B,24,-2,helix,200,0.0,0.9950000047683716,-5.866037845611572,-0.4807092249393463,6.711060487593586,33.662296295166016
B,24,-2,only_T2,200,0.0,0.9899999499320984,-5.866114139556885,-0.4788691997528076,0.0,33.662296295166016
B,24,-2,only_T5,200,0.0,0.9950000047683716,-5.86792516708374,-0.479308545589447,5.4531201494726,33.662296295166016
B,24,-2,only_T10,200,0.0,0.9899999499320984,-5.867061614990234,-0.4801151156425476,3.751375591610016,33.662296295166016
B,24,-2,only_T100,200,0.0,0.9899999499320984,-5.866086483001709,-0.47932425141334534,0.7393425637043305,33.662296295166016
B,24,-2,only_lin,200,0.0,0.9899999499320984,-5.868766784667969,-0.4794766902923584,0.49644519773086204,33.662296295166016
B,24,-2,random_orth,200,0.0,0.9950000047683716,-5.86991548538208,-0.4800131916999817,6.711060487593586,33.662296295166016
B,24,-2,real_diff_in_helix_subspace,200,0.0,1.0,-5.868554592132568,-0.4772326946258545,7.648807168052279,33.662296295166016
B,24,-2,full_swap,200,0.0,0.9950000047683716,-5.872583866119385,-0.47481855750083923,15.230412483215332,33.662296295166016
B,25,-2,helix,200,0.0,0.9950000047683716,-5.8681321144104,-0.48065367341041565,6.932601594722244,35.635929107666016
B,25,-2,only_T2,200,0.0,0.9899999499320984,-5.866114139556885,-0.4788691997528076,0.0,35.635929107666016
B,25,-2,only_T5,200,0.0,0.9950000047683716,-5.868622779846191,-0.47897857427597046,5.626359842305622,35.635929107666016
B,25,-2,only_T10,200,0.0,0.9899999499320984,-5.865664005279541,-0.48037436604499817,3.8818591985710644,35.635929107666016
B,25,-2,only_T100,200,0.0,0.9899999499320984,-5.86779260635376,-0.4789750576019287,0.757841472079097,35.635929107666016
B,25,-2,only_lin,200,0.0,0.9899999499320984,-5.869997024536133,-0.47934091091156006,0.5170102435842396,35.635929107666016
B,25,-2,random_orth,200,0.0,0.9899999499320984,-5.870325088500977,-0.4790225028991699,6.932601594722244,35.635929107666016
B,25,-2,real_diff_in_helix_subspace,200,0.0,0.9950000047683716,-5.868201732635498,-0.47764426469802856,7.961240117501634,35.635929107666016
B,25,-2,full_swap,200,0.0,0.9950000047683716,-5.874680042266846,-0.47461366653442383,15.78485107421875,35.635929107666016
B,26,-2,helix,200,0.0,0.9950000047683716,-5.867463111877441,-0.48040521144866943,7.144580356645966,37.24656677246094
B,26,-2,only_T2,200,0.0,0.9899999499320984,-5.866114139556885,-0.4788691997528076,0.0,37.24656677246094
B,26,-2,only_T5,200,0.0,0.9899999499320984,-5.867396831512451,-0.47911345958709717,5.7705463335390235,37.24656677246094
B,26,-2,only_T10,200,0.0,0.9899999499320984,-5.86652946472168,-0.48012876510620117,4.040055949789473,37.24656677246094
B,26,-2,only_T100,200,0.0,0.9899999499320984,-5.867894172668457,-0.478782057762146,0.7776564820225232,37.24656677246094
B,26,-2,only_lin,200,0.0,0.9899999499320984,-5.868720531463623,-0.4794860780239105,0.5378140067417063,37.24656677246094
B,26,-2,random_orth,200,0.0,0.9899999499320984,-5.871170520782471,-0.4801563024520874,7.144580356645966,37.24656677246094
B,26,-2,real_diff_in_helix_subspace,200,0.0,0.9950000047683716,-5.867757320404053,-0.477804034948349,8.278893100394207,37.24656677246094
B,26,-2,full_swap,200,0.0,0.9950000047683716,-5.870267868041992,-0.47559309005737305,16.341371536254883,37.24656677246094
B,27,-2,helix,200,0.0,0.9950000047683716,-5.866612434387207,-0.4794870615005493,7.283445892300168,38.89256286621094
B,27,-2,only_T2,200,0.0,0.9899999499320984,-5.866114139556885,-0.4788691997528076,0.0,38.89256286621094
B,27,-2,only_T5,200,0.0,0.9899999499320984,-5.8657450675964355,-0.47925499081611633,5.887885088999456,38.89256286621094
B,27,-2,only_T10,200,0.0,0.9899999499320984,-5.86699104309082,-0.4783341586589813,4.108786425188538,38.89256286621094
B,27,-2,only_T100,200,0.0,0.9899999499320984,-5.867497444152832,-0.4793633222579956,0.7906744541147733,38.89256286621094
B,27,-2,only_lin,200,0.0,0.9899999499320984,-5.867388725280762,-0.4790918231010437,0.5547371920865108,38.89256286621094
B,27,-2,random_orth,200,0.0,0.9899999499320984,-5.869476318359375,-0.47916921973228455,7.283445892300168,38.89256286621094
B,27,-2,real_diff_in_helix_subspace,200,0.0,0.9950000047683716,-5.868141174316406,-0.47867584228515625,8.478539520729967,38.89256286621094
B,27,-2,full_swap,200,0.0,0.9950000047683716,-5.875811576843262,-0.47732096910476685,16.715957641601562,38.89256286621094
B,28,-2,helix,200,0.0,0.9899999499320984,-5.866851806640625,-0.4794051945209503,7.464495154142653,41.841121673583984
B,28,-2,only_T2,200,0.0,0.9899999499320984,-5.866114139556885,-0.4788691997528076,0.0,41.841121673583984
B,28,-2,only_T5,200,0.0,0.9899999499320984,-5.866169452667236,-0.4789154827594757,6.001397767014342,41.841121673583984
B,28,-2,only_T10,200,0.0,0.9899999499320984,-5.867403507232666,-0.4781606197357178,4.255040485453233,41.841121673583984
B,28,-2,only_T100,200,0.0,0.9899999499320984,-5.866865634918213,-0.4791049063205719,0.8025940081566941,41.841121673583984
B,28,-2,only_lin,200,0.0,0.9899999499320984,-5.868762016296387,-0.4786980450153351,0.570395490370063,41.841121673583984
B,28,-2,random_orth,200,0.0,0.9899999499320984,-5.866586208343506,-0.4795762598514557,7.464495154142653,41.841121673583984
B,28,-2,real_diff_in_helix_subspace,200,0.0,0.9950000047683716,-5.869500637054443,-0.4788815677165985,8.834160235375256,41.841121673583984
B,28,-2,full_swap,200,0.0,0.9950000047683716,-5.87775182723999,-0.4769939184188843,17.278644561767578,41.841121673583984
B,29,-2,helix,200,0.0,0.9899999499320984,-5.867406368255615,-0.4793221652507782,7.720689031252131,50.99140930175781
B,29,-2,only_T2,200,0.0,0.9899999499320984,-5.866114139556885,-0.4788691997528076,0.0,50.99140930175781
B,29,-2,only_T5,200,0.0,0.9899999499320984,-5.866581916809082,-0.4790742099285126,6.160301163353074,50.99140930175781
B,29,-2,only_T10,200,0.0,0.9899999499320984,-5.868113994598389,-0.4789028763771057,4.461131404147981,50.99140930175781
B,29,-2,only_T100,200,0.0,0.9899999499320984,-5.8675537109375,-0.47880175709724426,0.8226202037412675,50.99140930175781
B,29,-2,only_lin,200,0.0,0.9899999499320984,-5.868666172027588,-0.47872674465179443,0.5932009541260784,50.99140930175781
B,29,-2,random_orth,200,0.0,0.9899999499320984,-5.868686199188232,-0.47907066345214844,7.720689031252131,50.99140930175781
B,29,-2,real_diff_in_helix_subspace,200,0.0,0.9899999499320984,-5.867585182189941,-0.47899675369262695,9.403534869166908,50.99140930175781
B,29,-2,full_swap,200,0.0,0.9950000047683716,-5.868751049041748,-0.47856903076171875,18.102888107299805,50.99140930175781
B,30,-2,helix,200,0.0,0.9899999499320984,-5.867824554443359,-0.47864416241645813,8.040339569611454,63.665992736816406
B,30,-2,only_T2,200,0.0,0.9899999499320984,-5.866114139556885,-0.4788691997528076,0.0,63.665992736816406
B,30,-2,only_T5,200,0.0,0.9899999499320984,-5.867090702056885,-0.47861984372138977,6.330236487542959,63.665992736816406
B,30,-2,only_T10,200,0.0,0.9899999499320984,-5.867707252502441,-0.47853171825408936,4.743543153288731,63.665992736816406
B,30,-2,only_T100,200,0.0,0.9899999499320984,-5.868201732635498,-0.47880202531814575,0.8452090549660265,63.665992736816406
B,30,-2,only_lin,200,0.0,0.9899999499320984,-5.867312431335449,-0.47853949666023254,0.623418712880228,63.665992736816406
B,30,-2,random_orth,200,0.0,0.9899999499320984,-5.868486404418945,-0.4784983992576599,8.040339569611454,63.665992736816406
B,30,-2,real_diff_in_helix_subspace,200,0.0,0.9899999499320984,-5.867403507232666,-0.47828373312950134,10.118326527298306,63.665992736816406
B,30,-2,full_swap,200,0.0,0.9899999499320984,-5.86827278137207,-0.47786733508110046,19.036924362182617,63.665992736816406
B,31,-2,helix,200,0.0,0.9899999499320984,-5.866114139556885,-0.4788691997528076,8.409583349353383,79.41664123535156
B,31,-2,only_T2,200,0.0,0.9899999499320984,-5.866114139556885,-0.4788691997528076,0.0,79.41664123535156
B,31,-2,only_T5,200,0.0,0.9899999499320984,-5.866114139556885,-0.4788691997528076,6.598813137893424,79.41664123535156
B,31,-2,only_T10,200,0.0,0.9899999499320984,-5.866114139556885,-0.4788691997528076,4.973831904174955,79.41664123535156
B,31,-2,only_T100,200,0.0,0.9899999499320984,-5.866114139556885,-0.4788691997528076,0.868260122016024,79.41664123535156
B,31,-2,only_lin,200,0.0,0.9899999499320984,-5.866114139556885,-0.4788691997528076,0.6884001642971154,79.41664123535156
B,31,-2,random_orth,200,0.0,0.9899999499320984,-5.866114139556885,-0.4788691997528076,8.409583349353383,79.41664123535156
B,31,-2,real_diff_in_helix_subspace,200,0.0,0.9899999499320984,-5.866114139556885,-0.4788691997528076,10.837818339977362,79.41664123535156
B,31,-2,full_swap,200,0.0,0.9899999499320984,-5.866114139556885,-0.4788691997528076,19.968660354614258,79.41664123535156
B,0,-1,helix,200,0.6899999976158142,0.11999999731779099,-1.2005345821380615,-3.526543140411377,1.3918555739684018,3.718344211578369
B,0,-1,only_T2,200,0.25999999046325684,0.29499998688697815,-2.851874351501465,-2.4943509101867676,1.0412351326423306,3.718344211578369
B,0,-1,only_T5,200,0.0,0.875,-5.078897476196289,-0.7273052334785461,0.8100780433608289,3.718344211578369
B,0,-1,only_T10,200,0.0,0.949999988079071,-5.555307388305664,-0.5131528973579407,0.42544437197278756,3.718344211578369
B,0,-1,only_T100,200,0.0,1.0,-5.82206392288208,-0.4169093370437622,0.09306995669260498,3.718344211578369
B,0,-1,only_lin,200,0.0,0.9950000047683716,-5.820537090301514,-0.4338880777359009,0.047239303304170754,3.718344211578369
B,0,-1,random_orth,200,0.0,0.9799999594688416,-5.8031792640686035,-0.42646169662475586,1.3918555739684018,3.718344211578369
B,0,-1,real_diff_in_helix_subspace,200,0.6299999952316284,0.1899999976158142,-1.4954620599746704,-3.4558141231536865,1.4217895194918975,3.718344211578369
B,0,-1,full_swap,200,0.9099999666213989,0.004999999888241291,-0.5591782331466675,-5.135197639465332,3.6956124305725098,3.718344211578369
B,1,-1,helix,200,0.6899999976158142,0.12999999523162842,-1.1889904737472534,-3.5326733589172363,1.387058071268424,4.006150722503662
B,1,-1,only_T2,200,0.26499998569488525,0.2800000011920929,-2.8516056537628174,-2.4989490509033203,1.0404105993794588,4.006150722503662
B,1,-1,only_T5,200,0.0,0.875,-5.077749729156494,-0.7390930652618408,0.8050344039965103,4.006150722503662
B,1,-1,only_T10,200,0.0,0.949999988079071,-5.556662559509277,-0.5182429552078247,0.42225656394528377,4.006150722503662
B,1,-1,only_T100,200,0.0,1.0,-5.814189434051514,-0.4167880415916443,0.09538115914126298,4.006150722503662
B,1,-1,only_lin,200,0.0,0.9950000047683716,-5.8165459632873535,-0.4324814975261688,0.050130674665841646,4.006150722503662
B,1,-1,random_orth,200,0.0,0.9799999594688416,-5.763526916503906,-0.43011218309402466,1.387058071268424,4.006150722503662
B,1,-1,real_diff_in_helix_subspace,200,0.625,0.1850000023841858,-1.4734405279159546,-3.4541118144989014,1.4184508482078368,4.006150722503662
B,1,-1,full_swap,200,0.9099999666213989,0.004999999888241291,-0.5569736361503601,-5.136544704437256,3.6408276557922363,4.006150722503662
B,2,-1,helix,200,0.7099999785423279,0.11499999463558197,-1.1645163297653198,-3.5754318237304688,1.4701517897895406,4.694106578826904
B,2,-1,only_T2,200,0.2750000059604645,0.2750000059604645,-2.836277484893799,-2.5200014114379883,1.1055446404512181,4.694106578826904
B,2,-1,only_T5,200,0.0,0.875,-5.06256628036499,-0.7505103945732117,0.8486738397683857,4.694106578826904
B,2,-1,only_T10,200,0.0,0.9549999833106995,-5.5506815910339355,-0.5231729745864868,0.44924029657205855,4.694106578826904
B,2,-1,only_T100,200,0.0,1.0,-5.817740440368652,-0.41772615909576416,0.10124878697664451,4.694106578826904
B,2,-1,only_lin,200,0.0,0.9950000047683716,-5.819057941436768,-0.43302974104881287,0.05406454621632383,4.694106578826904
B,2,-1,random_orth,200,0.0,1.0,-5.787018299102783,-0.43186625838279724,1.4701517897895406,4.694106578826904
B,2,-1,real_diff_in_helix_subspace,200,0.6449999809265137,0.17499999701976776,-1.4283498525619507,-3.5099711418151855,1.5107752780364003,4.694106578826904
B,2,-1,full_swap,200,0.9049999713897705,0.004999999888241291,-0.5555755496025085,-5.131011962890625,3.797839403152466,4.694106578826904
B,3,-1,helix,200,0.7299999594688416,0.08999999612569809,-1.1020313501358032,-3.6870977878570557,1.6296855909617654,5.284720420837402
B,3,-1,only_T2,200,0.2800000011920929,0.2549999952316284,-2.748572587966919,-2.6221115589141846,1.242169533931402,5.284720420837402
B,3,-1,only_T5,200,0.0,0.8650000095367432,-5.023880958557129,-0.7770928144454956,0.9242105463067716,5.284720420837402
B,3,-1,only_T10,200,0.0,0.9449999928474426,-5.53336763381958,-0.532086193561554,0.4849992712470757,5.284720420837402
B,3,-1,only_T100,200,0.0,1.0,-5.808826923370361,-0.4177176058292389,0.10750991565690597,5.284720420837402
B,3,-1,only_lin,200,0.0,0.9950000047683716,-5.821054458618164,-0.4337638020515442,0.05998752907958087,5.284720420837402
B,3,-1,random_orth,200,0.0,0.9899999499320984,-5.799487113952637,-0.4241296350955963,1.6296855909617654,5.284720420837402
B,3,-1,real_diff_in_helix_subspace,200,0.6449999809265137,0.1550000011920929,-1.3897852897644043,-3.556666851043701,1.6834582159642482,5.284720420837402
B,3,-1,full_swap,200,0.9099999666213989,0.004999999888241291,-0.555930495262146,-5.1234588623046875,3.982391119003296,5.284720420837402
B,4,-1,helix,200,0.7599999904632568,0.07999999821186066,-1.080483317375183,-3.69465970993042,1.7685130295919123,6.3369293212890625
B,4,-1,only_T2,200,0.2849999964237213,0.25,-2.7391574382781982,-2.62753963470459,1.349457060330168,6.3369293212890625
B,4,-1,only_T5,200,0.0,0.85999995470047,-5.016394138336182,-0.7813505530357361,1.000559002285122,6.3369293212890625
B,4,-1,only_T10,200,0.0,0.9449999928474426,-5.53192138671875,-0.5365546941757202,0.5289142690118621,6.3369293212890625
B,4,-1,only_T100,200,0.0,1.0,-5.813391208648682,-0.41851454973220825,0.11967738668420332,6.3369293212890625
B,4,-1,only_lin,200,0.0,0.9950000047683716,-5.824838638305664,-0.4325653612613678,0.06753558836099909,6.3369293212890625
B,4,-1,random_orth,200,0.0,0.9749999642372131,-5.78540563583374,-0.43732646107673645,1.7685130295919123,6.3369293212890625
B,4,-1,real_diff_in_helix_subspace,200,0.6399999856948853,0.16499999165534973,-1.3466129302978516,-3.539783477783203,1.841176795374231,6.3369293212890625
B,4,-1,full_swap,200,0.9049999713897705,0.004999999888241291,-0.553398847579956,-5.115919589996338,4.365249156951904,6.3369293212890625
B,5,-1,helix,200,0.7749999761581421,0.07499999552965164,-1.059584140777588,-3.7140746116638184,1.924369305789387,7.17343282699585
B,5,-1,only_T2,200,0.28999999165534973,0.23999999463558197,-2.7099859714508057,-2.657012939453125,1.4703917916378424,7.17343282699585
B,5,-1,only_T5,200,0.0,0.8549999594688416,-4.99876594543457,-0.8034188747406006,1.0831237863612626,7.17343282699585
B,5,-1,only_T10,200,0.0,0.9399999976158142,-5.523596286773682,-0.5401229858398438,0.5754534390625349,7.17343282699585
B,5,-1,only_T100,200,0.0,0.9950000047683716,-5.815767765045166,-0.41873717308044434,0.13239759572731136,7.17343282699585
B,5,-1,only_lin,200,0.0,0.9950000047683716,-5.823582172393799,-0.4326154589653015,0.07512700197963912,7.17343282699585
B,5,-1,random_orth,200,0.0,0.98499995470047,-5.785987377166748,-0.42383527755737305,1.924369305789387,7.17343282699585
B,5,-1,real_diff_in_helix_subspace,200,0.6599999666213989,0.12999999523162842,-1.2744381427764893,-3.5965542793273926,2.0136757510623213,7.17343282699585
B,5,-1,full_swap,200,0.9149999618530273,0.004999999888241291,-0.5493957996368408,-5.112028121948242,4.7657999992370605,7.17343282699585
B,6,-1,helix,200,0.7699999809265137,0.05999999865889549,-1.0432300567626953,-3.7529377937316895,2.067699410841881,8.381878852844238
B,6,-1,only_T2,200,0.29499998688697815,0.23499999940395355,-2.680507183074951,-2.69781756401062,1.581828536248418,8.381878852844238
B,6,-1,only_T5,200,0.0,0.8549999594688416,-4.989692687988281,-0.8220643401145935,1.160585519740054,8.381878852844238
B,6,-1,only_T10,200,0.0,0.9350000023841858,-5.523956775665283,-0.5446135401725769,0.6118696338664285,8.381878852844238
B,6,-1,only_T100,200,0.0,0.9950000047683716,-5.811724662780762,-0.4187166392803192,0.14294373462617993,8.381878852844238
B,6,-1,only_lin,200,0.0,0.9950000047683716,-5.828873634338379,-0.434226393699646,0.08400350425439067,8.381878852844238
B,6,-1,random_orth,200,0.0,0.98499995470047,-5.80867338180542,-0.42807912826538086,2.067699410841881,8.381878852844238
B,6,-1,real_diff_in_helix_subspace,200,0.675000011920929,0.10999999940395355,-1.2726595401763916,-3.638812780380249,2.1777497656791946,8.381878852844238
B,6,-1,full_swap,200,0.9149999618530273,0.004999999888241291,-0.5480998158454895,-5.109804630279541,5.119345188140869,8.381878852844238
B,7,-1,helix,200,0.7799999713897705,0.05999999865889549,-1.0286321640014648,-3.797842264175415,2.155862208259715,9.142727851867676
B,7,-1,only_T2,200,0.29999998211860657,0.22999998927116394,-2.654693126678467,-2.7273285388946533,1.6473257742162593,9.142727851867676
B,7,-1,only_T5,200,0.0,0.8499999642372131,-4.9793381690979,-0.8339921236038208,1.2103601799271104,9.142727851867676
B,7,-1,only_T10,200,0.0,0.9350000023841858,-5.52017068862915,-0.551033616065979,0.6437125943211296,9.142727851867676
B,7,-1,only_T100,200,0.0,0.9950000047683716,-5.814446449279785,-0.41820383071899414,0.1511707871075741,9.142727851867676
B,7,-1,only_lin,200,0.0,0.9950000047683716,-5.823933124542236,-0.43453705310821533,0.0891101867087392,9.142727851867676
B,7,-1,random_orth,200,0.0,0.98499995470047,-5.809935569763184,-0.4283916652202606,2.155862208259715,9.142727851867676
B,7,-1,real_diff_in_helix_subspace,200,0.6800000071525574,0.10999999940395355,-1.2897776365280151,-3.695284366607666,2.301466281789626,9.142727851867676
B,7,-1,full_swap,200,0.9149999618530273,0.004999999888241291,-0.5483559966087341,-5.102644920349121,5.394182205200195,9.142727851867676
B,8,-1,helix,200,0.7799999713897705,0.06499999761581421,-1.030407428741455,-3.7926113605499268,2.280912673202567,10.272180557250977
B,8,-1,only_T2,200,0.29999998211860657,0.2199999988079071,-2.651154041290283,-2.7349443435668945,1.750081647483712,10.272180557250977
B,8,-1,only_T5,200,0.0,0.8449999690055847,-4.96968412399292,-0.843083918094635,1.2692502238711258,10.272180557250977
B,8,-1,only_T10,200,0.0,0.9300000071525574,-5.518548011779785,-0.558666467666626,0.6780252277113646,10.272180557250977
B,8,-1,only_T100,200,0.0,0.9950000047683716,-5.817026138305664,-0.4180900752544403,0.16057345116121438,10.272180557250977
B,8,-1,only_lin,200,0.0,0.9950000047683716,-5.825801849365234,-0.43429338932037354,0.09573357800909303,10.272180557250977
B,8,-1,random_orth,200,0.0,1.0,-5.799305438995361,-0.4193713366985321,2.280912673202567,10.272180557250977
B,8,-1,real_diff_in_helix_subspace,200,0.6850000023841858,0.10499999672174454,-1.3366426229476929,-3.7070367336273193,2.447803967119184,10.272180557250977
B,8,-1,full_swap,200,0.9099999666213989,0.004999999888241291,-0.544946014881134,-5.098565101623535,5.734017372131348,10.272180557250977
B,9,-1,helix,200,0.7799999713897705,0.06499999761581421,-1.027178406715393,-3.7977077960968018,2.3478546488166345,11.210536003112793
B,9,-1,only_T2,200,0.29499998688697815,0.2199999988079071,-2.6451494693756104,-2.748878002166748,1.8027539412508526,11.210536003112793
B,9,-1,only_T5,200,0.0,0.8449999690055847,-4.959437370300293,-0.8565082550048828,1.305618577180096,11.210536003112793
B,9,-1,only_T10,200,0.0,0.9249999523162842,-5.510448932647705,-0.5641250610351562,0.6961814705167142,11.210536003112793
B,9,-1,only_T100,200,0.0,0.9950000047683716,-5.816380023956299,-0.4182033836841583,0.16466766438507782,11.210536003112793
B,9,-1,only_lin,200,0.0,0.9950000047683716,-5.824271202087402,-0.4346247911453247,0.09877764666678018,11.210536003112793
B,9,-1,random_orth,200,0.0,0.9799999594688416,-5.805529594421387,-0.4252312481403351,2.347854648816635,11.210536003112793
B,9,-1,real_diff_in_helix_subspace,200,0.6649999618530273,0.10999999940395355,-1.3968499898910522,-3.7396628856658936,2.5463296508930138,11.210536003112793
B,9,-1,full_swap,200,0.9099999666213989,0.004999999888241291,-0.54865562915802,-5.102141380310059,5.947028160095215,11.210536003112793
B,10,-1,helix,200,0.7799999713897705,0.05999999865889549,-1.0150659084320068,-3.8566787242889404,2.5041586568690803,11.74393081665039
B,10,-1,only_T2,200,0.2849999964237213,0.2149999886751175,-2.6248297691345215,-2.803143262863159,1.9266407566161792,11.74393081665039
B,10,-1,only_T5,200,0.0,0.8299999833106995,-4.939706802368164,-0.8832722306251526,1.3786310399919284,11.74393081665039
B,10,-1,only_T10,200,0.0,0.9300000071525574,-5.497936725616455,-0.5700246095657349,0.7542917541514992,11.74393081665039
B,10,-1,only_T100,200,0.0,0.9950000047683716,-5.815306186676025,-0.41884711384773254,0.170760368072536,11.74393081665039
B,10,-1,only_lin,200,0.0,0.9950000047683716,-5.827587604522705,-0.43648985028266907,0.10292261816503241,11.74393081665039
B,10,-1,random_orth,200,0.0,0.9799999594688416,-5.789001941680908,-0.42921918630599976,2.5041586568690803,11.74393081665039
B,10,-1,real_diff_in_helix_subspace,200,0.6449999809265137,0.10999999940395355,-1.4910752773284912,-3.7744884490966797,2.7301611517244924,11.74393081665039
B,10,-1,full_swap,200,0.8999999761581421,0.004999999888241291,-0.5570375919342041,-5.098855972290039,6.276292324066162,11.74393081665039
B,11,-1,helix,200,0.7599999904632568,0.05999999865889549,-1.0348093509674072,-3.900348424911499,2.707350364508276,12.756369590759277
B,11,-1,only_T2,200,0.29999998211860657,0.17999999225139618,-2.5819075107574463,-2.891028642654419,2.077127770650236,12.756369590759277
B,11,-1,only_T5,200,0.0,0.8199999928474426,-4.8993377685546875,-0.936257541179657,1.499809427236948,12.756369590759277
B,11,-1,only_T10,200,0.0,0.8999999761581421,-5.479479789733887,-0.609308123588562,0.8271734327078964,12.756369590759277
B,11,-1,only_T100,200,0.0,0.9950000047683716,-5.817477703094482,-0.41726768016815186,0.1777803676526083,12.756369590759277
B,11,-1,only_lin,200,0.0,0.9950000047683716,-5.826963424682617,-0.4332199692726135,0.10934920866236204,12.756369590759277
B,11,-1,random_orth,200,0.0,0.9899999499320984,-5.800407409667969,-0.4229668974876404,2.707350364508276,12.756369590759277
B,11,-1,real_diff_in_helix_subspace,200,0.6499999761581421,0.07999999821186066,-1.5453815460205078,-3.927478790283203,2.9897441481169813,12.756369590759277
B,11,-1,full_swap,200,0.9099999666213989,0.004999999888241291,-0.5461702346801758,-5.079751014709473,6.695562839508057,12.756369590759277
B,12,-1,helix,200,0.6449999809265137,0.17000000178813934,-1.311974048614502,-3.1840710639953613,3.0154985652590027,13.541489601135254
B,12,-1,only_T2,200,0.2750000059604645,0.2750000059604645,-2.784853219985962,-2.4633946418762207,2.3076901829021677,13.541489601135254
B,12,-1,only_T5,200,0.0,0.85999995470047,-5.065339088439941,-0.7575380802154541,1.6766411004141395,13.541489601135254
B,12,-1,only_T10,200,0.0,0.9350000023841858,-5.534150123596191,-0.5453600883483887,0.9262616257616333,13.541489601135254
B,12,-1,only_T100,200,0.0,1.0,-5.815771579742432,-0.41641131043434143,0.18560845152919875,13.541489601135254
B,12,-1,only_lin,200,0.0,0.9950000047683716,-5.825090408325195,-0.4271330237388611,0.11572173884762499,13.541489601135254
B,12,-1,random_orth,200,0.0,0.9899999499320984,-5.787896633148193,-0.4236416816711426,3.0154985652590027,13.541489601135254
B,12,-1,real_diff_in_helix_subspace,200,0.5799999833106995,0.17499999701976776,-1.6852816343307495,-3.286959171295166,3.321851146669202,13.541489601135254
B,12,-1,full_swap,200,0.9149999618530273,0.004999999888241291,-0.563412606716156,-4.518617630004883,7.273756504058838,13.541489601135254
B,13,-1,helix,200,0.5349999666213989,0.26999998092651367,-1.6966116428375244,-2.6714978218078613,3.248108273683779,14.460671424865723
B,13,-1,only_T2,200,0.22499999403953552,0.3799999952316284,-3.0397746562957764,-2.0596976280212402,2.4744820844465534,14.460671424865723
B,13,-1,only_T5,200,0.0,0.8849999904632568,-5.124759197235107,-0.7024656534194946,1.80884983724555,14.460671424865723
B,13,-1,only_T10,200,0.0,0.9399999976158142,-5.545151233673096,-0.5295971035957336,1.0152244870688725,14.460671424865723
B,13,-1,only_T100,200,0.0,1.0,-5.817165374755859,-0.41645827889442444,0.19965849169317818,14.460671424865723
B,13,-1,only_lin,200,0.0,0.9950000047683716,-5.826560020446777,-0.42839574813842773,0.12654082052399868,14.460671424865723
B,13,-1,random_orth,200,0.0,0.9950000047683716,-5.812103748321533,-0.41776785254478455,3.248108273683779,14.460671424865723
B,13,-1,real_diff_in_helix_subspace,200,0.4899999797344208,0.28999999165534973,-2.0517728328704834,-2.7145416736602783,3.6092327651718206,14.460671424865723
B,13,-1,full_swap,200,0.8349999785423279,0.054999999701976776,-0.7725281119346619,-3.749239444732666,7.755763053894043,14.460671424865723
B,14,-1,helix,200,0.3649999797344208,0.4749999940395355,-2.3926587104797363,-1.9367629289627075,3.375815917614235,15.99300765991211
B,14,-1,only_T2,200,0.14000000059604645,0.5799999833106995,-3.560338020324707,-1.5153167247772217,2.5735284089566113,15.99300765991211
B,14,-1,only_T5,200,0.0,0.9300000071525574,-5.232461929321289,-0.6109578609466553,1.8808526610112926,15.99300765991211
B,14,-1,only_T10,200,0.0,0.949999988079071,-5.599566459655762,-0.490619957447052,1.0549627456350172,15.99300765991211
B,14,-1,only_T100,200,0.0,1.0,-5.8155717849731445,-0.4153822660446167,0.20627450116081011,15.99300765991211
B,14,-1,only_lin,200,0.0,0.9950000047683716,-5.821507930755615,-0.42450660467147827,0.13405675316003685,15.99300765991211
B,14,-1,random_orth,200,0.0,0.9899999499320984,-5.814274787902832,-0.42429763078689575,3.375815917614235,15.99300765991211
B,14,-1,real_diff_in_helix_subspace,200,0.32499998807907104,0.4899999797344208,-2.703444719314575,-2.004673719406128,3.8361394117551217,15.99300765991211
B,14,-1,full_swap,200,0.6150000095367432,0.23999999463558197,-1.3921056985855103,-2.7042455673217773,8.121578216552734,15.99300765991211
B,15,-1,helix,200,0.35999998450279236,0.4749999940395355,-2.3503830432891846,-1.9825072288513184,3.6236124185302527,17.286277770996094
B,15,-1,only_T2,200,0.14499999582767487,0.5699999928474426,-3.513369560241699,-1.547147512435913,2.742302629519184,17.286277770996094
B,15,-1,only_T5,200,0.0,0.9199999570846558,-5.216605186462402,-0.6253206729888916,2.0527834461166776,17.286277770996094
B,15,-1,only_T10,200,0.0,0.9549999833106995,-5.597873210906982,-0.489731103181839,1.1178461468234997,17.286277770996094
B,15,-1,only_T100,200,0.0,1.0,-5.816783428192139,-0.41623497009277344,0.2304502425305409,17.286277770996094
B,15,-1,only_lin,200,0.0,0.9950000047683716,-5.8185577392578125,-0.4238649904727936,0.14618282095587293,17.286277770996094
B,15,-1,random_orth,200,0.0,0.9950000047683716,-5.83194637298584,-0.42603814601898193,3.6236124185302527,17.286277770996094
B,15,-1,real_diff_in_helix_subspace,200,0.3349999785423279,0.45499998331069946,-2.749603271484375,-2.0405638217926025,4.222518834786847,17.286277770996094
B,15,-1,full_swap,200,0.6049999594688416,0.2449999898672104,-1.4297665357589722,-2.6361613273620605,8.750553131103516,17.286277770996094
B,16,-1,helix,200,0.35999998450279236,0.48499998450279236,-2.4142279624938965,-1.9165908098220825,4.118315252557714,19.20795249938965
B,16,-1,only_T2,200,0.14999999105930328,0.5699999928474426,-3.5205764770507812,-1.5595083236694336,3.1175920982927035,19.20795249938965
B,16,-1,only_T5,200,0.0,0.9099999666213989,-5.21878719329834,-0.630146861076355,2.3319093160129927,19.20795249938965
B,16,-1,only_T10,200,0.0,0.9549999833106995,-5.59033203125,-0.49316737055778503,1.2834377536054382,19.20795249938965
B,16,-1,only_T100,200,0.0,1.0,-5.818028450012207,-0.41697901487350464,0.2566165369801315,19.20795249938965
B,16,-1,only_lin,200,0.0,0.9950000047683716,-5.816734313964844,-0.42217084765434265,0.16138052385350452,19.20795249938965
B,16,-1,random_orth,200,0.0,1.0,-5.823060035705566,-0.4241676330566406,4.118315252557714,19.20795249938965
B,16,-1,real_diff_in_helix_subspace,200,0.32999998331069946,0.4699999988079071,-2.749681234359741,-1.9771229028701782,4.754217136240428,19.20795249938965
B,16,-1,full_swap,200,0.5399999618530273,0.3400000035762787,-1.748909592628479,-2.2722368240356445,9.8735990524292,19.20795249938965
B,17,-1,helix,200,0.20499999821186066,0.6449999809265137,-3.229949474334717,-1.3995774984359741,4.372904548492713,21.043193817138672
B,17,-1,only_T2,200,0.08500000089406967,0.7199999690055847,-4.111809730529785,-1.1462570428848267,3.301962559549765,21.043193817138672
B,17,-1,only_T5,200,0.0,0.9199999570846558,-5.319367408752441,-0.5736510753631592,2.478117993824494,21.043193817138672
B,17,-1,only_T10,200,0.0,0.9549999833106995,-5.624850273132324,-0.4713386297225952,1.3782763061289924,21.043193817138672
B,17,-1,only_T100,200,0.0,1.0,-5.819079875946045,-0.4145153760910034,0.2737529092181963,21.043193817138672
B,17,-1,only_lin,200,0.0,0.9950000047683716,-5.819284439086914,-0.42026036977767944,0.17150856509685333,21.043193817138672
B,17,-1,random_orth,200,0.0,0.9950000047683716,-5.822145462036133,-0.4161394536495209,4.372904548492713,21.043193817138672
B,17,-1,real_diff_in_helix_subspace,200,0.19999998807907104,0.6449999809265137,-3.5204591751098633,-1.483889102935791,5.095790154836288,21.043193817138672
B,17,-1,full_swap,200,0.29499998688697815,0.5799999833106995,-2.777597665786743,-1.5290218591690063,10.515493392944336,21.043193817138672
B,18,-1,helix,200,0.10999999940395355,0.7649999856948853,-3.905714750289917,-1.035294532775879,4.590432022256757,22.55095672607422
B,18,-1,only_T2,200,0.04999999701976776,0.8149999976158142,-4.6408514976501465,-0.8742614388465881,3.456670283871981,22.55095672607422
B,18,-1,only_T5,200,0.0,0.949999988079071,-5.40186071395874,-0.5247938632965088,2.608372272730931,22.55095672607422
B,18,-1,only_T10,200,0.0,0.9649999737739563,-5.652313232421875,-0.4618326425552368,1.4519226276836061,22.55095672607422
B,18,-1,only_T100,200,0.0,1.0,-5.819354057312012,-0.4146086275577545,0.28601311242368566,22.55095672607422
B,18,-1,only_lin,200,0.0,0.9950000047683716,-5.822985649108887,-0.41890639066696167,0.18050019336205947,22.55095672607422
B,18,-1,random_orth,200,0.0,0.9950000047683716,-5.823251724243164,-0.41654497385025024,4.590432022256757,22.55095672607422
B,18,-1,real_diff_in_helix_subspace,200,0.08999999612569809,0.7749999761581421,-4.196866989135742,-1.1145058870315552,5.450339926091533,22.55095672607422
B,18,-1,full_swap,200,0.13499999046325684,0.7599999904632568,-3.6837315559387207,-0.991866409778595,11.151588439941406,22.55095672607422
B,19,-1,helix,200,0.0,0.9899999499320984,-5.808943271636963,-0.41782140731811523,4.862886055099833,24.739124298095703
B,19,-1,only_T2,200,0.0,1.0,-5.831612586975098,-0.4126635193824768,3.65362559074974,24.739124298095703
B,19,-1,only_T5,200,0.0,0.9950000047683716,-5.81035041809082,-0.41835856437683105,2.770382946716804,24.739124298095703
B,19,-1,only_T10,200,0.0,0.9950000047683716,-5.816094875335693,-0.41581374406814575,1.5392593420314358,24.739124298095703
B,19,-1,only_T100,200,0.0,0.9950000047683716,-5.821045875549316,-0.41509905457496643,0.3002054632009776,24.739124298095703
B,19,-1,only_lin,200,0.0,0.9950000047683716,-5.822924613952637,-0.41570186614990234,0.19308209969485493,24.739124298095703
B,19,-1,random_orth,200,0.0,0.9950000047683716,-5.825340270996094,-0.41616588830947876,4.862886055099833,24.739124298095703
B,19,-1,real_diff_in_helix_subspace,200,0.0,0.9950000047683716,-5.788908004760742,-0.42375457286834717,5.899879270406134,24.739124298095703
B,19,-1,full_swap,200,0.0,0.9950000047683716,-5.738584995269775,-0.4115481376647949,11.841997146606445,24.739124298095703
B,20,-1,helix,200,0.0,0.9950000047683716,-5.799513816833496,-0.4178231656551361,5.124000060348669,26.712623596191406
B,20,-1,only_T2,200,0.0,1.0,-5.831429481506348,-0.41217532753944397,3.8540264676709057,26.712623596191406
B,20,-1,only_T5,200,0.0,0.9950000047683716,-5.809326171875,-0.4183877408504486,2.912637539348819,26.712623596191406
B,20,-1,only_T10,200,0.0,0.9950000047683716,-5.815275192260742,-0.41590172052383423,1.6201994803182926,26.712623596191406
B,20,-1,only_T100,200,0.0,0.9950000047683716,-5.822840213775635,-0.41524410247802734,0.31860863968019487,26.712623596191406
B,20,-1,only_lin,200,0.0,0.9950000047683716,-5.8238396644592285,-0.4159245193004608,0.2041931245099623,26.712623596191406
B,20,-1,random_orth,200,0.0,0.9950000047683716,-5.824042797088623,-0.4153764247894287,5.124000060348669,26.712623596191406
B,20,-1,real_diff_in_helix_subspace,200,0.0,1.0,-5.782936096191406,-0.4246514141559601,6.272912753237433,26.712623596191406
B,20,-1,full_swap,200,0.0,0.9950000047683716,-5.732297420501709,-0.41145384311676025,12.543728828430176,26.712623596191406
B,21,-1,helix,200,0.0,0.9950000047683716,-5.833184719085693,-0.4185926616191864,5.371253031804591,28.547470092773438
B,21,-1,only_T2,200,0.0,1.0,-5.847626209259033,-0.41322600841522217,4.053383781408762,28.547470092773438
B,21,-1,only_T5,200,0.0,0.9950000047683716,-5.816130638122559,-0.4181460738182068,3.0303331550507324,28.547470092773438
B,21,-1,only_T10,200,0.0,0.9950000047683716,-5.822052001953125,-0.4147786498069763,1.7065500428726568,28.547470092773438
B,21,-1,only_T100,200,0.0,0.9950000047683716,-5.823564529418945,-0.4152259826660156,0.3330739955205368,28.547470092773438
B,21,-1,only_lin,200,0.0,0.9950000047683716,-5.823405742645264,-0.41543424129486084,0.21526916672182422,28.547470092773438
B,21,-1,random_orth,200,0.0,0.9950000047683716,-5.827574253082275,-0.41572606563568115,5.371253031804591,28.547470092773438
B,21,-1,real_diff_in_helix_subspace,200,0.0,0.9950000047683716,-5.82059907913208,-0.4234008193016052,6.68483934070553,28.547470092773438
B,21,-1,full_swap,200,0.0,0.9899999499320984,-5.808517932891846,-0.4137181341648102,13.216506004333496,28.547470092773438
B,22,-1,helix,200,0.0,0.9950000047683716,-5.835716247558594,-0.41768065094947815,5.612592978817194,30.612138748168945
B,22,-1,only_T2,200,0.0,1.0,-5.850290298461914,-0.41247066855430603,4.230078375619513,30.612138748168945
B,22,-1,only_T5,200,0.0,0.9950000047683716,-5.816506385803223,-0.4176352918148041,3.1660466352644825,30.612138748168945
B,22,-1,only_T10,200,0.0,0.9950000047683716,-5.820776462554932,-0.4148448407649994,1.7993217853009815,30.612138748168945
B,22,-1,only_T100,200,0.0,0.9950000047683716,-5.822080612182617,-0.41507506370544434,0.34790994508460826,30.612138748168945
B,22,-1,only_lin,200,0.0,1.0,-5.822103023529053,-0.41660240292549133,0.2270924410729814,30.612138748168945
B,22,-1,random_orth,200,0.0,1.0,-5.8205695152282715,-0.4158235788345337,5.612592978817194,30.612138748168945
B,22,-1,real_diff_in_helix_subspace,200,0.0,1.0,-5.82050895690918,-0.42266833782196045,7.088974310234476,30.612138748168945
B,22,-1,full_swap,200,0.0,0.9950000047683716,-5.8137078285217285,-0.41204971075057983,13.9187650680542,30.612138748168945
B,23,-1,helix,200,0.0,0.9950000047683716,-5.858023166656494,-0.41608455777168274,5.861029642664846,32.38045883178711
B,23,-1,only_T2,200,0.0,0.9950000047683716,-5.84383487701416,-0.416684627532959,4.406951892215666,32.38045883178711
B,23,-1,only_T5,200,0.0,0.9950000047683716,-5.837671279907227,-0.4160093665122986,3.313501529127884,32.38045883178711
B,23,-1,only_T10,200,0.0,0.9950000047683716,-5.827126502990723,-0.41355249285697937,1.8943542066499819,32.38045883178711
B,23,-1,only_T100,200,0.0,0.9950000047683716,-5.8225321769714355,-0.4150918424129486,0.36265399595774517,32.38045883178711
B,23,-1,only_lin,200,0.0,0.9950000047683716,-5.822155475616455,-0.4148160219192505,0.23725031349452105,32.38045883178711
B,23,-1,random_orth,200,0.0,0.9950000047683716,-5.822080612182617,-0.4146961569786072,5.861029642664846,32.38045883178711
B,23,-1,real_diff_in_helix_subspace,200,0.0,0.9950000047683716,-5.840794563293457,-0.41993674635887146,7.4792890321805885,32.38045883178711
B,23,-1,full_swap,200,0.0,0.9950000047683716,-5.8458404541015625,-0.42064356803894043,14.617077827453613,32.38045883178711
B,24,-1,helix,200,0.0,0.9950000047683716,-5.81463623046875,-0.4164625406265259,6.081551043692905,33.74345779418945
B,24,-1,only_T2,200,0.0,1.0,-5.816240310668945,-0.4144388735294342,4.57846913735542,33.74345779418945
B,24,-1,only_T5,200,0.0,0.9950000047683716,-5.820870399475098,-0.4158858358860016,3.430826653024957,33.74345779418945
B,24,-1,only_T10,200,0.0,0.9950000047683716,-5.820179462432861,-0.4155626595020294,1.9669241666746442,33.74345779418945
B,24,-1,only_T100,200,0.0,0.9950000047683716,-5.822220325469971,-0.4152047634124756,0.37554716193737003,33.74345779418945
B,24,-1,only_lin,200,0.0,0.9950000047683716,-5.822849750518799,-0.4153549373149872,0.24822259886543102,33.74345779418945
B,24,-1,random_orth,200,0.0,0.9950000047683716,-5.823563575744629,-0.41517969965934753,6.081551043692905,33.74345779418945
B,24,-1,real_diff_in_helix_subspace,200,0.0,0.9950000047683716,-5.807923316955566,-0.4160236716270447,7.876051103801587,33.74345779418945
B,24,-1,full_swap,200,0.0,1.0,-5.799410343170166,-0.41505110263824463,15.274219512939453,33.74345779418945
B,25,-1,helix,200,0.0,0.9950000047683716,-5.81388521194458,-0.41644614934921265,6.260052971069748,35.742652893066406
B,25,-1,only_T2,200,0.0,1.0,-5.816680908203125,-0.4150504171848297,4.700762375829398,35.742652893066406
B,25,-1,only_T5,200,0.0,0.9950000047683716,-5.821934700012207,-0.4160819947719574,3.5413525489013686,35.742652893066406
B,25,-1,only_T10,200,0.0,0.9950000047683716,-5.820860385894775,-0.41555219888687134,2.0344415182096935,35.742652893066406
B,25,-1,only_T100,200,0.0,0.9950000047683716,-5.82261848449707,-0.4147677421569824,0.3851361489183686,35.742652893066406
B,25,-1,only_lin,200,0.0,0.9950000047683716,-5.823520183563232,-0.4151765704154968,0.25850512179211976,35.742652893066406
B,25,-1,random_orth,200,0.0,0.9950000047683716,-5.82356071472168,-0.41588446497917175,6.260052971069748,35.742652893066406
B,25,-1,real_diff_in_helix_subspace,200,0.0,0.9950000047683716,-5.807403564453125,-0.416239470243454,8.209917800951695,35.742652893066406
B,25,-1,full_swap,200,0.0,1.0,-5.800859451293945,-0.4151536524295807,15.8597412109375,35.742652893066406
B,26,-1,helix,200,0.0,0.9950000047683716,-5.812033653259277,-0.41613659262657166,6.431228692683558,37.396507263183594
B,26,-1,only_T2,200,0.0,0.9950000047683716,-5.815339088439941,-0.41462501883506775,4.817042156213951,37.396507263183594
B,26,-1,only_T5,200,0.0,0.9950000047683716,-5.820703029632568,-0.41587918996810913,3.6356777525052393,37.396507263183594
B,26,-1,only_T10,200,0.0,0.9950000047683716,-5.821102619171143,-0.41553038358688354,2.1169437183609987,37.396507263183594
B,26,-1,only_T100,200,0.0,0.9950000047683716,-5.823310852050781,-0.4150557219982147,0.3953396280223712,37.396507263183594
B,26,-1,only_lin,200,0.0,0.9950000047683716,-5.823046684265137,-0.4150296747684479,0.26890700337085316,37.396507263183594
B,26,-1,random_orth,200,0.0,0.9950000047683716,-5.82349967956543,-0.41539549827575684,6.431228692683558,37.396507263183594
B,26,-1,real_diff_in_helix_subspace,200,0.0,0.9950000047683716,-5.807218074798584,-0.41612333059310913,8.549669094585603,37.396507263183594
B,26,-1,full_swap,200,0.0,1.0,-5.800343990325928,-0.41502004861831665,16.445281982421875,37.396507263183594
B,27,-1,helix,200,0.0,0.9950000047683716,-5.819356441497803,-0.41560304164886475,6.5321044561250945,39.034019470214844
B,27,-1,only_T2,200,0.0,0.9950000047683716,-5.821292400360107,-0.4145951271057129,4.875226119105214,39.034019470214844
B,27,-1,only_T5,200,0.0,0.9950000047683716,-5.821463584899902,-0.41550880670547485,3.7098539397128683,39.034019470214844
B,27,-1,only_T10,200,0.0,0.9950000047683716,-5.8227219581604,-0.41457343101501465,2.1534997478877678,39.034019470214844
B,27,-1,only_T100,200,0.0,0.9950000047683716,-5.823437213897705,-0.41534730792045593,0.4021064738075532,39.034019470214844
B,27,-1,only_lin,200,0.0,0.9950000047683716,-5.822688579559326,-0.4151167571544647,0.2773685960432554,39.034019470214844
B,27,-1,random_orth,200,0.0,0.9950000047683716,-5.822922229766846,-0.4156346023082733,6.5321044561250945,39.034019470214844
B,27,-1,real_diff_in_helix_subspace,200,0.0,1.0,-5.81877326965332,-0.4160250127315521,8.767251065085432,39.034019470214844
B,27,-1,full_swap,200,0.0,1.0,-5.817758083343506,-0.41623014211654663,16.857685089111328,39.034019470214844
B,28,-1,helix,200,0.0,0.9950000047683716,-5.821020603179932,-0.4156941771507263,6.67244856964377,42.01780319213867
B,28,-1,only_T2,200,0.0,0.9950000047683716,-5.821843147277832,-0.4144633710384369,4.972102592598358,42.01780319213867
B,28,-1,only_T5,200,0.0,0.9950000047683716,-5.820076942443848,-0.4156359136104584,3.782570843165832,42.01780319213867
B,28,-1,only_T10,200,0.0,0.9950000047683716,-5.822129249572754,-0.4150008261203766,2.229630334492463,42.01780319213867
B,28,-1,only_T100,200,0.0,0.9950000047683716,-5.822263240814209,-0.41508543491363525,0.4082357008680128,42.01780319213867
B,28,-1,only_lin,200,0.0,0.9950000047683716,-5.8221306800842285,-0.4151570796966553,0.2851977451850315,42.01780319213867
B,28,-1,random_orth,200,0.0,0.9950000047683716,-5.82317590713501,-0.4149951934814453,6.67244856964377,42.01780319213867
B,28,-1,real_diff_in_helix_subspace,200,0.0,1.0,-5.818719387054443,-0.41525882482528687,9.201335001939908,42.01780319213867
B,28,-1,full_swap,200,0.0,1.0,-5.816631317138672,-0.41611120104789734,17.529434204101562,42.01780319213867
B,29,-1,helix,200,0.0,0.9950000047683716,-5.82124137878418,-0.41491666436195374,6.842217206418783,51.2443733215332
B,29,-1,only_T2,200,0.0,0.9950000047683716,-5.821681976318359,-0.4148247539997101,5.06629925791492,51.2443733215332
B,29,-1,only_T5,200,0.0,0.9950000047683716,-5.822902679443359,-0.4147760272026062,3.8842519237023474,51.2443733215332
B,29,-1,only_T10,200,0.0,0.9950000047683716,-5.821084499359131,-0.4149027168750763,2.3366387741479744,51.2443733215332
B,29,-1,only_T100,200,0.0,0.9950000047683716,-5.821987152099609,-0.41482260823249817,0.4184275463876723,51.2443733215332
B,29,-1,only_lin,200,0.0,0.9950000047683716,-5.822383880615234,-0.4148538112640381,0.29660047706303927,51.2443733215332
B,29,-1,random_orth,200,0.0,0.9950000047683716,-5.822381019592285,-0.4144752323627472,6.842217206418784,51.2443733215332
B,29,-1,real_diff_in_helix_subspace,200,0.0,0.9950000047683716,-5.819593906402588,-0.4143988788127899,9.908396341832606,51.2443733215332
B,29,-1,full_swap,200,0.0,1.0,-5.821402549743652,-0.4141251742839813,18.506755828857422,51.2443733215332
B,30,-1,helix,200,0.0,0.9950000047683716,-5.82175874710083,-0.41488608717918396,7.082327126834802,63.905460357666016
B,30,-1,only_T2,200,0.0,0.9950000047683716,-5.822983741760254,-0.4148905873298645,5.22518009369888,63.905460357666016
B,30,-1,only_T5,200,0.0,0.9950000047683716,-5.823286533355713,-0.4147442579269409,3.9981837598980734,63.905460357666016
B,30,-1,only_T10,200,0.0,0.9950000047683716,-5.822482585906982,-0.41491201519966125,2.48397975924339,63.905460357666016
B,30,-1,only_T100,200,0.0,0.9950000047683716,-5.823249816894531,-0.4148644208908081,0.430073254901223,63.905460357666016
B,30,-1,only_lin,200,0.0,0.9950000047683716,-5.822935581207275,-0.41478896141052246,0.311709356440114,63.905460357666016
B,30,-1,random_orth,200,0.0,0.9950000047683716,-5.825137138366699,-0.41465476155281067,7.082327126834802,63.905460357666016
B,30,-1,real_diff_in_helix_subspace,200,0.0,0.9950000047683716,-5.821361541748047,-0.4146007299423218,10.762197284635386,63.905460357666016
B,30,-1,full_swap,200,0.0,0.9950000047683716,-5.82155704498291,-0.41426077485084534,19.573413848876953,63.905460357666016
B,31,-1,helix,200,0.0,0.9950000047683716,-5.822597503662109,-0.4149332046508789,7.363029477723953,79.44320678710938
B,31,-1,only_T2,200,0.0,0.9950000047683716,-5.822597503662109,-0.4149332046508789,5.412374727616873,79.44320678710938
B,31,-1,only_T5,200,0.0,0.9950000047683716,-5.822597503662109,-0.4149332046508789,4.177203832522199,79.44320678710938
B,31,-1,only_T10,200,0.0,0.9950000047683716,-5.822597503662109,-0.4149332046508789,2.6053465337113497,79.44320678710938
B,31,-1,only_T100,200,0.0,0.9950000047683716,-5.822597503662109,-0.4149332046508789,0.4419405581665233,79.44320678710938
B,31,-1,only_lin,200,0.0,0.9950000047683716,-5.822597503662109,-0.4149332046508789,0.3442000821485577,79.44320678710938
B,31,-1,random_orth,200,0.0,0.9950000047683716,-5.822597503662109,-0.4149332046508789,7.363029477723953,79.44320678710938
B,31,-1,real_diff_in_helix_subspace,200,0.0,0.9950000047683716,-5.822597503662109,-0.4149332046508789,11.642384284725871,79.44320678710938
B,31,-1,full_swap,200,0.0,0.9950000047683716,-5.822597503662109,-0.4149332046508789,20.650434494018555,79.44320678710938
B,0,1,helix,200,0.7049999833106995,0.125,-1.1766728162765503,-3.852999687194824,1.3874237633229507,3.592588424682617
B,0,1,only_T2,200,0.3499999940395355,0.2849999964237213,-2.3529317378997803,-2.5805418491363525,1.0412351326423306,3.592588424682617
B,0,1,only_T5,200,0.004999999888241291,0.8100000023841858,-4.6869025230407715,-0.8165995478630066,0.8098997290601931,3.592588424682617
B,0,1,only_T10,200,0.0,0.9449999928474426,-4.915093421936035,-0.541735827922821,0.4252233678978618,3.592588424682617
B,0,1,only_T100,200,0.0,0.98499995470047,-5.11165189743042,-0.4558653235435486,0.09283427377560394,3.592588424682617
B,0,1,only_lin,200,0.0,1.0,-5.114759922027588,-0.4391252100467682,0.04723930330417074,3.592588424682617
B,0,1,random_orth,200,0.0,0.9799999594688416,-5.095175266265869,-0.47180047631263733,1.3874237633229507,3.592588424682617
B,0,1,real_diff_in_helix_subspace,200,0.6200000047683716,0.16499999165534973,-1.5343892574310303,-3.741791248321533,1.391395330309634,3.592588424682617
B,0,1,full_swap,200,0.875,0.0,-0.6606241464614868,-5.47025728225708,3.5908868312835693,3.592588424682617
B,1,1,helix,200,0.699999988079071,0.12999999523162842,-1.192198634147644,-3.833165168762207,1.3824384485442642,3.8979673385620117
B,1,1,only_T2,200,0.3649999797344208,0.2750000059604645,-2.3670382499694824,-2.584670305252075,1.0404105993794588,3.8979673385620117
B,1,1,only_T5,200,0.004999999888241291,0.8050000071525574,-4.687554359436035,-0.8292929530143738,0.804285188759739,3.8979673385620117
B,1,1,only_T10,200,0.0,0.9449999928474426,-4.91031551361084,-0.5453740358352661,0.4219938839808572,3.8979673385620117
B,1,1,only_T100,200,0.0,0.9749999642372131,-5.114346027374268,-0.4571278691291809,0.09535024169022759,3.8979673385620117
B,1,1,only_lin,200,0.0,1.0,-5.115346431732178,-0.4379981756210327,0.050130674665841646,3.8979673385620117
B,1,1,random_orth,200,0.004999999888241291,0.9749999642372131,-5.092040538787842,-0.4789269268512726,1.3824384485442642,3.8979673385620117
B,1,1,real_diff_in_helix_subspace,200,0.625,0.1599999964237213,-1.5126464366912842,-3.7468926906585693,1.3896690922389072,3.8979673385620117
B,1,1,full_swap,200,0.8700000047683716,0.0,-0.6633216738700867,-5.466662406921387,3.536139488220215,3.8979673385620117
B,2,1,helix,200,0.7199999690055847,0.11999999731779099,-1.1750882863998413,-3.8576409816741943,1.4652878194999852,4.610143661499023
B,2,1,only_T2,200,0.3700000047683716,0.25999999046325684,-2.3512818813323975,-2.612318277359009,1.1055446404512181,4.610143661499023
B,2,1,only_T5,200,0.004999999888241291,0.7999999523162842,-4.678009986877441,-0.8335869908332825,0.8485296746048232,4.610143661499023
B,2,1,only_T10,200,0.004999999888241291,0.9399999976158142,-4.906483173370361,-0.5507236123085022,0.44897727865521325,4.610143661499023
B,2,1,only_T100,200,0.0,0.9899999499320984,-5.110552787780762,-0.45528897643089294,0.10133637269333662,4.610143661499023
B,2,1,only_lin,200,0.0,1.0,-5.113079071044922,-0.4373384118080139,0.05406454621632382,4.610143661499023
B,2,1,random_orth,200,0.0,0.9950000047683716,-5.0933661460876465,-0.46656981110572815,1.4652878194999852,4.610143661499023
B,2,1,real_diff_in_helix_subspace,200,0.5949999690055847,0.1550000011920929,-1.4779324531555176,-3.7770910263061523,1.4828359190037261,4.610143661499023
B,2,1,full_swap,200,0.875,0.0,-0.6626136898994446,-5.462305068969727,3.695366859436035,4.610143661499023
B,3,1,helix,200,0.7149999737739563,0.11999999731779099,-1.1067512035369873,-3.990385055541992,1.6230538978749507,5.201910495758057
B,3,1,only_T2,200,0.3700000047683716,0.25999999046325684,-2.259202003479004,-2.7406795024871826,1.242169533931402,5.201910495758057
B,3,1,only_T5,200,0.004999999888241291,0.7949999570846558,-4.6571879386901855,-0.856199324131012,0.9243520526886513,5.201910495758057
B,3,1,only_T10,200,0.004999999888241291,0.9399999976158142,-4.894663333892822,-0.5610141754150391,0.4846688396763881,5.201910495758057
B,3,1,only_T100,200,0.0,0.98499995470047,-5.113142967224121,-0.45465123653411865,0.1077281990654993,5.201910495758057
B,3,1,only_lin,200,0.0,1.0,-5.111491680145264,-0.43850618600845337,0.059987529079580854,5.201910495758057
B,3,1,random_orth,200,0.0,0.9799999594688416,-5.088289260864258,-0.4621783196926117,1.6230538978749507,5.201910495758057
B,3,1,real_diff_in_helix_subspace,200,0.6200000047683716,0.12999999523162842,-1.4229612350463867,-3.8982093334198,1.6530414852320654,5.201910495758057
B,3,1,full_swap,200,0.8700000047683716,0.0,-0.6651774644851685,-5.47044563293457,3.8710362911224365,5.201910495758057
B,4,1,helix,200,0.7450000047683716,0.11499999463558197,-1.0961569547653198,-3.9967756271362305,1.7624724029424135,6.281782150268555
B,4,1,only_T2,200,0.375,0.25,-2.256821393966675,-2.7500712871551514,1.349457060330168,6.281782150268555
B,4,1,only_T5,200,0.004999999888241291,0.7849999666213989,-4.653614044189453,-0.8691399693489075,1.0007278585630448,6.281782150268555
B,4,1,only_T10,200,0.004999999888241291,0.9399999976158142,-4.890971660614014,-0.5645822286605835,0.5285254641787539,6.281782150268555
B,4,1,only_T100,200,0.0,0.98499995470047,-5.113513469696045,-0.45334574580192566,0.11989774572016856,6.281782150268555
B,4,1,only_lin,200,0.0,1.0,-5.11038064956665,-0.43856310844421387,0.06753558836099907,6.281782150268555
B,4,1,random_orth,200,0.004999999888241291,0.9599999785423279,-5.0825886726379395,-0.47052595019340515,1.7624724029424135,6.281782150268555
B,4,1,real_diff_in_helix_subspace,200,0.6349999904632568,0.10999999940395355,-1.394863247871399,-3.930084466934204,1.8098861816618261,6.281782150268555
B,4,1,full_swap,200,0.8700000047683716,0.0,-0.6628736853599548,-5.463004112243652,4.237211227416992,6.281782150268555
B,5,1,helix,200,0.75,0.11499999463558197,-1.0877230167388916,-4.013232231140137,1.9148873202167283,7.134301662445068
B,5,1,only_T2,200,0.38999998569488525,0.23999999463558197,-2.255089044570923,-2.772578477859497,1.4703917916378424,7.134301662445068
B,5,1,only_T5,200,0.009999999776482582,0.7849999666213989,-4.646246433258057,-0.8814605474472046,1.0829874178474432,7.134301662445068
B,5,1,only_T10,200,0.004999999888241291,0.9399999976158142,-4.881800651550293,-0.5696679353713989,0.5749083700396217,7.134301662445068
B,5,1,only_T100,200,0.0,0.98499995470047,-5.112236022949219,-0.4535277187824249,0.13268026063147545,7.134301662445068
B,5,1,only_lin,200,0.0,1.0,-5.108462333679199,-0.4391585886478424,0.0751270019796391,7.134301662445068
B,5,1,random_orth,200,0.0,0.9699999690055847,-5.088730812072754,-0.468483567237854,1.9148873202167283,7.134301662445068
B,5,1,real_diff_in_helix_subspace,200,0.6299999952316284,0.10499999672174454,-1.3446367979049683,-3.9749748706817627,1.9840405712972826,7.134301662445068
B,5,1,full_swap,200,0.85999995470047,0.0,-0.6713337302207947,-5.470828056335449,4.62109899520874,7.134301662445068
B,6,1,helix,200,0.7599999904632568,0.09999999403953552,-1.0771052837371826,-4.027374267578125,2.052617824252234,8.376509666442871
B,6,1,only_T2,200,0.39499998092651367,0.22499999403953552,-2.24017596244812,-2.793126106262207,1.581828536248418,8.376509666442871
B,6,1,only_T5,200,0.009999999776482582,0.7849999666213989,-4.637938976287842,-0.8873087763786316,1.1596931612557262,8.376509666442871
B,6,1,only_T10,200,0.004999999888241291,0.9399999976158142,-4.882312774658203,-0.5689800977706909,0.6112590142506198,8.376509666442871
B,6,1,only_T100,200,0.0,0.98499995470047,-5.1178717613220215,-0.4565347135066986,0.14347862211531565,8.376509666442871
B,6,1,only_lin,200,0.0,1.0,-5.107067584991455,-0.4380301237106323,0.08400350425439065,8.376509666442871
B,6,1,random_orth,200,0.0,0.9649999737739563,-5.115850925445557,-0.4695461094379425,2.052617824252234,8.376509666442871
B,6,1,real_diff_in_helix_subspace,200,0.6549999713897705,0.0949999988079071,-1.335292935371399,-4.009047985076904,2.1559228730860123,8.376509666442871
B,6,1,full_swap,200,0.8650000095367432,0.0,-0.670731246471405,-5.472472190856934,4.955076217651367,8.376509666442871
B,7,1,helix,200,0.7649999856948853,0.0949999988079071,-1.055262565612793,-4.077907085418701,2.1397078504170377,9.121420860290527
B,7,1,only_T2,200,0.4099999964237213,0.2199999988079071,-2.2159178256988525,-2.8391191959381104,1.6473257742162593,9.121420860290527
B,7,1,only_T5,200,0.009999999776482582,0.7899999618530273,-4.632174968719482,-0.899591326713562,1.208805505854067,9.121420860290527
B,7,1,only_T10,200,0.004999999888241291,0.9399999976158142,-4.8734965324401855,-0.5758989453315735,0.6430334277532708,9.121420860290527
B,7,1,only_T100,200,0.0,0.98499995470047,-5.113801956176758,-0.45626020431518555,0.15189079312089165,9.121420860290527
B,7,1,only_lin,200,0.0,1.0,-5.1053314208984375,-0.4369881749153137,0.0891101867087392,9.121420860290527
B,7,1,random_orth,200,0.0,0.9599999785423279,-5.11149263381958,-0.4674282670021057,2.1397078504170377,9.121420860290527
B,7,1,real_diff_in_helix_subspace,200,0.6399999856948853,0.07999999821186066,-1.3109960556030273,-4.047610759735107,2.2658528841176597,9.121420860290527
B,7,1,full_swap,200,0.8700000047683716,0.0,-0.6655035018920898,-5.471274375915527,5.189390182495117,9.121420860290527
B,8,1,helix,200,0.7699999809265137,0.08999999612569809,-1.058212399482727,-4.082430362701416,2.262326883671092,10.23581314086914
B,8,1,only_T2,200,0.3999999761581421,0.2149999886751175,-2.20479679107666,-2.833683729171753,1.750081647483712,10.23581314086914
B,8,1,only_T5,200,0.009999999776482582,0.7899999618530273,-4.633347988128662,-0.9080697298049927,1.268401247022799,10.23581314086914
B,8,1,only_T10,200,0.004999999888241291,0.9399999976158142,-4.869077205657959,-0.5799696445465088,0.6774164491398406,10.23581314086914
B,8,1,only_T100,200,0.0,0.98499995470047,-5.1151580810546875,-0.4572230875492096,0.16128486811711432,10.23581314086914
B,8,1,only_lin,200,0.0,0.9950000047683716,-5.108715534210205,-0.4373261034488678,0.09573357800909299,10.23581314086914
B,8,1,random_orth,200,0.0,0.98499995470047,-5.130528450012207,-0.4607645571231842,2.262326883671092,10.23581314086914
B,8,1,real_diff_in_helix_subspace,200,0.6299999952316284,0.08999999612569809,-1.3385506868362427,-4.051089286804199,2.407833290135882,10.23581314086914
B,8,1,full_swap,200,0.8700000047683716,0.0,-0.6630398631095886,-5.4688401222229,5.50059700012207,10.23581314086914
B,9,1,helix,200,0.7699999809265137,0.08500000089406967,-1.048745036125183,-4.103072643280029,2.3287767589628325,11.19491958618164
B,9,1,only_T2,200,0.3999999761581421,0.2199999988079071,-2.193720579147339,-2.8408288955688477,1.8027539412508526,11.19491958618164
B,9,1,only_T5,200,0.009999999776482582,0.7899999618530273,-4.619372367858887,-0.922149658203125,1.3060425781675769,11.19491958618164
B,9,1,only_T10,200,0.004999999888241291,0.9399999976158142,-4.862965106964111,-0.5846149921417236,0.6955635716855013,11.19491958618164
B,9,1,only_T100,200,0.0,0.98499995470047,-5.114123344421387,-0.45629751682281494,0.16536802250920984,11.19491958618164
B,9,1,only_lin,200,0.0,0.9899999499320984,-5.106932640075684,-0.4380102753639221,0.09877764666678016,11.19491958618164
B,9,1,random_orth,200,0.0,0.9699999690055847,-5.1100358963012695,-0.47585368156433105,2.3287767589628325,11.19491958618164
B,9,1,real_diff_in_helix_subspace,200,0.6299999952316284,0.08500000089406967,-1.354791283607483,-4.07387638092041,2.498833351573314,11.19491958618164
B,9,1,full_swap,200,0.8650000095367432,0.0,-0.6602513790130615,-5.467469215393066,5.677860260009766,11.19491958618164
B,10,1,helix,200,0.7599999904632568,0.08500000089406967,-1.0312714576721191,-4.169260025024414,2.483093677670931,11.732599258422852
B,10,1,only_T2,200,0.42499998211860657,0.1899999976158142,-2.1564154624938965,-2.88915753364563,1.9266407566161792,11.732599258422852
B,10,1,only_T5,200,0.009999999776482582,0.7899999618530273,-4.605197429656982,-0.9386498332023621,1.3791024637937037,11.732599258422852
B,10,1,only_T10,200,0.004999999888241291,0.9399999976158142,-4.853158950805664,-0.5951982736587524,0.7534492035329942,11.732599258422852
B,10,1,only_T100,200,0.0,0.98499995470047,-5.116171360015869,-0.45671889185905457,0.17149718465648256,11.732599258422852
B,10,1,only_lin,200,0.0,1.0,-5.105971336364746,-0.4366084635257721,0.10292261816503241,11.732599258422852
B,10,1,random_orth,200,0.0,0.9549999833106995,-5.099681854248047,-0.4791301488876343,2.483093677670931,11.732599258422852
B,10,1,real_diff_in_helix_subspace,200,0.625,0.07999999821186066,-1.3989590406417847,-4.099437236785889,2.6780300099867973,11.732599258422852
B,10,1,full_swap,200,0.8700000047683716,0.0,-0.6622413396835327,-5.470003604888916,5.975046157836914,11.732599258422852
B,11,1,helix,200,0.75,0.07000000029802322,-1.0577727556228638,-4.273317813873291,2.692396084078342,12.749873161315918
B,11,1,only_T2,200,0.429999977350235,0.17499999701976776,-2.1047377586364746,-2.9707794189453125,2.077127770650236,12.749873161315918
B,11,1,only_T5,200,0.009999999776482582,0.7749999761581421,-4.562579154968262,-1.012618899345398,1.4993640894833584,12.749873161315918
B,11,1,only_T10,200,0.004999999888241291,0.9199999570846558,-4.8246259689331055,-0.642596423625946,0.8267152735987946,12.749873161315918
B,11,1,only_T100,200,0.0,0.98499995470047,-5.117068767547607,-0.45681002736091614,0.17848291573034872,12.749873161315918
B,11,1,only_lin,200,0.0,0.9950000047683716,-5.107868671417236,-0.4388493001461029,0.10934920866236202,12.749873161315918
B,11,1,random_orth,200,0.0,0.9749999642372131,-5.121302604675293,-0.47217562794685364,2.692396084078342,12.749873161315918
B,11,1,real_diff_in_helix_subspace,200,0.6299999952316284,0.05999999865889549,-1.4116706848144531,-4.289017677307129,2.938890119231891,12.749873161315918
B,11,1,full_swap,200,0.875,0.0,-0.6575523018836975,-5.464268207550049,6.395936489105225,12.749873161315918
B,12,1,helix,200,0.7099999785423279,0.13499999046325684,-1.2376675605773926,-3.534911632537842,2.994131409495042,13.528639793395996
B,12,1,only_T2,200,0.3700000047683716,0.2800000011920929,-2.278254747390747,-2.5208771228790283,2.3076901829021677,13.528639793395996
B,12,1,only_T5,200,0.004999999888241291,0.824999988079071,-4.647036075592041,-0.8261574506759644,1.6723507037068188,13.528639793395996
B,12,1,only_T10,200,0.004999999888241291,0.9199999570846558,-4.873421669006348,-0.5890846848487854,0.9252309026791332,13.528639793395996
B,12,1,only_T100,200,0.0,0.98499995470047,-5.116002082824707,-0.4564104974269867,0.18626394944417096,13.528639793395996
B,12,1,only_lin,200,0.0,0.9950000047683716,-5.112095355987549,-0.442444384098053,0.11572173884762496,13.528639793395996
B,12,1,random_orth,200,0.0,0.9649999737739563,-5.1230316162109375,-0.4676045775413513,2.994131409495042,13.528639793395996
B,12,1,real_diff_in_helix_subspace,200,0.5999999642372131,0.14499999582767487,-1.48708975315094,-3.575479030609131,3.244964425993305,13.528639793395996
B,12,1,full_swap,200,0.8650000095367432,0.009999999776482582,-0.6849020719528198,-4.9794816970825195,6.940248012542725,13.528639793395996
B,13,1,helix,200,0.5799999833106995,0.23999999463558197,-1.5605980157852173,-2.9649810791015625,3.225202704690107,14.465222358703613
B,13,1,only_T2,200,0.28999999165534973,0.3999999761581421,-2.533806324005127,-2.134753465652466,2.4744820844465534,14.465222358703613
B,13,1,only_T5,200,0.004999999888241291,0.8449999690055847,-4.6945414543151855,-0.7651236057281494,1.8057847216232659,14.465222358703613
B,13,1,only_T10,200,0.004999999888241291,0.9300000071525574,-4.8872809410095215,-0.5725538730621338,1.0149601880951271,14.465222358703613
B,13,1,only_T100,200,0.0,0.98499995470047,-5.114993095397949,-0.4556640386581421,0.2002374075869639,14.465222358703613
B,13,1,only_lin,200,0.0,0.9899999499320984,-5.1119184494018555,-0.44319841265678406,0.12654082052399865,14.465222358703613
B,13,1,random_orth,200,0.0,0.9699999690055847,-5.129488468170166,-0.45997732877731323,3.225202704690107,14.465222358703613
B,13,1,real_diff_in_helix_subspace,200,0.4899999797344208,0.2449999898672104,-1.760882019996643,-2.996903657913208,3.5274711910787686,14.465222358703613
B,13,1,full_swap,200,0.7999999523162842,0.044999998062849045,-0.8176382184028625,-4.266884803771973,7.404933452606201,14.465222358703613
B,14,1,helix,200,0.3999999761581421,0.4350000023841858,-2.1688292026519775,-2.233348846435547,3.3567632077739815,16.0080509185791
B,14,1,only_T2,200,0.22999998927116394,0.5600000023841858,-3.0027801990509033,-1.5938621759414673,2.5735284089566113,16.0080509185791
B,14,1,only_T5,200,0.004999999888241291,0.875,-4.75485897064209,-0.6926398277282715,1.8783011397609897,16.0080509185791
B,14,1,only_T10,200,0.0,0.9599999785423279,-4.941182613372803,-0.5336446762084961,1.0550371260722529,16.0080509185791
B,14,1,only_T100,200,0.0,0.9799999594688416,-5.117127418518066,-0.45551565289497375,0.20693107728760535,16.0080509185791
B,14,1,only_lin,200,0.0,0.9950000047683716,-5.11336612701416,-0.4466198682785034,0.13405675316003682,16.0080509185791
B,14,1,random_orth,200,0.0,0.9699999690055847,-5.119408130645752,-0.4661501348018646,3.3567632077739815,16.0080509185791
B,14,1,real_diff_in_helix_subspace,200,0.3700000047683716,0.39499998092651367,-2.3526973724365234,-2.287055015563965,3.7382746198900723,16.0080509185791
B,14,1,full_swap,200,0.6699999570846558,0.1599999964237213,-1.2709558010101318,-3.2743749618530273,7.743860244750977,16.0080509185791
B,15,1,helix,200,0.38999998569488525,0.44999998807907104,-2.120774507522583,-2.2550206184387207,3.602139854079627,17.311784744262695
B,15,1,only_T2,200,0.22999998927116394,0.5600000023841858,-2.9535961151123047,-1.6138687133789062,2.742302629519184,17.311784744262695
B,15,1,only_T5,200,0.004999999888241291,0.8700000047683716,-4.745894432067871,-0.7003774642944336,2.0476215344673405,17.311784744262695
B,15,1,only_T10,200,0.0,0.9549999833106995,-4.938697814941406,-0.5369492769241333,1.1180119726194955,17.311784744262695
B,15,1,only_T100,200,0.0,0.98499995470047,-5.115750789642334,-0.45481839776039124,0.23276549424396678,17.311784744262695
B,15,1,only_lin,200,0.0,0.9899999499320984,-5.114946365356445,-0.44657814502716064,0.1461828209558729,17.311784744262695
B,15,1,random_orth,200,0.0,0.98499995470047,-5.125163555145264,-0.4611513018608093,3.602139854079627,17.311784744262695
B,15,1,real_diff_in_helix_subspace,200,0.375,0.375,-2.3916304111480713,-2.344890594482422,4.1097956815264345,17.311784744262695
B,15,1,full_swap,200,0.675000011920929,0.16499999165534973,-1.3053163290023804,-3.2145822048187256,8.363110542297363,17.311784744262695
B,16,1,helix,200,0.4050000011920929,0.4350000023841858,-2.1627533435821533,-2.2167279720306396,4.10476412591771,19.232810974121094
B,16,1,only_T2,200,0.2199999988079071,0.550000011920929,-2.9627952575683594,-1.626397967338562,3.1175920982927035,19.232810974121094
B,16,1,only_T5,200,0.004999999888241291,0.8650000095367432,-4.732489109039307,-0.7029587626457214,2.3241474976782333,19.232810974121094
B,16,1,only_T10,200,0.0,0.9549999833106995,-4.925994873046875,-0.5439784526824951,1.2835057131871672,19.232810974121094
B,16,1,only_T100,200,0.0,0.98499995470047,-5.113013744354248,-0.453437864780426,0.25847746435080815,19.232810974121094
B,16,1,only_lin,200,0.0,1.0,-5.118034362792969,-0.44610923528671265,0.1613805238535045,19.232810974121094
B,16,1,random_orth,200,0.0,0.9799999594688416,-5.1103620529174805,-0.4511173665523529,4.10476412591771,19.232810974121094
B,16,1,real_diff_in_helix_subspace,200,0.3499999940395355,0.41999998688697815,-2.4295434951782227,-2.2969048023223877,4.655861554895603,19.232810974121094
B,16,1,full_swap,200,0.5450000166893005,0.29499998688697815,-1.6069090366363525,-2.7610907554626465,9.483728408813477,19.232810974121094
B,17,1,helix,200,0.2849999964237213,0.5899999737739563,-2.8337855339050293,-1.6110624074935913,4.359041518848315,21.093942642211914
B,17,1,only_T2,200,0.14499999582767487,0.6949999928474426,-3.48869252204895,-1.1834863424301147,3.301962559549765,21.093942642211914
B,17,1,only_T5,200,0.0,0.8949999809265137,-4.792424201965332,-0.6366337537765503,2.4714840034986416,21.093942642211914
B,17,1,only_T10,200,0.0,0.9649999737739563,-4.9509758949279785,-0.522716760635376,1.3788246412196365,21.093942642211914
B,17,1,only_T100,200,0.0,0.9799999594688416,-5.118995189666748,-0.4551849365234375,0.2756385040421322,21.093942642211914
B,17,1,only_lin,200,0.0,1.0,-5.117158889770508,-0.44798797369003296,0.17150856509685333,21.093942642211914
B,17,1,random_orth,200,0.0,0.9799999594688416,-5.127283096313477,-0.4492938220500946,4.359041518848314,21.093942642211914
B,17,1,real_diff_in_helix_subspace,200,0.22499999403953552,0.5600000023841858,-3.041705369949341,-1.7404427528381348,4.984536632097704,21.093942642211914
B,17,1,full_swap,200,0.3449999988079071,0.5249999761581421,-2.4639735221862793,-1.9543166160583496,10.100234031677246,21.093942642211914
B,18,1,helix,200,0.17000000178813934,0.6850000023841858,-3.3868887424468994,-1.2524083852767944,4.572972245799912,22.61383819580078
B,18,1,only_T2,200,0.11499999463558197,0.7799999713897705,-3.9367547035217285,-0.9210227727890015,3.456670283871981,22.61383819580078
B,18,1,only_T5,200,0.0,0.9149999618530273,-4.845371723175049,-0.6058285236358643,2.6013565372129444,22.61383819580078
B,18,1,only_T10,200,0.0,0.9699999690055847,-4.973089694976807,-0.5111401081085205,1.452595601606201,22.61383819580078
B,18,1,only_T100,200,0.0,0.98499995470047,-5.118218421936035,-0.4549788534641266,0.287951882437189,22.61383819580078
B,18,1,only_lin,200,0.0,1.0,-5.1181206703186035,-0.4502010941505432,0.1805001933620594,22.61383819580078
B,18,1,random_orth,200,0.0,0.9699999690055847,-5.131752967834473,-0.4623972177505493,4.572972245799912,22.61383819580078
B,18,1,real_diff_in_helix_subspace,200,0.14999999105930328,0.6599999666213989,-3.578878164291382,-1.3773882389068604,5.334442164196605,22.61383819580078
B,18,1,full_swap,200,0.2149999886751175,0.625,-3.138993740081787,-1.444116473197937,10.71362590789795,22.61383819580078
B,19,1,helix,200,0.0,0.9899999499320984,-5.094076633453369,-0.45666244626045227,4.84528274905762,24.809852600097656
B,19,1,only_T2,200,0.0,0.9950000047683716,-5.125519275665283,-0.45432600378990173,3.65362559074974,24.809852600097656
B,19,1,only_T5,200,0.0,1.0,-5.106907367706299,-0.45655837655067444,2.764817535473455,24.809852600097656
B,19,1,only_T10,200,0.0,0.9950000047683716,-5.110724449157715,-0.45636749267578125,1.5396431990053534,24.809852600097656
B,19,1,only_T100,200,0.0,0.9950000047683716,-5.120028018951416,-0.4532100558280945,0.302630300555329,24.809852600097656
B,19,1,only_lin,200,0.0,1.0,-5.118927955627441,-0.4530065059661865,0.1930820996948549,24.809852600097656
B,19,1,random_orth,200,0.0,1.0,-5.119810104370117,-0.4532927870750427,4.84528274905762,24.809852600097656
B,19,1,real_diff_in_helix_subspace,200,0.0,0.98499995470047,-5.088922023773193,-0.46404802799224854,5.782386965814931,24.809852600097656
B,19,1,full_swap,200,0.0,0.9749999642372131,-5.057131767272949,-0.4643672704696655,11.376396179199219,24.809852600097656
B,20,1,helix,200,0.0,0.9899999499320984,-5.0879058837890625,-0.4569333493709564,5.1033720713735535,26.77629852294922
B,20,1,only_T2,200,0.0,1.0,-5.122560977935791,-0.45404052734375,3.8540264676709057,26.77629852294922
B,20,1,only_T5,200,0.0,1.0,-5.1066999435424805,-0.4563217759132385,2.905695032318812,26.77629852294922
B,20,1,only_T10,200,0.0,1.0,-5.111359596252441,-0.4573570191860199,1.6209069718273819,26.77629852294922
B,20,1,only_T100,200,0.0,1.0,-5.118546485900879,-0.4532967209815979,0.32126233788352765,26.77629852294922
B,20,1,only_lin,200,0.0,1.0,-5.118942737579346,-0.4530750811100006,0.2041931245099622,26.77629852294922
B,20,1,random_orth,200,0.0,0.9899999499320984,-5.125502586364746,-0.4539153277873993,5.1033720713735535,26.77629852294922
B,20,1,real_diff_in_helix_subspace,200,0.0,0.98499995470047,-5.088198184967041,-0.46376827359199524,6.139679793985531,26.77629852294922
B,20,1,full_swap,200,0.0,0.9749999642372131,-5.051148414611816,-0.4636063575744629,12.044198989868164,26.77629852294922
B,21,1,helix,200,0.0,0.9899999499320984,-5.10700798034668,-0.45711156725883484,5.348163440092853,28.603710174560547
B,21,1,only_T2,200,0.0,1.0,-5.1294403076171875,-0.4520140290260315,4.053383781408762,28.603710174560547
B,21,1,only_T5,200,0.0,1.0,-5.110454559326172,-0.45663389563560486,3.023547006287478,28.603710174560547
B,21,1,only_T10,200,0.0,0.9950000047683716,-5.1149420738220215,-0.4573076665401459,1.707838140814305,28.603710174560547
B,21,1,only_T100,200,0.0,1.0,-5.119616985321045,-0.45335710048675537,0.3359309704586228,28.603710174560547
B,21,1,only_lin,200,0.0,1.0,-5.117059230804443,-0.45245009660720825,0.2152691667218242,28.603710174560547
B,21,1,random_orth,200,0.0,1.0,-5.119944095611572,-0.4549286663532257,5.348163440092853,28.603710174560547
B,21,1,real_diff_in_helix_subspace,200,0.0,0.9799999594688416,-5.105813026428223,-0.46338266134262085,6.543066837874749,28.603710174560547
B,21,1,full_swap,200,0.0,0.98499995470047,-5.102984428405762,-0.4615272283554077,12.693280220031738,28.603710174560547
B,22,1,helix,200,0.0,0.9950000047683716,-5.1074042320251465,-0.45631617307662964,5.590346228795638,30.6767578125
B,22,1,only_T2,200,0.0,1.0,-5.128333568572998,-0.4523603022098541,4.230078375619513,30.6767578125
B,22,1,only_T5,200,0.0,0.9950000047683716,-5.111752033233643,-0.4571029543876648,3.1614638024996666,30.6767578125
B,22,1,only_T10,200,0.0,0.9950000047683716,-5.115728855133057,-0.4581008851528168,1.800858054860208,30.6767578125
B,22,1,only_T100,200,0.0,1.0,-5.11995792388916,-0.45318403840065,0.35079474056091425,30.6767578125
B,22,1,only_lin,200,0.0,1.0,-5.117467403411865,-0.452596515417099,0.2270924410729814,30.6767578125
B,22,1,random_orth,200,0.0,1.0,-5.120763301849365,-0.4528103470802307,5.590346228795638,30.6767578125
B,22,1,real_diff_in_helix_subspace,200,0.0,0.9799999594688416,-5.106918811798096,-0.46379783749580383,6.935066376825339,30.6767578125
B,22,1,full_swap,200,0.0,0.9899999499320984,-5.101836204528809,-0.46197113394737244,13.369405746459961,30.6767578125
B,23,1,helix,200,0.0,0.9950000047683716,-5.132699966430664,-0.46014267206192017,5.8394541478902955,32.44224548339844
B,23,1,only_T2,200,0.0,1.0,-5.133763790130615,-0.45596152544021606,4.406951892215666,32.44224548339844
B,23,1,only_T5,200,0.0,1.0,-5.1224775314331055,-0.45687156915664673,3.30757841392713,32.44224548339844
B,23,1,only_T10,200,0.0,0.9950000047683716,-5.122066020965576,-0.455563485622406,1.8963831728259992,32.44224548339844
B,23,1,only_T100,200,0.0,1.0,-5.119561195373535,-0.4533573389053345,0.36558558012494585,32.44224548339844
B,23,1,only_lin,200,0.0,1.0,-5.118767738342285,-0.4532853662967682,0.23725031349452094,32.44224548339844
B,23,1,random_orth,200,0.0,1.0,-5.125533103942871,-0.45356443524360657,5.8394541478902955,32.44224548339844
B,23,1,real_diff_in_helix_subspace,200,0.0,0.9950000047683716,-5.130131244659424,-0.4631146192550659,7.306204598902542,32.44224548339844
B,23,1,full_swap,200,0.0,0.9950000047683716,-5.12204647064209,-0.463850736618042,14.026606559753418,32.44224548339844
B,24,1,helix,200,0.0,0.9950000047683716,-5.120797634124756,-0.452116996049881,6.059916397083766,33.80796813964844
B,24,1,only_T2,200,0.0,0.9950000047683716,-5.124533176422119,-0.4533924460411072,4.57846913735542,33.80796813964844
B,24,1,only_T5,200,0.0,1.0,-5.118849754333496,-0.45300963521003723,3.423761501366099,33.80796813964844
B,24,1,only_T10,200,0.0,1.0,-5.121773719787598,-0.453817218542099,1.9696144367339656,33.80796813964844
B,24,1,only_T100,200,0.0,1.0,-5.1198272705078125,-0.4532102942466736,0.3786380432864477,33.80796813964844
B,24,1,only_lin,200,0.0,1.0,-5.117281913757324,-0.4536183774471283,0.24822259886543097,33.80796813964844
B,24,1,random_orth,200,0.0,1.0,-5.122990608215332,-0.454230397939682,6.059916397083766,33.80796813964844
B,24,1,real_diff_in_helix_subspace,200,0.0,1.0,-5.1183695793151855,-0.4509824216365814,7.690691549121919,33.80796813964844
B,24,1,full_swap,200,0.0,1.0,-5.115902423858643,-0.4528087377548218,14.661735534667969,33.80796813964844
B,25,1,helix,200,0.0,0.9950000047683716,-5.119540214538574,-0.45177939534187317,6.238818819323582,35.7896842956543
B,25,1,only_T2,200,0.0,1.0,-5.1242547035217285,-0.45265936851501465,4.700762375829398,35.7896842956543
B,25,1,only_T5,200,0.0,1.0,-5.118348121643066,-0.45296144485473633,3.534206473686341,35.7896842956543
B,25,1,only_T10,200,0.0,1.0,-5.119899749755859,-0.4541364312171936,2.037489238222023,35.7896842956543
B,25,1,only_T100,200,0.0,1.0,-5.120906829833984,-0.4533349871635437,0.3881728189317911,35.7896842956543
B,25,1,only_lin,200,0.0,1.0,-5.117833614349365,-0.45344188809394836,0.2585051217921197,35.7896842956543
B,25,1,random_orth,200,0.0,1.0,-5.12192964553833,-0.4538542926311493,6.238818819323582,35.7896842956543
B,25,1,real_diff_in_helix_subspace,200,0.0,1.0,-5.11700439453125,-0.45055636763572693,8.004819505807479,35.7896842956543
B,25,1,full_swap,200,0.0,1.0,-5.115753650665283,-0.45203596353530884,15.212506294250488,35.7896842956543
B,26,1,helix,200,0.0,0.9950000047683716,-5.120825290679932,-0.4519554674625397,6.409118957187125,37.4179573059082
B,26,1,only_T2,200,0.0,1.0,-5.124124050140381,-0.4528180658817291,4.817042156213951,37.4179573059082
B,26,1,only_T5,200,0.0,1.0,-5.117816925048828,-0.4528333246707916,3.629430035836668,37.4179573059082
B,26,1,only_T10,200,0.0,1.0,-5.120035171508789,-0.45328256487846375,2.120201642827722,37.4179573059082
B,26,1,only_T100,200,0.0,1.0,-5.11884069442749,-0.4533565938472748,0.3985010591013801,37.4179573059082
B,26,1,only_lin,200,0.0,1.0,-5.118288993835449,-0.4534509479999542,0.26890700337085305,37.4179573059082
B,26,1,random_orth,200,0.0,1.0,-5.119295597076416,-0.45415279269218445,6.409118957187127,37.4179573059082
B,26,1,real_diff_in_helix_subspace,200,0.0,1.0,-5.119599342346191,-0.45082274079322815,8.324250858049929,37.4179573059082
B,26,1,full_swap,200,0.0,1.0,-5.1153693199157715,-0.45195844769477844,15.764698028564453,37.4179573059082
B,27,1,helix,200,0.0,1.0,-5.1188836097717285,-0.45328935980796814,6.50911570681259,39.03281021118164
B,27,1,only_T2,200,0.0,1.0,-5.121977806091309,-0.45335859060287476,4.875226119105214,39.03281021118164
B,27,1,only_T5,200,0.0,1.0,-5.118078708648682,-0.4536413550376892,3.706790815178548,39.03281021118164
B,27,1,only_T10,200,0.0,1.0,-5.119812488555908,-0.45376813411712646,2.1571805820127348,39.03281021118164
B,27,1,only_T100,200,0.0,1.0,-5.120089054107666,-0.4534187912940979,0.4052288849115466,39.03281021118164
B,27,1,only_lin,200,0.0,1.0,-5.118147373199463,-0.4533897340297699,0.27736859604325537,39.03281021118164
B,27,1,random_orth,200,0.0,1.0,-5.1215362548828125,-0.45511534810066223,6.50911570681259,39.03281021118164
B,27,1,real_diff_in_helix_subspace,200,0.0,1.0,-5.118577003479004,-0.45180827379226685,8.519774339093713,39.03281021118164
B,27,1,full_swap,200,0.0,1.0,-5.117336750030518,-0.451642781496048,16.139263153076172,39.03281021118164
B,28,1,helix,200,0.0,1.0,-5.117550373077393,-0.45320647954940796,6.6505288990538824,41.9652099609375
B,28,1,only_T2,200,0.0,1.0,-5.120224952697754,-0.45306846499443054,4.972102592598358,41.9652099609375
B,28,1,only_T5,200,0.0,1.0,-5.11829137802124,-0.4531896412372589,3.779278237315133,41.9652099609375
B,28,1,only_T10,200,0.0,1.0,-5.12097692489624,-0.4536760747432709,2.234079652216553,41.9652099609375
B,28,1,only_T100,200,0.0,1.0,-5.120096206665039,-0.4530329704284668,0.41142165268106695,41.9652099609375
B,28,1,only_lin,200,0.0,1.0,-5.118326187133789,-0.4532110095024109,0.2851977451850314,41.9652099609375
B,28,1,random_orth,200,0.0,1.0,-5.119685173034668,-0.45399221777915955,6.650528899053882,41.9652099609375
B,28,1,real_diff_in_helix_subspace,200,0.0,1.0,-5.117252826690674,-0.4518371820449829,8.896867604904294,41.9652099609375
B,28,1,full_swap,200,0.0,0.9950000047683716,-5.117236137390137,-0.4515000879764557,16.732898712158203,41.9652099609375
B,29,1,helix,200,0.0,1.0,-5.118520736694336,-0.45328739285469055,6.81576162091566,50.94541549682617
B,29,1,only_T2,200,0.0,1.0,-5.120832443237305,-0.45330700278282166,5.06629925791492,50.94541549682617
B,29,1,only_T5,200,0.0,1.0,-5.118002414703369,-0.4533788859844208,3.8809774865982285,50.94541549682617
B,29,1,only_T10,200,0.0,1.0,-5.118375778198242,-0.4538017809391022,2.3430177199847946,50.94541549682617
B,29,1,only_T100,200,0.0,1.0,-5.119207859039307,-0.4533821642398834,0.4214992752266173,50.94541549682617
B,29,1,only_lin,200,0.0,1.0,-5.119174480438232,-0.4536730945110321,0.2966004770630392,50.94541549682617
B,29,1,random_orth,200,0.0,1.0,-5.120153903961182,-0.453316867351532,6.81576162091566,50.94541549682617
B,29,1,real_diff_in_helix_subspace,200,0.0,1.0,-5.118268966674805,-0.4531293511390686,9.474974073040961,50.94541549682617
B,29,1,full_swap,200,0.0,1.0,-5.117660045623779,-0.4536893367767334,17.57970428466797,50.94541549682617
B,30,1,helix,200,0.0,1.0,-5.119111061096191,-0.4536231756210327,7.047115079367502,63.2188720703125
B,30,1,only_T2,200,0.0,1.0,-5.119388103485107,-0.4534316956996918,5.22518009369888,63.2188720703125
B,30,1,only_T5,200,0.0,1.0,-5.119398593902588,-0.4533667266368866,3.990660145270212,63.2188720703125
B,30,1,only_T10,200,0.0,1.0,-5.119424343109131,-0.45347675681114197,2.4924405773540435,63.2188720703125
B,30,1,only_T100,200,0.0,1.0,-5.119475364685059,-0.4533984959125519,0.4328623279157436,63.2188720703125
B,30,1,only_lin,200,0.0,1.0,-5.119343280792236,-0.4534526765346527,0.31170935644011394,63.2188720703125
B,30,1,random_orth,200,0.0,1.0,-5.1209845542907715,-0.4530499577522278,7.047115079367501,63.2188720703125
B,30,1,real_diff_in_helix_subspace,200,0.0,1.0,-5.119324684143066,-0.4535331726074219,10.220880234892418,63.2188720703125
B,30,1,full_swap,200,0.0,1.0,-5.117358207702637,-0.45412254333496094,18.546545028686523,63.2188720703125
B,31,1,helix,200,0.0,1.0,-5.119507312774658,-0.4533211886882782,7.3171227669011865,78.38577270507812
B,31,1,only_T2,200,0.0,1.0,-5.119507312774658,-0.4533211886882782,5.412374727616873,78.38577270507812
B,31,1,only_T5,200,0.0,1.0,-5.119507312774658,-0.4533211886882782,4.156875183205144,78.38577270507812
B,31,1,only_T10,200,0.0,1.0,-5.119507312774658,-0.4533211886882782,2.613888178447172,78.38577270507812
B,31,1,only_T100,200,0.0,1.0,-5.119507312774658,-0.4533211886882782,0.4444711139084212,78.38577270507812
B,31,1,only_lin,200,0.0,1.0,-5.119507312774658,-0.4533211886882782,0.34420008214855763,78.38577270507812
B,31,1,random_orth,200,0.0,1.0,-5.119507312774658,-0.4533211886882782,7.317122766901187,78.38577270507812
B,31,1,real_diff_in_helix_subspace,200,0.0,1.0,-5.119507312774658,-0.4533211886882782,10.97800749798052,78.38577270507812
B,31,1,full_swap,200,0.0,1.0,-5.119507312774658,-0.4533211886882782,19.5212459564209,78.38577270507812
B,0,2,helix,200,0.5899999737739563,0.20499999821186066,-1.3697988986968994,-3.6776864528656006,1.5492175145258602,3.7286980152130127
B,0,2,only_T2,200,0.0,0.9950000047683716,-5.465824604034424,-0.466631680727005,0.0,3.7286980152130127
B,0,2,only_T5,200,0.3149999976158142,0.429999977350235,-2.8436131477355957,-2.289780616760254,1.3120496458529178,3.7286980152130127
B,0,2,only_T10,200,0.07000000029802322,0.75,-4.3728508949279785,-1.0717934370040894,0.8077241093569775,3.7286980152130127
B,0,2,only_T100,200,0.0,0.98499995470047,-5.4113335609436035,-0.47470149397850037,0.18541021186440557,3.7286980152130127
B,0,2,only_lin,200,0.0,1.0,-5.4586334228515625,-0.43567344546318054,0.09447860660834148,3.7286980152130127
B,0,2,random_orth,200,0.0,0.9799999594688416,-5.441579341888428,-0.4738689363002777,1.5492175145258602,3.7286980152130127
B,0,2,real_diff_in_helix_subspace,200,0.5349999666213989,0.26999998092651367,-1.7040163278579712,-3.7634692192077637,1.5781154826951558,3.7286980152130127
B,0,2,full_swap,200,0.8899999856948853,0.02499999850988388,-0.5974975228309631,-5.842026233673096,3.953941583633423,3.7286980152130127
B,1,2,helix,200,0.5999999642372131,0.19499999284744263,-1.3941963911056519,-3.700284719467163,1.5385873440071953,4.019031524658203
B,1,2,only_T2,200,0.0,0.9950000047683716,-5.465824604034424,-0.466631680727005,0.0,4.019031524658203
B,1,2,only_T5,200,0.3149999976158142,0.429999977350235,-2.8552911281585693,-2.30596923828125,1.3034069296235713,4.019031524658203
B,1,2,only_T10,200,0.06499999761581421,0.7450000047683716,-4.363100528717041,-1.0939418077468872,0.8015162252118557,4.019031524658203
B,1,2,only_T100,200,0.0,0.9899999499320984,-5.413954734802246,-0.4777972400188446,0.19052604143101184,4.019031524658203
B,1,2,only_lin,200,0.0,1.0,-5.458956718444824,-0.43523940443992615,0.10026134933168329,4.019031524658203
B,1,2,random_orth,200,0.004999999888241291,0.9649999737739563,-5.424924373626709,-0.4869852364063263,1.5385873440071953,4.019031524658203
B,1,2,real_diff_in_helix_subspace,200,0.550000011920929,0.2449999898672104,-1.6664838790893555,-3.7586119174957275,1.5655952037052083,4.019031524658203
B,1,2,full_swap,200,0.8899999856948853,0.02499999850988388,-0.5962156653404236,-5.830050945281982,3.8851263523101807,4.019031524658203
B,2,2,helix,200,0.5999999642372131,0.1899999976158142,-1.3767791986465454,-3.7563014030456543,1.6261360209642004,4.714036464691162
B,2,2,only_T2,200,0.0,0.9950000047683716,-5.465824604034424,-0.466631680727005,0.0,4.714036464691162
B,2,2,only_T5,200,0.3050000071525574,0.41999998688697815,-2.8338451385498047,-2.3390121459960938,1.3745009344278345,4.714036464691162
B,2,2,only_T10,200,0.06499999761581421,0.7450000047683716,-4.330272197723389,-1.1260770559310913,0.85310999051021,4.714036464691162
B,2,2,only_T100,200,0.0,0.98499995470047,-5.416154861450195,-0.47567352652549744,0.2025370390724319,4.714036464691162
B,2,2,only_lin,200,0.0,1.0,-5.4524712562561035,-0.4348645806312561,0.10812909243264764,4.714036464691162
B,2,2,random_orth,200,0.0,0.9799999594688416,-5.459315776824951,-0.4744469225406647,1.6261360209642004,4.714036464691162
B,2,2,real_diff_in_helix_subspace,200,0.5550000071525574,0.23999999463558197,-1.604765772819519,-3.7778890132904053,1.6518133533771708,4.714036464691162
B,2,2,full_swap,200,0.8899999856948853,0.02499999850988388,-0.5967022776603699,-5.822503089904785,4.045405387878418,4.714036464691162
B,3,2,helix,200,0.5999999642372131,0.19499999284744263,-1.3342504501342773,-3.885115385055542,1.7664810410520795,5.305587291717529
B,3,2,only_T2,200,0.0,0.9950000047683716,-5.465824604034424,-0.466631680727005,0.0,5.305587291717529
B,3,2,only_T5,200,0.32999998331069946,0.38999998569488525,-2.8002378940582275,-2.418699264526367,1.4971347368982995,5.305587291717529
B,3,2,only_T10,200,0.05999999865889549,0.7450000047683716,-4.2924017906188965,-1.1821637153625488,0.9208412535954718,5.305587291717529
B,3,2,only_T100,200,0.0,0.98499995470047,-5.418405055999756,-0.4750307500362396,0.21536420418029767,5.305587291717529
B,3,2,only_lin,200,0.0,1.0,-5.449581623077393,-0.43551063537597656,0.11997505815916171,5.305587291717529
B,3,2,random_orth,200,0.0,0.9699999690055847,-5.409306049346924,-0.49884673953056335,1.7664810410520793,5.305587291717529
B,3,2,real_diff_in_helix_subspace,200,0.5550000071525574,0.22499999403953552,-1.5544570684432983,-3.8729119300842285,1.7962739455252832,5.305587291717529
B,3,2,full_swap,200,0.8899999856948853,0.02499999850988388,-0.5986355543136597,-5.824493885040283,4.219192028045654,5.305587291717529
B,4,2,helix,200,0.6100000143051147,0.1850000023841858,-1.3316690921783447,-3.88855242729187,1.9158787827094153,6.372183799743652
B,4,2,only_T2,200,0.0,0.9950000047683716,-5.465824604034424,-0.466631680727005,0.0,6.372183799743652
B,4,2,only_T5,200,0.3100000023841858,0.4050000011920929,-2.80961012840271,-2.432115077972412,1.6208208793073065,6.372183799743652
B,4,2,only_T10,200,0.06499999761581421,0.7400000095367432,-4.28123140335083,-1.2068454027175903,1.0043259855255524,6.372183799743652
B,4,2,only_T100,200,0.0,0.9899999499320984,-5.420141696929932,-0.4728361666202545,0.23968074481953344,6.372183799743652
B,4,2,only_lin,200,0.0,1.0,-5.448011875152588,-0.4371078312397003,0.13507117672199814,6.372183799743652
B,4,2,random_orth,200,0.009999999776482582,0.9649999737739563,-5.43000602722168,-0.4961800277233124,1.9158787827094153,6.372183799743652
B,4,2,real_diff_in_helix_subspace,200,0.5949999690055847,0.19999998807907104,-1.5477386713027954,-3.8503105640411377,1.9549708362064946,6.372183799743652
B,4,2,full_swap,200,0.8949999809265137,0.02499999850988388,-0.5984370112419128,-5.807436466217041,4.605556488037109,6.372183799743652
B,5,2,helix,200,0.625,0.17999999225139618,-1.3256034851074219,-3.951239585876465,2.0770229501702007,7.213866710662842
B,5,2,only_T2,200,0.0,0.9950000047683716,-5.465824604034424,-0.466631680727005,0.0,7.213866710662842
B,5,2,only_T5,200,0.3199999928474426,0.38499999046325684,-2.7875120639801025,-2.49225115776062,1.7544505551851302,7.213866710662842
B,5,2,only_T10,200,0.06499999761581421,0.7299999594688416,-4.255948543548584,-1.24369215965271,1.0923048277388256,7.213866710662842
B,5,2,only_T100,200,0.0,0.9899999499320984,-5.42378044128418,-0.4730798304080963,0.2652512461669778,7.213866710662842
B,5,2,only_lin,200,0.0,0.9950000047683716,-5.444655418395996,-0.4360666573047638,0.1502540039592782,7.213866710662842
B,5,2,random_orth,200,0.004999999888241291,0.9549999833106995,-5.41873025894165,-0.4947032034397125,2.0770229501702007,7.213866710662842
B,5,2,real_diff_in_helix_subspace,200,0.5899999737739563,0.17999999225139618,-1.5353734493255615,-3.9256603717803955,2.13765629677892,7.213866710662842
B,5,2,full_swap,200,0.8949999809265137,0.02499999850988388,-0.6005387902259827,-5.80741548538208,5.0153961181640625,7.213866710662842
B,6,2,helix,200,0.6150000095367432,0.17499999701976776,-1.3239631652832031,-3.981510639190674,2.219617171860649,8.425721168518066
B,6,2,only_T2,200,0.0,0.9950000047683716,-5.465824604034424,-0.466631680727005,0.0,8.425721168518066
B,6,2,only_T5,200,0.3199999928474426,0.38499999046325684,-2.786123514175415,-2.521047830581665,1.8796322096900098,8.425721168518066
B,6,2,only_T10,200,0.07000000029802322,0.7249999642372131,-4.258240222930908,-1.259063482284546,1.161303541880878,8.425721168518066
B,6,2,only_T100,200,0.0,0.9950000047683716,-5.425360202789307,-0.4737735986709595,0.2869351488551504,8.425721168518066
B,6,2,only_lin,200,0.0,0.9950000047683716,-5.438668251037598,-0.4364038109779358,0.1680070085087813,8.425721168518066
B,6,2,random_orth,200,0.0,0.9749999642372131,-5.462011814117432,-0.48680251836776733,2.219617171860649,8.425721168518066
B,6,2,real_diff_in_helix_subspace,200,0.5849999785423279,0.17000000178813934,-1.547979712486267,-3.9570014476776123,2.302184585551109,8.425721168518066
B,6,2,full_swap,200,0.8849999904632568,0.019999999552965164,-0.6031807065010071,-5.7998175621032715,5.356107234954834,8.425721168518066
B,7,2,helix,200,0.6349999904632568,0.16499999165534973,-1.298460841178894,-4.023354530334473,2.3202077002417383,9.187129020690918
B,7,2,only_T2,200,0.0,0.9950000047683716,-5.465824604034424,-0.466631680727005,0.0,9.187129020690918
B,7,2,only_T5,200,0.3100000023841858,0.38999998569488525,-2.768756151199341,-2.546701669692993,1.9597404143998944,9.187129020690918
B,7,2,only_T10,200,0.08999999612569809,0.6899999976158142,-4.233247756958008,-1.2877962589263916,1.2216498172716197,9.187129020690918
B,7,2,only_T100,200,0.0,0.9899999499320984,-5.425349235534668,-0.47709208726882935,0.3038171890785968,9.187129020690918
B,7,2,only_lin,200,0.0,0.9950000047683716,-5.439445495605469,-0.43621841073036194,0.1782203734174784,9.187129020690918
B,7,2,random_orth,200,0.0,0.9599999785423279,-5.4349493980407715,-0.4889431595802307,2.3202077002417383,9.187129020690918
B,7,2,real_diff_in_helix_subspace,200,0.5799999833106995,0.1550000011920929,-1.5621670484542847,-4.018949031829834,2.4192367010169398,9.187129020690918
B,7,2,full_swap,200,0.8899999856948853,0.014999999664723873,-0.5937395095825195,-5.805473327636719,5.619835376739502,9.187129020690918
B,8,2,helix,200,0.6449999809265137,0.14999999105930328,-1.2921056747436523,-4.043824195861816,2.438046915832242,10.326772689819336
B,8,2,only_T2,200,0.0,0.9950000047683716,-5.465824604034424,-0.466631680727005,0.0,10.326772689819336
B,8,2,only_T5,200,0.3199999928474426,0.38499999046325684,-2.7732698917388916,-2.5680274963378906,2.0560068872539996,10.326772689819336
B,8,2,only_T10,200,0.09999999403953552,0.6850000023841858,-4.228709697723389,-1.309316873550415,1.2871387608347344,10.326772689819336
B,8,2,only_T100,200,0.0,0.9899999499320984,-5.428300857543945,-0.4769185781478882,0.32259436520656964,10.326772689819336
B,8,2,only_lin,200,0.0,0.9899999499320984,-5.441314697265625,-0.43457916378974915,0.19146715601818598,10.326772689819336
B,8,2,random_orth,200,0.004999999888241291,0.98499995470047,-5.47160530090332,-0.47391173243522644,2.4380469158322415,10.326772689819336
B,8,2,real_diff_in_helix_subspace,200,0.5849999785423279,0.1550000011920929,-1.5983164310455322,-4.05125617980957,2.557618388494113,10.326772689819336
B,8,2,full_swap,200,0.8849999904632568,0.019999999552965164,-0.5940988659858704,-5.790154933929443,5.954234600067139,10.326772689819336
B,9,2,helix,200,0.6499999761581421,0.14999999105930328,-1.274465799331665,-4.102924823760986,2.505782295772535,11.255799293518066
B,9,2,only_T2,200,0.0,0.9950000047683716,-5.465824604034424,-0.466631680727005,0.0,11.255799293518066
B,9,2,only_T5,200,0.32499998807907104,0.375,-2.7491116523742676,-2.6100728511810303,2.116002186979504,11.255799293518066
B,9,2,only_T10,200,0.09999999403953552,0.6899999976158142,-4.223144054412842,-1.333262324333191,1.3215532375051822,11.255799293518066
B,9,2,only_T100,200,0.0,0.9950000047683716,-5.428371429443359,-0.4764147698879242,0.3307553058034675,11.255799293518066
B,9,2,only_lin,200,0.0,0.9950000047683716,-5.4444098472595215,-0.43485334515571594,0.1975552933335603,11.255799293518066
B,9,2,random_orth,200,0.004999999888241291,0.9649999737739563,-5.430407524108887,-0.48937973380088806,2.505782295772535,11.255799293518066
B,9,2,real_diff_in_helix_subspace,200,0.5649999976158142,0.14000000059604645,-1.614031434059143,-4.0916852951049805,2.6361779086392634,11.255799293518066
B,9,2,full_swap,200,0.8899999856948853,0.02499999850988388,-0.5935431718826294,-5.792201519012451,6.136973857879639,11.255799293518066
B,10,2,helix,200,0.6800000071525574,0.125,-1.2357574701309204,-4.175812721252441,2.664230664551864,11.78466510772705
B,10,2,only_T2,200,0.0,0.9950000047683716,-5.465824604034424,-0.466631680727005,0.0,11.78466510772705
B,10,2,only_T5,200,0.3449999988079071,0.3499999940395355,-2.7213497161865234,-2.647915840148926,2.2341225136301714,11.78466510772705
B,10,2,only_T10,200,0.09999999403953552,0.6800000071525574,-4.203344821929932,-1.3771923780441284,1.4306653579860193,11.78466510772705
B,10,2,only_T100,200,0.0,0.9899999499320984,-5.42832612991333,-0.47802725434303284,0.3430247176285217,11.78466510772705
B,10,2,only_lin,200,0.0,0.9899999499320984,-5.443014621734619,-0.43393728137016296,0.20584523633006482,11.78466510772705
B,10,2,random_orth,200,0.0,0.949999988079071,-5.432988166809082,-0.4880577027797699,2.6642306645518645,11.78466510772705
B,10,2,real_diff_in_helix_subspace,200,0.5550000071525574,0.12999999523162842,-1.6754401922225952,-4.188779830932617,2.8257599097628043,11.78466510772705
B,10,2,full_swap,200,0.8799999952316284,0.02499999850988388,-0.5942648649215698,-5.790596961975098,6.469669342041016,11.78466510772705
B,11,2,helix,200,0.6449999809265137,0.11499999463558197,-1.24413001537323,-4.300915241241455,2.909218891454375,12.78468132019043
B,11,2,only_T2,200,0.0,0.9950000047683716,-5.465824604034424,-0.466631680727005,0.0,12.78468132019043
B,11,2,only_T5,200,0.3400000035762787,0.32999998331069946,-2.7238574028015137,-2.790811777114868,2.4291006936098185,12.78468132019043
B,11,2,only_T10,200,0.10999999940395355,0.6100000143051147,-4.104676246643066,-1.5659289360046387,1.5725827005390578,12.78468132019043
B,11,2,only_T100,200,0.0,0.9899999499320984,-5.430102348327637,-0.4775242805480957,0.35697555622319044,12.78468132019043
B,11,2,only_lin,200,0.0,0.9899999499320984,-5.446014404296875,-0.43740180134773254,0.21869841732472403,12.78468132019043
B,11,2,random_orth,200,0.0,0.9649999737739563,-5.41139554977417,-0.47776544094085693,2.909218891454375,12.78468132019043
B,11,2,real_diff_in_helix_subspace,200,0.5450000166893005,0.11999999731779099,-1.7152050733566284,-4.323749542236328,3.107637822813763,12.78468132019043
B,11,2,full_swap,200,0.8700000047683716,0.019999999552965164,-0.6135143637657166,-5.771796703338623,6.899229049682617,12.78468132019043
B,12,2,helix,200,0.5049999952316284,0.2849999964237213,-1.6982598304748535,-3.2722833156585693,3.244639741077125,13.551373481750488
B,12,2,only_T2,200,0.0,0.9950000047683716,-5.465824604034424,-0.466631680727005,0.0,13.551373481750488
B,12,2,only_T5,200,0.3149999976158142,0.4399999976158142,-3.041790008544922,-2.107682228088379,2.7128219043620936,13.551373481750488
B,12,2,only_T10,200,0.06499999761581421,0.7299999594688416,-4.384858131408691,-1.2296932935714722,1.7561780203450612,13.551373481750488
B,12,2,only_T100,200,0.0,0.9899999499320984,-5.43317985534668,-0.4738565683364868,0.3725106235344699,13.551373481750488
B,12,2,only_lin,200,0.0,0.9950000047683716,-5.449317455291748,-0.44484224915504456,0.23144347769524992,13.551373481750488
B,12,2,random_orth,200,0.0,0.9749999642372131,-5.446406364440918,-0.46585655212402344,3.244639741077125,13.551373481750488
B,12,2,real_diff_in_helix_subspace,200,0.44999998807907104,0.2849999964237213,-1.9291719198226929,-3.3779916763305664,3.463949012774981,13.551373481750488
B,12,2,full_swap,200,0.8149999976158142,0.08999999612569809,-0.8322307467460632,-4.741979598999023,7.483162879943848,13.551373481750488
B,13,2,helix,200,0.48499998450279236,0.3499999940395355,-1.9937397241592407,-2.8440968990325928,3.520548172154788,14.460753440856934
B,13,2,only_T2,200,0.0,0.9950000047683716,-5.465824604034424,-0.466631680727005,0.0,14.460753440856934
B,13,2,only_T5,200,0.2549999952316284,0.5249999761581421,-3.2247719764709473,-1.83045494556427,2.9277363265395513,14.460753440856934
B,13,2,only_T10,200,0.054999999701976776,0.75,-4.447896957397461,-1.1437182426452637,1.9299543652772697,14.460753440856934
B,13,2,only_T100,200,0.0,0.9899999499320984,-5.437687873840332,-0.47283935546875,0.40043659817533306,14.460753440856934
B,13,2,only_lin,200,0.0,0.9950000047683716,-5.448052883148193,-0.44544973969459534,0.2530816410479973,14.460753440856934
B,13,2,random_orth,200,0.0,0.9599999785423279,-5.461282730102539,-0.4742397964000702,3.520548172154788,14.460753440856934
B,13,2,real_diff_in_helix_subspace,200,0.4399999976158142,0.3499999940395355,-2.1494429111480713,-2.8974361419677734,3.7529031955905996,14.460753440856934
B,13,2,full_swap,200,0.7199999690055847,0.17499999701976776,-1.1102187633514404,-3.981898307800293,7.985727310180664,14.460753440856934
B,14,2,helix,200,0.3649999797344208,0.4599999785423279,-2.5191726684570312,-2.221188545227051,3.661721163811777,15.986727714538574
B,14,2,only_T2,200,0.0,0.9950000047683716,-5.465824604034424,-0.466631680727005,0.0,15.986727714538574
B,14,2,only_T5,200,0.19499999284744263,0.625,-3.5093255043029785,-1.5078226327896118,3.045330998049302,15.986727714538574
B,14,2,only_T10,200,0.04999999701976776,0.7949999570846558,-4.712590217590332,-0.9562493562698364,2.0070731679438647,15.986727714538574
B,14,2,only_T100,200,0.0,0.9899999499320984,-5.435931205749512,-0.470367431640625,0.4138497555832243,15.986727714538574
B,14,2,only_lin,200,0.0,0.9899999499320984,-5.453114986419678,-0.45200294256210327,0.26811350632007364,15.986727714538574
B,14,2,random_orth,200,0.0,0.9799999594688416,-5.474546909332275,-0.4816139042377472,3.6617211638117766,15.986727714538574
B,14,2,real_diff_in_helix_subspace,200,0.3700000047683716,0.42499998211860657,-2.6056978702545166,-2.3120501041412354,3.977920493121421,15.986727714538574
B,14,2,full_swap,200,0.6049999594688416,0.25999999046325684,-1.657916784286499,-3.1554646492004395,8.346468925476074,15.986727714538574
B,15,2,helix,200,0.3799999952316284,0.45499998331069946,-2.5009589195251465,-2.243791341781616,3.967027668406123,17.29363441467285
B,15,2,only_T2,200,0.0,0.9950000047683716,-5.465824604034424,-0.466631680727005,0.0,17.29363441467285
B,15,2,only_T5,200,0.19999998807907104,0.6150000095367432,-3.4890763759613037,-1.5262658596038818,3.3244460877216864,17.29363441467285
B,15,2,only_T10,200,0.044999998062849045,0.7999999523162842,-4.712178707122803,-0.9617482423782349,2.1262055520525336,17.29363441467285
B,15,2,only_T100,200,0.0,0.9899999499320984,-5.43781852722168,-0.46868735551834106,0.4660479128379768,17.29363441467285
B,15,2,only_lin,200,0.0,0.9950000047683716,-5.450588226318359,-0.4512704312801361,0.2923656419117458,17.29363441467285
B,15,2,random_orth,200,0.0,0.9899999499320984,-5.466204643249512,-0.475970059633255,3.967027668406123,17.29363441467285
B,15,2,real_diff_in_helix_subspace,200,0.35999998450279236,0.429999977350235,-2.6224870681762695,-2.3136448860168457,4.3658317846145005,17.29363441467285
B,15,2,full_swap,200,0.5849999785423279,0.2800000011920929,-1.715761661529541,-3.0714938640594482,8.9871826171875,17.29363441467285
B,16,2,helix,200,0.3700000047683716,0.44999998807907104,-2.5655388832092285,-2.2002904415130615,4.527798086080656,19.200468063354492
B,16,2,only_T2,200,0.0,0.9950000047683716,-5.465824604034424,-0.466631680727005,0.0,19.200468063354492
B,16,2,only_T5,200,0.1899999976158142,0.6049999594688416,-3.5178937911987305,-1.5169401168823242,3.7739753308274273,19.200468063354492
B,16,2,only_T10,200,0.04999999701976776,0.7699999809265137,-4.687075614929199,-0.9918917417526245,2.44077167399762,19.200468063354492
B,16,2,only_T100,200,0.0,0.9899999499320984,-5.440406799316406,-0.46880796551704407,0.5172832590491128,19.200468063354492
B,16,2,only_lin,200,0.0,0.9899999499320984,-5.452281951904297,-0.4526025950908661,0.322761047707009,19.200468063354492
B,16,2,random_orth,200,0.004999999888241291,0.9799999594688416,-5.473419189453125,-0.476253867149353,4.527798086080656,19.200468063354492
B,16,2,real_diff_in_helix_subspace,200,0.35999998450279236,0.4449999928474426,-2.666804075241089,-2.274622917175293,4.930836150768243,19.200468063354492
B,16,2,full_swap,200,0.550000011920929,0.3449999988079071,-1.9135340452194214,-2.7508368492126465,10.160124778747559,19.200468063354492
B,17,2,helix,200,0.29499998688697815,0.5450000166893005,-3.0137081146240234,-1.7919175624847412,4.825055690157084,21.040390014648438
B,17,2,only_T2,200,0.0,0.9950000047683716,-5.465824604034424,-0.466631680727005,0.0,21.040390014648438
B,17,2,only_T5,200,0.1850000023841858,0.6699999570846558,-3.776925563812256,-1.2844390869140625,4.011747331688735,21.040390014648438
B,17,2,only_T10,200,0.02499999850988388,0.824999988079071,-4.84760856628418,-0.8888058066368103,2.6229725081161166,21.040390014648438
B,17,2,only_T100,200,0.0,0.9899999499320984,-5.444075107574463,-0.4719691276550293,0.5515890792079772,21.040390014648438
B,17,2,only_lin,200,0.0,0.9899999499320984,-5.45799446105957,-0.455176442861557,0.34301713019370667,21.040390014648438
B,17,2,random_orth,200,0.0,0.9799999594688416,-5.489145278930664,-0.4730094075202942,4.825055690157083,21.040390014648438
B,17,2,real_diff_in_helix_subspace,200,0.29999998211860657,0.5199999809265137,-3.0471303462982178,-1.8448448181152344,5.29444801665881,21.040390014648438
B,17,2,full_swap,200,0.41499999165534973,0.45499998331069946,-2.510798215866089,-2.183433771133423,10.8328218460083,21.040390014648438
B,18,2,helix,200,0.2199999988079071,0.6499999761581421,-3.3898568153381348,-1.5190097093582153,5.082735974295676,22.565757751464844
B,18,2,only_T2,200,0.0,0.9950000047683716,-5.465824604034424,-0.466631680727005,0.0,22.565757751464844
B,18,2,only_T5,200,0.125,0.7549999952316284,-4.028316020965576,-1.1091269254684448,4.22362568939309,22.565757751464844
B,18,2,only_T10,200,0.029999999329447746,0.8349999785423279,-4.938452243804932,-0.8254760503768921,2.7634349286481337,22.565757751464844
B,18,2,only_T100,200,0.0,0.9950000047683716,-5.448417663574219,-0.4693048298358917,0.5762181546210597,22.565757751464844
B,18,2,only_lin,200,0.0,0.9899999499320984,-5.455084323883057,-0.46084272861480713,0.3610003867241188,22.565757751464844
B,18,2,random_orth,200,0.0,0.9899999499320984,-5.457523822784424,-0.46995946764945984,5.082735974295676,22.565757751464844
B,18,2,real_diff_in_helix_subspace,200,0.25,0.5849999785423279,-3.3917906284332275,-1.5913350582122803,5.671890996095983,22.565757751464844
B,18,2,full_swap,200,0.3400000035762787,0.5299999713897705,-2.953948974609375,-1.7965459823608398,11.505640983581543,22.565757751464844
B,19,2,helix,200,0.0,0.9899999499320984,-5.351590633392334,-0.4837675392627716,5.397927297153196,24.7478084564209
B,19,2,only_T2,200,0.0,0.9950000047683716,-5.465824604034424,-0.466631680727005,0.0,24.7478084564209
B,19,2,only_T5,200,0.0,0.9799999594688416,-5.394185543060303,-0.4751524329185486,4.488682918748654,24.7478084564209
B,19,2,only_T10,200,0.0,0.9950000047683716,-5.428153038024902,-0.48069366812705994,2.9279149727347313,24.7478084564209
B,19,2,only_T100,200,0.0,0.98499995470047,-5.460524559020996,-0.4657556712627411,0.6057352477984707,24.7478084564209
B,19,2,only_lin,200,0.0,1.0,-5.461038589477539,-0.4647204577922821,0.3861641993897098,24.7478084564209
B,19,2,random_orth,200,0.0,0.9899999499320984,-5.464942455291748,-0.46569907665252686,5.397927297153196,24.7478084564209
B,19,2,real_diff_in_helix_subspace,200,0.0,0.9799999594688416,-5.359096527099609,-0.486366331577301,6.133704785790666,24.7478084564209
B,19,2,full_swap,200,0.0,0.9649999737739563,-5.304919242858887,-0.49316710233688354,12.189350128173828,24.7478084564209
B,20,2,helix,200,0.0,0.9799999594688416,-5.344130516052246,-0.48490774631500244,5.682357460905794,26.696096420288086
B,20,2,only_T2,200,0.0,0.9950000047683716,-5.465824604034424,-0.466631680727005,0.0,26.696096420288086
B,20,2,only_T5,200,0.0,0.9799999594688416,-5.390679836273193,-0.4754089117050171,4.718795989475709,26.696096420288086
B,20,2,only_T10,200,0.0,0.9950000047683716,-5.424787521362305,-0.48128509521484375,3.0840872676645072,26.696096420288086
B,20,2,only_T100,200,0.0,0.98499995470047,-5.460443019866943,-0.46533358097076416,0.6430534784247576,26.696096420288086
B,20,2,only_lin,200,0.0,0.9950000047683716,-5.460667610168457,-0.46516403555870056,0.4083862490199245,26.696096420288086
B,20,2,random_orth,200,0.0,0.9899999499320984,-5.461275577545166,-0.46861085295677185,5.682357460905795,26.696096420288086
B,20,2,real_diff_in_helix_subspace,200,0.0,0.9799999594688416,-5.349216938018799,-0.48776039481163025,6.493199384338011,26.696096420288086
B,20,2,full_swap,200,0.0,0.9749999642372131,-5.294327259063721,-0.4953504800796509,12.869970321655273,26.696096420288086
B,21,2,helix,200,0.0,0.98499995470047,-5.376716613769531,-0.483492374420166,5.9381697054422355,28.510726928710938
B,21,2,only_T2,200,0.0,0.9950000047683716,-5.465824604034424,-0.466631680727005,0.0,28.510726928710938
B,21,2,only_T5,200,0.0,0.98499995470047,-5.410306453704834,-0.4763072729110718,4.909970973666016,28.510726928710938
B,21,2,only_T10,200,0.0,0.9899999499320984,-5.4369940757751465,-0.47789105772972107,3.251429740711747,28.510726928710938
B,21,2,only_T100,200,0.0,0.9899999499320984,-5.460574150085449,-0.46566978096961975,0.6724482963548019,28.510726928710938
B,21,2,only_lin,200,0.0,0.9950000047683716,-5.461065769195557,-0.46484866738319397,0.4305383334436484,28.510726928710938
B,21,2,random_orth,200,0.0,0.9950000047683716,-5.463696002960205,-0.46506041288375854,5.9381697054422355,28.510726928710938
B,21,2,real_diff_in_helix_subspace,200,0.0,0.98499995470047,-5.379755973815918,-0.4878489673137665,6.887689142509756,28.510726928710938
B,21,2,full_swap,200,0.0,0.9649999737739563,-5.367099285125732,-0.4874117076396942,13.518651962280273,28.510726928710938
B,22,2,helix,200,0.0,0.9799999594688416,-5.374449253082275,-0.4845948815345764,6.225963932425072,30.588594436645508
B,22,2,only_T2,200,0.0,0.9950000047683716,-5.465824604034424,-0.466631680727005,0.0,30.588594436645508
B,22,2,only_T5,200,0.0,0.98499995470047,-5.411113262176514,-0.47689390182495117,5.132529106763214,30.588594436645508
B,22,2,only_T10,200,0.0,0.9899999499320984,-5.435856819152832,-0.4781976640224457,3.429567278005702,30.588594436645508
B,22,2,only_T100,200,0.0,0.9899999499320984,-5.460467338562012,-0.4656124711036682,0.7021778249474363,30.588594436645508
B,22,2,only_lin,200,0.0,0.9950000047683716,-5.459351539611816,-0.46453696489334106,0.4541848821459628,30.588594436645508
B,22,2,random_orth,200,0.0,0.9950000047683716,-5.471665382385254,-0.4658372402191162,6.225963932425072,30.588594436645508
B,22,2,real_diff_in_helix_subspace,200,0.0,0.9799999594688416,-5.377707481384277,-0.48877352476119995,7.306445070572905,30.588594436645508
B,22,2,full_swap,200,0.0,0.9699999690055847,-5.367238521575928,-0.48754164576530457,14.228034973144531,30.588594436645508
B,23,2,helix,200,0.0,0.9899999499320984,-5.42924165725708,-0.4788605272769928,6.530053791073541,32.374149322509766
B,23,2,only_T2,200,0.0,0.9950000047683716,-5.465824604034424,-0.466631680727005,0.0,32.374149322509766
B,23,2,only_T5,200,0.0,0.98499995470047,-5.434978008270264,-0.4772181510925293,5.370740920019346,32.374149322509766
B,23,2,only_T10,200,0.0,0.9899999499320984,-5.455986022949219,-0.4699311852455139,3.6140146600089156,32.374149322509766
B,23,2,only_T100,200,0.0,0.9899999499320984,-5.467537879943848,-0.4658714234828949,0.7317563407468742,32.374149322509766
B,23,2,only_lin,200,0.0,0.9899999499320984,-5.464200973510742,-0.4664783477783203,0.4745006269890419,32.374149322509766
B,23,2,random_orth,200,0.0,0.98499995470047,-5.469668865203857,-0.4665740132331848,6.530053791073541,32.374149322509766
B,23,2,real_diff_in_helix_subspace,200,0.0,0.98499995470047,-5.433260917663574,-0.48343104124069214,7.702219780091632,32.374149322509766
B,23,2,full_swap,200,0.0,0.98499995470047,-5.437384128570557,-0.4801536202430725,14.933584213256836,32.374149322509766
B,24,2,helix,200,0.0,0.9899999499320984,-5.460488319396973,-0.46353408694267273,6.769468791544566,33.73249816894531
B,24,2,only_T2,200,0.0,0.9950000047683716,-5.465824604034424,-0.466631680727005,0.0,33.73249816894531
B,24,2,only_T5,200,0.0,0.9950000047683716,-5.459244251251221,-0.4629083573818207,5.56085844432517,33.73249816894531
B,24,2,only_T10,200,0.0,0.98499995470047,-5.464868068695068,-0.46708378195762634,3.755429405274812,33.73249816894531
B,24,2,only_T100,200,0.0,0.9899999499320984,-5.46519660949707,-0.4660516381263733,0.7579049675986734,33.73249816894531
B,24,2,only_lin,200,0.0,0.9950000047683716,-5.462801456451416,-0.4662075638771057,0.49644519773086193,33.73249816894531
B,24,2,random_orth,200,0.0,0.9899999499320984,-5.461389064788818,-0.4664960503578186,6.769468791544566,33.73249816894531
B,24,2,real_diff_in_helix_subspace,200,0.0,1.0,-5.453474998474121,-0.46348026394844055,8.078217140343138,33.73249816894531
B,24,2,full_swap,200,0.0,0.98499995470047,-5.45037841796875,-0.4658457040786743,15.57293701171875,33.73249816894531
B,25,2,helix,200,0.0,0.9899999499320984,-5.4584455490112305,-0.4632861316204071,6.994350626036205,35.71660232543945
B,25,2,only_T2,200,0.0,0.9950000047683716,-5.465824604034424,-0.466631680727005,0.0,35.71660232543945
B,25,2,only_T5,200,0.0,0.9950000047683716,-5.457540988922119,-0.4629782736301422,5.740501877303871,35.71660232543945
B,25,2,only_T10,200,0.0,0.9899999499320984,-5.465757846832275,-0.46694257855415344,3.8862188794918615,35.71660232543945
B,25,2,only_T100,200,0.0,0.9899999499320984,-5.465022563934326,-0.46592897176742554,0.7769562141666733,35.71660232543945
B,25,2,only_lin,200,0.0,0.98499995470047,-5.463777542114258,-0.46653029322624207,0.5170102435842395,35.71660232543945
B,25,2,random_orth,200,0.0,0.9899999499320984,-5.4631876945495605,-0.4668181538581848,6.994350626036206,35.71660232543945
B,25,2,real_diff_in_helix_subspace,200,0.0,1.0,-5.451735019683838,-0.4637250304222107,8.430001337975831,35.71660232543945
B,25,2,full_swap,200,0.0,0.98499995470047,-5.449820041656494,-0.46581315994262695,16.164306640625,35.71660232543945
B,26,2,helix,200,0.0,0.9899999499320984,-5.460226535797119,-0.46371182799339294,7.215228684348358,37.357948303222656
B,26,2,only_T2,200,0.0,0.9950000047683716,-5.465824604034424,-0.466631680727005,0.0,37.357948303222656
B,26,2,only_T5,200,0.0,0.9950000047683716,-5.459988117218018,-0.46390849351882935,5.8951675696037436,37.357948303222656
B,26,2,only_T10,200,0.0,0.9899999499320984,-5.46622896194458,-0.46760785579681396,4.044581188941029,37.357948303222656
B,26,2,only_T100,200,0.0,0.9950000047683716,-5.465423583984375,-0.46618643403053284,0.7976549488939334,37.357948303222656
B,26,2,only_lin,200,0.0,0.9950000047683716,-5.463619709014893,-0.46647852659225464,0.5378140067417061,37.357948303222656
B,26,2,random_orth,200,0.0,0.9950000047683716,-5.466402053833008,-0.46712446212768555,7.215228684348358,37.357948303222656
B,26,2,real_diff_in_helix_subspace,200,0.0,1.0,-5.454311847686768,-0.4642801880836487,8.790631160851568,37.357948303222656
B,26,2,full_swap,200,0.0,0.9899999499320984,-5.451520919799805,-0.46660658717155457,16.762317657470703,37.357948303222656
B,27,2,helix,200,0.0,0.9899999499320984,-5.463137149810791,-0.46605098247528076,7.359456667557481,39.00285339355469
B,27,2,only_T2,200,0.0,0.9950000047683716,-5.465824604034424,-0.466631680727005,0.0,39.00285339355469
B,27,2,only_T5,200,0.0,0.9899999499320984,-5.465098857879639,-0.4668353796005249,6.018216935770255,39.00285339355469
B,27,2,only_T10,200,0.0,0.9899999499320984,-5.464972019195557,-0.46697860956192017,4.114673747052152,39.00285339355469
B,27,2,only_T100,200,0.0,0.9950000047683716,-5.466019153594971,-0.4658537209033966,0.8111005303664598,39.00285339355469
B,27,2,only_lin,200,0.0,0.9950000047683716,-5.464562892913818,-0.46606436371803284,0.5547371920865107,39.00285339355469
B,27,2,random_orth,200,0.0,0.9899999499320984,-5.46823787689209,-0.4684414267539978,7.359456667557481,39.00285339355469
B,27,2,real_diff_in_helix_subspace,200,0.0,0.9899999499320984,-5.4629106521606445,-0.46620044112205505,9.024438855980842,39.00285339355469
B,27,2,full_swap,200,0.0,0.9950000047683716,-5.461442947387695,-0.4663236141204834,17.178226470947266,39.00285339355469
B,28,2,helix,200,0.0,0.9899999499320984,-5.462177753448486,-0.46613723039627075,7.5464894141452215,41.95030212402344
B,28,2,only_T2,200,0.0,0.9950000047683716,-5.465824604034424,-0.466631680727005,0.0,41.95030212402344
B,28,2,only_T5,200,0.0,0.9899999499320984,-5.463420867919922,-0.4671526849269867,6.136323428781429,41.95030212402344
B,28,2,only_T10,200,0.0,0.9899999499320984,-5.465832233428955,-0.46715250611305237,4.262473642232886,41.95030212402344
B,28,2,only_T100,200,0.0,0.9899999499320984,-5.464828968048096,-0.4664192497730255,0.8235073813006295,41.95030212402344
B,28,2,only_lin,200,0.0,0.9950000047683716,-5.463728427886963,-0.46643638610839844,0.5703954903700628,41.95030212402344
B,28,2,random_orth,200,0.0,0.9899999499320984,-5.4656829833984375,-0.4677901268005371,7.546489414145222,41.95030212402344
B,28,2,real_diff_in_helix_subspace,200,0.0,0.9899999499320984,-5.461475849151611,-0.46617141366004944,9.425919306138205,41.95030212402344
B,28,2,full_swap,200,0.0,0.9950000047683716,-5.462339401245117,-0.4665457010269165,17.79708480834961,41.95030212402344
B,29,2,helix,200,0.0,0.9950000047683716,-5.463571548461914,-0.46635404229164124,7.803657952462454,50.9479866027832
B,29,2,only_T2,200,0.0,0.9950000047683716,-5.465824604034424,-0.466631680727005,0.0,50.9479866027832
B,29,2,only_T5,200,0.0,0.9899999499320984,-5.464335918426514,-0.46619367599487305,6.30172353502536,50.9479866027832
B,29,2,only_T10,200,0.0,0.9950000047683716,-5.467066764831543,-0.46685779094696045,4.472603494869872,50.9479866027832
B,29,2,only_T100,200,0.0,0.9950000047683716,-5.465085506439209,-0.4665485918521881,0.8436098370227603,50.9479866027832
B,29,2,only_lin,200,0.0,0.9899999499320984,-5.465163230895996,-0.46655675768852234,0.5932009541260784,50.9479866027832
B,29,2,random_orth,200,0.0,0.9950000047683716,-5.467976093292236,-0.46626541018486023,7.803657952462454,50.9479866027832
B,29,2,real_diff_in_helix_subspace,200,0.0,0.9950000047683716,-5.464573383331299,-0.46617621183395386,10.0720887018079,50.9479866027832
B,29,2,full_swap,200,0.0,0.9899999499320984,-5.4632768630981445,-0.4666637182235718,18.706932067871094,50.9479866027832
B,30,2,helix,200,0.0,0.9899999499320984,-5.466034412384033,-0.4667370617389679,8.125060816503364,63.292789459228516
B,30,2,only_T2,200,0.0,0.9950000047683716,-5.465824604034424,-0.466631680727005,0.0,63.292789459228516
B,30,2,only_T5,200,0.0,0.9899999499320984,-5.465638160705566,-0.4663928747177124,6.484803226466998,63.292789459228516
B,30,2,only_T10,200,0.0,0.9899999499320984,-5.465930461883545,-0.4668332636356354,4.759335391186463,63.292789459228516
B,30,2,only_T100,200,0.0,0.9899999499320984,-5.465822696685791,-0.46648353338241577,0.8662326200539637,63.292789459228516
B,30,2,only_lin,200,0.0,0.9950000047683716,-5.464473247528076,-0.46680355072021484,0.623418712880228,63.292789459228516
B,30,2,random_orth,200,0.0,0.9899999499320984,-5.465973854064941,-0.4665972888469696,8.125060816503364,63.292789459228516
B,30,2,real_diff_in_helix_subspace,200,0.0,0.9899999499320984,-5.465219497680664,-0.46659713983535767,10.878783278377432,63.292789459228516
B,30,2,full_swap,200,0.0,0.9950000047683716,-5.467781066894531,-0.46639662981033325,19.7308349609375,63.292789459228516
B,31,2,helix,200,0.0,0.9950000047683716,-5.465824604034424,-0.466631680727005,8.483590645630223,78.59097290039062
B,31,2,only_T2,200,0.0,0.9950000047683716,-5.465824604034424,-0.466631680727005,0.0,78.59097290039062
B,31,2,only_T5,200,0.0,0.9950000047683716,-5.465824604034424,-0.466631680727005,6.767451191201533,78.59097290039062
B,31,2,only_T10,200,0.0,0.9950000047683716,-5.465824604034424,-0.466631680727005,4.990032980937908,78.59097290039062
B,31,2,only_T100,200,0.0,0.9950000047683716,-5.465824604034424,-0.466631680727005,0.8893530266562948,78.59097290039062
B,31,2,only_lin,200,0.0,0.9950000047683716,-5.465824604034424,-0.466631680727005,0.6884001642971153,78.59097290039062
B,31,2,random_orth,200,0.0,0.9950000047683716,-5.465824604034424,-0.466631680727005,8.483590645630223,78.59097290039062
B,31,2,real_diff_in_helix_subspace,200,0.0,0.9950000047683716,-5.465824604034424,-0.466631680727005,11.640550538325288,78.59097290039062
B,31,2,full_swap,200,0.0,0.9950000047683716,-5.465824604034424,-0.466631680727005,20.728010177612305,78.59097290039062
B,0,5,helix,200,0.42499998211860657,0.004999999888241291,-2.090824842453003,-5.568764686584473,1.7894232542923458,3.6181447505950928
B,0,5,only_T2,200,0.009999999776482582,0.2449999898672104,-6.513449668884277,-2.4793126583099365,1.0412351326423306,3.6181447505950928
B,0,5,only_T5,200,0.0,0.9899999499320984,-8.296061515808105,-0.4536038935184479,1.7626443552259597e-15,3.6181447505950928
B,0,5,only_T10,200,0.004999999888241291,0.35999998450279236,-5.717226505279541,-2.83204984664917,1.3748028320671242,3.6181447505950928
B,0,5,only_T100,200,0.0,0.9399999976158142,-8.10670280456543,-0.4950152337551117,0.45698400549045304,3.6181447505950928
B,0,5,only_lin,200,0.0,1.0,-8.308381080627441,-0.38073569536209106,0.23619651652085374,3.6181447505950928
B,0,5,random_orth,200,0.0,0.949999988079071,-8.220100402832031,-0.4902168810367584,1.7894232542923458,3.6181447505950928
B,0,5,real_diff_in_helix_subspace,200,0.3050000071525574,0.10499999672174454,-2.608574390411377,-5.226068019866943,1.829245712348981,3.6181447505950928
B,0,5,full_swap,200,0.8100000023841858,0.0,-0.7757642865180969,-7.783310413360596,4.172959804534912,3.6181447505950928
B,1,5,helix,200,0.4350000023841858,0.009999999776482582,-2.0870819091796875,-5.51417875289917,1.7862176959633684,3.920238733291626
B,1,5,only_T2,200,0.009999999776482582,0.23999999463558197,-6.512833595275879,-2.4934515953063965,1.0404105993794588,3.920238733291626
B,1,5,only_T5,200,0.0,0.9899999499320984,-8.296061515808105,-0.4536038935184479,1.7517344596334987e-15,3.920238733291626
B,1,5,only_T10,200,0.004999999888241291,0.3499999940395355,-5.723153114318848,-2.8646485805511475,1.365002279463998,3.920238733291626
B,1,5,only_T100,200,0.0,0.9350000023841858,-8.111250877380371,-0.4945182204246521,0.46811760137087705,3.920238733291626
B,1,5,only_lin,200,0.0,1.0,-8.295547485351562,-0.3821505010128021,0.2506533733292083,3.920238733291626
B,1,5,random_orth,200,0.0,0.9699999690055847,-8.225615501403809,-0.46738824248313904,1.7862176959633684,3.920238733291626
B,1,5,real_diff_in_helix_subspace,200,0.3349999785423279,0.09999999403953552,-2.5188286304473877,-5.237170219421387,1.826737872911375,3.920238733291626
B,1,5,full_swap,200,0.8100000023841858,0.0,-0.7799543738365173,-7.773723602294922,4.1323933601379395,3.920238733291626
B,2,5,helix,200,0.45499998331069946,0.009999999776482582,-2.065396785736084,-5.543979167938232,1.9012116942837083,4.635375499725342
B,2,5,only_T2,200,0.004999999888241291,0.22999998927116394,-6.502252101898193,-2.531202793121338,1.1055446404512181,4.635375499725342
B,2,5,only_T5,200,0.0,0.9899999499320984,-8.296061515808105,-0.4536038935184479,1.8469399445348825e-15,4.635375499725342
B,2,5,only_T10,200,0.004999999888241291,0.3449999988079071,-5.669850826263428,-2.9439663887023926,1.454008108238545,4.635375499725342
B,2,5,only_T100,200,0.0,0.9399999976158142,-8.115782737731934,-0.4977836012840271,0.49689546856741534,4.635375499725342
B,2,5,only_lin,200,0.0,1.0,-8.29873275756836,-0.3801012337207794,0.2703227310816192,4.635375499725342
B,2,5,random_orth,200,0.0,0.9350000023841858,-8.229376792907715,-0.49861571192741394,1.9012116942837083,4.635375499725342
B,2,5,real_diff_in_helix_subspace,200,0.3349999785423279,0.07499999552965164,-2.3941500186920166,-5.3033552169799805,1.9457262689957968,4.635375499725342
B,2,5,full_swap,200,0.8050000071525574,0.0,-0.7786617875099182,-7.775691986083984,4.322371006011963,4.635375499725342
B,3,5,helix,200,0.4599999785423279,0.009999999776482582,-2.025876998901367,-5.635653495788574,2.0814911948605443,5.224880218505859
B,3,5,only_T2,200,0.009999999776482582,0.1899999976158142,-6.478241443634033,-2.647024154663086,1.242169533931402,5.224880218505859
B,3,5,only_T5,200,0.0,0.9899999499320984,-8.296061515808105,-0.4536038935184479,2.0111367678874088e-15,5.224880218505859
B,3,5,only_T10,200,0.009999999776482582,0.32999998331069946,-5.602148532867432,-3.067247152328491,1.570257309759022,5.224880218505859
B,3,5,only_T100,200,0.0,0.9449999928474426,-8.115476608276367,-0.49864867329597473,0.5273964374080204,5.224880218505859
B,3,5,only_lin,200,0.0,0.9950000047683716,-8.287703514099121,-0.3807580769062042,0.29993764539790435,5.224880218505859
B,3,5,random_orth,200,0.0,0.9399999976158142,-8.221868515014648,-0.4814184606075287,2.0814911948605443,5.224880218505859
B,3,5,real_diff_in_helix_subspace,200,0.38499999046325684,0.07000000029802322,-2.225731372833252,-5.444862365722656,2.1399064167754775,5.224880218505859
B,3,5,full_swap,200,0.8199999928474426,0.0,-0.7794718742370605,-7.778556823730469,4.549757957458496,5.224880218505859
B,4,5,helix,200,0.4650000035762787,0.019999999552965164,-2.0498743057250977,-5.578047275543213,2.273446472656114,6.2966532707214355
B,4,5,only_T2,200,0.009999999776482582,0.1850000023841858,-6.4725494384765625,-2.659770965576172,1.349457060330168,6.2966532707214355
B,4,5,only_T5,200,0.0,0.9899999499320984,-8.296061515808105,-0.4536038935184479,2.177288073599694e-15,6.2966532707214355
B,4,5,only_T10,200,0.009999999776482582,0.32499998807907104,-5.596505165100098,-3.0815508365631104,1.7140839595444137,6.2966532707214355
B,4,5,only_T100,200,0.0,0.9399999976158142,-8.123629570007324,-0.49461179971694946,0.587691520525737,6.2966532707214355
B,4,5,only_lin,200,0.0,1.0,-8.280509948730469,-0.381732314825058,0.33767794180499533,6.2966532707214355
B,4,5,random_orth,200,0.0,0.9599999785423279,-8.196613311767578,-0.48205024003982544,2.2734464726561137,6.2966532707214355
B,4,5,real_diff_in_helix_subspace,200,0.4099999964237213,0.04999999701976776,-2.2150888442993164,-5.4371795654296875,2.3420164928373692,6.2966532707214355
B,4,5,full_swap,200,0.7999999523162842,0.0,-0.7918214201927185,-7.776452541351318,4.989369869232178,6.2966532707214355
B,5,5,helix,200,0.48499998450279236,0.014999999664723873,-2.0374748706817627,-5.594083786010742,2.481078902535292,7.158045768737793
B,5,5,only_T2,200,0.009999999776482582,0.17000000178813934,-6.466306209564209,-2.691354513168335,1.4703917916378424,7.158045768737793
B,5,5,only_T5,200,0.0,0.9899999499320984,-8.296061515808105,-0.4536038935184479,2.3564984948076767e-15,7.158045768737793
B,5,5,only_T10,200,0.009999999776482582,0.29499998688697815,-5.590241432189941,-3.1285698413848877,1.866808126070813,7.158045768737793
B,5,5,only_T100,200,0.0,0.9300000071525574,-8.130003929138184,-0.5008363127708435,0.6497089723653192,7.158045768737793
B,5,5,only_lin,200,0.0,0.9950000047683716,-8.259276390075684,-0.38479509949684143,0.37563500989819576,7.158045768737793
B,5,5,random_orth,200,0.0,0.9599999785423279,-8.260176658630371,-0.4821723401546478,2.481078902535292,7.158045768737793
B,5,5,real_diff_in_helix_subspace,200,0.41999998688697815,0.044999998062849045,-2.1341116428375244,-5.497446060180664,2.5509911808045724,7.158045768737793
B,5,5,full_swap,200,0.7949999570846558,0.0,-0.7965356111526489,-7.777787208557129,5.444906234741211,7.158045768737793
B,6,5,helix,200,0.4699999988079071,0.014999999664723873,-2.0293614864349365,-5.591775894165039,2.6570210558256586,8.389854431152344
B,6,5,only_T2,200,0.009999999776482582,0.17000000178813934,-6.44996452331543,-2.7275238037109375,1.581828536248418,8.389854431152344
B,6,5,only_T5,200,0.0,0.9899999499320984,-8.296061515808105,-0.4536038935184479,2.5240372105431082e-15,8.389854431152344
B,6,5,only_T10,200,0.014999999664723873,0.28999999165534973,-5.601031303405762,-3.133495807647705,1.9852889673016572,8.389854431152344
B,6,5,only_T100,200,0.0,0.9350000023841858,-8.140210151672363,-0.5044093132019043,0.7004662381703198,8.389854431152344
B,6,5,only_lin,200,0.0,1.0,-8.245448112487793,-0.3806302547454834,0.4200175212719533,8.389854431152344
B,6,5,random_orth,200,0.0,0.9549999833106995,-8.255456924438477,-0.4747929275035858,2.6570210558256586,8.389854431152344
B,6,5,real_diff_in_helix_subspace,200,0.429999977350235,0.019999999552965164,-2.1518149375915527,-5.499975681304932,2.727678344235759,8.389854431152344
B,6,5,full_swap,200,0.7949999570846558,0.0,-0.7956297397613525,-7.779216766357422,5.804242134094238,8.389854431152344
B,7,5,helix,200,0.47999998927116394,0.019999999552965164,-1.9897270202636719,-5.612642765045166,2.7884441168371823,9.164155960083008
B,7,5,only_T2,200,0.009999999776482582,0.1599999964237213,-6.424445629119873,-2.7597556114196777,1.6473257742162593,9.164155960083008
B,7,5,only_T5,200,0.0,0.9899999499320984,-8.296061515808105,-0.4536038935184479,2.6323440161686783e-15,9.164155960083008
B,7,5,only_T10,200,0.014999999664723873,0.2800000011920929,-5.578906059265137,-3.175640106201172,2.0893896392538567,9.164155960083008
B,7,5,only_T100,200,0.0,0.9300000071525574,-8.138681411743164,-0.5088264346122742,0.7407584844394135,9.164155960083008
B,7,5,only_lin,200,0.0,1.0,-8.250279426574707,-0.3799905776977539,0.445550933543696,9.164155960083008
B,7,5,random_orth,200,0.0,0.9749999642372131,-8.246772766113281,-0.4670635759830475,2.7884441168371823,9.164155960083008
B,7,5,real_diff_in_helix_subspace,200,0.4350000023841858,0.014999999664723873,-2.1271421909332275,-5.484222412109375,2.8699484763066754,9.164155960083008
B,7,5,full_swap,200,0.7999999523162842,0.0,-0.7832175493240356,-7.781896591186523,6.120382308959961,9.164155960083008
B,8,5,helix,200,0.45499998331069946,0.02499999850988388,-1.9985133409500122,-5.614706993103027,2.9477884719190843,10.283795356750488
B,8,5,only_T2,200,0.009999999776482582,0.16499999165534973,-6.422365188598633,-2.753418445587158,1.750081647483712,10.283795356750488
B,8,5,only_T5,200,0.0,0.9899999499320984,-8.296061515808105,-0.4536038935184479,2.759396819840692e-15,10.283795356750488
B,8,5,only_T10,200,0.014999999664723873,0.2800000011920929,-5.551031589508057,-3.1989214420318604,2.1992007483640195,10.283795356750488
B,8,5,only_T100,200,0.0,0.9300000071525574,-8.128881454467773,-0.5110768675804138,0.7858665496450353,10.283795356750488
B,8,5,only_lin,200,0.0,1.0,-8.249335289001465,-0.3799687623977661,0.47866789004546517,10.283795356750488
B,8,5,random_orth,200,0.0,0.949999988079071,-8.25238037109375,-0.4856241047382355,2.9477884719190843,10.283795356750488
B,8,5,real_diff_in_helix_subspace,200,0.429999977350235,0.029999999329447746,-2.1761868000030518,-5.472329139709473,3.0405540527515087,10.283795356750488
B,8,5,full_swap,200,0.7899999618530273,0.0,-0.7899687886238098,-7.764954566955566,6.503660678863525,10.283795356750488
B,9,5,helix,200,0.45499998331069946,0.03999999910593033,-1.991076946258545,-5.627024173736572,3.029821579990779,11.234261512756348
B,9,5,only_T2,200,0.009999999776482582,0.16499999165534973,-6.427745819091797,-2.770599603652954,1.8027539412508526,11.234261512756348
B,9,5,only_T5,200,0.0,0.9899999499320984,-8.296061515808105,-0.4536038935184479,2.8381994694464917e-15,11.234261512756348
B,9,5,only_T10,200,0.014999999664723873,0.2750000059604645,-5.528323650360107,-3.242293119430542,2.257505073074405,11.234261512756348
B,9,5,only_T100,200,0.0,0.9300000071525574,-8.127422332763672,-0.5105925798416138,0.8054255584792192,11.234261512756348
B,9,5,only_lin,200,0.0,1.0,-8.251253128051758,-0.38043418526649475,0.49388823333390086,11.234261512756348
B,9,5,random_orth,200,0.0,0.9649999737739563,-8.298605918884277,-0.4771009087562561,3.029821579990779,11.234261512756348
B,9,5,real_diff_in_helix_subspace,200,0.4350000023841858,0.029999999329447746,-2.2210705280303955,-5.489133358001709,3.131432704322707,11.234261512756348
B,9,5,full_swap,200,0.8050000071525574,0.0,-0.7835009694099426,-7.765851974487305,6.726687431335449,11.234261512756348
B,10,5,helix,200,0.4650000035762787,0.03500000014901161,-1.9645464420318604,-5.672760963439941,3.2557427452512173,11.761933326721191
B,10,5,only_T2,200,0.009999999776482582,0.1599999964237213,-6.419458866119385,-2.816152572631836,1.9266407566161792,11.761933326721191
B,10,5,only_T5,200,0.0,0.9899999499320984,-8.296061515808105,-0.4536038935184479,2.997713983480981e-15,11.761933326721191
B,10,5,only_T10,200,0.014999999664723873,0.26499998569488525,-5.470457077026367,-3.3109898567199707,2.444631124109818,11.761933326721191
B,10,5,only_T100,200,0.0,0.9300000071525574,-8.130122184753418,-0.512823760509491,0.8346767411248117,11.761933326721191
B,10,5,only_lin,200,0.0,1.0,-8.247603416442871,-0.37985777854919434,0.5146130908251623,11.761933326721191
B,10,5,random_orth,200,0.0,0.98499995470047,-8.239234924316406,-0.47535672783851624,3.2557427452512173,11.761933326721191
B,10,5,real_diff_in_helix_subspace,200,0.38999998569488525,0.03999999910593033,-2.28074312210083,-5.498719215393066,3.3690067782469435,11.761933326721191
B,10,5,full_swap,200,0.7999999523162842,0.0,-0.7861713767051697,-7.767923355102539,7.112936019897461,11.761933326721191
B,11,5,helix,200,0.45499998331069946,0.03999999910593033,-1.9995509386062622,-5.6800217628479,3.540735800570963,12.775627136230469
B,11,5,only_T2,200,0.009999999776482582,0.1599999964237213,-6.396271705627441,-2.9074466228485107,2.077127770650236,12.775627136230469
B,11,5,only_T5,200,0.0,0.9899999499320984,-8.296061515808105,-0.4536038935184479,3.263382330811338e-15,12.775627136230469
B,11,5,only_T10,200,0.014999999664723873,0.23499999940395355,-5.423912048339844,-3.4566755294799805,2.68692380289469,12.775627136230469
B,11,5,only_T100,200,0.0,0.9300000071525574,-8.134196281433105,-0.5118862390518188,0.8688776778003315,12.775627136230469
B,11,5,only_lin,200,0.0,0.9950000047683716,-8.247368812561035,-0.38748469948768616,0.5467460433118101,12.775627136230469
B,11,5,random_orth,200,0.0,0.9749999642372131,-8.300554275512695,-0.4704626500606537,3.540735800570963,12.775627136230469
B,11,5,real_diff_in_helix_subspace,200,0.3700000047683716,0.03999999910593033,-2.3281357288360596,-5.516868591308594,3.686311493864311,12.775627136230469
B,11,5,full_swap,200,0.7899999618530273,0.0,-0.8121238350868225,-7.686849117279053,7.588538646697998,12.775627136230469
B,12,5,helix,200,0.35999998450279236,0.06499999761581421,-2.554978370666504,-4.824009418487549,3.922518926357098,13.551013946533203
B,12,5,only_T2,200,0.009999999776482582,0.2449999898672104,-6.535714626312256,-2.4699668884277344,2.3076901829021677,13.551013946533203
B,12,5,only_T5,200,0.0,0.9899999499320984,-8.296061515808105,-0.4536038935184479,3.647157368827474e-15,13.551013946533203
B,12,5,only_T10,200,0.004999999888241291,0.38499999046325684,-5.823121070861816,-2.6522839069366455,2.997440612052058,13.551013946533203
B,12,5,only_T100,200,0.0,0.9449999928474426,-8.145608901977539,-0.48921263217926025,0.9070755406784747,13.551013946533203
B,12,5,only_lin,200,0.0,0.9950000047683716,-8.253999710083008,-0.40329086780548096,0.578608694238125,13.551013946533203
B,12,5,random_orth,200,0.0,0.9699999690055847,-8.280800819396973,-0.47024038434028625,3.922518926357098,13.551013946533203
B,12,5,real_diff_in_helix_subspace,200,0.29999998211860657,0.09999999403953552,-2.8071184158325195,-4.7101335525512695,4.0485126849783954,13.551013946533203
B,12,5,full_swap,200,0.6850000023841858,0.0,-1.1317437887191772,-6.915316104888916,8.175579071044922,13.551013946533203
B,13,5,helix,200,0.2800000011920929,0.14000000059604645,-3.0795037746429443,-4.158391952514648,4.261640637792706,14.482048034667969
B,13,5,only_T2,200,0.009999999776482582,0.42499998211860657,-6.705102443695068,-2.0041635036468506,2.4744820844465534,14.482048034667969
B,13,5,only_T5,200,0.0,0.9899999499320984,-8.296061515808105,-0.4536038935184479,3.93545403463671e-15,14.482048034667969
B,13,5,only_T10,200,0.004999999888241291,0.4399999976158142,-5.979394435882568,-2.349170446395874,3.2871940514050317,14.482048034667969
B,13,5,only_T100,200,0.0,0.9399999976158142,-8.150023460388184,-0.48917797207832336,0.974277173116545,14.482048034667969
B,13,5,only_lin,200,0.0,0.9950000047683716,-8.262001991271973,-0.40449222922325134,0.6327041026199933,14.482048034667969
B,13,5,random_orth,200,0.0,0.9799999594688416,-8.277603149414062,-0.4672331213951111,4.261640637792706,14.482048034667969
B,13,5,real_diff_in_helix_subspace,200,0.25,0.16499999165534973,-3.238297700881958,-4.046785831451416,4.393688294660747,14.482048034667969
B,13,5,full_swap,200,0.5849999785423279,0.004999999888241291,-1.5442538261413574,-6.055439472198486,8.763289451599121,14.482048034667969
B,14,5,helix,200,0.1899999976158142,0.32499998807907104,-4.124871730804443,-3.0507118701934814,4.428915781217143,16.018564224243164
B,14,5,only_T2,200,0.009999999776482582,0.6100000143051147,-7.024229049682617,-1.4285485744476318,2.5735284089566113,16.018564224243164
B,14,5,only_T5,200,0.0,0.9899999499320984,-8.296061515808105,-0.4536038935184479,4.090310747866398e-15,16.018564224243164
B,14,5,only_T10,200,0.004999999888241291,0.5600000023841858,-6.471253395080566,-1.745587706565857,3.414012167196503,16.018564224243164
B,14,5,only_T100,200,0.0,0.9449999928474426,-8.17625617980957,-0.47203394770622253,1.0062462509008598,16.018564224243164
B,14,5,only_lin,200,0.0,0.9950000047683716,-8.25261116027832,-0.41854429244995117,0.6702837658001843,16.018564224243164
B,14,5,random_orth,200,0.0,0.9699999690055847,-8.293290138244629,-0.4641425907611847,4.428915781217143,16.018564224243164
B,14,5,real_diff_in_helix_subspace,200,0.1599999964237213,0.29499998688697815,-4.198243141174316,-3.02070951461792,4.604901380122838,16.018564224243164
B,14,5,full_swap,200,0.41499999165534973,0.11499999463558197,-2.68339204788208,-4.732177734375,9.119154930114746,16.018564224243164
B,15,5,helix,200,0.17499999701976776,0.3149999976158142,-4.119523048400879,-3.0540664196014404,4.717671399146044,17.339271545410156
B,15,5,only_T2,200,0.009999999776482582,0.5999999642372131,-6.993615627288818,-1.4589483737945557,2.742302629519184,17.339271545410156
B,15,5,only_T5,200,0.0,0.9899999499320984,-8.296061515808105,-0.4536038935184479,4.455836014934952e-15,17.339271545410156
B,15,5,only_T10,200,0.004999999888241291,0.5649999976158142,-6.4750189781188965,-1.7543303966522217,3.6119489235437534,17.339271545410156
B,15,5,only_T100,200,0.0,0.949999988079071,-8.17264175415039,-0.46915778517723083,1.124313496622486,17.339271545410156
B,15,5,only_lin,200,0.0,0.9950000047683716,-8.257841110229492,-0.4183036684989929,0.7309141047793645,17.339271545410156
B,15,5,random_orth,200,0.0,0.9749999642372131,-8.270938873291016,-0.45696955919265747,4.717671399146044,17.339271545410156
B,15,5,real_diff_in_helix_subspace,200,0.1550000011920929,0.29999998211860657,-4.228702545166016,-3.004885196685791,4.952009357578452,17.339271545410156
B,15,5,full_swap,200,0.4050000011920929,0.12999999523162842,-2.7526097297668457,-4.6124701499938965,9.710687637329102,17.339271545410156
B,16,5,helix,200,0.13499999046325684,0.35499998927116394,-4.230966567993164,-2.9693994522094727,5.388906730042674,19.24688148498535
B,16,5,only_T2,200,0.009999999776482582,0.5849999785423279,-6.995633602142334,-1.482239007949829,3.1175920982927035,19.24688148498535
B,16,5,only_T5,200,0.0,0.9899999499320984,-8.296061515808105,-0.4536038935184479,5.06532699608956e-15,19.24688148498535
B,16,5,only_T10,200,0.004999999888241291,0.5550000071525574,-6.415385723114014,-1.793762445449829,4.148452139648931,19.24688148498535
B,16,5,only_T100,200,0.0,0.9549999833106995,-8.174174308776855,-0.46532440185546875,1.2528429926413762,19.24688148498535
B,16,5,only_lin,200,0.0,0.9950000047683716,-8.256712913513184,-0.42580747604370117,0.8069026192675226,19.24688148498535
B,16,5,random_orth,200,0.0,0.9799999594688416,-8.30237865447998,-0.4565296769142151,5.388906730042674,19.24688148498535
B,16,5,real_diff_in_helix_subspace,200,0.11999999731779099,0.35499998927116394,-4.373227596282959,-2.847689151763916,5.591542448981811,19.24688148498535
B,16,5,full_swap,200,0.3149999976158142,0.1599999964237213,-3.111518383026123,-4.19579553604126,10.931352615356445,19.24688148498535
B,17,5,helix,200,0.07499999552965164,0.4399999976158142,-5.129178524017334,-2.2994747161865234,5.755264462257944,21.10091781616211
B,17,5,only_T2,200,0.009999999776482582,0.7400000095367432,-7.330602169036865,-1.074195384979248,3.301962559549765,21.10091781616211
B,17,5,only_T5,200,0.0,0.9899999499320984,-8.296061515808105,-0.4536038935184479,5.38310183712133e-15,21.10091781616211
B,17,5,only_T10,200,0.004999999888241291,0.625,-6.678914546966553,-1.5477721691131592,4.451237277522331,21.10091781616211
B,17,5,only_T100,200,0.0,0.9649999737739563,-8.200593948364258,-0.4665628671646118,1.3368684532552169,21.10091781616211
B,17,5,only_lin,200,0.0,1.0,-8.264910697937012,-0.4298348128795624,0.8575428254842669,21.10091781616211
B,17,5,random_orth,200,0.0,0.9799999594688416,-8.291351318359375,-0.45456045866012573,5.755264462257944,21.10091781616211
B,17,5,real_diff_in_helix_subspace,200,0.07499999552965164,0.5,-5.261335372924805,-2.206634521484375,5.995724329853951,21.10091781616211
B,17,5,full_swap,200,0.17000000178813934,0.3050000071525574,-4.1952738761901855,-3.2492623329162598,11.646489143371582,21.10091781616211
B,18,5,helix,200,0.05999999865889549,0.5450000166893005,-5.770407676696777,-1.8228596448898315,6.045550801033866,22.618764877319336
B,18,5,only_T2,200,0.004999999888241291,0.824999988079071,-7.597001075744629,-0.8340510129928589,3.456670283871981,22.618764877319336
B,18,5,only_T5,200,0.0,0.9899999499320984,-8.296061515808105,-0.4536038935184479,5.662647520134738e-15,22.618764877319336
B,18,5,only_T10,200,0.004999999888241291,0.7099999785423279,-6.876889705657959,-1.33185875415802,4.688022723475719,22.618764877319336
B,18,5,only_T100,200,0.0,0.9799999594688416,-8.216386795043945,-0.4632219672203064,1.3968197017301613,22.618764877319336
B,18,5,only_lin,200,0.0,0.9950000047683716,-8.25815200805664,-0.44257423281669617,0.9025009668102975,22.618764877319336
B,18,5,random_orth,200,0.0,0.9799999594688416,-8.299200057983398,-0.458391934633255,6.045550801033865,22.618764877319336
B,18,5,real_diff_in_helix_subspace,200,0.044999998062849045,0.5999999642372131,-5.939777851104736,-1.751800537109375,6.3207450259546,22.618764877319336
B,18,5,full_swap,200,0.10999999940395355,0.42499998211860657,-4.9256086349487305,-2.6024999618530273,12.285602569580078,22.618764877319336
B,19,5,helix,200,0.0,0.98499995470047,-8.216326713562012,-0.4398399889469147,6.400039810946837,24.802509307861328
B,19,5,only_T2,200,0.0,0.9899999499320984,-8.291159629821777,-0.45184749364852905,3.65362559074974,24.802509307861328
B,19,5,only_T5,200,0.0,0.9899999499320984,-8.296061515808105,-0.4536038935184479,6.0098358046651e-15,24.802509307861328
B,19,5,only_T10,200,0.0,0.9899999499320984,-8.257725715637207,-0.4552081823348999,4.969789595320355,24.802509307861328
B,19,5,only_T100,200,0.0,0.9899999499320984,-8.282891273498535,-0.4462433457374573,1.465031415334176,24.802509307861328
B,19,5,only_lin,200,0.0,0.9950000047683716,-8.278571128845215,-0.4488975405693054,0.9654104984742748,24.802509307861328
B,19,5,random_orth,200,0.0,0.9899999499320984,-8.300990104675293,-0.45362502336502075,6.400039810946837,24.802509307861328
B,19,5,real_diff_in_helix_subspace,200,0.0,0.98499995470047,-8.222819328308105,-0.4360465109348297,6.741221591298163,24.802509307861328
B,19,5,full_swap,200,0.0,0.9549999833106995,-8.107730865478516,-0.4725564122200012,12.9591064453125,24.802509307861328
B,20,5,helix,200,0.0,0.98499995470047,-8.209345817565918,-0.4421237111091614,6.7484732184097265,26.773027420043945
B,20,5,only_T2,200,0.0,0.9899999499320984,-8.2921724319458,-0.4509987533092499,3.8540264676709057,26.773027420043945
B,20,5,only_T5,200,0.0,0.9899999499320984,-8.296061515808105,-0.4536038935184479,6.3170154113803175e-15,26.773027420043945
B,20,5,only_T10,200,0.0,0.9799999594688416,-8.253618240356445,-0.45585525035858154,5.234747888851757,26.773027420043945
B,20,5,only_T100,200,0.0,0.9899999499320984,-8.28211784362793,-0.4464191198348999,1.5550029320379906,26.773027420043945
B,20,5,only_lin,200,0.0,1.0,-8.279093742370605,-0.44870898127555847,1.0209656225498114,26.773027420043945
B,20,5,random_orth,200,0.0,0.9899999499320984,-8.299883842468262,-0.45299291610717773,6.7484732184097265,26.773027420043945
B,20,5,real_diff_in_helix_subspace,200,0.0,0.98499995470047,-8.216279983520508,-0.4354957342147827,7.13143053462252,26.773027420043945
B,20,5,full_swap,200,0.0,0.9549999833106995,-8.103291511535645,-0.47609609365463257,13.652190208435059,26.773027420043945
B,21,5,helix,200,0.0,0.9899999499320984,-8.249260902404785,-0.43928083777427673,7.101022649479087,28.59380340576172
B,21,5,only_T2,200,0.0,0.9799999594688416,-8.295620918273926,-0.4518284499645233,4.053383781408762,28.59380340576172
B,21,5,only_T5,200,0.0,0.9899999499320984,-8.296061515808105,-0.4536038935184479,6.571653703137084e-15,28.59380340576172
B,21,5,only_T10,200,0.0,0.9899999499320984,-8.28373908996582,-0.45312732458114624,5.514622068110148,28.59380340576172
B,21,5,only_T100,200,0.0,0.9899999499320984,-8.286333084106445,-0.4464995563030243,1.6250348419410432,28.59380340576172
B,21,5,only_lin,200,0.0,1.0,-8.280648231506348,-0.44900771975517273,1.0763458336091212,28.59380340576172
B,21,5,random_orth,200,0.0,0.98499995470047,-8.297694206237793,-0.45402204990386963,7.101022649479087,28.59380340576172
B,21,5,real_diff_in_helix_subspace,200,0.0,0.98499995470047,-8.254049301147461,-0.43697410821914673,7.525567678423316,28.59380340576172
B,21,5,full_swap,200,0.0,0.9699999690055847,-8.18950080871582,-0.46534714102745056,14.316784858703613,28.59380340576172
B,22,5,helix,200,0.0,0.98499995470047,-8.245675086975098,-0.4388135075569153,7.459340113347315,30.638261795043945
B,22,5,only_T2,200,0.0,0.98499995470047,-8.294611930847168,-0.45275694131851196,4.230078375619513,30.638261795043945
B,22,5,only_T5,200,0.0,0.9899999499320984,-8.296061515808105,-0.4536038935184479,6.862903057769076e-15,30.638261795043945
B,22,5,only_T10,200,0.0,0.98499995470047,-8.278792381286621,-0.4526439607143402,5.816909126917166,30.638261795043945
B,22,5,only_T100,200,0.0,0.9899999499320984,-8.28380012512207,-0.44610580801963806,1.696689897501424,30.638261795043945
B,22,5,only_lin,200,0.0,1.0,-8.27850341796875,-0.4487643837928772,1.1354622053649075,30.638261795043945
B,22,5,random_orth,200,0.0,0.9749999642372131,-8.300978660583496,-0.4536861181259155,7.459340113347315,30.638261795043945
B,22,5,real_diff_in_helix_subspace,200,0.0,0.9799999594688416,-8.250900268554688,-0.4366438090801239,7.953641056433302,30.638261795043945
B,22,5,full_swap,200,0.0,0.9649999737739563,-8.185504913330078,-0.4643630087375641,15.032530784606934,30.638261795043945
B,23,5,helix,200,0.0,0.9899999499320984,-8.296696662902832,-0.45117977261543274,7.828571023306897,32.38905715942383
B,23,5,only_T2,200,0.0,0.9799999594688416,-8.289812088012695,-0.45453527569770813,4.406951892215666,32.38905715942383
B,23,5,only_T5,200,0.0,0.9899999499320984,-8.296061515808105,-0.4536038935184479,7.182635082182984e-15,32.38905715942383
B,23,5,only_T10,200,0.0,0.9950000047683716,-8.307340621948242,-0.45298850536346436,6.130328372208619,32.38905715942383
B,23,5,only_T100,200,0.0,0.9950000047683716,-8.30012035369873,-0.45165693759918213,1.7688553767081903,32.38905715942383
B,23,5,only_lin,200,0.0,0.9899999499320984,-8.293654441833496,-0.4530792832374573,1.1862515674726049,32.38905715942383
B,23,5,random_orth,200,0.0,0.9950000047683716,-8.300177574157715,-0.45432403683662415,7.828571023306897,32.38905715942383
B,23,5,real_diff_in_helix_subspace,200,0.0,0.9899999499320984,-8.298378944396973,-0.45022132992744446,8.357871863966498,32.38905715942383
B,23,5,full_swap,200,0.0,0.9749999642372131,-8.27767562866211,-0.4591020345687866,15.756600379943848,32.38905715942383
B,24,5,helix,200,0.0,0.9899999499320984,-8.282413482666016,-0.450141966342926,8.128563660978912,33.73276138305664
B,24,5,only_T2,200,0.0,0.9950000047683716,-8.291292190551758,-0.45195528864860535,4.57846913735542,33.73276138305664
B,24,5,only_T5,200,0.0,0.9899999499320984,-8.296061515808105,-0.4536038935184479,7.43481832596558e-15,33.73276138305664
B,24,5,only_T10,200,0.0,0.9899999499320984,-8.296304702758789,-0.45473334193229675,6.364970159611423,33.73276138305664
B,24,5,only_T100,200,0.0,0.9899999499320984,-8.297262191772461,-0.4513232409954071,1.8313653169641098,33.73276138305664
B,24,5,only_lin,200,0.0,0.9899999499320984,-8.287784576416016,-0.45267218351364136,1.241112994327155,33.73276138305664
B,24,5,random_orth,200,0.0,0.98499995470047,-8.301076889038086,-0.4549857974052429,8.128563660978912,33.73276138305664
B,24,5,real_diff_in_helix_subspace,200,0.0,0.9899999499320984,-8.28000259399414,-0.4502052962779999,8.713603960143105,33.73276138305664
B,24,5,full_swap,200,0.0,0.9899999499320984,-8.290053367614746,-0.4538503885269165,16.390531539916992,33.73276138305664
B,25,5,helix,200,0.0,0.9899999499320984,-8.284345626831055,-0.45002493262290955,8.387564340469151,35.69850158691406
B,25,5,only_T2,200,0.0,0.9950000047683716,-8.293269157409668,-0.4514937102794647,4.700762375829398,35.69850158691406
B,25,5,only_T5,200,0.0,0.9899999499320984,-8.296061515808105,-0.4536038935184479,7.67294402628138e-15,35.69850158691406
B,25,5,only_T10,200,0.0,0.9899999499320984,-8.295082092285156,-0.4548225700855255,6.5860338876282345,35.69850158691406
B,25,5,only_T100,200,0.0,0.9899999499320984,-8.2979154586792,-0.4510698616504669,1.8774663621882917,35.69850158691406
B,25,5,only_lin,200,0.0,0.9899999499320984,-8.290083885192871,-0.45187243819236755,1.2925256089605992,35.69850158691406
B,25,5,random_orth,200,0.0,0.9950000047683716,-8.302347183227539,-0.45227667689323425,8.387564340469151,35.69850158691406
B,25,5,real_diff_in_helix_subspace,200,0.0,0.9899999499320984,-8.283967971801758,-0.45039016008377075,9.026372821124774,35.69850158691406
B,25,5,full_swap,200,0.0,0.9799999594688416,-8.289412498474121,-0.4546203911304474,16.95022964477539,35.69850158691406
B,26,5,helix,200,0.0,0.9899999499320984,-8.283419609069824,-0.4505668580532074,8.681354311099257,37.29678726196289
B,26,5,only_T2,200,0.0,0.9950000047683716,-8.291934967041016,-0.45208385586738586,4.817042156213951,37.29678726196289
B,26,5,only_T5,200,0.0,0.9899999499320984,-8.296061515808105,-0.4536038935184479,7.873721884932149e-15,37.29678726196289
B,26,5,only_T10,200,0.0,0.9899999499320984,-8.296414375305176,-0.45465734601020813,6.854683844023546,37.29678726196289
B,26,5,only_T100,200,0.0,0.9899999499320984,-8.296334266662598,-0.45144328474998474,1.9264278861560264,37.29678726196289
B,26,5,only_lin,200,0.0,0.9899999499320984,-8.287797927856445,-0.4522867500782013,1.3445350168542658,37.29678726196289
B,26,5,random_orth,200,0.0,0.9899999499320984,-8.297961235046387,-0.4547043740749359,8.681354311099257,37.29678726196289
B,26,5,real_diff_in_helix_subspace,200,0.0,0.9899999499320984,-8.282296180725098,-0.45085379481315613,9.381811415940712,37.29678726196289
B,26,5,full_swap,200,0.0,0.98499995470047,-8.293681144714355,-0.45582571625709534,17.53453826904297,37.29678726196289
B,27,5,helix,200,0.0,0.9899999499320984,-8.294754028320312,-0.451435923576355,8.81269742150381,38.936161041259766
B,27,5,only_T2,200,0.0,0.9899999499320984,-8.29551887512207,-0.4538293480873108,4.875226119105214,38.936161041259766
B,27,5,only_T5,200,0.0,0.9899999499320984,-8.296061515808105,-0.4536038935184479,8.032615269880973e-15,38.936161041259766
B,27,5,only_T10,200,0.0,0.9899999499320984,-8.294344902038574,-0.4536603093147278,6.965184322274381,38.936161041259766
B,27,5,only_T100,200,0.0,0.9899999499320984,-8.296650886535645,-0.451902836561203,1.958871333315028,38.936161041259766
B,27,5,only_lin,200,0.0,0.9899999499320984,-8.292452812194824,-0.4527953267097473,1.3868429802162767,38.936161041259766
B,27,5,random_orth,200,0.0,0.9950000047683716,-8.298192977905273,-0.45485761761665344,8.81269742150381,38.936161041259766
B,27,5,real_diff_in_helix_subspace,200,0.0,0.9899999499320984,-8.295257568359375,-0.45167288184165955,9.555614457150192,38.936161041259766
B,27,5,full_swap,200,0.0,0.9950000047683716,-8.298945426940918,-0.4510452449321747,17.904340744018555,38.936161041259766
B,28,5,helix,200,0.0,0.9899999499320984,-8.291531562805176,-0.45153114199638367,9.068192075532076,41.823280334472656
B,28,5,only_T2,200,0.0,0.9899999499320984,-8.295233726501465,-0.45406806468963623,4.972102592598358,41.823280334472656
B,28,5,only_T5,200,0.0,0.9899999499320984,-8.296061515808105,-0.4536038935184479,8.189091892368267e-15,41.823280334472656
B,28,5,only_T10,200,0.0,0.9899999499320984,-8.295889854431152,-0.4533395767211914,7.207280689375855,41.823280334472656
B,28,5,only_T100,200,0.0,0.9899999499320984,-8.295982360839844,-0.45156776905059814,1.9883538703676005,41.823280334472656
B,28,5,only_lin,200,0.0,0.9899999499320984,-8.29117202758789,-0.45262667536735535,1.4259887259251576,41.823280334472656
B,28,5,random_orth,200,0.0,0.9899999499320984,-8.299988746643066,-0.45351919531822205,9.068192075532076,41.823280334472656
B,28,5,real_diff_in_helix_subspace,200,0.0,0.9899999499320984,-8.294784545898438,-0.4519534111022949,9.91820396875824,41.823280334472656
B,28,5,full_swap,200,0.0,0.9950000047683716,-8.29980754852295,-0.4515092074871063,18.493858337402344,41.823280334472656
B,29,5,helix,200,0.0,0.9899999499320984,-8.29348373413086,-0.45383426547050476,9.404947352214789,50.73194885253906
B,29,5,only_T2,200,0.0,0.9899999499320984,-8.294293403625488,-0.45394569635391235,5.06629925791492,50.73194885253906
B,29,5,only_T5,200,0.0,0.9899999499320984,-8.296061515808105,-0.4536038935184479,8.407834219200818e-15,50.73194885253906
B,29,5,only_T10,200,0.0,0.9899999499320984,-8.297012329101562,-0.4534032344818115,7.539917707900121,50.73194885253906
B,29,5,only_T100,200,0.0,0.9899999499320984,-8.2959566116333,-0.4532012939453125,2.0384205961150843,50.73194885253906
B,29,5,only_lin,200,0.0,0.9899999499320984,-8.292595863342285,-0.45359480381011963,1.4830023853151963,50.73194885253906
B,29,5,random_orth,200,0.0,0.9899999499320984,-8.298195838928223,-0.4532493054866791,9.404947352214789,50.73194885253906
B,29,5,real_diff_in_helix_subspace,200,0.0,0.9899999499320984,-8.292863845825195,-0.45385149121284485,10.470645625760612,50.73194885253906
B,29,5,full_swap,200,0.0,0.9899999499320984,-8.292001724243164,-0.45416972041130066,19.356760025024414,50.73194885253906
B,30,5,helix,200,0.0,0.9899999499320984,-8.295209884643555,-0.45405128598213196,9.885623125065065,63.03041076660156
B,30,5,only_T2,200,0.0,0.9899999499320984,-8.294631958007812,-0.45378339290618896,5.22518009369888,63.03041076660156
B,30,5,only_T5,200,0.0,0.9899999499320984,-8.296061515808105,-0.4536038935184479,8.650504894384874e-15,63.03041076660156
B,30,5,only_T10,200,0.0,0.9899999499320984,-8.295306205749512,-0.45355939865112305,8.00053675921005,63.03041076660156
B,30,5,only_T100,200,0.0,0.9899999499320984,-8.297353744506836,-0.45360541343688965,2.0952311409708857,63.03041076660156
B,30,5,only_lin,200,0.0,0.9899999499320984,-8.294625282287598,-0.4538057744503021,1.5585467822005699,63.03041076660156
B,30,5,random_orth,200,0.0,0.9899999499320984,-8.296835899353027,-0.4531172811985016,9.885623125065065,63.03041076660156
B,30,5,real_diff_in_helix_subspace,200,0.0,0.9899999499320984,-8.293434143066406,-0.4542495906352997,11.189983366809582,63.03041076660156
B,30,5,full_swap,200,0.0,0.9899999499320984,-8.293082237243652,-0.4544927775859833,20.330148696899414,63.03041076660156
B,31,5,helix,200,0.0,0.9899999499320984,-8.296061515808105,-0.4536038935184479,10.336748525313821,78.29415893554688
B,31,5,only_T2,200,0.0,0.9899999499320984,-8.296061515808105,-0.4536038935184479,5.412374727616873,78.29415893554688
B,31,5,only_T5,200,0.0,0.9899999499320984,-8.296061515808105,-0.4536038935184479,9.035934748631757e-15,78.29415893554688
B,31,5,only_T10,200,0.0,0.9899999499320984,-8.296061515808105,-0.4536038935184479,8.389890428355864,78.29415893554688
B,31,5,only_T100,200,0.0,0.9899999499320984,-8.296061515808105,-0.4536038935184479,2.1531325033610016,78.29415893554688
B,31,5,only_lin,200,0.0,0.9899999499320984,-8.296061515808105,-0.4536038935184479,1.7210004107427885,78.29415893554688
B,31,5,random_orth,200,0.0,0.9899999499320984,-8.296061515808105,-0.4536038935184479,10.336748525313821,78.29415893554688
B,31,5,real_diff_in_helix_subspace,200,0.0,0.9899999499320984,-8.296061515808105,-0.4536038935184479,11.85006972862809,78.29415893554688
B,31,5,full_swap,200,0.0,0.9899999499320984,-8.296061515808105,-0.4536038935184479,21.276735305786133,78.29415893554688
B,0,10,helix,200,0.03500000014901161,0.9199999570846558,-4.637188911437988,-0.5101143717765808,0.9313026683174832,3.573263645172119
B,0,10,only_T2,200,0.0,1.0,-5.608621597290039,-0.43176791071891785,0.0,3.573263645172119
B,0,10,only_T5,200,0.0,1.0,-5.608621597290039,-0.43176791071891785,1.3418684536677237e-15,3.573263645172119
B,0,10,only_T10,200,0.0,1.0,-5.608621597290039,-0.43176791071891785,6.71173952677308e-16,3.573263645172119
B,0,10,only_T100,200,0.029999999329447746,0.9099999666213989,-4.886722087860107,-0.6021175384521484,0.8974897628975874,3.573263645172119
B,0,10,only_lin,200,0.0,0.9950000047683716,-5.4595746994018555,-0.34122005105018616,0.4723930330417075,3.573263645172119
B,0,10,random_orth,200,0.0,0.9950000047683716,-5.612261772155762,-0.43441954255104065,0.9313026683174832,3.573263645172119
B,0,10,real_diff_in_helix_subspace,200,0.02499999850988388,0.8949999809265137,-4.619068622589111,-0.6240859031677246,1.0398233693042171,3.573263645172119
B,0,10,full_swap,200,0.8899999856948853,0.029999999329447746,-0.6180084943771362,-4.802326679229736,4.192724704742432,3.573263645172119
B,1,10,helix,200,0.03500000014901161,0.9199999570846558,-4.638778209686279,-0.5102882385253906,0.9665785739415733,3.877211332321167
B,1,10,only_T2,200,0.0,1.0,-5.608621597290039,-0.43176791071891785,0.0,3.877211332321167
B,1,10,only_T5,200,0.0,1.0,-5.608621597290039,-0.43176791071891785,1.3345707113379384e-15,3.877211332321167
B,1,10,only_T10,200,0.0,1.0,-5.608621597290039,-0.43176791071891785,6.659774925152034e-16,3.877211332321167
B,1,10,only_T100,200,0.02499999850988388,0.9199999570846558,-4.888411521911621,-0.6032629013061523,0.9205266652733272,3.877211332321167
B,1,10,only_lin,200,0.0,0.9950000047683716,-5.444655418395996,-0.3419509828090668,0.5013067466584165,3.877211332321167
B,1,10,random_orth,200,0.0,0.9950000047683716,-5.601431846618652,-0.438625693321228,0.9665785739415733,3.877211332321167
B,1,10,real_diff_in_helix_subspace,200,0.02499999850988388,0.8899999856948853,-4.614567279815674,-0.6327872276306152,1.0682219367692063,3.877211332321167
B,1,10,full_swap,200,0.8899999856948853,0.03500000014901161,-0.6228499412536621,-4.780817031860352,4.159980297088623,3.877211332321167
B,2,10,helix,200,0.029999999329447746,0.9149999618530273,-4.64665412902832,-0.5097452998161316,1.0325466038662305,4.603245258331299
B,2,10,only_T2,200,0.0,1.0,-5.608621597290039,-0.43176791071891785,0.0,4.603245258331299
B,2,10,only_T5,200,0.0,1.0,-5.608621597290039,-0.43176791071891785,1.4057411315846518e-15,4.603245258331299
B,2,10,only_T10,200,0.0,1.0,-5.608621597290039,-0.43176791071891785,7.087971314439911e-16,4.603245258331299
B,2,10,only_T100,200,0.02499999850988388,0.9099999666213989,-4.895009517669678,-0.6082026362419128,0.9778699526403339,4.603245258331299
B,2,10,only_lin,200,0.0,0.9950000047683716,-5.445454120635986,-0.3408892750740051,0.5406454621632383,4.603245258331299
B,2,10,random_orth,200,0.0,0.98499995470047,-5.606259822845459,-0.43595507740974426,1.0325466038662305,4.603245258331299
B,2,10,real_diff_in_helix_subspace,200,0.02499999850988388,0.8849999904632568,-4.583467483520508,-0.6266565918922424,1.1437564154214275,4.603245258331299
B,2,10,full_swap,200,0.875,0.044999998062849045,-0.6279535293579102,-4.766889572143555,4.349452972412109,4.603245258331299
B,3,10,helix,200,0.03500000014901161,0.9199999570846558,-4.634955883026123,-0.51993328332901,1.112027701137695,5.206780433654785
B,3,10,only_T2,200,0.0,1.0,-5.608621597290039,-0.43176791071891785,0.0,5.206780433654785
B,3,10,only_T5,200,0.0,1.0,-5.608621597290039,-0.43176791071891785,1.5302997573283083e-15,5.206780433654785
B,3,10,only_T10,200,0.0,1.0,-5.608621597290039,-0.43176791071891785,7.65029459800872e-16,5.206780433654785
B,3,10,only_T100,200,0.02499999850988388,0.9099999666213989,-4.878159046173096,-0.6153426170349121,1.0385394744263112,5.206780433654785
B,3,10,only_lin,200,0.0,0.9950000047683716,-5.445657730102539,-0.34299665689468384,0.5998752907958086,5.206780433654785
B,3,10,random_orth,200,0.0,0.98499995470047,-5.6077799797058105,-0.4453596770763397,1.1120277011376947,5.206780433654785
B,3,10,real_diff_in_helix_subspace,200,0.03500000014901161,0.8799999952316284,-4.535143852233887,-0.6397284269332886,1.2406553625358325,5.206780433654785
B,3,10,full_swap,200,0.8650000095367432,0.044999998062849045,-0.630062460899353,-4.760453224182129,4.54344367980957,5.206780433654785
B,4,10,helix,200,0.03500000014901161,0.9199999570846558,-4.6348981857299805,-0.5213982462882996,1.252813291984485,6.288311958312988
B,4,10,only_T2,200,0.0,1.0,-5.608621597290039,-0.43176791071891785,0.0,6.288311958312988
B,4,10,only_T5,200,0.0,1.0,-5.608621597290039,-0.43176791071891785,1.656688812704146e-15,6.288311958312988
B,4,10,only_T10,200,0.0,1.0,-5.608621597290039,-0.43176791071891785,8.343219454361572e-16,6.288311958312988
B,4,10,only_T100,200,0.02499999850988388,0.9099999666213989,-4.885426998138428,-0.6178935766220093,1.157546795235233,6.288311958312988
B,4,10,only_lin,200,0.0,0.9950000047683716,-5.44212007522583,-0.3460808992385864,0.6753558836099907,6.288311958312988
B,4,10,random_orth,200,0.0,0.9899999499320984,-5.604531764984131,-0.43993300199508667,1.252813291984485,6.288311958312988
B,4,10,real_diff_in_helix_subspace,200,0.03500000014901161,0.8799999952316284,-4.517336368560791,-0.6720205545425415,1.4027828017132333,6.288311958312988
B,4,10,full_swap,200,0.8700000047683716,0.04999999701976776,-0.6396129131317139,-4.734528064727783,4.991903781890869,6.288311958312988
B,5,10,helix,200,0.029999999329447746,0.9199999570846558,-4.604005813598633,-0.5416306853294373,1.390946516046459,7.147402763366699
B,5,10,only_T2,200,0.0,1.0,-5.608621597290039,-0.43176791071891785,0.0,7.147402763366699
B,5,10,only_T5,200,0.0,1.0,-5.608621597290039,-0.43176791071891785,1.7939563814235026e-15,7.147402763366699
B,5,10,only_T10,200,0.0,1.0,-5.608621597290039,-0.43176791071891785,9.0727348318954e-16,7.147402763366699
B,5,10,only_T100,200,0.02499999850988388,0.9049999713897705,-4.879402160644531,-0.6252195835113525,1.2796411440442363,7.147402763366699
B,5,10,only_lin,200,0.0,0.98499995470047,-5.394964694976807,-0.3536742329597473,0.7512700197963913,7.147402763366699
B,5,10,random_orth,200,0.0,1.0,-5.61907434463501,-0.43808379769325256,1.390946516046459,7.147402763366699
B,5,10,real_diff_in_helix_subspace,200,0.02499999850988388,0.875,-4.514411449432373,-0.7031347751617432,1.5572795846852625,7.147402763366699
B,5,10,full_swap,200,0.8499999642372131,0.054999999701976776,-0.6546387076377869,-4.71088171005249,5.4609150886535645,7.147402763366699
B,6,10,helix,200,0.029999999329447746,0.9149999618530273,-4.597774982452393,-0.5524060726165771,1.5219090079554292,8.38109016418457
B,6,10,only_T2,200,0.0,1.0,-5.608621597290039,-0.43176791071891785,0.0,8.38109016418457
B,6,10,only_T5,200,0.0,1.0,-5.608621597290039,-0.43176791071891785,1.9235688595325806e-15,8.38109016418457
B,6,10,only_T10,200,0.0,1.0,-5.608621597290039,-0.43176791071891785,9.645522241181297e-16,8.38109016418457
B,6,10,only_T100,200,0.02499999850988388,0.8899999856948853,-4.894576072692871,-0.6343241930007935,1.3804063022057398,8.38109016418457
B,6,10,only_lin,200,0.0,0.98499995470047,-5.365293025970459,-0.35645315051078796,0.8400350425439065,8.38109016418457
B,6,10,random_orth,200,0.0,0.9649999737739563,-5.600132465362549,-0.4451083242893219,1.5219090079554292,8.38109016418457
B,6,10,real_diff_in_helix_subspace,200,0.029999999329447746,0.85999995470047,-4.537596225738525,-0.7644625902175903,1.7127696974865227,8.38109016418457
B,6,10,full_swap,200,0.8449999690055847,0.054999999701976776,-0.6539605855941772,-4.71055793762207,5.843532562255859,8.38109016418457
B,7,10,helix,200,0.03500000014901161,0.9049999713897705,-4.576669692993164,-0.5614556074142456,1.6157537652640463,9.143967628479004
B,7,10,only_T2,200,0.0,1.0,-5.608621597290039,-0.43176791071891785,0.0,9.143967628479004
B,7,10,only_T5,200,0.0,1.0,-5.608621597290039,-0.43176791071891785,2.007220863769558e-15,9.143967628479004
B,7,10,only_T10,200,0.0,1.0,-5.608621597290039,-0.43176791071891785,1.0146251190384767e-15,9.143967628479004
B,7,10,only_T100,200,0.02499999850988388,0.8949999809265137,-4.881433963775635,-0.6445552110671997,1.4608081593574451,9.143967628479004
B,7,10,only_lin,200,0.0,0.9899999499320984,-5.343672752380371,-0.3576633334159851,0.891101867087392,9.143967628479004
B,7,10,random_orth,200,0.0,0.9899999499320984,-5.586742401123047,-0.43944770097732544,1.6157537652640463,9.143967628479004
B,7,10,real_diff_in_helix_subspace,200,0.044999998062849045,0.8449999690055847,-4.574230670928955,-0.8274238109588623,1.8358533888529762,9.143967628479004
B,7,10,full_swap,200,0.85999995470047,0.054999999701976776,-0.6573426723480225,-4.698724746704102,6.178566932678223,9.143967628479004
B,8,10,helix,200,0.03999999910593033,0.9099999666213989,-4.593265056610107,-0.5707213282585144,1.7168265381873729,10.260278701782227
B,8,10,only_T2,200,0.0,1.0,-5.608621597290039,-0.43176791071891785,0.0,10.260278701782227
B,8,10,only_T5,200,0.0,1.0,-5.608621597290039,-0.43176791071891785,2.1033751821636245e-15,10.260278701782227
B,8,10,only_T10,200,0.0,1.0,-5.608621597290039,-0.43176791071891785,1.0691367838247065e-15,10.260278701782227
B,8,10,only_T100,200,0.029999999329447746,0.8899999856948853,-4.89284610748291,-0.649198591709137,1.5487278898446544,10.260278701782227
B,8,10,only_lin,200,0.004999999888241291,0.98499995470047,-5.333690643310547,-0.35732993483543396,0.9573357800909302,10.260278701782227
B,8,10,random_orth,200,0.0,0.9950000047683716,-5.6017045974731445,-0.44005438685417175,1.7168265381873729,10.260278701782227
B,8,10,real_diff_in_helix_subspace,200,0.03500000014901161,0.8449999690055847,-4.648611545562744,-0.8852654099464417,1.979983312985297,10.260278701782227
B,8,10,full_swap,200,0.8499999642372131,0.05999999865889549,-0.6680080890655518,-4.665892124176025,6.604692459106445,10.260278701782227
B,9,10,helix,200,0.044999998062849045,0.9049999713897705,-4.584324359893799,-0.5749190449714661,1.7603581200385043,11.208793640136719
B,9,10,only_T2,200,0.0,1.0,-5.608621597290039,-0.43176791071891785,0.0,11.208793640136719
B,9,10,only_T5,200,0.0,1.0,-5.608621597290039,-0.43176791071891785,2.161233080553848e-15,11.208793640136719
B,9,10,only_T10,200,0.0,1.0,-5.608621597290039,-0.43176791071891785,1.0977442640398113e-15,11.208793640136719
B,9,10,only_T100,200,0.029999999329447746,0.8899999856948853,-4.882148742675781,-0.648935079574585,1.586731054550376,11.208793640136719
B,9,10,only_lin,200,0.004999999888241291,0.9899999499320984,-5.328347682952881,-0.3584078252315521,0.9877764666678017,11.208793640136719
B,9,10,random_orth,200,0.0,0.98499995470047,-5.611764430999756,-0.43735048174858093,1.7603581200385043,11.208793640136719
B,9,10,real_diff_in_helix_subspace,200,0.02499999850988388,0.8449999690055847,-4.68508243560791,-0.9144901633262634,2.0532364823548566,11.208793640136719
B,9,10,full_swap,200,0.8399999737739563,0.06499999761581421,-0.6669172048568726,-4.659661769866943,6.8625288009643555,11.208793640136719
B,10,10,helix,200,0.044999998062849045,0.8949999809265137,-4.569787502288818,-0.5904366374015808,1.8290184028596967,11.745563507080078
B,10,10,only_T2,200,0.0,1.0,-5.608621597290039,-0.43176791071891785,0.0,11.745563507080078
B,10,10,only_T5,200,0.0,1.0,-5.608621597290039,-0.43176791071891785,2.2821031550315804e-15,11.745563507080078
B,10,10,only_T10,200,0.0,1.0,-5.608621597290039,-0.43176791071891785,1.1883009396504173e-15,11.745563507080078
B,10,10,only_T100,200,0.03500000014901161,0.8899999856948853,-4.8821587562561035,-0.6598778963088989,1.6440208114769317,11.745563507080078
B,10,10,only_lin,200,0.009999999776482582,0.98499995470047,-5.306851863861084,-0.35975825786590576,1.0292261816503245,11.745563507080078
B,10,10,random_orth,200,0.0,0.98499995470047,-5.609321594238281,-0.442576140165329,1.8290184028596967,11.745563507080078
B,10,10,real_diff_in_helix_subspace,200,0.029999999329447746,0.8149999976158142,-4.698605060577393,-0.9506850242614746,2.1707366503154875,11.745563507080078
B,10,10,full_swap,200,0.8499999642372131,0.06499999761581421,-0.6682672500610352,-4.662996768951416,7.260547637939453,11.745563507080078
B,11,10,helix,200,0.04999999701976776,0.8949999809265137,-4.590701580047607,-0.5901615619659424,1.91190639160905,12.765153884887695
B,11,10,only_T2,200,0.0,1.0,-5.608621597290039,-0.43176791071891785,0.0,12.765153884887695
B,11,10,only_T5,200,0.0,1.0,-5.608621597290039,-0.43176791071891785,2.484595875569789e-15,12.765153884887695
B,11,10,only_T10,200,0.0,1.0,-5.608621597290039,-0.43176791071891785,1.3063321646410457e-15,12.765153884887695
B,11,10,only_T100,200,0.03500000014901161,0.8999999761581421,-4.90408992767334,-0.6519163250923157,1.7108675080278075,12.765153884887695
B,11,10,only_lin,200,0.009999999776482582,0.9799999594688416,-5.290159702301025,-0.372775673866272,1.09349208662362,12.765153884887695
B,11,10,random_orth,200,0.0,0.9899999499320984,-5.618744850158691,-0.433880478143692,1.91190639160905,12.765153884887695
B,11,10,real_diff_in_helix_subspace,200,0.029999999329447746,0.8100000023841858,-4.793720722198486,-0.9973870515823364,2.3250450038630994,12.765153884887695
B,11,10,full_swap,200,0.8399999737739563,0.08500000089406967,-0.7162320017814636,-4.482289791107178,7.664892673492432,12.765153884887695
B,12,10,helix,200,0.03500000014901161,0.9249999523162842,-4.725553035736084,-0.5370112061500549,1.9925536087215905,13.561837196350098
B,12,10,only_T2,200,0.0,1.0,-5.608621597290039,-0.43176791071891785,0.0,13.561837196350098
B,12,10,only_T5,200,0.0,1.0,-5.608621597290039,-0.43176791071891785,2.7844740704693124e-15,13.561837196350098
B,12,10,only_T10,200,0.0,1.0,-5.608621597290039,-0.43176791071891785,1.4588336637634712e-15,13.561837196350098
B,12,10,only_T100,200,0.02499999850988388,0.9199999570846558,-4.968756675720215,-0.5932129621505737,1.785513060934231,13.561837196350098
B,12,10,only_lin,200,0.004999999888241291,0.98499995470047,-5.354117393493652,-0.3830224573612213,1.1572173884762498,13.561837196350098
B,12,10,random_orth,200,0.0,0.98499995470047,-5.623180866241455,-0.4404148757457733,1.9925536087215905,13.561837196350098
B,12,10,real_diff_in_helix_subspace,200,0.019999999552965164,0.8650000095367432,-4.834124565124512,-0.7659735679626465,2.445239264627745,13.561837196350098
B,12,10,full_swap,200,0.73499995470047,0.17499999701976776,-1.0023524761199951,-3.7822377681732178,8.184452056884766,13.561837196350098
B,13,10,helix,200,0.03999999910593033,0.9249999523162842,-4.759974002838135,-0.5264706015586853,2.147011068395061,14.480315208435059
B,13,10,only_T2,200,0.0,1.0,-5.608621597290039,-0.43176791071891785,0.0,14.480315208435059
B,13,10,only_T5,200,0.0,1.0,-5.608621597290039,-0.43176791071891785,3.001192040623083e-15,14.480315208435059
B,13,10,only_T10,200,0.0,1.0,-5.608621597290039,-0.43176791071891785,1.603614296490837e-15,14.480315208435059
B,13,10,only_T100,200,0.019999999552965164,0.9199999570846558,-4.989926815032959,-0.5880855917930603,1.9158055473009574,14.480315208435059
B,13,10,only_lin,200,0.004999999888241291,0.9899999499320984,-5.356569766998291,-0.38329657912254333,1.2654082052399864,14.480315208435059
B,13,10,random_orth,200,0.0,1.0,-5.603452682495117,-0.4336278736591339,2.147011068395061,14.480315208435059
B,13,10,real_diff_in_helix_subspace,200,0.009999999776482582,0.8700000047683716,-4.841733932495117,-0.6974591016769409,2.705474147244836,14.480315208435059
B,13,10,full_swap,200,0.6299999952316284,0.2549999952316284,-1.222978949546814,-3.343226909637451,8.767772674560547,14.480315208435059
B,14,10,helix,200,0.029999999329447746,0.9449999928474426,-4.8947248458862305,-0.4866226017475128,2.2278009730413912,16.011085510253906
B,14,10,only_T2,200,0.0,1.0,-5.608621597290039,-0.43176791071891785,0.0,16.011085510253906
B,14,10,only_T5,200,0.0,1.0,-5.608621597290039,-0.43176791071891785,3.119378255118592e-15,16.011085510253906
B,14,10,only_T10,200,0.0,1.0,-5.608621597290039,-0.43176791071891785,1.6678985302477731e-15,16.011085510253906
B,14,10,only_T100,200,0.02499999850988388,0.9449999928474426,-5.116068363189697,-0.5259775519371033,1.9788119972946225,16.011085510253906
B,14,10,only_lin,200,0.004999999888241291,0.9749999642372131,-5.372539043426514,-0.3995870053768158,1.3405675316003682,16.011085510253906
B,14,10,random_orth,200,0.0,0.9899999499320984,-5.616220951080322,-0.43469351530075073,2.2278009730413912,16.011085510253906
B,14,10,real_diff_in_helix_subspace,200,0.004999999888241291,0.9099999666213989,-5.024495601654053,-0.6161022782325745,2.899634786699762,16.011085510253906
B,14,10,full_swap,200,0.48499998450279236,0.39499998092651367,-1.9694546461105347,-2.7056002616882324,9.13687801361084,16.011085510253906
B,15,10,helix,200,0.029999999329447746,0.9449999928474426,-4.895145893096924,-0.4828082025051117,2.493517533797297,17.317625045776367
B,15,10,only_T2,200,0.0,1.0,-5.608621597290039,-0.43176791071891785,0.0,17.317625045776367
B,15,10,only_T5,200,0.0,1.0,-5.608621597290039,-0.43176791071891785,3.4083535153883184e-15,17.317625045776367
B,15,10,only_T10,200,0.0,1.0,-5.608621597290039,-0.43176791071891785,1.7670746292363776e-15,17.317625045776367
B,15,10,only_T100,200,0.019999999552965164,0.9399999976158142,-5.102110862731934,-0.5243618488311768,2.221955898709563,17.317625045776367
B,15,10,only_lin,200,0.0,0.9899999499320984,-5.385961055755615,-0.39574477076530457,1.4618282095587287,17.317625045776367
B,15,10,random_orth,200,0.0,0.9899999499320984,-5.612689018249512,-0.43315547704696655,2.493517533797297,17.317625045776367
B,15,10,real_diff_in_helix_subspace,200,0.0,0.9199999570846558,-5.0303955078125,-0.6251580715179443,3.2507984367798652,17.317625045776367
B,15,10,full_swap,200,0.4749999940395355,0.4099999964237213,-2.036191701889038,-2.665693998336792,9.76388168334961,17.317625045776367
B,16,10,helix,200,0.02499999850988388,0.9549999833106995,-4.937685489654541,-0.49310266971588135,2.7635348834593447,19.254114151000977
B,16,10,only_T2,200,0.0,1.0,-5.608621597290039,-0.43176791071891785,0.0,19.254114151000977
B,16,10,only_T5,200,0.0,1.0,-5.608621597290039,-0.43176791071891785,3.875585253359171e-15,19.254114151000977
B,16,10,only_T10,200,0.0,1.0,-5.608621597290039,-0.43176791071891785,2.0284237027632942e-15,19.254114151000977
B,16,10,only_T100,200,0.02499999850988388,0.9399999976158142,-5.138081073760986,-0.5275934338569641,2.471652414005813,19.254114151000977
B,16,10,only_lin,200,0.004999999888241291,0.98499995470047,-5.369894981384277,-0.4026772081851959,1.6138052385350452,19.254114151000977
B,16,10,random_orth,200,0.0,0.9950000047683716,-5.604969501495361,-0.43774664402008057,2.7635348834593447,19.254114151000977
B,16,10,real_diff_in_helix_subspace,200,0.009999999776482582,0.9199999570846558,-5.053709506988525,-0.6061326861381531,3.5726616195817105,19.254114151000977
B,16,10,full_swap,200,0.42499998211860657,0.429999977350235,-2.2397146224975586,-2.5368568897247314,10.952780723571777,19.254114151000977
B,17,10,helix,200,0.014999999664723873,0.9699999690055847,-5.045183181762695,-0.47508010268211365,2.9518918217550394,21.11184310913086
B,17,10,only_T2,200,0.0,1.0,-5.608621597290039,-0.43176791071891785,0.0,21.11184310913086
B,17,10,only_T5,200,0.0,1.0,-5.608621597290039,-0.43176791071891785,4.115597547773996e-15,21.11184310913086
B,17,10,only_T10,200,0.0,1.0,-5.608621597290039,-0.43176791071891785,2.180105961333337e-15,21.11184310913086
B,17,10,only_T100,200,0.014999999664723873,0.9649999737739563,-5.229248046875,-0.5012103319168091,2.6370068110303824,21.11184310913086
B,17,10,only_lin,200,0.0,0.9950000047683716,-5.406121730804443,-0.4081108272075653,1.7150856509685333,21.11184310913086
B,17,10,random_orth,200,0.0,0.9899999499320984,-5.616508483886719,-0.43762609362602234,2.9518918217550394,21.11184310913086
B,17,10,real_diff_in_helix_subspace,200,0.009999999776482582,0.9399999976158142,-5.167480945587158,-0.5565140247344971,3.874435766460306,21.11184310913086
B,17,10,full_swap,200,0.375,0.5049999952316284,-2.7152905464172363,-2.1884074211120605,11.644449234008789,21.11184310913086
B,18,10,helix,200,0.009999999776482582,0.9699999690055847,-5.145054340362549,-0.47260573506355286,3.0895841255540017,22.661489486694336
B,18,10,only_T2,200,0.0,1.0,-5.608621597290039,-0.43176791071891785,0.0,22.661489486694336
B,18,10,only_T5,200,0.0,1.0,-5.608621597290039,-0.43176791071891785,4.331739803320802e-15,22.661489486694336
B,18,10,only_T10,200,0.0,1.0,-5.608621597290039,-0.43176791071891785,2.2969080839724957e-15,22.661489486694336
B,18,10,only_T100,200,0.004999999888241291,0.9749999642372131,-5.281844139099121,-0.48528921604156494,2.7551068101823795,22.661489486694336
B,18,10,only_lin,200,0.0,0.9899999499320984,-5.457767009735107,-0.42481666803359985,1.8050019336205947,22.661489486694336
B,18,10,random_orth,200,0.0,0.9950000047683716,-5.612822532653809,-0.4331987798213959,3.0895841255540013,22.661489486694336
B,18,10,real_diff_in_helix_subspace,200,0.009999999776482582,0.9449999928474426,-5.274355411529541,-0.5485867857933044,4.136118327545488,22.661489486694336
B,18,10,full_swap,200,0.32999998331069946,0.5450000166893005,-3.0051357746124268,-1.8790104389190674,12.295831680297852,22.661489486694336
B,19,10,helix,200,0.0,1.0,-5.50282096862793,-0.4172200560569763,3.260370003458147,24.841899871826172
B,19,10,only_T2,200,0.0,1.0,-5.608621597290039,-0.43176791071891785,0.0,24.841899871826172
B,19,10,only_T5,200,0.0,1.0,-5.608621597290039,-0.43176791071891785,4.5969368307288e-15,24.841899871826172
B,19,10,only_T10,200,0.0,1.0,-5.608621597290039,-0.43176791071891785,2.4335277290092577e-15,24.841899871826172
B,19,10,only_T100,200,0.0,1.0,-5.563806056976318,-0.4231931269168854,2.891511154667175,24.841899871826172
B,19,10,only_lin,200,0.0,0.9950000047683716,-5.5518479347229,-0.42741531133651733,1.9308209969485501,24.841899871826172
B,19,10,random_orth,200,0.0,1.0,-5.613161087036133,-0.43102115392684937,3.260370003458147,24.841899871826172
B,19,10,real_diff_in_helix_subspace,200,0.004999999888241291,0.9950000047683716,-5.511836528778076,-0.4143599569797516,4.485926808994455,24.841899871826172
B,19,10,full_swap,200,0.004999999888241291,0.9699999690055847,-5.281700134277344,-0.4391036033630371,12.927535057067871,24.841899871826172
B,20,10,helix,200,0.0,1.0,-5.49941349029541,-0.41669291257858276,3.4543079027651094,26.824995040893555
B,20,10,only_T2,200,0.0,1.0,-5.608621597290039,-0.43176791071891785,0.0,26.824995040893555
B,20,10,only_T5,200,0.0,1.0,-5.608621597290039,-0.43176791071891785,4.8348950001942994e-15,26.824995040893555
B,20,10,only_T10,200,0.0,1.0,-5.608621597290039,-0.43176791071891785,2.563329037543313e-15,26.824995040893555
B,20,10,only_T100,200,0.0,1.0,-5.558056354522705,-0.42437970638275146,3.0697567533668724,26.824995040893555
B,20,10,only_lin,200,0.0,0.9950000047683716,-5.55039119720459,-0.4273016154766083,2.0419312450996223,26.824995040893555
B,20,10,random_orth,200,0.0,1.0,-5.612799167633057,-0.4321373701095581,3.4543079027651094,26.824995040893555
B,20,10,real_diff_in_helix_subspace,200,0.004999999888241291,0.9950000047683716,-5.5072526931762695,-0.413114994764328,4.785500712481147,26.824995040893555
B,20,10,full_swap,200,0.004999999888241291,0.9699999690055847,-5.2673540115356445,-0.4421061873435974,13.606354713439941,26.824995040893555
B,21,10,helix,200,0.0,1.0,-5.513916015625,-0.4170520305633545,3.6187751653291365,28.676713943481445
B,21,10,only_T2,200,0.0,1.0,-5.608621597290039,-0.43176791071891785,0.0,28.676713943481445
B,21,10,only_T5,200,0.0,1.0,-5.608621597290039,-0.43176791071891785,5.029402095396161e-15,28.676713943481445
B,21,10,only_T10,200,0.0,1.0,-5.608621597290039,-0.43176791071891785,2.7025529683680597e-15,28.676713943481445
B,21,10,only_T100,200,0.0,1.0,-5.566023826599121,-0.42541298270225525,3.2081655580368347,28.676713943481445
B,21,10,only_lin,200,0.0,1.0,-5.555919170379639,-0.42508161067962646,2.1526916672182423,28.676713943481445
B,21,10,random_orth,200,0.0,1.0,-5.6035590171813965,-0.43226900696754456,3.6187751653291365,28.676713943481445
B,21,10,real_diff_in_helix_subspace,200,0.0,1.0,-5.52378511428833,-0.41566649079322815,5.129469003856409,28.676713943481445
B,21,10,full_swap,200,0.0,0.9799999594688416,-5.38092041015625,-0.4249509274959564,14.2810697555542,28.676713943481445
B,22,10,helix,200,0.0,1.0,-5.508040428161621,-0.4166918098926544,3.783355856422767,30.777482986450195
B,22,10,only_T2,200,0.0,1.0,-5.608621597290039,-0.43176791071891785,0.0,30.777482986450195
B,22,10,only_T5,200,0.0,1.0,-5.608621597290039,-0.43176791071891785,5.249719077673455e-15,30.777482986450195
B,22,10,only_T10,200,0.0,1.0,-5.608621597290039,-0.43176791071891785,2.85061753648106e-15,30.777482986450195
B,22,10,only_T100,200,0.0,1.0,-5.564512252807617,-0.4249887466430664,3.3484056588229447,30.777482986450195
B,22,10,only_lin,200,0.0,1.0,-5.553674221038818,-0.42512214183807373,2.270924410729815,30.777482986450195
B,22,10,random_orth,200,0.0,1.0,-5.611086368560791,-0.43199244141578674,3.783355856422767,30.777482986450195
B,22,10,real_diff_in_helix_subspace,200,0.004999999888241291,0.9950000047683716,-5.5197062492370605,-0.4151545763015747,5.458095207095592,30.777482986450195
B,22,10,full_swap,200,0.0,0.9749999642372131,-5.388360500335693,-0.4250063896179199,14.966507911682129,30.777482986450195
B,23,10,helix,200,0.0,1.0,-5.600998878479004,-0.4275445342063904,3.946379661852623,32.574119567871094
B,23,10,only_T2,200,0.0,1.0,-5.608621597290039,-0.43176791071891785,0.0,32.574119567871094
B,23,10,only_T5,200,0.0,1.0,-5.608621597290039,-0.43176791071891785,5.496322922756216e-15,32.574119567871094
B,23,10,only_T10,200,0.0,1.0,-5.608621597290039,-0.43176791071891785,3.003938650002508e-15,32.574119567871094
B,23,10,only_T100,200,0.0,1.0,-5.61376953125,-0.4291481673717499,3.490495448359495,32.574119567871094
B,23,10,only_lin,200,0.0,1.0,-5.597262859344482,-0.43090251088142395,2.3725031349452097,32.574119567871094
B,23,10,random_orth,200,0.0,1.0,-5.611329078674316,-0.4320875406265259,3.946379661852623,32.574119567871094
B,23,10,real_diff_in_helix_subspace,200,0.0,1.0,-5.60528039932251,-0.43058791756629944,5.757370784165639,32.574119567871094
B,23,10,full_swap,200,0.004999999888241291,0.9950000047683716,-5.6370439529418945,-0.42450857162475586,15.664148330688477,32.574119567871094
B,24,10,helix,200,0.0,1.0,-5.59160041809082,-0.4266217350959778,4.095989208595332,33.95096969604492
B,24,10,only_T2,200,0.0,1.0,-5.608621597290039,-0.43176791071891785,0.0,33.95096969604492
B,24,10,only_T5,200,0.0,1.0,-5.608621597290039,-0.43176791071891785,5.692483612852379e-15,33.95096969604492
B,24,10,only_T10,200,0.0,1.0,-5.608621597290039,-0.43176791071891785,3.1216313825190896e-15,33.95096969604492
B,24,10,only_T100,200,0.0,1.0,-5.606216907501221,-0.4275941252708435,3.6139482801646237,33.95096969604492
B,24,10,only_lin,200,0.0,1.0,-5.590607166290283,-0.43097949028015137,2.48222598865431,33.95096969604492
B,24,10,random_orth,200,0.0,1.0,-5.60764217376709,-0.4322119951248169,4.095989208595332,33.95096969604492
B,24,10,real_diff_in_helix_subspace,200,0.0,1.0,-5.586681842803955,-0.4249589145183563,6.060341685466356,33.95096969604492
B,24,10,full_swap,200,0.0,0.9950000047683716,-5.563034534454346,-0.4319486916065216,16.273839950561523,33.95096969604492
B,25,10,helix,200,0.0,1.0,-5.593462944030762,-0.4270715117454529,4.2082554633494285,35.95036315917969
B,25,10,only_T2,200,0.0,1.0,-5.608621597290039,-0.43176791071891785,0.0,35.95036315917969
B,25,10,only_T5,200,0.0,1.0,-5.608621597290039,-0.43176791071891785,5.87547177720586e-15,35.95036315917969
B,25,10,only_T10,200,0.0,1.0,-5.608621597290039,-0.43176791071891785,3.2303826769018338e-15,35.95036315917969
B,25,10,only_T100,200,0.0,1.0,-5.608211517333984,-0.42768949270248413,3.703505962699146,35.95036315917969
B,25,10,only_lin,200,0.0,1.0,-5.592667579650879,-0.43066200613975525,2.585051217921198,35.95036315917969
B,25,10,random_orth,200,0.0,1.0,-5.607522010803223,-0.4313320815563202,4.2082554633494285,35.95036315917969
B,25,10,real_diff_in_helix_subspace,200,0.0,1.0,-5.589088439941406,-0.425282746553421,6.3345059401392465,35.95036315917969
B,25,10,full_swap,200,0.0,0.9950000047683716,-5.564539432525635,-0.43323883414268494,16.834199905395508,35.95036315917969
B,26,10,helix,200,0.0,1.0,-5.592520236968994,-0.4270150661468506,4.3252238783225625,37.63917922973633
B,26,10,only_T2,200,0.0,1.0,-5.608621597290039,-0.43176791071891785,0.0,37.63917922973633
B,26,10,only_T5,200,0.0,1.0,-5.608621597290039,-0.43176791071891785,6.029607070489184e-15,37.63917922973633
B,26,10,only_T10,200,0.0,1.0,-5.608621597290039,-0.43176791071891785,3.362026371862944e-15,37.63917922973633
B,26,10,only_T100,200,0.0,1.0,-5.607738018035889,-0.4278901517391205,3.7998066400290753,37.63917922973633
B,26,10,only_lin,200,0.0,1.0,-5.59450101852417,-0.4303402304649353,2.6890700337085307,37.63917922973633
B,26,10,random_orth,200,0.0,1.0,-5.60686731338501,-0.43188169598579407,4.325223878322563,37.63917922973633
B,26,10,real_diff_in_helix_subspace,200,0.0,1.0,-5.590625286102295,-0.42560529708862305,6.621947927651181,37.63917922973633
B,26,10,full_swap,200,0.0,0.9950000047683716,-5.564828395843506,-0.43313825130462646,17.397615432739258,37.63917922973633
B,27,10,helix,200,0.0,1.0,-5.600805759429932,-0.42732709646224976,4.404384676458092,39.263484954833984
B,27,10,only_T2,200,0.0,1.0,-5.608621597290039,-0.43176791071891785,0.0,39.263484954833984
B,27,10,only_T5,200,0.0,1.0,-5.608621597290039,-0.43176791071891785,6.146291588089444e-15,39.263484954833984
B,27,10,only_T10,200,0.0,1.0,-5.608621597290039,-0.43176791071891785,3.4204337363678485e-15,39.263484954833984
B,27,10,only_T100,200,0.0,1.0,-5.610079288482666,-0.4286710321903229,3.8627456548558827,39.263484954833984
B,27,10,only_lin,200,0.0,1.0,-5.601216793060303,-0.4302242696285248,2.7736859604325534,39.263484954833984
B,27,10,random_orth,200,0.0,1.0,-5.610698223114014,-0.4319228529930115,4.404384676458092,39.263484954833984
B,27,10,real_diff_in_helix_subspace,200,0.0,1.0,-5.601262092590332,-0.42616143822669983,6.7987557027819046,39.263484954833984
B,27,10,full_swap,200,0.0,1.0,-5.597702980041504,-0.42658308148384094,17.78062629699707,39.263484954833984
B,28,10,helix,200,0.0,1.0,-5.6017985343933105,-0.42774948477745056,4.475516355641916,42.27470779418945
B,28,10,only_T2,200,0.0,1.0,-5.608621597290039,-0.43176791071891785,0.0,42.27470779418945
B,28,10,only_T5,200,0.0,1.0,-5.608621597290039,-0.43176791071891785,6.26698591743661e-15,42.27470779418945
B,28,10,only_T10,200,0.0,1.0,-5.608621597290039,-0.43176791071891785,3.5434309343187175e-15,42.27470779418945
B,28,10,only_T100,200,0.0,1.0,-5.610602855682373,-0.4284851849079132,3.9207046816448896,42.27470779418945
B,28,10,only_lin,200,0.0,1.0,-5.600619792938232,-0.43093442916870117,2.851977451850315,42.27470779418945
B,28,10,random_orth,200,0.0,1.0,-5.606898784637451,-0.43281957507133484,4.475516355641916,42.27470779418945
B,28,10,real_diff_in_helix_subspace,200,0.0,1.0,-5.599908351898193,-0.4269498586654663,7.1709709332343845,42.27470779418945
B,28,10,full_swap,200,0.0,1.0,-5.599186420440674,-0.4278826117515564,18.3630313873291,42.27470779418945
B,29,10,helix,200,0.0,1.0,-5.605799198150635,-0.43145763874053955,4.596000197334489,51.50285339355469
B,29,10,only_T2,200,0.0,1.0,-5.608621597290039,-0.43176791071891785,0.0,51.50285339355469
B,29,10,only_T5,200,0.0,1.0,-5.608621597290039,-0.43176791071891785,6.4351161363552435e-15,51.50285339355469
B,29,10,only_T10,200,0.0,1.0,-5.608621597290039,-0.43176791071891785,3.718330298318294e-15,51.50285339355469
B,29,10,only_T100,200,0.0,1.0,-5.60923957824707,-0.4313690960407257,4.018405142468031,51.50285339355469
B,29,10,only_lin,200,0.0,1.0,-5.604554176330566,-0.4320659637451172,2.9660047706303914,51.50285339355469
B,29,10,random_orth,200,0.0,1.0,-5.609139442443848,-0.43213722109794617,4.596000197334489,51.50285339355469
B,29,10,real_diff_in_helix_subspace,200,0.0,1.0,-5.604233264923096,-0.43162620067596436,7.7971942841257995,51.50285339355469
B,29,10,full_swap,200,0.0,1.0,-5.605979919433594,-0.4313826560974121,19.235870361328125,51.50285339355469
B,30,10,helix,200,0.0,1.0,-5.606199264526367,-0.43274837732315063,4.732170533309565,64.09136962890625
B,30,10,only_T2,200,0.0,1.0,-5.608621597290039,-0.43176791071891785,0.0,64.09136962890625
B,30,10,only_T5,200,0.0,1.0,-5.608621597290039,-0.43176791071891785,6.631213129586632e-15,64.09136962890625
B,30,10,only_T10,200,0.0,1.0,-5.608621597290039,-0.43176791071891785,3.956724636771483e-15,64.09136962890625
B,30,10,only_T100,200,0.0,1.0,-5.610526084899902,-0.43185997009277344,4.127896131086654,64.09136962890625
B,30,10,only_lin,200,0.0,1.0,-5.605648040771484,-0.43294423818588257,3.1170935644011397,64.09136962890625
B,30,10,random_orth,200,0.0,1.0,-5.60683536529541,-0.43189147114753723,4.732170533309566,64.09136962890625
B,30,10,real_diff_in_helix_subspace,200,0.0,1.0,-5.606101989746094,-0.43253883719444275,8.510022921998344,64.09136962890625
B,30,10,full_swap,200,0.0,1.0,-5.606105327606201,-0.43280065059661865,20.142410278320312,64.09136962890625
B,31,10,helix,200,0.0,1.0,-5.608621597290039,-0.43176791071891785,4.969558037994019,79.34535217285156
B,31,10,only_T2,200,0.0,1.0,-5.608621597290039,-0.43176791071891785,0.0,79.34535217285156
B,31,10,only_T5,200,0.0,1.0,-5.608621597290039,-0.43176791071891785,6.95123669644644e-15,79.34535217285156
B,31,10,only_T10,200,0.0,1.0,-5.608621597290039,-0.43176791071891785,4.14856306211115e-15,79.34535217285156
B,31,10,only_T100,200,0.0,1.0,-5.608621597290039,-0.43176791071891785,4.239710223019907,79.34535217285156
B,31,10,only_lin,200,0.0,1.0,-5.608621597290039,-0.43176791071891785,3.442000821485577,79.34535217285156
B,31,10,random_orth,200,0.0,1.0,-5.608621597290039,-0.43176791071891785,4.969558037994019,79.34535217285156
B,31,10,real_diff_in_helix_subspace,200,0.0,1.0,-5.608621597290039,-0.43176791071891785,9.301432563132877,79.34535217285156
B,31,10,full_swap,200,0.0,1.0,-5.608621597290039,-0.43176791071891785,21.1002197265625,79.34535217285156
B,0,20,helix,200,0.04999999701976776,0.6449999809265137,-5.035243034362793,-1.2430225610733032,1.6861018696323788,3.377872943878174
B,0,20,only_T2,200,0.0,0.9899999499320984,-7.8246750831604,-0.41269972920417786,0.0,3.377872943878174
B,0,20,only_T5,200,0.0,0.9899999499320984,-7.8246750831604,-0.41269972920417786,2.0127657813768882e-15,3.377872943878174
B,0,20,only_T10,200,0.0,0.9899999499320984,-7.8246750831604,-0.41269972920417786,1.0060726310516513e-15,3.377872943878174
B,0,20,only_T100,200,0.03999999910593033,0.699999988079071,-5.826085090637207,-1.3195289373397827,1.682616060556447,3.377872943878174
B,0,20,only_lin,200,0.0,0.9799999594688416,-7.508798122406006,-0.3210609257221222,0.9447860660834148,3.377872943878174
B,0,20,random_orth,200,0.0,0.9799999594688416,-7.741211414337158,-0.43054938316345215,1.6861018696323788,3.377872943878174
B,0,20,real_diff_in_helix_subspace,200,0.04999999701976776,0.6399999856948853,-4.775088787078857,-1.4849611520767212,1.8529745428997466,3.377872943878174
B,0,20,full_swap,200,0.824999988079071,0.02499999850988388,-0.7360756993293762,-6.082408428192139,4.351099967956543,3.377872943878174
B,1,20,helix,200,0.044999998062849045,0.6899999976158142,-5.103145599365234,-1.198660135269165,1.7497058315282852,3.696382761001587
B,1,20,only_T2,200,0.0,0.9899999499320984,-7.8246750831604,-0.41269972920417786,0.0,3.696382761001587
B,1,20,only_T5,200,0.0,0.9899999499320984,-7.8246750831604,-0.41269972920417786,2.001310285994827e-15,3.696382761001587
B,1,20,only_T10,200,0.0,0.9899999499320984,-7.8246750831604,-0.41269972920417786,9.984582373037552e-16,3.696382761001587
B,1,20,only_T100,200,0.03500000014901161,0.7049999833106995,-5.918248176574707,-1.2974940538406372,1.723205777849137,3.696382761001587
B,1,20,only_lin,200,0.0,0.9649999737739563,-7.4601640701293945,-0.33357566595077515,1.002613493316833,3.696382761001587
B,1,20,random_orth,200,0.0,0.9699999690055847,-7.759385108947754,-0.4445474147796631,1.7497058315282852,3.696382761001587
B,1,20,real_diff_in_helix_subspace,200,0.044999998062849045,0.6499999761581421,-4.8887505531311035,-1.420033574104309,1.8945968039837453,3.696382761001587
B,1,20,full_swap,200,0.8299999833106995,0.02499999850988388,-0.74443519115448,-6.052233695983887,4.332085132598877,3.696382761001587
B,2,20,helix,200,0.03999999910593033,0.7049999833106995,-5.136187553405762,-1.1686521768569946,1.8687176938615984,4.455533504486084
B,2,20,only_T2,200,0.0,0.9899999499320984,-7.8246750831604,-0.41269972920417786,0.0,4.455533504486084
B,2,20,only_T5,200,0.0,0.9899999499320984,-7.8246750831604,-0.41269972920417786,2.1090033349285863e-15,4.455533504486084
B,2,20,only_T10,200,0.0,0.9899999499320984,-7.8246750831604,-0.41269972920417786,1.062284351542331e-15,4.455533504486084
B,2,20,only_T100,200,0.03999999910593033,0.699999988079071,-5.94262170791626,-1.29387629032135,1.829571549855135,4.455533504486084
B,2,20,only_lin,200,0.0,0.9649999737739563,-7.447721004486084,-0.332334965467453,1.0812909243264768,4.455533504486084
B,2,20,random_orth,200,0.0,0.98499995470047,-7.771177768707275,-0.42466843128204346,1.8687176938615984,4.455533504486084
B,2,20,real_diff_in_helix_subspace,200,0.03999999910593033,0.6599999666213989,-4.8979997634887695,-1.386311650276184,2.004406224338953,4.455533504486084
B,2,20,full_swap,200,0.8299999833106995,0.019999999552965164,-0.7551041841506958,-6.035123825073242,4.531012058258057,4.455533504486084
B,3,20,helix,200,0.044999998062849045,0.699999988079071,-5.141490936279297,-1.1727157831192017,2.0137933116247884,5.0577921867370605
B,3,20,only_T2,200,0.0,0.9899999499320984,-7.8246750831604,-0.41269972920417786,0.0,5.0577921867370605
B,3,20,only_T5,200,0.0,0.9899999499320984,-7.8246750831604,-0.41269972920417786,2.2959472700901473e-15,5.0577921867370605
B,3,20,only_T10,200,0.0,0.9899999499320984,-7.8246750831604,-0.41269972920417786,1.146758891370117e-15,5.0577921867370605
B,3,20,only_T100,200,0.03999999910593033,0.699999988079071,-5.93401575088501,-1.3017841577529907,1.9411480860955037,5.0577921867370605
B,3,20,only_lin,200,0.0,0.9599999785423279,-7.422680377960205,-0.3433280885219574,1.1997505815916172,5.0577921867370605
B,3,20,random_orth,200,0.0,0.9799999594688416,-7.743307113647461,-0.4398358166217804,2.0137933116247884,5.0577921867370605
B,3,20,real_diff_in_helix_subspace,200,0.04999999701976776,0.6399999856948853,-4.867724418640137,-1.412743330001831,2.1478869516937835,5.0577921867370605
B,3,20,full_swap,200,0.824999988079071,0.019999999552965164,-0.7582132816314697,-6.027390003204346,4.734333515167236,5.0577921867370605
B,4,20,helix,200,0.03999999910593033,0.6949999928474426,-5.1812944412231445,-1.1762216091156006,2.278440085897863,6.1744303703308105
B,4,20,only_T2,200,0.0,0.9899999499320984,-7.8246750831604,-0.41269972920417786,0.0,6.1744303703308105
B,4,20,only_T5,200,0.0,0.9899999499320984,-7.8246750831604,-0.41269972920417786,2.4856032780416388e-15,6.1744303703308105
B,4,20,only_T10,200,0.0,0.9899999499320984,-7.8246750831604,-0.41269972920417786,1.2505431617785834e-15,6.1744303703308105
B,4,20,only_T100,200,0.03999999910593033,0.699999988079071,-5.96873140335083,-1.3365497589111328,2.1664936611492176,6.1744303703308105
B,4,20,only_lin,200,0.0,0.9649999737739563,-7.407737731933594,-0.3462700843811035,1.3507117672199813,6.1744303703308105
B,4,20,random_orth,200,0.0,0.9649999737739563,-7.748433589935303,-0.455515056848526,2.278440085897863,6.1744303703308105
B,4,20,real_diff_in_helix_subspace,200,0.04999999701976776,0.6449999809265137,-4.898809909820557,-1.4145641326904297,2.40857039776522,6.1744303703308105
B,4,20,full_swap,200,0.8149999976158142,0.029999999329447746,-0.7693804502487183,-5.9928879737854,5.224878311157227,6.1744303703308105
B,5,20,helix,200,0.03999999910593033,0.7099999785423279,-5.182624340057373,-1.1806840896606445,2.5289388239688013,7.04702615737915
B,5,20,only_T2,200,0.0,0.9899999499320984,-7.8246750831604,-0.41269972920417786,0.0,7.04702615737915
B,5,20,only_T5,200,0.0,0.9899999499320984,-7.8246750831604,-0.41269972920417786,2.6906661742818746e-15,7.04702615737915
B,5,20,only_T10,200,0.0,0.9899999499320984,-7.8246750831604,-0.41269972920417786,1.3603557969908814e-15,7.04702615737915
B,5,20,only_T100,200,0.03500000014901161,0.6850000023841858,-5.9919962882995605,-1.3669631481170654,2.392715529022193,7.04702615737915
B,5,20,only_lin,200,0.0,0.9549999833106995,-7.33401346206665,-0.36587974429130554,1.5025400395927826,7.04702615737915
B,5,20,random_orth,200,0.0,0.9899999499320984,-7.772043228149414,-0.41890230774879456,2.5289388239688018,7.04702615737915
B,5,20,real_diff_in_helix_subspace,200,0.05999999865889549,0.6299999952316284,-4.920200824737549,-1.457781434059143,2.6541944688242918,7.04702615737915
B,5,20,full_swap,200,0.8149999976158142,0.029999999329447746,-0.7841375470161438,-5.97097110748291,5.740462779998779,7.04702615737915
B,6,20,helix,200,0.03999999910593033,0.7199999690055847,-5.170000076293945,-1.17307448387146,2.766301695682725,8.321356773376465
B,6,20,only_T2,200,0.0,0.9899999499320984,-7.8246750831604,-0.41269972920417786,0.0,8.321356773376465
B,6,20,only_T5,200,0.0,0.9899999499320984,-7.8246750831604,-0.41269972920417786,2.883068387513497e-15,8.321356773376465
B,6,20,only_T10,200,0.0,0.9899999499320984,-7.8246750831604,-0.41269972920417786,1.44638411990006e-15,8.321356773376465
B,6,20,only_T100,200,0.03500000014901161,0.6899999976158142,-6.04094123840332,-1.3896456956863403,2.5750071334482114,8.321356773376465
B,6,20,only_lin,200,0.0,0.9549999833106995,-7.270172595977783,-0.3718334138393402,1.680070085087813,8.321356773376465
B,6,20,random_orth,200,0.0,0.9799999594688416,-7.762391090393066,-0.42472776770591736,2.766301695682725,8.321356773376465
B,6,20,real_diff_in_helix_subspace,200,0.06499999761581421,0.6150000095367432,-4.894405841827393,-1.52358877658844,2.8938388623880202,8.321356773376465
B,6,20,full_swap,200,0.8199999928474426,0.02499999850988388,-0.7795931696891785,-5.970822811126709,6.182611465454102,8.321356773376465
B,7,20,helix,200,0.044999998062849045,0.7199999690055847,-5.156827926635742,-1.1880484819412231,2.9380691969666675,9.085058212280273
B,7,20,only_T2,200,0.0,0.9899999499320984,-7.8246750831604,-0.41269972920417786,0.0,9.085058212280273
B,7,20,only_T5,200,0.0,0.9899999499320984,-7.8246750831604,-0.41269972920417786,3.007860556079892e-15,9.085058212280273
B,7,20,only_T10,200,0.0,0.9899999499320984,-7.8246750831604,-0.41269972920417786,1.5215881093455847e-15,9.085058212280273
B,7,20,only_T100,200,0.03500000014901161,0.6899999976158142,-6.042020320892334,-1.4100011587142944,2.7238571850311173,9.085058212280273
B,7,20,only_lin,200,0.0,0.9549999833106995,-7.232574462890625,-0.38132917881011963,1.782203734174784,9.085058212280273
B,7,20,random_orth,200,0.0,0.9899999499320984,-7.775929927825928,-0.4311939775943756,2.9380691969666675,9.085058212280273
B,7,20,real_diff_in_helix_subspace,200,0.06499999761581421,0.6100000143051147,-4.929037570953369,-1.5939631462097168,3.0829838729318864,9.085058212280273
B,7,20,full_swap,200,0.8100000023841858,0.02499999850988388,-0.7835448980331421,-5.954825401306152,6.553740978240967,9.085058212280273
B,8,20,helix,200,0.03999999910593033,0.7199999690055847,-5.236364841461182,-1.1580758094787598,3.1164513660041933,10.194314002990723
B,8,20,only_T2,200,0.0,0.9899999499320984,-7.8246750831604,-0.41269972920417786,0.0,10.194314002990723
B,8,20,only_T5,200,0.0,0.9899999499320984,-7.8246750831604,-0.41269972920417786,3.1515093725448605e-15,10.194314002990723
B,8,20,only_T10,200,0.0,0.9899999499320984,-7.8246750831604,-0.41269972920417786,1.6028950536410303e-15,10.194314002990723
B,8,20,only_T100,200,0.03500000014901161,0.6899999976158142,-6.06756067276001,-1.3844513893127441,2.8836972551509246,10.194314002990723
B,8,20,only_lin,200,0.0,0.949999988079071,-7.238802433013916,-0.3775661289691925,1.9146715601818605,10.194314002990723
B,8,20,random_orth,200,0.0,0.9649999737739563,-7.805680751800537,-0.43643680214881897,3.116451366004193,10.194314002990723
B,8,20,real_diff_in_helix_subspace,200,0.06499999761581421,0.6349999904632568,-5.071183204650879,-1.5859549045562744,3.278584319310162,10.194314002990723
B,8,20,full_swap,200,0.8100000023841858,0.02499999850988388,-0.8052146434783936,-5.922554969787598,7.0139851570129395,10.194314002990723
B,9,20,helix,200,0.03999999910593033,0.7149999737739563,-5.231459140777588,-1.1631393432617188,3.192201211663019,11.193570137023926
B,9,20,only_T2,200,0.0,0.9899999499320984,-7.8246750831604,-0.41269972920417786,0.0,11.193570137023926
B,9,20,only_T5,200,0.0,0.9899999499320984,-7.8246750831604,-0.41269972920417786,3.2392586970032743e-15,11.193570137023926
B,9,20,only_T10,200,0.0,0.9899999499320984,-7.8246750831604,-0.41269972920417786,1.6458296090218496e-15,11.193570137023926
B,9,20,only_T100,200,0.029999999329447746,0.6899999976158142,-6.055964946746826,-1.3876816034317017,2.9524062626810017,11.193570137023926
B,9,20,only_lin,200,0.0,0.949999988079071,-7.230937480926514,-0.383034348487854,1.9755529333356032,11.193570137023926
B,9,20,random_orth,200,0.0,0.98499995470047,-7.805987358093262,-0.42122682929039,3.192201211663019,11.193570137023926
B,9,20,real_diff_in_helix_subspace,200,0.05999999865889549,0.6150000095367432,-5.107741355895996,-1.6338602304458618,3.3648941651145474,11.193570137023926
B,9,20,full_swap,200,0.8199999928474426,0.02499999850988388,-0.7943373918533325,-5.947585105895996,7.253213882446289,11.193570137023926
B,10,20,helix,200,0.03999999910593033,0.7049999833106995,-5.1830644607543945,-1.1840981245040894,3.3156247404674817,11.747048377990723
B,10,20,only_T2,200,0.0,0.9899999499320984,-7.8246750831604,-0.41269972920417786,0.0,11.747048377990723
B,10,20,only_T5,200,0.0,0.9899999499320984,-7.8246750831604,-0.41269972920417786,3.4214101930304613e-15,11.747048377990723
B,10,20,only_T10,200,0.0,0.9899999499320984,-7.8246750831604,-0.41269972920417786,1.782879419823704e-15,11.747048377990723
B,10,20,only_T100,200,0.02499999850988388,0.675000011920929,-6.041835784912109,-1.4002496004104614,3.0563414064791026,11.747048377990723
B,10,20,only_lin,200,0.0,0.9549999833106995,-7.198274612426758,-0.3897194266319275,2.058452363300649,11.747048377990723
B,10,20,random_orth,200,0.0,0.9749999642372131,-7.8013739585876465,-0.4235079884529114,3.3156247404674817,11.747048377990723
B,10,20,real_diff_in_helix_subspace,200,0.04999999701976776,0.6100000143051147,-5.085561275482178,-1.6467623710632324,3.5168203758863608,11.747048377990723
B,10,20,full_swap,200,0.8149999976158142,0.02499999850988388,-0.7952648997306824,-5.943732261657715,7.632419586181641,11.747048377990723
B,11,20,helix,200,0.03500000014901161,0.73499995470047,-5.293101787567139,-1.1172071695327759,3.4660852029371254,12.773833274841309
B,11,20,only_T2,200,0.0,0.9899999499320984,-7.8246750831604,-0.41269972920417786,0.0,12.773833274841309
B,11,20,only_T5,200,0.0,0.9899999499320984,-7.8246750831604,-0.41269972920417786,3.726652078168713e-15,12.773833274841309
B,11,20,only_T10,200,0.0,0.9899999499320984,-7.8246750831604,-0.41269972920417786,1.9560544823827614e-15,12.773833274841309
B,11,20,only_T100,200,0.029999999329447746,0.6850000023841858,-6.108675479888916,-1.3643462657928467,3.1804767188066267,12.773833274841309
B,11,20,only_lin,200,0.0,0.9399999976158142,-7.164938926696777,-0.4086263179779053,2.18698417324724,12.773833274841309
B,11,20,random_orth,200,0.0,0.9699999690055847,-7.828953742980957,-0.4326688349246979,3.4660852029371254,12.773833274841309
B,11,20,real_diff_in_helix_subspace,200,0.044999998062849045,0.6349999904632568,-5.217815399169922,-1.5942596197128296,3.7059723320198885,12.773833274841309
B,11,20,full_swap,200,0.7599999904632568,0.02499999850988388,-0.9385796785354614,-5.64771032333374,8.030730247497559,12.773833274841309
B,12,20,helix,200,0.029999999329447746,0.7849999666213989,-5.730871677398682,-0.9237625598907471,3.6069372105182436,13.547581672668457
B,12,20,only_T2,200,0.0,0.9899999499320984,-7.8246750831604,-0.41269972920417786,0.0,13.547581672668457
B,12,20,only_T5,200,0.0,0.9899999499320984,-7.8246750831604,-0.41269972920417786,4.171253701053124e-15,13.547581672668457
B,12,20,only_T10,200,0.0,0.9899999499320984,-7.8246750831604,-0.41269972920417786,2.18938792207498e-15,13.547581672668457
B,12,20,only_T100,200,0.019999999552965164,0.7299999594688416,-6.283505916595459,-1.1653553247451782,3.319435888941749,13.547581672668457
B,12,20,only_lin,200,0.0,0.9449999928474426,-7.332345008850098,-0.3905346691608429,2.3144347769524996,13.547581672668457
B,12,20,random_orth,200,0.0,0.98499995470047,-7.816967010498047,-0.4165022075176239,3.6069372105182436,13.547581672668457
B,12,20,real_diff_in_helix_subspace,200,0.019999999552965164,0.7299999594688416,-5.612250328063965,-1.1854755878448486,3.879226498218513,13.547581672668457
B,12,20,full_swap,200,0.6049999594688416,0.1550000011920929,-1.5760787725448608,-4.708168983459473,8.531805038452148,13.547581672668457
B,13,20,helix,200,0.029999999329447746,0.7999999523162842,-5.889616012573242,-0.884141206741333,3.879678482397677,14.451105117797852
B,13,20,only_T2,200,0.0,0.9899999499320984,-7.8246750831604,-0.41269972920417786,0.0,14.451105117797852
B,13,20,only_T5,200,0.0,0.9899999499320984,-7.8246750831604,-0.41269972920417786,4.498433871878526e-15,14.451105117797852
B,13,20,only_T10,200,0.0,0.9899999499320984,-7.8246750831604,-0.41269972920417786,2.4011863350829114e-15,14.451105117797852
B,13,20,only_T100,200,0.019999999552965164,0.7400000095367432,-6.380256175994873,-1.1354928016662598,3.5553311845718953,14.451105117797852
B,13,20,only_lin,200,0.0,0.9599999785423279,-7.359235763549805,-0.38692161440849304,2.530816410479973,14.451105117797852
B,13,20,random_orth,200,0.0,0.9950000047683716,-7.817221641540527,-0.41561275720596313,3.879678482397677,14.451105117797852
B,13,20,real_diff_in_helix_subspace,200,0.019999999552965164,0.75,-5.733669757843018,-1.1030312776565552,4.245701952933439,14.451105117797852
B,13,20,full_swap,200,0.5249999761581421,0.2149999886751175,-1.9655622243881226,-4.1536126136779785,9.135405540466309,14.451105117797852
B,14,20,helix,200,0.019999999552965164,0.8650000095367432,-6.273209095001221,-0.7326505780220032,4.022215144464156,15.972089767456055
B,14,20,only_T2,200,0.0,0.9899999499320984,-7.8246750831604,-0.41269972920417786,0.0,15.972089767456055
B,14,20,only_T5,200,0.0,0.9899999499320984,-7.8246750831604,-0.41269972920417786,4.673996272414785e-15,15.972089767456055
B,14,20,only_T10,200,0.0,0.9899999499320984,-7.8246750831604,-0.41269972920417786,2.495733573134755e-15,15.972089767456055
B,14,20,only_T100,200,0.019999999552965164,0.7899999618530273,-6.723979473114014,-0.8595143556594849,3.6703506772823005,15.972089767456055
B,14,20,only_lin,200,0.0,0.9549999833106995,-7.366042137145996,-0.4025161564350128,2.6811350632007374,15.972089767456055
B,14,20,random_orth,200,0.0,0.98499995470047,-7.814828872680664,-0.41723811626434326,4.022215144464156,15.972089767456055
B,14,20,real_diff_in_helix_subspace,200,0.02499999850988388,0.7949999570846558,-6.257211208343506,-0.8865633010864258,4.461668008486162,15.972089767456055
B,14,20,full_swap,200,0.3999999761581421,0.3700000047683716,-3.1284914016723633,-3.2024552822113037,9.512385368347168,15.972089767456055
B,15,20,helix,200,0.019999999552965164,0.8650000095367432,-6.279351711273193,-0.7179449796676636,4.499424603905387,17.28034782409668
B,15,20,only_T2,200,0.0,0.9899999499320984,-7.8246750831604,-0.41269972920417786,0.0,17.28034782409668
B,15,20,only_T5,200,0.0,0.9899999499320984,-7.8246750831604,-0.41269972920417786,5.093838604478699e-15,17.28034782409668
B,15,20,only_T10,200,0.0,0.9899999499320984,-7.8246750831604,-0.41269972920417786,2.6446201384208755e-15,17.28034782409668
B,15,20,only_T100,200,0.02499999850988388,0.7949999570846558,-6.691147804260254,-0.8641584515571594,4.113136572388877,17.28034782409668
B,15,20,only_lin,200,0.0,0.9599999785423279,-7.370237350463867,-0.3958576023578644,2.9236564191174574,17.28034782409668
B,15,20,random_orth,200,0.0,0.9749999642372131,-7.846347332000732,-0.4168050289154053,4.499424603905387,17.28034782409668
B,15,20,real_diff_in_helix_subspace,200,0.014999999664723873,0.7999999523162842,-6.262308120727539,-0.8902936577796936,5.014195439541148,17.28034782409668
B,15,20,full_swap,200,0.38499999046325684,0.39499998092651367,-3.2432146072387695,-3.1240856647491455,10.24682331085205,17.28034782409668
B,16,20,helix,200,0.014999999664723873,0.85999995470047,-6.427779197692871,-0.7036370038986206,4.996417482647736,19.20738983154297
B,16,20,only_T2,200,0.0,0.9899999499320984,-7.8246750831604,-0.41269972920417786,0.0,19.20738983154297
B,16,20,only_T5,200,0.0,0.9899999499320984,-7.8246750831604,-0.41269972920417786,5.794586280796379e-15,19.20738983154297
B,16,20,only_T10,200,0.0,0.9899999499320984,-7.8246750831604,-0.41269972920417786,3.036192011612595e-15,19.20738983154297
B,16,20,only_T100,200,0.02499999850988388,0.8199999928474426,-6.758440971374512,-0.8426419496536255,4.5833792592638325,19.20738983154297
B,16,20,only_lin,200,0.0,0.9649999737739563,-7.368282318115234,-0.40498366951942444,3.2276104770700895,19.20738983154297
B,16,20,random_orth,200,0.0,0.9899999499320984,-7.823801517486572,-0.4112195372581482,4.996417482647736,19.20738983154297
B,16,20,real_diff_in_helix_subspace,200,0.02499999850988388,0.7849999666213989,-6.421095848083496,-0.9104059934616089,5.6056519032818,19.20738983154297
B,16,20,full_swap,200,0.375,0.3999999761581421,-3.558440685272217,-2.9611940383911133,11.44974136352539,19.20738983154297
B,17,20,helix,200,0.009999999776482582,0.875,-6.686376094818115,-0.5872464776039124,5.344353210917247,21.059358596801758
B,17,20,only_T2,200,0.0,0.9899999499320984,-7.8246750831604,-0.41269972920417786,0.0,21.059358596801758
B,17,20,only_T5,200,0.0,0.9899999499320984,-7.8246750831604,-0.41269972920417786,6.155477451574133e-15,21.059358596801758
B,17,20,only_T10,200,0.0,0.9899999499320984,-7.8246750831604,-0.41269972920417786,3.261260933945304e-15,21.059358596801758
B,17,20,only_T100,200,0.004999999888241291,0.8899999856948853,-7.025554180145264,-0.6495283842086792,4.892296618825744,21.059358596801758
B,17,20,only_lin,200,0.0,0.9749999642372131,-7.400544166564941,-0.400545597076416,3.4301713019370665,21.059358596801758
B,17,20,random_orth,200,0.0,0.98499995470047,-7.835020542144775,-0.4137488901615143,5.344353210917247,21.059358596801758
B,17,20,real_diff_in_helix_subspace,200,0.004999999888241291,0.8650000095367432,-6.679378032684326,-0.6803747415542603,6.03162127346249,21.059358596801758
B,17,20,full_swap,200,0.23499999940395355,0.5149999856948853,-4.254556179046631,-2.202749252319336,12.2014741897583,21.059358596801758
B,18,20,helix,200,0.0,0.9199999570846558,-6.903449535369873,-0.5422706007957458,5.596562878349824,22.61138153076172
B,18,20,only_T2,200,0.0,0.9899999499320984,-7.8246750831604,-0.41269972920417786,0.0,22.61138153076172
B,18,20,only_T5,200,0.0,0.9899999499320984,-7.8246750831604,-0.41269972920417786,6.47438960690134e-15,22.61138153076172
B,18,20,only_T10,200,0.0,0.9899999499320984,-7.8246750831604,-0.41269972920417786,3.4356595659284427e-15,22.61138153076172
B,18,20,only_T100,200,0.004999999888241291,0.9249999523162842,-7.148123741149902,-0.5810654163360596,5.111953957904893,22.61138153076172
B,18,20,only_lin,200,0.0,0.9749999642372131,-7.50477933883667,-0.4156528115272522,3.6100038672411894,22.61138153076172
B,18,20,random_orth,200,0.0,0.9899999499320984,-7.827322959899902,-0.411930114030838,5.596562878349824,22.61138153076172
B,18,20,real_diff_in_helix_subspace,200,0.004999999888241291,0.8999999761581421,-6.913990497589111,-0.598418116569519,6.3773578263645,22.61138153076172
B,18,20,full_swap,200,0.17999999225139618,0.5949999690055847,-4.681723117828369,-1.7557392120361328,12.885993957519531,22.61138153076172
B,19,20,helix,200,0.0,0.9899999499320984,-7.594855308532715,-0.3778228759765625,5.899424917370511,24.822538375854492
B,19,20,only_T2,200,0.0,0.9899999499320984,-7.8246750831604,-0.41269972920417786,0.0,24.822538375854492
B,19,20,only_T5,200,0.0,0.9899999499320984,-7.8246750831604,-0.41269972920417786,6.8672185626927434e-15,24.822538375854492
B,19,20,only_T10,200,0.0,0.9899999499320984,-7.8246750831604,-0.41269972920417786,3.64184430028835e-15,24.822538375854492
B,19,20,only_T100,200,0.0,0.9950000047683716,-7.7783379554748535,-0.3882550597190857,5.357634654798083,24.822538375854492
B,19,20,only_lin,200,0.0,0.9899999499320984,-7.644583702087402,-0.40712738037109375,3.8616419938970994,24.822538375854492
B,19,20,random_orth,200,0.0,0.9950000047683716,-7.831471920013428,-0.411451131105423,5.899424917370511,24.822538375854492
B,19,20,real_diff_in_helix_subspace,200,0.0,0.98499995470047,-7.587703227996826,-0.3749348223209381,6.790700004191192,24.822538375854492
B,19,20,full_swap,200,0.0,0.98499995470047,-7.431105613708496,-0.3740617632865906,13.597128868103027,24.822538375854492
B,20,20,helix,200,0.0,0.98499995470047,-7.584466457366943,-0.3770235776901245,6.248184352998423,26.793676376342773
B,20,20,only_T2,200,0.0,0.9899999499320984,-7.8246750831604,-0.41269972920417786,0.0,26.793676376342773
B,20,20,only_T5,200,0.0,0.9899999499320984,-7.8246750831604,-0.41269972920417786,7.219631477796377e-15,26.793676376342773
B,20,20,only_T10,200,0.0,0.9899999499320984,-7.8246750831604,-0.41269972920417786,3.833790471227674e-15,26.793676376342773
B,20,20,only_T100,200,0.0,0.9899999499320984,-7.76900577545166,-0.38974806666374207,5.688229623709866,26.793676376342773
B,20,20,only_lin,200,0.0,0.9950000047683716,-7.640657901763916,-0.40575796365737915,4.083862490199245,26.793676376342773
B,20,20,random_orth,200,0.0,0.9899999499320984,-7.82597017288208,-0.4111141860485077,6.248184352998423,26.793676376342773
B,20,20,real_diff_in_helix_subspace,200,0.0,0.9799999594688416,-7.576784610748291,-0.3745082914829254,7.224651905357397,26.793676376342773
B,20,20,full_swap,200,0.0,0.98499995470047,-7.413951873779297,-0.3763573467731476,14.360224723815918,26.793676376342773
B,21,20,helix,200,0.0,0.98499995470047,-7.633531093597412,-0.37705355882644653,6.544103130662824,28.65998077392578
B,21,20,only_T2,200,0.0,0.9899999499320984,-7.8246750831604,-0.41269972920417786,0.0,28.65998077392578
B,21,20,only_T5,200,0.0,0.9899999499320984,-7.8246750831604,-0.41269972920417786,7.509805109663645e-15,28.65998077392578
B,21,20,only_T10,200,0.0,0.9899999499320984,-7.8246750831604,-0.41269972920417786,4.03889635772913e-15,28.65998077392578
B,21,20,only_T100,200,0.0,0.9899999499320984,-7.784095287322998,-0.39007842540740967,5.941561213932634,28.65998077392578
B,21,20,only_lin,200,0.0,0.9950000047683716,-7.667112827301025,-0.4039960503578186,4.305383334436485,28.65998077392578
B,21,20,random_orth,200,0.0,0.9899999499320984,-7.82815408706665,-0.41227492690086365,6.544103130662824,28.65998077392578
B,21,20,real_diff_in_helix_subspace,200,0.0,0.9950000047683716,-7.623225688934326,-0.37569862604141235,7.643611471732108,28.65998077392578
B,21,20,full_swap,200,0.0,0.9899999499320984,-7.518045425415039,-0.3669097423553467,15.073688507080078,28.65998077392578
B,22,20,helix,200,0.0,0.9899999499320984,-7.627325057983398,-0.375304639339447,6.835174752181295,30.75778579711914
B,22,20,only_T2,200,0.0,0.9899999499320984,-7.8246750831604,-0.41269972920417786,0.0,30.75778579711914
B,22,20,only_T5,200,0.0,0.9899999499320984,-7.8246750831604,-0.41269972920417786,7.837923820120189e-15,30.75778579711914
B,22,20,only_T10,200,0.0,0.9899999499320984,-7.8246750831604,-0.41269972920417786,4.258725093486046e-15,30.75778579711914
B,22,20,only_T100,200,0.0,0.9899999499320984,-7.774843692779541,-0.3892555832862854,6.198356357616438,30.75778579711914
B,22,20,only_lin,200,0.0,0.9950000047683716,-7.667372703552246,-0.4029214382171631,4.54184882145963,30.75778579711914
B,22,20,random_orth,200,0.0,0.9950000047683716,-7.828675746917725,-0.4101454019546509,6.835174752181295,30.75778579711914
B,22,20,real_diff_in_helix_subspace,200,0.0,0.9950000047683716,-7.614107608795166,-0.37462928891181946,8.055649334182048,30.75778579711914
B,22,20,full_swap,200,0.0,0.9899999499320984,-7.513298034667969,-0.3669903576374054,15.809980392456055,30.75778579711914
B,23,20,helix,200,0.0,0.9899999499320984,-7.815796375274658,-0.4063359797000885,7.1324085045735135,32.536231994628906
B,23,20,only_T2,200,0.0,0.9899999499320984,-7.8246750831604,-0.41269972920417786,0.0,32.536231994628906
B,23,20,only_T5,200,0.0,0.9899999499320984,-7.8246750831604,-0.41269972920417786,8.204884270403307e-15,32.536231994628906
B,23,20,only_T10,200,0.0,0.9899999499320984,-7.8246750831604,-0.41269972920417786,4.484289960770477e-15,32.536231994628906
B,23,20,only_T100,200,0.0,0.9899999499320984,-7.848474025726318,-0.4063376486301422,6.4630403457384,32.536231994628906
B,23,20,only_lin,200,0.0,0.9899999499320984,-7.7893524169921875,-0.41329580545425415,4.745006269890419,32.536231994628906
B,23,20,random_orth,200,0.0,0.9899999499320984,-7.823290824890137,-0.4128715395927429,7.1324085045735135,32.536231994628906
B,23,20,real_diff_in_helix_subspace,200,0.0,0.9899999499320984,-7.816982269287109,-0.40678030252456665,8.466920706605226,32.536231994628906
B,23,20,full_swap,200,0.0,0.9899999499320984,-7.81491231918335,-0.400289386510849,16.562955856323242,32.536231994628906
B,24,20,helix,200,0.0,1.0,-7.783964157104492,-0.40257352590560913,7.399571077653485,33.900238037109375
B,24,20,only_T2,200,0.0,0.9899999499320984,-7.8246750831604,-0.41269972920417786,0.0,33.900238037109375
B,24,20,only_T5,200,0.0,0.9899999499320984,-7.8246750831604,-0.41269972920417786,8.493900975812087e-15,33.900238037109375
B,24,20,only_T10,200,0.0,0.9899999499320984,-7.8246750831604,-0.41269972920417786,4.65686493053346e-15,33.900238037109375
B,24,20,only_T100,200,0.0,0.9950000047683716,-7.834638595581055,-0.4047662019729614,6.6895281377173,33.900238037109375
B,24,20,only_lin,200,0.0,1.0,-7.773316383361816,-0.4108501374721527,4.96445197730862,33.900238037109375
B,24,20,random_orth,200,0.0,0.9950000047683716,-7.826670169830322,-0.4120214283466339,7.399571077653485,33.900238037109375
B,24,20,real_diff_in_helix_subspace,200,0.0,0.9950000047683716,-7.778721809387207,-0.40162959694862366,8.834717037377548,33.900238037109375
B,24,20,full_swap,200,0.0,0.9950000047683716,-7.7810959815979,-0.3935069143772125,17.231971740722656,33.900238037109375
B,25,20,helix,200,0.0,1.0,-7.791323661804199,-0.40371352434158325,7.5963625161286314,35.8732795715332
B,25,20,only_T2,200,0.0,0.9899999499320984,-7.8246750831604,-0.41269972920417786,0.0,35.8732795715332
B,25,20,only_T5,200,0.0,0.9899999499320984,-7.8246750831604,-0.41269972920417786,8.765371144029948e-15,35.8732795715332
B,25,20,only_T10,200,0.0,0.9899999499320984,-7.8246750831604,-0.41269972920417786,4.817112310668456e-15,35.8732795715332
B,25,20,only_T100,200,0.0,1.0,-7.833494663238525,-0.4051593542098999,6.852837504061272,35.8732795715332
B,25,20,only_lin,200,0.0,1.0,-7.781105995178223,-0.41155850887298584,5.170102435842396,35.8732795715332
B,25,20,random_orth,200,0.0,0.9950000047683716,-7.826302528381348,-0.41244184970855713,7.5963625161286314,35.8732795715332
B,25,20,real_diff_in_helix_subspace,200,0.0,0.9950000047683716,-7.789653301239014,-0.4027920365333557,9.153578287974772,35.8732795715332
B,25,20,full_swap,200,0.0,0.9950000047683716,-7.793813705444336,-0.3943808674812317,17.84035873413086,35.8732795715332
B,26,20,helix,200,0.0,1.0,-7.789930820465088,-0.40333738923072815,7.798168602969728,37.52058029174805
B,26,20,only_T2,200,0.0,0.9899999499320984,-7.8246750831604,-0.41269972920417786,0.0,37.52058029174805
B,26,20,only_T5,200,0.0,0.9899999499320984,-7.8246750831604,-0.41269972920417786,8.99214703675625e-15,37.52058029174805
B,26,20,only_T10,200,0.0,0.9899999499320984,-7.8246750831604,-0.41269972920417786,5.012602719458961e-15,37.52058029174805
B,26,20,only_T100,200,0.0,1.0,-7.831820964813232,-0.4057365953922272,7.027026714978034,37.52058029174805
B,26,20,only_lin,200,0.0,1.0,-7.7795329093933105,-0.4104464650154114,5.378140067417064,37.52058029174805
B,26,20,random_orth,200,0.0,0.9899999499320984,-7.830428123474121,-0.4129471480846405,7.798168602969728,37.52058029174805
B,26,20,real_diff_in_helix_subspace,200,0.0,0.9950000047683716,-7.79017972946167,-0.40258750319480896,9.488301221317199,37.52058029174805
B,26,20,full_swap,200,0.0,0.9950000047683716,-7.785857200622559,-0.39555084705352783,18.44002914428711,37.52058029174805
B,27,20,helix,200,0.0,1.0,-7.806202411651611,-0.40578123927116394,7.933232224475066,39.14484405517578
B,27,20,only_T2,200,0.0,0.9899999499320984,-7.8246750831604,-0.41269972920417786,0.0,39.14484405517578
B,27,20,only_T5,200,0.0,0.9899999499320984,-7.8246750831604,-0.41269972920417786,9.168086443680633e-15,39.14484405517578
B,27,20,only_T10,200,0.0,0.9899999499320984,-7.8246750831604,-0.41269972920417786,5.09949433904862e-15,39.14484405517578
B,27,20,only_T100,200,0.0,0.9899999499320984,-7.832098007202148,-0.40813472867012024,7.141320731211224,39.14484405517578
B,27,20,only_lin,200,0.0,1.0,-7.80180025100708,-0.410022109746933,5.547371920865107,39.14484405517578
B,27,20,random_orth,200,0.0,0.9950000047683716,-7.82436990737915,-0.4146980941295624,7.933232224475064,39.14484405517578
B,27,20,real_diff_in_helix_subspace,200,0.0,0.9899999499320984,-7.809586048126221,-0.40495961904525757,9.690104504385715,39.14484405517578
B,27,20,full_swap,200,0.0,0.9950000047683716,-7.809577465057373,-0.3999263644218445,18.850202560424805,39.14484405517578
B,28,20,helix,200,0.0,1.0,-7.806196212768555,-0.4061180651187897,8.054384962308538,42.11125946044922
B,28,20,only_T2,200,0.0,0.9899999499320984,-7.8246750831604,-0.41269972920417786,0.0,42.11125946044922
B,28,20,only_T5,200,0.0,0.9899999499320984,-7.8246750831604,-0.41269972920417786,9.346710555905124e-15,42.11125946044922
B,28,20,only_T10,200,0.0,0.9899999499320984,-7.8246750831604,-0.41269972920417786,5.2804904762775625e-15,42.11125946044922
B,28,20,only_T100,200,0.0,0.9899999499320984,-7.833289623260498,-0.4078121781349182,7.24655124627641,42.11125946044922
B,28,20,only_lin,200,0.0,0.9950000047683716,-7.801431655883789,-0.41118109226226807,5.70395490370063,42.11125946044922
B,28,20,random_orth,200,0.0,0.9899999499320984,-7.824632167816162,-0.41376402974128723,8.05438496230854,42.11125946044922
B,28,20,real_diff_in_helix_subspace,200,0.0,0.9899999499320984,-7.808853626251221,-0.40531066060066223,10.045030799733377,42.11125946044922
B,28,20,full_swap,200,0.0,0.9950000047683716,-7.80991268157959,-0.40071409940719604,19.4554386138916,42.11125946044922
B,29,20,helix,200,0.0,0.9950000047683716,-7.819692134857178,-0.41182494163513184,8.272517798947092,51.19813537597656
B,29,20,only_T2,200,0.0,0.9899999499320984,-7.8246750831604,-0.41269972920417786,0.0,51.19813537597656
B,29,20,only_T5,200,0.0,0.9899999499320984,-7.8246750831604,-0.41269972920417786,9.595876127739501e-15,51.19813537597656
B,29,20,only_T10,200,0.0,0.9899999499320984,-7.8246750831604,-0.41269972920417786,5.535654149805357e-15,51.19813537597656
B,29,20,only_T100,200,0.0,0.9899999499320984,-7.829928874969482,-0.41207632422447205,7.4302188658827575,51.19813537597656
B,29,20,only_lin,200,0.0,0.9899999499320984,-7.816286563873291,-0.412982314825058,5.932009541260783,51.19813537597656
B,29,20,random_orth,200,0.0,0.9899999499320984,-7.826000690460205,-0.4127757251262665,8.272517798947092,51.19813537597656
B,29,20,real_diff_in_helix_subspace,200,0.0,0.9899999499320984,-7.820651531219482,-0.41180288791656494,10.667237323460636,51.19813537597656
B,29,20,full_swap,200,0.0,0.9950000047683716,-7.820448875427246,-0.4106605350971222,20.363536834716797,51.19813537597656
B,30,20,helix,200,0.0,0.9899999499320984,-7.8222270011901855,-0.41469359397888184,8.514930827581983,63.568756103515625
B,30,20,only_T2,200,0.0,0.9899999499320984,-7.8246750831604,-0.41269972920417786,0.0,63.568756103515625
B,30,20,only_T5,200,0.0,0.9899999499320984,-7.8246750831604,-0.41269972920417786,9.878110116965772e-15,63.568756103515625
B,30,20,only_T10,200,0.0,0.9899999499320984,-7.8246750831604,-0.41269972920417786,5.886187885696041e-15,63.568756103515625
B,30,20,only_T100,200,0.0,0.9899999499320984,-7.827550888061523,-0.4125126600265503,7.634984602574048,63.568756103515625
B,30,20,only_lin,200,0.0,0.9899999499320984,-7.819382190704346,-0.4147789776325226,6.234187128802279,63.568756103515625
B,30,20,random_orth,200,0.0,0.9899999499320984,-7.827237606048584,-0.41263914108276367,8.514930827581981,63.568756103515625
B,30,20,real_diff_in_helix_subspace,200,0.0,0.9899999499320984,-7.8208184242248535,-0.4141899347305298,11.366151875785476,63.568756103515625
B,30,20,full_swap,200,0.0,0.9899999499320984,-7.822890281677246,-0.4133418798446655,21.340112686157227,63.568756103515625
B,31,20,helix,200,0.0,0.9899999499320984,-7.8246750831604,-0.41269972920417786,8.957377227584228,78.69917297363281
B,31,20,only_T2,200,0.0,0.9899999499320984,-7.8246750831604,-0.41269972920417786,0.0,78.69917297363281
B,31,20,only_T5,200,0.0,0.9899999499320984,-7.8246750831604,-0.41269972920417786,1.0336134086559079e-14,78.69917297363281
B,31,20,only_T10,200,0.0,0.9899999499320984,-7.8246750831604,-0.41269972920417786,6.173454052518996e-15,78.69917297363281
B,31,20,only_T100,200,0.0,0.9899999499320984,-7.8246750831604,-0.41269972920417786,7.844012324836169,78.69917297363281
B,31,20,only_lin,200,0.0,0.9899999499320984,-7.8246750831604,-0.41269972920417786,6.884001642971154,78.69917297363281
B,31,20,random_orth,200,0.0,0.9899999499320984,-7.8246750831604,-0.41269972920417786,8.957377227584228,78.69917297363281
B,31,20,real_diff_in_helix_subspace,200,0.0,0.9899999499320984,-7.8246750831604,-0.41269972920417786,12.16403876400796,78.69917297363281
B,31,20,full_swap,200,0.0,0.9899999499320984,-7.8246750831604,-0.41269972920417786,22.381675720214844,78.69917297363281
